path	type	value
	array	-
/0	object	-
/0/adapter_profile	null	null
/0/batch	integer	0
/0/case	string	lookup_getattr
/0/core_profile	null	null
/0/elapsed_ms	float	36.142818
/0/profiled	boolean	false
/0/scope	string	adapter-only, host cache warm, fresh inode tables; no guest kernel/VM
/0/trial	integer	0
/0/variant	string	baseline
/0/warmup	boolean	true
/1	object	-
/1/adapter_profile	null	null
/1/batch	integer	0
/1/case	string	lookup_getattr
/1/core_profile	null	null
/1/elapsed_ms	float	35.424397000000006
/1/profiled	boolean	false
/1/scope	string	adapter-only, host cache warm, fresh inode tables; no guest kernel/VM
/1/trial	integer	1
/1/variant	string	baseline
/1/warmup	boolean	true
/2	object	-
/2/adapter_profile	null	null
/2/batch	integer	0
/2/case	string	lookup_getattr
/2/core_profile	null	null
/2/elapsed_ms	float	37.20408
/2/profiled	boolean	false
/2/scope	string	adapter-only, host cache warm, fresh inode tables; no guest kernel/VM
/2/trial	integer	2
/2/variant	string	baseline
/2/warmup	boolean	false
/3	object	-
/3/adapter_profile	null	null
/3/batch	integer	0
/3/case	string	lookup_getattr
/3/core_profile	null	null
/3/elapsed_ms	float	35.339137
/3/profiled	boolean	false
/3/scope	string	adapter-only, host cache warm, fresh inode tables; no guest kernel/VM
/3/trial	integer	3
/3/variant	string	baseline
/3/warmup	boolean	false
/4	object	-
/4/adapter_profile	null	null
/4/batch	integer	0
/4/case	string	lookup_getattr
/4/core_profile	null	null
/4/elapsed_ms	float	37.249965
/4/profiled	boolean	false
/4/scope	string	adapter-only, host cache warm, fresh inode tables; no guest kernel/VM
/4/trial	integer	4
/4/variant	string	baseline
/4/warmup	boolean	false
/5	object	-
/5/adapter_profile	null	null
/5/batch	integer	0
/5/case	string	lookup_getattr
/5/core_profile	null	null
/5/elapsed_ms	float	36.961417000000004
/5/profiled	boolean	false
/5/scope	string	adapter-only, host cache warm, fresh inode tables; no guest kernel/VM
/5/trial	integer	5
/5/variant	string	baseline
/5/warmup	boolean	false
/6	object	-
/6/adapter_profile	null	null
/6/batch	integer	0
/6/case	string	lookup_getattr
/6/core_profile	null	null
/6/elapsed_ms	float	36.002215
/6/profiled	boolean	false
/6/scope	string	adapter-only, host cache warm, fresh inode tables; no guest kernel/VM
/6/trial	integer	6
/6/variant	string	baseline
/6/warmup	boolean	false
/7	object	-
/7/adapter_profile	null	null
/7/batch	integer	0
/7/case	string	lookup_getattr
/7/core_profile	null	null
/7/elapsed_ms	float	35.921966
/7/profiled	boolean	false
/7/scope	string	adapter-only, host cache warm, fresh inode tables; no guest kernel/VM
/7/trial	integer	7
/7/variant	string	baseline
/7/warmup	boolean	false
/8	object	-
/8/adapter_profile	null	null
/8/batch	integer	0
/8/case	string	lookup_getattr
/8/core_profile	null	null
/8/elapsed_ms	float	36.036970000000004
/8/profiled	boolean	false
/8/scope	string	adapter-only, host cache warm, fresh inode tables; no guest kernel/VM
/8/trial	integer	8
/8/variant	string	baseline
/8/warmup	boolean	false
/9	object	-
/9/adapter_profile	null	null
/9/batch	integer	0
/9/case	string	lookup_getattr
/9/core_profile	null	null
/9/elapsed_ms	float	35.998208
/9/profiled	boolean	false
/9/scope	string	adapter-only, host cache warm, fresh inode tables; no guest kernel/VM
/9/trial	integer	9
/9/variant	string	baseline
/9/warmup	boolean	false
/10	object	-
/10/adapter_profile	object	-
/10/adapter_profile/component	string	virtio-fs-overlay
/10/adapter_profile/final_record	boolean	false
/10/adapter_profile/inclusive_spans	boolean	true
/10/adapter_profile/instance	integer	1
/10/adapter_profile/measurements	object	-
/10/adapter_profile/measurements/backing_lookup	object	-
/10/adapter_profile/measurements/backing_lookup/calls	integer	4160
/10/adapter_profile/measurements/backing_lookup/latency_buckets	array	-
/10/adapter_profile/measurements/backing_lookup/latency_buckets/0	integer	4160
/10/adapter_profile/measurements/backing_lookup/latency_buckets/1	integer	0
/10/adapter_profile/measurements/backing_lookup/latency_buckets/2	integer	0
/10/adapter_profile/measurements/backing_lookup/latency_buckets/3	integer	0
/10/adapter_profile/measurements/backing_lookup/latency_buckets/4	integer	0
/10/adapter_profile/measurements/backing_lookup/max_ns	integer	2334
/10/adapter_profile/measurements/backing_lookup/total_ns	integer	1992731
/10/adapter_profile/measurements/backing_lookup/units	integer	0
/10/adapter_profile/measurements/directory_cache_deep_hits	object	-
/10/adapter_profile/measurements/directory_cache_deep_hits/calls	integer	0
/10/adapter_profile/measurements/directory_cache_deep_hits/latency_buckets	array	-
/10/adapter_profile/measurements/directory_cache_deep_hits/latency_buckets/0	integer	0
/10/adapter_profile/measurements/directory_cache_deep_hits/latency_buckets/1	integer	0
/10/adapter_profile/measurements/directory_cache_deep_hits/latency_buckets/2	integer	0
/10/adapter_profile/measurements/directory_cache_deep_hits/latency_buckets/3	integer	0
/10/adapter_profile/measurements/directory_cache_deep_hits/latency_buckets/4	integer	0
/10/adapter_profile/measurements/directory_cache_deep_hits/max_ns	integer	0
/10/adapter_profile/measurements/directory_cache_deep_hits/total_ns	integer	0
/10/adapter_profile/measurements/directory_cache_deep_hits/units	integer	4064
/10/adapter_profile/measurements/directory_cache_misses	object	-
/10/adapter_profile/measurements/directory_cache_misses/calls	integer	0
/10/adapter_profile/measurements/directory_cache_misses/latency_buckets	array	-
/10/adapter_profile/measurements/directory_cache_misses/latency_buckets/0	integer	0
/10/adapter_profile/measurements/directory_cache_misses/latency_buckets/1	integer	0
/10/adapter_profile/measurements/directory_cache_misses/latency_buckets/2	integer	0
/10/adapter_profile/measurements/directory_cache_misses/latency_buckets/3	integer	0
/10/adapter_profile/measurements/directory_cache_misses/latency_buckets/4	integer	0
/10/adapter_profile/measurements/directory_cache_misses/max_ns	integer	0
/10/adapter_profile/measurements/directory_cache_misses/total_ns	integer	0
/10/adapter_profile/measurements/directory_cache_misses/units	integer	32
/10/adapter_profile/measurements/entry	object	-
/10/adapter_profile/measurements/entry/calls	integer	4128
/10/adapter_profile/measurements/entry/latency_buckets	array	-
/10/adapter_profile/measurements/entry/latency_buckets/0	integer	4128
/10/adapter_profile/measurements/entry/latency_buckets/1	integer	0
/10/adapter_profile/measurements/entry/latency_buckets/2	integer	0
/10/adapter_profile/measurements/entry/latency_buckets/3	integer	0
/10/adapter_profile/measurements/entry/latency_buckets/4	integer	0
/10/adapter_profile/measurements/entry/max_ns	integer	818157
/10/adapter_profile/measurements/entry/total_ns	integer	4929386
/10/adapter_profile/measurements/entry/units	integer	0
/10/adapter_profile/measurements/getattr	object	-
/10/adapter_profile/measurements/getattr/calls	integer	2048
/10/adapter_profile/measurements/getattr/latency_buckets	array	-
/10/adapter_profile/measurements/getattr/latency_buckets/0	integer	2048
/10/adapter_profile/measurements/getattr/latency_buckets/1	integer	0
/10/adapter_profile/measurements/getattr/latency_buckets/2	integer	0
/10/adapter_profile/measurements/getattr/latency_buckets/3	integer	0
/10/adapter_profile/measurements/getattr/latency_buckets/4	integer	0
/10/adapter_profile/measurements/getattr/max_ns	integer	833797
/10/adapter_profile/measurements/getattr/total_ns	integer	20555443
/10/adapter_profile/measurements/getattr/units	integer	0
/10/adapter_profile/measurements/inner_inode	object	-
/10/adapter_profile/measurements/inner_inode/calls	integer	4128
/10/adapter_profile/measurements/inner_inode/latency_buckets	array	-
/10/adapter_profile/measurements/inner_inode/latency_buckets/0	integer	4128
/10/adapter_profile/measurements/inner_inode/latency_buckets/1	integer	0
/10/adapter_profile/measurements/inner_inode/latency_buckets/2	integer	0
/10/adapter_profile/measurements/inner_inode/latency_buckets/3	integer	0
/10/adapter_profile/measurements/inner_inode/latency_buckets/4	integer	0
/10/adapter_profile/measurements/inner_inode/max_ns	integer	3347
/10/adapter_profile/measurements/inner_inode/total_ns	integer	2993645
/10/adapter_profile/measurements/inner_inode/units	integer	0
/10/adapter_profile/measurements/lookup	object	-
/10/adapter_profile/measurements/lookup/calls	integer	2080
/10/adapter_profile/measurements/lookup/latency_buckets	array	-
/10/adapter_profile/measurements/lookup/latency_buckets/0	integer	2080
/10/adapter_profile/measurements/lookup/latency_buckets/1	integer	0
/10/adapter_profile/measurements/lookup/latency_buckets/2	integer	0
/10/adapter_profile/measurements/lookup/latency_buckets/3	integer	0
/10/adapter_profile/measurements/lookup/latency_buckets/4	integer	0
/10/adapter_profile/measurements/lookup/max_ns	integer	93595
/10/adapter_profile/measurements/lookup/total_ns	integer	18821247
/10/adapter_profile/measurements/lookup/units	integer	0
/10/adapter_profile/pid	integer	107
/10/adapter_profile/schema	integer	2
/10/batch	integer	0
/10/case	string	lookup_getattr
/10/core_profile	object	-
/10/core_profile/component	string	overlay-core
/10/core_profile/final_record	boolean	false
/10/core_profile/inclusive_spans	boolean	true
/10/core_profile/instance	integer	2
/10/core_profile/measurements	object	-
/10/core_profile/measurements/layer_leaf_stats	object	-
/10/core_profile/measurements/layer_leaf_stats/calls	integer	0
/10/core_profile/measurements/layer_leaf_stats/latency_buckets	array	-
/10/core_profile/measurements/layer_leaf_stats/latency_buckets/0	integer	0
/10/core_profile/measurements/layer_leaf_stats/latency_buckets/1	integer	0
/10/core_profile/measurements/layer_leaf_stats/latency_buckets/2	integer	0
/10/core_profile/measurements/layer_leaf_stats/latency_buckets/3	integer	0
/10/core_profile/measurements/layer_leaf_stats/latency_buckets/4	integer	0
/10/core_profile/measurements/layer_leaf_stats/max_ns	integer	0
/10/core_profile/measurements/layer_leaf_stats/total_ns	integer	0
/10/core_profile/measurements/layer_leaf_stats/units	integer	12352
/10/core_profile/measurements/layer_parent_stats	object	-
/10/core_profile/measurements/layer_parent_stats/calls	integer	0
/10/core_profile/measurements/layer_parent_stats/latency_buckets	array	-
/10/core_profile/measurements/layer_parent_stats/latency_buckets/0	integer	0
/10/core_profile/measurements/layer_parent_stats/latency_buckets/1	integer	0
/10/core_profile/measurements/layer_parent_stats/latency_buckets/2	integer	0
/10/core_profile/measurements/layer_parent_stats/latency_buckets/3	integer	0
/10/core_profile/measurements/layer_parent_stats/latency_buckets/4	integer	0
/10/core_profile/measurements/layer_parent_stats/max_ns	integer	0
/10/core_profile/measurements/layer_parent_stats/total_ns	integer	0
/10/core_profile/measurements/layer_parent_stats/units	integer	8192
/10/core_profile/measurements/metadata	object	-
/10/core_profile/measurements/metadata/calls	integer	4128
/10/core_profile/measurements/metadata/latency_buckets	array	-
/10/core_profile/measurements/metadata/latency_buckets/0	integer	4128
/10/core_profile/measurements/metadata/latency_buckets/1	integer	0
/10/core_profile/measurements/metadata/latency_buckets/2	integer	0
/10/core_profile/measurements/metadata/latency_buckets/3	integer	0
/10/core_profile/measurements/metadata/latency_buckets/4	integer	0
/10/core_profile/measurements/metadata/max_ns	integer	832124
/10/core_profile/measurements/metadata/total_ns	integer	32896168
/10/core_profile/measurements/metadata/units	integer	0
/10/core_profile/measurements/mount_identity_attempts	object	-
/10/core_profile/measurements/mount_identity_attempts/calls	integer	0
/10/core_profile/measurements/mount_identity_attempts/latency_buckets	array	-
/10/core_profile/measurements/mount_identity_attempts/latency_buckets/0	integer	0
/10/core_profile/measurements/mount_identity_attempts/latency_buckets/1	integer	0
/10/core_profile/measurements/mount_identity_attempts/latency_buckets/2	integer	0
/10/core_profile/measurements/mount_identity_attempts/latency_buckets/3	integer	0
/10/core_profile/measurements/mount_identity_attempts/latency_buckets/4	integer	0
/10/core_profile/measurements/mount_identity_attempts/max_ns	integer	0
/10/core_profile/measurements/mount_identity_attempts/total_ns	integer	0
/10/core_profile/measurements/mount_identity_attempts/units	integer	4096
/10/core_profile/measurements/opaque_probe	object	-
/10/core_profile/measurements/opaque_probe/calls	integer	8224
/10/core_profile/measurements/opaque_probe/latency_buckets	array	-
/10/core_profile/measurements/opaque_probe/latency_buckets/0	integer	8224
/10/core_profile/measurements/opaque_probe/latency_buckets/1	integer	0
/10/core_profile/measurements/opaque_probe/latency_buckets/2	integer	0
/10/core_profile/measurements/opaque_probe/latency_buckets/3	integer	0
/10/core_profile/measurements/opaque_probe/latency_buckets/4	integer	0
/10/core_profile/measurements/opaque_probe/max_ns	integer	614507
/10/core_profile/measurements/opaque_probe/total_ns	integer	8894016
/10/core_profile/measurements/opaque_probe/units	integer	0
/10/core_profile/measurements/resolve	object	-
/10/core_profile/measurements/resolve/calls	integer	4128
/10/core_profile/measurements/resolve/latency_buckets	array	-
/10/core_profile/measurements/resolve/latency_buckets/0	integer	4128
/10/core_profile/measurements/resolve/latency_buckets/1	integer	0
/10/core_profile/measurements/resolve/latency_buckets/2	integer	0
/10/core_profile/measurements/resolve/latency_buckets/3	integer	0
/10/core_profile/measurements/resolve/latency_buckets/4	integer	0
/10/core_profile/measurements/resolve/max_ns	integer	832044
/10/core_profile/measurements/resolve/total_ns	integer	32583104
/10/core_profile/measurements/resolve/units	integer	0
/10/core_profile/measurements/resolve_components	object	-
/10/core_profile/measurements/resolve_components/calls	integer	0
/10/core_profile/measurements/resolve_components/latency_buckets	array	-
/10/core_profile/measurements/resolve_components/latency_buckets/0	integer	0
/10/core_profile/measurements/resolve_components/latency_buckets/1	integer	0
/10/core_profile/measurements/resolve_components/latency_buckets/2	integer	0
/10/core_profile/measurements/resolve_components/latency_buckets/3	integer	0
/10/core_profile/measurements/resolve_components/latency_buckets/4	integer	0
/10/core_profile/measurements/resolve_components/max_ns	integer	0
/10/core_profile/measurements/resolve_components/total_ns	integer	0
/10/core_profile/measurements/resolve_components/units	integer	8224
/10/core_profile/measurements/whiteout_probe	object	-
/10/core_profile/measurements/whiteout_probe/calls	integer	8224
/10/core_profile/measurements/whiteout_probe/latency_buckets	array	-
/10/core_profile/measurements/whiteout_probe/latency_buckets/0	integer	8224
/10/core_profile/measurements/whiteout_probe/latency_buckets/1	integer	0
/10/core_profile/measurements/whiteout_probe/latency_buckets/2	integer	0
/10/core_profile/measurements/whiteout_probe/latency_buckets/3	integer	0
/10/core_profile/measurements/whiteout_probe/latency_buckets/4	integer	0
/10/core_profile/measurements/whiteout_probe/max_ns	integer	20217
/10/core_profile/measurements/whiteout_probe/total_ns	integer	5286773
/10/core_profile/measurements/whiteout_probe/units	integer	0
/10/core_profile/pid	integer	107
/10/core_profile/schema	integer	2
/10/elapsed_ms	float	39.752416
/10/profiled	boolean	true
/10/scope	string	adapter-only, host cache warm, fresh inode tables; no guest kernel/VM
/10/trial	integer	10
/10/variant	string	baseline
/10/warmup	boolean	false
/11	object	-
/11/adapter_profile	null	null
/11/batch	integer	0
/11/case	string	lookup_open_getattr
/11/core_profile	null	null
/11/elapsed_ms	float	37.481998000000004
/11/profiled	boolean	false
/11/scope	string	adapter-only, host cache warm, fresh inode tables; no guest kernel/VM
/11/trial	integer	0
/11/variant	string	baseline
/11/warmup	boolean	true
/12	object	-
/12/adapter_profile	null	null
/12/batch	integer	0
/12/case	string	lookup_open_getattr
/12/core_profile	null	null
/12/elapsed_ms	float	38.420922000000004
/12/profiled	boolean	false
/12/scope	string	adapter-only, host cache warm, fresh inode tables; no guest kernel/VM
/12/trial	integer	1
/12/variant	string	baseline
/12/warmup	boolean	true
/13	object	-
/13/adapter_profile	null	null
/13/batch	integer	0
/13/case	string	lookup_open_getattr
/13/core_profile	null	null
/13/elapsed_ms	float	37.884701
/13/profiled	boolean	false
/13/scope	string	adapter-only, host cache warm, fresh inode tables; no guest kernel/VM
/13/trial	integer	2
/13/variant	string	baseline
/13/warmup	boolean	false
/14	object	-
/14/adapter_profile	null	null
/14/batch	integer	0
/14/case	string	lookup_open_getattr
/14/core_profile	null	null
/14/elapsed_ms	float	39.090201
/14/profiled	boolean	false
/14/scope	string	adapter-only, host cache warm, fresh inode tables; no guest kernel/VM
/14/trial	integer	3
/14/variant	string	baseline
/14/warmup	boolean	false
/15	object	-
/15/adapter_profile	null	null
/15/batch	integer	0
/15/case	string	lookup_open_getattr
/15/core_profile	null	null
/15/elapsed_ms	float	38.368383
/15/profiled	boolean	false
/15/scope	string	adapter-only, host cache warm, fresh inode tables; no guest kernel/VM
/15/trial	integer	4
/15/variant	string	baseline
/15/warmup	boolean	false
/16	object	-
/16/adapter_profile	null	null
/16/batch	integer	0
/16/case	string	lookup_open_getattr
/16/core_profile	null	null
/16/elapsed_ms	float	38.044608000000004
/16/profiled	boolean	false
/16/scope	string	adapter-only, host cache warm, fresh inode tables; no guest kernel/VM
/16/trial	integer	5
/16/variant	string	baseline
/16/warmup	boolean	false
/17	object	-
/17/adapter_profile	null	null
/17/batch	integer	0
/17/case	string	lookup_open_getattr
/17/core_profile	null	null
/17/elapsed_ms	float	38.568436999999996
/17/profiled	boolean	false
/17/scope	string	adapter-only, host cache warm, fresh inode tables; no guest kernel/VM
/17/trial	integer	6
/17/variant	string	baseline
/17/warmup	boolean	false
/18	object	-
/18/adapter_profile	null	null
/18/batch	integer	0
/18/case	string	lookup_open_getattr
/18/core_profile	null	null
/18/elapsed_ms	float	38.453562
/18/profiled	boolean	false
/18/scope	string	adapter-only, host cache warm, fresh inode tables; no guest kernel/VM
/18/trial	integer	7
/18/variant	string	baseline
/18/warmup	boolean	false
/19	object	-
/19/adapter_profile	null	null
/19/batch	integer	0
/19/case	string	lookup_open_getattr
/19/core_profile	null	null
/19/elapsed_ms	float	37.068616
/19/profiled	boolean	false
/19/scope	string	adapter-only, host cache warm, fresh inode tables; no guest kernel/VM
/19/trial	integer	8
/19/variant	string	baseline
/19/warmup	boolean	false
/20	object	-
/20/adapter_profile	null	null
/20/batch	integer	0
/20/case	string	lookup_open_getattr
/20/core_profile	null	null
/20/elapsed_ms	float	39.142899
/20/profiled	boolean	false
/20/scope	string	adapter-only, host cache warm, fresh inode tables; no guest kernel/VM
/20/trial	integer	9
/20/variant	string	baseline
/20/warmup	boolean	false
/21	object	-
/21/adapter_profile	object	-
/21/adapter_profile/component	string	virtio-fs-overlay
/21/adapter_profile/final_record	boolean	false
/21/adapter_profile/inclusive_spans	boolean	true
/21/adapter_profile/instance	integer	3
/21/adapter_profile/measurements	object	-
/21/adapter_profile/measurements/backing_lookup	object	-
/21/adapter_profile/measurements/backing_lookup/calls	integer	4160
/21/adapter_profile/measurements/backing_lookup/latency_buckets	array	-
/21/adapter_profile/measurements/backing_lookup/latency_buckets/0	integer	4160
/21/adapter_profile/measurements/backing_lookup/latency_buckets/1	integer	0
/21/adapter_profile/measurements/backing_lookup/latency_buckets/2	integer	0
/21/adapter_profile/measurements/backing_lookup/latency_buckets/3	integer	0
/21/adapter_profile/measurements/backing_lookup/latency_buckets/4	integer	0
/21/adapter_profile/measurements/backing_lookup/max_ns	integer	1703
/21/adapter_profile/measurements/backing_lookup/total_ns	integer	1998782
/21/adapter_profile/measurements/backing_lookup/units	integer	0
/21/adapter_profile/measurements/directory_cache_deep_hits	object	-
/21/adapter_profile/measurements/directory_cache_deep_hits/calls	integer	0
/21/adapter_profile/measurements/directory_cache_deep_hits/latency_buckets	array	-
/21/adapter_profile/measurements/directory_cache_deep_hits/latency_buckets/0	integer	0
/21/adapter_profile/measurements/directory_cache_deep_hits/latency_buckets/1	integer	0
/21/adapter_profile/measurements/directory_cache_deep_hits/latency_buckets/2	integer	0
/21/adapter_profile/measurements/directory_cache_deep_hits/latency_buckets/3	integer	0
/21/adapter_profile/measurements/directory_cache_deep_hits/latency_buckets/4	integer	0
/21/adapter_profile/measurements/directory_cache_deep_hits/max_ns	integer	0
/21/adapter_profile/measurements/directory_cache_deep_hits/total_ns	integer	0
/21/adapter_profile/measurements/directory_cache_deep_hits/units	integer	4064
/21/adapter_profile/measurements/directory_cache_misses	object	-
/21/adapter_profile/measurements/directory_cache_misses/calls	integer	0
/21/adapter_profile/measurements/directory_cache_misses/latency_buckets	array	-
/21/adapter_profile/measurements/directory_cache_misses/latency_buckets/0	integer	0
/21/adapter_profile/measurements/directory_cache_misses/latency_buckets/1	integer	0
/21/adapter_profile/measurements/directory_cache_misses/latency_buckets/2	integer	0
/21/adapter_profile/measurements/directory_cache_misses/latency_buckets/3	integer	0
/21/adapter_profile/measurements/directory_cache_misses/latency_buckets/4	integer	0
/21/adapter_profile/measurements/directory_cache_misses/max_ns	integer	0
/21/adapter_profile/measurements/directory_cache_misses/total_ns	integer	0
/21/adapter_profile/measurements/directory_cache_misses/units	integer	32
/21/adapter_profile/measurements/entry	object	-
/21/adapter_profile/measurements/entry/calls	integer	2080
/21/adapter_profile/measurements/entry/latency_buckets	array	-
/21/adapter_profile/measurements/entry/latency_buckets/0	integer	2080
/21/adapter_profile/measurements/entry/latency_buckets/1	integer	0
/21/adapter_profile/measurements/entry/latency_buckets/2	integer	0
/21/adapter_profile/measurements/entry/latency_buckets/3	integer	0
/21/adapter_profile/measurements/entry/latency_buckets/4	integer	0
/21/adapter_profile/measurements/entry/max_ns	integer	315459
/21/adapter_profile/measurements/entry/total_ns	integer	2431035
/21/adapter_profile/measurements/entry/units	integer	0
/21/adapter_profile/measurements/getattr	object	-
/21/adapter_profile/measurements/getattr/calls	integer	2048
/21/adapter_profile/measurements/getattr/latency_buckets	array	-
/21/adapter_profile/measurements/getattr/latency_buckets/0	integer	2048
/21/adapter_profile/measurements/getattr/latency_buckets/1	integer	0
/21/adapter_profile/measurements/getattr/latency_buckets/2	integer	0
/21/adapter_profile/measurements/getattr/latency_buckets/3	integer	0
/21/adapter_profile/measurements/getattr/latency_buckets/4	integer	0
/21/adapter_profile/measurements/getattr/max_ns	integer	701029
/21/adapter_profile/measurements/getattr/total_ns	integer	1150209
/21/adapter_profile/measurements/getattr/units	integer	0
/21/adapter_profile/measurements/inner_inode	object	-
/21/adapter_profile/measurements/inner_inode/calls	integer	4128
/21/adapter_profile/measurements/inner_inode/latency_buckets	array	-
/21/adapter_profile/measurements/inner_inode/latency_buckets/0	integer	4128
/21/adapter_profile/measurements/inner_inode/latency_buckets/1	integer	0
/21/adapter_profile/measurements/inner_inode/latency_buckets/2	integer	0
/21/adapter_profile/measurements/inner_inode/latency_buckets/3	integer	0
/21/adapter_profile/measurements/inner_inode/latency_buckets/4	integer	0
/21/adapter_profile/measurements/inner_inode/max_ns	integer	315168
/21/adapter_profile/measurements/inner_inode/total_ns	integer	3280488
/21/adapter_profile/measurements/inner_inode/units	integer	0
/21/adapter_profile/measurements/lookup	object	-
/21/adapter_profile/measurements/lookup/calls	integer	2080
/21/adapter_profile/measurements/lookup/latency_buckets	array	-
/21/adapter_profile/measurements/lookup/latency_buckets/0	integer	2080
/21/adapter_profile/measurements/lookup/latency_buckets/1	integer	0
/21/adapter_profile/measurements/lookup/latency_buckets/2	integer	0
/21/adapter_profile/measurements/lookup/latency_buckets/3	integer	0
/21/adapter_profile/measurements/lookup/latency_buckets/4	integer	0
/21/adapter_profile/measurements/lookup/max_ns	integer	323744
/21/adapter_profile/measurements/lookup/total_ns	integer	19430783
/21/adapter_profile/measurements/lookup/units	integer	0
/21/adapter_profile/measurements/open	object	-
/21/adapter_profile/measurements/open/calls	integer	2048
/21/adapter_profile/measurements/open/latency_buckets	array	-
/21/adapter_profile/measurements/open/latency_buckets/0	integer	2048
/21/adapter_profile/measurements/open/latency_buckets/1	integer	0
/21/adapter_profile/measurements/open/latency_buckets/2	integer	0
/21/adapter_profile/measurements/open/latency_buckets/3	integer	0
/21/adapter_profile/measurements/open/latency_buckets/4	integer	0
/21/adapter_profile/measurements/open/max_ns	integer	900841
/21/adapter_profile/measurements/open/total_ns	integer	19543418
/21/adapter_profile/measurements/open/units	integer	0
/21/adapter_profile/pid	integer	107
/21/adapter_profile/schema	integer	2
/21/batch	integer	0
/21/case	string	lookup_open_getattr
/21/core_profile	object	-
/21/core_profile/component	string	overlay-core
/21/core_profile/final_record	boolean	false
/21/core_profile/inclusive_spans	boolean	true
/21/core_profile/instance	integer	4
/21/core_profile/measurements	object	-
/21/core_profile/measurements/layer_leaf_stats	object	-
/21/core_profile/measurements/layer_leaf_stats/calls	integer	0
/21/core_profile/measurements/layer_leaf_stats/latency_buckets	array	-
/21/core_profile/measurements/layer_leaf_stats/latency_buckets/0	integer	0
/21/core_profile/measurements/layer_leaf_stats/latency_buckets/1	integer	0
/21/core_profile/measurements/layer_leaf_stats/latency_buckets/2	integer	0
/21/core_profile/measurements/layer_leaf_stats/latency_buckets/3	integer	0
/21/core_profile/measurements/layer_leaf_stats/latency_buckets/4	integer	0
/21/core_profile/measurements/layer_leaf_stats/max_ns	integer	0
/21/core_profile/measurements/layer_leaf_stats/total_ns	integer	0
/21/core_profile/measurements/layer_leaf_stats/units	integer	12352
/21/core_profile/measurements/layer_parent_stats	object	-
/21/core_profile/measurements/layer_parent_stats/calls	integer	0
/21/core_profile/measurements/layer_parent_stats/latency_buckets	array	-
/21/core_profile/measurements/layer_parent_stats/latency_buckets/0	integer	0
/21/core_profile/measurements/layer_parent_stats/latency_buckets/1	integer	0
/21/core_profile/measurements/layer_parent_stats/latency_buckets/2	integer	0
/21/core_profile/measurements/layer_parent_stats/latency_buckets/3	integer	0
/21/core_profile/measurements/layer_parent_stats/latency_buckets/4	integer	0
/21/core_profile/measurements/layer_parent_stats/max_ns	integer	0
/21/core_profile/measurements/layer_parent_stats/total_ns	integer	0
/21/core_profile/measurements/layer_parent_stats/units	integer	8192
/21/core_profile/measurements/metadata	object	-
/21/core_profile/measurements/metadata/calls	integer	4128
/21/core_profile/measurements/metadata/latency_buckets	array	-
/21/core_profile/measurements/metadata/latency_buckets/0	integer	4128
/21/core_profile/measurements/metadata/latency_buckets/1	integer	0
/21/core_profile/measurements/metadata/latency_buckets/2	integer	0
/21/core_profile/measurements/metadata/latency_buckets/3	integer	0
/21/core_profile/measurements/metadata/latency_buckets/4	integer	0
/21/core_profile/measurements/metadata/max_ns	integer	898277
/21/core_profile/measurements/metadata/total_ns	integer	31889997
/21/core_profile/measurements/metadata/units	integer	0
/21/core_profile/measurements/mount_identity_attempts	object	-
/21/core_profile/measurements/mount_identity_attempts/calls	integer	0
/21/core_profile/measurements/mount_identity_attempts/latency_buckets	array	-
/21/core_profile/measurements/mount_identity_attempts/latency_buckets/0	integer	0
/21/core_profile/measurements/mount_identity_attempts/latency_buckets/1	integer	0
/21/core_profile/measurements/mount_identity_attempts/latency_buckets/2	integer	0
/21/core_profile/measurements/mount_identity_attempts/latency_buckets/3	integer	0
/21/core_profile/measurements/mount_identity_attempts/latency_buckets/4	integer	0
/21/core_profile/measurements/mount_identity_attempts/max_ns	integer	0
/21/core_profile/measurements/mount_identity_attempts/total_ns	integer	0
/21/core_profile/measurements/mount_identity_attempts/units	integer	4096
/21/core_profile/measurements/observe_read	object	-
/21/core_profile/measurements/observe_read/calls	integer	2048
/21/core_profile/measurements/observe_read/latency_buckets	array	-
/21/core_profile/measurements/observe_read/latency_buckets/0	integer	2048
/21/core_profile/measurements/observe_read/latency_buckets/1	integer	0
/21/core_profile/measurements/observe_read/latency_buckets/2	integer	0
/21/core_profile/measurements/observe_read/latency_buckets/3	integer	0
/21/core_profile/measurements/observe_read/latency_buckets/4	integer	0
/21/core_profile/measurements/observe_read/max_ns	integer	898357
/21/core_profile/measurements/observe_read/total_ns	integer	16191360
/21/core_profile/measurements/observe_read/units	integer	0
/21/core_profile/measurements/opaque_probe	object	-
/21/core_profile/measurements/opaque_probe/calls	integer	8224
/21/core_profile/measurements/opaque_probe/latency_buckets	array	-
/21/core_profile/measurements/opaque_probe/latency_buckets/0	integer	8224
/21/core_profile/measurements/opaque_probe/latency_buckets/1	integer	0
/21/core_profile/measurements/opaque_probe/latency_buckets/2	integer	0
/21/core_profile/measurements/opaque_probe/latency_buckets/3	integer	0
/21/core_profile/measurements/opaque_probe/latency_buckets/4	integer	0
/21/core_profile/measurements/opaque_probe/max_ns	integer	236282
/21/core_profile/measurements/opaque_probe/total_ns	integer	8408602
/21/core_profile/measurements/opaque_probe/units	integer	0
/21/core_profile/measurements/resolve	object	-
/21/core_profile/measurements/resolve/calls	integer	4128
/21/core_profile/measurements/resolve/latency_buckets	array	-
/21/core_profile/measurements/resolve/latency_buckets/0	integer	4128
/21/core_profile/measurements/resolve/latency_buckets/1	integer	0
/21/core_profile/measurements/resolve/latency_buckets/2	integer	0
/21/core_profile/measurements/resolve/latency_buckets/3	integer	0
/21/core_profile/measurements/resolve/latency_buckets/4	integer	0
/21/core_profile/measurements/resolve/max_ns	integer	898187
/21/core_profile/measurements/resolve/total_ns	integer	31572339
/21/core_profile/measurements/resolve/units	integer	0
/21/core_profile/measurements/resolve_components	object	-
/21/core_profile/measurements/resolve_components/calls	integer	0
/21/core_profile/measurements/resolve_components/latency_buckets	array	-
/21/core_profile/measurements/resolve_components/latency_buckets/0	integer	0
/21/core_profile/measurements/resolve_components/latency_buckets/1	integer	0
/21/core_profile/measurements/resolve_components/latency_buckets/2	integer	0
/21/core_profile/measurements/resolve_components/latency_buckets/3	integer	0
/21/core_profile/measurements/resolve_components/latency_buckets/4	integer	0
/21/core_profile/measurements/resolve_components/max_ns	integer	0
/21/core_profile/measurements/resolve_components/total_ns	integer	0
/21/core_profile/measurements/resolve_components/units	integer	8224
/21/core_profile/measurements/whiteout_probe	object	-
/21/core_profile/measurements/whiteout_probe/calls	integer	8224
/21/core_profile/measurements/whiteout_probe/latency_buckets	array	-
/21/core_profile/measurements/whiteout_probe/latency_buckets/0	integer	8224
/21/core_profile/measurements/whiteout_probe/latency_buckets/1	integer	0
/21/core_profile/measurements/whiteout_probe/latency_buckets/2	integer	0
/21/core_profile/measurements/whiteout_probe/latency_buckets/3	integer	0
/21/core_profile/measurements/whiteout_probe/latency_buckets/4	integer	0
/21/core_profile/measurements/whiteout_probe/max_ns	integer	18314
/21/core_profile/measurements/whiteout_probe/total_ns	integer	5234840
/21/core_profile/measurements/whiteout_probe/units	integer	0
/21/core_profile/pid	integer	107
/21/core_profile/schema	integer	2
/21/elapsed_ms	float	41.697047
/21/profiled	boolean	true
/21/scope	string	adapter-only, host cache warm, fresh inode tables; no guest kernel/VM
/21/trial	integer	10
/21/variant	string	baseline
/21/warmup	boolean	false
/22	object	-
/22/adapter_profile	null	null
/22/batch	integer	0
/22/case	string	deep_lookup_open_getattr
/22/core_profile	null	null
/22/elapsed_ms	float	198.367749
/22/profiled	boolean	false
/22/scope	string	adapter-only, host cache warm, fresh inode tables; no guest kernel/VM
/22/trial	integer	0
/22/variant	string	baseline
/22/warmup	boolean	true
/23	object	-
/23/adapter_profile	null	null
/23/batch	integer	0
/23/case	string	deep_lookup_open_getattr
/23/core_profile	null	null
/23/elapsed_ms	float	169.09105
/23/profiled	boolean	false
/23/scope	string	adapter-only, host cache warm, fresh inode tables; no guest kernel/VM
/23/trial	integer	1
/23/variant	string	baseline
/23/warmup	boolean	true
/24	object	-
/24/adapter_profile	null	null
/24/batch	integer	0
/24/case	string	deep_lookup_open_getattr
/24/core_profile	null	null
/24/elapsed_ms	float	169.398805
/24/profiled	boolean	false
/24/scope	string	adapter-only, host cache warm, fresh inode tables; no guest kernel/VM
/24/trial	integer	2
/24/variant	string	baseline
/24/warmup	boolean	false
/25	object	-
/25/adapter_profile	null	null
/25/batch	integer	0
/25/case	string	deep_lookup_open_getattr
/25/core_profile	null	null
/25/elapsed_ms	float	170.824376
/25/profiled	boolean	false
/25/scope	string	adapter-only, host cache warm, fresh inode tables; no guest kernel/VM
/25/trial	integer	3
/25/variant	string	baseline
/25/warmup	boolean	false
/26	object	-
/26/adapter_profile	null	null
/26/batch	integer	0
/26/case	string	deep_lookup_open_getattr
/26/core_profile	null	null
/26/elapsed_ms	float	170.382861
/26/profiled	boolean	false
/26/scope	string	adapter-only, host cache warm, fresh inode tables; no guest kernel/VM
/26/trial	integer	4
/26/variant	string	baseline
/26/warmup	boolean	false
/27	object	-
/27/adapter_profile	null	null
/27/batch	integer	0
/27/case	string	deep_lookup_open_getattr
/27/core_profile	null	null
/27/elapsed_ms	float	171.69334899999998
/27/profiled	boolean	false
/27/scope	string	adapter-only, host cache warm, fresh inode tables; no guest kernel/VM
/27/trial	integer	5
/27/variant	string	baseline
/27/warmup	boolean	false
/28	object	-
/28/adapter_profile	null	null
/28/batch	integer	0
/28/case	string	deep_lookup_open_getattr
/28/core_profile	null	null
/28/elapsed_ms	float	170.827642
/28/profiled	boolean	false
/28/scope	string	adapter-only, host cache warm, fresh inode tables; no guest kernel/VM
/28/trial	integer	6
/28/variant	string	baseline
/28/warmup	boolean	false
/29	object	-
/29/adapter_profile	null	null
/29/batch	integer	0
/29/case	string	deep_lookup_open_getattr
/29/core_profile	null	null
/29/elapsed_ms	float	169.493611
/29/profiled	boolean	false
/29/scope	string	adapter-only, host cache warm, fresh inode tables; no guest kernel/VM
/29/trial	integer	7
/29/variant	string	baseline
/29/warmup	boolean	false
/30	object	-
/30/adapter_profile	null	null
/30/batch	integer	0
/30/case	string	deep_lookup_open_getattr
/30/core_profile	null	null
/30/elapsed_ms	float	171.483497
/30/profiled	boolean	false
/30/scope	string	adapter-only, host cache warm, fresh inode tables; no guest kernel/VM
/30/trial	integer	8
/30/variant	string	baseline
/30/warmup	boolean	false
/31	object	-
/31/adapter_profile	null	null
/31/batch	integer	0
/31/case	string	deep_lookup_open_getattr
/31/core_profile	null	null
/31/elapsed_ms	float	169.25162999999998
/31/profiled	boolean	false
/31/scope	string	adapter-only, host cache warm, fresh inode tables; no guest kernel/VM
/31/trial	integer	9
/31/variant	string	baseline
/31/warmup	boolean	false
/32	object	-
/32/adapter_profile	object	-
/32/adapter_profile/component	string	virtio-fs-overlay
/32/adapter_profile/final_record	boolean	false
/32/adapter_profile/inclusive_spans	boolean	true
/32/adapter_profile/instance	integer	5
/32/adapter_profile/measurements	object	-
/32/adapter_profile/measurements/backing_lookup	object	-
/32/adapter_profile/measurements/backing_lookup/calls	integer	4608
/32/adapter_profile/measurements/backing_lookup/latency_buckets	array	-
/32/adapter_profile/measurements/backing_lookup/latency_buckets/0	integer	4608
/32/adapter_profile/measurements/backing_lookup/latency_buckets/1	integer	0
/32/adapter_profile/measurements/backing_lookup/latency_buckets/2	integer	0
/32/adapter_profile/measurements/backing_lookup/latency_buckets/3	integer	0
/32/adapter_profile/measurements/backing_lookup/latency_buckets/4	integer	0
/32/adapter_profile/measurements/backing_lookup/max_ns	integer	2685
/32/adapter_profile/measurements/backing_lookup/total_ns	integer	2543487
/32/adapter_profile/measurements/backing_lookup/units	integer	0
/32/adapter_profile/measurements/directory_cache_deep_hits	object	-
/32/adapter_profile/measurements/directory_cache_deep_hits/calls	integer	0
/32/adapter_profile/measurements/directory_cache_deep_hits/latency_buckets	array	-
/32/adapter_profile/measurements/directory_cache_deep_hits/latency_buckets/0	integer	0
/32/adapter_profile/measurements/directory_cache_deep_hits/latency_buckets/1	integer	0
/32/adapter_profile/measurements/directory_cache_deep_hits/latency_buckets/2	integer	0
/32/adapter_profile/measurements/directory_cache_deep_hits/latency_buckets/3	integer	0
/32/adapter_profile/measurements/directory_cache_deep_hits/latency_buckets/4	integer	0
/32/adapter_profile/measurements/directory_cache_deep_hits/max_ns	integer	0
/32/adapter_profile/measurements/directory_cache_deep_hits/total_ns	integer	0
/32/adapter_profile/measurements/directory_cache_deep_hits/units	integer	4064
/32/adapter_profile/measurements/directory_cache_hits	object	-
/32/adapter_profile/measurements/directory_cache_hits/calls	integer	0
/32/adapter_profile/measurements/directory_cache_hits/latency_buckets	array	-
/32/adapter_profile/measurements/directory_cache_hits/latency_buckets/0	integer	0
/32/adapter_profile/measurements/directory_cache_hits/latency_buckets/1	integer	0
/32/adapter_profile/measurements/directory_cache_hits/latency_buckets/2	integer	0
/32/adapter_profile/measurements/directory_cache_hits/latency_buckets/3	integer	0
/32/adapter_profile/measurements/directory_cache_hits/latency_buckets/4	integer	0
/32/adapter_profile/measurements/directory_cache_hits/max_ns	integer	0
/32/adapter_profile/measurements/directory_cache_hits/total_ns	integer	0
/32/adapter_profile/measurements/directory_cache_hits/units	integer	896
/32/adapter_profile/measurements/directory_cache_misses	object	-
/32/adapter_profile/measurements/directory_cache_misses/calls	integer	0
/32/adapter_profile/measurements/directory_cache_misses/latency_buckets	array	-
/32/adapter_profile/measurements/directory_cache_misses/latency_buckets/0	integer	0
/32/adapter_profile/measurements/directory_cache_misses/latency_buckets/1	integer	0
/32/adapter_profile/measurements/directory_cache_misses/latency_buckets/2	integer	0
/32/adapter_profile/measurements/directory_cache_misses/latency_buckets/3	integer	0
/32/adapter_profile/measurements/directory_cache_misses/latency_buckets/4	integer	0
/32/adapter_profile/measurements/directory_cache_misses/max_ns	integer	0
/32/adapter_profile/measurements/directory_cache_misses/total_ns	integer	0
/32/adapter_profile/measurements/directory_cache_misses/units	integer	256
/32/adapter_profile/measurements/entry	object	-
/32/adapter_profile/measurements/entry/calls	integer	2304
/32/adapter_profile/measurements/entry/latency_buckets	array	-
/32/adapter_profile/measurements/entry/latency_buckets/0	integer	2304
/32/adapter_profile/measurements/entry/latency_buckets/1	integer	0
/32/adapter_profile/measurements/entry/latency_buckets/2	integer	0
/32/adapter_profile/measurements/entry/latency_buckets/3	integer	0
/32/adapter_profile/measurements/entry/latency_buckets/4	integer	0
/32/adapter_profile/measurements/entry/max_ns	integer	38963
/32/adapter_profile/measurements/entry/total_ns	integer	3223217
/32/adapter_profile/measurements/entry/units	integer	0
/32/adapter_profile/measurements/getattr	object	-
/32/adapter_profile/measurements/getattr/calls	integer	2048
/32/adapter_profile/measurements/getattr/latency_buckets	array	-
/32/adapter_profile/measurements/getattr/latency_buckets/0	integer	2048
/32/adapter_profile/measurements/getattr/latency_buckets/1	integer	0
/32/adapter_profile/measurements/getattr/latency_buckets/2	integer	0
/32/adapter_profile/measurements/getattr/latency_buckets/3	integer	0
/32/adapter_profile/measurements/getattr/latency_buckets/4	integer	0
/32/adapter_profile/measurements/getattr/max_ns	integer	721
/32/adapter_profile/measurements/getattr/total_ns	integer	463446
/32/adapter_profile/measurements/getattr/units	integer	0
/32/adapter_profile/measurements/inner_inode	object	-
/32/adapter_profile/measurements/inner_inode/calls	integer	4352
/32/adapter_profile/measurements/inner_inode/latency_buckets	array	-
/32/adapter_profile/measurements/inner_inode/latency_buckets/0	integer	4352
/32/adapter_profile/measurements/inner_inode/latency_buckets/1	integer	0
/32/adapter_profile/measurements/inner_inode/latency_buckets/2	integer	0
/32/adapter_profile/measurements/inner_inode/latency_buckets/3	integer	0
/32/adapter_profile/measurements/inner_inode/latency_buckets/4	integer	0
/32/adapter_profile/measurements/inner_inode/max_ns	integer	38652
/32/adapter_profile/measurements/inner_inode/total_ns	integer	4277681
/32/adapter_profile/measurements/inner_inode/units	integer	0
/32/adapter_profile/measurements/lookup	object	-
/32/adapter_profile/measurements/lookup/calls	integer	2304
/32/adapter_profile/measurements/lookup/latency_buckets	array	-
/32/adapter_profile/measurements/lookup/latency_buckets/0	integer	2304
/32/adapter_profile/measurements/lookup/latency_buckets/1	integer	0
/32/adapter_profile/measurements/lookup/latency_buckets/2	integer	0
/32/adapter_profile/measurements/lookup/latency_buckets/3	integer	0
/32/adapter_profile/measurements/lookup/latency_buckets/4	integer	0
/32/adapter_profile/measurements/lookup/max_ns	integer	827354
/32/adapter_profile/measurements/lookup/total_ns	integer	92855597
/32/adapter_profile/measurements/lookup/units	integer	0
/32/adapter_profile/measurements/open	object	-
/32/adapter_profile/measurements/open/calls	integer	2048
/32/adapter_profile/measurements/open/latency_buckets	array	-
/32/adapter_profile/measurements/open/latency_buckets/0	integer	2047
/32/adapter_profile/measurements/open/latency_buckets/1	integer	1
/32/adapter_profile/measurements/open/latency_buckets/2	integer	0
/32/adapter_profile/measurements/open/latency_buckets/3	integer	0
/32/adapter_profile/measurements/open/latency_buckets/4	integer	0
/32/adapter_profile/measurements/open/max_ns	integer	1039611
/32/adapter_profile/measurements/open/total_ns	integer	87700942
/32/adapter_profile/measurements/open/units	integer	0
/32/adapter_profile/pid	integer	107
/32/adapter_profile/schema	integer	2
/32/batch	integer	0
/32/case	string	deep_lookup_open_getattr
/32/core_profile	object	-
/32/core_profile/component	string	overlay-core
/32/core_profile/final_record	boolean	false
/32/core_profile/inclusive_spans	boolean	true
/32/core_profile/instance	integer	6
/32/core_profile/measurements	object	-
/32/core_profile/measurements/layer_leaf_stats	object	-
/32/core_profile/measurements/layer_leaf_stats/calls	integer	0
/32/core_profile/measurements/layer_leaf_stats/latency_buckets	array	-
/32/core_profile/measurements/layer_leaf_stats/latency_buckets/0	integer	0
/32/core_profile/measurements/layer_leaf_stats/latency_buckets/1	integer	0
/32/core_profile/measurements/layer_leaf_stats/latency_buckets/2	integer	0
/32/core_profile/measurements/layer_leaf_stats/latency_buckets/3	integer	0
/32/core_profile/measurements/layer_leaf_stats/latency_buckets/4	integer	0
/32/core_profile/measurements/layer_leaf_stats/max_ns	integer	0
/32/core_profile/measurements/layer_leaf_stats/total_ns	integer	0
/32/core_profile/measurements/layer_leaf_stats/units	integer	42368
/32/core_profile/measurements/layer_parent_stats	object	-
/32/core_profile/measurements/layer_parent_stats/calls	integer	0
/32/core_profile/measurements/layer_parent_stats/latency_buckets	array	-
/32/core_profile/measurements/layer_parent_stats/latency_buckets/0	integer	0
/32/core_profile/measurements/layer_parent_stats/latency_buckets/1	integer	0
/32/core_profile/measurements/layer_parent_stats/latency_buckets/2	integer	0
/32/core_profile/measurements/layer_parent_stats/latency_buckets/3	integer	0
/32/core_profile/measurements/layer_parent_stats/latency_buckets/4	integer	0
/32/core_profile/measurements/layer_parent_stats/max_ns	integer	0
/32/core_profile/measurements/layer_parent_stats/total_ns	integer	0
/32/core_profile/measurements/layer_parent_stats/units	integer	67328
/32/core_profile/measurements/metadata	object	-
/32/core_profile/measurements/metadata/calls	integer	4352
/32/core_profile/measurements/metadata/latency_buckets	array	-
/32/core_profile/measurements/metadata/latency_buckets/0	integer	4351
/32/core_profile/measurements/metadata/latency_buckets/1	integer	1
/32/core_profile/measurements/metadata/latency_buckets/2	integer	0
/32/core_profile/measurements/metadata/latency_buckets/3	integer	0
/32/core_profile/measurements/metadata/latency_buckets/4	integer	0
/32/core_profile/measurements/metadata/max_ns	integer	1037045
/32/core_profile/measurements/metadata/total_ns	integer	170984283
/32/core_profile/measurements/metadata/units	integer	0
/32/core_profile/measurements/mount_identity_attempts	object	-
/32/core_profile/measurements/mount_identity_attempts/calls	integer	0
/32/core_profile/measurements/mount_identity_attempts/latency_buckets	array	-
/32/core_profile/measurements/mount_identity_attempts/latency_buckets/0	integer	0
/32/core_profile/measurements/mount_identity_attempts/latency_buckets/1	integer	0
/32/core_profile/measurements/mount_identity_attempts/latency_buckets/2	integer	0
/32/core_profile/measurements/mount_identity_attempts/latency_buckets/3	integer	0
/32/core_profile/measurements/mount_identity_attempts/latency_buckets/4	integer	0
/32/core_profile/measurements/mount_identity_attempts/max_ns	integer	0
/32/core_profile/measurements/mount_identity_attempts/total_ns	integer	0
/32/core_profile/measurements/mount_identity_attempts/units	integer	33664
/32/core_profile/measurements/observe_read	object	-
/32/core_profile/measurements/observe_read/calls	integer	2048
/32/core_profile/measurements/observe_read/latency_buckets	array	-
/32/core_profile/measurements/observe_read/latency_buckets/0	integer	2047
/32/core_profile/measurements/observe_read/latency_buckets/1	integer	1
/32/core_profile/measurements/observe_read/latency_buckets/2	integer	0
/32/core_profile/measurements/observe_read/latency_buckets/3	integer	0
/32/core_profile/measurements/observe_read/latency_buckets/4	integer	0
/32/core_profile/measurements/observe_read/max_ns	integer	1037117
/32/core_profile/measurements/observe_read/total_ns	integer	83866089
/32/core_profile/measurements/observe_read/units	integer	0
/32/core_profile/measurements/opaque_probe	object	-
/32/core_profile/measurements/opaque_probe/calls	integer	38016
/32/core_profile/measurements/opaque_probe/latency_buckets	array	-
/32/core_profile/measurements/opaque_probe/latency_buckets/0	integer	38016
/32/core_profile/measurements/opaque_probe/latency_buckets/1	integer	0
/32/core_profile/measurements/opaque_probe/latency_buckets/2	integer	0
/32/core_profile/measurements/opaque_probe/latency_buckets/3	integer	0
/32/core_profile/measurements/opaque_probe/latency_buckets/4	integer	0
/32/core_profile/measurements/opaque_probe/max_ns	integer	621430
/32/core_profile/measurements/opaque_probe/total_ns	integer	45136991
/32/core_profile/measurements/opaque_probe/units	integer	0
/32/core_profile/measurements/resolve	object	-
/32/core_profile/measurements/resolve/calls	integer	4352
/32/core_profile/measurements/resolve/latency_buckets	array	-
/32/core_profile/measurements/resolve/latency_buckets/0	integer	4351
/32/core_profile/measurements/resolve/latency_buckets/1	integer	1
/32/core_profile/measurements/resolve/latency_buckets/2	integer	0
/32/core_profile/measurements/resolve/latency_buckets/3	integer	0
/32/core_profile/measurements/resolve/latency_buckets/4	integer	0
/32/core_profile/measurements/resolve/max_ns	integer	1036955
/32/core_profile/measurements/resolve/total_ns	integer	170644441
/32/core_profile/measurements/resolve/units	integer	0
/32/core_profile/measurements/resolve_components	object	-
/32/core_profile/measurements/resolve_components/calls	integer	0
/32/core_profile/measurements/resolve_components/latency_buckets	array	-
/32/core_profile/measurements/resolve_components/latency_buckets/0	integer	0
/32/core_profile/measurements/resolve_components/latency_buckets/1	integer	0
/32/core_profile/measurements/resolve_components/latency_buckets/2	integer	0
/32/core_profile/measurements/resolve_components/latency_buckets/3	integer	0
/32/core_profile/measurements/resolve_components/latency_buckets/4	integer	0
/32/core_profile/measurements/resolve_components/max_ns	integer	0
/32/core_profile/measurements/resolve_components/total_ns	integer	0
/32/core_profile/measurements/resolve_components/units	integer	38016
/32/core_profile/measurements/whiteout_probe	object	-
/32/core_profile/measurements/whiteout_probe/calls	integer	38016
/32/core_profile/measurements/whiteout_probe/latency_buckets	array	-
/32/core_profile/measurements/whiteout_probe/latency_buckets/0	integer	38016
/32/core_profile/measurements/whiteout_probe/latency_buckets/1	integer	0
/32/core_profile/measurements/whiteout_probe/latency_buckets/2	integer	0
/32/core_profile/measurements/whiteout_probe/latency_buckets/3	integer	0
/32/core_profile/measurements/whiteout_probe/latency_buckets/4	integer	0
/32/core_profile/measurements/whiteout_probe/max_ns	integer	790005
/32/core_profile/measurements/whiteout_probe/total_ns	integer	28528889
/32/core_profile/measurements/whiteout_probe/units	integer	0
/32/core_profile/pid	integer	107
/32/core_profile/schema	integer	2
/32/elapsed_ms	float	182.255948
/32/profiled	boolean	true
/32/scope	string	adapter-only, host cache warm, fresh inode tables; no guest kernel/VM
/32/trial	integer	10
/32/variant	string	baseline
/32/warmup	boolean	false
/33	object	-
/33/adapter_profile	null	null
/33/batch	integer	0
/33/case	string	directory_plus
/33/core_profile	null	null
/33/elapsed_ms	float	29.788335
/33/profiled	boolean	false
/33/scope	string	adapter-only, host cache warm, fresh inode tables; no guest kernel/VM
/33/trial	integer	0
/33/variant	string	baseline
/33/warmup	boolean	true
/34	object	-
/34/adapter_profile	null	null
/34/batch	integer	0
/34/case	string	directory_plus
/34/core_profile	null	null
/34/elapsed_ms	float	28.778609
/34/profiled	boolean	false
/34/scope	string	adapter-only, host cache warm, fresh inode tables; no guest kernel/VM
/34/trial	integer	1
/34/variant	string	baseline
/34/warmup	boolean	true
/35	object	-
/35/adapter_profile	null	null
/35/batch	integer	0
/35/case	string	directory_plus
/35/core_profile	null	null
/35/elapsed_ms	float	29.664434
/35/profiled	boolean	false
/35/scope	string	adapter-only, host cache warm, fresh inode tables; no guest kernel/VM
/35/trial	integer	2
/35/variant	string	baseline
/35/warmup	boolean	false
/36	object	-
/36/adapter_profile	null	null
/36/batch	integer	0
/36/case	string	directory_plus
/36/core_profile	null	null
/36/elapsed_ms	float	28.702337
/36/profiled	boolean	false
/36/scope	string	adapter-only, host cache warm, fresh inode tables; no guest kernel/VM
/36/trial	integer	3
/36/variant	string	baseline
/36/warmup	boolean	false
/37	object	-
/37/adapter_profile	null	null
/37/batch	integer	0
/37/case	string	directory_plus
/37/core_profile	null	null
/37/elapsed_ms	float	29.477804
/37/profiled	boolean	false
/37/scope	string	adapter-only, host cache warm, fresh inode tables; no guest kernel/VM
/37/trial	integer	4
/37/variant	string	baseline
/37/warmup	boolean	false
/38	object	-
/38/adapter_profile	null	null
/38/batch	integer	0
/38/case	string	directory_plus
/38/core_profile	null	null
/38/elapsed_ms	float	28.850414
/38/profiled	boolean	false
/38/scope	string	adapter-only, host cache warm, fresh inode tables; no guest kernel/VM
/38/trial	integer	5
/38/variant	string	baseline
/38/warmup	boolean	false
/39	object	-
/39/adapter_profile	null	null
/39/batch	integer	0
/39/case	string	directory_plus
/39/core_profile	null	null
/39/elapsed_ms	float	28.309443
/39/profiled	boolean	false
/39/scope	string	adapter-only, host cache warm, fresh inode tables; no guest kernel/VM
/39/trial	integer	6
/39/variant	string	baseline
/39/warmup	boolean	false
/40	object	-
/40/adapter_profile	null	null
/40/batch	integer	0
/40/case	string	directory_plus
/40/core_profile	null	null
/40/elapsed_ms	float	29.288501
/40/profiled	boolean	false
/40/scope	string	adapter-only, host cache warm, fresh inode tables; no guest kernel/VM
/40/trial	integer	7
/40/variant	string	baseline
/40/warmup	boolean	false
/41	object	-
/41/adapter_profile	null	null
/41/batch	integer	0
/41/case	string	directory_plus
/41/core_profile	null	null
/41/elapsed_ms	float	29.296286000000002
/41/profiled	boolean	false
/41/scope	string	adapter-only, host cache warm, fresh inode tables; no guest kernel/VM
/41/trial	integer	8
/41/variant	string	baseline
/41/warmup	boolean	false
/42	object	-
/42/adapter_profile	null	null
/42/batch	integer	0
/42/case	string	directory_plus
/42/core_profile	null	null
/42/elapsed_ms	float	28.501312000000002
/42/profiled	boolean	false
/42/scope	string	adapter-only, host cache warm, fresh inode tables; no guest kernel/VM
/42/trial	integer	9
/42/variant	string	baseline
/42/warmup	boolean	false
/43	object	-
/43/adapter_profile	object	-
/43/adapter_profile/component	string	virtio-fs-overlay
/43/adapter_profile/final_record	boolean	false
/43/adapter_profile/inclusive_spans	boolean	true
/43/adapter_profile/instance	integer	7
/43/adapter_profile/measurements	object	-
/43/adapter_profile/measurements/backing_lookup	object	-
/43/adapter_profile/measurements/backing_lookup/calls	integer	2112
/43/adapter_profile/measurements/backing_lookup/latency_buckets	array	-
/43/adapter_profile/measurements/backing_lookup/latency_buckets/0	integer	2112
/43/adapter_profile/measurements/backing_lookup/latency_buckets/1	integer	0
/43/adapter_profile/measurements/backing_lookup/latency_buckets/2	integer	0
/43/adapter_profile/measurements/backing_lookup/latency_buckets/3	integer	0
/43/adapter_profile/measurements/backing_lookup/latency_buckets/4	integer	0
/43/adapter_profile/measurements/backing_lookup/max_ns	integer	2245
/43/adapter_profile/measurements/backing_lookup/total_ns	integer	1018378
/43/adapter_profile/measurements/backing_lookup/units	integer	0
/43/adapter_profile/measurements/directory_cache_deep_hits	object	-
/43/adapter_profile/measurements/directory_cache_deep_hits/calls	integer	0
/43/adapter_profile/measurements/directory_cache_deep_hits/latency_buckets	array	-
/43/adapter_profile/measurements/directory_cache_deep_hits/latency_buckets/0	integer	0
/43/adapter_profile/measurements/directory_cache_deep_hits/latency_buckets/1	integer	0
/43/adapter_profile/measurements/directory_cache_deep_hits/latency_buckets/2	integer	0
/43/adapter_profile/measurements/directory_cache_deep_hits/latency_buckets/3	integer	0
/43/adapter_profile/measurements/directory_cache_deep_hits/latency_buckets/4	integer	0
/43/adapter_profile/measurements/directory_cache_deep_hits/max_ns	integer	0
/43/adapter_profile/measurements/directory_cache_deep_hits/total_ns	integer	0
/43/adapter_profile/measurements/directory_cache_deep_hits/units	integer	2016
/43/adapter_profile/measurements/directory_cache_misses	object	-
/43/adapter_profile/measurements/directory_cache_misses/calls	integer	0
/43/adapter_profile/measurements/directory_cache_misses/latency_buckets	array	-
/43/adapter_profile/measurements/directory_cache_misses/latency_buckets/0	integer	0
/43/adapter_profile/measurements/directory_cache_misses/latency_buckets/1	integer	0
/43/adapter_profile/measurements/directory_cache_misses/latency_buckets/2	integer	0
/43/adapter_profile/measurements/directory_cache_misses/latency_buckets/3	integer	0
/43/adapter_profile/measurements/directory_cache_misses/latency_buckets/4	integer	0
/43/adapter_profile/measurements/directory_cache_misses/max_ns	integer	0
/43/adapter_profile/measurements/directory_cache_misses/total_ns	integer	0
/43/adapter_profile/measurements/directory_cache_misses/units	integer	32
/43/adapter_profile/measurements/entry	object	-
/43/adapter_profile/measurements/entry/calls	integer	2080
/43/adapter_profile/measurements/entry/latency_buckets	array	-
/43/adapter_profile/measurements/entry/latency_buckets/0	integer	2080
/43/adapter_profile/measurements/entry/latency_buckets/1	integer	0
/43/adapter_profile/measurements/entry/latency_buckets/2	integer	0
/43/adapter_profile/measurements/entry/latency_buckets/3	integer	0
/43/adapter_profile/measurements/entry/latency_buckets/4	integer	0
/43/adapter_profile/measurements/entry/max_ns	integer	2986
/43/adapter_profile/measurements/entry/total_ns	integer	2090065
/43/adapter_profile/measurements/entry/units	integer	0
/43/adapter_profile/measurements/inner_inode	object	-
/43/adapter_profile/measurements/inner_inode/calls	integer	2080
/43/adapter_profile/measurements/inner_inode/latency_buckets	array	-
/43/adapter_profile/measurements/inner_inode/latency_buckets/0	integer	2080
/43/adapter_profile/measurements/inner_inode/latency_buckets/1	integer	0
/43/adapter_profile/measurements/inner_inode/latency_buckets/2	integer	0
/43/adapter_profile/measurements/inner_inode/latency_buckets/3	integer	0
/43/adapter_profile/measurements/inner_inode/latency_buckets/4	integer	0
/43/adapter_profile/measurements/inner_inode/max_ns	integer	2705
/43/adapter_profile/measurements/inner_inode/total_ns	integer	1529226
/43/adapter_profile/measurements/inner_inode/units	integer	0
/43/adapter_profile/measurements/lookup	object	-
/43/adapter_profile/measurements/lookup/calls	integer	32
/43/adapter_profile/measurements/lookup/latency_buckets	array	-
/43/adapter_profile/measurements/lookup/latency_buckets/0	integer	32
/43/adapter_profile/measurements/lookup/latency_buckets/1	integer	0
/43/adapter_profile/measurements/lookup/latency_buckets/2	integer	0
/43/adapter_profile/measurements/lookup/latency_buckets/3	integer	0
/43/adapter_profile/measurements/lookup/latency_buckets/4	integer	0
/43/adapter_profile/measurements/lookup/max_ns	integer	8866
/43/adapter_profile/measurements/lookup/total_ns	integer	160378
/43/adapter_profile/measurements/lookup/units	integer	0
/43/adapter_profile/measurements/opendir	object	-
/43/adapter_profile/measurements/opendir/calls	integer	32
/43/adapter_profile/measurements/opendir/latency_buckets	array	-
/43/adapter_profile/measurements/opendir/latency_buckets/0	integer	32
/43/adapter_profile/measurements/opendir/latency_buckets/1	integer	0
/43/adapter_profile/measurements/opendir/latency_buckets/2	integer	0
/43/adapter_profile/measurements/opendir/latency_buckets/3	integer	0
/43/adapter_profile/measurements/opendir/latency_buckets/4	integer	0
/43/adapter_profile/measurements/opendir/max_ns	integer	986693
/43/adapter_profile/measurements/opendir/total_ns	integer	12818925
/43/adapter_profile/measurements/opendir/units	integer	0
/43/adapter_profile/measurements/readdirplus	object	-
/43/adapter_profile/measurements/readdirplus/calls	integer	32
/43/adapter_profile/measurements/readdirplus/latency_buckets	array	-
/43/adapter_profile/measurements/readdirplus/latency_buckets/0	integer	32
/43/adapter_profile/measurements/readdirplus/latency_buckets/1	integer	0
/43/adapter_profile/measurements/readdirplus/latency_buckets/2	integer	0
/43/adapter_profile/measurements/readdirplus/latency_buckets/3	integer	0
/43/adapter_profile/measurements/readdirplus/latency_buckets/4	integer	0
/43/adapter_profile/measurements/readdirplus/max_ns	integer	964550
/43/adapter_profile/measurements/readdirplus/total_ns	integer	17684351
/43/adapter_profile/measurements/readdirplus/units	integer	0
/43/adapter_profile/pid	integer	107
/43/adapter_profile/schema	integer	2
/43/batch	integer	0
/43/case	string	directory_plus
/43/core_profile	object	-
/43/core_profile/component	string	overlay-core
/43/core_profile/final_record	boolean	false
/43/core_profile/inclusive_spans	boolean	true
/43/core_profile/instance	integer	8
/43/core_profile/measurements	object	-
/43/core_profile/measurements/layer_leaf_stats	object	-
/43/core_profile/measurements/layer_leaf_stats/calls	integer	0
/43/core_profile/measurements/layer_leaf_stats/latency_buckets	array	-
/43/core_profile/measurements/layer_leaf_stats/latency_buckets/0	integer	0
/43/core_profile/measurements/layer_leaf_stats/latency_buckets/1	integer	0
/43/core_profile/measurements/layer_leaf_stats/latency_buckets/2	integer	0
/43/core_profile/measurements/layer_leaf_stats/latency_buckets/3	integer	0
/43/core_profile/measurements/layer_leaf_stats/latency_buckets/4	integer	0
/43/core_profile/measurements/layer_leaf_stats/max_ns	integer	0
/43/core_profile/measurements/layer_leaf_stats/total_ns	integer	0
/43/core_profile/measurements/layer_leaf_stats/units	integer	8320
/43/core_profile/measurements/layer_parent_stats	object	-
/43/core_profile/measurements/layer_parent_stats/calls	integer	0
/43/core_profile/measurements/layer_parent_stats/latency_buckets	array	-
/43/core_profile/measurements/layer_parent_stats/latency_buckets/0	integer	0
/43/core_profile/measurements/layer_parent_stats/latency_buckets/1	integer	0
/43/core_profile/measurements/layer_parent_stats/latency_buckets/2	integer	0
/43/core_profile/measurements/layer_parent_stats/latency_buckets/3	integer	0
/43/core_profile/measurements/layer_parent_stats/latency_buckets/4	integer	0
/43/core_profile/measurements/layer_parent_stats/max_ns	integer	0
/43/core_profile/measurements/layer_parent_stats/total_ns	integer	0
/43/core_profile/measurements/layer_parent_stats/units	integer	8192
/43/core_profile/measurements/list_entries	object	-
/43/core_profile/measurements/list_entries/calls	integer	32
/43/core_profile/measurements/list_entries/latency_buckets	array	-
/43/core_profile/measurements/list_entries/latency_buckets/0	integer	32
/43/core_profile/measurements/list_entries/latency_buckets/1	integer	0
/43/core_profile/measurements/list_entries/latency_buckets/2	integer	0
/43/core_profile/measurements/list_entries/latency_buckets/3	integer	0
/43/core_profile/measurements/list_entries/latency_buckets/4	integer	0
/43/core_profile/measurements/list_entries/max_ns	integer	827385
/43/core_profile/measurements/list_entries/total_ns	integer	11553149
/43/core_profile/measurements/list_entries/units	integer	0
/43/core_profile/measurements/metadata	object	-
/43/core_profile/measurements/metadata/calls	integer	2112
/43/core_profile/measurements/metadata/latency_buckets	array	-
/43/core_profile/measurements/metadata/latency_buckets/0	integer	2112
/43/core_profile/measurements/metadata/latency_buckets/1	integer	0
/43/core_profile/measurements/metadata/latency_buckets/2	integer	0
/43/core_profile/measurements/metadata/latency_buckets/3	integer	0
/43/core_profile/measurements/metadata/latency_buckets/4	integer	0
/43/core_profile/measurements/metadata/max_ns	integer	461161
/43/core_profile/measurements/metadata/total_ns	integer	15469128
/43/core_profile/measurements/metadata/units	integer	0
/43/core_profile/measurements/mount_identity_attempts	object	-
/43/core_profile/measurements/mount_identity_attempts/calls	integer	0
/43/core_profile/measurements/mount_identity_attempts/latency_buckets	array	-
/43/core_profile/measurements/mount_identity_attempts/latency_buckets/0	integer	0
/43/core_profile/measurements/mount_identity_attempts/latency_buckets/1	integer	0
/43/core_profile/measurements/mount_identity_attempts/latency_buckets/2	integer	0
/43/core_profile/measurements/mount_identity_attempts/latency_buckets/3	integer	0
/43/core_profile/measurements/mount_identity_attempts/latency_buckets/4	integer	0
/43/core_profile/measurements/mount_identity_attempts/max_ns	integer	0
/43/core_profile/measurements/mount_identity_attempts/total_ns	integer	0
/43/core_profile/measurements/mount_identity_attempts/units	integer	2048
/43/core_profile/measurements/opaque_probe	object	-
/43/core_profile/measurements/opaque_probe/calls	integer	6240
/43/core_profile/measurements/opaque_probe/latency_buckets	array	-
/43/core_profile/measurements/opaque_probe/latency_buckets/0	integer	6240
/43/core_profile/measurements/opaque_probe/latency_buckets/1	integer	0
/43/core_profile/measurements/opaque_probe/latency_buckets/2	integer	0
/43/core_profile/measurements/opaque_probe/latency_buckets/3	integer	0
/43/core_profile/measurements/opaque_probe/latency_buckets/4	integer	0
/43/core_profile/measurements/opaque_probe/max_ns	integer	455420
/43/core_profile/measurements/opaque_probe/total_ns	integer	7132203
/43/core_profile/measurements/opaque_probe/units	integer	0
/43/core_profile/measurements/resolve	object	-
/43/core_profile/measurements/resolve/calls	integer	2112
/43/core_profile/measurements/resolve/latency_buckets	array	-
/43/core_profile/measurements/resolve/latency_buckets/0	integer	2112
/43/core_profile/measurements/resolve/latency_buckets/1	integer	0
/43/core_profile/measurements/resolve/latency_buckets/2	integer	0
/43/core_profile/measurements/resolve/latency_buckets/3	integer	0
/43/core_profile/measurements/resolve/latency_buckets/4	integer	0
/43/core_profile/measurements/resolve/max_ns	integer	461051
/43/core_profile/measurements/resolve/total_ns	integer	15303531
/43/core_profile/measurements/resolve/units	integer	0
/43/core_profile/measurements/resolve_components	object	-
/43/core_profile/measurements/resolve_components/calls	integer	0
/43/core_profile/measurements/resolve_components/latency_buckets	array	-
/43/core_profile/measurements/resolve_components/latency_buckets/0	integer	0
/43/core_profile/measurements/resolve_components/latency_buckets/1	integer	0
/43/core_profile/measurements/resolve_components/latency_buckets/2	integer	0
/43/core_profile/measurements/resolve_components/latency_buckets/3	integer	0
/43/core_profile/measurements/resolve_components/latency_buckets/4	integer	0
/43/core_profile/measurements/resolve_components/max_ns	integer	0
/43/core_profile/measurements/resolve_components/total_ns	integer	0
/43/core_profile/measurements/resolve_components/units	integer	4160
/43/core_profile/measurements/whiteout_probe	object	-
/43/core_profile/measurements/whiteout_probe/calls	integer	8256
/43/core_profile/measurements/whiteout_probe/latency_buckets	array	-
/43/core_profile/measurements/whiteout_probe/latency_buckets/0	integer	8256
/43/core_profile/measurements/whiteout_probe/latency_buckets/1	integer	0
/43/core_profile/measurements/whiteout_probe/latency_buckets/2	integer	0
/43/core_profile/measurements/whiteout_probe/latency_buckets/3	integer	0
/43/core_profile/measurements/whiteout_probe/latency_buckets/4	integer	0
/43/core_profile/measurements/whiteout_probe/max_ns	integer	14717
/43/core_profile/measurements/whiteout_probe/total_ns	integer	5248552
/43/core_profile/measurements/whiteout_probe/units	integer	0
/43/core_profile/pid	integer	107
/43/core_profile/schema	integer	2
/43/elapsed_ms	float	30.692622
/43/profiled	boolean	true
/43/scope	string	adapter-only, host cache warm, fresh inode tables; no guest kernel/VM
/43/trial	integer	10
/43/variant	string	baseline
/43/warmup	boolean	false
/44	object	-
/44/adapter_profile	null	null
/44/batch	integer	0
/44/case	string	lookup_getattr
/44/core_profile	null	null
/44/elapsed_ms	float	26.224771
/44/profiled	boolean	false
/44/scope	string	adapter-only, host cache warm, fresh inode tables; no guest kernel/VM
/44/trial	integer	0
/44/variant	string	candidate
/44/warmup	boolean	true
/45	object	-
/45/adapter_profile	null	null
/45/batch	integer	0
/45/case	string	lookup_getattr
/45/core_profile	null	null
/45/elapsed_ms	float	26.581126
/45/profiled	boolean	false
/45/scope	string	adapter-only, host cache warm, fresh inode tables; no guest kernel/VM
/45/trial	integer	1
/45/variant	string	candidate
/45/warmup	boolean	true
/46	object	-
/46/adapter_profile	null	null
/46/batch	integer	0
/46/case	string	lookup_getattr
/46/core_profile	null	null
/46/elapsed_ms	float	26.627192
/46/profiled	boolean	false
/46/scope	string	adapter-only, host cache warm, fresh inode tables; no guest kernel/VM
/46/trial	integer	2
/46/variant	string	candidate
/46/warmup	boolean	false
/47	object	-
/47/adapter_profile	null	null
/47/batch	integer	0
/47/case	string	lookup_getattr
/47/core_profile	null	null
/47/elapsed_ms	float	26.361807000000002
/47/profiled	boolean	false
/47/scope	string	adapter-only, host cache warm, fresh inode tables; no guest kernel/VM
/47/trial	integer	3
/47/variant	string	candidate
/47/warmup	boolean	false
/48	object	-
/48/adapter_profile	null	null
/48/batch	integer	0
/48/case	string	lookup_getattr
/48/core_profile	null	null
/48/elapsed_ms	float	26.94199
/48/profiled	boolean	false
/48/scope	string	adapter-only, host cache warm, fresh inode tables; no guest kernel/VM
/48/trial	integer	4
/48/variant	string	candidate
/48/warmup	boolean	false
/49	object	-
/49/adapter_profile	null	null
/49/batch	integer	0
/49/case	string	lookup_getattr
/49/core_profile	null	null
/49/elapsed_ms	float	26.330348
/49/profiled	boolean	false
/49/scope	string	adapter-only, host cache warm, fresh inode tables; no guest kernel/VM
/49/trial	integer	5
/49/variant	string	candidate
/49/warmup	boolean	false
/50	object	-
/50/adapter_profile	null	null
/50/batch	integer	0
/50/case	string	lookup_getattr
/50/core_profile	null	null
/50/elapsed_ms	float	26.229539
/50/profiled	boolean	false
/50/scope	string	adapter-only, host cache warm, fresh inode tables; no guest kernel/VM
/50/trial	integer	6
/50/variant	string	candidate
/50/warmup	boolean	false
/51	object	-
/51/adapter_profile	null	null
/51/batch	integer	0
/51/case	string	lookup_getattr
/51/core_profile	null	null
/51/elapsed_ms	float	26.799123
/51/profiled	boolean	false
/51/scope	string	adapter-only, host cache warm, fresh inode tables; no guest kernel/VM
/51/trial	integer	7
/51/variant	string	candidate
/51/warmup	boolean	false
/52	object	-
/52/adapter_profile	null	null
/52/batch	integer	0
/52/case	string	lookup_getattr
/52/core_profile	null	null
/52/elapsed_ms	float	26.283371
/52/profiled	boolean	false
/52/scope	string	adapter-only, host cache warm, fresh inode tables; no guest kernel/VM
/52/trial	integer	8
/52/variant	string	candidate
/52/warmup	boolean	false
/53	object	-
/53/adapter_profile	null	null
/53/batch	integer	0
/53/case	string	lookup_getattr
/53/core_profile	null	null
/53/elapsed_ms	float	26.761954
/53/profiled	boolean	false
/53/scope	string	adapter-only, host cache warm, fresh inode tables; no guest kernel/VM
/53/trial	integer	9
/53/variant	string	candidate
/53/warmup	boolean	false
/54	object	-
/54/adapter_profile	object	-
/54/adapter_profile/component	string	virtio-fs-overlay
/54/adapter_profile/final_record	boolean	false
/54/adapter_profile/inclusive_spans	boolean	true
/54/adapter_profile/instance	integer	1
/54/adapter_profile/measurements	object	-
/54/adapter_profile/measurements/backing_lookup	object	-
/54/adapter_profile/measurements/backing_lookup/calls	integer	4160
/54/adapter_profile/measurements/backing_lookup/latency_buckets	array	-
/54/adapter_profile/measurements/backing_lookup/latency_buckets/0	integer	4160
/54/adapter_profile/measurements/backing_lookup/latency_buckets/1	integer	0
/54/adapter_profile/measurements/backing_lookup/latency_buckets/2	integer	0
/54/adapter_profile/measurements/backing_lookup/latency_buckets/3	integer	0
/54/adapter_profile/measurements/backing_lookup/latency_buckets/4	integer	0
/54/adapter_profile/measurements/backing_lookup/max_ns	integer	1002
/54/adapter_profile/measurements/backing_lookup/total_ns	integer	1932466
/54/adapter_profile/measurements/backing_lookup/units	integer	0
/54/adapter_profile/measurements/directory_cache_deep_hits	object	-
/54/adapter_profile/measurements/directory_cache_deep_hits/calls	integer	0
/54/adapter_profile/measurements/directory_cache_deep_hits/latency_buckets	array	-
/54/adapter_profile/measurements/directory_cache_deep_hits/latency_buckets/0	integer	0
/54/adapter_profile/measurements/directory_cache_deep_hits/latency_buckets/1	integer	0
/54/adapter_profile/measurements/directory_cache_deep_hits/latency_buckets/2	integer	0
/54/adapter_profile/measurements/directory_cache_deep_hits/latency_buckets/3	integer	0
/54/adapter_profile/measurements/directory_cache_deep_hits/latency_buckets/4	integer	0
/54/adapter_profile/measurements/directory_cache_deep_hits/max_ns	integer	0
/54/adapter_profile/measurements/directory_cache_deep_hits/total_ns	integer	0
/54/adapter_profile/measurements/directory_cache_deep_hits/units	integer	4064
/54/adapter_profile/measurements/directory_cache_misses	object	-
/54/adapter_profile/measurements/directory_cache_misses/calls	integer	0
/54/adapter_profile/measurements/directory_cache_misses/latency_buckets	array	-
/54/adapter_profile/measurements/directory_cache_misses/latency_buckets/0	integer	0
/54/adapter_profile/measurements/directory_cache_misses/latency_buckets/1	integer	0
/54/adapter_profile/measurements/directory_cache_misses/latency_buckets/2	integer	0
/54/adapter_profile/measurements/directory_cache_misses/latency_buckets/3	integer	0
/54/adapter_profile/measurements/directory_cache_misses/latency_buckets/4	integer	0
/54/adapter_profile/measurements/directory_cache_misses/max_ns	integer	0
/54/adapter_profile/measurements/directory_cache_misses/total_ns	integer	0
/54/adapter_profile/measurements/directory_cache_misses/units	integer	32
/54/adapter_profile/measurements/entry	object	-
/54/adapter_profile/measurements/entry/calls	integer	4128
/54/adapter_profile/measurements/entry/latency_buckets	array	-
/54/adapter_profile/measurements/entry/latency_buckets/0	integer	4128
/54/adapter_profile/measurements/entry/latency_buckets/1	integer	0
/54/adapter_profile/measurements/entry/latency_buckets/2	integer	0
/54/adapter_profile/measurements/entry/latency_buckets/3	integer	0
/54/adapter_profile/measurements/entry/latency_buckets/4	integer	0
/54/adapter_profile/measurements/entry/max_ns	integer	106649
/54/adapter_profile/measurements/entry/total_ns	integer	4153496
/54/adapter_profile/measurements/entry/units	integer	0
/54/adapter_profile/measurements/getattr	object	-
/54/adapter_profile/measurements/getattr/calls	integer	2048
/54/adapter_profile/measurements/getattr/latency_buckets	array	-
/54/adapter_profile/measurements/getattr/latency_buckets/0	integer	2048
/54/adapter_profile/measurements/getattr/latency_buckets/1	integer	0
/54/adapter_profile/measurements/getattr/latency_buckets/2	integer	0
/54/adapter_profile/measurements/getattr/latency_buckets/3	integer	0
/54/adapter_profile/measurements/getattr/latency_buckets/4	integer	0
/54/adapter_profile/measurements/getattr/max_ns	integer	207547
/54/adapter_profile/measurements/getattr/total_ns	integer	13680942
/54/adapter_profile/measurements/getattr/units	integer	0
/54/adapter_profile/measurements/inner_inode	object	-
/54/adapter_profile/measurements/inner_inode/calls	integer	4128
/54/adapter_profile/measurements/inner_inode/latency_buckets	array	-
/54/adapter_profile/measurements/inner_inode/latency_buckets/0	integer	4128
/54/adapter_profile/measurements/inner_inode/latency_buckets/1	integer	0
/54/adapter_profile/measurements/inner_inode/latency_buckets/2	integer	0
/54/adapter_profile/measurements/inner_inode/latency_buckets/3	integer	0
/54/adapter_profile/measurements/inner_inode/latency_buckets/4	integer	0
/54/adapter_profile/measurements/inner_inode/max_ns	integer	106388
/54/adapter_profile/measurements/inner_inode/total_ns	integer	3090280
/54/adapter_profile/measurements/inner_inode/units	integer	0
/54/adapter_profile/measurements/lookup	object	-
/54/adapter_profile/measurements/lookup/calls	integer	2080
/54/adapter_profile/measurements/lookup/latency_buckets	array	-
/54/adapter_profile/measurements/lookup/latency_buckets/0	integer	2080
/54/adapter_profile/measurements/lookup/latency_buckets/1	integer	0
/54/adapter_profile/measurements/lookup/latency_buckets/2	integer	0
/54/adapter_profile/measurements/lookup/latency_buckets/3	integer	0
/54/adapter_profile/measurements/lookup/latency_buckets/4	integer	0
/54/adapter_profile/measurements/lookup/max_ns	integer	226513
/54/adapter_profile/measurements/lookup/total_ns	integer	14770378
/54/adapter_profile/measurements/lookup/units	integer	0
/54/adapter_profile/pid	integer	160
/54/adapter_profile/schema	integer	2
/54/batch	integer	0
/54/case	string	lookup_getattr
/54/core_profile	object	-
/54/core_profile/component	string	overlay-core
/54/core_profile/final_record	boolean	false
/54/core_profile/inclusive_spans	boolean	true
/54/core_profile/instance	integer	2
/54/core_profile/measurements	object	-
/54/core_profile/measurements/layer_leaf_stats	object	-
/54/core_profile/measurements/layer_leaf_stats/calls	integer	0
/54/core_profile/measurements/layer_leaf_stats/latency_buckets	array	-
/54/core_profile/measurements/layer_leaf_stats/latency_buckets/0	integer	0
/54/core_profile/measurements/layer_leaf_stats/latency_buckets/1	integer	0
/54/core_profile/measurements/layer_leaf_stats/latency_buckets/2	integer	0
/54/core_profile/measurements/layer_leaf_stats/latency_buckets/3	integer	0
/54/core_profile/measurements/layer_leaf_stats/latency_buckets/4	integer	0
/54/core_profile/measurements/layer_leaf_stats/max_ns	integer	0
/54/core_profile/measurements/layer_leaf_stats/total_ns	integer	0
/54/core_profile/measurements/layer_leaf_stats/units	integer	12352
/54/core_profile/measurements/layer_parent_stats	object	-
/54/core_profile/measurements/layer_parent_stats/calls	integer	0
/54/core_profile/measurements/layer_parent_stats/latency_buckets	array	-
/54/core_profile/measurements/layer_parent_stats/latency_buckets/0	integer	0
/54/core_profile/measurements/layer_parent_stats/latency_buckets/1	integer	0
/54/core_profile/measurements/layer_parent_stats/latency_buckets/2	integer	0
/54/core_profile/measurements/layer_parent_stats/latency_buckets/3	integer	0
/54/core_profile/measurements/layer_parent_stats/latency_buckets/4	integer	0
/54/core_profile/measurements/layer_parent_stats/max_ns	integer	0
/54/core_profile/measurements/layer_parent_stats/total_ns	integer	0
/54/core_profile/measurements/layer_parent_stats/units	integer	8192
/54/core_profile/measurements/metadata	object	-
/54/core_profile/measurements/metadata/calls	integer	4128
/54/core_profile/measurements/metadata/latency_buckets	array	-
/54/core_profile/measurements/metadata/latency_buckets/0	integer	4128
/54/core_profile/measurements/metadata/latency_buckets/1	integer	0
/54/core_profile/measurements/metadata/latency_buckets/2	integer	0
/54/core_profile/measurements/metadata/latency_buckets/3	integer	0
/54/core_profile/measurements/metadata/latency_buckets/4	integer	0
/54/core_profile/measurements/metadata/max_ns	integer	225010
/54/core_profile/measurements/metadata/total_ns	integer	22765925
/54/core_profile/measurements/metadata/units	integer	0
/54/core_profile/measurements/mount_identity_attempts	object	-
/54/core_profile/measurements/mount_identity_attempts/calls	integer	0
/54/core_profile/measurements/mount_identity_attempts/latency_buckets	array	-
/54/core_profile/measurements/mount_identity_attempts/latency_buckets/0	integer	0
/54/core_profile/measurements/mount_identity_attempts/latency_buckets/1	integer	0
/54/core_profile/measurements/mount_identity_attempts/latency_buckets/2	integer	0
/54/core_profile/measurements/mount_identity_attempts/latency_buckets/3	integer	0
/54/core_profile/measurements/mount_identity_attempts/latency_buckets/4	integer	0
/54/core_profile/measurements/mount_identity_attempts/max_ns	integer	0
/54/core_profile/measurements/mount_identity_attempts/total_ns	integer	0
/54/core_profile/measurements/mount_identity_attempts/units	integer	4096
/54/core_profile/measurements/opaque_probe	object	-
/54/core_profile/measurements/opaque_probe/calls	integer	4128
/54/core_profile/measurements/opaque_probe/latency_buckets	array	-
/54/core_profile/measurements/opaque_probe/latency_buckets/0	integer	4128
/54/core_profile/measurements/opaque_probe/latency_buckets/1	integer	0
/54/core_profile/measurements/opaque_probe/latency_buckets/2	integer	0
/54/core_profile/measurements/opaque_probe/latency_buckets/3	integer	0
/54/core_profile/measurements/opaque_probe/latency_buckets/4	integer	0
/54/core_profile/measurements/opaque_probe/max_ns	integer	175948
/54/core_profile/measurements/opaque_probe/total_ns	integer	3703634
/54/core_profile/measurements/opaque_probe/units	integer	0
/54/core_profile/measurements/resolve	object	-
/54/core_profile/measurements/resolve/calls	integer	4128
/54/core_profile/measurements/resolve/latency_buckets	array	-
/54/core_profile/measurements/resolve/latency_buckets/0	integer	4128
/54/core_profile/measurements/resolve/latency_buckets/1	integer	0
/54/core_profile/measurements/resolve/latency_buckets/2	integer	0
/54/core_profile/measurements/resolve/latency_buckets/3	integer	0
/54/core_profile/measurements/resolve/latency_buckets/4	integer	0
/54/core_profile/measurements/resolve/max_ns	integer	224930
/54/core_profile/measurements/resolve/total_ns	integer	22459155
/54/core_profile/measurements/resolve/units	integer	0
/54/core_profile/measurements/resolve_components	object	-
/54/core_profile/measurements/resolve_components/calls	integer	0
/54/core_profile/measurements/resolve_components/latency_buckets	array	-
/54/core_profile/measurements/resolve_components/latency_buckets/0	integer	0
/54/core_profile/measurements/resolve_components/latency_buckets/1	integer	0
/54/core_profile/measurements/resolve_components/latency_buckets/2	integer	0
/54/core_profile/measurements/resolve_components/latency_buckets/3	integer	0
/54/core_profile/measurements/resolve_components/latency_buckets/4	integer	0
/54/core_profile/measurements/resolve_components/max_ns	integer	0
/54/core_profile/measurements/resolve_components/total_ns	integer	0
/54/core_profile/measurements/resolve_components/units	integer	8224
/54/core_profile/measurements/unavailable_upper_marker_skips	object	-
/54/core_profile/measurements/unavailable_upper_marker_skips/calls	integer	0
/54/core_profile/measurements/unavailable_upper_marker_skips/latency_buckets	array	-
/54/core_profile/measurements/unavailable_upper_marker_skips/latency_buckets/0	integer	0
/54/core_profile/measurements/unavailable_upper_marker_skips/latency_buckets/1	integer	0
/54/core_profile/measurements/unavailable_upper_marker_skips/latency_buckets/2	integer	0
/54/core_profile/measurements/unavailable_upper_marker_skips/latency_buckets/3	integer	0
/54/core_profile/measurements/unavailable_upper_marker_skips/latency_buckets/4	integer	0
/54/core_profile/measurements/unavailable_upper_marker_skips/max_ns	integer	0
/54/core_profile/measurements/unavailable_upper_marker_skips/total_ns	integer	0
/54/core_profile/measurements/unavailable_upper_marker_skips/units	integer	4096
/54/core_profile/measurements/whiteout_probe	object	-
/54/core_profile/measurements/whiteout_probe/calls	integer	4128
/54/core_profile/measurements/whiteout_probe/latency_buckets	array	-
/54/core_profile/measurements/whiteout_probe/latency_buckets/0	integer	4128
/54/core_profile/measurements/whiteout_probe/latency_buckets/1	integer	0
/54/core_profile/measurements/whiteout_probe/latency_buckets/2	integer	0
/54/core_profile/measurements/whiteout_probe/latency_buckets/3	integer	0
/54/core_profile/measurements/whiteout_probe/latency_buckets/4	integer	0
/54/core_profile/measurements/whiteout_probe/max_ns	integer	16590
/54/core_profile/measurements/whiteout_probe/total_ns	integer	2500845
/54/core_profile/measurements/whiteout_probe/units	integer	0
/54/core_profile/pid	integer	160
/54/core_profile/schema	integer	2
/54/elapsed_ms	float	28.802804000000002
/54/profiled	boolean	true
/54/scope	string	adapter-only, host cache warm, fresh inode tables; no guest kernel/VM
/54/trial	integer	10
/54/variant	string	candidate
/54/warmup	boolean	false
/55	object	-
/55/adapter_profile	null	null
/55/batch	integer	0
/55/case	string	lookup_open_getattr
/55/core_profile	null	null
/55/elapsed_ms	float	28.392117000000002
/55/profiled	boolean	false
/55/scope	string	adapter-only, host cache warm, fresh inode tables; no guest kernel/VM
/55/trial	integer	0
/55/variant	string	candidate
/55/warmup	boolean	true
/56	object	-
/56/adapter_profile	null	null
/56/batch	integer	0
/56/case	string	lookup_open_getattr
/56/core_profile	null	null
/56/elapsed_ms	float	27.996369
/56/profiled	boolean	false
/56/scope	string	adapter-only, host cache warm, fresh inode tables; no guest kernel/VM
/56/trial	integer	1
/56/variant	string	candidate
/56/warmup	boolean	true
/57	object	-
/57/adapter_profile	null	null
/57/batch	integer	0
/57/case	string	lookup_open_getattr
/57/core_profile	null	null
/57/elapsed_ms	float	27.705424999999998
/57/profiled	boolean	false
/57/scope	string	adapter-only, host cache warm, fresh inode tables; no guest kernel/VM
/57/trial	integer	2
/57/variant	string	candidate
/57/warmup	boolean	false
/58	object	-
/58/adapter_profile	null	null
/58/batch	integer	0
/58/case	string	lookup_open_getattr
/58/core_profile	null	null
/58/elapsed_ms	float	28.059898
/58/profiled	boolean	false
/58/scope	string	adapter-only, host cache warm, fresh inode tables; no guest kernel/VM
/58/trial	integer	3
/58/variant	string	candidate
/58/warmup	boolean	false
/59	object	-
/59/adapter_profile	null	null
/59/batch	integer	0
/59/case	string	lookup_open_getattr
/59/core_profile	null	null
/59/elapsed_ms	float	28.043367
/59/profiled	boolean	false
/59/scope	string	adapter-only, host cache warm, fresh inode tables; no guest kernel/VM
/59/trial	integer	4
/59/variant	string	candidate
/59/warmup	boolean	false
/60	object	-
/60/adapter_profile	null	null
/60/batch	integer	0
/60/case	string	lookup_open_getattr
/60/core_profile	null	null
/60/elapsed_ms	float	28.136630999999998
/60/profiled	boolean	false
/60/scope	string	adapter-only, host cache warm, fresh inode tables; no guest kernel/VM
/60/trial	integer	5
/60/variant	string	candidate
/60/warmup	boolean	false
/61	object	-
/61/adapter_profile	null	null
/61/batch	integer	0
/61/case	string	lookup_open_getattr
/61/core_profile	null	null
/61/elapsed_ms	float	27.890551
/61/profiled	boolean	false
/61/scope	string	adapter-only, host cache warm, fresh inode tables; no guest kernel/VM
/61/trial	integer	6
/61/variant	string	candidate
/61/warmup	boolean	false
/62	object	-
/62/adapter_profile	null	null
/62/batch	integer	0
/62/case	string	lookup_open_getattr
/62/core_profile	null	null
/62/elapsed_ms	float	28.233932
/62/profiled	boolean	false
/62/scope	string	adapter-only, host cache warm, fresh inode tables; no guest kernel/VM
/62/trial	integer	7
/62/variant	string	candidate
/62/warmup	boolean	false
/63	object	-
/63/adapter_profile	null	null
/63/batch	integer	0
/63/case	string	lookup_open_getattr
/63/core_profile	null	null
/63/elapsed_ms	float	28.500870000000003
/63/profiled	boolean	false
/63/scope	string	adapter-only, host cache warm, fresh inode tables; no guest kernel/VM
/63/trial	integer	8
/63/variant	string	candidate
/63/warmup	boolean	false
/64	object	-
/64/adapter_profile	null	null
/64/batch	integer	0
/64/case	string	lookup_open_getattr
/64/core_profile	null	null
/64/elapsed_ms	float	28.40966
/64/profiled	boolean	false
/64/scope	string	adapter-only, host cache warm, fresh inode tables; no guest kernel/VM
/64/trial	integer	9
/64/variant	string	candidate
/64/warmup	boolean	false
/65	object	-
/65/adapter_profile	object	-
/65/adapter_profile/component	string	virtio-fs-overlay
/65/adapter_profile/final_record	boolean	false
/65/adapter_profile/inclusive_spans	boolean	true
/65/adapter_profile/instance	integer	3
/65/adapter_profile/measurements	object	-
/65/adapter_profile/measurements/backing_lookup	object	-
/65/adapter_profile/measurements/backing_lookup/calls	integer	4160
/65/adapter_profile/measurements/backing_lookup/latency_buckets	array	-
/65/adapter_profile/measurements/backing_lookup/latency_buckets/0	integer	4160
/65/adapter_profile/measurements/backing_lookup/latency_buckets/1	integer	0
/65/adapter_profile/measurements/backing_lookup/latency_buckets/2	integer	0
/65/adapter_profile/measurements/backing_lookup/latency_buckets/3	integer	0
/65/adapter_profile/measurements/backing_lookup/latency_buckets/4	integer	0
/65/adapter_profile/measurements/backing_lookup/max_ns	integer	1683
/65/adapter_profile/measurements/backing_lookup/total_ns	integer	2005982
/65/adapter_profile/measurements/backing_lookup/units	integer	0
/65/adapter_profile/measurements/directory_cache_deep_hits	object	-
/65/adapter_profile/measurements/directory_cache_deep_hits/calls	integer	0
/65/adapter_profile/measurements/directory_cache_deep_hits/latency_buckets	array	-
/65/adapter_profile/measurements/directory_cache_deep_hits/latency_buckets/0	integer	0
/65/adapter_profile/measurements/directory_cache_deep_hits/latency_buckets/1	integer	0
/65/adapter_profile/measurements/directory_cache_deep_hits/latency_buckets/2	integer	0
/65/adapter_profile/measurements/directory_cache_deep_hits/latency_buckets/3	integer	0
/65/adapter_profile/measurements/directory_cache_deep_hits/latency_buckets/4	integer	0
/65/adapter_profile/measurements/directory_cache_deep_hits/max_ns	integer	0
/65/adapter_profile/measurements/directory_cache_deep_hits/total_ns	integer	0
/65/adapter_profile/measurements/directory_cache_deep_hits/units	integer	4064
/65/adapter_profile/measurements/directory_cache_misses	object	-
/65/adapter_profile/measurements/directory_cache_misses/calls	integer	0
/65/adapter_profile/measurements/directory_cache_misses/latency_buckets	array	-
/65/adapter_profile/measurements/directory_cache_misses/latency_buckets/0	integer	0
/65/adapter_profile/measurements/directory_cache_misses/latency_buckets/1	integer	0
/65/adapter_profile/measurements/directory_cache_misses/latency_buckets/2	integer	0
/65/adapter_profile/measurements/directory_cache_misses/latency_buckets/3	integer	0
/65/adapter_profile/measurements/directory_cache_misses/latency_buckets/4	integer	0
/65/adapter_profile/measurements/directory_cache_misses/max_ns	integer	0
/65/adapter_profile/measurements/directory_cache_misses/total_ns	integer	0
/65/adapter_profile/measurements/directory_cache_misses/units	integer	32
/65/adapter_profile/measurements/entry	object	-
/65/adapter_profile/measurements/entry/calls	integer	2080
/65/adapter_profile/measurements/entry/latency_buckets	array	-
/65/adapter_profile/measurements/entry/latency_buckets/0	integer	2080
/65/adapter_profile/measurements/entry/latency_buckets/1	integer	0
/65/adapter_profile/measurements/entry/latency_buckets/2	integer	0
/65/adapter_profile/measurements/entry/latency_buckets/3	integer	0
/65/adapter_profile/measurements/entry/latency_buckets/4	integer	0
/65/adapter_profile/measurements/entry/max_ns	integer	3116
/65/adapter_profile/measurements/entry/total_ns	integer	2146612
/65/adapter_profile/measurements/entry/units	integer	0
/65/adapter_profile/measurements/getattr	object	-
/65/adapter_profile/measurements/getattr/calls	integer	2048
/65/adapter_profile/measurements/getattr/latency_buckets	array	-
/65/adapter_profile/measurements/getattr/latency_buckets/0	integer	2048
/65/adapter_profile/measurements/getattr/latency_buckets/1	integer	0
/65/adapter_profile/measurements/getattr/latency_buckets/2	integer	0
/65/adapter_profile/measurements/getattr/latency_buckets/3	integer	0
/65/adapter_profile/measurements/getattr/latency_buckets/4	integer	0
/65/adapter_profile/measurements/getattr/max_ns	integer	310
/65/adapter_profile/measurements/getattr/total_ns	integer	441228
/65/adapter_profile/measurements/getattr/units	integer	0
/65/adapter_profile/measurements/inner_inode	object	-
/65/adapter_profile/measurements/inner_inode/calls	integer	4128
/65/adapter_profile/measurements/inner_inode/latency_buckets	array	-
/65/adapter_profile/measurements/inner_inode/latency_buckets/0	integer	4128
/65/adapter_profile/measurements/inner_inode/latency_buckets/1	integer	0
/65/adapter_profile/measurements/inner_inode/latency_buckets/2	integer	0
/65/adapter_profile/measurements/inner_inode/latency_buckets/3	integer	0
/65/adapter_profile/measurements/inner_inode/latency_buckets/4	integer	0
/65/adapter_profile/measurements/inner_inode/max_ns	integer	2835
/65/adapter_profile/measurements/inner_inode/total_ns	integer	3108486
/65/adapter_profile/measurements/inner_inode/units	integer	0
/65/adapter_profile/measurements/lookup	object	-
/65/adapter_profile/measurements/lookup/calls	integer	2080
/65/adapter_profile/measurements/lookup/latency_buckets	array	-
/65/adapter_profile/measurements/lookup/latency_buckets/0	integer	2080
/65/adapter_profile/measurements/lookup/latency_buckets/1	integer	0
/65/adapter_profile/measurements/lookup/latency_buckets/2	integer	0
/65/adapter_profile/measurements/lookup/latency_buckets/3	integer	0
/65/adapter_profile/measurements/lookup/latency_buckets/4	integer	0
/65/adapter_profile/measurements/lookup/max_ns	integer	454008
/65/adapter_profile/measurements/lookup/total_ns	integer	15766332
/65/adapter_profile/measurements/lookup/units	integer	0
/65/adapter_profile/measurements/open	object	-
/65/adapter_profile/measurements/open/calls	integer	2048
/65/adapter_profile/measurements/open/latency_buckets	array	-
/65/adapter_profile/measurements/open/latency_buckets/0	integer	2048
/65/adapter_profile/measurements/open/latency_buckets/1	integer	0
/65/adapter_profile/measurements/open/latency_buckets/2	integer	0
/65/adapter_profile/measurements/open/latency_buckets/3	integer	0
/65/adapter_profile/measurements/open/latency_buckets/4	integer	0
/65/adapter_profile/measurements/open/max_ns	integer	557441
/65/adapter_profile/measurements/open/total_ns	integer	14765175
/65/adapter_profile/measurements/open/units	integer	0
/65/adapter_profile/pid	integer	160
/65/adapter_profile/schema	integer	2
/65/batch	integer	0
/65/case	string	lookup_open_getattr
/65/core_profile	object	-
/65/core_profile/component	string	overlay-core
/65/core_profile/final_record	boolean	false
/65/core_profile/inclusive_spans	boolean	true
/65/core_profile/instance	integer	4
/65/core_profile/measurements	object	-
/65/core_profile/measurements/layer_leaf_stats	object	-
/65/core_profile/measurements/layer_leaf_stats/calls	integer	0
/65/core_profile/measurements/layer_leaf_stats/latency_buckets	array	-
/65/core_profile/measurements/layer_leaf_stats/latency_buckets/0	integer	0
/65/core_profile/measurements/layer_leaf_stats/latency_buckets/1	integer	0
/65/core_profile/measurements/layer_leaf_stats/latency_buckets/2	integer	0
/65/core_profile/measurements/layer_leaf_stats/latency_buckets/3	integer	0
/65/core_profile/measurements/layer_leaf_stats/latency_buckets/4	integer	0
/65/core_profile/measurements/layer_leaf_stats/max_ns	integer	0
/65/core_profile/measurements/layer_leaf_stats/total_ns	integer	0
/65/core_profile/measurements/layer_leaf_stats/units	integer	12352
/65/core_profile/measurements/layer_parent_stats	object	-
/65/core_profile/measurements/layer_parent_stats/calls	integer	0
/65/core_profile/measurements/layer_parent_stats/latency_buckets	array	-
/65/core_profile/measurements/layer_parent_stats/latency_buckets/0	integer	0
/65/core_profile/measurements/layer_parent_stats/latency_buckets/1	integer	0
/65/core_profile/measurements/layer_parent_stats/latency_buckets/2	integer	0
/65/core_profile/measurements/layer_parent_stats/latency_buckets/3	integer	0
/65/core_profile/measurements/layer_parent_stats/latency_buckets/4	integer	0
/65/core_profile/measurements/layer_parent_stats/max_ns	integer	0
/65/core_profile/measurements/layer_parent_stats/total_ns	integer	0
/65/core_profile/measurements/layer_parent_stats/units	integer	8192
/65/core_profile/measurements/metadata	object	-
/65/core_profile/measurements/metadata/calls	integer	4128
/65/core_profile/measurements/metadata/latency_buckets	array	-
/65/core_profile/measurements/metadata/latency_buckets/0	integer	4128
/65/core_profile/measurements/metadata/latency_buckets/1	integer	0
/65/core_profile/measurements/metadata/latency_buckets/2	integer	0
/65/core_profile/measurements/metadata/latency_buckets/3	integer	0
/65/core_profile/measurements/metadata/latency_buckets/4	integer	0
/65/core_profile/measurements/metadata/max_ns	integer	555287
/65/core_profile/measurements/metadata/total_ns	integer	23792626
/65/core_profile/measurements/metadata/units	integer	0
/65/core_profile/measurements/mount_identity_attempts	object	-
/65/core_profile/measurements/mount_identity_attempts/calls	integer	0
/65/core_profile/measurements/mount_identity_attempts/latency_buckets	array	-
/65/core_profile/measurements/mount_identity_attempts/latency_buckets/0	integer	0
/65/core_profile/measurements/mount_identity_attempts/latency_buckets/1	integer	0
/65/core_profile/measurements/mount_identity_attempts/latency_buckets/2	integer	0
/65/core_profile/measurements/mount_identity_attempts/latency_buckets/3	integer	0
/65/core_profile/measurements/mount_identity_attempts/latency_buckets/4	integer	0
/65/core_profile/measurements/mount_identity_attempts/max_ns	integer	0
/65/core_profile/measurements/mount_identity_attempts/total_ns	integer	0
/65/core_profile/measurements/mount_identity_attempts/units	integer	4096
/65/core_profile/measurements/observe_read	object	-
/65/core_profile/measurements/observe_read/calls	integer	2048
/65/core_profile/measurements/observe_read/latency_buckets	array	-
/65/core_profile/measurements/observe_read/latency_buckets/0	integer	2048
/65/core_profile/measurements/observe_read/latency_buckets/1	integer	0
/65/core_profile/measurements/observe_read/latency_buckets/2	integer	0
/65/core_profile/measurements/observe_read/latency_buckets/3	integer	0
/65/core_profile/measurements/observe_read/latency_buckets/4	integer	0
/65/core_profile/measurements/observe_read/max_ns	integer	555347
/65/core_profile/measurements/observe_read/total_ns	integer	11398275
/65/core_profile/measurements/observe_read/units	integer	0
/65/core_profile/measurements/opaque_probe	object	-
/65/core_profile/measurements/opaque_probe/calls	integer	4128
/65/core_profile/measurements/opaque_probe/latency_buckets	array	-
/65/core_profile/measurements/opaque_probe/latency_buckets/0	integer	4128
/65/core_profile/measurements/opaque_probe/latency_buckets/1	integer	0
/65/core_profile/measurements/opaque_probe/latency_buckets/2	integer	0
/65/core_profile/measurements/opaque_probe/latency_buckets/3	integer	0
/65/core_profile/measurements/opaque_probe/latency_buckets/4	integer	0
/65/core_profile/measurements/opaque_probe/max_ns	integer	8105
/65/core_profile/measurements/opaque_probe/total_ns	integer	3543445
/65/core_profile/measurements/opaque_probe/units	integer	0
/65/core_profile/measurements/resolve	object	-
/65/core_profile/measurements/resolve/calls	integer	4128
/65/core_profile/measurements/resolve/latency_buckets	array	-
/65/core_profile/measurements/resolve/latency_buckets/0	integer	4128
/65/core_profile/measurements/resolve/latency_buckets/1	integer	0
/65/core_profile/measurements/resolve/latency_buckets/2	integer	0
/65/core_profile/measurements/resolve/latency_buckets/3	integer	0
/65/core_profile/measurements/resolve/latency_buckets/4	integer	0
/65/core_profile/measurements/resolve/max_ns	integer	555177
/65/core_profile/measurements/resolve/total_ns	integer	23467073
/65/core_profile/measurements/resolve/units	integer	0
/65/core_profile/measurements/resolve_components	object	-
/65/core_profile/measurements/resolve_components/calls	integer	0
/65/core_profile/measurements/resolve_components/latency_buckets	array	-
/65/core_profile/measurements/resolve_components/latency_buckets/0	integer	0
/65/core_profile/measurements/resolve_components/latency_buckets/1	integer	0
/65/core_profile/measurements/resolve_components/latency_buckets/2	integer	0
/65/core_profile/measurements/resolve_components/latency_buckets/3	integer	0
/65/core_profile/measurements/resolve_components/latency_buckets/4	integer	0
/65/core_profile/measurements/resolve_components/max_ns	integer	0
/65/core_profile/measurements/resolve_components/total_ns	integer	0
/65/core_profile/measurements/resolve_components/units	integer	8224
/65/core_profile/measurements/unavailable_upper_marker_skips	object	-
/65/core_profile/measurements/unavailable_upper_marker_skips/calls	integer	0
/65/core_profile/measurements/unavailable_upper_marker_skips/latency_buckets	array	-
/65/core_profile/measurements/unavailable_upper_marker_skips/latency_buckets/0	integer	0
/65/core_profile/measurements/unavailable_upper_marker_skips/latency_buckets/1	integer	0
/65/core_profile/measurements/unavailable_upper_marker_skips/latency_buckets/2	integer	0
/65/core_profile/measurements/unavailable_upper_marker_skips/latency_buckets/3	integer	0
/65/core_profile/measurements/unavailable_upper_marker_skips/latency_buckets/4	integer	0
/65/core_profile/measurements/unavailable_upper_marker_skips/max_ns	integer	0
/65/core_profile/measurements/unavailable_upper_marker_skips/total_ns	integer	0
/65/core_profile/measurements/unavailable_upper_marker_skips/units	integer	4096
/65/core_profile/measurements/whiteout_probe	object	-
/65/core_profile/measurements/whiteout_probe/calls	integer	4128
/65/core_profile/measurements/whiteout_probe/latency_buckets	array	-
/65/core_profile/measurements/whiteout_probe/latency_buckets/0	integer	4128
/65/core_profile/measurements/whiteout_probe/latency_buckets/1	integer	0
/65/core_profile/measurements/whiteout_probe/latency_buckets/2	integer	0
/65/core_profile/measurements/whiteout_probe/latency_buckets/3	integer	0
/65/core_profile/measurements/whiteout_probe/latency_buckets/4	integer	0
/65/core_profile/measurements/whiteout_probe/max_ns	integer	8677
/65/core_profile/measurements/whiteout_probe/total_ns	integer	2568442
/65/core_profile/measurements/whiteout_probe/units	integer	0
/65/core_profile/pid	integer	160
/65/core_profile/schema	integer	2
/65/elapsed_ms	float	32.099379
/65/profiled	boolean	true
/65/scope	string	adapter-only, host cache warm, fresh inode tables; no guest kernel/VM
/65/trial	integer	10
/65/variant	string	candidate
/65/warmup	boolean	false
/66	object	-
/66/adapter_profile	null	null
/66/batch	integer	0
/66/case	string	deep_lookup_open_getattr
/66/core_profile	null	null
/66/elapsed_ms	float	112.917896
/66/profiled	boolean	false
/66/scope	string	adapter-only, host cache warm, fresh inode tables; no guest kernel/VM
/66/trial	integer	0
/66/variant	string	candidate
/66/warmup	boolean	true
/67	object	-
/67/adapter_profile	null	null
/67/batch	integer	0
/67/case	string	deep_lookup_open_getattr
/67/core_profile	null	null
/67/elapsed_ms	float	97.01158799999999
/67/profiled	boolean	false
/67/scope	string	adapter-only, host cache warm, fresh inode tables; no guest kernel/VM
/67/trial	integer	1
/67/variant	string	candidate
/67/warmup	boolean	true
/68	object	-
/68/adapter_profile	null	null
/68/batch	integer	0
/68/case	string	deep_lookup_open_getattr
/68/core_profile	null	null
/68/elapsed_ms	float	96.630848
/68/profiled	boolean	false
/68/scope	string	adapter-only, host cache warm, fresh inode tables; no guest kernel/VM
/68/trial	integer	2
/68/variant	string	candidate
/68/warmup	boolean	false
/69	object	-
/69/adapter_profile	null	null
/69/batch	integer	0
/69/case	string	deep_lookup_open_getattr
/69/core_profile	null	null
/69/elapsed_ms	float	96.6214
/69/profiled	boolean	false
/69/scope	string	adapter-only, host cache warm, fresh inode tables; no guest kernel/VM
/69/trial	integer	3
/69/variant	string	candidate
/69/warmup	boolean	false
/70	object	-
/70/adapter_profile	null	null
/70/batch	integer	0
/70/case	string	deep_lookup_open_getattr
/70/core_profile	null	null
/70/elapsed_ms	float	96.712451
/70/profiled	boolean	false
/70/scope	string	adapter-only, host cache warm, fresh inode tables; no guest kernel/VM
/70/trial	integer	4
/70/variant	string	candidate
/70/warmup	boolean	false
/71	object	-
/71/adapter_profile	null	null
/71/batch	integer	0
/71/case	string	deep_lookup_open_getattr
/71/core_profile	null	null
/71/elapsed_ms	float	96.29296699999999
/71/profiled	boolean	false
/71/scope	string	adapter-only, host cache warm, fresh inode tables; no guest kernel/VM
/71/trial	integer	5
/71/variant	string	candidate
/71/warmup	boolean	false
/72	object	-
/72/adapter_profile	null	null
/72/batch	integer	0
/72/case	string	deep_lookup_open_getattr
/72/core_profile	null	null
/72/elapsed_ms	float	96.487961
/72/profiled	boolean	false
/72/scope	string	adapter-only, host cache warm, fresh inode tables; no guest kernel/VM
/72/trial	integer	6
/72/variant	string	candidate
/72/warmup	boolean	false
/73	object	-
/73/adapter_profile	null	null
/73/batch	integer	0
/73/case	string	deep_lookup_open_getattr
/73/core_profile	null	null
/73/elapsed_ms	float	96.838977
/73/profiled	boolean	false
/73/scope	string	adapter-only, host cache warm, fresh inode tables; no guest kernel/VM
/73/trial	integer	7
/73/variant	string	candidate
/73/warmup	boolean	false
/74	object	-
/74/adapter_profile	null	null
/74/batch	integer	0
/74/case	string	deep_lookup_open_getattr
/74/core_profile	null	null
/74/elapsed_ms	float	96.113362
/74/profiled	boolean	false
/74/scope	string	adapter-only, host cache warm, fresh inode tables; no guest kernel/VM
/74/trial	integer	8
/74/variant	string	candidate
/74/warmup	boolean	false
/75	object	-
/75/adapter_profile	null	null
/75/batch	integer	0
/75/case	string	deep_lookup_open_getattr
/75/core_profile	null	null
/75/elapsed_ms	float	97.889909
/75/profiled	boolean	false
/75/scope	string	adapter-only, host cache warm, fresh inode tables; no guest kernel/VM
/75/trial	integer	9
/75/variant	string	candidate
/75/warmup	boolean	false
/76	object	-
/76/adapter_profile	object	-
/76/adapter_profile/component	string	virtio-fs-overlay
/76/adapter_profile/final_record	boolean	false
/76/adapter_profile/inclusive_spans	boolean	true
/76/adapter_profile/instance	integer	5
/76/adapter_profile/measurements	object	-
/76/adapter_profile/measurements/backing_lookup	object	-
/76/adapter_profile/measurements/backing_lookup/calls	integer	4608
/76/adapter_profile/measurements/backing_lookup/latency_buckets	array	-
/76/adapter_profile/measurements/backing_lookup/latency_buckets/0	integer	4608
/76/adapter_profile/measurements/backing_lookup/latency_buckets/1	integer	0
/76/adapter_profile/measurements/backing_lookup/latency_buckets/2	integer	0
/76/adapter_profile/measurements/backing_lookup/latency_buckets/3	integer	0
/76/adapter_profile/measurements/backing_lookup/latency_buckets/4	integer	0
/76/adapter_profile/measurements/backing_lookup/max_ns	integer	2655
/76/adapter_profile/measurements/backing_lookup/total_ns	integer	2474837
/76/adapter_profile/measurements/backing_lookup/units	integer	0
/76/adapter_profile/measurements/directory_cache_deep_hits	object	-
/76/adapter_profile/measurements/directory_cache_deep_hits/calls	integer	0
/76/adapter_profile/measurements/directory_cache_deep_hits/latency_buckets	array	-
/76/adapter_profile/measurements/directory_cache_deep_hits/latency_buckets/0	integer	0
/76/adapter_profile/measurements/directory_cache_deep_hits/latency_buckets/1	integer	0
/76/adapter_profile/measurements/directory_cache_deep_hits/latency_buckets/2	integer	0
/76/adapter_profile/measurements/directory_cache_deep_hits/latency_buckets/3	integer	0
/76/adapter_profile/measurements/directory_cache_deep_hits/latency_buckets/4	integer	0
/76/adapter_profile/measurements/directory_cache_deep_hits/max_ns	integer	0
/76/adapter_profile/measurements/directory_cache_deep_hits/total_ns	integer	0
/76/adapter_profile/measurements/directory_cache_deep_hits/units	integer	4064
/76/adapter_profile/measurements/directory_cache_hits	object	-
/76/adapter_profile/measurements/directory_cache_hits/calls	integer	0
/76/adapter_profile/measurements/directory_cache_hits/latency_buckets	array	-
/76/adapter_profile/measurements/directory_cache_hits/latency_buckets/0	integer	0
/76/adapter_profile/measurements/directory_cache_hits/latency_buckets/1	integer	0
/76/adapter_profile/measurements/directory_cache_hits/latency_buckets/2	integer	0
/76/adapter_profile/measurements/directory_cache_hits/latency_buckets/3	integer	0
/76/adapter_profile/measurements/directory_cache_hits/latency_buckets/4	integer	0
/76/adapter_profile/measurements/directory_cache_hits/max_ns	integer	0
/76/adapter_profile/measurements/directory_cache_hits/total_ns	integer	0
/76/adapter_profile/measurements/directory_cache_hits/units	integer	896
/76/adapter_profile/measurements/directory_cache_misses	object	-
/76/adapter_profile/measurements/directory_cache_misses/calls	integer	0
/76/adapter_profile/measurements/directory_cache_misses/latency_buckets	array	-
/76/adapter_profile/measurements/directory_cache_misses/latency_buckets/0	integer	0
/76/adapter_profile/measurements/directory_cache_misses/latency_buckets/1	integer	0
/76/adapter_profile/measurements/directory_cache_misses/latency_buckets/2	integer	0
/76/adapter_profile/measurements/directory_cache_misses/latency_buckets/3	integer	0
/76/adapter_profile/measurements/directory_cache_misses/latency_buckets/4	integer	0
/76/adapter_profile/measurements/directory_cache_misses/max_ns	integer	0
/76/adapter_profile/measurements/directory_cache_misses/total_ns	integer	0
/76/adapter_profile/measurements/directory_cache_misses/units	integer	256
/76/adapter_profile/measurements/entry	object	-
/76/adapter_profile/measurements/entry/calls	integer	2304
/76/adapter_profile/measurements/entry/latency_buckets	array	-
/76/adapter_profile/measurements/entry/latency_buckets/0	integer	2304
/76/adapter_profile/measurements/entry/latency_buckets/1	integer	0
/76/adapter_profile/measurements/entry/latency_buckets/2	integer	0
/76/adapter_profile/measurements/entry/latency_buckets/3	integer	0
/76/adapter_profile/measurements/entry/latency_buckets/4	integer	0
/76/adapter_profile/measurements/entry/max_ns	integer	82764
/76/adapter_profile/measurements/entry/total_ns	integer	3193108
/76/adapter_profile/measurements/entry/units	integer	0
/76/adapter_profile/measurements/getattr	object	-
/76/adapter_profile/measurements/getattr/calls	integer	2048
/76/adapter_profile/measurements/getattr/latency_buckets	array	-
/76/adapter_profile/measurements/getattr/latency_buckets/0	integer	2048
/76/adapter_profile/measurements/getattr/latency_buckets/1	integer	0
/76/adapter_profile/measurements/getattr/latency_buckets/2	integer	0
/76/adapter_profile/measurements/getattr/latency_buckets/3	integer	0
/76/adapter_profile/measurements/getattr/latency_buckets/4	integer	0
/76/adapter_profile/measurements/getattr/max_ns	integer	692
/76/adapter_profile/measurements/getattr/total_ns	integer	448884
/76/adapter_profile/measurements/getattr/units	integer	0
/76/adapter_profile/measurements/inner_inode	object	-
/76/adapter_profile/measurements/inner_inode/calls	integer	4352
/76/adapter_profile/measurements/inner_inode/latency_buckets	array	-
/76/adapter_profile/measurements/inner_inode/latency_buckets/0	integer	4352
/76/adapter_profile/measurements/inner_inode/latency_buckets/1	integer	0
/76/adapter_profile/measurements/inner_inode/latency_buckets/2	integer	0
/76/adapter_profile/measurements/inner_inode/latency_buckets/3	integer	0
/76/adapter_profile/measurements/inner_inode/latency_buckets/4	integer	0
/76/adapter_profile/measurements/inner_inode/max_ns	integer	16441
/76/adapter_profile/measurements/inner_inode/total_ns	integer	4223506
/76/adapter_profile/measurements/inner_inode/units	integer	0
/76/adapter_profile/measurements/lookup	object	-
/76/adapter_profile/measurements/lookup/calls	integer	2304
/76/adapter_profile/measurements/lookup/latency_buckets	array	-
/76/adapter_profile/measurements/lookup/latency_buckets/0	integer	2304
/76/adapter_profile/measurements/lookup/latency_buckets/1	integer	0
/76/adapter_profile/measurements/lookup/latency_buckets/2	integer	0
/76/adapter_profile/measurements/lookup/latency_buckets/3	integer	0
/76/adapter_profile/measurements/lookup/latency_buckets/4	integer	0
/76/adapter_profile/measurements/lookup/max_ns	integer	199172
/76/adapter_profile/measurements/lookup/total_ns	integer	53109359
/76/adapter_profile/measurements/lookup/units	integer	0
/76/adapter_profile/measurements/open	object	-
/76/adapter_profile/measurements/open/calls	integer	2048
/76/adapter_profile/measurements/open/latency_buckets	array	-
/76/adapter_profile/measurements/open/latency_buckets/0	integer	2048
/76/adapter_profile/measurements/open/latency_buckets/1	integer	0
/76/adapter_profile/measurements/open/latency_buckets/2	integer	0
/76/adapter_profile/measurements/open/latency_buckets/3	integer	0
/76/adapter_profile/measurements/open/latency_buckets/4	integer	0
/76/adapter_profile/measurements/open/max_ns	integer	302194
/76/adapter_profile/measurements/open/total_ns	integer	49002836
/76/adapter_profile/measurements/open/units	integer	0
/76/adapter_profile/pid	integer	160
/76/adapter_profile/schema	integer	2
/76/batch	integer	0
/76/case	string	deep_lookup_open_getattr
/76/core_profile	object	-
/76/core_profile/component	string	overlay-core
/76/core_profile/final_record	boolean	false
/76/core_profile/inclusive_spans	boolean	true
/76/core_profile/instance	integer	6
/76/core_profile/measurements	object	-
/76/core_profile/measurements/layer_leaf_stats	object	-
/76/core_profile/measurements/layer_leaf_stats/calls	integer	0
/76/core_profile/measurements/layer_leaf_stats/latency_buckets	array	-
/76/core_profile/measurements/layer_leaf_stats/latency_buckets/0	integer	0
/76/core_profile/measurements/layer_leaf_stats/latency_buckets/1	integer	0
/76/core_profile/measurements/layer_leaf_stats/latency_buckets/2	integer	0
/76/core_profile/measurements/layer_leaf_stats/latency_buckets/3	integer	0
/76/core_profile/measurements/layer_leaf_stats/latency_buckets/4	integer	0
/76/core_profile/measurements/layer_leaf_stats/max_ns	integer	0
/76/core_profile/measurements/layer_leaf_stats/total_ns	integer	0
/76/core_profile/measurements/layer_leaf_stats/units	integer	42368
/76/core_profile/measurements/layer_parent_stats	object	-
/76/core_profile/measurements/layer_parent_stats/calls	integer	0
/76/core_profile/measurements/layer_parent_stats/latency_buckets	array	-
/76/core_profile/measurements/layer_parent_stats/latency_buckets/0	integer	0
/76/core_profile/measurements/layer_parent_stats/latency_buckets/1	integer	0
/76/core_profile/measurements/layer_parent_stats/latency_buckets/2	integer	0
/76/core_profile/measurements/layer_parent_stats/latency_buckets/3	integer	0
/76/core_profile/measurements/layer_parent_stats/latency_buckets/4	integer	0
/76/core_profile/measurements/layer_parent_stats/max_ns	integer	0
/76/core_profile/measurements/layer_parent_stats/total_ns	integer	0
/76/core_profile/measurements/layer_parent_stats/units	integer	67328
/76/core_profile/measurements/metadata	object	-
/76/core_profile/measurements/metadata/calls	integer	4352
/76/core_profile/measurements/metadata/latency_buckets	array	-
/76/core_profile/measurements/metadata/latency_buckets/0	integer	4352
/76/core_profile/measurements/metadata/latency_buckets/1	integer	0
/76/core_profile/measurements/metadata/latency_buckets/2	integer	0
/76/core_profile/measurements/metadata/latency_buckets/3	integer	0
/76/core_profile/measurements/metadata/latency_buckets/4	integer	0
/76/core_profile/measurements/metadata/max_ns	integer	299860
/76/core_profile/measurements/metadata/total_ns	integer	93375537
/76/core_profile/measurements/metadata/units	integer	0
/76/core_profile/measurements/mount_identity_attempts	object	-
/76/core_profile/measurements/mount_identity_attempts/calls	integer	0
/76/core_profile/measurements/mount_identity_attempts/latency_buckets	array	-
/76/core_profile/measurements/mount_identity_attempts/latency_buckets/0	integer	0
/76/core_profile/measurements/mount_identity_attempts/latency_buckets/1	integer	0
/76/core_profile/measurements/mount_identity_attempts/latency_buckets/2	integer	0
/76/core_profile/measurements/mount_identity_attempts/latency_buckets/3	integer	0
/76/core_profile/measurements/mount_identity_attempts/latency_buckets/4	integer	0
/76/core_profile/measurements/mount_identity_attempts/max_ns	integer	0
/76/core_profile/measurements/mount_identity_attempts/total_ns	integer	0
/76/core_profile/measurements/mount_identity_attempts/units	integer	33664
/76/core_profile/measurements/observe_read	object	-
/76/core_profile/measurements/observe_read/calls	integer	2048
/76/core_profile/measurements/observe_read/latency_buckets	array	-
/76/core_profile/measurements/observe_read/latency_buckets/0	integer	2048
/76/core_profile/measurements/observe_read/latency_buckets/1	integer	0
/76/core_profile/measurements/observe_read/latency_buckets/2	integer	0
/76/core_profile/measurements/observe_read/latency_buckets/3	integer	0
/76/core_profile/measurements/observe_read/latency_buckets/4	integer	0
/76/core_profile/measurements/observe_read/max_ns	integer	299930
/76/core_profile/measurements/observe_read/total_ns	integer	45156943
/76/core_profile/measurements/observe_read/units	integer	0
/76/core_profile/measurements/opaque_probe	object	-
/76/core_profile/measurements/opaque_probe/calls	integer	4352
/76/core_profile/measurements/opaque_probe/latency_buckets	array	-
/76/core_profile/measurements/opaque_probe/latency_buckets/0	integer	4352
/76/core_profile/measurements/opaque_probe/latency_buckets/1	integer	0
/76/core_profile/measurements/opaque_probe/latency_buckets/2	integer	0
/76/core_profile/measurements/opaque_probe/latency_buckets/3	integer	0
/76/core_profile/measurements/opaque_probe/latency_buckets/4	integer	0
/76/core_profile/measurements/opaque_probe/max_ns	integer	43962
/76/core_profile/measurements/opaque_probe/total_ns	integer	3995786
/76/core_profile/measurements/opaque_probe/units	integer	0
/76/core_profile/measurements/resolve	object	-
/76/core_profile/measurements/resolve/calls	integer	4352
/76/core_profile/measurements/resolve/latency_buckets	array	-
/76/core_profile/measurements/resolve/latency_buckets/0	integer	4352
/76/core_profile/measurements/resolve/latency_buckets/1	integer	0
/76/core_profile/measurements/resolve/latency_buckets/2	integer	0
/76/core_profile/measurements/resolve/latency_buckets/3	integer	0
/76/core_profile/measurements/resolve/latency_buckets/4	integer	0
/76/core_profile/measurements/resolve/max_ns	integer	299770
/76/core_profile/measurements/resolve/total_ns	integer	93025490
/76/core_profile/measurements/resolve/units	integer	0
/76/core_profile/measurements/resolve_components	object	-
/76/core_profile/measurements/resolve_components/calls	integer	0
/76/core_profile/measurements/resolve_components/latency_buckets	array	-
/76/core_profile/measurements/resolve_components/latency_buckets/0	integer	0
/76/core_profile/measurements/resolve_components/latency_buckets/1	integer	0
/76/core_profile/measurements/resolve_components/latency_buckets/2	integer	0
/76/core_profile/measurements/resolve_components/latency_buckets/3	integer	0
/76/core_profile/measurements/resolve_components/latency_buckets/4	integer	0
/76/core_profile/measurements/resolve_components/max_ns	integer	0
/76/core_profile/measurements/resolve_components/total_ns	integer	0
/76/core_profile/measurements/resolve_components/units	integer	38016
/76/core_profile/measurements/unavailable_upper_marker_skips	object	-
/76/core_profile/measurements/unavailable_upper_marker_skips/calls	integer	0
/76/core_profile/measurements/unavailable_upper_marker_skips/latency_buckets	array	-
/76/core_profile/measurements/unavailable_upper_marker_skips/latency_buckets/0	integer	0
/76/core_profile/measurements/unavailable_upper_marker_skips/latency_buckets/1	integer	0
/76/core_profile/measurements/unavailable_upper_marker_skips/latency_buckets/2	integer	0
/76/core_profile/measurements/unavailable_upper_marker_skips/latency_buckets/3	integer	0
/76/core_profile/measurements/unavailable_upper_marker_skips/latency_buckets/4	integer	0
/76/core_profile/measurements/unavailable_upper_marker_skips/max_ns	integer	0
/76/core_profile/measurements/unavailable_upper_marker_skips/total_ns	integer	0
/76/core_profile/measurements/unavailable_upper_marker_skips/units	integer	33664
/76/core_profile/measurements/whiteout_probe	object	-
/76/core_profile/measurements/whiteout_probe/calls	integer	4352
/76/core_profile/measurements/whiteout_probe/latency_buckets	array	-
/76/core_profile/measurements/whiteout_probe/latency_buckets/0	integer	4352
/76/core_profile/measurements/whiteout_probe/latency_buckets/1	integer	0
/76/core_profile/measurements/whiteout_probe/latency_buckets/2	integer	0
/76/core_profile/measurements/whiteout_probe/latency_buckets/3	integer	0
/76/core_profile/measurements/whiteout_probe/latency_buckets/4	integer	0
/76/core_profile/measurements/whiteout_probe/max_ns	integer	81983
/76/core_profile/measurements/whiteout_probe/total_ns	integer	2897009
/76/core_profile/measurements/whiteout_probe/units	integer	0
/76/core_profile/pid	integer	160
/76/core_profile/schema	integer	2
/76/elapsed_ms	float	103.766279
/76/profiled	boolean	true
/76/scope	string	adapter-only, host cache warm, fresh inode tables; no guest kernel/VM
/76/trial	integer	10
/76/variant	string	candidate
/76/warmup	boolean	false
/77	object	-
/77/adapter_profile	null	null
/77/batch	integer	0
/77/case	string	directory_plus
/77/core_profile	null	null
/77/elapsed_ms	float	21.254722
/77/profiled	boolean	false
/77/scope	string	adapter-only, host cache warm, fresh inode tables; no guest kernel/VM
/77/trial	integer	0
/77/variant	string	candidate
/77/warmup	boolean	true
/78	object	-
/78/adapter_profile	null	null
/78/batch	integer	0
/78/case	string	directory_plus
/78/core_profile	null	null
/78/elapsed_ms	float	20.188933
/78/profiled	boolean	false
/78/scope	string	adapter-only, host cache warm, fresh inode tables; no guest kernel/VM
/78/trial	integer	1
/78/variant	string	candidate
/78/warmup	boolean	true
/79	object	-
/79/adapter_profile	null	null
/79/batch	integer	0
/79/case	string	directory_plus
/79/core_profile	null	null
/79/elapsed_ms	float	20.786038
/79/profiled	boolean	false
/79/scope	string	adapter-only, host cache warm, fresh inode tables; no guest kernel/VM
/79/trial	integer	2
/79/variant	string	candidate
/79/warmup	boolean	false
/80	object	-
/80/adapter_profile	null	null
/80/batch	integer	0
/80/case	string	directory_plus
/80/core_profile	null	null
/80/elapsed_ms	float	20.931178000000003
/80/profiled	boolean	false
/80/scope	string	adapter-only, host cache warm, fresh inode tables; no guest kernel/VM
/80/trial	integer	3
/80/variant	string	candidate
/80/warmup	boolean	false
/81	object	-
/81/adapter_profile	null	null
/81/batch	integer	0
/81/case	string	directory_plus
/81/core_profile	null	null
/81/elapsed_ms	float	20.895872
/81/profiled	boolean	false
/81/scope	string	adapter-only, host cache warm, fresh inode tables; no guest kernel/VM
/81/trial	integer	4
/81/variant	string	candidate
/81/warmup	boolean	false
/82	object	-
/82/adapter_profile	null	null
/82/batch	integer	0
/82/case	string	directory_plus
/82/core_profile	null	null
/82/elapsed_ms	float	20.206063999999998
/82/profiled	boolean	false
/82/scope	string	adapter-only, host cache warm, fresh inode tables; no guest kernel/VM
/82/trial	integer	5
/82/variant	string	candidate
/82/warmup	boolean	false
/83	object	-
/83/adapter_profile	null	null
/83/batch	integer	0
/83/case	string	directory_plus
/83/core_profile	null	null
/83/elapsed_ms	float	20.731966
/83/profiled	boolean	false
/83/scope	string	adapter-only, host cache warm, fresh inode tables; no guest kernel/VM
/83/trial	integer	6
/83/variant	string	candidate
/83/warmup	boolean	false
/84	object	-
/84/adapter_profile	null	null
/84/batch	integer	0
/84/case	string	directory_plus
/84/core_profile	null	null
/84/elapsed_ms	float	20.028083
/84/profiled	boolean	false
/84/scope	string	adapter-only, host cache warm, fresh inode tables; no guest kernel/VM
/84/trial	integer	7
/84/variant	string	candidate
/84/warmup	boolean	false
/85	object	-
/85/adapter_profile	null	null
/85/batch	integer	0
/85/case	string	directory_plus
/85/core_profile	null	null
/85/elapsed_ms	float	19.812709
/85/profiled	boolean	false
/85/scope	string	adapter-only, host cache warm, fresh inode tables; no guest kernel/VM
/85/trial	integer	8
/85/variant	string	candidate
/85/warmup	boolean	false
/86	object	-
/86/adapter_profile	null	null
/86/batch	integer	0
/86/case	string	directory_plus
/86/core_profile	null	null
/86/elapsed_ms	float	19.971537
/86/profiled	boolean	false
/86/scope	string	adapter-only, host cache warm, fresh inode tables; no guest kernel/VM
/86/trial	integer	9
/86/variant	string	candidate
/86/warmup	boolean	false
/87	object	-
/87/adapter_profile	object	-
/87/adapter_profile/component	string	virtio-fs-overlay
/87/adapter_profile/final_record	boolean	false
/87/adapter_profile/inclusive_spans	boolean	true
/87/adapter_profile/instance	integer	7
/87/adapter_profile/measurements	object	-
/87/adapter_profile/measurements/backing_lookup	object	-
/87/adapter_profile/measurements/backing_lookup/calls	integer	2112
/87/adapter_profile/measurements/backing_lookup/latency_buckets	array	-
/87/adapter_profile/measurements/backing_lookup/latency_buckets/0	integer	2112
/87/adapter_profile/measurements/backing_lookup/latency_buckets/1	integer	0
/87/adapter_profile/measurements/backing_lookup/latency_buckets/2	integer	0
/87/adapter_profile/measurements/backing_lookup/latency_buckets/3	integer	0
/87/adapter_profile/measurements/backing_lookup/latency_buckets/4	integer	0
/87/adapter_profile/measurements/backing_lookup/max_ns	integer	1954
/87/adapter_profile/measurements/backing_lookup/total_ns	integer	974501
/87/adapter_profile/measurements/backing_lookup/units	integer	0
/87/adapter_profile/measurements/directory_cache_deep_hits	object	-
/87/adapter_profile/measurements/directory_cache_deep_hits/calls	integer	0
/87/adapter_profile/measurements/directory_cache_deep_hits/latency_buckets	array	-
/87/adapter_profile/measurements/directory_cache_deep_hits/latency_buckets/0	integer	0
/87/adapter_profile/measurements/directory_cache_deep_hits/latency_buckets/1	integer	0
/87/adapter_profile/measurements/directory_cache_deep_hits/latency_buckets/2	integer	0
/87/adapter_profile/measurements/directory_cache_deep_hits/latency_buckets/3	integer	0
/87/adapter_profile/measurements/directory_cache_deep_hits/latency_buckets/4	integer	0
/87/adapter_profile/measurements/directory_cache_deep_hits/max_ns	integer	0
/87/adapter_profile/measurements/directory_cache_deep_hits/total_ns	integer	0
/87/adapter_profile/measurements/directory_cache_deep_hits/units	integer	2016
/87/adapter_profile/measurements/directory_cache_misses	object	-
/87/adapter_profile/measurements/directory_cache_misses/calls	integer	0
/87/adapter_profile/measurements/directory_cache_misses/latency_buckets	array	-
/87/adapter_profile/measurements/directory_cache_misses/latency_buckets/0	integer	0
/87/adapter_profile/measurements/directory_cache_misses/latency_buckets/1	integer	0
/87/adapter_profile/measurements/directory_cache_misses/latency_buckets/2	integer	0
/87/adapter_profile/measurements/directory_cache_misses/latency_buckets/3	integer	0
/87/adapter_profile/measurements/directory_cache_misses/latency_buckets/4	integer	0
/87/adapter_profile/measurements/directory_cache_misses/max_ns	integer	0
/87/adapter_profile/measurements/directory_cache_misses/total_ns	integer	0
/87/adapter_profile/measurements/directory_cache_misses/units	integer	32
/87/adapter_profile/measurements/entry	object	-
/87/adapter_profile/measurements/entry/calls	integer	2080
/87/adapter_profile/measurements/entry/latency_buckets	array	-
/87/adapter_profile/measurements/entry/latency_buckets/0	integer	2080
/87/adapter_profile/measurements/entry/latency_buckets/1	integer	0
/87/adapter_profile/measurements/entry/latency_buckets/2	integer	0
/87/adapter_profile/measurements/entry/latency_buckets/3	integer	0
/87/adapter_profile/measurements/entry/latency_buckets/4	integer	0
/87/adapter_profile/measurements/entry/max_ns	integer	124933
/87/adapter_profile/measurements/entry/total_ns	integer	2159494
/87/adapter_profile/measurements/entry/units	integer	0
/87/adapter_profile/measurements/inner_inode	object	-
/87/adapter_profile/measurements/inner_inode/calls	integer	2080
/87/adapter_profile/measurements/inner_inode/latency_buckets	array	-
/87/adapter_profile/measurements/inner_inode/latency_buckets/0	integer	2080
/87/adapter_profile/measurements/inner_inode/latency_buckets/1	integer	0
/87/adapter_profile/measurements/inner_inode/latency_buckets/2	integer	0
/87/adapter_profile/measurements/inner_inode/latency_buckets/3	integer	0
/87/adapter_profile/measurements/inner_inode/latency_buckets/4	integer	0
/87/adapter_profile/measurements/inner_inode/max_ns	integer	2675
/87/adapter_profile/measurements/inner_inode/total_ns	integer	1503811
/87/adapter_profile/measurements/inner_inode/units	integer	0
/87/adapter_profile/measurements/lookup	object	-
/87/adapter_profile/measurements/lookup/calls	integer	32
/87/adapter_profile/measurements/lookup/latency_buckets	array	-
/87/adapter_profile/measurements/lookup/latency_buckets/0	integer	32
/87/adapter_profile/measurements/lookup/latency_buckets/1	integer	0
/87/adapter_profile/measurements/lookup/latency_buckets/2	integer	0
/87/adapter_profile/measurements/lookup/latency_buckets/3	integer	0
/87/adapter_profile/measurements/lookup/latency_buckets/4	integer	0
/87/adapter_profile/measurements/lookup/max_ns	integer	8556
/87/adapter_profile/measurements/lookup/total_ns	integer	153556
/87/adapter_profile/measurements/lookup/units	integer	0
/87/adapter_profile/measurements/opendir	object	-
/87/adapter_profile/measurements/opendir/calls	integer	32
/87/adapter_profile/measurements/opendir/latency_buckets	array	-
/87/adapter_profile/measurements/opendir/latency_buckets/0	integer	32
/87/adapter_profile/measurements/opendir/latency_buckets/1	integer	0
/87/adapter_profile/measurements/opendir/latency_buckets/2	integer	0
/87/adapter_profile/measurements/opendir/latency_buckets/3	integer	0
/87/adapter_profile/measurements/opendir/latency_buckets/4	integer	0
/87/adapter_profile/measurements/opendir/max_ns	integer	515963
/87/adapter_profile/measurements/opendir/total_ns	integer	7955761
/87/adapter_profile/measurements/opendir/units	integer	0
/87/adapter_profile/measurements/readdirplus	object	-
/87/adapter_profile/measurements/readdirplus/calls	integer	32
/87/adapter_profile/measurements/readdirplus/latency_buckets	array	-
/87/adapter_profile/measurements/readdirplus/latency_buckets/0	integer	32
/87/adapter_profile/measurements/readdirplus/latency_buckets/1	integer	0
/87/adapter_profile/measurements/readdirplus/latency_buckets/2	integer	0
/87/adapter_profile/measurements/readdirplus/latency_buckets/3	integer	0
/87/adapter_profile/measurements/readdirplus/latency_buckets/4	integer	0
/87/adapter_profile/measurements/readdirplus/max_ns	integer	524820
/87/adapter_profile/measurements/readdirplus/total_ns	integer	13347270
/87/adapter_profile/measurements/readdirplus/units	integer	0
/87/adapter_profile/pid	integer	160
/87/adapter_profile/schema	integer	2
/87/batch	integer	0
/87/case	string	directory_plus
/87/core_profile	object	-
/87/core_profile/component	string	overlay-core
/87/core_profile/final_record	boolean	false
/87/core_profile/inclusive_spans	boolean	true
/87/core_profile/instance	integer	8
/87/core_profile/measurements	object	-
/87/core_profile/measurements/layer_leaf_stats	object	-
/87/core_profile/measurements/layer_leaf_stats/calls	integer	0
/87/core_profile/measurements/layer_leaf_stats/latency_buckets	array	-
/87/core_profile/measurements/layer_leaf_stats/latency_buckets/0	integer	0
/87/core_profile/measurements/layer_leaf_stats/latency_buckets/1	integer	0
/87/core_profile/measurements/layer_leaf_stats/latency_buckets/2	integer	0
/87/core_profile/measurements/layer_leaf_stats/latency_buckets/3	integer	0
/87/core_profile/measurements/layer_leaf_stats/latency_buckets/4	integer	0
/87/core_profile/measurements/layer_leaf_stats/max_ns	integer	0
/87/core_profile/measurements/layer_leaf_stats/total_ns	integer	0
/87/core_profile/measurements/layer_leaf_stats/units	integer	8320
/87/core_profile/measurements/layer_parent_stats	object	-
/87/core_profile/measurements/layer_parent_stats/calls	integer	0
/87/core_profile/measurements/layer_parent_stats/latency_buckets	array	-
/87/core_profile/measurements/layer_parent_stats/latency_buckets/0	integer	0
/87/core_profile/measurements/layer_parent_stats/latency_buckets/1	integer	0
/87/core_profile/measurements/layer_parent_stats/latency_buckets/2	integer	0
/87/core_profile/measurements/layer_parent_stats/latency_buckets/3	integer	0
/87/core_profile/measurements/layer_parent_stats/latency_buckets/4	integer	0
/87/core_profile/measurements/layer_parent_stats/max_ns	integer	0
/87/core_profile/measurements/layer_parent_stats/total_ns	integer	0
/87/core_profile/measurements/layer_parent_stats/units	integer	8192
/87/core_profile/measurements/list_entries	object	-
/87/core_profile/measurements/list_entries/calls	integer	32
/87/core_profile/measurements/list_entries/latency_buckets	array	-
/87/core_profile/measurements/list_entries/latency_buckets/0	integer	32
/87/core_profile/measurements/list_entries/latency_buckets/1	integer	0
/87/core_profile/measurements/list_entries/latency_buckets/2	integer	0
/87/core_profile/measurements/list_entries/latency_buckets/3	integer	0
/87/core_profile/measurements/list_entries/latency_buckets/4	integer	0
/87/core_profile/measurements/list_entries/max_ns	integer	502778
/87/core_profile/measurements/list_entries/total_ns	integer	7338601
/87/core_profile/measurements/list_entries/units	integer	0
/87/core_profile/measurements/metadata	object	-
/87/core_profile/measurements/metadata/calls	integer	2112
/87/core_profile/measurements/metadata/latency_buckets	array	-
/87/core_profile/measurements/metadata/latency_buckets/0	integer	2112
/87/core_profile/measurements/metadata/latency_buckets/1	integer	0
/87/core_profile/measurements/metadata/latency_buckets/2	integer	0
/87/core_profile/measurements/metadata/latency_buckets/3	integer	0
/87/core_profile/measurements/metadata/latency_buckets/4	integer	0
/87/core_profile/measurements/metadata/max_ns	integer	144700
/87/core_profile/measurements/metadata/total_ns	integer	11055866
/87/core_profile/measurements/metadata/units	integer	0
/87/core_profile/measurements/mount_identity_attempts	object	-
/87/core_profile/measurements/mount_identity_attempts/calls	integer	0
/87/core_profile/measurements/mount_identity_attempts/latency_buckets	array	-
/87/core_profile/measurements/mount_identity_attempts/latency_buckets/0	integer	0
/87/core_profile/measurements/mount_identity_attempts/latency_buckets/1	integer	0
/87/core_profile/measurements/mount_identity_attempts/latency_buckets/2	integer	0
/87/core_profile/measurements/mount_identity_attempts/latency_buckets/3	integer	0
/87/core_profile/measurements/mount_identity_attempts/latency_buckets/4	integer	0
/87/core_profile/measurements/mount_identity_attempts/max_ns	integer	0
/87/core_profile/measurements/mount_identity_attempts/total_ns	integer	0
/87/core_profile/measurements/mount_identity_attempts/units	integer	2048
/87/core_profile/measurements/opaque_probe	object	-
/87/core_profile/measurements/opaque_probe/calls	integer	2144
/87/core_profile/measurements/opaque_probe/latency_buckets	array	-
/87/core_profile/measurements/opaque_probe/latency_buckets/0	integer	2144
/87/core_profile/measurements/opaque_probe/latency_buckets/1	integer	0
/87/core_profile/measurements/opaque_probe/latency_buckets/2	integer	0
/87/core_profile/measurements/opaque_probe/latency_buckets/3	integer	0
/87/core_profile/measurements/opaque_probe/latency_buckets/4	integer	0
/87/core_profile/measurements/opaque_probe/max_ns	integer	7865
/87/core_profile/measurements/opaque_probe/total_ns	integer	1791618
/87/core_profile/measurements/opaque_probe/units	integer	0
/87/core_profile/measurements/resolve	object	-
/87/core_profile/measurements/resolve/calls	integer	2112
/87/core_profile/measurements/resolve/latency_buckets	array	-
/87/core_profile/measurements/resolve/latency_buckets/0	integer	2112
/87/core_profile/measurements/resolve/latency_buckets/1	integer	0
/87/core_profile/measurements/resolve/latency_buckets/2	integer	0
/87/core_profile/measurements/resolve/latency_buckets/3	integer	0
/87/core_profile/measurements/resolve/latency_buckets/4	integer	0
/87/core_profile/measurements/resolve/max_ns	integer	144620
/87/core_profile/measurements/resolve/total_ns	integer	10891580
/87/core_profile/measurements/resolve/units	integer	0
/87/core_profile/measurements/resolve_components	object	-
/87/core_profile/measurements/resolve_components/calls	integer	0
/87/core_profile/measurements/resolve_components/latency_buckets	array	-
/87/core_profile/measurements/resolve_components/latency_buckets/0	integer	0
/87/core_profile/measurements/resolve_components/latency_buckets/1	integer	0
/87/core_profile/measurements/resolve_components/latency_buckets/2	integer	0
/87/core_profile/measurements/resolve_components/latency_buckets/3	integer	0
/87/core_profile/measurements/resolve_components/latency_buckets/4	integer	0
/87/core_profile/measurements/resolve_components/max_ns	integer	0
/87/core_profile/measurements/resolve_components/total_ns	integer	0
/87/core_profile/measurements/resolve_components/units	integer	4160
/87/core_profile/measurements/unavailable_upper_marker_skips	object	-
/87/core_profile/measurements/unavailable_upper_marker_skips/calls	integer	0
/87/core_profile/measurements/unavailable_upper_marker_skips/latency_buckets	array	-
/87/core_profile/measurements/unavailable_upper_marker_skips/latency_buckets/0	integer	0
/87/core_profile/measurements/unavailable_upper_marker_skips/latency_buckets/1	integer	0
/87/core_profile/measurements/unavailable_upper_marker_skips/latency_buckets/2	integer	0
/87/core_profile/measurements/unavailable_upper_marker_skips/latency_buckets/3	integer	0
/87/core_profile/measurements/unavailable_upper_marker_skips/latency_buckets/4	integer	0
/87/core_profile/measurements/unavailable_upper_marker_skips/max_ns	integer	0
/87/core_profile/measurements/unavailable_upper_marker_skips/total_ns	integer	0
/87/core_profile/measurements/unavailable_upper_marker_skips/units	integer	4096
/87/core_profile/measurements/whiteout_probe	object	-
/87/core_profile/measurements/whiteout_probe/calls	integer	4160
/87/core_profile/measurements/whiteout_probe/latency_buckets	array	-
/87/core_profile/measurements/whiteout_probe/latency_buckets/0	integer	4160
/87/core_profile/measurements/whiteout_probe/latency_buckets/1	integer	0
/87/core_profile/measurements/whiteout_probe/latency_buckets/2	integer	0
/87/core_profile/measurements/whiteout_probe/latency_buckets/3	integer	0
/87/core_profile/measurements/whiteout_probe/latency_buckets/4	integer	0
/87/core_profile/measurements/whiteout_probe/max_ns	integer	135202
/87/core_profile/measurements/whiteout_probe/total_ns	integer	2800330
/87/core_profile/measurements/whiteout_probe/units	integer	0
/87/core_profile/pid	integer	160
/87/core_profile/schema	integer	2
/87/elapsed_ms	float	21.484922
/87/profiled	boolean	true
/87/scope	string	adapter-only, host cache warm, fresh inode tables; no guest kernel/VM
/87/trial	integer	10
/87/variant	string	candidate
/87/warmup	boolean	false
/88	object	-
/88/adapter_profile	null	null
/88/batch	integer	1
/88/case	string	lookup_getattr
/88/core_profile	null	null
/88/elapsed_ms	float	25.893493
/88/profiled	boolean	false
/88/scope	string	adapter-only, host cache warm, fresh inode tables; no guest kernel/VM
/88/trial	integer	0
/88/variant	string	candidate
/88/warmup	boolean	true
/89	object	-
/89/adapter_profile	null	null
/89/batch	integer	1
/89/case	string	lookup_getattr
/89/core_profile	null	null
/89/elapsed_ms	float	26.695511000000003
/89/profiled	boolean	false
/89/scope	string	adapter-only, host cache warm, fresh inode tables; no guest kernel/VM
/89/trial	integer	1
/89/variant	string	candidate
/89/warmup	boolean	true
/90	object	-
/90/adapter_profile	null	null
/90/batch	integer	1
/90/case	string	lookup_getattr
/90/core_profile	null	null
/90/elapsed_ms	float	25.820586
/90/profiled	boolean	false
/90/scope	string	adapter-only, host cache warm, fresh inode tables; no guest kernel/VM
/90/trial	integer	2
/90/variant	string	candidate
/90/warmup	boolean	false
/91	object	-
/91/adapter_profile	null	null
/91/batch	integer	1
/91/case	string	lookup_getattr
/91/core_profile	null	null
/91/elapsed_ms	float	26.306694
/91/profiled	boolean	false
/91/scope	string	adapter-only, host cache warm, fresh inode tables; no guest kernel/VM
/91/trial	integer	3
/91/variant	string	candidate
/91/warmup	boolean	false
/92	object	-
/92/adapter_profile	null	null
/92/batch	integer	1
/92/case	string	lookup_getattr
/92/core_profile	null	null
/92/elapsed_ms	float	25.610996
/92/profiled	boolean	false
/92/scope	string	adapter-only, host cache warm, fresh inode tables; no guest kernel/VM
/92/trial	integer	4
/92/variant	string	candidate
/92/warmup	boolean	false
/93	object	-
/93/adapter_profile	null	null
/93/batch	integer	1
/93/case	string	lookup_getattr
/93/core_profile	null	null
/93/elapsed_ms	float	25.91343
/93/profiled	boolean	false
/93/scope	string	adapter-only, host cache warm, fresh inode tables; no guest kernel/VM
/93/trial	integer	5
/93/variant	string	candidate
/93/warmup	boolean	false
/94	object	-
/94/adapter_profile	null	null
/94/batch	integer	1
/94/case	string	lookup_getattr
/94/core_profile	null	null
/94/elapsed_ms	float	25.848788000000003
/94/profiled	boolean	false
/94/scope	string	adapter-only, host cache warm, fresh inode tables; no guest kernel/VM
/94/trial	integer	6
/94/variant	string	candidate
/94/warmup	boolean	false
/95	object	-
/95/adapter_profile	null	null
/95/batch	integer	1
/95/case	string	lookup_getattr
/95/core_profile	null	null
/95/elapsed_ms	float	25.527369
/95/profiled	boolean	false
/95/scope	string	adapter-only, host cache warm, fresh inode tables; no guest kernel/VM
/95/trial	integer	7
/95/variant	string	candidate
/95/warmup	boolean	false
/96	object	-
/96/adapter_profile	null	null
/96/batch	integer	1
/96/case	string	lookup_getattr
/96/core_profile	null	null
/96/elapsed_ms	float	25.777987
/96/profiled	boolean	false
/96/scope	string	adapter-only, host cache warm, fresh inode tables; no guest kernel/VM
/96/trial	integer	8
/96/variant	string	candidate
/96/warmup	boolean	false
/97	object	-
/97/adapter_profile	null	null
/97/batch	integer	1
/97/case	string	lookup_getattr
/97/core_profile	null	null
/97/elapsed_ms	float	25.614380999999998
/97/profiled	boolean	false
/97/scope	string	adapter-only, host cache warm, fresh inode tables; no guest kernel/VM
/97/trial	integer	9
/97/variant	string	candidate
/97/warmup	boolean	false
/98	object	-
/98/adapter_profile	object	-
/98/adapter_profile/component	string	virtio-fs-overlay
/98/adapter_profile/final_record	boolean	false
/98/adapter_profile/inclusive_spans	boolean	true
/98/adapter_profile/instance	integer	1
/98/adapter_profile/measurements	object	-
/98/adapter_profile/measurements/backing_lookup	object	-
/98/adapter_profile/measurements/backing_lookup/calls	integer	4160
/98/adapter_profile/measurements/backing_lookup/latency_buckets	array	-
/98/adapter_profile/measurements/backing_lookup/latency_buckets/0	integer	4160
/98/adapter_profile/measurements/backing_lookup/latency_buckets/1	integer	0
/98/adapter_profile/measurements/backing_lookup/latency_buckets/2	integer	0
/98/adapter_profile/measurements/backing_lookup/latency_buckets/3	integer	0
/98/adapter_profile/measurements/backing_lookup/latency_buckets/4	integer	0
/98/adapter_profile/measurements/backing_lookup/max_ns	integer	73438
/98/adapter_profile/measurements/backing_lookup/total_ns	integer	2032348
/98/adapter_profile/measurements/backing_lookup/units	integer	0
/98/adapter_profile/measurements/directory_cache_deep_hits	object	-
/98/adapter_profile/measurements/directory_cache_deep_hits/calls	integer	0
/98/adapter_profile/measurements/directory_cache_deep_hits/latency_buckets	array	-
/98/adapter_profile/measurements/directory_cache_deep_hits/latency_buckets/0	integer	0
/98/adapter_profile/measurements/directory_cache_deep_hits/latency_buckets/1	integer	0
/98/adapter_profile/measurements/directory_cache_deep_hits/latency_buckets/2	integer	0
/98/adapter_profile/measurements/directory_cache_deep_hits/latency_buckets/3	integer	0
/98/adapter_profile/measurements/directory_cache_deep_hits/latency_buckets/4	integer	0
/98/adapter_profile/measurements/directory_cache_deep_hits/max_ns	integer	0
/98/adapter_profile/measurements/directory_cache_deep_hits/total_ns	integer	0
/98/adapter_profile/measurements/directory_cache_deep_hits/units	integer	4064
/98/adapter_profile/measurements/directory_cache_misses	object	-
/98/adapter_profile/measurements/directory_cache_misses/calls	integer	0
/98/adapter_profile/measurements/directory_cache_misses/latency_buckets	array	-
/98/adapter_profile/measurements/directory_cache_misses/latency_buckets/0	integer	0
/98/adapter_profile/measurements/directory_cache_misses/latency_buckets/1	integer	0
/98/adapter_profile/measurements/directory_cache_misses/latency_buckets/2	integer	0
/98/adapter_profile/measurements/directory_cache_misses/latency_buckets/3	integer	0
/98/adapter_profile/measurements/directory_cache_misses/latency_buckets/4	integer	0
/98/adapter_profile/measurements/directory_cache_misses/max_ns	integer	0
/98/adapter_profile/measurements/directory_cache_misses/total_ns	integer	0
/98/adapter_profile/measurements/directory_cache_misses/units	integer	32
/98/adapter_profile/measurements/entry	object	-
/98/adapter_profile/measurements/entry/calls	integer	4128
/98/adapter_profile/measurements/entry/latency_buckets	array	-
/98/adapter_profile/measurements/entry/latency_buckets/0	integer	4128
/98/adapter_profile/measurements/entry/latency_buckets/1	integer	0
/98/adapter_profile/measurements/entry/latency_buckets/2	integer	0
/98/adapter_profile/measurements/entry/latency_buckets/3	integer	0
/98/adapter_profile/measurements/entry/latency_buckets/4	integer	0
/98/adapter_profile/measurements/entry/max_ns	integer	176339
/98/adapter_profile/measurements/entry/total_ns	integer	4355530
/98/adapter_profile/measurements/entry/units	integer	0
/98/adapter_profile/measurements/getattr	object	-
/98/adapter_profile/measurements/getattr/calls	integer	2048
/98/adapter_profile/measurements/getattr/latency_buckets	array	-
/98/adapter_profile/measurements/getattr/latency_buckets/0	integer	2048
/98/adapter_profile/measurements/getattr/latency_buckets/1	integer	0
/98/adapter_profile/measurements/getattr/latency_buckets/2	integer	0
/98/adapter_profile/measurements/getattr/latency_buckets/3	integer	0
/98/adapter_profile/measurements/getattr/latency_buckets/4	integer	0
/98/adapter_profile/measurements/getattr/max_ns	integer	213057
/98/adapter_profile/measurements/getattr/total_ns	integer	13890785
/98/adapter_profile/measurements/getattr/units	integer	0
/98/adapter_profile/measurements/inner_inode	object	-
/98/adapter_profile/measurements/inner_inode/calls	integer	4128
/98/adapter_profile/measurements/inner_inode/latency_buckets	array	-
/98/adapter_profile/measurements/inner_inode/latency_buckets/0	integer	4128
/98/adapter_profile/measurements/inner_inode/latency_buckets/1	integer	0
/98/adapter_profile/measurements/inner_inode/latency_buckets/2	integer	0
/98/adapter_profile/measurements/inner_inode/latency_buckets/3	integer	0
/98/adapter_profile/measurements/inner_inode/latency_buckets/4	integer	0
/98/adapter_profile/measurements/inner_inode/max_ns	integer	73708
/98/adapter_profile/measurements/inner_inode/total_ns	integer	3117059
/98/adapter_profile/measurements/inner_inode/units	integer	0
/98/adapter_profile/measurements/lookup	object	-
/98/adapter_profile/measurements/lookup/calls	integer	2080
/98/adapter_profile/measurements/lookup/latency_buckets	array	-
/98/adapter_profile/measurements/lookup/latency_buckets/0	integer	2080
/98/adapter_profile/measurements/lookup/latency_buckets/1	integer	0
/98/adapter_profile/measurements/lookup/latency_buckets/2	integer	0
/98/adapter_profile/measurements/lookup/latency_buckets/3	integer	0
/98/adapter_profile/measurements/lookup/latency_buckets/4	integer	0
/98/adapter_profile/measurements/lookup/max_ns	integer	179526
/98/adapter_profile/measurements/lookup/total_ns	integer	14663478
/98/adapter_profile/measurements/lookup/units	integer	0
/98/adapter_profile/pid	integer	213
/98/adapter_profile/schema	integer	2
/98/batch	integer	1
/98/case	string	lookup_getattr
/98/core_profile	object	-
/98/core_profile/component	string	overlay-core
/98/core_profile/final_record	boolean	false
/98/core_profile/inclusive_spans	boolean	true
/98/core_profile/instance	integer	2
/98/core_profile/measurements	object	-
/98/core_profile/measurements/layer_leaf_stats	object	-
/98/core_profile/measurements/layer_leaf_stats/calls	integer	0
/98/core_profile/measurements/layer_leaf_stats/latency_buckets	array	-
/98/core_profile/measurements/layer_leaf_stats/latency_buckets/0	integer	0
/98/core_profile/measurements/layer_leaf_stats/latency_buckets/1	integer	0
/98/core_profile/measurements/layer_leaf_stats/latency_buckets/2	integer	0
/98/core_profile/measurements/layer_leaf_stats/latency_buckets/3	integer	0
/98/core_profile/measurements/layer_leaf_stats/latency_buckets/4	integer	0
/98/core_profile/measurements/layer_leaf_stats/max_ns	integer	0
/98/core_profile/measurements/layer_leaf_stats/total_ns	integer	0
/98/core_profile/measurements/layer_leaf_stats/units	integer	12352
/98/core_profile/measurements/layer_parent_stats	object	-
/98/core_profile/measurements/layer_parent_stats/calls	integer	0
/98/core_profile/measurements/layer_parent_stats/latency_buckets	array	-
/98/core_profile/measurements/layer_parent_stats/latency_buckets/0	integer	0
/98/core_profile/measurements/layer_parent_stats/latency_buckets/1	integer	0
/98/core_profile/measurements/layer_parent_stats/latency_buckets/2	integer	0
/98/core_profile/measurements/layer_parent_stats/latency_buckets/3	integer	0
/98/core_profile/measurements/layer_parent_stats/latency_buckets/4	integer	0
/98/core_profile/measurements/layer_parent_stats/max_ns	integer	0
/98/core_profile/measurements/layer_parent_stats/total_ns	integer	0
/98/core_profile/measurements/layer_parent_stats/units	integer	8192
/98/core_profile/measurements/metadata	object	-
/98/core_profile/measurements/metadata/calls	integer	4128
/98/core_profile/measurements/metadata/latency_buckets	array	-
/98/core_profile/measurements/metadata/latency_buckets/0	integer	4128
/98/core_profile/measurements/metadata/latency_buckets/1	integer	0
/98/core_profile/measurements/metadata/latency_buckets/2	integer	0
/98/core_profile/measurements/metadata/latency_buckets/3	integer	0
/98/core_profile/measurements/metadata/latency_buckets/4	integer	0
/98/core_profile/measurements/metadata/max_ns	integer	211485
/98/core_profile/measurements/metadata/total_ns	integer	22647848
/98/core_profile/measurements/metadata/units	integer	0
/98/core_profile/measurements/mount_identity_attempts	object	-
/98/core_profile/measurements/mount_identity_attempts/calls	integer	0
/98/core_profile/measurements/mount_identity_attempts/latency_buckets	array	-
/98/core_profile/measurements/mount_identity_attempts/latency_buckets/0	integer	0
/98/core_profile/measurements/mount_identity_attempts/latency_buckets/1	integer	0
/98/core_profile/measurements/mount_identity_attempts/latency_buckets/2	integer	0
/98/core_profile/measurements/mount_identity_attempts/latency_buckets/3	integer	0
/98/core_profile/measurements/mount_identity_attempts/latency_buckets/4	integer	0
/98/core_profile/measurements/mount_identity_attempts/max_ns	integer	0
/98/core_profile/measurements/mount_identity_attempts/total_ns	integer	0
/98/core_profile/measurements/mount_identity_attempts/units	integer	4096
/98/core_profile/measurements/opaque_probe	object	-
/98/core_profile/measurements/opaque_probe/calls	integer	4128
/98/core_profile/measurements/opaque_probe/latency_buckets	array	-
/98/core_profile/measurements/opaque_probe/latency_buckets/0	integer	4128
/98/core_profile/measurements/opaque_probe/latency_buckets/1	integer	0
/98/core_profile/measurements/opaque_probe/latency_buckets/2	integer	0
/98/core_profile/measurements/opaque_probe/latency_buckets/3	integer	0
/98/core_profile/measurements/opaque_probe/latency_buckets/4	integer	0
/98/core_profile/measurements/opaque_probe/max_ns	integer	116347
/98/core_profile/measurements/opaque_probe/total_ns	integer	3757093
/98/core_profile/measurements/opaque_probe/units	integer	0
/98/core_profile/measurements/resolve	object	-
/98/core_profile/measurements/resolve/calls	integer	4128
/98/core_profile/measurements/resolve/latency_buckets	array	-
/98/core_profile/measurements/resolve/latency_buckets/0	integer	4128
/98/core_profile/measurements/resolve/latency_buckets/1	integer	0
/98/core_profile/measurements/resolve/latency_buckets/2	integer	0
/98/core_profile/measurements/resolve/latency_buckets/3	integer	0
/98/core_profile/measurements/resolve/latency_buckets/4	integer	0
/98/core_profile/measurements/resolve/max_ns	integer	177992
/98/core_profile/measurements/resolve/total_ns	integer	22138879
/98/core_profile/measurements/resolve/units	integer	0
/98/core_profile/measurements/resolve_components	object	-
/98/core_profile/measurements/resolve_components/calls	integer	0
/98/core_profile/measurements/resolve_components/latency_buckets	array	-
/98/core_profile/measurements/resolve_components/latency_buckets/0	integer	0
/98/core_profile/measurements/resolve_components/latency_buckets/1	integer	0
/98/core_profile/measurements/resolve_components/latency_buckets/2	integer	0
/98/core_profile/measurements/resolve_components/latency_buckets/3	integer	0
/98/core_profile/measurements/resolve_components/latency_buckets/4	integer	0
/98/core_profile/measurements/resolve_components/max_ns	integer	0
/98/core_profile/measurements/resolve_components/total_ns	integer	0
/98/core_profile/measurements/resolve_components/units	integer	8224
/98/core_profile/measurements/unavailable_upper_marker_skips	object	-
/98/core_profile/measurements/unavailable_upper_marker_skips/calls	integer	0
/98/core_profile/measurements/unavailable_upper_marker_skips/latency_buckets	array	-
/98/core_profile/measurements/unavailable_upper_marker_skips/latency_buckets/0	integer	0
/98/core_profile/measurements/unavailable_upper_marker_skips/latency_buckets/1	integer	0
/98/core_profile/measurements/unavailable_upper_marker_skips/latency_buckets/2	integer	0
/98/core_profile/measurements/unavailable_upper_marker_skips/latency_buckets/3	integer	0
/98/core_profile/measurements/unavailable_upper_marker_skips/latency_buckets/4	integer	0
/98/core_profile/measurements/unavailable_upper_marker_skips/max_ns	integer	0
/98/core_profile/measurements/unavailable_upper_marker_skips/total_ns	integer	0
/98/core_profile/measurements/unavailable_upper_marker_skips/units	integer	4096
/98/core_profile/measurements/whiteout_probe	object	-
/98/core_profile/measurements/whiteout_probe/calls	integer	4128
/98/core_profile/measurements/whiteout_probe/latency_buckets	array	-
/98/core_profile/measurements/whiteout_probe/latency_buckets/0	integer	4128
/98/core_profile/measurements/whiteout_probe/latency_buckets/1	integer	0
/98/core_profile/measurements/whiteout_probe/latency_buckets/2	integer	0
/98/core_profile/measurements/whiteout_probe/latency_buckets/3	integer	0
/98/core_profile/measurements/whiteout_probe/latency_buckets/4	integer	0
/98/core_profile/measurements/whiteout_probe/max_ns	integer	8906
/98/core_profile/measurements/whiteout_probe/total_ns	integer	2529332
/98/core_profile/measurements/whiteout_probe/units	integer	0
/98/core_profile/pid	integer	213
/98/core_profile/schema	integer	2
/98/elapsed_ms	float	28.903963
/98/profiled	boolean	true
/98/scope	string	adapter-only, host cache warm, fresh inode tables; no guest kernel/VM
/98/trial	integer	10
/98/variant	string	candidate
/98/warmup	boolean	false
/99	object	-
/99/adapter_profile	null	null
/99/batch	integer	1
/99/case	string	lookup_open_getattr
/99/core_profile	null	null
/99/elapsed_ms	float	28.221209
/99/profiled	boolean	false
/99/scope	string	adapter-only, host cache warm, fresh inode tables; no guest kernel/VM
/99/trial	integer	0
/99/variant	string	candidate
/99/warmup	boolean	true
/100	object	-
/100/adapter_profile	null	null
/100/batch	integer	1
/100/case	string	lookup_open_getattr
/100/core_profile	null	null
/100/elapsed_ms	float	27.424892
/100/profiled	boolean	false
/100/scope	string	adapter-only, host cache warm, fresh inode tables; no guest kernel/VM
/100/trial	integer	1
/100/variant	string	candidate
/100/warmup	boolean	true
/101	object	-
/101/adapter_profile	null	null
/101/batch	integer	1
/101/case	string	lookup_open_getattr
/101/core_profile	null	null
/101/elapsed_ms	float	27.772721
/101/profiled	boolean	false
/101/scope	string	adapter-only, host cache warm, fresh inode tables; no guest kernel/VM
/101/trial	integer	2
/101/variant	string	candidate
/101/warmup	boolean	false
/102	object	-
/102/adapter_profile	null	null
/102/batch	integer	1
/102/case	string	lookup_open_getattr
/102/core_profile	null	null
/102/elapsed_ms	float	27.83632
/102/profiled	boolean	false
/102/scope	string	adapter-only, host cache warm, fresh inode tables; no guest kernel/VM
/102/trial	integer	3
/102/variant	string	candidate
/102/warmup	boolean	false
/103	object	-
/103/adapter_profile	null	null
/103/batch	integer	1
/103/case	string	lookup_open_getattr
/103/core_profile	null	null
/103/elapsed_ms	float	27.983373999999998
/103/profiled	boolean	false
/103/scope	string	adapter-only, host cache warm, fresh inode tables; no guest kernel/VM
/103/trial	integer	4
/103/variant	string	candidate
/103/warmup	boolean	false
/104	object	-
/104/adapter_profile	null	null
/104/batch	integer	1
/104/case	string	lookup_open_getattr
/104/core_profile	null	null
/104/elapsed_ms	float	28.148533
/104/profiled	boolean	false
/104/scope	string	adapter-only, host cache warm, fresh inode tables; no guest kernel/VM
/104/trial	integer	5
/104/variant	string	candidate
/104/warmup	boolean	false
/105	object	-
/105/adapter_profile	null	null
/105/batch	integer	1
/105/case	string	lookup_open_getattr
/105/core_profile	null	null
/105/elapsed_ms	float	27.795233999999997
/105/profiled	boolean	false
/105/scope	string	adapter-only, host cache warm, fresh inode tables; no guest kernel/VM
/105/trial	integer	6
/105/variant	string	candidate
/105/warmup	boolean	false
/106	object	-
/106/adapter_profile	null	null
/106/batch	integer	1
/106/case	string	lookup_open_getattr
/106/core_profile	null	null
/106/elapsed_ms	float	28.377159
/106/profiled	boolean	false
/106/scope	string	adapter-only, host cache warm, fresh inode tables; no guest kernel/VM
/106/trial	integer	7
/106/variant	string	candidate
/106/warmup	boolean	false
/107	object	-
/107/adapter_profile	null	null
/107/batch	integer	1
/107/case	string	lookup_open_getattr
/107/core_profile	null	null
/107/elapsed_ms	float	28.136290000000002
/107/profiled	boolean	false
/107/scope	string	adapter-only, host cache warm, fresh inode tables; no guest kernel/VM
/107/trial	integer	8
/107/variant	string	candidate
/107/warmup	boolean	false
/108	object	-
/108/adapter_profile	null	null
/108/batch	integer	1
/108/case	string	lookup_open_getattr
/108/core_profile	null	null
/108/elapsed_ms	float	28.604826
/108/profiled	boolean	false
/108/scope	string	adapter-only, host cache warm, fresh inode tables; no guest kernel/VM
/108/trial	integer	9
/108/variant	string	candidate
/108/warmup	boolean	false
/109	object	-
/109/adapter_profile	object	-
/109/adapter_profile/component	string	virtio-fs-overlay
/109/adapter_profile/final_record	boolean	false
/109/adapter_profile/inclusive_spans	boolean	true
/109/adapter_profile/instance	integer	3
/109/adapter_profile/measurements	object	-
/109/adapter_profile/measurements/backing_lookup	object	-
/109/adapter_profile/measurements/backing_lookup/calls	integer	4160
/109/adapter_profile/measurements/backing_lookup/latency_buckets	array	-
/109/adapter_profile/measurements/backing_lookup/latency_buckets/0	integer	4160
/109/adapter_profile/measurements/backing_lookup/latency_buckets/1	integer	0
/109/adapter_profile/measurements/backing_lookup/latency_buckets/2	integer	0
/109/adapter_profile/measurements/backing_lookup/latency_buckets/3	integer	0
/109/adapter_profile/measurements/backing_lookup/latency_buckets/4	integer	0
/109/adapter_profile/measurements/backing_lookup/max_ns	integer	11071
/109/adapter_profile/measurements/backing_lookup/total_ns	integer	2014682
/109/adapter_profile/measurements/backing_lookup/units	integer	0
/109/adapter_profile/measurements/directory_cache_deep_hits	object	-
/109/adapter_profile/measurements/directory_cache_deep_hits/calls	integer	0
/109/adapter_profile/measurements/directory_cache_deep_hits/latency_buckets	array	-
/109/adapter_profile/measurements/directory_cache_deep_hits/latency_buckets/0	integer	0
/109/adapter_profile/measurements/directory_cache_deep_hits/latency_buckets/1	integer	0
/109/adapter_profile/measurements/directory_cache_deep_hits/latency_buckets/2	integer	0
/109/adapter_profile/measurements/directory_cache_deep_hits/latency_buckets/3	integer	0
/109/adapter_profile/measurements/directory_cache_deep_hits/latency_buckets/4	integer	0
/109/adapter_profile/measurements/directory_cache_deep_hits/max_ns	integer	0
/109/adapter_profile/measurements/directory_cache_deep_hits/total_ns	integer	0
/109/adapter_profile/measurements/directory_cache_deep_hits/units	integer	4064
/109/adapter_profile/measurements/directory_cache_misses	object	-
/109/adapter_profile/measurements/directory_cache_misses/calls	integer	0
/109/adapter_profile/measurements/directory_cache_misses/latency_buckets	array	-
/109/adapter_profile/measurements/directory_cache_misses/latency_buckets/0	integer	0
/109/adapter_profile/measurements/directory_cache_misses/latency_buckets/1	integer	0
/109/adapter_profile/measurements/directory_cache_misses/latency_buckets/2	integer	0
/109/adapter_profile/measurements/directory_cache_misses/latency_buckets/3	integer	0
/109/adapter_profile/measurements/directory_cache_misses/latency_buckets/4	integer	0
/109/adapter_profile/measurements/directory_cache_misses/max_ns	integer	0
/109/adapter_profile/measurements/directory_cache_misses/total_ns	integer	0
/109/adapter_profile/measurements/directory_cache_misses/units	integer	32
/109/adapter_profile/measurements/entry	object	-
/109/adapter_profile/measurements/entry/calls	integer	2080
/109/adapter_profile/measurements/entry/latency_buckets	array	-
/109/adapter_profile/measurements/entry/latency_buckets/0	integer	2080
/109/adapter_profile/measurements/entry/latency_buckets/1	integer	0
/109/adapter_profile/measurements/entry/latency_buckets/2	integer	0
/109/adapter_profile/measurements/entry/latency_buckets/3	integer	0
/109/adapter_profile/measurements/entry/latency_buckets/4	integer	0
/109/adapter_profile/measurements/entry/max_ns	integer	13074
/109/adapter_profile/measurements/entry/total_ns	integer	2121644
/109/adapter_profile/measurements/entry/units	integer	0
/109/adapter_profile/measurements/getattr	object	-
/109/adapter_profile/measurements/getattr/calls	integer	2048
/109/adapter_profile/measurements/getattr/latency_buckets	array	-
/109/adapter_profile/measurements/getattr/latency_buckets/0	integer	2048
/109/adapter_profile/measurements/getattr/latency_buckets/1	integer	0
/109/adapter_profile/measurements/getattr/latency_buckets/2	integer	0
/109/adapter_profile/measurements/getattr/latency_buckets/3	integer	0
/109/adapter_profile/measurements/getattr/latency_buckets/4	integer	0
/109/adapter_profile/measurements/getattr/max_ns	integer	261
/109/adapter_profile/measurements/getattr/total_ns	integer	450062
/109/adapter_profile/measurements/getattr/units	integer	0
/109/adapter_profile/measurements/inner_inode	object	-
/109/adapter_profile/measurements/inner_inode/calls	integer	4128
/109/adapter_profile/measurements/inner_inode/latency_buckets	array	-
/109/adapter_profile/measurements/inner_inode/latency_buckets/0	integer	4128
/109/adapter_profile/measurements/inner_inode/latency_buckets/1	integer	0
/109/adapter_profile/measurements/inner_inode/latency_buckets/2	integer	0
/109/adapter_profile/measurements/inner_inode/latency_buckets/3	integer	0
/109/adapter_profile/measurements/inner_inode/latency_buckets/4	integer	0
/109/adapter_profile/measurements/inner_inode/max_ns	integer	12794
/109/adapter_profile/measurements/inner_inode/total_ns	integer	3104366
/109/adapter_profile/measurements/inner_inode/units	integer	0
/109/adapter_profile/measurements/lookup	object	-
/109/adapter_profile/measurements/lookup/calls	integer	2080
/109/adapter_profile/measurements/lookup/latency_buckets	array	-
/109/adapter_profile/measurements/lookup/latency_buckets/0	integer	2080
/109/adapter_profile/measurements/lookup/latency_buckets/1	integer	0
/109/adapter_profile/measurements/lookup/latency_buckets/2	integer	0
/109/adapter_profile/measurements/lookup/latency_buckets/3	integer	0
/109/adapter_profile/measurements/lookup/latency_buckets/4	integer	0
/109/adapter_profile/measurements/lookup/max_ns	integer	380089
/109/adapter_profile/measurements/lookup/total_ns	integer	15497616
/109/adapter_profile/measurements/lookup/units	integer	0
/109/adapter_profile/measurements/open	object	-
/109/adapter_profile/measurements/open/calls	integer	2048
/109/adapter_profile/measurements/open/latency_buckets	array	-
/109/adapter_profile/measurements/open/latency_buckets/0	integer	2048
/109/adapter_profile/measurements/open/latency_buckets/1	integer	0
/109/adapter_profile/measurements/open/latency_buckets/2	integer	0
/109/adapter_profile/measurements/open/latency_buckets/3	integer	0
/109/adapter_profile/measurements/open/latency_buckets/4	integer	0
/109/adapter_profile/measurements/open/max_ns	integer	370803
/109/adapter_profile/measurements/open/total_ns	integer	14884213
/109/adapter_profile/measurements/open/units	integer	0
/109/adapter_profile/pid	integer	213
/109/adapter_profile/schema	integer	2
/109/batch	integer	1
/109/case	string	lookup_open_getattr
/109/core_profile	object	-
/109/core_profile/component	string	overlay-core
/109/core_profile/final_record	boolean	false
/109/core_profile/inclusive_spans	boolean	true
/109/core_profile/instance	integer	4
/109/core_profile/measurements	object	-
/109/core_profile/measurements/layer_leaf_stats	object	-
/109/core_profile/measurements/layer_leaf_stats/calls	integer	0
/109/core_profile/measurements/layer_leaf_stats/latency_buckets	array	-
/109/core_profile/measurements/layer_leaf_stats/latency_buckets/0	integer	0
/109/core_profile/measurements/layer_leaf_stats/latency_buckets/1	integer	0
/109/core_profile/measurements/layer_leaf_stats/latency_buckets/2	integer	0
/109/core_profile/measurements/layer_leaf_stats/latency_buckets/3	integer	0
/109/core_profile/measurements/layer_leaf_stats/latency_buckets/4	integer	0
/109/core_profile/measurements/layer_leaf_stats/max_ns	integer	0
/109/core_profile/measurements/layer_leaf_stats/total_ns	integer	0
/109/core_profile/measurements/layer_leaf_stats/units	integer	12352
/109/core_profile/measurements/layer_parent_stats	object	-
/109/core_profile/measurements/layer_parent_stats/calls	integer	0
/109/core_profile/measurements/layer_parent_stats/latency_buckets	array	-
/109/core_profile/measurements/layer_parent_stats/latency_buckets/0	integer	0
/109/core_profile/measurements/layer_parent_stats/latency_buckets/1	integer	0
/109/core_profile/measurements/layer_parent_stats/latency_buckets/2	integer	0
/109/core_profile/measurements/layer_parent_stats/latency_buckets/3	integer	0
/109/core_profile/measurements/layer_parent_stats/latency_buckets/4	integer	0
/109/core_profile/measurements/layer_parent_stats/max_ns	integer	0
/109/core_profile/measurements/layer_parent_stats/total_ns	integer	0
/109/core_profile/measurements/layer_parent_stats/units	integer	8192
/109/core_profile/measurements/metadata	object	-
/109/core_profile/measurements/metadata/calls	integer	4128
/109/core_profile/measurements/metadata/latency_buckets	array	-
/109/core_profile/measurements/metadata/latency_buckets/0	integer	4128
/109/core_profile/measurements/metadata/latency_buckets/1	integer	0
/109/core_profile/measurements/metadata/latency_buckets/2	integer	0
/109/core_profile/measurements/metadata/latency_buckets/3	integer	0
/109/core_profile/measurements/metadata/latency_buckets/4	integer	0
/109/core_profile/measurements/metadata/max_ns	integer	378607
/109/core_profile/measurements/metadata/total_ns	integer	23432684
/109/core_profile/measurements/metadata/units	integer	0
/109/core_profile/measurements/mount_identity_attempts	object	-
/109/core_profile/measurements/mount_identity_attempts/calls	integer	0
/109/core_profile/measurements/mount_identity_attempts/latency_buckets	array	-
/109/core_profile/measurements/mount_identity_attempts/latency_buckets/0	integer	0
/109/core_profile/measurements/mount_identity_attempts/latency_buckets/1	integer	0
/109/core_profile/measurements/mount_identity_attempts/latency_buckets/2	integer	0
/109/core_profile/measurements/mount_identity_attempts/latency_buckets/3	integer	0
/109/core_profile/measurements/mount_identity_attempts/latency_buckets/4	integer	0
/109/core_profile/measurements/mount_identity_attempts/max_ns	integer	0
/109/core_profile/measurements/mount_identity_attempts/total_ns	integer	0
/109/core_profile/measurements/mount_identity_attempts/units	integer	4096
/109/core_profile/measurements/observe_read	object	-
/109/core_profile/measurements/observe_read/calls	integer	2048
/109/core_profile/measurements/observe_read/latency_buckets	array	-
/109/core_profile/measurements/observe_read/latency_buckets/0	integer	2048
/109/core_profile/measurements/observe_read/latency_buckets/1	integer	0
/109/core_profile/measurements/observe_read/latency_buckets/2	integer	0
/109/core_profile/measurements/observe_read/latency_buckets/3	integer	0
/109/core_profile/measurements/observe_read/latency_buckets/4	integer	0
/109/core_profile/measurements/observe_read/max_ns	integer	369020
/109/core_profile/measurements/observe_read/total_ns	integer	11600704
/109/core_profile/measurements/observe_read/units	integer	0
/109/core_profile/measurements/opaque_probe	object	-
/109/core_profile/measurements/opaque_probe/calls	integer	4128
/109/core_profile/measurements/opaque_probe/latency_buckets	array	-
/109/core_profile/measurements/opaque_probe/latency_buckets/0	integer	4128
/109/core_profile/measurements/opaque_probe/latency_buckets/1	integer	0
/109/core_profile/measurements/opaque_probe/latency_buckets/2	integer	0
/109/core_profile/measurements/opaque_probe/latency_buckets/3	integer	0
/109/core_profile/measurements/opaque_probe/latency_buckets/4	integer	0
/109/core_profile/measurements/opaque_probe/max_ns	integer	8075
/109/core_profile/measurements/opaque_probe/total_ns	integer	3573544
/109/core_profile/measurements/opaque_probe/units	integer	0
/109/core_profile/measurements/resolve	object	-
/109/core_profile/measurements/resolve/calls	integer	4128
/109/core_profile/measurements/resolve/latency_buckets	array	-
/109/core_profile/measurements/resolve/latency_buckets/0	integer	4128
/109/core_profile/measurements/resolve/latency_buckets/1	integer	0
/109/core_profile/measurements/resolve/latency_buckets/2	integer	0
/109/core_profile/measurements/resolve/latency_buckets/3	integer	0
/109/core_profile/measurements/resolve/latency_buckets/4	integer	0
/109/core_profile/measurements/resolve/max_ns	integer	378527
/109/core_profile/measurements/resolve/total_ns	integer	23083100
/109/core_profile/measurements/resolve/units	integer	0
/109/core_profile/measurements/resolve_components	object	-
/109/core_profile/measurements/resolve_components/calls	integer	0
/109/core_profile/measurements/resolve_components/latency_buckets	array	-
/109/core_profile/measurements/resolve_components/latency_buckets/0	integer	0
/109/core_profile/measurements/resolve_components/latency_buckets/1	integer	0
/109/core_profile/measurements/resolve_components/latency_buckets/2	integer	0
/109/core_profile/measurements/resolve_components/latency_buckets/3	integer	0
/109/core_profile/measurements/resolve_components/latency_buckets/4	integer	0
/109/core_profile/measurements/resolve_components/max_ns	integer	0
/109/core_profile/measurements/resolve_components/total_ns	integer	0
/109/core_profile/measurements/resolve_components/units	integer	8224
/109/core_profile/measurements/unavailable_upper_marker_skips	object	-
/109/core_profile/measurements/unavailable_upper_marker_skips/calls	integer	0
/109/core_profile/measurements/unavailable_upper_marker_skips/latency_buckets	array	-
/109/core_profile/measurements/unavailable_upper_marker_skips/latency_buckets/0	integer	0
/109/core_profile/measurements/unavailable_upper_marker_skips/latency_buckets/1	integer	0
/109/core_profile/measurements/unavailable_upper_marker_skips/latency_buckets/2	integer	0
/109/core_profile/measurements/unavailable_upper_marker_skips/latency_buckets/3	integer	0
/109/core_profile/measurements/unavailable_upper_marker_skips/latency_buckets/4	integer	0
/109/core_profile/measurements/unavailable_upper_marker_skips/max_ns	integer	0
/109/core_profile/measurements/unavailable_upper_marker_skips/total_ns	integer	0
/109/core_profile/measurements/unavailable_upper_marker_skips/units	integer	4096
/109/core_profile/measurements/whiteout_probe	object	-
/109/core_profile/measurements/whiteout_probe/calls	integer	4128
/109/core_profile/measurements/whiteout_probe/latency_buckets	array	-
/109/core_profile/measurements/whiteout_probe/latency_buckets/0	integer	4128
/109/core_profile/measurements/whiteout_probe/latency_buckets/1	integer	0
/109/core_profile/measurements/whiteout_probe/latency_buckets/2	integer	0
/109/core_profile/measurements/whiteout_probe/latency_buckets/3	integer	0
/109/core_profile/measurements/whiteout_probe/latency_buckets/4	integer	0
/109/core_profile/measurements/whiteout_probe/max_ns	integer	7534
/109/core_profile/measurements/whiteout_probe/total_ns	integer	2493443
/109/core_profile/measurements/whiteout_probe/units	integer	0
/109/core_profile/pid	integer	213
/109/core_profile/schema	integer	2
/109/elapsed_ms	float	31.960620000000002
/109/profiled	boolean	true
/109/scope	string	adapter-only, host cache warm, fresh inode tables; no guest kernel/VM
/109/trial	integer	10
/109/variant	string	candidate
/109/warmup	boolean	false
/110	object	-
/110/adapter_profile	null	null
/110/batch	integer	1
/110/case	string	deep_lookup_open_getattr
/110/core_profile	null	null
/110/elapsed_ms	float	126.875324
/110/profiled	boolean	false
/110/scope	string	adapter-only, host cache warm, fresh inode tables; no guest kernel/VM
/110/trial	integer	0
/110/variant	string	candidate
/110/warmup	boolean	true
/111	object	-
/111/adapter_profile	null	null
/111/batch	integer	1
/111/case	string	deep_lookup_open_getattr
/111/core_profile	null	null
/111/elapsed_ms	float	98.94047
/111/profiled	boolean	false
/111/scope	string	adapter-only, host cache warm, fresh inode tables; no guest kernel/VM
/111/trial	integer	1
/111/variant	string	candidate
/111/warmup	boolean	true
/112	object	-
/112/adapter_profile	null	null
/112/batch	integer	1
/112/case	string	deep_lookup_open_getattr
/112/core_profile	null	null
/112/elapsed_ms	float	97.65852699999999
/112/profiled	boolean	false
/112/scope	string	adapter-only, host cache warm, fresh inode tables; no guest kernel/VM
/112/trial	integer	2
/112/variant	string	candidate
/112/warmup	boolean	false
/113	object	-
/113/adapter_profile	null	null
/113/batch	integer	1
/113/case	string	deep_lookup_open_getattr
/113/core_profile	null	null
/113/elapsed_ms	float	97.695947
/113/profiled	boolean	false
/113/scope	string	adapter-only, host cache warm, fresh inode tables; no guest kernel/VM
/113/trial	integer	3
/113/variant	string	candidate
/113/warmup	boolean	false
/114	object	-
/114/adapter_profile	null	null
/114/batch	integer	1
/114/case	string	deep_lookup_open_getattr
/114/core_profile	null	null
/114/elapsed_ms	float	97.453945
/114/profiled	boolean	false
/114/scope	string	adapter-only, host cache warm, fresh inode tables; no guest kernel/VM
/114/trial	integer	4
/114/variant	string	candidate
/114/warmup	boolean	false
/115	object	-
/115/adapter_profile	null	null
/115/batch	integer	1
/115/case	string	deep_lookup_open_getattr
/115/core_profile	null	null
/115/elapsed_ms	float	97.861986
/115/profiled	boolean	false
/115/scope	string	adapter-only, host cache warm, fresh inode tables; no guest kernel/VM
/115/trial	integer	5
/115/variant	string	candidate
/115/warmup	boolean	false
/116	object	-
/116/adapter_profile	null	null
/116/batch	integer	1
/116/case	string	deep_lookup_open_getattr
/116/core_profile	null	null
/116/elapsed_ms	float	97.82859300000001
/116/profiled	boolean	false
/116/scope	string	adapter-only, host cache warm, fresh inode tables; no guest kernel/VM
/116/trial	integer	6
/116/variant	string	candidate
/116/warmup	boolean	false
/117	object	-
/117/adapter_profile	null	null
/117/batch	integer	1
/117/case	string	deep_lookup_open_getattr
/117/core_profile	null	null
/117/elapsed_ms	float	96.61537000000001
/117/profiled	boolean	false
/117/scope	string	adapter-only, host cache warm, fresh inode tables; no guest kernel/VM
/117/trial	integer	7
/117/variant	string	candidate
/117/warmup	boolean	false
/118	object	-
/118/adapter_profile	null	null
/118/batch	integer	1
/118/case	string	deep_lookup_open_getattr
/118/core_profile	null	null
/118/elapsed_ms	float	97.353286
/118/profiled	boolean	false
/118/scope	string	adapter-only, host cache warm, fresh inode tables; no guest kernel/VM
/118/trial	integer	8
/118/variant	string	candidate
/118/warmup	boolean	false
/119	object	-
/119/adapter_profile	null	null
/119/batch	integer	1
/119/case	string	deep_lookup_open_getattr
/119/core_profile	null	null
/119/elapsed_ms	float	97.38801199999999
/119/profiled	boolean	false
/119/scope	string	adapter-only, host cache warm, fresh inode tables; no guest kernel/VM
/119/trial	integer	9
/119/variant	string	candidate
/119/warmup	boolean	false
/120	object	-
/120/adapter_profile	object	-
/120/adapter_profile/component	string	virtio-fs-overlay
/120/adapter_profile/final_record	boolean	false
/120/adapter_profile/inclusive_spans	boolean	true
/120/adapter_profile/instance	integer	5
/120/adapter_profile/measurements	object	-
/120/adapter_profile/measurements/backing_lookup	object	-
/120/adapter_profile/measurements/backing_lookup/calls	integer	4608
/120/adapter_profile/measurements/backing_lookup/latency_buckets	array	-
/120/adapter_profile/measurements/backing_lookup/latency_buckets/0	integer	4608
/120/adapter_profile/measurements/backing_lookup/latency_buckets/1	integer	0
/120/adapter_profile/measurements/backing_lookup/latency_buckets/2	integer	0
/120/adapter_profile/measurements/backing_lookup/latency_buckets/3	integer	0
/120/adapter_profile/measurements/backing_lookup/latency_buckets/4	integer	0
/120/adapter_profile/measurements/backing_lookup/max_ns	integer	2344
/120/adapter_profile/measurements/backing_lookup/total_ns	integer	2545316
/120/adapter_profile/measurements/backing_lookup/units	integer	0
/120/adapter_profile/measurements/directory_cache_deep_hits	object	-
/120/adapter_profile/measurements/directory_cache_deep_hits/calls	integer	0
/120/adapter_profile/measurements/directory_cache_deep_hits/latency_buckets	array	-
/120/adapter_profile/measurements/directory_cache_deep_hits/latency_buckets/0	integer	0
/120/adapter_profile/measurements/directory_cache_deep_hits/latency_buckets/1	integer	0
/120/adapter_profile/measurements/directory_cache_deep_hits/latency_buckets/2	integer	0
/120/adapter_profile/measurements/directory_cache_deep_hits/latency_buckets/3	integer	0
/120/adapter_profile/measurements/directory_cache_deep_hits/latency_buckets/4	integer	0
/120/adapter_profile/measurements/directory_cache_deep_hits/max_ns	integer	0
/120/adapter_profile/measurements/directory_cache_deep_hits/total_ns	integer	0
/120/adapter_profile/measurements/directory_cache_deep_hits/units	integer	4064
/120/adapter_profile/measurements/directory_cache_hits	object	-
/120/adapter_profile/measurements/directory_cache_hits/calls	integer	0
/120/adapter_profile/measurements/directory_cache_hits/latency_buckets	array	-
/120/adapter_profile/measurements/directory_cache_hits/latency_buckets/0	integer	0
/120/adapter_profile/measurements/directory_cache_hits/latency_buckets/1	integer	0
/120/adapter_profile/measurements/directory_cache_hits/latency_buckets/2	integer	0
/120/adapter_profile/measurements/directory_cache_hits/latency_buckets/3	integer	0
/120/adapter_profile/measurements/directory_cache_hits/latency_buckets/4	integer	0
/120/adapter_profile/measurements/directory_cache_hits/max_ns	integer	0
/120/adapter_profile/measurements/directory_cache_hits/total_ns	integer	0
/120/adapter_profile/measurements/directory_cache_hits/units	integer	896
/120/adapter_profile/measurements/directory_cache_misses	object	-
/120/adapter_profile/measurements/directory_cache_misses/calls	integer	0
/120/adapter_profile/measurements/directory_cache_misses/latency_buckets	array	-
/120/adapter_profile/measurements/directory_cache_misses/latency_buckets/0	integer	0
/120/adapter_profile/measurements/directory_cache_misses/latency_buckets/1	integer	0
/120/adapter_profile/measurements/directory_cache_misses/latency_buckets/2	integer	0
/120/adapter_profile/measurements/directory_cache_misses/latency_buckets/3	integer	0
/120/adapter_profile/measurements/directory_cache_misses/latency_buckets/4	integer	0
/120/adapter_profile/measurements/directory_cache_misses/max_ns	integer	0
/120/adapter_profile/measurements/directory_cache_misses/total_ns	integer	0
/120/adapter_profile/measurements/directory_cache_misses/units	integer	256
/120/adapter_profile/measurements/entry	object	-
/120/adapter_profile/measurements/entry/calls	integer	2304
/120/adapter_profile/measurements/entry/latency_buckets	array	-
/120/adapter_profile/measurements/entry/latency_buckets/0	integer	2304
/120/adapter_profile/measurements/entry/latency_buckets/1	integer	0
/120/adapter_profile/measurements/entry/latency_buckets/2	integer	0
/120/adapter_profile/measurements/entry/latency_buckets/3	integer	0
/120/adapter_profile/measurements/entry/latency_buckets/4	integer	0
/120/adapter_profile/measurements/entry/max_ns	integer	15078
/120/adapter_profile/measurements/entry/total_ns	integer	3135832
/120/adapter_profile/measurements/entry/units	integer	0
/120/adapter_profile/measurements/getattr	object	-
/120/adapter_profile/measurements/getattr/calls	integer	2048
/120/adapter_profile/measurements/getattr/latency_buckets	array	-
/120/adapter_profile/measurements/getattr/latency_buckets/0	integer	2048
/120/adapter_profile/measurements/getattr/latency_buckets/1	integer	0
/120/adapter_profile/measurements/getattr/latency_buckets/2	integer	0
/120/adapter_profile/measurements/getattr/latency_buckets/3	integer	0
/120/adapter_profile/measurements/getattr/latency_buckets/4	integer	0
/120/adapter_profile/measurements/getattr/max_ns	integer	2014
/120/adapter_profile/measurements/getattr/total_ns	integer	466424
/120/adapter_profile/measurements/getattr/units	integer	0
/120/adapter_profile/measurements/inner_inode	object	-
/120/adapter_profile/measurements/inner_inode/calls	integer	4352
/120/adapter_profile/measurements/inner_inode/latency_buckets	array	-
/120/adapter_profile/measurements/inner_inode/latency_buckets/0	integer	4352
/120/adapter_profile/measurements/inner_inode/latency_buckets/1	integer	0
/120/adapter_profile/measurements/inner_inode/latency_buckets/2	integer	0
/120/adapter_profile/measurements/inner_inode/latency_buckets/3	integer	0
/120/adapter_profile/measurements/inner_inode/latency_buckets/4	integer	0
/120/adapter_profile/measurements/inner_inode/max_ns	integer	14757
/120/adapter_profile/measurements/inner_inode/total_ns	integer	4272354
/120/adapter_profile/measurements/inner_inode/units	integer	0
/120/adapter_profile/measurements/lookup	object	-
/120/adapter_profile/measurements/lookup/calls	integer	2304
/120/adapter_profile/measurements/lookup/latency_buckets	array	-
/120/adapter_profile/measurements/lookup/latency_buckets/0	integer	2304
/120/adapter_profile/measurements/lookup/latency_buckets/1	integer	0
/120/adapter_profile/measurements/lookup/latency_buckets/2	integer	0
/120/adapter_profile/measurements/lookup/latency_buckets/3	integer	0
/120/adapter_profile/measurements/lookup/latency_buckets/4	integer	0
/120/adapter_profile/measurements/lookup/max_ns	integer	194723
/120/adapter_profile/measurements/lookup/total_ns	integer	53547900
/120/adapter_profile/measurements/lookup/units	integer	0
/120/adapter_profile/measurements/open	object	-
/120/adapter_profile/measurements/open/calls	integer	2048
/120/adapter_profile/measurements/open/latency_buckets	array	-
/120/adapter_profile/measurements/open/latency_buckets/0	integer	2048
/120/adapter_profile/measurements/open/latency_buckets/1	integer	0
/120/adapter_profile/measurements/open/latency_buckets/2	integer	0
/120/adapter_profile/measurements/open/latency_buckets/3	integer	0
/120/adapter_profile/measurements/open/latency_buckets/4	integer	0
/120/adapter_profile/measurements/open/max_ns	integer	232855
/120/adapter_profile/measurements/open/total_ns	integer	49179601
/120/adapter_profile/measurements/open/units	integer	0
/120/adapter_profile/pid	integer	213
/120/adapter_profile/schema	integer	2
/120/batch	integer	1
/120/case	string	deep_lookup_open_getattr
/120/core_profile	object	-
/120/core_profile/component	string	overlay-core
/120/core_profile/final_record	boolean	false
/120/core_profile/inclusive_spans	boolean	true
/120/core_profile/instance	integer	6
/120/core_profile/measurements	object	-
/120/core_profile/measurements/layer_leaf_stats	object	-
/120/core_profile/measurements/layer_leaf_stats/calls	integer	0
/120/core_profile/measurements/layer_leaf_stats/latency_buckets	array	-
/120/core_profile/measurements/layer_leaf_stats/latency_buckets/0	integer	0
/120/core_profile/measurements/layer_leaf_stats/latency_buckets/1	integer	0
/120/core_profile/measurements/layer_leaf_stats/latency_buckets/2	integer	0
/120/core_profile/measurements/layer_leaf_stats/latency_buckets/3	integer	0
/120/core_profile/measurements/layer_leaf_stats/latency_buckets/4	integer	0
/120/core_profile/measurements/layer_leaf_stats/max_ns	integer	0
/120/core_profile/measurements/layer_leaf_stats/total_ns	integer	0
/120/core_profile/measurements/layer_leaf_stats/units	integer	42368
/120/core_profile/measurements/layer_parent_stats	object	-
/120/core_profile/measurements/layer_parent_stats/calls	integer	0
/120/core_profile/measurements/layer_parent_stats/latency_buckets	array	-
/120/core_profile/measurements/layer_parent_stats/latency_buckets/0	integer	0
/120/core_profile/measurements/layer_parent_stats/latency_buckets/1	integer	0
/120/core_profile/measurements/layer_parent_stats/latency_buckets/2	integer	0
/120/core_profile/measurements/layer_parent_stats/latency_buckets/3	integer	0
/120/core_profile/measurements/layer_parent_stats/latency_buckets/4	integer	0
/120/core_profile/measurements/layer_parent_stats/max_ns	integer	0
/120/core_profile/measurements/layer_parent_stats/total_ns	integer	0
/120/core_profile/measurements/layer_parent_stats/units	integer	67328
/120/core_profile/measurements/metadata	object	-
/120/core_profile/measurements/metadata/calls	integer	4352
/120/core_profile/measurements/metadata/latency_buckets	array	-
/120/core_profile/measurements/metadata/latency_buckets/0	integer	4352
/120/core_profile/measurements/metadata/latency_buckets/1	integer	0
/120/core_profile/measurements/metadata/latency_buckets/2	integer	0
/120/core_profile/measurements/metadata/latency_buckets/3	integer	0
/120/core_profile/measurements/metadata/latency_buckets/4	integer	0
/120/core_profile/measurements/metadata/max_ns	integer	230670
/120/core_profile/measurements/metadata/total_ns	integer	93812996
/120/core_profile/measurements/metadata/units	integer	0
/120/core_profile/measurements/mount_identity_attempts	object	-
/120/core_profile/measurements/mount_identity_attempts/calls	integer	0
/120/core_profile/measurements/mount_identity_attempts/latency_buckets	array	-
/120/core_profile/measurements/mount_identity_attempts/latency_buckets/0	integer	0
/120/core_profile/measurements/mount_identity_attempts/latency_buckets/1	integer	0
/120/core_profile/measurements/mount_identity_attempts/latency_buckets/2	integer	0
/120/core_profile/measurements/mount_identity_attempts/latency_buckets/3	integer	0
/120/core_profile/measurements/mount_identity_attempts/latency_buckets/4	integer	0
/120/core_profile/measurements/mount_identity_attempts/max_ns	integer	0
/120/core_profile/measurements/mount_identity_attempts/total_ns	integer	0
/120/core_profile/measurements/mount_identity_attempts/units	integer	33664
/120/core_profile/measurements/observe_read	object	-
/120/core_profile/measurements/observe_read/calls	integer	2048
/120/core_profile/measurements/observe_read/latency_buckets	array	-
/120/core_profile/measurements/observe_read/latency_buckets/0	integer	2048
/120/core_profile/measurements/observe_read/latency_buckets/1	integer	0
/120/core_profile/measurements/observe_read/latency_buckets/2	integer	0
/120/core_profile/measurements/observe_read/latency_buckets/3	integer	0
/120/core_profile/measurements/observe_read/latency_buckets/4	integer	0
/120/core_profile/measurements/observe_read/max_ns	integer	230761
/120/core_profile/measurements/observe_read/total_ns	integer	45173472
/120/core_profile/measurements/observe_read/units	integer	0
/120/core_profile/measurements/opaque_probe	object	-
/120/core_profile/measurements/opaque_probe/calls	integer	4352
/120/core_profile/measurements/opaque_probe/latency_buckets	array	-
/120/core_profile/measurements/opaque_probe/latency_buckets/0	integer	4352
/120/core_profile/measurements/opaque_probe/latency_buckets/1	integer	0
/120/core_profile/measurements/opaque_probe/latency_buckets/2	integer	0
/120/core_profile/measurements/opaque_probe/latency_buckets/3	integer	0
/120/core_profile/measurements/opaque_probe/latency_buckets/4	integer	0
/120/core_profile/measurements/opaque_probe/max_ns	integer	61205
/120/core_profile/measurements/opaque_probe/total_ns	integer	3966272
/120/core_profile/measurements/opaque_probe/units	integer	0
/120/core_profile/measurements/resolve	object	-
/120/core_profile/measurements/resolve/calls	integer	4352
/120/core_profile/measurements/resolve/latency_buckets	array	-
/120/core_profile/measurements/resolve/latency_buckets/0	integer	4352
/120/core_profile/measurements/resolve/latency_buckets/1	integer	0
/120/core_profile/measurements/resolve/latency_buckets/2	integer	0
/120/core_profile/measurements/resolve/latency_buckets/3	integer	0
/120/core_profile/measurements/resolve/latency_buckets/4	integer	0
/120/core_profile/measurements/resolve/max_ns	integer	230570
/120/core_profile/measurements/resolve/total_ns	integer	93445441
/120/core_profile/measurements/resolve/units	integer	0
/120/core_profile/measurements/resolve_components	object	-
/120/core_profile/measurements/resolve_components/calls	integer	0
/120/core_profile/measurements/resolve_components/latency_buckets	array	-
/120/core_profile/measurements/resolve_components/latency_buckets/0	integer	0
/120/core_profile/measurements/resolve_components/latency_buckets/1	integer	0
/120/core_profile/measurements/resolve_components/latency_buckets/2	integer	0
/120/core_profile/measurements/resolve_components/latency_buckets/3	integer	0
/120/core_profile/measurements/resolve_components/latency_buckets/4	integer	0
/120/core_profile/measurements/resolve_components/max_ns	integer	0
/120/core_profile/measurements/resolve_components/total_ns	integer	0
/120/core_profile/measurements/resolve_components/units	integer	38016
/120/core_profile/measurements/unavailable_upper_marker_skips	object	-
/120/core_profile/measurements/unavailable_upper_marker_skips/calls	integer	0
/120/core_profile/measurements/unavailable_upper_marker_skips/latency_buckets	array	-
/120/core_profile/measurements/unavailable_upper_marker_skips/latency_buckets/0	integer	0
/120/core_profile/measurements/unavailable_upper_marker_skips/latency_buckets/1	integer	0
/120/core_profile/measurements/unavailable_upper_marker_skips/latency_buckets/2	integer	0
/120/core_profile/measurements/unavailable_upper_marker_skips/latency_buckets/3	integer	0
/120/core_profile/measurements/unavailable_upper_marker_skips/latency_buckets/4	integer	0
/120/core_profile/measurements/unavailable_upper_marker_skips/max_ns	integer	0
/120/core_profile/measurements/unavailable_upper_marker_skips/total_ns	integer	0
/120/core_profile/measurements/unavailable_upper_marker_skips/units	integer	33664
/120/core_profile/measurements/whiteout_probe	object	-
/120/core_profile/measurements/whiteout_probe/calls	integer	4352
/120/core_profile/measurements/whiteout_probe/latency_buckets	array	-
/120/core_profile/measurements/whiteout_probe/latency_buckets/0	integer	4352
/120/core_profile/measurements/whiteout_probe/latency_buckets/1	integer	0
/120/core_profile/measurements/whiteout_probe/latency_buckets/2	integer	0
/120/core_profile/measurements/whiteout_probe/latency_buckets/3	integer	0
/120/core_profile/measurements/whiteout_probe/latency_buckets/4	integer	0
/120/core_profile/measurements/whiteout_probe/max_ns	integer	10811
/120/core_profile/measurements/whiteout_probe/total_ns	integer	2764764
/120/core_profile/measurements/whiteout_probe/units	integer	0
/120/core_profile/pid	integer	213
/120/core_profile/schema	integer	2
/120/elapsed_ms	float	104.405153
/120/profiled	boolean	true
/120/scope	string	adapter-only, host cache warm, fresh inode tables; no guest kernel/VM
/120/trial	integer	10
/120/variant	string	candidate
/120/warmup	boolean	false
/121	object	-
/121/adapter_profile	null	null
/121/batch	integer	1
/121/case	string	directory_plus
/121/core_profile	null	null
/121/elapsed_ms	float	20.893228
/121/profiled	boolean	false
/121/scope	string	adapter-only, host cache warm, fresh inode tables; no guest kernel/VM
/121/trial	integer	0
/121/variant	string	candidate
/121/warmup	boolean	true
/122	object	-
/122/adapter_profile	null	null
/122/batch	integer	1
/122/case	string	directory_plus
/122/core_profile	null	null
/122/elapsed_ms	float	20.168364
/122/profiled	boolean	false
/122/scope	string	adapter-only, host cache warm, fresh inode tables; no guest kernel/VM
/122/trial	integer	1
/122/variant	string	candidate
/122/warmup	boolean	true
/123	object	-
/123/adapter_profile	null	null
/123/batch	integer	1
/123/case	string	directory_plus
/123/core_profile	null	null
/123/elapsed_ms	float	20.058989
/123/profiled	boolean	false
/123/scope	string	adapter-only, host cache warm, fresh inode tables; no guest kernel/VM
/123/trial	integer	2
/123/variant	string	candidate
/123/warmup	boolean	false
/124	object	-
/124/adapter_profile	null	null
/124/batch	integer	1
/124/case	string	directory_plus
/124/core_profile	null	null
/124/elapsed_ms	float	21.289967
/124/profiled	boolean	false
/124/scope	string	adapter-only, host cache warm, fresh inode tables; no guest kernel/VM
/124/trial	integer	3
/124/variant	string	candidate
/124/warmup	boolean	false
/125	object	-
/125/adapter_profile	null	null
/125/batch	integer	1
/125/case	string	directory_plus
/125/core_profile	null	null
/125/elapsed_ms	float	20.212486000000002
/125/profiled	boolean	false
/125/scope	string	adapter-only, host cache warm, fresh inode tables; no guest kernel/VM
/125/trial	integer	4
/125/variant	string	candidate
/125/warmup	boolean	false
/126	object	-
/126/adapter_profile	null	null
/126/batch	integer	1
/126/case	string	directory_plus
/126/core_profile	null	null
/126/elapsed_ms	float	20.505353
/126/profiled	boolean	false
/126/scope	string	adapter-only, host cache warm, fresh inode tables; no guest kernel/VM
/126/trial	integer	5
/126/variant	string	candidate
/126/warmup	boolean	false
/127	object	-
/127/adapter_profile	null	null
/127/batch	integer	1
/127/case	string	directory_plus
/127/core_profile	null	null
/127/elapsed_ms	float	20.513047999999998
/127/profiled	boolean	false
/127/scope	string	adapter-only, host cache warm, fresh inode tables; no guest kernel/VM
/127/trial	integer	6
/127/variant	string	candidate
/127/warmup	boolean	false
/128	object	-
/128/adapter_profile	null	null
/128/batch	integer	1
/128/case	string	directory_plus
/128/core_profile	null	null
/128/elapsed_ms	float	20.241
/128/profiled	boolean	false
/128/scope	string	adapter-only, host cache warm, fresh inode tables; no guest kernel/VM
/128/trial	integer	7
/128/variant	string	candidate
/128/warmup	boolean	false
/129	object	-
/129/adapter_profile	null	null
/129/batch	integer	1
/129/case	string	directory_plus
/129/core_profile	null	null
/129/elapsed_ms	float	20.545258
/129/profiled	boolean	false
/129/scope	string	adapter-only, host cache warm, fresh inode tables; no guest kernel/VM
/129/trial	integer	8
/129/variant	string	candidate
/129/warmup	boolean	false
/130	object	-
/130/adapter_profile	null	null
/130/batch	integer	1
/130/case	string	directory_plus
/130/core_profile	null	null
/130/elapsed_ms	float	19.926282999999998
/130/profiled	boolean	false
/130/scope	string	adapter-only, host cache warm, fresh inode tables; no guest kernel/VM
/130/trial	integer	9
/130/variant	string	candidate
/130/warmup	boolean	false
/131	object	-
/131/adapter_profile	object	-
/131/adapter_profile/component	string	virtio-fs-overlay
/131/adapter_profile/final_record	boolean	false
/131/adapter_profile/inclusive_spans	boolean	true
/131/adapter_profile/instance	integer	7
/131/adapter_profile/measurements	object	-
/131/adapter_profile/measurements/backing_lookup	object	-
/131/adapter_profile/measurements/backing_lookup/calls	integer	2112
/131/adapter_profile/measurements/backing_lookup/latency_buckets	array	-
/131/adapter_profile/measurements/backing_lookup/latency_buckets/0	integer	2112
/131/adapter_profile/measurements/backing_lookup/latency_buckets/1	integer	0
/131/adapter_profile/measurements/backing_lookup/latency_buckets/2	integer	0
/131/adapter_profile/measurements/backing_lookup/latency_buckets/3	integer	0
/131/adapter_profile/measurements/backing_lookup/latency_buckets/4	integer	0
/131/adapter_profile/measurements/backing_lookup/max_ns	integer	882
/131/adapter_profile/measurements/backing_lookup/total_ns	integer	979337
/131/adapter_profile/measurements/backing_lookup/units	integer	0
/131/adapter_profile/measurements/directory_cache_deep_hits	object	-
/131/adapter_profile/measurements/directory_cache_deep_hits/calls	integer	0
/131/adapter_profile/measurements/directory_cache_deep_hits/latency_buckets	array	-
/131/adapter_profile/measurements/directory_cache_deep_hits/latency_buckets/0	integer	0
/131/adapter_profile/measurements/directory_cache_deep_hits/latency_buckets/1	integer	0
/131/adapter_profile/measurements/directory_cache_deep_hits/latency_buckets/2	integer	0
/131/adapter_profile/measurements/directory_cache_deep_hits/latency_buckets/3	integer	0
/131/adapter_profile/measurements/directory_cache_deep_hits/latency_buckets/4	integer	0
/131/adapter_profile/measurements/directory_cache_deep_hits/max_ns	integer	0
/131/adapter_profile/measurements/directory_cache_deep_hits/total_ns	integer	0
/131/adapter_profile/measurements/directory_cache_deep_hits/units	integer	2016
/131/adapter_profile/measurements/directory_cache_misses	object	-
/131/adapter_profile/measurements/directory_cache_misses/calls	integer	0
/131/adapter_profile/measurements/directory_cache_misses/latency_buckets	array	-
/131/adapter_profile/measurements/directory_cache_misses/latency_buckets/0	integer	0
/131/adapter_profile/measurements/directory_cache_misses/latency_buckets/1	integer	0
/131/adapter_profile/measurements/directory_cache_misses/latency_buckets/2	integer	0
/131/adapter_profile/measurements/directory_cache_misses/latency_buckets/3	integer	0
/131/adapter_profile/measurements/directory_cache_misses/latency_buckets/4	integer	0
/131/adapter_profile/measurements/directory_cache_misses/max_ns	integer	0
/131/adapter_profile/measurements/directory_cache_misses/total_ns	integer	0
/131/adapter_profile/measurements/directory_cache_misses/units	integer	32
/131/adapter_profile/measurements/entry	object	-
/131/adapter_profile/measurements/entry/calls	integer	2080
/131/adapter_profile/measurements/entry/latency_buckets	array	-
/131/adapter_profile/measurements/entry/latency_buckets/0	integer	2080
/131/adapter_profile/measurements/entry/latency_buckets/1	integer	0
/131/adapter_profile/measurements/entry/latency_buckets/2	integer	0
/131/adapter_profile/measurements/entry/latency_buckets/3	integer	0
/131/adapter_profile/measurements/entry/latency_buckets/4	integer	0
/131/adapter_profile/measurements/entry/max_ns	integer	2885
/131/adapter_profile/measurements/entry/total_ns	integer	2028485
/131/adapter_profile/measurements/entry/units	integer	0
/131/adapter_profile/measurements/inner_inode	object	-
/131/adapter_profile/measurements/inner_inode/calls	integer	2080
/131/adapter_profile/measurements/inner_inode/latency_buckets	array	-
/131/adapter_profile/measurements/inner_inode/latency_buckets/0	integer	2080
/131/adapter_profile/measurements/inner_inode/latency_buckets/1	integer	0
/131/adapter_profile/measurements/inner_inode/latency_buckets/2	integer	0
/131/adapter_profile/measurements/inner_inode/latency_buckets/3	integer	0
/131/adapter_profile/measurements/inner_inode/latency_buckets/4	integer	0
/131/adapter_profile/measurements/inner_inode/max_ns	integer	2605
/131/adapter_profile/measurements/inner_inode/total_ns	integer	1495267
/131/adapter_profile/measurements/inner_inode/units	integer	0
/131/adapter_profile/measurements/lookup	object	-
/131/adapter_profile/measurements/lookup/calls	integer	32
/131/adapter_profile/measurements/lookup/latency_buckets	array	-
/131/adapter_profile/measurements/lookup/latency_buckets/0	integer	32
/131/adapter_profile/measurements/lookup/latency_buckets/1	integer	0
/131/adapter_profile/measurements/lookup/latency_buckets/2	integer	0
/131/adapter_profile/measurements/lookup/latency_buckets/3	integer	0
/131/adapter_profile/measurements/lookup/latency_buckets/4	integer	0
/131/adapter_profile/measurements/lookup/max_ns	integer	9147
/131/adapter_profile/measurements/lookup/total_ns	integer	159867
/131/adapter_profile/measurements/lookup/units	integer	0
/131/adapter_profile/measurements/opendir	object	-
/131/adapter_profile/measurements/opendir/calls	integer	32
/131/adapter_profile/measurements/opendir/latency_buckets	array	-
/131/adapter_profile/measurements/opendir/latency_buckets/0	integer	32
/131/adapter_profile/measurements/opendir/latency_buckets/1	integer	0
/131/adapter_profile/measurements/opendir/latency_buckets/2	integer	0
/131/adapter_profile/measurements/opendir/latency_buckets/3	integer	0
/131/adapter_profile/measurements/opendir/latency_buckets/4	integer	0
/131/adapter_profile/measurements/opendir/max_ns	integer	870014
/131/adapter_profile/measurements/opendir/total_ns	integer	8438082
/131/adapter_profile/measurements/opendir/units	integer	0
/131/adapter_profile/measurements/readdirplus	object	-
/131/adapter_profile/measurements/readdirplus/calls	integer	32
/131/adapter_profile/measurements/readdirplus/latency_buckets	array	-
/131/adapter_profile/measurements/readdirplus/latency_buckets/0	integer	32
/131/adapter_profile/measurements/readdirplus/latency_buckets/1	integer	0
/131/adapter_profile/measurements/readdirplus/latency_buckets/2	integer	0
/131/adapter_profile/measurements/readdirplus/latency_buckets/3	integer	0
/131/adapter_profile/measurements/readdirplus/latency_buckets/4	integer	0
/131/adapter_profile/measurements/readdirplus/max_ns	integer	441174
/131/adapter_profile/measurements/readdirplus/total_ns	integer	13012404
/131/adapter_profile/measurements/readdirplus/units	integer	0
/131/adapter_profile/pid	integer	213
/131/adapter_profile/schema	integer	2
/131/batch	integer	1
/131/case	string	directory_plus
/131/core_profile	object	-
/131/core_profile/component	string	overlay-core
/131/core_profile/final_record	boolean	false
/131/core_profile/inclusive_spans	boolean	true
/131/core_profile/instance	integer	8
/131/core_profile/measurements	object	-
/131/core_profile/measurements/layer_leaf_stats	object	-
/131/core_profile/measurements/layer_leaf_stats/calls	integer	0
/131/core_profile/measurements/layer_leaf_stats/latency_buckets	array	-
/131/core_profile/measurements/layer_leaf_stats/latency_buckets/0	integer	0
/131/core_profile/measurements/layer_leaf_stats/latency_buckets/1	integer	0
/131/core_profile/measurements/layer_leaf_stats/latency_buckets/2	integer	0
/131/core_profile/measurements/layer_leaf_stats/latency_buckets/3	integer	0
/131/core_profile/measurements/layer_leaf_stats/latency_buckets/4	integer	0
/131/core_profile/measurements/layer_leaf_stats/max_ns	integer	0
/131/core_profile/measurements/layer_leaf_stats/total_ns	integer	0
/131/core_profile/measurements/layer_leaf_stats/units	integer	8320
/131/core_profile/measurements/layer_parent_stats	object	-
/131/core_profile/measurements/layer_parent_stats/calls	integer	0
/131/core_profile/measurements/layer_parent_stats/latency_buckets	array	-
/131/core_profile/measurements/layer_parent_stats/latency_buckets/0	integer	0
/131/core_profile/measurements/layer_parent_stats/latency_buckets/1	integer	0
/131/core_profile/measurements/layer_parent_stats/latency_buckets/2	integer	0
/131/core_profile/measurements/layer_parent_stats/latency_buckets/3	integer	0
/131/core_profile/measurements/layer_parent_stats/latency_buckets/4	integer	0
/131/core_profile/measurements/layer_parent_stats/max_ns	integer	0
/131/core_profile/measurements/layer_parent_stats/total_ns	integer	0
/131/core_profile/measurements/layer_parent_stats/units	integer	8192
/131/core_profile/measurements/list_entries	object	-
/131/core_profile/measurements/list_entries/calls	integer	32
/131/core_profile/measurements/list_entries/latency_buckets	array	-
/131/core_profile/measurements/list_entries/latency_buckets/0	integer	32
/131/core_profile/measurements/list_entries/latency_buckets/1	integer	0
/131/core_profile/measurements/list_entries/latency_buckets/2	integer	0
/131/core_profile/measurements/list_entries/latency_buckets/3	integer	0
/131/core_profile/measurements/list_entries/latency_buckets/4	integer	0
/131/core_profile/measurements/list_entries/max_ns	integer	412119
/131/core_profile/measurements/list_entries/total_ns	integer	7292114
/131/core_profile/measurements/list_entries/units	integer	0
/131/core_profile/measurements/metadata	object	-
/131/core_profile/measurements/metadata/calls	integer	2112
/131/core_profile/measurements/metadata/latency_buckets	array	-
/131/core_profile/measurements/metadata/latency_buckets/0	integer	2112
/131/core_profile/measurements/metadata/latency_buckets/1	integer	0
/131/core_profile/measurements/metadata/latency_buckets/2	integer	0
/131/core_profile/measurements/metadata/latency_buckets/3	integer	0
/131/core_profile/measurements/metadata/latency_buckets/4	integer	0
/131/core_profile/measurements/metadata/max_ns	integer	13466
/131/core_profile/measurements/metadata/total_ns	integer	10848363
/131/core_profile/measurements/metadata/units	integer	0
/131/core_profile/measurements/mount_identity_attempts	object	-
/131/core_profile/measurements/mount_identity_attempts/calls	integer	0
/131/core_profile/measurements/mount_identity_attempts/latency_buckets	array	-
/131/core_profile/measurements/mount_identity_attempts/latency_buckets/0	integer	0
/131/core_profile/measurements/mount_identity_attempts/latency_buckets/1	integer	0
/131/core_profile/measurements/mount_identity_attempts/latency_buckets/2	integer	0
/131/core_profile/measurements/mount_identity_attempts/latency_buckets/3	integer	0
/131/core_profile/measurements/mount_identity_attempts/latency_buckets/4	integer	0
/131/core_profile/measurements/mount_identity_attempts/max_ns	integer	0
/131/core_profile/measurements/mount_identity_attempts/total_ns	integer	0
/131/core_profile/measurements/mount_identity_attempts/units	integer	2048
/131/core_profile/measurements/opaque_probe	object	-
/131/core_profile/measurements/opaque_probe/calls	integer	2144
/131/core_profile/measurements/opaque_probe/latency_buckets	array	-
/131/core_profile/measurements/opaque_probe/latency_buckets/0	integer	2144
/131/core_profile/measurements/opaque_probe/latency_buckets/1	integer	0
/131/core_profile/measurements/opaque_probe/latency_buckets/2	integer	0
/131/core_profile/measurements/opaque_probe/latency_buckets/3	integer	0
/131/core_profile/measurements/opaque_probe/latency_buckets/4	integer	0
/131/core_profile/measurements/opaque_probe/max_ns	integer	8947
/131/core_profile/measurements/opaque_probe/total_ns	integer	1838155
/131/core_profile/measurements/opaque_probe/units	integer	0
/131/core_profile/measurements/resolve	object	-
/131/core_profile/measurements/resolve/calls	integer	2112
/131/core_profile/measurements/resolve/latency_buckets	array	-
/131/core_profile/measurements/resolve/latency_buckets/0	integer	2112
/131/core_profile/measurements/resolve/latency_buckets/1	integer	0
/131/core_profile/measurements/resolve/latency_buckets/2	integer	0
/131/core_profile/measurements/resolve/latency_buckets/3	integer	0
/131/core_profile/measurements/resolve/latency_buckets/4	integer	0
/131/core_profile/measurements/resolve/max_ns	integer	13385
/131/core_profile/measurements/resolve/total_ns	integer	10686259
/131/core_profile/measurements/resolve/units	integer	0
/131/core_profile/measurements/resolve_components	object	-
/131/core_profile/measurements/resolve_components/calls	integer	0
/131/core_profile/measurements/resolve_components/latency_buckets	array	-
/131/core_profile/measurements/resolve_components/latency_buckets/0	integer	0
/131/core_profile/measurements/resolve_components/latency_buckets/1	integer	0
/131/core_profile/measurements/resolve_components/latency_buckets/2	integer	0
/131/core_profile/measurements/resolve_components/latency_buckets/3	integer	0
/131/core_profile/measurements/resolve_components/latency_buckets/4	integer	0
/131/core_profile/measurements/resolve_components/max_ns	integer	0
/131/core_profile/measurements/resolve_components/total_ns	integer	0
/131/core_profile/measurements/resolve_components/units	integer	4160
/131/core_profile/measurements/unavailable_upper_marker_skips	object	-
/131/core_profile/measurements/unavailable_upper_marker_skips/calls	integer	0
/131/core_profile/measurements/unavailable_upper_marker_skips/latency_buckets	array	-
/131/core_profile/measurements/unavailable_upper_marker_skips/latency_buckets/0	integer	0
/131/core_profile/measurements/unavailable_upper_marker_skips/latency_buckets/1	integer	0
/131/core_profile/measurements/unavailable_upper_marker_skips/latency_buckets/2	integer	0
/131/core_profile/measurements/unavailable_upper_marker_skips/latency_buckets/3	integer	0
/131/core_profile/measurements/unavailable_upper_marker_skips/latency_buckets/4	integer	0
/131/core_profile/measurements/unavailable_upper_marker_skips/max_ns	integer	0
/131/core_profile/measurements/unavailable_upper_marker_skips/total_ns	integer	0
/131/core_profile/measurements/unavailable_upper_marker_skips/units	integer	4096
/131/core_profile/measurements/whiteout_probe	object	-
/131/core_profile/measurements/whiteout_probe/calls	integer	4160
/131/core_profile/measurements/whiteout_probe/latency_buckets	array	-
/131/core_profile/measurements/whiteout_probe/latency_buckets/0	integer	4160
/131/core_profile/measurements/whiteout_probe/latency_buckets/1	integer	0
/131/core_profile/measurements/whiteout_probe/latency_buckets/2	integer	0
/131/core_profile/measurements/whiteout_probe/latency_buckets/3	integer	0
/131/core_profile/measurements/whiteout_probe/latency_buckets/4	integer	0
/131/core_profile/measurements/whiteout_probe/max_ns	integer	193321
/131/core_profile/measurements/whiteout_probe/total_ns	integer	2799425
/131/core_profile/measurements/whiteout_probe/units	integer	0
/131/core_profile/pid	integer	213
/131/core_profile/schema	integer	2
/131/elapsed_ms	float	21.638258
/131/profiled	boolean	true
/131/scope	string	adapter-only, host cache warm, fresh inode tables; no guest kernel/VM
/131/trial	integer	10
/131/variant	string	candidate
/131/warmup	boolean	false
/132	object	-
/132/adapter_profile	null	null
/132/batch	integer	1
/132/case	string	lookup_getattr
/132/core_profile	null	null
/132/elapsed_ms	float	33.104996
/132/profiled	boolean	false
/132/scope	string	adapter-only, host cache warm, fresh inode tables; no guest kernel/VM
/132/trial	integer	0
/132/variant	string	baseline
/132/warmup	boolean	true
/133	object	-
/133/adapter_profile	null	null
/133/batch	integer	1
/133/case	string	lookup_getattr
/133/core_profile	null	null
/133/elapsed_ms	float	34.992981
/133/profiled	boolean	false
/133/scope	string	adapter-only, host cache warm, fresh inode tables; no guest kernel/VM
/133/trial	integer	1
/133/variant	string	baseline
/133/warmup	boolean	true
/134	object	-
/134/adapter_profile	null	null
/134/batch	integer	1
/134/case	string	lookup_getattr
/134/core_profile	null	null
/134/elapsed_ms	float	35.546976
/134/profiled	boolean	false
/134/scope	string	adapter-only, host cache warm, fresh inode tables; no guest kernel/VM
/134/trial	integer	2
/134/variant	string	baseline
/134/warmup	boolean	false
/135	object	-
/135/adapter_profile	null	null
/135/batch	integer	1
/135/case	string	lookup_getattr
/135/core_profile	null	null
/135/elapsed_ms	float	34.491665999999995
/135/profiled	boolean	false
/135/scope	string	adapter-only, host cache warm, fresh inode tables; no guest kernel/VM
/135/trial	integer	3
/135/variant	string	baseline
/135/warmup	boolean	false
/136	object	-
/136/adapter_profile	null	null
/136/batch	integer	1
/136/case	string	lookup_getattr
/136/core_profile	null	null
/136/elapsed_ms	float	34.363806
/136/profiled	boolean	false
/136/scope	string	adapter-only, host cache warm, fresh inode tables; no guest kernel/VM
/136/trial	integer	4
/136/variant	string	baseline
/136/warmup	boolean	false
/137	object	-
/137/adapter_profile	null	null
/137/batch	integer	1
/137/case	string	lookup_getattr
/137/core_profile	null	null
/137/elapsed_ms	float	33.710136
/137/profiled	boolean	false
/137/scope	string	adapter-only, host cache warm, fresh inode tables; no guest kernel/VM
/137/trial	integer	5
/137/variant	string	baseline
/137/warmup	boolean	false
/138	object	-
/138/adapter_profile	null	null
/138/batch	integer	1
/138/case	string	lookup_getattr
/138/core_profile	null	null
/138/elapsed_ms	float	34.377331999999996
/138/profiled	boolean	false
/138/scope	string	adapter-only, host cache warm, fresh inode tables; no guest kernel/VM
/138/trial	integer	6
/138/variant	string	baseline
/138/warmup	boolean	false
/139	object	-
/139/adapter_profile	null	null
/139/batch	integer	1
/139/case	string	lookup_getattr
/139/core_profile	null	null
/139/elapsed_ms	float	33.676654
/139/profiled	boolean	false
/139/scope	string	adapter-only, host cache warm, fresh inode tables; no guest kernel/VM
/139/trial	integer	7
/139/variant	string	baseline
/139/warmup	boolean	false
/140	object	-
/140/adapter_profile	null	null
/140/batch	integer	1
/140/case	string	lookup_getattr
/140/core_profile	null	null
/140/elapsed_ms	float	34.275642000000005
/140/profiled	boolean	false
/140/scope	string	adapter-only, host cache warm, fresh inode tables; no guest kernel/VM
/140/trial	integer	8
/140/variant	string	baseline
/140/warmup	boolean	false
/141	object	-
/141/adapter_profile	null	null
/141/batch	integer	1
/141/case	string	lookup_getattr
/141/core_profile	null	null
/141/elapsed_ms	float	34.251246
/141/profiled	boolean	false
/141/scope	string	adapter-only, host cache warm, fresh inode tables; no guest kernel/VM
/141/trial	integer	9
/141/variant	string	baseline
/141/warmup	boolean	false
/142	object	-
/142/adapter_profile	object	-
/142/adapter_profile/component	string	virtio-fs-overlay
/142/adapter_profile/final_record	boolean	false
/142/adapter_profile/inclusive_spans	boolean	true
/142/adapter_profile/instance	integer	1
/142/adapter_profile/measurements	object	-
/142/adapter_profile/measurements/backing_lookup	object	-
/142/adapter_profile/measurements/backing_lookup/calls	integer	4160
/142/adapter_profile/measurements/backing_lookup/latency_buckets	array	-
/142/adapter_profile/measurements/backing_lookup/latency_buckets/0	integer	4160
/142/adapter_profile/measurements/backing_lookup/latency_buckets/1	integer	0
/142/adapter_profile/measurements/backing_lookup/latency_buckets/2	integer	0
/142/adapter_profile/measurements/backing_lookup/latency_buckets/3	integer	0
/142/adapter_profile/measurements/backing_lookup/latency_buckets/4	integer	0
/142/adapter_profile/measurements/backing_lookup/max_ns	integer	1173
/142/adapter_profile/measurements/backing_lookup/total_ns	integer	1923484
/142/adapter_profile/measurements/backing_lookup/units	integer	0
/142/adapter_profile/measurements/directory_cache_deep_hits	object	-
/142/adapter_profile/measurements/directory_cache_deep_hits/calls	integer	0
/142/adapter_profile/measurements/directory_cache_deep_hits/latency_buckets	array	-
/142/adapter_profile/measurements/directory_cache_deep_hits/latency_buckets/0	integer	0
/142/adapter_profile/measurements/directory_cache_deep_hits/latency_buckets/1	integer	0
/142/adapter_profile/measurements/directory_cache_deep_hits/latency_buckets/2	integer	0
/142/adapter_profile/measurements/directory_cache_deep_hits/latency_buckets/3	integer	0
/142/adapter_profile/measurements/directory_cache_deep_hits/latency_buckets/4	integer	0
/142/adapter_profile/measurements/directory_cache_deep_hits/max_ns	integer	0
/142/adapter_profile/measurements/directory_cache_deep_hits/total_ns	integer	0
/142/adapter_profile/measurements/directory_cache_deep_hits/units	integer	4064
/142/adapter_profile/measurements/directory_cache_misses	object	-
/142/adapter_profile/measurements/directory_cache_misses/calls	integer	0
/142/adapter_profile/measurements/directory_cache_misses/latency_buckets	array	-
/142/adapter_profile/measurements/directory_cache_misses/latency_buckets/0	integer	0
/142/adapter_profile/measurements/directory_cache_misses/latency_buckets/1	integer	0
/142/adapter_profile/measurements/directory_cache_misses/latency_buckets/2	integer	0
/142/adapter_profile/measurements/directory_cache_misses/latency_buckets/3	integer	0
/142/adapter_profile/measurements/directory_cache_misses/latency_buckets/4	integer	0
/142/adapter_profile/measurements/directory_cache_misses/max_ns	integer	0
/142/adapter_profile/measurements/directory_cache_misses/total_ns	integer	0
/142/adapter_profile/measurements/directory_cache_misses/units	integer	32
/142/adapter_profile/measurements/entry	object	-
/142/adapter_profile/measurements/entry/calls	integer	4128
/142/adapter_profile/measurements/entry/latency_buckets	array	-
/142/adapter_profile/measurements/entry/latency_buckets/0	integer	4128
/142/adapter_profile/measurements/entry/latency_buckets/1	integer	0
/142/adapter_profile/measurements/entry/latency_buckets/2	integer	0
/142/adapter_profile/measurements/entry/latency_buckets/3	integer	0
/142/adapter_profile/measurements/entry/latency_buckets/4	integer	0
/142/adapter_profile/measurements/entry/max_ns	integer	245979
/142/adapter_profile/measurements/entry/total_ns	integer	4265438
/142/adapter_profile/measurements/entry/units	integer	0
/142/adapter_profile/measurements/getattr	object	-
/142/adapter_profile/measurements/getattr/calls	integer	2048
/142/adapter_profile/measurements/getattr/latency_buckets	array	-
/142/adapter_profile/measurements/getattr/latency_buckets/0	integer	2048
/142/adapter_profile/measurements/getattr/latency_buckets/1	integer	0
/142/adapter_profile/measurements/getattr/latency_buckets/2	integer	0
/142/adapter_profile/measurements/getattr/latency_buckets/3	integer	0
/142/adapter_profile/measurements/getattr/latency_buckets/4	integer	0
/142/adapter_profile/measurements/getattr/max_ns	integer	252632
/142/adapter_profile/measurements/getattr/total_ns	integer	17715257
/142/adapter_profile/measurements/getattr/units	integer	0
/142/adapter_profile/measurements/inner_inode	object	-
/142/adapter_profile/measurements/inner_inode/calls	integer	4128
/142/adapter_profile/measurements/inner_inode/latency_buckets	array	-
/142/adapter_profile/measurements/inner_inode/latency_buckets/0	integer	4128
/142/adapter_profile/measurements/inner_inode/latency_buckets/1	integer	0
/142/adapter_profile/measurements/inner_inode/latency_buckets/2	integer	0
/142/adapter_profile/measurements/inner_inode/latency_buckets/3	integer	0
/142/adapter_profile/measurements/inner_inode/latency_buckets/4	integer	0
/142/adapter_profile/measurements/inner_inode/max_ns	integer	2765
/142/adapter_profile/measurements/inner_inode/total_ns	integer	2935847
/142/adapter_profile/measurements/inner_inode/units	integer	0
/142/adapter_profile/measurements/lookup	object	-
/142/adapter_profile/measurements/lookup/calls	integer	2080
/142/adapter_profile/measurements/lookup/latency_buckets	array	-
/142/adapter_profile/measurements/lookup/latency_buckets/0	integer	2080
/142/adapter_profile/measurements/lookup/latency_buckets/1	integer	0
/142/adapter_profile/measurements/lookup/latency_buckets/2	integer	0
/142/adapter_profile/measurements/lookup/latency_buckets/3	integer	0
/142/adapter_profile/measurements/lookup/latency_buckets/4	integer	0
/142/adapter_profile/measurements/lookup/max_ns	integer	415265
/142/adapter_profile/measurements/lookup/total_ns	integer	19097653
/142/adapter_profile/measurements/lookup/units	integer	0
/142/adapter_profile/pid	integer	266
/142/adapter_profile/schema	integer	2
/142/batch	integer	1
/142/case	string	lookup_getattr
/142/core_profile	object	-
/142/core_profile/component	string	overlay-core
/142/core_profile/final_record	boolean	false
/142/core_profile/inclusive_spans	boolean	true
/142/core_profile/instance	integer	2
/142/core_profile/measurements	object	-
/142/core_profile/measurements/layer_leaf_stats	object	-
/142/core_profile/measurements/layer_leaf_stats/calls	integer	0
/142/core_profile/measurements/layer_leaf_stats/latency_buckets	array	-
/142/core_profile/measurements/layer_leaf_stats/latency_buckets/0	integer	0
/142/core_profile/measurements/layer_leaf_stats/latency_buckets/1	integer	0
/142/core_profile/measurements/layer_leaf_stats/latency_buckets/2	integer	0
/142/core_profile/measurements/layer_leaf_stats/latency_buckets/3	integer	0
/142/core_profile/measurements/layer_leaf_stats/latency_buckets/4	integer	0
/142/core_profile/measurements/layer_leaf_stats/max_ns	integer	0
/142/core_profile/measurements/layer_leaf_stats/total_ns	integer	0
/142/core_profile/measurements/layer_leaf_stats/units	integer	12352
/142/core_profile/measurements/layer_parent_stats	object	-
/142/core_profile/measurements/layer_parent_stats/calls	integer	0
/142/core_profile/measurements/layer_parent_stats/latency_buckets	array	-
/142/core_profile/measurements/layer_parent_stats/latency_buckets/0	integer	0
/142/core_profile/measurements/layer_parent_stats/latency_buckets/1	integer	0
/142/core_profile/measurements/layer_parent_stats/latency_buckets/2	integer	0
/142/core_profile/measurements/layer_parent_stats/latency_buckets/3	integer	0
/142/core_profile/measurements/layer_parent_stats/latency_buckets/4	integer	0
/142/core_profile/measurements/layer_parent_stats/max_ns	integer	0
/142/core_profile/measurements/layer_parent_stats/total_ns	integer	0
/142/core_profile/measurements/layer_parent_stats/units	integer	8192
/142/core_profile/measurements/metadata	object	-
/142/core_profile/measurements/metadata/calls	integer	4128
/142/core_profile/measurements/metadata/latency_buckets	array	-
/142/core_profile/measurements/metadata/latency_buckets/0	integer	4128
/142/core_profile/measurements/metadata/latency_buckets/1	integer	0
/142/core_profile/measurements/metadata/latency_buckets/2	integer	0
/142/core_profile/measurements/metadata/latency_buckets/3	integer	0
/142/core_profile/measurements/metadata/latency_buckets/4	integer	0
/142/core_profile/measurements/metadata/max_ns	integer	413362
/142/core_profile/measurements/metadata/total_ns	integer	30945017
/142/core_profile/measurements/metadata/units	integer	0
/142/core_profile/measurements/mount_identity_attempts	object	-
/142/core_profile/measurements/mount_identity_attempts/calls	integer	0
/142/core_profile/measurements/mount_identity_attempts/latency_buckets	array	-
/142/core_profile/measurements/mount_identity_attempts/latency_buckets/0	integer	0
/142/core_profile/measurements/mount_identity_attempts/latency_buckets/1	integer	0
/142/core_profile/measurements/mount_identity_attempts/latency_buckets/2	integer	0
/142/core_profile/measurements/mount_identity_attempts/latency_buckets/3	integer	0
/142/core_profile/measurements/mount_identity_attempts/latency_buckets/4	integer	0
/142/core_profile/measurements/mount_identity_attempts/max_ns	integer	0
/142/core_profile/measurements/mount_identity_attempts/total_ns	integer	0
/142/core_profile/measurements/mount_identity_attempts/units	integer	4096
/142/core_profile/measurements/opaque_probe	object	-
/142/core_profile/measurements/opaque_probe/calls	integer	8224
/142/core_profile/measurements/opaque_probe/latency_buckets	array	-
/142/core_profile/measurements/opaque_probe/latency_buckets/0	integer	8224
/142/core_profile/measurements/opaque_probe/latency_buckets/1	integer	0
/142/core_profile/measurements/opaque_probe/latency_buckets/2	integer	0
/142/core_profile/measurements/opaque_probe/latency_buckets/3	integer	0
/142/core_profile/measurements/opaque_probe/latency_buckets/4	integer	0
/142/core_profile/measurements/opaque_probe/max_ns	integer	192179
/142/core_profile/measurements/opaque_probe/total_ns	integer	8374850
/142/core_profile/measurements/opaque_probe/units	integer	0
/142/core_profile/measurements/resolve	object	-
/142/core_profile/measurements/resolve/calls	integer	4128
/142/core_profile/measurements/resolve/latency_buckets	array	-
/142/core_profile/measurements/resolve/latency_buckets/0	integer	4128
/142/core_profile/measurements/resolve/latency_buckets/1	integer	0
/142/core_profile/measurements/resolve/latency_buckets/2	integer	0
/142/core_profile/measurements/resolve/latency_buckets/3	integer	0
/142/core_profile/measurements/resolve/latency_buckets/4	integer	0
/142/core_profile/measurements/resolve/max_ns	integer	232404
/142/core_profile/measurements/resolve/total_ns	integer	29723897
/142/core_profile/measurements/resolve/units	integer	0
/142/core_profile/measurements/resolve_components	object	-
/142/core_profile/measurements/resolve_components/calls	integer	0
/142/core_profile/measurements/resolve_components/latency_buckets	array	-
/142/core_profile/measurements/resolve_components/latency_buckets/0	integer	0
/142/core_profile/measurements/resolve_components/latency_buckets/1	integer	0
/142/core_profile/measurements/resolve_components/latency_buckets/2	integer	0
/142/core_profile/measurements/resolve_components/latency_buckets/3	integer	0
/142/core_profile/measurements/resolve_components/latency_buckets/4	integer	0
/142/core_profile/measurements/resolve_components/max_ns	integer	0
/142/core_profile/measurements/resolve_components/total_ns	integer	0
/142/core_profile/measurements/resolve_components/units	integer	8224
/142/core_profile/measurements/whiteout_probe	object	-
/142/core_profile/measurements/whiteout_probe/calls	integer	8224
/142/core_profile/measurements/whiteout_probe/latency_buckets	array	-
/142/core_profile/measurements/whiteout_probe/latency_buckets/0	integer	8224
/142/core_profile/measurements/whiteout_probe/latency_buckets/1	integer	0
/142/core_profile/measurements/whiteout_probe/latency_buckets/2	integer	0
/142/core_profile/measurements/whiteout_probe/latency_buckets/3	integer	0
/142/core_profile/measurements/whiteout_probe/latency_buckets/4	integer	0
/142/core_profile/measurements/whiteout_probe/max_ns	integer	20348
/142/core_profile/measurements/whiteout_probe/total_ns	integer	5155025
/142/core_profile/measurements/whiteout_probe/units	integer	0
/142/core_profile/pid	integer	266
/142/core_profile/schema	integer	2
/142/elapsed_ms	float	37.18844
/142/profiled	boolean	true
/142/scope	string	adapter-only, host cache warm, fresh inode tables; no guest kernel/VM
/142/trial	integer	10
/142/variant	string	baseline
/142/warmup	boolean	false
/143	object	-
/143/adapter_profile	null	null
/143/batch	integer	1
/143/case	string	lookup_open_getattr
/143/core_profile	null	null
/143/elapsed_ms	float	36.403355
/143/profiled	boolean	false
/143/scope	string	adapter-only, host cache warm, fresh inode tables; no guest kernel/VM
/143/trial	integer	0
/143/variant	string	baseline
/143/warmup	boolean	true
/144	object	-
/144/adapter_profile	null	null
/144/batch	integer	1
/144/case	string	lookup_open_getattr
/144/core_profile	null	null
/144/elapsed_ms	float	35.8496
/144/profiled	boolean	false
/144/scope	string	adapter-only, host cache warm, fresh inode tables; no guest kernel/VM
/144/trial	integer	1
/144/variant	string	baseline
/144/warmup	boolean	true
/145	object	-
/145/adapter_profile	null	null
/145/batch	integer	1
/145/case	string	lookup_open_getattr
/145/core_profile	null	null
/145/elapsed_ms	float	36.74346
/145/profiled	boolean	false
/145/scope	string	adapter-only, host cache warm, fresh inode tables; no guest kernel/VM
/145/trial	integer	2
/145/variant	string	baseline
/145/warmup	boolean	false
/146	object	-
/146/adapter_profile	null	null
/146/batch	integer	1
/146/case	string	lookup_open_getattr
/146/core_profile	null	null
/146/elapsed_ms	float	37.269782
/146/profiled	boolean	false
/146/scope	string	adapter-only, host cache warm, fresh inode tables; no guest kernel/VM
/146/trial	integer	3
/146/variant	string	baseline
/146/warmup	boolean	false
/147	object	-
/147/adapter_profile	null	null
/147/batch	integer	1
/147/case	string	lookup_open_getattr
/147/core_profile	null	null
/147/elapsed_ms	float	36.731126
/147/profiled	boolean	false
/147/scope	string	adapter-only, host cache warm, fresh inode tables; no guest kernel/VM
/147/trial	integer	4
/147/variant	string	baseline
/147/warmup	boolean	false
/148	object	-
/148/adapter_profile	null	null
/148/batch	integer	1
/148/case	string	lookup_open_getattr
/148/core_profile	null	null
/148/elapsed_ms	float	37.387271
/148/profiled	boolean	false
/148/scope	string	adapter-only, host cache warm, fresh inode tables; no guest kernel/VM
/148/trial	integer	5
/148/variant	string	baseline
/148/warmup	boolean	false
/149	object	-
/149/adapter_profile	null	null
/149/batch	integer	1
/149/case	string	lookup_open_getattr
/149/core_profile	null	null
/149/elapsed_ms	float	38.164201
/149/profiled	boolean	false
/149/scope	string	adapter-only, host cache warm, fresh inode tables; no guest kernel/VM
/149/trial	integer	6
/149/variant	string	baseline
/149/warmup	boolean	false
/150	object	-
/150/adapter_profile	null	null
/150/batch	integer	1
/150/case	string	lookup_open_getattr
/150/core_profile	null	null
/150/elapsed_ms	float	36.054543
/150/profiled	boolean	false
/150/scope	string	adapter-only, host cache warm, fresh inode tables; no guest kernel/VM
/150/trial	integer	7
/150/variant	string	baseline
/150/warmup	boolean	false
/151	object	-
/151/adapter_profile	null	null
/151/batch	integer	1
/151/case	string	lookup_open_getattr
/151/core_profile	null	null
/151/elapsed_ms	float	36.075933
/151/profiled	boolean	false
/151/scope	string	adapter-only, host cache warm, fresh inode tables; no guest kernel/VM
/151/trial	integer	8
/151/variant	string	baseline
/151/warmup	boolean	false
/152	object	-
/152/adapter_profile	null	null
/152/batch	integer	1
/152/case	string	lookup_open_getattr
/152/core_profile	null	null
/152/elapsed_ms	float	36.031641
/152/profiled	boolean	false
/152/scope	string	adapter-only, host cache warm, fresh inode tables; no guest kernel/VM
/152/trial	integer	9
/152/variant	string	baseline
/152/warmup	boolean	false
/153	object	-
/153/adapter_profile	object	-
/153/adapter_profile/component	string	virtio-fs-overlay
/153/adapter_profile/final_record	boolean	false
/153/adapter_profile/inclusive_spans	boolean	true
/153/adapter_profile/instance	integer	3
/153/adapter_profile/measurements	object	-
/153/adapter_profile/measurements/backing_lookup	object	-
/153/adapter_profile/measurements/backing_lookup/calls	integer	4160
/153/adapter_profile/measurements/backing_lookup/latency_buckets	array	-
/153/adapter_profile/measurements/backing_lookup/latency_buckets/0	integer	4160
/153/adapter_profile/measurements/backing_lookup/latency_buckets/1	integer	0
/153/adapter_profile/measurements/backing_lookup/latency_buckets/2	integer	0
/153/adapter_profile/measurements/backing_lookup/latency_buckets/3	integer	0
/153/adapter_profile/measurements/backing_lookup/latency_buckets/4	integer	0
/153/adapter_profile/measurements/backing_lookup/max_ns	integer	1714
/153/adapter_profile/measurements/backing_lookup/total_ns	integer	1933098
/153/adapter_profile/measurements/backing_lookup/units	integer	0
/153/adapter_profile/measurements/directory_cache_deep_hits	object	-
/153/adapter_profile/measurements/directory_cache_deep_hits/calls	integer	0
/153/adapter_profile/measurements/directory_cache_deep_hits/latency_buckets	array	-
/153/adapter_profile/measurements/directory_cache_deep_hits/latency_buckets/0	integer	0
/153/adapter_profile/measurements/directory_cache_deep_hits/latency_buckets/1	integer	0
/153/adapter_profile/measurements/directory_cache_deep_hits/latency_buckets/2	integer	0
/153/adapter_profile/measurements/directory_cache_deep_hits/latency_buckets/3	integer	0
/153/adapter_profile/measurements/directory_cache_deep_hits/latency_buckets/4	integer	0
/153/adapter_profile/measurements/directory_cache_deep_hits/max_ns	integer	0
/153/adapter_profile/measurements/directory_cache_deep_hits/total_ns	integer	0
/153/adapter_profile/measurements/directory_cache_deep_hits/units	integer	4064
/153/adapter_profile/measurements/directory_cache_misses	object	-
/153/adapter_profile/measurements/directory_cache_misses/calls	integer	0
/153/adapter_profile/measurements/directory_cache_misses/latency_buckets	array	-
/153/adapter_profile/measurements/directory_cache_misses/latency_buckets/0	integer	0
/153/adapter_profile/measurements/directory_cache_misses/latency_buckets/1	integer	0
/153/adapter_profile/measurements/directory_cache_misses/latency_buckets/2	integer	0
/153/adapter_profile/measurements/directory_cache_misses/latency_buckets/3	integer	0
/153/adapter_profile/measurements/directory_cache_misses/latency_buckets/4	integer	0
/153/adapter_profile/measurements/directory_cache_misses/max_ns	integer	0
/153/adapter_profile/measurements/directory_cache_misses/total_ns	integer	0
/153/adapter_profile/measurements/directory_cache_misses/units	integer	32
/153/adapter_profile/measurements/entry	object	-
/153/adapter_profile/measurements/entry/calls	integer	2080
/153/adapter_profile/measurements/entry/latency_buckets	array	-
/153/adapter_profile/measurements/entry/latency_buckets/0	integer	2080
/153/adapter_profile/measurements/entry/latency_buckets/1	integer	0
/153/adapter_profile/measurements/entry/latency_buckets/2	integer	0
/153/adapter_profile/measurements/entry/latency_buckets/3	integer	0
/153/adapter_profile/measurements/entry/latency_buckets/4	integer	0
/153/adapter_profile/measurements/entry/max_ns	integer	14096
/153/adapter_profile/measurements/entry/total_ns	integer	2078954
/153/adapter_profile/measurements/entry/units	integer	0
/153/adapter_profile/measurements/getattr	object	-
/153/adapter_profile/measurements/getattr/calls	integer	2048
/153/adapter_profile/measurements/getattr/latency_buckets	array	-
/153/adapter_profile/measurements/getattr/latency_buckets/0	integer	2048
/153/adapter_profile/measurements/getattr/latency_buckets/1	integer	0
/153/adapter_profile/measurements/getattr/latency_buckets/2	integer	0
/153/adapter_profile/measurements/getattr/latency_buckets/3	integer	0
/153/adapter_profile/measurements/getattr/latency_buckets/4	integer	0
/153/adapter_profile/measurements/getattr/max_ns	integer	672
/153/adapter_profile/measurements/getattr/total_ns	integer	452764
/153/adapter_profile/measurements/getattr/units	integer	0
/153/adapter_profile/measurements/inner_inode	object	-
/153/adapter_profile/measurements/inner_inode/calls	integer	4128
/153/adapter_profile/measurements/inner_inode/latency_buckets	array	-
/153/adapter_profile/measurements/inner_inode/latency_buckets/0	integer	4128
/153/adapter_profile/measurements/inner_inode/latency_buckets/1	integer	0
/153/adapter_profile/measurements/inner_inode/latency_buckets/2	integer	0
/153/adapter_profile/measurements/inner_inode/latency_buckets/3	integer	0
/153/adapter_profile/measurements/inner_inode/latency_buckets/4	integer	0
/153/adapter_profile/measurements/inner_inode/max_ns	integer	13826
/153/adapter_profile/measurements/inner_inode/total_ns	integer	2943657
/153/adapter_profile/measurements/inner_inode/units	integer	0
/153/adapter_profile/measurements/lookup	object	-
/153/adapter_profile/measurements/lookup/calls	integer	2080
/153/adapter_profile/measurements/lookup/latency_buckets	array	-
/153/adapter_profile/measurements/lookup/latency_buckets/0	integer	2080
/153/adapter_profile/measurements/lookup/latency_buckets/1	integer	0
/153/adapter_profile/measurements/lookup/latency_buckets/2	integer	0
/153/adapter_profile/measurements/lookup/latency_buckets/3	integer	0
/153/adapter_profile/measurements/lookup/latency_buckets/4	integer	0
/153/adapter_profile/measurements/lookup/max_ns	integer	212988
/153/adapter_profile/measurements/lookup/total_ns	integer	19074150
/153/adapter_profile/measurements/lookup/units	integer	0
/153/adapter_profile/measurements/open	object	-
/153/adapter_profile/measurements/open/calls	integer	2048
/153/adapter_profile/measurements/open/latency_buckets	array	-
/153/adapter_profile/measurements/open/latency_buckets/0	integer	2048
/153/adapter_profile/measurements/open/latency_buckets/1	integer	0
/153/adapter_profile/measurements/open/latency_buckets/2	integer	0
/153/adapter_profile/measurements/open/latency_buckets/3	integer	0
/153/adapter_profile/measurements/open/latency_buckets/4	integer	0
/153/adapter_profile/measurements/open/max_ns	integer	418121
/153/adapter_profile/measurements/open/total_ns	integer	18998005
/153/adapter_profile/measurements/open/units	integer	0
/153/adapter_profile/pid	integer	266
/153/adapter_profile/schema	integer	2
/153/batch	integer	1
/153/case	string	lookup_open_getattr
/153/core_profile	object	-
/153/core_profile/component	string	overlay-core
/153/core_profile/final_record	boolean	false
/153/core_profile/inclusive_spans	boolean	true
/153/core_profile/instance	integer	4
/153/core_profile/measurements	object	-
/153/core_profile/measurements/layer_leaf_stats	object	-
/153/core_profile/measurements/layer_leaf_stats/calls	integer	0
/153/core_profile/measurements/layer_leaf_stats/latency_buckets	array	-
/153/core_profile/measurements/layer_leaf_stats/latency_buckets/0	integer	0
/153/core_profile/measurements/layer_leaf_stats/latency_buckets/1	integer	0
/153/core_profile/measurements/layer_leaf_stats/latency_buckets/2	integer	0
/153/core_profile/measurements/layer_leaf_stats/latency_buckets/3	integer	0
/153/core_profile/measurements/layer_leaf_stats/latency_buckets/4	integer	0
/153/core_profile/measurements/layer_leaf_stats/max_ns	integer	0
/153/core_profile/measurements/layer_leaf_stats/total_ns	integer	0
/153/core_profile/measurements/layer_leaf_stats/units	integer	12352
/153/core_profile/measurements/layer_parent_stats	object	-
/153/core_profile/measurements/layer_parent_stats/calls	integer	0
/153/core_profile/measurements/layer_parent_stats/latency_buckets	array	-
/153/core_profile/measurements/layer_parent_stats/latency_buckets/0	integer	0
/153/core_profile/measurements/layer_parent_stats/latency_buckets/1	integer	0
/153/core_profile/measurements/layer_parent_stats/latency_buckets/2	integer	0
/153/core_profile/measurements/layer_parent_stats/latency_buckets/3	integer	0
/153/core_profile/measurements/layer_parent_stats/latency_buckets/4	integer	0
/153/core_profile/measurements/layer_parent_stats/max_ns	integer	0
/153/core_profile/measurements/layer_parent_stats/total_ns	integer	0
/153/core_profile/measurements/layer_parent_stats/units	integer	8192
/153/core_profile/measurements/metadata	object	-
/153/core_profile/measurements/metadata/calls	integer	4128
/153/core_profile/measurements/metadata/latency_buckets	array	-
/153/core_profile/measurements/metadata/latency_buckets/0	integer	4128
/153/core_profile/measurements/metadata/latency_buckets/1	integer	0
/153/core_profile/measurements/metadata/latency_buckets/2	integer	0
/153/core_profile/measurements/metadata/latency_buckets/3	integer	0
/153/core_profile/measurements/metadata/latency_buckets/4	integer	0
/153/core_profile/measurements/metadata/max_ns	integer	415937
/153/core_profile/measurements/metadata/total_ns	integer	31361600
/153/core_profile/measurements/metadata/units	integer	0
/153/core_profile/measurements/mount_identity_attempts	object	-
/153/core_profile/measurements/mount_identity_attempts/calls	integer	0
/153/core_profile/measurements/mount_identity_attempts/latency_buckets	array	-
/153/core_profile/measurements/mount_identity_attempts/latency_buckets/0	integer	0
/153/core_profile/measurements/mount_identity_attempts/latency_buckets/1	integer	0
/153/core_profile/measurements/mount_identity_attempts/latency_buckets/2	integer	0
/153/core_profile/measurements/mount_identity_attempts/latency_buckets/3	integer	0
/153/core_profile/measurements/mount_identity_attempts/latency_buckets/4	integer	0
/153/core_profile/measurements/mount_identity_attempts/max_ns	integer	0
/153/core_profile/measurements/mount_identity_attempts/total_ns	integer	0
/153/core_profile/measurements/mount_identity_attempts/units	integer	4096
/153/core_profile/measurements/observe_read	object	-
/153/core_profile/measurements/observe_read/calls	integer	2048
/153/core_profile/measurements/observe_read/latency_buckets	array	-
/153/core_profile/measurements/observe_read/latency_buckets/0	integer	2048
/153/core_profile/measurements/observe_read/latency_buckets/1	integer	0
/153/core_profile/measurements/observe_read/latency_buckets/2	integer	0
/153/core_profile/measurements/observe_read/latency_buckets/3	integer	0
/153/core_profile/measurements/observe_read/latency_buckets/4	integer	0
/153/core_profile/measurements/observe_read/max_ns	integer	416017
/153/core_profile/measurements/observe_read/total_ns	integer	15768472
/153/core_profile/measurements/observe_read/units	integer	0
/153/core_profile/measurements/opaque_probe	object	-
/153/core_profile/measurements/opaque_probe/calls	integer	8224
/153/core_profile/measurements/opaque_probe/latency_buckets	array	-
/153/core_profile/measurements/opaque_probe/latency_buckets/0	integer	8224
/153/core_profile/measurements/opaque_probe/latency_buckets/1	integer	0
/153/core_profile/measurements/opaque_probe/latency_buckets/2	integer	0
/153/core_profile/measurements/opaque_probe/latency_buckets/3	integer	0
/153/core_profile/measurements/opaque_probe/latency_buckets/4	integer	0
/153/core_profile/measurements/opaque_probe/max_ns	integer	20348
/153/core_profile/measurements/opaque_probe/total_ns	integer	8107814
/153/core_profile/measurements/opaque_probe/units	integer	0
/153/core_profile/measurements/resolve	object	-
/153/core_profile/measurements/resolve/calls	integer	4128
/153/core_profile/measurements/resolve/latency_buckets	array	-
/153/core_profile/measurements/resolve/latency_buckets/0	integer	4128
/153/core_profile/measurements/resolve/latency_buckets/1	integer	0
/153/core_profile/measurements/resolve/latency_buckets/2	integer	0
/153/core_profile/measurements/resolve/latency_buckets/3	integer	0
/153/core_profile/measurements/resolve/latency_buckets/4	integer	0
/153/core_profile/measurements/resolve/max_ns	integer	415837
/153/core_profile/measurements/resolve/total_ns	integer	31014833
/153/core_profile/measurements/resolve/units	integer	0
/153/core_profile/measurements/resolve_components	object	-
/153/core_profile/measurements/resolve_components/calls	integer	0
/153/core_profile/measurements/resolve_components/latency_buckets	array	-
/153/core_profile/measurements/resolve_components/latency_buckets/0	integer	0
/153/core_profile/measurements/resolve_components/latency_buckets/1	integer	0
/153/core_profile/measurements/resolve_components/latency_buckets/2	integer	0
/153/core_profile/measurements/resolve_components/latency_buckets/3	integer	0
/153/core_profile/measurements/resolve_components/latency_buckets/4	integer	0
/153/core_profile/measurements/resolve_components/max_ns	integer	0
/153/core_profile/measurements/resolve_components/total_ns	integer	0
/153/core_profile/measurements/resolve_components/units	integer	8224
/153/core_profile/measurements/whiteout_probe	object	-
/153/core_profile/measurements/whiteout_probe/calls	integer	8224
/153/core_profile/measurements/whiteout_probe/latency_buckets	array	-
/153/core_profile/measurements/whiteout_probe/latency_buckets/0	integer	8224
/153/core_profile/measurements/whiteout_probe/latency_buckets/1	integer	0
/153/core_profile/measurements/whiteout_probe/latency_buckets/2	integer	0
/153/core_profile/measurements/whiteout_probe/latency_buckets/3	integer	0
/153/core_profile/measurements/whiteout_probe/latency_buckets/4	integer	0
/153/core_profile/measurements/whiteout_probe/max_ns	integer	278941
/153/core_profile/measurements/whiteout_probe/total_ns	integer	5484370
/153/core_profile/measurements/whiteout_probe/units	integer	0
/153/core_profile/pid	integer	266
/153/core_profile/schema	integer	2
/153/elapsed_ms	float	39.670334000000004
/153/profiled	boolean	true
/153/scope	string	adapter-only, host cache warm, fresh inode tables; no guest kernel/VM
/153/trial	integer	10
/153/variant	string	baseline
/153/warmup	boolean	false
/154	object	-
/154/adapter_profile	null	null
/154/batch	integer	1
/154/case	string	deep_lookup_open_getattr
/154/core_profile	null	null
/154/elapsed_ms	float	194.530395
/154/profiled	boolean	false
/154/scope	string	adapter-only, host cache warm, fresh inode tables; no guest kernel/VM
/154/trial	integer	0
/154/variant	string	baseline
/154/warmup	boolean	true
/155	object	-
/155/adapter_profile	null	null
/155/batch	integer	1
/155/case	string	deep_lookup_open_getattr
/155/core_profile	null	null
/155/elapsed_ms	float	168.10027
/155/profiled	boolean	false
/155/scope	string	adapter-only, host cache warm, fresh inode tables; no guest kernel/VM
/155/trial	integer	1
/155/variant	string	baseline
/155/warmup	boolean	true
/156	object	-
/156/adapter_profile	null	null
/156/batch	integer	1
/156/case	string	deep_lookup_open_getattr
/156/core_profile	null	null
/156/elapsed_ms	float	169.031298
/156/profiled	boolean	false
/156/scope	string	adapter-only, host cache warm, fresh inode tables; no guest kernel/VM
/156/trial	integer	2
/156/variant	string	baseline
/156/warmup	boolean	false
/157	object	-
/157/adapter_profile	null	null
/157/batch	integer	1
/157/case	string	deep_lookup_open_getattr
/157/core_profile	null	null
/157/elapsed_ms	float	170.57009200000002
/157/profiled	boolean	false
/157/scope	string	adapter-only, host cache warm, fresh inode tables; no guest kernel/VM
/157/trial	integer	3
/157/variant	string	baseline
/157/warmup	boolean	false
/158	object	-
/158/adapter_profile	null	null
/158/batch	integer	1
/158/case	string	deep_lookup_open_getattr
/158/core_profile	null	null
/158/elapsed_ms	float	168.79652000000002
/158/profiled	boolean	false
/158/scope	string	adapter-only, host cache warm, fresh inode tables; no guest kernel/VM
/158/trial	integer	4
/158/variant	string	baseline
/158/warmup	boolean	false
/159	object	-
/159/adapter_profile	null	null
/159/batch	integer	1
/159/case	string	deep_lookup_open_getattr
/159/core_profile	null	null
/159/elapsed_ms	float	168.29904100000002
/159/profiled	boolean	false
/159/scope	string	adapter-only, host cache warm, fresh inode tables; no guest kernel/VM
/159/trial	integer	5
/159/variant	string	baseline
/159/warmup	boolean	false
/160	object	-
/160/adapter_profile	null	null
/160/batch	integer	1
/160/case	string	deep_lookup_open_getattr
/160/core_profile	null	null
/160/elapsed_ms	float	169.229127
/160/profiled	boolean	false
/160/scope	string	adapter-only, host cache warm, fresh inode tables; no guest kernel/VM
/160/trial	integer	6
/160/variant	string	baseline
/160/warmup	boolean	false
/161	object	-
/161/adapter_profile	null	null
/161/batch	integer	1
/161/case	string	deep_lookup_open_getattr
/161/core_profile	null	null
/161/elapsed_ms	float	170.99397299999998
/161/profiled	boolean	false
/161/scope	string	adapter-only, host cache warm, fresh inode tables; no guest kernel/VM
/161/trial	integer	7
/161/variant	string	baseline
/161/warmup	boolean	false
/162	object	-
/162/adapter_profile	null	null
/162/batch	integer	1
/162/case	string	deep_lookup_open_getattr
/162/core_profile	null	null
/162/elapsed_ms	float	166.94281
/162/profiled	boolean	false
/162/scope	string	adapter-only, host cache warm, fresh inode tables; no guest kernel/VM
/162/trial	integer	8
/162/variant	string	baseline
/162/warmup	boolean	false
/163	object	-
/163/adapter_profile	null	null
/163/batch	integer	1
/163/case	string	deep_lookup_open_getattr
/163/core_profile	null	null
/163/elapsed_ms	float	170.454295
/163/profiled	boolean	false
/163/scope	string	adapter-only, host cache warm, fresh inode tables; no guest kernel/VM
/163/trial	integer	9
/163/variant	string	baseline
/163/warmup	boolean	false
/164	object	-
/164/adapter_profile	object	-
/164/adapter_profile/component	string	virtio-fs-overlay
/164/adapter_profile/final_record	boolean	false
/164/adapter_profile/inclusive_spans	boolean	true
/164/adapter_profile/instance	integer	5
/164/adapter_profile/measurements	object	-
/164/adapter_profile/measurements/backing_lookup	object	-
/164/adapter_profile/measurements/backing_lookup/calls	integer	4608
/164/adapter_profile/measurements/backing_lookup/latency_buckets	array	-
/164/adapter_profile/measurements/backing_lookup/latency_buckets/0	integer	4608
/164/adapter_profile/measurements/backing_lookup/latency_buckets/1	integer	0
/164/adapter_profile/measurements/backing_lookup/latency_buckets/2	integer	0
/164/adapter_profile/measurements/backing_lookup/latency_buckets/3	integer	0
/164/adapter_profile/measurements/backing_lookup/latency_buckets/4	integer	0
/164/adapter_profile/measurements/backing_lookup/max_ns	integer	3647
/164/adapter_profile/measurements/backing_lookup/total_ns	integer	2466039
/164/adapter_profile/measurements/backing_lookup/units	integer	0
/164/adapter_profile/measurements/directory_cache_deep_hits	object	-
/164/adapter_profile/measurements/directory_cache_deep_hits/calls	integer	0
/164/adapter_profile/measurements/directory_cache_deep_hits/latency_buckets	array	-
/164/adapter_profile/measurements/directory_cache_deep_hits/latency_buckets/0	integer	0
/164/adapter_profile/measurements/directory_cache_deep_hits/latency_buckets/1	integer	0
/164/adapter_profile/measurements/directory_cache_deep_hits/latency_buckets/2	integer	0
/164/adapter_profile/measurements/directory_cache_deep_hits/latency_buckets/3	integer	0
/164/adapter_profile/measurements/directory_cache_deep_hits/latency_buckets/4	integer	0
/164/adapter_profile/measurements/directory_cache_deep_hits/max_ns	integer	0
/164/adapter_profile/measurements/directory_cache_deep_hits/total_ns	integer	0
/164/adapter_profile/measurements/directory_cache_deep_hits/units	integer	4064
/164/adapter_profile/measurements/directory_cache_hits	object	-
/164/adapter_profile/measurements/directory_cache_hits/calls	integer	0
/164/adapter_profile/measurements/directory_cache_hits/latency_buckets	array	-
/164/adapter_profile/measurements/directory_cache_hits/latency_buckets/0	integer	0
/164/adapter_profile/measurements/directory_cache_hits/latency_buckets/1	integer	0
/164/adapter_profile/measurements/directory_cache_hits/latency_buckets/2	integer	0
/164/adapter_profile/measurements/directory_cache_hits/latency_buckets/3	integer	0
/164/adapter_profile/measurements/directory_cache_hits/latency_buckets/4	integer	0
/164/adapter_profile/measurements/directory_cache_hits/max_ns	integer	0
/164/adapter_profile/measurements/directory_cache_hits/total_ns	integer	0
/164/adapter_profile/measurements/directory_cache_hits/units	integer	896
/164/adapter_profile/measurements/directory_cache_misses	object	-
/164/adapter_profile/measurements/directory_cache_misses/calls	integer	0
/164/adapter_profile/measurements/directory_cache_misses/latency_buckets	array	-
/164/adapter_profile/measurements/directory_cache_misses/latency_buckets/0	integer	0
/164/adapter_profile/measurements/directory_cache_misses/latency_buckets/1	integer	0
/164/adapter_profile/measurements/directory_cache_misses/latency_buckets/2	integer	0
/164/adapter_profile/measurements/directory_cache_misses/latency_buckets/3	integer	0
/164/adapter_profile/measurements/directory_cache_misses/latency_buckets/4	integer	0
/164/adapter_profile/measurements/directory_cache_misses/max_ns	integer	0
/164/adapter_profile/measurements/directory_cache_misses/total_ns	integer	0
/164/adapter_profile/measurements/directory_cache_misses/units	integer	256
/164/adapter_profile/measurements/entry	object	-
/164/adapter_profile/measurements/entry/calls	integer	2304
/164/adapter_profile/measurements/entry/latency_buckets	array	-
/164/adapter_profile/measurements/entry/latency_buckets/0	integer	2304
/164/adapter_profile/measurements/entry/latency_buckets/1	integer	0
/164/adapter_profile/measurements/entry/latency_buckets/2	integer	0
/164/adapter_profile/measurements/entry/latency_buckets/3	integer	0
/164/adapter_profile/measurements/entry/latency_buckets/4	integer	0
/164/adapter_profile/measurements/entry/max_ns	integer	38973
/164/adapter_profile/measurements/entry/total_ns	integer	3151466
/164/adapter_profile/measurements/entry/units	integer	0
/164/adapter_profile/measurements/getattr	object	-
/164/adapter_profile/measurements/getattr/calls	integer	2048
/164/adapter_profile/measurements/getattr/latency_buckets	array	-
/164/adapter_profile/measurements/getattr/latency_buckets/0	integer	2048
/164/adapter_profile/measurements/getattr/latency_buckets/1	integer	0
/164/adapter_profile/measurements/getattr/latency_buckets/2	integer	0
/164/adapter_profile/measurements/getattr/latency_buckets/3	integer	0
/164/adapter_profile/measurements/getattr/latency_buckets/4	integer	0
/164/adapter_profile/measurements/getattr/max_ns	integer	1482
/164/adapter_profile/measurements/getattr/total_ns	integer	463955
/164/adapter_profile/measurements/getattr/units	integer	0
/164/adapter_profile/measurements/inner_inode	object	-
/164/adapter_profile/measurements/inner_inode/calls	integer	4352
/164/adapter_profile/measurements/inner_inode/latency_buckets	array	-
/164/adapter_profile/measurements/inner_inode/latency_buckets/0	integer	4352
/164/adapter_profile/measurements/inner_inode/latency_buckets/1	integer	0
/164/adapter_profile/measurements/inner_inode/latency_buckets/2	integer	0
/164/adapter_profile/measurements/inner_inode/latency_buckets/3	integer	0
/164/adapter_profile/measurements/inner_inode/latency_buckets/4	integer	0
/164/adapter_profile/measurements/inner_inode/max_ns	integer	38652
/164/adapter_profile/measurements/inner_inode/total_ns	integer	4140692
/164/adapter_profile/measurements/inner_inode/units	integer	0
/164/adapter_profile/measurements/lookup	object	-
/164/adapter_profile/measurements/lookup/calls	integer	2304
/164/adapter_profile/measurements/lookup/latency_buckets	array	-
/164/adapter_profile/measurements/lookup/latency_buckets/0	integer	2304
/164/adapter_profile/measurements/lookup/latency_buckets/1	integer	0
/164/adapter_profile/measurements/lookup/latency_buckets/2	integer	0
/164/adapter_profile/measurements/lookup/latency_buckets/3	integer	0
/164/adapter_profile/measurements/lookup/latency_buckets/4	integer	0
/164/adapter_profile/measurements/lookup/max_ns	integer	970011
/164/adapter_profile/measurements/lookup/total_ns	integer	92913279
/164/adapter_profile/measurements/lookup/units	integer	0
/164/adapter_profile/measurements/open	object	-
/164/adapter_profile/measurements/open/calls	integer	2048
/164/adapter_profile/measurements/open/latency_buckets	array	-
/164/adapter_profile/measurements/open/latency_buckets/0	integer	2047
/164/adapter_profile/measurements/open/latency_buckets/1	integer	1
/164/adapter_profile/measurements/open/latency_buckets/2	integer	0
/164/adapter_profile/measurements/open/latency_buckets/3	integer	0
/164/adapter_profile/measurements/open/latency_buckets/4	integer	0
/164/adapter_profile/measurements/open/max_ns	integer	1070318
/164/adapter_profile/measurements/open/total_ns	integer	84470251
/164/adapter_profile/measurements/open/units	integer	0
/164/adapter_profile/pid	integer	266
/164/adapter_profile/schema	integer	2
/164/batch	integer	1
/164/case	string	deep_lookup_open_getattr
/164/core_profile	object	-
/164/core_profile/component	string	overlay-core
/164/core_profile/final_record	boolean	false
/164/core_profile/inclusive_spans	boolean	true
/164/core_profile/instance	integer	6
/164/core_profile/measurements	object	-
/164/core_profile/measurements/layer_leaf_stats	object	-
/164/core_profile/measurements/layer_leaf_stats/calls	integer	0
/164/core_profile/measurements/layer_leaf_stats/latency_buckets	array	-
/164/core_profile/measurements/layer_leaf_stats/latency_buckets/0	integer	0
/164/core_profile/measurements/layer_leaf_stats/latency_buckets/1	integer	0
/164/core_profile/measurements/layer_leaf_stats/latency_buckets/2	integer	0
/164/core_profile/measurements/layer_leaf_stats/latency_buckets/3	integer	0
/164/core_profile/measurements/layer_leaf_stats/latency_buckets/4	integer	0
/164/core_profile/measurements/layer_leaf_stats/max_ns	integer	0
/164/core_profile/measurements/layer_leaf_stats/total_ns	integer	0
/164/core_profile/measurements/layer_leaf_stats/units	integer	42368
/164/core_profile/measurements/layer_parent_stats	object	-
/164/core_profile/measurements/layer_parent_stats/calls	integer	0
/164/core_profile/measurements/layer_parent_stats/latency_buckets	array	-
/164/core_profile/measurements/layer_parent_stats/latency_buckets/0	integer	0
/164/core_profile/measurements/layer_parent_stats/latency_buckets/1	integer	0
/164/core_profile/measurements/layer_parent_stats/latency_buckets/2	integer	0
/164/core_profile/measurements/layer_parent_stats/latency_buckets/3	integer	0
/164/core_profile/measurements/layer_parent_stats/latency_buckets/4	integer	0
/164/core_profile/measurements/layer_parent_stats/max_ns	integer	0
/164/core_profile/measurements/layer_parent_stats/total_ns	integer	0
/164/core_profile/measurements/layer_parent_stats/units	integer	67328
/164/core_profile/measurements/metadata	object	-
/164/core_profile/measurements/metadata/calls	integer	4352
/164/core_profile/measurements/metadata/latency_buckets	array	-
/164/core_profile/measurements/metadata/latency_buckets/0	integer	4351
/164/core_profile/measurements/metadata/latency_buckets/1	integer	1
/164/core_profile/measurements/metadata/latency_buckets/2	integer	0
/164/core_profile/measurements/metadata/latency_buckets/3	integer	0
/164/core_profile/measurements/metadata/latency_buckets/4	integer	0
/164/core_profile/measurements/metadata/max_ns	integer	1066862
/164/core_profile/measurements/metadata/total_ns	integer	168320753
/164/core_profile/measurements/metadata/units	integer	0
/164/core_profile/measurements/mount_identity_attempts	object	-
/164/core_profile/measurements/mount_identity_attempts/calls	integer	0
/164/core_profile/measurements/mount_identity_attempts/latency_buckets	array	-
/164/core_profile/measurements/mount_identity_attempts/latency_buckets/0	integer	0
/164/core_profile/measurements/mount_identity_attempts/latency_buckets/1	integer	0
/164/core_profile/measurements/mount_identity_attempts/latency_buckets/2	integer	0
/164/core_profile/measurements/mount_identity_attempts/latency_buckets/3	integer	0
/164/core_profile/measurements/mount_identity_attempts/latency_buckets/4	integer	0
/164/core_profile/measurements/mount_identity_attempts/max_ns	integer	0
/164/core_profile/measurements/mount_identity_attempts/total_ns	integer	0
/164/core_profile/measurements/mount_identity_attempts/units	integer	33664
/164/core_profile/measurements/observe_read	object	-
/164/core_profile/measurements/observe_read/calls	integer	2048
/164/core_profile/measurements/observe_read/latency_buckets	array	-
/164/core_profile/measurements/observe_read/latency_buckets/0	integer	2047
/164/core_profile/measurements/observe_read/latency_buckets/1	integer	1
/164/core_profile/measurements/observe_read/latency_buckets/2	integer	0
/164/core_profile/measurements/observe_read/latency_buckets/3	integer	0
/164/core_profile/measurements/observe_read/latency_buckets/4	integer	0
/164/core_profile/measurements/observe_read/max_ns	integer	1066932
/164/core_profile/measurements/observe_read/total_ns	integer	80686333
/164/core_profile/measurements/observe_read/units	integer	0
/164/core_profile/measurements/opaque_probe	object	-
/164/core_profile/measurements/opaque_probe/calls	integer	38016
/164/core_profile/measurements/opaque_probe/latency_buckets	array	-
/164/core_profile/measurements/opaque_probe/latency_buckets/0	integer	38016
/164/core_profile/measurements/opaque_probe/latency_buckets/1	integer	0
/164/core_profile/measurements/opaque_probe/latency_buckets/2	integer	0
/164/core_profile/measurements/opaque_probe/latency_buckets/3	integer	0
/164/core_profile/measurements/opaque_probe/latency_buckets/4	integer	0
/164/core_profile/measurements/opaque_probe/max_ns	integer	719112
/164/core_profile/measurements/opaque_probe/total_ns	integer	43857240
/164/core_profile/measurements/opaque_probe/units	integer	0
/164/core_profile/measurements/resolve	object	-
/164/core_profile/measurements/resolve/calls	integer	4352
/164/core_profile/measurements/resolve/latency_buckets	array	-
/164/core_profile/measurements/resolve/latency_buckets/0	integer	4351
/164/core_profile/measurements/resolve/latency_buckets/1	integer	1
/164/core_profile/measurements/resolve/latency_buckets/2	integer	0
/164/core_profile/measurements/resolve/latency_buckets/3	integer	0
/164/core_profile/measurements/resolve/latency_buckets/4	integer	0
/164/core_profile/measurements/resolve/max_ns	integer	1066762
/164/core_profile/measurements/resolve/total_ns	integer	167719449
/164/core_profile/measurements/resolve/units	integer	0
/164/core_profile/measurements/resolve_components	object	-
/164/core_profile/measurements/resolve_components/calls	integer	0
/164/core_profile/measurements/resolve_components/latency_buckets	array	-
/164/core_profile/measurements/resolve_components/latency_buckets/0	integer	0
/164/core_profile/measurements/resolve_components/latency_buckets/1	integer	0
/164/core_profile/measurements/resolve_components/latency_buckets/2	integer	0
/164/core_profile/measurements/resolve_components/latency_buckets/3	integer	0
/164/core_profile/measurements/resolve_components/latency_buckets/4	integer	0
/164/core_profile/measurements/resolve_components/max_ns	integer	0
/164/core_profile/measurements/resolve_components/total_ns	integer	0
/164/core_profile/measurements/resolve_components/units	integer	38016
/164/core_profile/measurements/whiteout_probe	object	-
/164/core_profile/measurements/whiteout_probe/calls	integer	38016
/164/core_profile/measurements/whiteout_probe/latency_buckets	array	-
/164/core_profile/measurements/whiteout_probe/latency_buckets/0	integer	38015
/164/core_profile/measurements/whiteout_probe/latency_buckets/1	integer	1
/164/core_profile/measurements/whiteout_probe/latency_buckets/2	integer	0
/164/core_profile/measurements/whiteout_probe/latency_buckets/3	integer	0
/164/core_profile/measurements/whiteout_probe/latency_buckets/4	integer	0
/164/core_profile/measurements/whiteout_probe/max_ns	integer	1029572
/164/core_profile/measurements/whiteout_probe/total_ns	integer	26849842
/164/core_profile/measurements/whiteout_probe/units	integer	0
/164/core_profile/pid	integer	266
/164/core_profile/schema	integer	2
/164/elapsed_ms	float	179.07574100000002
/164/profiled	boolean	true
/164/scope	string	adapter-only, host cache warm, fresh inode tables; no guest kernel/VM
/164/trial	integer	10
/164/variant	string	baseline
/164/warmup	boolean	false
/165	object	-
/165/adapter_profile	null	null
/165/batch	integer	1
/165/case	string	directory_plus
/165/core_profile	null	null
/165/elapsed_ms	float	28.880629000000003
/165/profiled	boolean	false
/165/scope	string	adapter-only, host cache warm, fresh inode tables; no guest kernel/VM
/165/trial	integer	0
/165/variant	string	baseline
/165/warmup	boolean	true
/166	object	-
/166/adapter_profile	null	null
/166/batch	integer	1
/166/case	string	directory_plus
/166/core_profile	null	null
/166/elapsed_ms	float	29.809023
/166/profiled	boolean	false
/166/scope	string	adapter-only, host cache warm, fresh inode tables; no guest kernel/VM
/166/trial	integer	1
/166/variant	string	baseline
/166/warmup	boolean	true
/167	object	-
/167/adapter_profile	null	null
/167/batch	integer	1
/167/case	string	directory_plus
/167/core_profile	null	null
/167/elapsed_ms	float	28.624942
/167/profiled	boolean	false
/167/scope	string	adapter-only, host cache warm, fresh inode tables; no guest kernel/VM
/167/trial	integer	2
/167/variant	string	baseline
/167/warmup	boolean	false
/168	object	-
/168/adapter_profile	null	null
/168/batch	integer	1
/168/case	string	directory_plus
/168/core_profile	null	null
/168/elapsed_ms	float	29.615893
/168/profiled	boolean	false
/168/scope	string	adapter-only, host cache warm, fresh inode tables; no guest kernel/VM
/168/trial	integer	3
/168/variant	string	baseline
/168/warmup	boolean	false
/169	object	-
/169/adapter_profile	null	null
/169/batch	integer	1
/169/case	string	directory_plus
/169/core_profile	null	null
/169/elapsed_ms	float	29.073741000000002
/169/profiled	boolean	false
/169/scope	string	adapter-only, host cache warm, fresh inode tables; no guest kernel/VM
/169/trial	integer	4
/169/variant	string	baseline
/169/warmup	boolean	false
/170	object	-
/170/adapter_profile	null	null
/170/batch	integer	1
/170/case	string	directory_plus
/170/core_profile	null	null
/170/elapsed_ms	float	29.040128
/170/profiled	boolean	false
/170/scope	string	adapter-only, host cache warm, fresh inode tables; no guest kernel/VM
/170/trial	integer	5
/170/variant	string	baseline
/170/warmup	boolean	false
/171	object	-
/171/adapter_profile	null	null
/171/batch	integer	1
/171/case	string	directory_plus
/171/core_profile	null	null
/171/elapsed_ms	float	29.555279
/171/profiled	boolean	false
/171/scope	string	adapter-only, host cache warm, fresh inode tables; no guest kernel/VM
/171/trial	integer	6
/171/variant	string	baseline
/171/warmup	boolean	false
/172	object	-
/172/adapter_profile	null	null
/172/batch	integer	1
/172/case	string	directory_plus
/172/core_profile	null	null
/172/elapsed_ms	float	28.120901
/172/profiled	boolean	false
/172/scope	string	adapter-only, host cache warm, fresh inode tables; no guest kernel/VM
/172/trial	integer	7
/172/variant	string	baseline
/172/warmup	boolean	false
/173	object	-
/173/adapter_profile	null	null
/173/batch	integer	1
/173/case	string	directory_plus
/173/core_profile	null	null
/173/elapsed_ms	float	29.345008
/173/profiled	boolean	false
/173/scope	string	adapter-only, host cache warm, fresh inode tables; no guest kernel/VM
/173/trial	integer	8
/173/variant	string	baseline
/173/warmup	boolean	false
/174	object	-
/174/adapter_profile	null	null
/174/batch	integer	1
/174/case	string	directory_plus
/174/core_profile	null	null
/174/elapsed_ms	float	28.51183
/174/profiled	boolean	false
/174/scope	string	adapter-only, host cache warm, fresh inode tables; no guest kernel/VM
/174/trial	integer	9
/174/variant	string	baseline
/174/warmup	boolean	false
/175	object	-
/175/adapter_profile	object	-
/175/adapter_profile/component	string	virtio-fs-overlay
/175/adapter_profile/final_record	boolean	false
/175/adapter_profile/inclusive_spans	boolean	true
/175/adapter_profile/instance	integer	7
/175/adapter_profile/measurements	object	-
/175/adapter_profile/measurements/backing_lookup	object	-
/175/adapter_profile/measurements/backing_lookup/calls	integer	2112
/175/adapter_profile/measurements/backing_lookup/latency_buckets	array	-
/175/adapter_profile/measurements/backing_lookup/latency_buckets/0	integer	2112
/175/adapter_profile/measurements/backing_lookup/latency_buckets/1	integer	0
/175/adapter_profile/measurements/backing_lookup/latency_buckets/2	integer	0
/175/adapter_profile/measurements/backing_lookup/latency_buckets/3	integer	0
/175/adapter_profile/measurements/backing_lookup/latency_buckets/4	integer	0
/175/adapter_profile/measurements/backing_lookup/max_ns	integer	1162
/175/adapter_profile/measurements/backing_lookup/total_ns	integer	979065
/175/adapter_profile/measurements/backing_lookup/units	integer	0
/175/adapter_profile/measurements/directory_cache_deep_hits	object	-
/175/adapter_profile/measurements/directory_cache_deep_hits/calls	integer	0
/175/adapter_profile/measurements/directory_cache_deep_hits/latency_buckets	array	-
/175/adapter_profile/measurements/directory_cache_deep_hits/latency_buckets/0	integer	0
/175/adapter_profile/measurements/directory_cache_deep_hits/latency_buckets/1	integer	0
/175/adapter_profile/measurements/directory_cache_deep_hits/latency_buckets/2	integer	0
/175/adapter_profile/measurements/directory_cache_deep_hits/latency_buckets/3	integer	0
/175/adapter_profile/measurements/directory_cache_deep_hits/latency_buckets/4	integer	0
/175/adapter_profile/measurements/directory_cache_deep_hits/max_ns	integer	0
/175/adapter_profile/measurements/directory_cache_deep_hits/total_ns	integer	0
/175/adapter_profile/measurements/directory_cache_deep_hits/units	integer	2016
/175/adapter_profile/measurements/directory_cache_misses	object	-
/175/adapter_profile/measurements/directory_cache_misses/calls	integer	0
/175/adapter_profile/measurements/directory_cache_misses/latency_buckets	array	-
/175/adapter_profile/measurements/directory_cache_misses/latency_buckets/0	integer	0
/175/adapter_profile/measurements/directory_cache_misses/latency_buckets/1	integer	0
/175/adapter_profile/measurements/directory_cache_misses/latency_buckets/2	integer	0
/175/adapter_profile/measurements/directory_cache_misses/latency_buckets/3	integer	0
/175/adapter_profile/measurements/directory_cache_misses/latency_buckets/4	integer	0
/175/adapter_profile/measurements/directory_cache_misses/max_ns	integer	0
/175/adapter_profile/measurements/directory_cache_misses/total_ns	integer	0
/175/adapter_profile/measurements/directory_cache_misses/units	integer	32
/175/adapter_profile/measurements/entry	object	-
/175/adapter_profile/measurements/entry/calls	integer	2080
/175/adapter_profile/measurements/entry/latency_buckets	array	-
/175/adapter_profile/measurements/entry/latency_buckets/0	integer	2080
/175/adapter_profile/measurements/entry/latency_buckets/1	integer	0
/175/adapter_profile/measurements/entry/latency_buckets/2	integer	0
/175/adapter_profile/measurements/entry/latency_buckets/3	integer	0
/175/adapter_profile/measurements/entry/latency_buckets/4	integer	0
/175/adapter_profile/measurements/entry/max_ns	integer	3156
/175/adapter_profile/measurements/entry/total_ns	integer	2015726
/175/adapter_profile/measurements/entry/units	integer	0
/175/adapter_profile/measurements/inner_inode	object	-
/175/adapter_profile/measurements/inner_inode/calls	integer	2080
/175/adapter_profile/measurements/inner_inode/latency_buckets	array	-
/175/adapter_profile/measurements/inner_inode/latency_buckets/0	integer	2080
/175/adapter_profile/measurements/inner_inode/latency_buckets/1	integer	0
/175/adapter_profile/measurements/inner_inode/latency_buckets/2	integer	0
/175/adapter_profile/measurements/inner_inode/latency_buckets/3	integer	0
/175/adapter_profile/measurements/inner_inode/latency_buckets/4	integer	0
/175/adapter_profile/measurements/inner_inode/max_ns	integer	2875
/175/adapter_profile/measurements/inner_inode/total_ns	integer	1475100
/175/adapter_profile/measurements/inner_inode/units	integer	0
/175/adapter_profile/measurements/lookup	object	-
/175/adapter_profile/measurements/lookup/calls	integer	32
/175/adapter_profile/measurements/lookup/latency_buckets	array	-
/175/adapter_profile/measurements/lookup/latency_buckets/0	integer	32
/175/adapter_profile/measurements/lookup/latency_buckets/1	integer	0
/175/adapter_profile/measurements/lookup/latency_buckets/2	integer	0
/175/adapter_profile/measurements/lookup/latency_buckets/3	integer	0
/175/adapter_profile/measurements/lookup/latency_buckets/4	integer	0
/175/adapter_profile/measurements/lookup/max_ns	integer	9598
/175/adapter_profile/measurements/lookup/total_ns	integer	157505
/175/adapter_profile/measurements/lookup/units	integer	0
/175/adapter_profile/measurements/opendir	object	-
/175/adapter_profile/measurements/opendir/calls	integer	32
/175/adapter_profile/measurements/opendir/latency_buckets	array	-
/175/adapter_profile/measurements/opendir/latency_buckets/0	integer	32
/175/adapter_profile/measurements/opendir/latency_buckets/1	integer	0
/175/adapter_profile/measurements/opendir/latency_buckets/2	integer	0
/175/adapter_profile/measurements/opendir/latency_buckets/3	integer	0
/175/adapter_profile/measurements/opendir/latency_buckets/4	integer	0
/175/adapter_profile/measurements/opendir/max_ns	integer	541340
/175/adapter_profile/measurements/opendir/total_ns	integer	11840853
/175/adapter_profile/measurements/opendir/units	integer	0
/175/adapter_profile/measurements/readdirplus	object	-
/175/adapter_profile/measurements/readdirplus/calls	integer	32
/175/adapter_profile/measurements/readdirplus/latency_buckets	array	-
/175/adapter_profile/measurements/readdirplus/latency_buckets/0	integer	32
/175/adapter_profile/measurements/readdirplus/latency_buckets/1	integer	0
/175/adapter_profile/measurements/readdirplus/latency_buckets/2	integer	0
/175/adapter_profile/measurements/readdirplus/latency_buckets/3	integer	0
/175/adapter_profile/measurements/readdirplus/latency_buckets/4	integer	0
/175/adapter_profile/measurements/readdirplus/max_ns	integer	975942
/175/adapter_profile/measurements/readdirplus/total_ns	integer	17984243
/175/adapter_profile/measurements/readdirplus/units	integer	0
/175/adapter_profile/pid	integer	266
/175/adapter_profile/schema	integer	2
/175/batch	integer	1
/175/case	string	directory_plus
/175/core_profile	object	-
/175/core_profile/component	string	overlay-core
/175/core_profile/final_record	boolean	false
/175/core_profile/inclusive_spans	boolean	true
/175/core_profile/instance	integer	8
/175/core_profile/measurements	object	-
/175/core_profile/measurements/layer_leaf_stats	object	-
/175/core_profile/measurements/layer_leaf_stats/calls	integer	0
/175/core_profile/measurements/layer_leaf_stats/latency_buckets	array	-
/175/core_profile/measurements/layer_leaf_stats/latency_buckets/0	integer	0
/175/core_profile/measurements/layer_leaf_stats/latency_buckets/1	integer	0
/175/core_profile/measurements/layer_leaf_stats/latency_buckets/2	integer	0
/175/core_profile/measurements/layer_leaf_stats/latency_buckets/3	integer	0
/175/core_profile/measurements/layer_leaf_stats/latency_buckets/4	integer	0
/175/core_profile/measurements/layer_leaf_stats/max_ns	integer	0
/175/core_profile/measurements/layer_leaf_stats/total_ns	integer	0
/175/core_profile/measurements/layer_leaf_stats/units	integer	8320
/175/core_profile/measurements/layer_parent_stats	object	-
/175/core_profile/measurements/layer_parent_stats/calls	integer	0
/175/core_profile/measurements/layer_parent_stats/latency_buckets	array	-
/175/core_profile/measurements/layer_parent_stats/latency_buckets/0	integer	0
/175/core_profile/measurements/layer_parent_stats/latency_buckets/1	integer	0
/175/core_profile/measurements/layer_parent_stats/latency_buckets/2	integer	0
/175/core_profile/measurements/layer_parent_stats/latency_buckets/3	integer	0
/175/core_profile/measurements/layer_parent_stats/latency_buckets/4	integer	0
/175/core_profile/measurements/layer_parent_stats/max_ns	integer	0
/175/core_profile/measurements/layer_parent_stats/total_ns	integer	0
/175/core_profile/measurements/layer_parent_stats/units	integer	8192
/175/core_profile/measurements/list_entries	object	-
/175/core_profile/measurements/list_entries/calls	integer	32
/175/core_profile/measurements/list_entries/latency_buckets	array	-
/175/core_profile/measurements/list_entries/latency_buckets/0	integer	32
/175/core_profile/measurements/list_entries/latency_buckets/1	integer	0
/175/core_profile/measurements/list_entries/latency_buckets/2	integer	0
/175/core_profile/measurements/list_entries/latency_buckets/3	integer	0
/175/core_profile/measurements/list_entries/latency_buckets/4	integer	0
/175/core_profile/measurements/list_entries/max_ns	integer	526873
/175/core_profile/measurements/list_entries/total_ns	integer	11202416
/175/core_profile/measurements/list_entries/units	integer	0
/175/core_profile/measurements/metadata	object	-
/175/core_profile/measurements/metadata/calls	integer	2112
/175/core_profile/measurements/metadata/latency_buckets	array	-
/175/core_profile/measurements/metadata/latency_buckets/0	integer	2112
/175/core_profile/measurements/metadata/latency_buckets/1	integer	0
/175/core_profile/measurements/metadata/latency_buckets/2	integer	0
/175/core_profile/measurements/metadata/latency_buckets/3	integer	0
/175/core_profile/measurements/metadata/latency_buckets/4	integer	0
/175/core_profile/measurements/metadata/max_ns	integer	444389
/175/core_profile/measurements/metadata/total_ns	integer	15831850
/175/core_profile/measurements/metadata/units	integer	0
/175/core_profile/measurements/mount_identity_attempts	object	-
/175/core_profile/measurements/mount_identity_attempts/calls	integer	0
/175/core_profile/measurements/mount_identity_attempts/latency_buckets	array	-
/175/core_profile/measurements/mount_identity_attempts/latency_buckets/0	integer	0
/175/core_profile/measurements/mount_identity_attempts/latency_buckets/1	integer	0
/175/core_profile/measurements/mount_identity_attempts/latency_buckets/2	integer	0
/175/core_profile/measurements/mount_identity_attempts/latency_buckets/3	integer	0
/175/core_profile/measurements/mount_identity_attempts/latency_buckets/4	integer	0
/175/core_profile/measurements/mount_identity_attempts/max_ns	integer	0
/175/core_profile/measurements/mount_identity_attempts/total_ns	integer	0
/175/core_profile/measurements/mount_identity_attempts/units	integer	2048
/175/core_profile/measurements/opaque_probe	object	-
/175/core_profile/measurements/opaque_probe/calls	integer	6240
/175/core_profile/measurements/opaque_probe/latency_buckets	array	-
/175/core_profile/measurements/opaque_probe/latency_buckets/0	integer	6240
/175/core_profile/measurements/opaque_probe/latency_buckets/1	integer	0
/175/core_profile/measurements/opaque_probe/latency_buckets/2	integer	0
/175/core_profile/measurements/opaque_probe/latency_buckets/3	integer	0
/175/core_profile/measurements/opaque_probe/latency_buckets/4	integer	0
/175/core_profile/measurements/opaque_probe/max_ns	integer	242463
/175/core_profile/measurements/opaque_probe/total_ns	integer	6671916
/175/core_profile/measurements/opaque_probe/units	integer	0
/175/core_profile/measurements/resolve	object	-
/175/core_profile/measurements/resolve/calls	integer	2112
/175/core_profile/measurements/resolve/latency_buckets	array	-
/175/core_profile/measurements/resolve/latency_buckets/0	integer	2112
/175/core_profile/measurements/resolve/latency_buckets/1	integer	0
/175/core_profile/measurements/resolve/latency_buckets/2	integer	0
/175/core_profile/measurements/resolve/latency_buckets/3	integer	0
/175/core_profile/measurements/resolve/latency_buckets/4	integer	0
/175/core_profile/measurements/resolve/max_ns	integer	444319
/175/core_profile/measurements/resolve/total_ns	integer	15664695
/175/core_profile/measurements/resolve/units	integer	0
/175/core_profile/measurements/resolve_components	object	-
/175/core_profile/measurements/resolve_components/calls	integer	0
/175/core_profile/measurements/resolve_components/latency_buckets	array	-
/175/core_profile/measurements/resolve_components/latency_buckets/0	integer	0
/175/core_profile/measurements/resolve_components/latency_buckets/1	integer	0
/175/core_profile/measurements/resolve_components/latency_buckets/2	integer	0
/175/core_profile/measurements/resolve_components/latency_buckets/3	integer	0
/175/core_profile/measurements/resolve_components/latency_buckets/4	integer	0
/175/core_profile/measurements/resolve_components/max_ns	integer	0
/175/core_profile/measurements/resolve_components/total_ns	integer	0
/175/core_profile/measurements/resolve_components/units	integer	4160
/175/core_profile/measurements/whiteout_probe	object	-
/175/core_profile/measurements/whiteout_probe/calls	integer	8256
/175/core_profile/measurements/whiteout_probe/latency_buckets	array	-
/175/core_profile/measurements/whiteout_probe/latency_buckets/0	integer	8256
/175/core_profile/measurements/whiteout_probe/latency_buckets/1	integer	0
/175/core_profile/measurements/whiteout_probe/latency_buckets/2	integer	0
/175/core_profile/measurements/whiteout_probe/latency_buckets/3	integer	0
/175/core_profile/measurements/whiteout_probe/latency_buckets/4	integer	0
/175/core_profile/measurements/whiteout_probe/max_ns	integer	170017
/175/core_profile/measurements/whiteout_probe/total_ns	integer	5398416
/175/core_profile/measurements/whiteout_probe/units	integer	0
/175/core_profile/pid	integer	266
/175/core_profile/schema	integer	2
/175/elapsed_ms	float	30.012182
/175/profiled	boolean	true
/175/scope	string	adapter-only, host cache warm, fresh inode tables; no guest kernel/VM
/175/trial	integer	10
/175/variant	string	baseline
/175/warmup	boolean	false
/176	object	-
/176/adapter_profile	null	null
/176/batch	integer	2
/176/case	string	lookup_getattr
/176/core_profile	null	null
/176/elapsed_ms	float	33.571377
/176/profiled	boolean	false
/176/scope	string	adapter-only, host cache warm, fresh inode tables; no guest kernel/VM
/176/trial	integer	0
/176/variant	string	baseline
/176/warmup	boolean	true
/177	object	-
/177/adapter_profile	null	null
/177/batch	integer	2
/177/case	string	lookup_getattr
/177/core_profile	null	null
/177/elapsed_ms	float	35.51183
/177/profiled	boolean	false
/177/scope	string	adapter-only, host cache warm, fresh inode tables; no guest kernel/VM
/177/trial	integer	1
/177/variant	string	baseline
/177/warmup	boolean	true
/178	object	-
/178/adapter_profile	null	null
/178/batch	integer	2
/178/case	string	lookup_getattr
/178/core_profile	null	null
/178/elapsed_ms	float	35.225384999999996
/178/profiled	boolean	false
/178/scope	string	adapter-only, host cache warm, fresh inode tables; no guest kernel/VM
/178/trial	integer	2
/178/variant	string	baseline
/178/warmup	boolean	false
/179	object	-
/179/adapter_profile	null	null
/179/batch	integer	2
/179/case	string	lookup_getattr
/179/core_profile	null	null
/179/elapsed_ms	float	34.536668999999996
/179/profiled	boolean	false
/179/scope	string	adapter-only, host cache warm, fresh inode tables; no guest kernel/VM
/179/trial	integer	3
/179/variant	string	baseline
/179/warmup	boolean	false
/180	object	-
/180/adapter_profile	null	null
/180/batch	integer	2
/180/case	string	lookup_getattr
/180/core_profile	null	null
/180/elapsed_ms	float	35.065617
/180/profiled	boolean	false
/180/scope	string	adapter-only, host cache warm, fresh inode tables; no guest kernel/VM
/180/trial	integer	4
/180/variant	string	baseline
/180/warmup	boolean	false
/181	object	-
/181/adapter_profile	null	null
/181/batch	integer	2
/181/case	string	lookup_getattr
/181/core_profile	null	null
/181/elapsed_ms	float	34.240316
/181/profiled	boolean	false
/181/scope	string	adapter-only, host cache warm, fresh inode tables; no guest kernel/VM
/181/trial	integer	5
/181/variant	string	baseline
/181/warmup	boolean	false
/182	object	-
/182/adapter_profile	null	null
/182/batch	integer	2
/182/case	string	lookup_getattr
/182/core_profile	null	null
/182/elapsed_ms	float	35.396495
/182/profiled	boolean	false
/182/scope	string	adapter-only, host cache warm, fresh inode tables; no guest kernel/VM
/182/trial	integer	6
/182/variant	string	baseline
/182/warmup	boolean	false
/183	object	-
/183/adapter_profile	null	null
/183/batch	integer	2
/183/case	string	lookup_getattr
/183/core_profile	null	null
/183/elapsed_ms	float	34.619424
/183/profiled	boolean	false
/183/scope	string	adapter-only, host cache warm, fresh inode tables; no guest kernel/VM
/183/trial	integer	7
/183/variant	string	baseline
/183/warmup	boolean	false
/184	object	-
/184/adapter_profile	null	null
/184/batch	integer	2
/184/case	string	lookup_getattr
/184/core_profile	null	null
/184/elapsed_ms	float	34.557339
/184/profiled	boolean	false
/184/scope	string	adapter-only, host cache warm, fresh inode tables; no guest kernel/VM
/184/trial	integer	8
/184/variant	string	baseline
/184/warmup	boolean	false
/185	object	-
/185/adapter_profile	null	null
/185/batch	integer	2
/185/case	string	lookup_getattr
/185/core_profile	null	null
/185/elapsed_ms	float	35.356659
/185/profiled	boolean	false
/185/scope	string	adapter-only, host cache warm, fresh inode tables; no guest kernel/VM
/185/trial	integer	9
/185/variant	string	baseline
/185/warmup	boolean	false
/186	object	-
/186/adapter_profile	object	-
/186/adapter_profile/component	string	virtio-fs-overlay
/186/adapter_profile/final_record	boolean	false
/186/adapter_profile/inclusive_spans	boolean	true
/186/adapter_profile/instance	integer	1
/186/adapter_profile/measurements	object	-
/186/adapter_profile/measurements/backing_lookup	object	-
/186/adapter_profile/measurements/backing_lookup/calls	integer	4160
/186/adapter_profile/measurements/backing_lookup/latency_buckets	array	-
/186/adapter_profile/measurements/backing_lookup/latency_buckets/0	integer	4160
/186/adapter_profile/measurements/backing_lookup/latency_buckets/1	integer	0
/186/adapter_profile/measurements/backing_lookup/latency_buckets/2	integer	0
/186/adapter_profile/measurements/backing_lookup/latency_buckets/3	integer	0
/186/adapter_profile/measurements/backing_lookup/latency_buckets/4	integer	0
/186/adapter_profile/measurements/backing_lookup/max_ns	integer	285082
/186/adapter_profile/measurements/backing_lookup/total_ns	integer	2241963
/186/adapter_profile/measurements/backing_lookup/units	integer	0
/186/adapter_profile/measurements/directory_cache_deep_hits	object	-
/186/adapter_profile/measurements/directory_cache_deep_hits/calls	integer	0
/186/adapter_profile/measurements/directory_cache_deep_hits/latency_buckets	array	-
/186/adapter_profile/measurements/directory_cache_deep_hits/latency_buckets/0	integer	0
/186/adapter_profile/measurements/directory_cache_deep_hits/latency_buckets/1	integer	0
/186/adapter_profile/measurements/directory_cache_deep_hits/latency_buckets/2	integer	0
/186/adapter_profile/measurements/directory_cache_deep_hits/latency_buckets/3	integer	0
/186/adapter_profile/measurements/directory_cache_deep_hits/latency_buckets/4	integer	0
/186/adapter_profile/measurements/directory_cache_deep_hits/max_ns	integer	0
/186/adapter_profile/measurements/directory_cache_deep_hits/total_ns	integer	0
/186/adapter_profile/measurements/directory_cache_deep_hits/units	integer	4064
/186/adapter_profile/measurements/directory_cache_misses	object	-
/186/adapter_profile/measurements/directory_cache_misses/calls	integer	0
/186/adapter_profile/measurements/directory_cache_misses/latency_buckets	array	-
/186/adapter_profile/measurements/directory_cache_misses/latency_buckets/0	integer	0
/186/adapter_profile/measurements/directory_cache_misses/latency_buckets/1	integer	0
/186/adapter_profile/measurements/directory_cache_misses/latency_buckets/2	integer	0
/186/adapter_profile/measurements/directory_cache_misses/latency_buckets/3	integer	0
/186/adapter_profile/measurements/directory_cache_misses/latency_buckets/4	integer	0
/186/adapter_profile/measurements/directory_cache_misses/max_ns	integer	0
/186/adapter_profile/measurements/directory_cache_misses/total_ns	integer	0
/186/adapter_profile/measurements/directory_cache_misses/units	integer	32
/186/adapter_profile/measurements/entry	object	-
/186/adapter_profile/measurements/entry/calls	integer	4128
/186/adapter_profile/measurements/entry/latency_buckets	array	-
/186/adapter_profile/measurements/entry/latency_buckets/0	integer	4128
/186/adapter_profile/measurements/entry/latency_buckets/1	integer	0
/186/adapter_profile/measurements/entry/latency_buckets/2	integer	0
/186/adapter_profile/measurements/entry/latency_buckets/3	integer	0
/186/adapter_profile/measurements/entry/latency_buckets/4	integer	0
/186/adapter_profile/measurements/entry/max_ns	integer	285624
/186/adapter_profile/measurements/entry/total_ns	integer	4333270
/186/adapter_profile/measurements/entry/units	integer	0
/186/adapter_profile/measurements/getattr	object	-
/186/adapter_profile/measurements/getattr/calls	integer	2048
/186/adapter_profile/measurements/getattr/latency_buckets	array	-
/186/adapter_profile/measurements/getattr/latency_buckets/0	integer	2048
/186/adapter_profile/measurements/getattr/latency_buckets/1	integer	0
/186/adapter_profile/measurements/getattr/latency_buckets/2	integer	0
/186/adapter_profile/measurements/getattr/latency_buckets/3	integer	0
/186/adapter_profile/measurements/getattr/latency_buckets/4	integer	0
/186/adapter_profile/measurements/getattr/max_ns	integer	403534
/186/adapter_profile/measurements/getattr/total_ns	integer	17766541
/186/adapter_profile/measurements/getattr/units	integer	0
/186/adapter_profile/measurements/inner_inode	object	-
/186/adapter_profile/measurements/inner_inode/calls	integer	4128
/186/adapter_profile/measurements/inner_inode/latency_buckets	array	-
/186/adapter_profile/measurements/inner_inode/latency_buckets/0	integer	4128
/186/adapter_profile/measurements/inner_inode/latency_buckets/1	integer	0
/186/adapter_profile/measurements/inner_inode/latency_buckets/2	integer	0
/186/adapter_profile/measurements/inner_inode/latency_buckets/3	integer	0
/186/adapter_profile/measurements/inner_inode/latency_buckets/4	integer	0
/186/adapter_profile/measurements/inner_inode/max_ns	integer	285313
/186/adapter_profile/measurements/inner_inode/total_ns	integer	3225660
/186/adapter_profile/measurements/inner_inode/units	integer	0
/186/adapter_profile/measurements/lookup	object	-
/186/adapter_profile/measurements/lookup/calls	integer	2080
/186/adapter_profile/measurements/lookup/latency_buckets	array	-
/186/adapter_profile/measurements/lookup/latency_buckets/0	integer	2080
/186/adapter_profile/measurements/lookup/latency_buckets/1	integer	0
/186/adapter_profile/measurements/lookup/latency_buckets/2	integer	0
/186/adapter_profile/measurements/lookup/latency_buckets/3	integer	0
/186/adapter_profile/measurements/lookup/latency_buckets/4	integer	0
/186/adapter_profile/measurements/lookup/max_ns	integer	682715
/186/adapter_profile/measurements/lookup/total_ns	integer	19749856
/186/adapter_profile/measurements/lookup/units	integer	0
/186/adapter_profile/pid	integer	319
/186/adapter_profile/schema	integer	2
/186/batch	integer	2
/186/case	string	lookup_getattr
/186/core_profile	object	-
/186/core_profile/component	string	overlay-core
/186/core_profile/final_record	boolean	false
/186/core_profile/inclusive_spans	boolean	true
/186/core_profile/instance	integer	2
/186/core_profile/measurements	object	-
/186/core_profile/measurements/layer_leaf_stats	object	-
/186/core_profile/measurements/layer_leaf_stats/calls	integer	0
/186/core_profile/measurements/layer_leaf_stats/latency_buckets	array	-
/186/core_profile/measurements/layer_leaf_stats/latency_buckets/0	integer	0
/186/core_profile/measurements/layer_leaf_stats/latency_buckets/1	integer	0
/186/core_profile/measurements/layer_leaf_stats/latency_buckets/2	integer	0
/186/core_profile/measurements/layer_leaf_stats/latency_buckets/3	integer	0
/186/core_profile/measurements/layer_leaf_stats/latency_buckets/4	integer	0
/186/core_profile/measurements/layer_leaf_stats/max_ns	integer	0
/186/core_profile/measurements/layer_leaf_stats/total_ns	integer	0
/186/core_profile/measurements/layer_leaf_stats/units	integer	12352
/186/core_profile/measurements/layer_parent_stats	object	-
/186/core_profile/measurements/layer_parent_stats/calls	integer	0
/186/core_profile/measurements/layer_parent_stats/latency_buckets	array	-
/186/core_profile/measurements/layer_parent_stats/latency_buckets/0	integer	0
/186/core_profile/measurements/layer_parent_stats/latency_buckets/1	integer	0
/186/core_profile/measurements/layer_parent_stats/latency_buckets/2	integer	0
/186/core_profile/measurements/layer_parent_stats/latency_buckets/3	integer	0
/186/core_profile/measurements/layer_parent_stats/latency_buckets/4	integer	0
/186/core_profile/measurements/layer_parent_stats/max_ns	integer	0
/186/core_profile/measurements/layer_parent_stats/total_ns	integer	0
/186/core_profile/measurements/layer_parent_stats/units	integer	8192
/186/core_profile/measurements/metadata	object	-
/186/core_profile/measurements/metadata/calls	integer	4128
/186/core_profile/measurements/metadata/latency_buckets	array	-
/186/core_profile/measurements/metadata/latency_buckets/0	integer	4128
/186/core_profile/measurements/metadata/latency_buckets/1	integer	0
/186/core_profile/measurements/metadata/latency_buckets/2	integer	0
/186/core_profile/measurements/metadata/latency_buckets/3	integer	0
/186/core_profile/measurements/metadata/latency_buckets/4	integer	0
/186/core_profile/measurements/metadata/max_ns	integer	680882
/186/core_profile/measurements/metadata/total_ns	integer	31657100
/186/core_profile/measurements/metadata/units	integer	0
/186/core_profile/measurements/mount_identity_attempts	object	-
/186/core_profile/measurements/mount_identity_attempts/calls	integer	0
/186/core_profile/measurements/mount_identity_attempts/latency_buckets	array	-
/186/core_profile/measurements/mount_identity_attempts/latency_buckets/0	integer	0
/186/core_profile/measurements/mount_identity_attempts/latency_buckets/1	integer	0
/186/core_profile/measurements/mount_identity_attempts/latency_buckets/2	integer	0
/186/core_profile/measurements/mount_identity_attempts/latency_buckets/3	integer	0
/186/core_profile/measurements/mount_identity_attempts/latency_buckets/4	integer	0
/186/core_profile/measurements/mount_identity_attempts/max_ns	integer	0
/186/core_profile/measurements/mount_identity_attempts/total_ns	integer	0
/186/core_profile/measurements/mount_identity_attempts/units	integer	4096
/186/core_profile/measurements/opaque_probe	object	-
/186/core_profile/measurements/opaque_probe/calls	integer	8224
/186/core_profile/measurements/opaque_probe/latency_buckets	array	-
/186/core_profile/measurements/opaque_probe/latency_buckets/0	integer	8224
/186/core_profile/measurements/opaque_probe/latency_buckets/1	integer	0
/186/core_profile/measurements/opaque_probe/latency_buckets/2	integer	0
/186/core_profile/measurements/opaque_probe/latency_buckets/3	integer	0
/186/core_profile/measurements/opaque_probe/latency_buckets/4	integer	0
/186/core_profile/measurements/opaque_probe/max_ns	integer	674239
/186/core_profile/measurements/opaque_probe/total_ns	integer	9253697
/186/core_profile/measurements/opaque_probe/units	integer	0
/186/core_profile/measurements/resolve	object	-
/186/core_profile/measurements/resolve/calls	integer	4128
/186/core_profile/measurements/resolve/latency_buckets	array	-
/186/core_profile/measurements/resolve/latency_buckets/0	integer	4128
/186/core_profile/measurements/resolve/latency_buckets/1	integer	0
/186/core_profile/measurements/resolve/latency_buckets/2	integer	0
/186/core_profile/measurements/resolve/latency_buckets/3	integer	0
/186/core_profile/measurements/resolve/latency_buckets/4	integer	0
/186/core_profile/measurements/resolve/max_ns	integer	680812
/186/core_profile/measurements/resolve/total_ns	integer	31345940
/186/core_profile/measurements/resolve/units	integer	0
/186/core_profile/measurements/resolve_components	object	-
/186/core_profile/measurements/resolve_components/calls	integer	0
/186/core_profile/measurements/resolve_components/latency_buckets	array	-
/186/core_profile/measurements/resolve_components/latency_buckets/0	integer	0
/186/core_profile/measurements/resolve_components/latency_buckets/1	integer	0
/186/core_profile/measurements/resolve_components/latency_buckets/2	integer	0
/186/core_profile/measurements/resolve_components/latency_buckets/3	integer	0
/186/core_profile/measurements/resolve_components/latency_buckets/4	integer	0
/186/core_profile/measurements/resolve_components/max_ns	integer	0
/186/core_profile/measurements/resolve_components/total_ns	integer	0
/186/core_profile/measurements/resolve_components/units	integer	8224
/186/core_profile/measurements/whiteout_probe	object	-
/186/core_profile/measurements/whiteout_probe/calls	integer	8224
/186/core_profile/measurements/whiteout_probe/latency_buckets	array	-
/186/core_profile/measurements/whiteout_probe/latency_buckets/0	integer	8224
/186/core_profile/measurements/whiteout_probe/latency_buckets/1	integer	0
/186/core_profile/measurements/whiteout_probe/latency_buckets/2	integer	0
/186/core_profile/measurements/whiteout_probe/latency_buckets/3	integer	0
/186/core_profile/measurements/whiteout_probe/latency_buckets/4	integer	0
/186/core_profile/measurements/whiteout_probe/max_ns	integer	18936
/186/core_profile/measurements/whiteout_probe/total_ns	integer	5395536
/186/core_profile/measurements/whiteout_probe/units	integer	0
/186/core_profile/pid	integer	319
/186/core_profile/schema	integer	2
/186/elapsed_ms	float	38.137051
/186/profiled	boolean	true
/186/scope	string	adapter-only, host cache warm, fresh inode tables; no guest kernel/VM
/186/trial	integer	10
/186/variant	string	baseline
/186/warmup	boolean	false
/187	object	-
/187/adapter_profile	null	null
/187/batch	integer	2
/187/case	string	lookup_open_getattr
/187/core_profile	null	null
/187/elapsed_ms	float	37.883368
/187/profiled	boolean	false
/187/scope	string	adapter-only, host cache warm, fresh inode tables; no guest kernel/VM
/187/trial	integer	0
/187/variant	string	baseline
/187/warmup	boolean	true
/188	object	-
/188/adapter_profile	null	null
/188/batch	integer	2
/188/case	string	lookup_open_getattr
/188/core_profile	null	null
/188/elapsed_ms	float	36.665594000000006
/188/profiled	boolean	false
/188/scope	string	adapter-only, host cache warm, fresh inode tables; no guest kernel/VM
/188/trial	integer	1
/188/variant	string	baseline
/188/warmup	boolean	true
/189	object	-
/189/adapter_profile	null	null
/189/batch	integer	2
/189/case	string	lookup_open_getattr
/189/core_profile	null	null
/189/elapsed_ms	float	36.488934
/189/profiled	boolean	false
/189/scope	string	adapter-only, host cache warm, fresh inode tables; no guest kernel/VM
/189/trial	integer	2
/189/variant	string	baseline
/189/warmup	boolean	false
/190	object	-
/190/adapter_profile	null	null
/190/batch	integer	2
/190/case	string	lookup_open_getattr
/190/core_profile	null	null
/190/elapsed_ms	float	37.752082
/190/profiled	boolean	false
/190/scope	string	adapter-only, host cache warm, fresh inode tables; no guest kernel/VM
/190/trial	integer	3
/190/variant	string	baseline
/190/warmup	boolean	false
/191	object	-
/191/adapter_profile	null	null
/191/batch	integer	2
/191/case	string	lookup_open_getattr
/191/core_profile	null	null
/191/elapsed_ms	float	37.452383
/191/profiled	boolean	false
/191/scope	string	adapter-only, host cache warm, fresh inode tables; no guest kernel/VM
/191/trial	integer	4
/191/variant	string	baseline
/191/warmup	boolean	false
/192	object	-
/192/adapter_profile	null	null
/192/batch	integer	2
/192/case	string	lookup_open_getattr
/192/core_profile	null	null
/192/elapsed_ms	float	37.496555
/192/profiled	boolean	false
/192/scope	string	adapter-only, host cache warm, fresh inode tables; no guest kernel/VM
/192/trial	integer	5
/192/variant	string	baseline
/192/warmup	boolean	false
/193	object	-
/193/adapter_profile	null	null
/193/batch	integer	2
/193/case	string	lookup_open_getattr
/193/core_profile	null	null
/193/elapsed_ms	float	37.719882000000005
/193/profiled	boolean	false
/193/scope	string	adapter-only, host cache warm, fresh inode tables; no guest kernel/VM
/193/trial	integer	6
/193/variant	string	baseline
/193/warmup	boolean	false
/194	object	-
/194/adapter_profile	null	null
/194/batch	integer	2
/194/case	string	lookup_open_getattr
/194/core_profile	null	null
/194/elapsed_ms	float	36.879673000000004
/194/profiled	boolean	false
/194/scope	string	adapter-only, host cache warm, fresh inode tables; no guest kernel/VM
/194/trial	integer	7
/194/variant	string	baseline
/194/warmup	boolean	false
/195	object	-
/195/adapter_profile	null	null
/195/batch	integer	2
/195/case	string	lookup_open_getattr
/195/core_profile	null	null
/195/elapsed_ms	float	39.95753
/195/profiled	boolean	false
/195/scope	string	adapter-only, host cache warm, fresh inode tables; no guest kernel/VM
/195/trial	integer	8
/195/variant	string	baseline
/195/warmup	boolean	false
/196	object	-
/196/adapter_profile	null	null
/196/batch	integer	2
/196/case	string	lookup_open_getattr
/196/core_profile	null	null
/196/elapsed_ms	float	41.814357
/196/profiled	boolean	false
/196/scope	string	adapter-only, host cache warm, fresh inode tables; no guest kernel/VM
/196/trial	integer	9
/196/variant	string	baseline
/196/warmup	boolean	false
/197	object	-
/197/adapter_profile	object	-
/197/adapter_profile/component	string	virtio-fs-overlay
/197/adapter_profile/final_record	boolean	false
/197/adapter_profile/inclusive_spans	boolean	true
/197/adapter_profile/instance	integer	3
/197/adapter_profile/measurements	object	-
/197/adapter_profile/measurements/backing_lookup	object	-
/197/adapter_profile/measurements/backing_lookup/calls	integer	4160
/197/adapter_profile/measurements/backing_lookup/latency_buckets	array	-
/197/adapter_profile/measurements/backing_lookup/latency_buckets/0	integer	4160
/197/adapter_profile/measurements/backing_lookup/latency_buckets/1	integer	0
/197/adapter_profile/measurements/backing_lookup/latency_buckets/2	integer	0
/197/adapter_profile/measurements/backing_lookup/latency_buckets/3	integer	0
/197/adapter_profile/measurements/backing_lookup/latency_buckets/4	integer	0
/197/adapter_profile/measurements/backing_lookup/max_ns	integer	354963
/197/adapter_profile/measurements/backing_lookup/total_ns	integer	2370995
/197/adapter_profile/measurements/backing_lookup/units	integer	0
/197/adapter_profile/measurements/directory_cache_deep_hits	object	-
/197/adapter_profile/measurements/directory_cache_deep_hits/calls	integer	0
/197/adapter_profile/measurements/directory_cache_deep_hits/latency_buckets	array	-
/197/adapter_profile/measurements/directory_cache_deep_hits/latency_buckets/0	integer	0
/197/adapter_profile/measurements/directory_cache_deep_hits/latency_buckets/1	integer	0
/197/adapter_profile/measurements/directory_cache_deep_hits/latency_buckets/2	integer	0
/197/adapter_profile/measurements/directory_cache_deep_hits/latency_buckets/3	integer	0
/197/adapter_profile/measurements/directory_cache_deep_hits/latency_buckets/4	integer	0
/197/adapter_profile/measurements/directory_cache_deep_hits/max_ns	integer	0
/197/adapter_profile/measurements/directory_cache_deep_hits/total_ns	integer	0
/197/adapter_profile/measurements/directory_cache_deep_hits/units	integer	4064
/197/adapter_profile/measurements/directory_cache_misses	object	-
/197/adapter_profile/measurements/directory_cache_misses/calls	integer	0
/197/adapter_profile/measurements/directory_cache_misses/latency_buckets	array	-
/197/adapter_profile/measurements/directory_cache_misses/latency_buckets/0	integer	0
/197/adapter_profile/measurements/directory_cache_misses/latency_buckets/1	integer	0
/197/adapter_profile/measurements/directory_cache_misses/latency_buckets/2	integer	0
/197/adapter_profile/measurements/directory_cache_misses/latency_buckets/3	integer	0
/197/adapter_profile/measurements/directory_cache_misses/latency_buckets/4	integer	0
/197/adapter_profile/measurements/directory_cache_misses/max_ns	integer	0
/197/adapter_profile/measurements/directory_cache_misses/total_ns	integer	0
/197/adapter_profile/measurements/directory_cache_misses/units	integer	32
/197/adapter_profile/measurements/entry	object	-
/197/adapter_profile/measurements/entry/calls	integer	2080
/197/adapter_profile/measurements/entry/latency_buckets	array	-
/197/adapter_profile/measurements/entry/latency_buckets/0	integer	2080
/197/adapter_profile/measurements/entry/latency_buckets/1	integer	0
/197/adapter_profile/measurements/entry/latency_buckets/2	integer	0
/197/adapter_profile/measurements/entry/latency_buckets/3	integer	0
/197/adapter_profile/measurements/entry/latency_buckets/4	integer	0
/197/adapter_profile/measurements/entry/max_ns	integer	355594
/197/adapter_profile/measurements/entry/total_ns	integer	2501026
/197/adapter_profile/measurements/entry/units	integer	0
/197/adapter_profile/measurements/getattr	object	-
/197/adapter_profile/measurements/getattr/calls	integer	2048
/197/adapter_profile/measurements/getattr/latency_buckets	array	-
/197/adapter_profile/measurements/getattr/latency_buckets/0	integer	2048
/197/adapter_profile/measurements/getattr/latency_buckets/1	integer	0
/197/adapter_profile/measurements/getattr/latency_buckets/2	integer	0
/197/adapter_profile/measurements/getattr/latency_buckets/3	integer	0
/197/adapter_profile/measurements/getattr/latency_buckets/4	integer	0
/197/adapter_profile/measurements/getattr/max_ns	integer	1623
/197/adapter_profile/measurements/getattr/total_ns	integer	457463
/197/adapter_profile/measurements/getattr/units	integer	0
/197/adapter_profile/measurements/inner_inode	object	-
/197/adapter_profile/measurements/inner_inode/calls	integer	4128
/197/adapter_profile/measurements/inner_inode/latency_buckets	array	-
/197/adapter_profile/measurements/inner_inode/latency_buckets/0	integer	4128
/197/adapter_profile/measurements/inner_inode/latency_buckets/1	integer	0
/197/adapter_profile/measurements/inner_inode/latency_buckets/2	integer	0
/197/adapter_profile/measurements/inner_inode/latency_buckets/3	integer	0
/197/adapter_profile/measurements/inner_inode/latency_buckets/4	integer	0
/197/adapter_profile/measurements/inner_inode/max_ns	integer	355263
/197/adapter_profile/measurements/inner_inode/total_ns	integer	3376602
/197/adapter_profile/measurements/inner_inode/units	integer	0
/197/adapter_profile/measurements/lookup	object	-
/197/adapter_profile/measurements/lookup/calls	integer	2080
/197/adapter_profile/measurements/lookup/latency_buckets	array	-
/197/adapter_profile/measurements/lookup/latency_buckets/0	integer	2080
/197/adapter_profile/measurements/lookup/latency_buckets/1	integer	0
/197/adapter_profile/measurements/lookup/latency_buckets/2	integer	0
/197/adapter_profile/measurements/lookup/latency_buckets/3	integer	0
/197/adapter_profile/measurements/lookup/latency_buckets/4	integer	0
/197/adapter_profile/measurements/lookup/max_ns	integer	843094
/197/adapter_profile/measurements/lookup/total_ns	integer	21703299
/197/adapter_profile/measurements/lookup/units	integer	0
/197/adapter_profile/measurements/open	object	-
/197/adapter_profile/measurements/open/calls	integer	2048
/197/adapter_profile/measurements/open/latency_buckets	array	-
/197/adapter_profile/measurements/open/latency_buckets/0	integer	2048
/197/adapter_profile/measurements/open/latency_buckets/1	integer	0
/197/adapter_profile/measurements/open/latency_buckets/2	integer	0
/197/adapter_profile/measurements/open/latency_buckets/3	integer	0
/197/adapter_profile/measurements/open/latency_buckets/4	integer	0
/197/adapter_profile/measurements/open/max_ns	integer	575826
/197/adapter_profile/measurements/open/total_ns	integer	19648157
/197/adapter_profile/measurements/open/units	integer	0
/197/adapter_profile/pid	integer	319
/197/adapter_profile/schema	integer	2
/197/batch	integer	2
/197/case	string	lookup_open_getattr
/197/core_profile	object	-
/197/core_profile/component	string	overlay-core
/197/core_profile/final_record	boolean	false
/197/core_profile/inclusive_spans	boolean	true
/197/core_profile/instance	integer	4
/197/core_profile/measurements	object	-
/197/core_profile/measurements/layer_leaf_stats	object	-
/197/core_profile/measurements/layer_leaf_stats/calls	integer	0
/197/core_profile/measurements/layer_leaf_stats/latency_buckets	array	-
/197/core_profile/measurements/layer_leaf_stats/latency_buckets/0	integer	0
/197/core_profile/measurements/layer_leaf_stats/latency_buckets/1	integer	0
/197/core_profile/measurements/layer_leaf_stats/latency_buckets/2	integer	0
/197/core_profile/measurements/layer_leaf_stats/latency_buckets/3	integer	0
/197/core_profile/measurements/layer_leaf_stats/latency_buckets/4	integer	0
/197/core_profile/measurements/layer_leaf_stats/max_ns	integer	0
/197/core_profile/measurements/layer_leaf_stats/total_ns	integer	0
/197/core_profile/measurements/layer_leaf_stats/units	integer	12352
/197/core_profile/measurements/layer_parent_stats	object	-
/197/core_profile/measurements/layer_parent_stats/calls	integer	0
/197/core_profile/measurements/layer_parent_stats/latency_buckets	array	-
/197/core_profile/measurements/layer_parent_stats/latency_buckets/0	integer	0
/197/core_profile/measurements/layer_parent_stats/latency_buckets/1	integer	0
/197/core_profile/measurements/layer_parent_stats/latency_buckets/2	integer	0
/197/core_profile/measurements/layer_parent_stats/latency_buckets/3	integer	0
/197/core_profile/measurements/layer_parent_stats/latency_buckets/4	integer	0
/197/core_profile/measurements/layer_parent_stats/max_ns	integer	0
/197/core_profile/measurements/layer_parent_stats/total_ns	integer	0
/197/core_profile/measurements/layer_parent_stats/units	integer	8192
/197/core_profile/measurements/metadata	object	-
/197/core_profile/measurements/metadata/calls	integer	4128
/197/core_profile/measurements/metadata/latency_buckets	array	-
/197/core_profile/measurements/metadata/latency_buckets/0	integer	4128
/197/core_profile/measurements/metadata/latency_buckets/1	integer	0
/197/core_profile/measurements/metadata/latency_buckets/2	integer	0
/197/core_profile/measurements/metadata/latency_buckets/3	integer	0
/197/core_profile/measurements/metadata/latency_buckets/4	integer	0
/197/core_profile/measurements/metadata/max_ns	integer	840049
/197/core_profile/measurements/metadata/total_ns	integer	33689290
/197/core_profile/measurements/metadata/units	integer	0
/197/core_profile/measurements/mount_identity_attempts	object	-
/197/core_profile/measurements/mount_identity_attempts/calls	integer	0
/197/core_profile/measurements/mount_identity_attempts/latency_buckets	array	-
/197/core_profile/measurements/mount_identity_attempts/latency_buckets/0	integer	0
/197/core_profile/measurements/mount_identity_attempts/latency_buckets/1	integer	0
/197/core_profile/measurements/mount_identity_attempts/latency_buckets/2	integer	0
/197/core_profile/measurements/mount_identity_attempts/latency_buckets/3	integer	0
/197/core_profile/measurements/mount_identity_attempts/latency_buckets/4	integer	0
/197/core_profile/measurements/mount_identity_attempts/max_ns	integer	0
/197/core_profile/measurements/mount_identity_attempts/total_ns	integer	0
/197/core_profile/measurements/mount_identity_attempts/units	integer	4096
/197/core_profile/measurements/observe_read	object	-
/197/core_profile/measurements/observe_read/calls	integer	2048
/197/core_profile/measurements/observe_read/latency_buckets	array	-
/197/core_profile/measurements/observe_read/latency_buckets/0	integer	2048
/197/core_profile/measurements/observe_read/latency_buckets/1	integer	0
/197/core_profile/measurements/observe_read/latency_buckets/2	integer	0
/197/core_profile/measurements/observe_read/latency_buckets/3	integer	0
/197/core_profile/measurements/observe_read/latency_buckets/4	integer	0
/197/core_profile/measurements/observe_read/max_ns	integer	573631
/197/core_profile/measurements/observe_read/total_ns	integer	16215937
/197/core_profile/measurements/observe_read/units	integer	0
/197/core_profile/measurements/opaque_probe	object	-
/197/core_profile/measurements/opaque_probe/calls	integer	8224
/197/core_profile/measurements/opaque_probe/latency_buckets	array	-
/197/core_profile/measurements/opaque_probe/latency_buckets/0	integer	8224
/197/core_profile/measurements/opaque_probe/latency_buckets/1	integer	0
/197/core_profile/measurements/opaque_probe/latency_buckets/2	integer	0
/197/core_profile/measurements/opaque_probe/latency_buckets/3	integer	0
/197/core_profile/measurements/opaque_probe/latency_buckets/4	integer	0
/197/core_profile/measurements/opaque_probe/max_ns	integer	20708
/197/core_profile/measurements/opaque_probe/total_ns	integer	8496333
/197/core_profile/measurements/opaque_probe/units	integer	0
/197/core_profile/measurements/resolve	object	-
/197/core_profile/measurements/resolve/calls	integer	4128
/197/core_profile/measurements/resolve/latency_buckets	array	-
/197/core_profile/measurements/resolve/latency_buckets/0	integer	4128
/197/core_profile/measurements/resolve/latency_buckets/1	integer	0
/197/core_profile/measurements/resolve/latency_buckets/2	integer	0
/197/core_profile/measurements/resolve/latency_buckets/3	integer	0
/197/core_profile/measurements/resolve/latency_buckets/4	integer	0
/197/core_profile/measurements/resolve/max_ns	integer	839628
/197/core_profile/measurements/resolve/total_ns	integer	32713203
/197/core_profile/measurements/resolve/units	integer	0
/197/core_profile/measurements/resolve_components	object	-
/197/core_profile/measurements/resolve_components/calls	integer	0
/197/core_profile/measurements/resolve_components/latency_buckets	array	-
/197/core_profile/measurements/resolve_components/latency_buckets/0	integer	0
/197/core_profile/measurements/resolve_components/latency_buckets/1	integer	0
/197/core_profile/measurements/resolve_components/latency_buckets/2	integer	0
/197/core_profile/measurements/resolve_components/latency_buckets/3	integer	0
/197/core_profile/measurements/resolve_components/latency_buckets/4	integer	0
/197/core_profile/measurements/resolve_components/max_ns	integer	0
/197/core_profile/measurements/resolve_components/total_ns	integer	0
/197/core_profile/measurements/resolve_components/units	integer	8224
/197/core_profile/measurements/whiteout_probe	object	-
/197/core_profile/measurements/whiteout_probe/calls	integer	8224
/197/core_profile/measurements/whiteout_probe/latency_buckets	array	-
/197/core_profile/measurements/whiteout_probe/latency_buckets/0	integer	8224
/197/core_profile/measurements/whiteout_probe/latency_buckets/1	integer	0
/197/core_profile/measurements/whiteout_probe/latency_buckets/2	integer	0
/197/core_profile/measurements/whiteout_probe/latency_buckets/3	integer	0
/197/core_profile/measurements/whiteout_probe/latency_buckets/4	integer	0
/197/core_profile/measurements/whiteout_probe/max_ns	integer	358078
/197/core_profile/measurements/whiteout_probe/total_ns	integer	5695308
/197/core_profile/measurements/whiteout_probe/units	integer	0
/197/core_profile/pid	integer	319
/197/core_profile/schema	integer	2
/197/elapsed_ms	float	42.96831
/197/profiled	boolean	true
/197/scope	string	adapter-only, host cache warm, fresh inode tables; no guest kernel/VM
/197/trial	integer	10
/197/variant	string	baseline
/197/warmup	boolean	false
/198	object	-
/198/adapter_profile	null	null
/198/batch	integer	2
/198/case	string	deep_lookup_open_getattr
/198/core_profile	null	null
/198/elapsed_ms	float	195.954634
/198/profiled	boolean	false
/198/scope	string	adapter-only, host cache warm, fresh inode tables; no guest kernel/VM
/198/trial	integer	0
/198/variant	string	baseline
/198/warmup	boolean	true
/199	object	-
/199/adapter_profile	null	null
/199/batch	integer	2
/199/case	string	deep_lookup_open_getattr
/199/core_profile	null	null
/199/elapsed_ms	float	170.79646400000001
/199/profiled	boolean	false
/199/scope	string	adapter-only, host cache warm, fresh inode tables; no guest kernel/VM
/199/trial	integer	1
/199/variant	string	baseline
/199/warmup	boolean	true
/200	object	-
/200/adapter_profile	null	null
/200/batch	integer	2
/200/case	string	deep_lookup_open_getattr
/200/core_profile	null	null
/200/elapsed_ms	float	170.947065
/200/profiled	boolean	false
/200/scope	string	adapter-only, host cache warm, fresh inode tables; no guest kernel/VM
/200/trial	integer	2
/200/variant	string	baseline
/200/warmup	boolean	false
/201	object	-
/201/adapter_profile	null	null
/201/batch	integer	2
/201/case	string	deep_lookup_open_getattr
/201/core_profile	null	null
/201/elapsed_ms	float	171.203083
/201/profiled	boolean	false
/201/scope	string	adapter-only, host cache warm, fresh inode tables; no guest kernel/VM
/201/trial	integer	3
/201/variant	string	baseline
/201/warmup	boolean	false
/202	object	-
/202/adapter_profile	null	null
/202/batch	integer	2
/202/case	string	deep_lookup_open_getattr
/202/core_profile	null	null
/202/elapsed_ms	float	174.02282699999998
/202/profiled	boolean	false
/202/scope	string	adapter-only, host cache warm, fresh inode tables; no guest kernel/VM
/202/trial	integer	4
/202/variant	string	baseline
/202/warmup	boolean	false
/203	object	-
/203/adapter_profile	null	null
/203/batch	integer	2
/203/case	string	deep_lookup_open_getattr
/203/core_profile	null	null
/203/elapsed_ms	float	172.193082
/203/profiled	boolean	false
/203/scope	string	adapter-only, host cache warm, fresh inode tables; no guest kernel/VM
/203/trial	integer	5
/203/variant	string	baseline
/203/warmup	boolean	false
/204	object	-
/204/adapter_profile	null	null
/204/batch	integer	2
/204/case	string	deep_lookup_open_getattr
/204/core_profile	null	null
/204/elapsed_ms	float	170.243552
/204/profiled	boolean	false
/204/scope	string	adapter-only, host cache warm, fresh inode tables; no guest kernel/VM
/204/trial	integer	6
/204/variant	string	baseline
/204/warmup	boolean	false
/205	object	-
/205/adapter_profile	null	null
/205/batch	integer	2
/205/case	string	deep_lookup_open_getattr
/205/core_profile	null	null
/205/elapsed_ms	float	168.597388
/205/profiled	boolean	false
/205/scope	string	adapter-only, host cache warm, fresh inode tables; no guest kernel/VM
/205/trial	integer	7
/205/variant	string	baseline
/205/warmup	boolean	false
/206	object	-
/206/adapter_profile	null	null
/206/batch	integer	2
/206/case	string	deep_lookup_open_getattr
/206/core_profile	null	null
/206/elapsed_ms	float	173.249564
/206/profiled	boolean	false
/206/scope	string	adapter-only, host cache warm, fresh inode tables; no guest kernel/VM
/206/trial	integer	8
/206/variant	string	baseline
/206/warmup	boolean	false
/207	object	-
/207/adapter_profile	null	null
/207/batch	integer	2
/207/case	string	deep_lookup_open_getattr
/207/core_profile	null	null
/207/elapsed_ms	float	173.530147
/207/profiled	boolean	false
/207/scope	string	adapter-only, host cache warm, fresh inode tables; no guest kernel/VM
/207/trial	integer	9
/207/variant	string	baseline
/207/warmup	boolean	false
/208	object	-
/208/adapter_profile	object	-
/208/adapter_profile/component	string	virtio-fs-overlay
/208/adapter_profile/final_record	boolean	false
/208/adapter_profile/inclusive_spans	boolean	true
/208/adapter_profile/instance	integer	5
/208/adapter_profile/measurements	object	-
/208/adapter_profile/measurements/backing_lookup	object	-
/208/adapter_profile/measurements/backing_lookup/calls	integer	4608
/208/adapter_profile/measurements/backing_lookup/latency_buckets	array	-
/208/adapter_profile/measurements/backing_lookup/latency_buckets/0	integer	4608
/208/adapter_profile/measurements/backing_lookup/latency_buckets/1	integer	0
/208/adapter_profile/measurements/backing_lookup/latency_buckets/2	integer	0
/208/adapter_profile/measurements/backing_lookup/latency_buckets/3	integer	0
/208/adapter_profile/measurements/backing_lookup/latency_buckets/4	integer	0
/208/adapter_profile/measurements/backing_lookup/max_ns	integer	15499
/208/adapter_profile/measurements/backing_lookup/total_ns	integer	2476229
/208/adapter_profile/measurements/backing_lookup/units	integer	0
/208/adapter_profile/measurements/directory_cache_deep_hits	object	-
/208/adapter_profile/measurements/directory_cache_deep_hits/calls	integer	0
/208/adapter_profile/measurements/directory_cache_deep_hits/latency_buckets	array	-
/208/adapter_profile/measurements/directory_cache_deep_hits/latency_buckets/0	integer	0
/208/adapter_profile/measurements/directory_cache_deep_hits/latency_buckets/1	integer	0
/208/adapter_profile/measurements/directory_cache_deep_hits/latency_buckets/2	integer	0
/208/adapter_profile/measurements/directory_cache_deep_hits/latency_buckets/3	integer	0
/208/adapter_profile/measurements/directory_cache_deep_hits/latency_buckets/4	integer	0
/208/adapter_profile/measurements/directory_cache_deep_hits/max_ns	integer	0
/208/adapter_profile/measurements/directory_cache_deep_hits/total_ns	integer	0
/208/adapter_profile/measurements/directory_cache_deep_hits/units	integer	4064
/208/adapter_profile/measurements/directory_cache_hits	object	-
/208/adapter_profile/measurements/directory_cache_hits/calls	integer	0
/208/adapter_profile/measurements/directory_cache_hits/latency_buckets	array	-
/208/adapter_profile/measurements/directory_cache_hits/latency_buckets/0	integer	0
/208/adapter_profile/measurements/directory_cache_hits/latency_buckets/1	integer	0
/208/adapter_profile/measurements/directory_cache_hits/latency_buckets/2	integer	0
/208/adapter_profile/measurements/directory_cache_hits/latency_buckets/3	integer	0
/208/adapter_profile/measurements/directory_cache_hits/latency_buckets/4	integer	0
/208/adapter_profile/measurements/directory_cache_hits/max_ns	integer	0
/208/adapter_profile/measurements/directory_cache_hits/total_ns	integer	0
/208/adapter_profile/measurements/directory_cache_hits/units	integer	896
/208/adapter_profile/measurements/directory_cache_misses	object	-
/208/adapter_profile/measurements/directory_cache_misses/calls	integer	0
/208/adapter_profile/measurements/directory_cache_misses/latency_buckets	array	-
/208/adapter_profile/measurements/directory_cache_misses/latency_buckets/0	integer	0
/208/adapter_profile/measurements/directory_cache_misses/latency_buckets/1	integer	0
/208/adapter_profile/measurements/directory_cache_misses/latency_buckets/2	integer	0
/208/adapter_profile/measurements/directory_cache_misses/latency_buckets/3	integer	0
/208/adapter_profile/measurements/directory_cache_misses/latency_buckets/4	integer	0
/208/adapter_profile/measurements/directory_cache_misses/max_ns	integer	0
/208/adapter_profile/measurements/directory_cache_misses/total_ns	integer	0
/208/adapter_profile/measurements/directory_cache_misses/units	integer	256
/208/adapter_profile/measurements/entry	object	-
/208/adapter_profile/measurements/entry/calls	integer	2304
/208/adapter_profile/measurements/entry/latency_buckets	array	-
/208/adapter_profile/measurements/entry/latency_buckets/0	integer	2304
/208/adapter_profile/measurements/entry/latency_buckets/1	integer	0
/208/adapter_profile/measurements/entry/latency_buckets/2	integer	0
/208/adapter_profile/measurements/entry/latency_buckets/3	integer	0
/208/adapter_profile/measurements/entry/latency_buckets/4	integer	0
/208/adapter_profile/measurements/entry/max_ns	integer	33723
/208/adapter_profile/measurements/entry/total_ns	integer	3168629
/208/adapter_profile/measurements/entry/units	integer	0
/208/adapter_profile/measurements/getattr	object	-
/208/adapter_profile/measurements/getattr/calls	integer	2048
/208/adapter_profile/measurements/getattr/latency_buckets	array	-
/208/adapter_profile/measurements/getattr/latency_buckets/0	integer	2048
/208/adapter_profile/measurements/getattr/latency_buckets/1	integer	0
/208/adapter_profile/measurements/getattr/latency_buckets/2	integer	0
/208/adapter_profile/measurements/getattr/latency_buckets/3	integer	0
/208/adapter_profile/measurements/getattr/latency_buckets/4	integer	0
/208/adapter_profile/measurements/getattr/max_ns	integer	331
/208/adapter_profile/measurements/getattr/total_ns	integer	466992
/208/adapter_profile/measurements/getattr/units	integer	0
/208/adapter_profile/measurements/inner_inode	object	-
/208/adapter_profile/measurements/inner_inode/calls	integer	4352
/208/adapter_profile/measurements/inner_inode/latency_buckets	array	-
/208/adapter_profile/measurements/inner_inode/latency_buckets/0	integer	4352
/208/adapter_profile/measurements/inner_inode/latency_buckets/1	integer	0
/208/adapter_profile/measurements/inner_inode/latency_buckets/2	integer	0
/208/adapter_profile/measurements/inner_inode/latency_buckets/3	integer	0
/208/adapter_profile/measurements/inner_inode/latency_buckets/4	integer	0
/208/adapter_profile/measurements/inner_inode/max_ns	integer	33442
/208/adapter_profile/measurements/inner_inode/total_ns	integer	4164993
/208/adapter_profile/measurements/inner_inode/units	integer	0
/208/adapter_profile/measurements/lookup	object	-
/208/adapter_profile/measurements/lookup/calls	integer	2304
/208/adapter_profile/measurements/lookup/latency_buckets	array	-
/208/adapter_profile/measurements/lookup/latency_buckets/0	integer	2304
/208/adapter_profile/measurements/lookup/latency_buckets/1	integer	0
/208/adapter_profile/measurements/lookup/latency_buckets/2	integer	0
/208/adapter_profile/measurements/lookup/latency_buckets/3	integer	0
/208/adapter_profile/measurements/lookup/latency_buckets/4	integer	0
/208/adapter_profile/measurements/lookup/max_ns	integer	934044
/208/adapter_profile/measurements/lookup/total_ns	integer	93215369
/208/adapter_profile/measurements/lookup/units	integer	0
/208/adapter_profile/measurements/open	object	-
/208/adapter_profile/measurements/open/calls	integer	2048
/208/adapter_profile/measurements/open/latency_buckets	array	-
/208/adapter_profile/measurements/open/latency_buckets/0	integer	2048
/208/adapter_profile/measurements/open/latency_buckets/1	integer	0
/208/adapter_profile/measurements/open/latency_buckets/2	integer	0
/208/adapter_profile/measurements/open/latency_buckets/3	integer	0
/208/adapter_profile/measurements/open/latency_buckets/4	integer	0
/208/adapter_profile/measurements/open/max_ns	integer	966064
/208/adapter_profile/measurements/open/total_ns	integer	86441617
/208/adapter_profile/measurements/open/units	integer	0
/208/adapter_profile/pid	integer	319
/208/adapter_profile/schema	integer	2
/208/batch	integer	2
/208/case	string	deep_lookup_open_getattr
/208/core_profile	object	-
/208/core_profile/component	string	overlay-core
/208/core_profile/final_record	boolean	false
/208/core_profile/inclusive_spans	boolean	true
/208/core_profile/instance	integer	6
/208/core_profile/measurements	object	-
/208/core_profile/measurements/layer_leaf_stats	object	-
/208/core_profile/measurements/layer_leaf_stats/calls	integer	0
/208/core_profile/measurements/layer_leaf_stats/latency_buckets	array	-
/208/core_profile/measurements/layer_leaf_stats/latency_buckets/0	integer	0
/208/core_profile/measurements/layer_leaf_stats/latency_buckets/1	integer	0
/208/core_profile/measurements/layer_leaf_stats/latency_buckets/2	integer	0
/208/core_profile/measurements/layer_leaf_stats/latency_buckets/3	integer	0
/208/core_profile/measurements/layer_leaf_stats/latency_buckets/4	integer	0
/208/core_profile/measurements/layer_leaf_stats/max_ns	integer	0
/208/core_profile/measurements/layer_leaf_stats/total_ns	integer	0
/208/core_profile/measurements/layer_leaf_stats/units	integer	42368
/208/core_profile/measurements/layer_parent_stats	object	-
/208/core_profile/measurements/layer_parent_stats/calls	integer	0
/208/core_profile/measurements/layer_parent_stats/latency_buckets	array	-
/208/core_profile/measurements/layer_parent_stats/latency_buckets/0	integer	0
/208/core_profile/measurements/layer_parent_stats/latency_buckets/1	integer	0
/208/core_profile/measurements/layer_parent_stats/latency_buckets/2	integer	0
/208/core_profile/measurements/layer_parent_stats/latency_buckets/3	integer	0
/208/core_profile/measurements/layer_parent_stats/latency_buckets/4	integer	0
/208/core_profile/measurements/layer_parent_stats/max_ns	integer	0
/208/core_profile/measurements/layer_parent_stats/total_ns	integer	0
/208/core_profile/measurements/layer_parent_stats/units	integer	67328
/208/core_profile/measurements/metadata	object	-
/208/core_profile/measurements/metadata/calls	integer	4352
/208/core_profile/measurements/metadata/latency_buckets	array	-
/208/core_profile/measurements/metadata/latency_buckets/0	integer	4352
/208/core_profile/measurements/metadata/latency_buckets/1	integer	0
/208/core_profile/measurements/metadata/latency_buckets/2	integer	0
/208/core_profile/measurements/metadata/latency_buckets/3	integer	0
/208/core_profile/measurements/metadata/latency_buckets/4	integer	0
/208/core_profile/measurements/metadata/max_ns	integer	963448
/208/core_profile/measurements/metadata/total_ns	integer	170857502
/208/core_profile/measurements/metadata/units	integer	0
/208/core_profile/measurements/mount_identity_attempts	object	-
/208/core_profile/measurements/mount_identity_attempts/calls	integer	0
/208/core_profile/measurements/mount_identity_attempts/latency_buckets	array	-
/208/core_profile/measurements/mount_identity_attempts/latency_buckets/0	integer	0
/208/core_profile/measurements/mount_identity_attempts/latency_buckets/1	integer	0
/208/core_profile/measurements/mount_identity_attempts/latency_buckets/2	integer	0
/208/core_profile/measurements/mount_identity_attempts/latency_buckets/3	integer	0
/208/core_profile/measurements/mount_identity_attempts/latency_buckets/4	integer	0
/208/core_profile/measurements/mount_identity_attempts/max_ns	integer	0
/208/core_profile/measurements/mount_identity_attempts/total_ns	integer	0
/208/core_profile/measurements/mount_identity_attempts/units	integer	33664
/208/core_profile/measurements/observe_read	object	-
/208/core_profile/measurements/observe_read/calls	integer	2048
/208/core_profile/measurements/observe_read/latency_buckets	array	-
/208/core_profile/measurements/observe_read/latency_buckets/0	integer	2048
/208/core_profile/measurements/observe_read/latency_buckets/1	integer	0
/208/core_profile/measurements/observe_read/latency_buckets/2	integer	0
/208/core_profile/measurements/observe_read/latency_buckets/3	integer	0
/208/core_profile/measurements/observe_read/latency_buckets/4	integer	0
/208/core_profile/measurements/observe_read/max_ns	integer	963539
/208/core_profile/measurements/observe_read/total_ns	integer	82656368
/208/core_profile/measurements/observe_read/units	integer	0
/208/core_profile/measurements/opaque_probe	object	-
/208/core_profile/measurements/opaque_probe/calls	integer	38016
/208/core_profile/measurements/opaque_probe/latency_buckets	array	-
/208/core_profile/measurements/opaque_probe/latency_buckets/0	integer	38016
/208/core_profile/measurements/opaque_probe/latency_buckets/1	integer	0
/208/core_profile/measurements/opaque_probe/latency_buckets/2	integer	0
/208/core_profile/measurements/opaque_probe/latency_buckets/3	integer	0
/208/core_profile/measurements/opaque_probe/latency_buckets/4	integer	0
/208/core_profile/measurements/opaque_probe/max_ns	integer	890984
/208/core_profile/measurements/opaque_probe/total_ns	integer	47333339
/208/core_profile/measurements/opaque_probe/units	integer	0
/208/core_profile/measurements/resolve	object	-
/208/core_profile/measurements/resolve/calls	integer	4352
/208/core_profile/measurements/resolve/latency_buckets	array	-
/208/core_profile/measurements/resolve/latency_buckets/0	integer	4352
/208/core_profile/measurements/resolve/latency_buckets/1	integer	0
/208/core_profile/measurements/resolve/latency_buckets/2	integer	0
/208/core_profile/measurements/resolve/latency_buckets/3	integer	0
/208/core_profile/measurements/resolve/latency_buckets/4	integer	0
/208/core_profile/measurements/resolve/max_ns	integer	963368
/208/core_profile/measurements/resolve/total_ns	integer	170523360
/208/core_profile/measurements/resolve/units	integer	0
/208/core_profile/measurements/resolve_components	object	-
/208/core_profile/measurements/resolve_components/calls	integer	0
/208/core_profile/measurements/resolve_components/latency_buckets	array	-
/208/core_profile/measurements/resolve_components/latency_buckets/0	integer	0
/208/core_profile/measurements/resolve_components/latency_buckets/1	integer	0
/208/core_profile/measurements/resolve_components/latency_buckets/2	integer	0
/208/core_profile/measurements/resolve_components/latency_buckets/3	integer	0
/208/core_profile/measurements/resolve_components/latency_buckets/4	integer	0
/208/core_profile/measurements/resolve_components/max_ns	integer	0
/208/core_profile/measurements/resolve_components/total_ns	integer	0
/208/core_profile/measurements/resolve_components/units	integer	38016
/208/core_profile/measurements/whiteout_probe	object	-
/208/core_profile/measurements/whiteout_probe/calls	integer	38016
/208/core_profile/measurements/whiteout_probe/latency_buckets	array	-
/208/core_profile/measurements/whiteout_probe/latency_buckets/0	integer	38016
/208/core_profile/measurements/whiteout_probe/latency_buckets/1	integer	0
/208/core_profile/measurements/whiteout_probe/latency_buckets/2	integer	0
/208/core_profile/measurements/whiteout_probe/latency_buckets/3	integer	0
/208/core_profile/measurements/whiteout_probe/latency_buckets/4	integer	0
/208/core_profile/measurements/whiteout_probe/max_ns	integer	918094
/208/core_profile/measurements/whiteout_probe/total_ns	integer	27330733
/208/core_profile/measurements/whiteout_probe/units	integer	0
/208/core_profile/pid	integer	319
/208/core_profile/schema	integer	2
/208/elapsed_ms	float	181.360156
/208/profiled	boolean	true
/208/scope	string	adapter-only, host cache warm, fresh inode tables; no guest kernel/VM
/208/trial	integer	10
/208/variant	string	baseline
/208/warmup	boolean	false
/209	object	-
/209/adapter_profile	null	null
/209/batch	integer	2
/209/case	string	directory_plus
/209/core_profile	null	null
/209/elapsed_ms	float	29.126017
/209/profiled	boolean	false
/209/scope	string	adapter-only, host cache warm, fresh inode tables; no guest kernel/VM
/209/trial	integer	0
/209/variant	string	baseline
/209/warmup	boolean	true
/210	object	-
/210/adapter_profile	null	null
/210/batch	integer	2
/210/case	string	directory_plus
/210/core_profile	null	null
/210/elapsed_ms	float	28.849952000000002
/210/profiled	boolean	false
/210/scope	string	adapter-only, host cache warm, fresh inode tables; no guest kernel/VM
/210/trial	integer	1
/210/variant	string	baseline
/210/warmup	boolean	true
/211	object	-
/211/adapter_profile	null	null
/211/batch	integer	2
/211/case	string	directory_plus
/211/core_profile	null	null
/211/elapsed_ms	float	29.152247
/211/profiled	boolean	false
/211/scope	string	adapter-only, host cache warm, fresh inode tables; no guest kernel/VM
/211/trial	integer	2
/211/variant	string	baseline
/211/warmup	boolean	false
/212	object	-
/212/adapter_profile	null	null
/212/batch	integer	2
/212/case	string	directory_plus
/212/core_profile	null	null
/212/elapsed_ms	float	29.376716000000002
/212/profiled	boolean	false
/212/scope	string	adapter-only, host cache warm, fresh inode tables; no guest kernel/VM
/212/trial	integer	3
/212/variant	string	baseline
/212/warmup	boolean	false
/213	object	-
/213/adapter_profile	null	null
/213/batch	integer	2
/213/case	string	directory_plus
/213/core_profile	null	null
/213/elapsed_ms	float	28.446448
/213/profiled	boolean	false
/213/scope	string	adapter-only, host cache warm, fresh inode tables; no guest kernel/VM
/213/trial	integer	4
/213/variant	string	baseline
/213/warmup	boolean	false
/214	object	-
/214/adapter_profile	null	null
/214/batch	integer	2
/214/case	string	directory_plus
/214/core_profile	null	null
/214/elapsed_ms	float	28.945269999999997
/214/profiled	boolean	false
/214/scope	string	adapter-only, host cache warm, fresh inode tables; no guest kernel/VM
/214/trial	integer	5
/214/variant	string	baseline
/214/warmup	boolean	false
/215	object	-
/215/adapter_profile	null	null
/215/batch	integer	2
/215/case	string	directory_plus
/215/core_profile	null	null
/215/elapsed_ms	float	28.07259
/215/profiled	boolean	false
/215/scope	string	adapter-only, host cache warm, fresh inode tables; no guest kernel/VM
/215/trial	integer	6
/215/variant	string	baseline
/215/warmup	boolean	false
/216	object	-
/216/adapter_profile	null	null
/216/batch	integer	2
/216/case	string	directory_plus
/216/core_profile	null	null
/216/elapsed_ms	float	29.863364999999998
/216/profiled	boolean	false
/216/scope	string	adapter-only, host cache warm, fresh inode tables; no guest kernel/VM
/216/trial	integer	7
/216/variant	string	baseline
/216/warmup	boolean	false
/217	object	-
/217/adapter_profile	null	null
/217/batch	integer	2
/217/case	string	directory_plus
/217/core_profile	null	null
/217/elapsed_ms	float	27.995648000000003
/217/profiled	boolean	false
/217/scope	string	adapter-only, host cache warm, fresh inode tables; no guest kernel/VM
/217/trial	integer	8
/217/variant	string	baseline
/217/warmup	boolean	false
/218	object	-
/218/adapter_profile	null	null
/218/batch	integer	2
/218/case	string	directory_plus
/218/core_profile	null	null
/218/elapsed_ms	float	28.953415
/218/profiled	boolean	false
/218/scope	string	adapter-only, host cache warm, fresh inode tables; no guest kernel/VM
/218/trial	integer	9
/218/variant	string	baseline
/218/warmup	boolean	false
/219	object	-
/219/adapter_profile	object	-
/219/adapter_profile/component	string	virtio-fs-overlay
/219/adapter_profile/final_record	boolean	false
/219/adapter_profile/inclusive_spans	boolean	true
/219/adapter_profile/instance	integer	7
/219/adapter_profile/measurements	object	-
/219/adapter_profile/measurements/backing_lookup	object	-
/219/adapter_profile/measurements/backing_lookup/calls	integer	2112
/219/adapter_profile/measurements/backing_lookup/latency_buckets	array	-
/219/adapter_profile/measurements/backing_lookup/latency_buckets/0	integer	2112
/219/adapter_profile/measurements/backing_lookup/latency_buckets/1	integer	0
/219/adapter_profile/measurements/backing_lookup/latency_buckets/2	integer	0
/219/adapter_profile/measurements/backing_lookup/latency_buckets/3	integer	0
/219/adapter_profile/measurements/backing_lookup/latency_buckets/4	integer	0
/219/adapter_profile/measurements/backing_lookup/max_ns	integer	2154
/219/adapter_profile/measurements/backing_lookup/total_ns	integer	992760
/219/adapter_profile/measurements/backing_lookup/units	integer	0
/219/adapter_profile/measurements/directory_cache_deep_hits	object	-
/219/adapter_profile/measurements/directory_cache_deep_hits/calls	integer	0
/219/adapter_profile/measurements/directory_cache_deep_hits/latency_buckets	array	-
/219/adapter_profile/measurements/directory_cache_deep_hits/latency_buckets/0	integer	0
/219/adapter_profile/measurements/directory_cache_deep_hits/latency_buckets/1	integer	0
/219/adapter_profile/measurements/directory_cache_deep_hits/latency_buckets/2	integer	0
/219/adapter_profile/measurements/directory_cache_deep_hits/latency_buckets/3	integer	0
/219/adapter_profile/measurements/directory_cache_deep_hits/latency_buckets/4	integer	0
/219/adapter_profile/measurements/directory_cache_deep_hits/max_ns	integer	0
/219/adapter_profile/measurements/directory_cache_deep_hits/total_ns	integer	0
/219/adapter_profile/measurements/directory_cache_deep_hits/units	integer	2016
/219/adapter_profile/measurements/directory_cache_misses	object	-
/219/adapter_profile/measurements/directory_cache_misses/calls	integer	0
/219/adapter_profile/measurements/directory_cache_misses/latency_buckets	array	-
/219/adapter_profile/measurements/directory_cache_misses/latency_buckets/0	integer	0
/219/adapter_profile/measurements/directory_cache_misses/latency_buckets/1	integer	0
/219/adapter_profile/measurements/directory_cache_misses/latency_buckets/2	integer	0
/219/adapter_profile/measurements/directory_cache_misses/latency_buckets/3	integer	0
/219/adapter_profile/measurements/directory_cache_misses/latency_buckets/4	integer	0
/219/adapter_profile/measurements/directory_cache_misses/max_ns	integer	0
/219/adapter_profile/measurements/directory_cache_misses/total_ns	integer	0
/219/adapter_profile/measurements/directory_cache_misses/units	integer	32
/219/adapter_profile/measurements/entry	object	-
/219/adapter_profile/measurements/entry/calls	integer	2080
/219/adapter_profile/measurements/entry/latency_buckets	array	-
/219/adapter_profile/measurements/entry/latency_buckets/0	integer	2080
/219/adapter_profile/measurements/entry/latency_buckets/1	integer	0
/219/adapter_profile/measurements/entry/latency_buckets/2	integer	0
/219/adapter_profile/measurements/entry/latency_buckets/3	integer	0
/219/adapter_profile/measurements/entry/latency_buckets/4	integer	0
/219/adapter_profile/measurements/entry/max_ns	integer	3396
/219/adapter_profile/measurements/entry/total_ns	integer	2046788
/219/adapter_profile/measurements/entry/units	integer	0
/219/adapter_profile/measurements/inner_inode	object	-
/219/adapter_profile/measurements/inner_inode/calls	integer	2080
/219/adapter_profile/measurements/inner_inode/latency_buckets	array	-
/219/adapter_profile/measurements/inner_inode/latency_buckets/0	integer	2080
/219/adapter_profile/measurements/inner_inode/latency_buckets/1	integer	0
/219/adapter_profile/measurements/inner_inode/latency_buckets/2	integer	0
/219/adapter_profile/measurements/inner_inode/latency_buckets/3	integer	0
/219/adapter_profile/measurements/inner_inode/latency_buckets/4	integer	0
/219/adapter_profile/measurements/inner_inode/max_ns	integer	3106
/219/adapter_profile/measurements/inner_inode/total_ns	integer	1505176
/219/adapter_profile/measurements/inner_inode/units	integer	0
/219/adapter_profile/measurements/lookup	object	-
/219/adapter_profile/measurements/lookup/calls	integer	32
/219/adapter_profile/measurements/lookup/latency_buckets	array	-
/219/adapter_profile/measurements/lookup/latency_buckets/0	integer	32
/219/adapter_profile/measurements/lookup/latency_buckets/1	integer	0
/219/adapter_profile/measurements/lookup/latency_buckets/2	integer	0
/219/adapter_profile/measurements/lookup/latency_buckets/3	integer	0
/219/adapter_profile/measurements/lookup/latency_buckets/4	integer	0
/219/adapter_profile/measurements/lookup/max_ns	integer	219960
/219/adapter_profile/measurements/lookup/total_ns	integer	368343
/219/adapter_profile/measurements/lookup/units	integer	0
/219/adapter_profile/measurements/opendir	object	-
/219/adapter_profile/measurements/opendir/calls	integer	32
/219/adapter_profile/measurements/opendir/latency_buckets	array	-
/219/adapter_profile/measurements/opendir/latency_buckets/0	integer	31
/219/adapter_profile/measurements/opendir/latency_buckets/1	integer	1
/219/adapter_profile/measurements/opendir/latency_buckets/2	integer	0
/219/adapter_profile/measurements/opendir/latency_buckets/3	integer	0
/219/adapter_profile/measurements/opendir/latency_buckets/4	integer	0
/219/adapter_profile/measurements/opendir/max_ns	integer	1195331
/219/adapter_profile/measurements/opendir/total_ns	integer	13373327
/219/adapter_profile/measurements/opendir/units	integer	0
/219/adapter_profile/measurements/readdirplus	object	-
/219/adapter_profile/measurements/readdirplus/calls	integer	32
/219/adapter_profile/measurements/readdirplus/latency_buckets	array	-
/219/adapter_profile/measurements/readdirplus/latency_buckets/0	integer	32
/219/adapter_profile/measurements/readdirplus/latency_buckets/1	integer	0
/219/adapter_profile/measurements/readdirplus/latency_buckets/2	integer	0
/219/adapter_profile/measurements/readdirplus/latency_buckets/3	integer	0
/219/adapter_profile/measurements/readdirplus/latency_buckets/4	integer	0
/219/adapter_profile/measurements/readdirplus/max_ns	integer	967005
/219/adapter_profile/measurements/readdirplus/total_ns	integer	17560846
/219/adapter_profile/measurements/readdirplus/units	integer	0
/219/adapter_profile/pid	integer	319
/219/adapter_profile/schema	integer	2
/219/batch	integer	2
/219/case	string	directory_plus
/219/core_profile	object	-
/219/core_profile/component	string	overlay-core
/219/core_profile/final_record	boolean	false
/219/core_profile/inclusive_spans	boolean	true
/219/core_profile/instance	integer	8
/219/core_profile/measurements	object	-
/219/core_profile/measurements/layer_leaf_stats	object	-
/219/core_profile/measurements/layer_leaf_stats/calls	integer	0
/219/core_profile/measurements/layer_leaf_stats/latency_buckets	array	-
/219/core_profile/measurements/layer_leaf_stats/latency_buckets/0	integer	0
/219/core_profile/measurements/layer_leaf_stats/latency_buckets/1	integer	0
/219/core_profile/measurements/layer_leaf_stats/latency_buckets/2	integer	0
/219/core_profile/measurements/layer_leaf_stats/latency_buckets/3	integer	0
/219/core_profile/measurements/layer_leaf_stats/latency_buckets/4	integer	0
/219/core_profile/measurements/layer_leaf_stats/max_ns	integer	0
/219/core_profile/measurements/layer_leaf_stats/total_ns	integer	0
/219/core_profile/measurements/layer_leaf_stats/units	integer	8320
/219/core_profile/measurements/layer_parent_stats	object	-
/219/core_profile/measurements/layer_parent_stats/calls	integer	0
/219/core_profile/measurements/layer_parent_stats/latency_buckets	array	-
/219/core_profile/measurements/layer_parent_stats/latency_buckets/0	integer	0
/219/core_profile/measurements/layer_parent_stats/latency_buckets/1	integer	0
/219/core_profile/measurements/layer_parent_stats/latency_buckets/2	integer	0
/219/core_profile/measurements/layer_parent_stats/latency_buckets/3	integer	0
/219/core_profile/measurements/layer_parent_stats/latency_buckets/4	integer	0
/219/core_profile/measurements/layer_parent_stats/max_ns	integer	0
/219/core_profile/measurements/layer_parent_stats/total_ns	integer	0
/219/core_profile/measurements/layer_parent_stats/units	integer	8192
/219/core_profile/measurements/list_entries	object	-
/219/core_profile/measurements/list_entries/calls	integer	32
/219/core_profile/measurements/list_entries/latency_buckets	array	-
/219/core_profile/measurements/list_entries/latency_buckets/0	integer	31
/219/core_profile/measurements/list_entries/latency_buckets/1	integer	1
/219/core_profile/measurements/list_entries/latency_buckets/2	integer	0
/219/core_profile/measurements/list_entries/latency_buckets/3	integer	0
/219/core_profile/measurements/list_entries/latency_buckets/4	integer	0
/219/core_profile/measurements/list_entries/max_ns	integer	1180514
/219/core_profile/measurements/list_entries/total_ns	integer	12749341
/219/core_profile/measurements/list_entries/units	integer	0
/219/core_profile/measurements/metadata	object	-
/219/core_profile/measurements/metadata/calls	integer	2112
/219/core_profile/measurements/metadata/latency_buckets	array	-
/219/core_profile/measurements/metadata/latency_buckets/0	integer	2112
/219/core_profile/measurements/metadata/latency_buckets/1	integer	0
/219/core_profile/measurements/metadata/latency_buckets/2	integer	0
/219/core_profile/measurements/metadata/latency_buckets/3	integer	0
/219/core_profile/measurements/metadata/latency_buckets/4	integer	0
/219/core_profile/measurements/metadata/max_ns	integer	454990
/219/core_profile/measurements/metadata/total_ns	integer	15369301
/219/core_profile/measurements/metadata/units	integer	0
/219/core_profile/measurements/mount_identity_attempts	object	-
/219/core_profile/measurements/mount_identity_attempts/calls	integer	0
/219/core_profile/measurements/mount_identity_attempts/latency_buckets	array	-
/219/core_profile/measurements/mount_identity_attempts/latency_buckets/0	integer	0
/219/core_profile/measurements/mount_identity_attempts/latency_buckets/1	integer	0
/219/core_profile/measurements/mount_identity_attempts/latency_buckets/2	integer	0
/219/core_profile/measurements/mount_identity_attempts/latency_buckets/3	integer	0
/219/core_profile/measurements/mount_identity_attempts/latency_buckets/4	integer	0
/219/core_profile/measurements/mount_identity_attempts/max_ns	integer	0
/219/core_profile/measurements/mount_identity_attempts/total_ns	integer	0
/219/core_profile/measurements/mount_identity_attempts/units	integer	2048
/219/core_profile/measurements/opaque_probe	object	-
/219/core_profile/measurements/opaque_probe/calls	integer	6240
/219/core_profile/measurements/opaque_probe/latency_buckets	array	-
/219/core_profile/measurements/opaque_probe/latency_buckets/0	integer	6240
/219/core_profile/measurements/opaque_probe/latency_buckets/1	integer	0
/219/core_profile/measurements/opaque_probe/latency_buckets/2	integer	0
/219/core_profile/measurements/opaque_probe/latency_buckets/3	integer	0
/219/core_profile/measurements/opaque_probe/latency_buckets/4	integer	0
/219/core_profile/measurements/opaque_probe/max_ns	integer	549225
/219/core_profile/measurements/opaque_probe/total_ns	integer	7011920
/219/core_profile/measurements/opaque_probe/units	integer	0
/219/core_profile/measurements/resolve	object	-
/219/core_profile/measurements/resolve/calls	integer	2112
/219/core_profile/measurements/resolve/latency_buckets	array	-
/219/core_profile/measurements/resolve/latency_buckets/0	integer	2112
/219/core_profile/measurements/resolve/latency_buckets/1	integer	0
/219/core_profile/measurements/resolve/latency_buckets/2	integer	0
/219/core_profile/measurements/resolve/latency_buckets/3	integer	0
/219/core_profile/measurements/resolve/latency_buckets/4	integer	0
/219/core_profile/measurements/resolve/max_ns	integer	454920
/219/core_profile/measurements/resolve/total_ns	integer	15204099
/219/core_profile/measurements/resolve/units	integer	0
/219/core_profile/measurements/resolve_components	object	-
/219/core_profile/measurements/resolve_components/calls	integer	0
/219/core_profile/measurements/resolve_components/latency_buckets	array	-
/219/core_profile/measurements/resolve_components/latency_buckets/0	integer	0
/219/core_profile/measurements/resolve_components/latency_buckets/1	integer	0
/219/core_profile/measurements/resolve_components/latency_buckets/2	integer	0
/219/core_profile/measurements/resolve_components/latency_buckets/3	integer	0
/219/core_profile/measurements/resolve_components/latency_buckets/4	integer	0
/219/core_profile/measurements/resolve_components/max_ns	integer	0
/219/core_profile/measurements/resolve_components/total_ns	integer	0
/219/core_profile/measurements/resolve_components/units	integer	4160
/219/core_profile/measurements/whiteout_probe	object	-
/219/core_profile/measurements/whiteout_probe/calls	integer	8256
/219/core_profile/measurements/whiteout_probe/latency_buckets	array	-
/219/core_profile/measurements/whiteout_probe/latency_buckets/0	integer	8256
/219/core_profile/measurements/whiteout_probe/latency_buckets/1	integer	0
/219/core_profile/measurements/whiteout_probe/latency_buckets/2	integer	0
/219/core_profile/measurements/whiteout_probe/latency_buckets/3	integer	0
/219/core_profile/measurements/whiteout_probe/latency_buckets/4	integer	0
/219/core_profile/measurements/whiteout_probe/max_ns	integer	251189
/219/core_profile/measurements/whiteout_probe/total_ns	integer	5570821
/219/core_profile/measurements/whiteout_probe/units	integer	0
/219/core_profile/pid	integer	319
/219/core_profile/schema	integer	2
/219/elapsed_ms	float	31.330534
/219/profiled	boolean	true
/219/scope	string	adapter-only, host cache warm, fresh inode tables; no guest kernel/VM
/219/trial	integer	10
/219/variant	string	baseline
/219/warmup	boolean	false
/220	object	-
/220/adapter_profile	null	null
/220/batch	integer	2
/220/case	string	lookup_getattr
/220/core_profile	null	null
/220/elapsed_ms	float	26.359192
/220/profiled	boolean	false
/220/scope	string	adapter-only, host cache warm, fresh inode tables; no guest kernel/VM
/220/trial	integer	0
/220/variant	string	candidate
/220/warmup	boolean	true
/221	object	-
/221/adapter_profile	null	null
/221/batch	integer	2
/221/case	string	lookup_getattr
/221/core_profile	null	null
/221/elapsed_ms	float	26.600572999999997
/221/profiled	boolean	false
/221/scope	string	adapter-only, host cache warm, fresh inode tables; no guest kernel/VM
/221/trial	integer	1
/221/variant	string	candidate
/221/warmup	boolean	true
/222	object	-
/222/adapter_profile	null	null
/222/batch	integer	2
/222/case	string	lookup_getattr
/222/core_profile	null	null
/222/elapsed_ms	float	26.555678999999998
/222/profiled	boolean	false
/222/scope	string	adapter-only, host cache warm, fresh inode tables; no guest kernel/VM
/222/trial	integer	2
/222/variant	string	candidate
/222/warmup	boolean	false
/223	object	-
/223/adapter_profile	null	null
/223/batch	integer	2
/223/case	string	lookup_getattr
/223/core_profile	null	null
/223/elapsed_ms	float	26.850299
/223/profiled	boolean	false
/223/scope	string	adapter-only, host cache warm, fresh inode tables; no guest kernel/VM
/223/trial	integer	3
/223/variant	string	candidate
/223/warmup	boolean	false
/224	object	-
/224/adapter_profile	null	null
/224/batch	integer	2
/224/case	string	lookup_getattr
/224/core_profile	null	null
/224/elapsed_ms	float	26.458227
/224/profiled	boolean	false
/224/scope	string	adapter-only, host cache warm, fresh inode tables; no guest kernel/VM
/224/trial	integer	4
/224/variant	string	candidate
/224/warmup	boolean	false
/225	object	-
/225/adapter_profile	null	null
/225/batch	integer	2
/225/case	string	lookup_getattr
/225/core_profile	null	null
/225/elapsed_ms	float	27.342027
/225/profiled	boolean	false
/225/scope	string	adapter-only, host cache warm, fresh inode tables; no guest kernel/VM
/225/trial	integer	5
/225/variant	string	candidate
/225/warmup	boolean	false
/226	object	-
/226/adapter_profile	null	null
/226/batch	integer	2
/226/case	string	lookup_getattr
/226/core_profile	null	null
/226/elapsed_ms	float	27.223145000000002
/226/profiled	boolean	false
/226/scope	string	adapter-only, host cache warm, fresh inode tables; no guest kernel/VM
/226/trial	integer	6
/226/variant	string	candidate
/226/warmup	boolean	false
/227	object	-
/227/adapter_profile	null	null
/227/batch	integer	2
/227/case	string	lookup_getattr
/227/core_profile	null	null
/227/elapsed_ms	float	26.525813
/227/profiled	boolean	false
/227/scope	string	adapter-only, host cache warm, fresh inode tables; no guest kernel/VM
/227/trial	integer	7
/227/variant	string	candidate
/227/warmup	boolean	false
/228	object	-
/228/adapter_profile	null	null
/228/batch	integer	2
/228/case	string	lookup_getattr
/228/core_profile	null	null
/228/elapsed_ms	float	27.002884
/228/profiled	boolean	false
/228/scope	string	adapter-only, host cache warm, fresh inode tables; no guest kernel/VM
/228/trial	integer	8
/228/variant	string	candidate
/228/warmup	boolean	false
/229	object	-
/229/adapter_profile	null	null
/229/batch	integer	2
/229/case	string	lookup_getattr
/229/core_profile	null	null
/229/elapsed_ms	float	25.744835000000002
/229/profiled	boolean	false
/229/scope	string	adapter-only, host cache warm, fresh inode tables; no guest kernel/VM
/229/trial	integer	9
/229/variant	string	candidate
/229/warmup	boolean	false
/230	object	-
/230/adapter_profile	object	-
/230/adapter_profile/component	string	virtio-fs-overlay
/230/adapter_profile/final_record	boolean	false
/230/adapter_profile/inclusive_spans	boolean	true
/230/adapter_profile/instance	integer	1
/230/adapter_profile/measurements	object	-
/230/adapter_profile/measurements/backing_lookup	object	-
/230/adapter_profile/measurements/backing_lookup/calls	integer	4160
/230/adapter_profile/measurements/backing_lookup/latency_buckets	array	-
/230/adapter_profile/measurements/backing_lookup/latency_buckets/0	integer	4160
/230/adapter_profile/measurements/backing_lookup/latency_buckets/1	integer	0
/230/adapter_profile/measurements/backing_lookup/latency_buckets/2	integer	0
/230/adapter_profile/measurements/backing_lookup/latency_buckets/3	integer	0
/230/adapter_profile/measurements/backing_lookup/latency_buckets/4	integer	0
/230/adapter_profile/measurements/backing_lookup/max_ns	integer	141173
/230/adapter_profile/measurements/backing_lookup/total_ns	integer	2066443
/230/adapter_profile/measurements/backing_lookup/units	integer	0
/230/adapter_profile/measurements/directory_cache_deep_hits	object	-
/230/adapter_profile/measurements/directory_cache_deep_hits/calls	integer	0
/230/adapter_profile/measurements/directory_cache_deep_hits/latency_buckets	array	-
/230/adapter_profile/measurements/directory_cache_deep_hits/latency_buckets/0	integer	0
/230/adapter_profile/measurements/directory_cache_deep_hits/latency_buckets/1	integer	0
/230/adapter_profile/measurements/directory_cache_deep_hits/latency_buckets/2	integer	0
/230/adapter_profile/measurements/directory_cache_deep_hits/latency_buckets/3	integer	0
/230/adapter_profile/measurements/directory_cache_deep_hits/latency_buckets/4	integer	0
/230/adapter_profile/measurements/directory_cache_deep_hits/max_ns	integer	0
/230/adapter_profile/measurements/directory_cache_deep_hits/total_ns	integer	0
/230/adapter_profile/measurements/directory_cache_deep_hits/units	integer	4064
/230/adapter_profile/measurements/directory_cache_misses	object	-
/230/adapter_profile/measurements/directory_cache_misses/calls	integer	0
/230/adapter_profile/measurements/directory_cache_misses/latency_buckets	array	-
/230/adapter_profile/measurements/directory_cache_misses/latency_buckets/0	integer	0
/230/adapter_profile/measurements/directory_cache_misses/latency_buckets/1	integer	0
/230/adapter_profile/measurements/directory_cache_misses/latency_buckets/2	integer	0
/230/adapter_profile/measurements/directory_cache_misses/latency_buckets/3	integer	0
/230/adapter_profile/measurements/directory_cache_misses/latency_buckets/4	integer	0
/230/adapter_profile/measurements/directory_cache_misses/max_ns	integer	0
/230/adapter_profile/measurements/directory_cache_misses/total_ns	integer	0
/230/adapter_profile/measurements/directory_cache_misses/units	integer	32
/230/adapter_profile/measurements/entry	object	-
/230/adapter_profile/measurements/entry/calls	integer	4128
/230/adapter_profile/measurements/entry/latency_buckets	array	-
/230/adapter_profile/measurements/entry/latency_buckets/0	integer	4128
/230/adapter_profile/measurements/entry/latency_buckets/1	integer	0
/230/adapter_profile/measurements/entry/latency_buckets/2	integer	0
/230/adapter_profile/measurements/entry/latency_buckets/3	integer	0
/230/adapter_profile/measurements/entry/latency_buckets/4	integer	0
/230/adapter_profile/measurements/entry/max_ns	integer	141745
/230/adapter_profile/measurements/entry/total_ns	integer	4174161
/230/adapter_profile/measurements/entry/units	integer	0
/230/adapter_profile/measurements/getattr	object	-
/230/adapter_profile/measurements/getattr/calls	integer	2048
/230/adapter_profile/measurements/getattr/latency_buckets	array	-
/230/adapter_profile/measurements/getattr/latency_buckets/0	integer	2048
/230/adapter_profile/measurements/getattr/latency_buckets/1	integer	0
/230/adapter_profile/measurements/getattr/latency_buckets/2	integer	0
/230/adapter_profile/measurements/getattr/latency_buckets/3	integer	0
/230/adapter_profile/measurements/getattr/latency_buckets/4	integer	0
/230/adapter_profile/measurements/getattr/max_ns	integer	317202
/230/adapter_profile/measurements/getattr/total_ns	integer	14021302
/230/adapter_profile/measurements/getattr/units	integer	0
/230/adapter_profile/measurements/inner_inode	object	-
/230/adapter_profile/measurements/inner_inode/calls	integer	4128
/230/adapter_profile/measurements/inner_inode/latency_buckets	array	-
/230/adapter_profile/measurements/inner_inode/latency_buckets/0	integer	4128
/230/adapter_profile/measurements/inner_inode/latency_buckets/1	integer	0
/230/adapter_profile/measurements/inner_inode/latency_buckets/2	integer	0
/230/adapter_profile/measurements/inner_inode/latency_buckets/3	integer	0
/230/adapter_profile/measurements/inner_inode/latency_buckets/4	integer	0
/230/adapter_profile/measurements/inner_inode/max_ns	integer	141444
/230/adapter_profile/measurements/inner_inode/total_ns	integer	3122175
/230/adapter_profile/measurements/inner_inode/units	integer	0
/230/adapter_profile/measurements/lookup	object	-
/230/adapter_profile/measurements/lookup/calls	integer	2080
/230/adapter_profile/measurements/lookup/latency_buckets	array	-
/230/adapter_profile/measurements/lookup/latency_buckets/0	integer	2080
/230/adapter_profile/measurements/lookup/latency_buckets/1	integer	0
/230/adapter_profile/measurements/lookup/latency_buckets/2	integer	0
/230/adapter_profile/measurements/lookup/latency_buckets/3	integer	0
/230/adapter_profile/measurements/lookup/latency_buckets/4	integer	0
/230/adapter_profile/measurements/lookup/max_ns	integer	325047
/230/adapter_profile/measurements/lookup/total_ns	integer	14785525
/230/adapter_profile/measurements/lookup/units	integer	0
/230/adapter_profile/pid	integer	372
/230/adapter_profile/schema	integer	2
/230/batch	integer	2
/230/case	string	lookup_getattr
/230/core_profile	object	-
/230/core_profile/component	string	overlay-core
/230/core_profile/final_record	boolean	false
/230/core_profile/inclusive_spans	boolean	true
/230/core_profile/instance	integer	2
/230/core_profile/measurements	object	-
/230/core_profile/measurements/layer_leaf_stats	object	-
/230/core_profile/measurements/layer_leaf_stats/calls	integer	0
/230/core_profile/measurements/layer_leaf_stats/latency_buckets	array	-
/230/core_profile/measurements/layer_leaf_stats/latency_buckets/0	integer	0
/230/core_profile/measurements/layer_leaf_stats/latency_buckets/1	integer	0
/230/core_profile/measurements/layer_leaf_stats/latency_buckets/2	integer	0
/230/core_profile/measurements/layer_leaf_stats/latency_buckets/3	integer	0
/230/core_profile/measurements/layer_leaf_stats/latency_buckets/4	integer	0
/230/core_profile/measurements/layer_leaf_stats/max_ns	integer	0
/230/core_profile/measurements/layer_leaf_stats/total_ns	integer	0
/230/core_profile/measurements/layer_leaf_stats/units	integer	12352
/230/core_profile/measurements/layer_parent_stats	object	-
/230/core_profile/measurements/layer_parent_stats/calls	integer	0
/230/core_profile/measurements/layer_parent_stats/latency_buckets	array	-
/230/core_profile/measurements/layer_parent_stats/latency_buckets/0	integer	0
/230/core_profile/measurements/layer_parent_stats/latency_buckets/1	integer	0
/230/core_profile/measurements/layer_parent_stats/latency_buckets/2	integer	0
/230/core_profile/measurements/layer_parent_stats/latency_buckets/3	integer	0
/230/core_profile/measurements/layer_parent_stats/latency_buckets/4	integer	0
/230/core_profile/measurements/layer_parent_stats/max_ns	integer	0
/230/core_profile/measurements/layer_parent_stats/total_ns	integer	0
/230/core_profile/measurements/layer_parent_stats/units	integer	8192
/230/core_profile/measurements/metadata	object	-
/230/core_profile/measurements/metadata/calls	integer	4128
/230/core_profile/measurements/metadata/latency_buckets	array	-
/230/core_profile/measurements/metadata/latency_buckets/0	integer	4128
/230/core_profile/measurements/metadata/latency_buckets/1	integer	0
/230/core_profile/measurements/metadata/latency_buckets/2	integer	0
/230/core_profile/measurements/metadata/latency_buckets/3	integer	0
/230/core_profile/measurements/metadata/latency_buckets/4	integer	0
/230/core_profile/measurements/metadata/max_ns	integer	323454
/230/core_profile/measurements/metadata/total_ns	integer	23077867
/230/core_profile/measurements/metadata/units	integer	0
/230/core_profile/measurements/mount_identity_attempts	object	-
/230/core_profile/measurements/mount_identity_attempts/calls	integer	0
/230/core_profile/measurements/mount_identity_attempts/latency_buckets	array	-
/230/core_profile/measurements/mount_identity_attempts/latency_buckets/0	integer	0
/230/core_profile/measurements/mount_identity_attempts/latency_buckets/1	integer	0
/230/core_profile/measurements/mount_identity_attempts/latency_buckets/2	integer	0
/230/core_profile/measurements/mount_identity_attempts/latency_buckets/3	integer	0
/230/core_profile/measurements/mount_identity_attempts/latency_buckets/4	integer	0
/230/core_profile/measurements/mount_identity_attempts/max_ns	integer	0
/230/core_profile/measurements/mount_identity_attempts/total_ns	integer	0
/230/core_profile/measurements/mount_identity_attempts/units	integer	4096
/230/core_profile/measurements/opaque_probe	object	-
/230/core_profile/measurements/opaque_probe/calls	integer	4128
/230/core_profile/measurements/opaque_probe/latency_buckets	array	-
/230/core_profile/measurements/opaque_probe/latency_buckets/0	integer	4128
/230/core_profile/measurements/opaque_probe/latency_buckets/1	integer	0
/230/core_profile/measurements/opaque_probe/latency_buckets/2	integer	0
/230/core_profile/measurements/opaque_probe/latency_buckets/3	integer	0
/230/core_profile/measurements/opaque_probe/latency_buckets/4	integer	0
/230/core_profile/measurements/opaque_probe/max_ns	integer	318745
/230/core_profile/measurements/opaque_probe/total_ns	integer	3981401
/230/core_profile/measurements/opaque_probe/units	integer	0
/230/core_profile/measurements/resolve	object	-
/230/core_profile/measurements/resolve/calls	integer	4128
/230/core_profile/measurements/resolve/latency_buckets	array	-
/230/core_profile/measurements/resolve/latency_buckets/0	integer	4128
/230/core_profile/measurements/resolve/latency_buckets/1	integer	0
/230/core_profile/measurements/resolve/latency_buckets/2	integer	0
/230/core_profile/measurements/resolve/latency_buckets/3	integer	0
/230/core_profile/measurements/resolve/latency_buckets/4	integer	0
/230/core_profile/measurements/resolve/max_ns	integer	323364
/230/core_profile/measurements/resolve/total_ns	integer	22773832
/230/core_profile/measurements/resolve/units	integer	0
/230/core_profile/measurements/resolve_components	object	-
/230/core_profile/measurements/resolve_components/calls	integer	0
/230/core_profile/measurements/resolve_components/latency_buckets	array	-
/230/core_profile/measurements/resolve_components/latency_buckets/0	integer	0
/230/core_profile/measurements/resolve_components/latency_buckets/1	integer	0
/230/core_profile/measurements/resolve_components/latency_buckets/2	integer	0
/230/core_profile/measurements/resolve_components/latency_buckets/3	integer	0
/230/core_profile/measurements/resolve_components/latency_buckets/4	integer	0
/230/core_profile/measurements/resolve_components/max_ns	integer	0
/230/core_profile/measurements/resolve_components/total_ns	integer	0
/230/core_profile/measurements/resolve_components/units	integer	8224
/230/core_profile/measurements/unavailable_upper_marker_skips	object	-
/230/core_profile/measurements/unavailable_upper_marker_skips/calls	integer	0
/230/core_profile/measurements/unavailable_upper_marker_skips/latency_buckets	array	-
/230/core_profile/measurements/unavailable_upper_marker_skips/latency_buckets/0	integer	0
/230/core_profile/measurements/unavailable_upper_marker_skips/latency_buckets/1	integer	0
/230/core_profile/measurements/unavailable_upper_marker_skips/latency_buckets/2	integer	0
/230/core_profile/measurements/unavailable_upper_marker_skips/latency_buckets/3	integer	0
/230/core_profile/measurements/unavailable_upper_marker_skips/latency_buckets/4	integer	0
/230/core_profile/measurements/unavailable_upper_marker_skips/max_ns	integer	0
/230/core_profile/measurements/unavailable_upper_marker_skips/total_ns	integer	0
/230/core_profile/measurements/unavailable_upper_marker_skips/units	integer	4096
/230/core_profile/measurements/whiteout_probe	object	-
/230/core_profile/measurements/whiteout_probe/calls	integer	4128
/230/core_profile/measurements/whiteout_probe/latency_buckets	array	-
/230/core_profile/measurements/whiteout_probe/latency_buckets/0	integer	4128
/230/core_profile/measurements/whiteout_probe/latency_buckets/1	integer	0
/230/core_profile/measurements/whiteout_probe/latency_buckets/2	integer	0
/230/core_profile/measurements/whiteout_probe/latency_buckets/3	integer	0
/230/core_profile/measurements/whiteout_probe/latency_buckets/4	integer	0
/230/core_profile/measurements/whiteout_probe/max_ns	integer	8857
/230/core_profile/measurements/whiteout_probe/total_ns	integer	2587583
/230/core_profile/measurements/whiteout_probe/units	integer	0
/230/core_profile/pid	integer	372
/230/core_profile/schema	integer	2
/230/elapsed_ms	float	29.159399999999998
/230/profiled	boolean	true
/230/scope	string	adapter-only, host cache warm, fresh inode tables; no guest kernel/VM
/230/trial	integer	10
/230/variant	string	candidate
/230/warmup	boolean	false
/231	object	-
/231/adapter_profile	null	null
/231/batch	integer	2
/231/case	string	lookup_open_getattr
/231/core_profile	null	null
/231/elapsed_ms	float	28.367993000000002
/231/profiled	boolean	false
/231/scope	string	adapter-only, host cache warm, fresh inode tables; no guest kernel/VM
/231/trial	integer	0
/231/variant	string	candidate
/231/warmup	boolean	true
/232	object	-
/232/adapter_profile	null	null
/232/batch	integer	2
/232/case	string	lookup_open_getattr
/232/core_profile	null	null
/232/elapsed_ms	float	27.419602
/232/profiled	boolean	false
/232/scope	string	adapter-only, host cache warm, fresh inode tables; no guest kernel/VM
/232/trial	integer	1
/232/variant	string	candidate
/232/warmup	boolean	true
/233	object	-
/233/adapter_profile	null	null
/233/batch	integer	2
/233/case	string	lookup_open_getattr
/233/core_profile	null	null
/233/elapsed_ms	float	28.175583
/233/profiled	boolean	false
/233/scope	string	adapter-only, host cache warm, fresh inode tables; no guest kernel/VM
/233/trial	integer	2
/233/variant	string	candidate
/233/warmup	boolean	false
/234	object	-
/234/adapter_profile	null	null
/234/batch	integer	2
/234/case	string	lookup_open_getattr
/234/core_profile	null	null
/234/elapsed_ms	float	27.992181000000002
/234/profiled	boolean	false
/234/scope	string	adapter-only, host cache warm, fresh inode tables; no guest kernel/VM
/234/trial	integer	3
/234/variant	string	candidate
/234/warmup	boolean	false
/235	object	-
/235/adapter_profile	null	null
/235/batch	integer	2
/235/case	string	lookup_open_getattr
/235/core_profile	null	null
/235/elapsed_ms	float	28.237599
/235/profiled	boolean	false
/235/scope	string	adapter-only, host cache warm, fresh inode tables; no guest kernel/VM
/235/trial	integer	4
/235/variant	string	candidate
/235/warmup	boolean	false
/236	object	-
/236/adapter_profile	null	null
/236/batch	integer	2
/236/case	string	lookup_open_getattr
/236/core_profile	null	null
/236/elapsed_ms	float	28.037245
/236/profiled	boolean	false
/236/scope	string	adapter-only, host cache warm, fresh inode tables; no guest kernel/VM
/236/trial	integer	5
/236/variant	string	candidate
/236/warmup	boolean	false
/237	object	-
/237/adapter_profile	null	null
/237/batch	integer	2
/237/case	string	lookup_open_getattr
/237/core_profile	null	null
/237/elapsed_ms	float	28.677309
/237/profiled	boolean	false
/237/scope	string	adapter-only, host cache warm, fresh inode tables; no guest kernel/VM
/237/trial	integer	6
/237/variant	string	candidate
/237/warmup	boolean	false
/238	object	-
/238/adapter_profile	null	null
/238/batch	integer	2
/238/case	string	lookup_open_getattr
/238/core_profile	null	null
/238/elapsed_ms	float	27.822223
/238/profiled	boolean	false
/238/scope	string	adapter-only, host cache warm, fresh inode tables; no guest kernel/VM
/238/trial	integer	7
/238/variant	string	candidate
/238/warmup	boolean	false
/239	object	-
/239/adapter_profile	null	null
/239/batch	integer	2
/239/case	string	lookup_open_getattr
/239/core_profile	null	null
/239/elapsed_ms	float	27.76131
/239/profiled	boolean	false
/239/scope	string	adapter-only, host cache warm, fresh inode tables; no guest kernel/VM
/239/trial	integer	8
/239/variant	string	candidate
/239/warmup	boolean	false
/240	object	-
/240/adapter_profile	null	null
/240/batch	integer	2
/240/case	string	lookup_open_getattr
/240/core_profile	null	null
/240/elapsed_ms	float	28.083161
/240/profiled	boolean	false
/240/scope	string	adapter-only, host cache warm, fresh inode tables; no guest kernel/VM
/240/trial	integer	9
/240/variant	string	candidate
/240/warmup	boolean	false
/241	object	-
/241/adapter_profile	object	-
/241/adapter_profile/component	string	virtio-fs-overlay
/241/adapter_profile/final_record	boolean	false
/241/adapter_profile/inclusive_spans	boolean	true
/241/adapter_profile/instance	integer	3
/241/adapter_profile/measurements	object	-
/241/adapter_profile/measurements/backing_lookup	object	-
/241/adapter_profile/measurements/backing_lookup/calls	integer	4160
/241/adapter_profile/measurements/backing_lookup/latency_buckets	array	-
/241/adapter_profile/measurements/backing_lookup/latency_buckets/0	integer	4160
/241/adapter_profile/measurements/backing_lookup/latency_buckets/1	integer	0
/241/adapter_profile/measurements/backing_lookup/latency_buckets/2	integer	0
/241/adapter_profile/measurements/backing_lookup/latency_buckets/3	integer	0
/241/adapter_profile/measurements/backing_lookup/latency_buckets/4	integer	0
/241/adapter_profile/measurements/backing_lookup/max_ns	integer	13725
/241/adapter_profile/measurements/backing_lookup/total_ns	integer	1951044
/241/adapter_profile/measurements/backing_lookup/units	integer	0
/241/adapter_profile/measurements/directory_cache_deep_hits	object	-
/241/adapter_profile/measurements/directory_cache_deep_hits/calls	integer	0
/241/adapter_profile/measurements/directory_cache_deep_hits/latency_buckets	array	-
/241/adapter_profile/measurements/directory_cache_deep_hits/latency_buckets/0	integer	0
/241/adapter_profile/measurements/directory_cache_deep_hits/latency_buckets/1	integer	0
/241/adapter_profile/measurements/directory_cache_deep_hits/latency_buckets/2	integer	0
/241/adapter_profile/measurements/directory_cache_deep_hits/latency_buckets/3	integer	0
/241/adapter_profile/measurements/directory_cache_deep_hits/latency_buckets/4	integer	0
/241/adapter_profile/measurements/directory_cache_deep_hits/max_ns	integer	0
/241/adapter_profile/measurements/directory_cache_deep_hits/total_ns	integer	0
/241/adapter_profile/measurements/directory_cache_deep_hits/units	integer	4064
/241/adapter_profile/measurements/directory_cache_misses	object	-
/241/adapter_profile/measurements/directory_cache_misses/calls	integer	0
/241/adapter_profile/measurements/directory_cache_misses/latency_buckets	array	-
/241/adapter_profile/measurements/directory_cache_misses/latency_buckets/0	integer	0
/241/adapter_profile/measurements/directory_cache_misses/latency_buckets/1	integer	0
/241/adapter_profile/measurements/directory_cache_misses/latency_buckets/2	integer	0
/241/adapter_profile/measurements/directory_cache_misses/latency_buckets/3	integer	0
/241/adapter_profile/measurements/directory_cache_misses/latency_buckets/4	integer	0
/241/adapter_profile/measurements/directory_cache_misses/max_ns	integer	0
/241/adapter_profile/measurements/directory_cache_misses/total_ns	integer	0
/241/adapter_profile/measurements/directory_cache_misses/units	integer	32
/241/adapter_profile/measurements/entry	object	-
/241/adapter_profile/measurements/entry/calls	integer	2080
/241/adapter_profile/measurements/entry/latency_buckets	array	-
/241/adapter_profile/measurements/entry/latency_buckets/0	integer	2080
/241/adapter_profile/measurements/entry/latency_buckets/1	integer	0
/241/adapter_profile/measurements/entry/latency_buckets/2	integer	0
/241/adapter_profile/measurements/entry/latency_buckets/3	integer	0
/241/adapter_profile/measurements/entry/latency_buckets/4	integer	0
/241/adapter_profile/measurements/entry/max_ns	integer	136415
/241/adapter_profile/measurements/entry/total_ns	integer	2251265
/241/adapter_profile/measurements/entry/units	integer	0
/241/adapter_profile/measurements/getattr	object	-
/241/adapter_profile/measurements/getattr/calls	integer	2048
/241/adapter_profile/measurements/getattr/latency_buckets	array	-
/241/adapter_profile/measurements/getattr/latency_buckets/0	integer	2048
/241/adapter_profile/measurements/getattr/latency_buckets/1	integer	0
/241/adapter_profile/measurements/getattr/latency_buckets/2	integer	0
/241/adapter_profile/measurements/getattr/latency_buckets/3	integer	0
/241/adapter_profile/measurements/getattr/latency_buckets/4	integer	0
/241/adapter_profile/measurements/getattr/max_ns	integer	1823
/241/adapter_profile/measurements/getattr/total_ns	integer	457905
/241/adapter_profile/measurements/getattr/units	integer	0
/241/adapter_profile/measurements/inner_inode	object	-
/241/adapter_profile/measurements/inner_inode/calls	integer	4128
/241/adapter_profile/measurements/inner_inode/latency_buckets	array	-
/241/adapter_profile/measurements/inner_inode/latency_buckets/0	integer	4128
/241/adapter_profile/measurements/inner_inode/latency_buckets/1	integer	0
/241/adapter_profile/measurements/inner_inode/latency_buckets/2	integer	0
/241/adapter_profile/measurements/inner_inode/latency_buckets/3	integer	0
/241/adapter_profile/measurements/inner_inode/latency_buckets/4	integer	0
/241/adapter_profile/measurements/inner_inode/max_ns	integer	13996
/241/adapter_profile/measurements/inner_inode/total_ns	integer	3014818
/241/adapter_profile/measurements/inner_inode/units	integer	0
/241/adapter_profile/measurements/lookup	object	-
/241/adapter_profile/measurements/lookup/calls	integer	2080
/241/adapter_profile/measurements/lookup/latency_buckets	array	-
/241/adapter_profile/measurements/lookup/latency_buckets/0	integer	2080
/241/adapter_profile/measurements/lookup/latency_buckets/1	integer	0
/241/adapter_profile/measurements/lookup/latency_buckets/2	integer	0
/241/adapter_profile/measurements/lookup/latency_buckets/3	integer	0
/241/adapter_profile/measurements/lookup/latency_buckets/4	integer	0
/241/adapter_profile/measurements/lookup/max_ns	integer	141575
/241/adapter_profile/measurements/lookup/total_ns	integer	14370106
/241/adapter_profile/measurements/lookup/units	integer	0
/241/adapter_profile/measurements/open	object	-
/241/adapter_profile/measurements/open/calls	integer	2048
/241/adapter_profile/measurements/open/latency_buckets	array	-
/241/adapter_profile/measurements/open/latency_buckets/0	integer	2048
/241/adapter_profile/measurements/open/latency_buckets/1	integer	0
/241/adapter_profile/measurements/open/latency_buckets/2	integer	0
/241/adapter_profile/measurements/open/latency_buckets/3	integer	0
/241/adapter_profile/measurements/open/latency_buckets/4	integer	0
/241/adapter_profile/measurements/open/max_ns	integer	274863
/241/adapter_profile/measurements/open/total_ns	integer	14373841
/241/adapter_profile/measurements/open/units	integer	0
/241/adapter_profile/pid	integer	372
/241/adapter_profile/schema	integer	2
/241/batch	integer	2
/241/case	string	lookup_open_getattr
/241/core_profile	object	-
/241/core_profile/component	string	overlay-core
/241/core_profile/final_record	boolean	false
/241/core_profile/inclusive_spans	boolean	true
/241/core_profile/instance	integer	4
/241/core_profile/measurements	object	-
/241/core_profile/measurements/layer_leaf_stats	object	-
/241/core_profile/measurements/layer_leaf_stats/calls	integer	0
/241/core_profile/measurements/layer_leaf_stats/latency_buckets	array	-
/241/core_profile/measurements/layer_leaf_stats/latency_buckets/0	integer	0
/241/core_profile/measurements/layer_leaf_stats/latency_buckets/1	integer	0
/241/core_profile/measurements/layer_leaf_stats/latency_buckets/2	integer	0
/241/core_profile/measurements/layer_leaf_stats/latency_buckets/3	integer	0
/241/core_profile/measurements/layer_leaf_stats/latency_buckets/4	integer	0
/241/core_profile/measurements/layer_leaf_stats/max_ns	integer	0
/241/core_profile/measurements/layer_leaf_stats/total_ns	integer	0
/241/core_profile/measurements/layer_leaf_stats/units	integer	12352
/241/core_profile/measurements/layer_parent_stats	object	-
/241/core_profile/measurements/layer_parent_stats/calls	integer	0
/241/core_profile/measurements/layer_parent_stats/latency_buckets	array	-
/241/core_profile/measurements/layer_parent_stats/latency_buckets/0	integer	0
/241/core_profile/measurements/layer_parent_stats/latency_buckets/1	integer	0
/241/core_profile/measurements/layer_parent_stats/latency_buckets/2	integer	0
/241/core_profile/measurements/layer_parent_stats/latency_buckets/3	integer	0
/241/core_profile/measurements/layer_parent_stats/latency_buckets/4	integer	0
/241/core_profile/measurements/layer_parent_stats/max_ns	integer	0
/241/core_profile/measurements/layer_parent_stats/total_ns	integer	0
/241/core_profile/measurements/layer_parent_stats/units	integer	8192
/241/core_profile/measurements/metadata	object	-
/241/core_profile/measurements/metadata/calls	integer	4128
/241/core_profile/measurements/metadata/latency_buckets	array	-
/241/core_profile/measurements/metadata/latency_buckets/0	integer	4128
/241/core_profile/measurements/metadata/latency_buckets/1	integer	0
/241/core_profile/measurements/metadata/latency_buckets/2	integer	0
/241/core_profile/measurements/metadata/latency_buckets/3	integer	0
/241/core_profile/measurements/metadata/latency_buckets/4	integer	0
/241/core_profile/measurements/metadata/max_ns	integer	273040
/241/core_profile/measurements/metadata/total_ns	integer	22034003
/241/core_profile/measurements/metadata/units	integer	0
/241/core_profile/measurements/mount_identity_attempts	object	-
/241/core_profile/measurements/mount_identity_attempts/calls	integer	0
/241/core_profile/measurements/mount_identity_attempts/latency_buckets	array	-
/241/core_profile/measurements/mount_identity_attempts/latency_buckets/0	integer	0
/241/core_profile/measurements/mount_identity_attempts/latency_buckets/1	integer	0
/241/core_profile/measurements/mount_identity_attempts/latency_buckets/2	integer	0
/241/core_profile/measurements/mount_identity_attempts/latency_buckets/3	integer	0
/241/core_profile/measurements/mount_identity_attempts/latency_buckets/4	integer	0
/241/core_profile/measurements/mount_identity_attempts/max_ns	integer	0
/241/core_profile/measurements/mount_identity_attempts/total_ns	integer	0
/241/core_profile/measurements/mount_identity_attempts/units	integer	4096
/241/core_profile/measurements/observe_read	object	-
/241/core_profile/measurements/observe_read/calls	integer	2048
/241/core_profile/measurements/observe_read/latency_buckets	array	-
/241/core_profile/measurements/observe_read/latency_buckets/0	integer	2048
/241/core_profile/measurements/observe_read/latency_buckets/1	integer	0
/241/core_profile/measurements/observe_read/latency_buckets/2	integer	0
/241/core_profile/measurements/observe_read/latency_buckets/3	integer	0
/241/core_profile/measurements/observe_read/latency_buckets/4	integer	0
/241/core_profile/measurements/observe_read/max_ns	integer	273110
/241/core_profile/measurements/observe_read/total_ns	integer	11123956
/241/core_profile/measurements/observe_read/units	integer	0
/241/core_profile/measurements/opaque_probe	object	-
/241/core_profile/measurements/opaque_probe/calls	integer	4128
/241/core_profile/measurements/opaque_probe/latency_buckets	array	-
/241/core_profile/measurements/opaque_probe/latency_buckets/0	integer	4128
/241/core_profile/measurements/opaque_probe/latency_buckets/1	integer	0
/241/core_profile/measurements/opaque_probe/latency_buckets/2	integer	0
/241/core_profile/measurements/opaque_probe/latency_buckets/3	integer	0
/241/core_profile/measurements/opaque_probe/latency_buckets/4	integer	0
/241/core_profile/measurements/opaque_probe/max_ns	integer	9217
/241/core_profile/measurements/opaque_probe/total_ns	integer	3572171
/241/core_profile/measurements/opaque_probe/units	integer	0
/241/core_profile/measurements/resolve	object	-
/241/core_profile/measurements/resolve/calls	integer	4128
/241/core_profile/measurements/resolve/latency_buckets	array	-
/241/core_profile/measurements/resolve/latency_buckets/0	integer	4128
/241/core_profile/measurements/resolve/latency_buckets/1	integer	0
/241/core_profile/measurements/resolve/latency_buckets/2	integer	0
/241/core_profile/measurements/resolve/latency_buckets/3	integer	0
/241/core_profile/measurements/resolve/latency_buckets/4	integer	0
/241/core_profile/measurements/resolve/max_ns	integer	272960
/241/core_profile/measurements/resolve/total_ns	integer	21726768
/241/core_profile/measurements/resolve/units	integer	0
/241/core_profile/measurements/resolve_components	object	-
/241/core_profile/measurements/resolve_components/calls	integer	0
/241/core_profile/measurements/resolve_components/latency_buckets	array	-
/241/core_profile/measurements/resolve_components/latency_buckets/0	integer	0
/241/core_profile/measurements/resolve_components/latency_buckets/1	integer	0
/241/core_profile/measurements/resolve_components/latency_buckets/2	integer	0
/241/core_profile/measurements/resolve_components/latency_buckets/3	integer	0
/241/core_profile/measurements/resolve_components/latency_buckets/4	integer	0
/241/core_profile/measurements/resolve_components/max_ns	integer	0
/241/core_profile/measurements/resolve_components/total_ns	integer	0
/241/core_profile/measurements/resolve_components/units	integer	8224
/241/core_profile/measurements/unavailable_upper_marker_skips	object	-
/241/core_profile/measurements/unavailable_upper_marker_skips/calls	integer	0
/241/core_profile/measurements/unavailable_upper_marker_skips/latency_buckets	array	-
/241/core_profile/measurements/unavailable_upper_marker_skips/latency_buckets/0	integer	0
/241/core_profile/measurements/unavailable_upper_marker_skips/latency_buckets/1	integer	0
/241/core_profile/measurements/unavailable_upper_marker_skips/latency_buckets/2	integer	0
/241/core_profile/measurements/unavailable_upper_marker_skips/latency_buckets/3	integer	0
/241/core_profile/measurements/unavailable_upper_marker_skips/latency_buckets/4	integer	0
/241/core_profile/measurements/unavailable_upper_marker_skips/max_ns	integer	0
/241/core_profile/measurements/unavailable_upper_marker_skips/total_ns	integer	0
/241/core_profile/measurements/unavailable_upper_marker_skips/units	integer	4096
/241/core_profile/measurements/whiteout_probe	object	-
/241/core_profile/measurements/whiteout_probe/calls	integer	4128
/241/core_profile/measurements/whiteout_probe/latency_buckets	array	-
/241/core_profile/measurements/whiteout_probe/latency_buckets/0	integer	4128
/241/core_profile/measurements/whiteout_probe/latency_buckets/1	integer	0
/241/core_profile/measurements/whiteout_probe/latency_buckets/2	integer	0
/241/core_profile/measurements/whiteout_probe/latency_buckets/3	integer	0
/241/core_profile/measurements/whiteout_probe/latency_buckets/4	integer	0
/241/core_profile/measurements/whiteout_probe/max_ns	integer	8225
/241/core_profile/measurements/whiteout_probe/total_ns	integer	2332590
/241/core_profile/measurements/whiteout_probe/units	integer	0
/241/core_profile/pid	integer	372
/241/core_profile/schema	integer	2
/241/elapsed_ms	float	30.322733
/241/profiled	boolean	true
/241/scope	string	adapter-only, host cache warm, fresh inode tables; no guest kernel/VM
/241/trial	integer	10
/241/variant	string	candidate
/241/warmup	boolean	false
/242	object	-
/242/adapter_profile	null	null
/242/batch	integer	2
/242/case	string	deep_lookup_open_getattr
/242/core_profile	null	null
/242/elapsed_ms	float	112.573513
/242/profiled	boolean	false
/242/scope	string	adapter-only, host cache warm, fresh inode tables; no guest kernel/VM
/242/trial	integer	0
/242/variant	string	candidate
/242/warmup	boolean	true
/243	object	-
/243/adapter_profile	null	null
/243/batch	integer	2
/243/case	string	deep_lookup_open_getattr
/243/core_profile	null	null
/243/elapsed_ms	float	95.24848700000001
/243/profiled	boolean	false
/243/scope	string	adapter-only, host cache warm, fresh inode tables; no guest kernel/VM
/243/trial	integer	1
/243/variant	string	candidate
/243/warmup	boolean	true
/244	object	-
/244/adapter_profile	null	null
/244/batch	integer	2
/244/case	string	deep_lookup_open_getattr
/244/core_profile	null	null
/244/elapsed_ms	float	96.313586
/244/profiled	boolean	false
/244/scope	string	adapter-only, host cache warm, fresh inode tables; no guest kernel/VM
/244/trial	integer	2
/244/variant	string	candidate
/244/warmup	boolean	false
/245	object	-
/245/adapter_profile	null	null
/245/batch	integer	2
/245/case	string	deep_lookup_open_getattr
/245/core_profile	null	null
/245/elapsed_ms	float	96.06097500000001
/245/profiled	boolean	false
/245/scope	string	adapter-only, host cache warm, fresh inode tables; no guest kernel/VM
/245/trial	integer	3
/245/variant	string	candidate
/245/warmup	boolean	false
/246	object	-
/246/adapter_profile	null	null
/246/batch	integer	2
/246/case	string	deep_lookup_open_getattr
/246/core_profile	null	null
/246/elapsed_ms	float	97.100645
/246/profiled	boolean	false
/246/scope	string	adapter-only, host cache warm, fresh inode tables; no guest kernel/VM
/246/trial	integer	4
/246/variant	string	candidate
/246/warmup	boolean	false
/247	object	-
/247/adapter_profile	null	null
/247/batch	integer	2
/247/case	string	deep_lookup_open_getattr
/247/core_profile	null	null
/247/elapsed_ms	float	96.176761
/247/profiled	boolean	false
/247/scope	string	adapter-only, host cache warm, fresh inode tables; no guest kernel/VM
/247/trial	integer	5
/247/variant	string	candidate
/247/warmup	boolean	false
/248	object	-
/248/adapter_profile	null	null
/248/batch	integer	2
/248/case	string	deep_lookup_open_getattr
/248/core_profile	null	null
/248/elapsed_ms	float	96.141945
/248/profiled	boolean	false
/248/scope	string	adapter-only, host cache warm, fresh inode tables; no guest kernel/VM
/248/trial	integer	6
/248/variant	string	candidate
/248/warmup	boolean	false
/249	object	-
/249/adapter_profile	null	null
/249/batch	integer	2
/249/case	string	deep_lookup_open_getattr
/249/core_profile	null	null
/249/elapsed_ms	float	97.08215000000001
/249/profiled	boolean	false
/249/scope	string	adapter-only, host cache warm, fresh inode tables; no guest kernel/VM
/249/trial	integer	7
/249/variant	string	candidate
/249/warmup	boolean	false
/250	object	-
/250/adapter_profile	null	null
/250/batch	integer	2
/250/case	string	deep_lookup_open_getattr
/250/core_profile	null	null
/250/elapsed_ms	float	97.025154
/250/profiled	boolean	false
/250/scope	string	adapter-only, host cache warm, fresh inode tables; no guest kernel/VM
/250/trial	integer	8
/250/variant	string	candidate
/250/warmup	boolean	false
/251	object	-
/251/adapter_profile	null	null
/251/batch	integer	2
/251/case	string	deep_lookup_open_getattr
/251/core_profile	null	null
/251/elapsed_ms	float	96.864714
/251/profiled	boolean	false
/251/scope	string	adapter-only, host cache warm, fresh inode tables; no guest kernel/VM
/251/trial	integer	9
/251/variant	string	candidate
/251/warmup	boolean	false
/252	object	-
/252/adapter_profile	object	-
/252/adapter_profile/component	string	virtio-fs-overlay
/252/adapter_profile/final_record	boolean	false
/252/adapter_profile/inclusive_spans	boolean	true
/252/adapter_profile/instance	integer	5
/252/adapter_profile/measurements	object	-
/252/adapter_profile/measurements/backing_lookup	object	-
/252/adapter_profile/measurements/backing_lookup/calls	integer	4608
/252/adapter_profile/measurements/backing_lookup/latency_buckets	array	-
/252/adapter_profile/measurements/backing_lookup/latency_buckets/0	integer	4608
/252/adapter_profile/measurements/backing_lookup/latency_buckets/1	integer	0
/252/adapter_profile/measurements/backing_lookup/latency_buckets/2	integer	0
/252/adapter_profile/measurements/backing_lookup/latency_buckets/3	integer	0
/252/adapter_profile/measurements/backing_lookup/latency_buckets/4	integer	0
/252/adapter_profile/measurements/backing_lookup/max_ns	integer	2284
/252/adapter_profile/measurements/backing_lookup/total_ns	integer	2454309
/252/adapter_profile/measurements/backing_lookup/units	integer	0
/252/adapter_profile/measurements/directory_cache_deep_hits	object	-
/252/adapter_profile/measurements/directory_cache_deep_hits/calls	integer	0
/252/adapter_profile/measurements/directory_cache_deep_hits/latency_buckets	array	-
/252/adapter_profile/measurements/directory_cache_deep_hits/latency_buckets/0	integer	0
/252/adapter_profile/measurements/directory_cache_deep_hits/latency_buckets/1	integer	0
/252/adapter_profile/measurements/directory_cache_deep_hits/latency_buckets/2	integer	0
/252/adapter_profile/measurements/directory_cache_deep_hits/latency_buckets/3	integer	0
/252/adapter_profile/measurements/directory_cache_deep_hits/latency_buckets/4	integer	0
/252/adapter_profile/measurements/directory_cache_deep_hits/max_ns	integer	0
/252/adapter_profile/measurements/directory_cache_deep_hits/total_ns	integer	0
/252/adapter_profile/measurements/directory_cache_deep_hits/units	integer	4064
/252/adapter_profile/measurements/directory_cache_hits	object	-
/252/adapter_profile/measurements/directory_cache_hits/calls	integer	0
/252/adapter_profile/measurements/directory_cache_hits/latency_buckets	array	-
/252/adapter_profile/measurements/directory_cache_hits/latency_buckets/0	integer	0
/252/adapter_profile/measurements/directory_cache_hits/latency_buckets/1	integer	0
/252/adapter_profile/measurements/directory_cache_hits/latency_buckets/2	integer	0
/252/adapter_profile/measurements/directory_cache_hits/latency_buckets/3	integer	0
/252/adapter_profile/measurements/directory_cache_hits/latency_buckets/4	integer	0
/252/adapter_profile/measurements/directory_cache_hits/max_ns	integer	0
/252/adapter_profile/measurements/directory_cache_hits/total_ns	integer	0
/252/adapter_profile/measurements/directory_cache_hits/units	integer	896
/252/adapter_profile/measurements/directory_cache_misses	object	-
/252/adapter_profile/measurements/directory_cache_misses/calls	integer	0
/252/adapter_profile/measurements/directory_cache_misses/latency_buckets	array	-
/252/adapter_profile/measurements/directory_cache_misses/latency_buckets/0	integer	0
/252/adapter_profile/measurements/directory_cache_misses/latency_buckets/1	integer	0
/252/adapter_profile/measurements/directory_cache_misses/latency_buckets/2	integer	0
/252/adapter_profile/measurements/directory_cache_misses/latency_buckets/3	integer	0
/252/adapter_profile/measurements/directory_cache_misses/latency_buckets/4	integer	0
/252/adapter_profile/measurements/directory_cache_misses/max_ns	integer	0
/252/adapter_profile/measurements/directory_cache_misses/total_ns	integer	0
/252/adapter_profile/measurements/directory_cache_misses/units	integer	256
/252/adapter_profile/measurements/entry	object	-
/252/adapter_profile/measurements/entry/calls	integer	2304
/252/adapter_profile/measurements/entry/latency_buckets	array	-
/252/adapter_profile/measurements/entry/latency_buckets/0	integer	2304
/252/adapter_profile/measurements/entry/latency_buckets/1	integer	0
/252/adapter_profile/measurements/entry/latency_buckets/2	integer	0
/252/adapter_profile/measurements/entry/latency_buckets/3	integer	0
/252/adapter_profile/measurements/entry/latency_buckets/4	integer	0
/252/adapter_profile/measurements/entry/max_ns	integer	19596
/252/adapter_profile/measurements/entry/total_ns	integer	3058173
/252/adapter_profile/measurements/entry/units	integer	0
/252/adapter_profile/measurements/getattr	object	-
/252/adapter_profile/measurements/getattr/calls	integer	2048
/252/adapter_profile/measurements/getattr/latency_buckets	array	-
/252/adapter_profile/measurements/getattr/latency_buckets/0	integer	2048
/252/adapter_profile/measurements/getattr/latency_buckets/1	integer	0
/252/adapter_profile/measurements/getattr/latency_buckets/2	integer	0
/252/adapter_profile/measurements/getattr/latency_buckets/3	integer	0
/252/adapter_profile/measurements/getattr/latency_buckets/4	integer	0
/252/adapter_profile/measurements/getattr/max_ns	integer	301
/252/adapter_profile/measurements/getattr/total_ns	integer	465621
/252/adapter_profile/measurements/getattr/units	integer	0
/252/adapter_profile/measurements/inner_inode	object	-
/252/adapter_profile/measurements/inner_inode/calls	integer	4352
/252/adapter_profile/measurements/inner_inode/latency_buckets	array	-
/252/adapter_profile/measurements/inner_inode/latency_buckets/0	integer	4352
/252/adapter_profile/measurements/inner_inode/latency_buckets/1	integer	0
/252/adapter_profile/measurements/inner_inode/latency_buckets/2	integer	0
/252/adapter_profile/measurements/inner_inode/latency_buckets/3	integer	0
/252/adapter_profile/measurements/inner_inode/latency_buckets/4	integer	0
/252/adapter_profile/measurements/inner_inode/max_ns	integer	196357
/252/adapter_profile/measurements/inner_inode/total_ns	integer	4355126
/252/adapter_profile/measurements/inner_inode/units	integer	0
/252/adapter_profile/measurements/lookup	object	-
/252/adapter_profile/measurements/lookup/calls	integer	2304
/252/adapter_profile/measurements/lookup/latency_buckets	array	-
/252/adapter_profile/measurements/lookup/latency_buckets/0	integer	2304
/252/adapter_profile/measurements/lookup/latency_buckets/1	integer	0
/252/adapter_profile/measurements/lookup/latency_buckets/2	integer	0
/252/adapter_profile/measurements/lookup/latency_buckets/3	integer	0
/252/adapter_profile/measurements/lookup/latency_buckets/4	integer	0
/252/adapter_profile/measurements/lookup/max_ns	integer	296273
/252/adapter_profile/measurements/lookup/total_ns	integer	53018870
/252/adapter_profile/measurements/lookup/units	integer	0
/252/adapter_profile/measurements/open	object	-
/252/adapter_profile/measurements/open/calls	integer	2048
/252/adapter_profile/measurements/open/latency_buckets	array	-
/252/adapter_profile/measurements/open/latency_buckets/0	integer	2048
/252/adapter_profile/measurements/open/latency_buckets/1	integer	0
/252/adapter_profile/measurements/open/latency_buckets/2	integer	0
/252/adapter_profile/measurements/open/latency_buckets/3	integer	0
/252/adapter_profile/measurements/open/latency_buckets/4	integer	0
/252/adapter_profile/measurements/open/max_ns	integer	425775
/252/adapter_profile/measurements/open/total_ns	integer	49733256
/252/adapter_profile/measurements/open/units	integer	0
/252/adapter_profile/pid	integer	372
/252/adapter_profile/schema	integer	2
/252/batch	integer	2
/252/case	string	deep_lookup_open_getattr
/252/core_profile	object	-
/252/core_profile/component	string	overlay-core
/252/core_profile/final_record	boolean	false
/252/core_profile/inclusive_spans	boolean	true
/252/core_profile/instance	integer	6
/252/core_profile/measurements	object	-
/252/core_profile/measurements/layer_leaf_stats	object	-
/252/core_profile/measurements/layer_leaf_stats/calls	integer	0
/252/core_profile/measurements/layer_leaf_stats/latency_buckets	array	-
/252/core_profile/measurements/layer_leaf_stats/latency_buckets/0	integer	0
/252/core_profile/measurements/layer_leaf_stats/latency_buckets/1	integer	0
/252/core_profile/measurements/layer_leaf_stats/latency_buckets/2	integer	0
/252/core_profile/measurements/layer_leaf_stats/latency_buckets/3	integer	0
/252/core_profile/measurements/layer_leaf_stats/latency_buckets/4	integer	0
/252/core_profile/measurements/layer_leaf_stats/max_ns	integer	0
/252/core_profile/measurements/layer_leaf_stats/total_ns	integer	0
/252/core_profile/measurements/layer_leaf_stats/units	integer	42368
/252/core_profile/measurements/layer_parent_stats	object	-
/252/core_profile/measurements/layer_parent_stats/calls	integer	0
/252/core_profile/measurements/layer_parent_stats/latency_buckets	array	-
/252/core_profile/measurements/layer_parent_stats/latency_buckets/0	integer	0
/252/core_profile/measurements/layer_parent_stats/latency_buckets/1	integer	0
/252/core_profile/measurements/layer_parent_stats/latency_buckets/2	integer	0
/252/core_profile/measurements/layer_parent_stats/latency_buckets/3	integer	0
/252/core_profile/measurements/layer_parent_stats/latency_buckets/4	integer	0
/252/core_profile/measurements/layer_parent_stats/max_ns	integer	0
/252/core_profile/measurements/layer_parent_stats/total_ns	integer	0
/252/core_profile/measurements/layer_parent_stats/units	integer	67328
/252/core_profile/measurements/metadata	object	-
/252/core_profile/measurements/metadata/calls	integer	4352
/252/core_profile/measurements/metadata/latency_buckets	array	-
/252/core_profile/measurements/metadata/latency_buckets/0	integer	4352
/252/core_profile/measurements/metadata/latency_buckets/1	integer	0
/252/core_profile/measurements/metadata/latency_buckets/2	integer	0
/252/core_profile/measurements/metadata/latency_buckets/3	integer	0
/252/core_profile/measurements/metadata/latency_buckets/4	integer	0
/252/core_profile/measurements/metadata/max_ns	integer	423180
/252/core_profile/measurements/metadata/total_ns	integer	94030187
/252/core_profile/measurements/metadata/units	integer	0
/252/core_profile/measurements/mount_identity_attempts	object	-
/252/core_profile/measurements/mount_identity_attempts/calls	integer	0
/252/core_profile/measurements/mount_identity_attempts/latency_buckets	array	-
/252/core_profile/measurements/mount_identity_attempts/latency_buckets/0	integer	0
/252/core_profile/measurements/mount_identity_attempts/latency_buckets/1	integer	0
/252/core_profile/measurements/mount_identity_attempts/latency_buckets/2	integer	0
/252/core_profile/measurements/mount_identity_attempts/latency_buckets/3	integer	0
/252/core_profile/measurements/mount_identity_attempts/latency_buckets/4	integer	0
/252/core_profile/measurements/mount_identity_attempts/max_ns	integer	0
/252/core_profile/measurements/mount_identity_attempts/total_ns	integer	0
/252/core_profile/measurements/mount_identity_attempts/units	integer	33664
/252/core_profile/measurements/observe_read	object	-
/252/core_profile/measurements/observe_read/calls	integer	2048
/252/core_profile/measurements/observe_read/latency_buckets	array	-
/252/core_profile/measurements/observe_read/latency_buckets/0	integer	2048
/252/core_profile/measurements/observe_read/latency_buckets/1	integer	0
/252/core_profile/measurements/observe_read/latency_buckets/2	integer	0
/252/core_profile/measurements/observe_read/latency_buckets/3	integer	0
/252/core_profile/measurements/observe_read/latency_buckets/4	integer	0
/252/core_profile/measurements/observe_read/max_ns	integer	423270
/252/core_profile/measurements/observe_read/total_ns	integer	45763076
/252/core_profile/measurements/observe_read/units	integer	0
/252/core_profile/measurements/opaque_probe	object	-
/252/core_profile/measurements/opaque_probe/calls	integer	4352
/252/core_profile/measurements/opaque_probe/latency_buckets	array	-
/252/core_profile/measurements/opaque_probe/latency_buckets/0	integer	4352
/252/core_profile/measurements/opaque_probe/latency_buckets/1	integer	0
/252/core_profile/measurements/opaque_probe/latency_buckets/2	integer	0
/252/core_profile/measurements/opaque_probe/latency_buckets/3	integer	0
/252/core_profile/measurements/opaque_probe/latency_buckets/4	integer	0
/252/core_profile/measurements/opaque_probe/max_ns	integer	12403
/252/core_profile/measurements/opaque_probe/total_ns	integer	3931143
/252/core_profile/measurements/opaque_probe/units	integer	0
/252/core_profile/measurements/resolve	object	-
/252/core_profile/measurements/resolve/calls	integer	4352
/252/core_profile/measurements/resolve/latency_buckets	array	-
/252/core_profile/measurements/resolve/latency_buckets/0	integer	4352
/252/core_profile/measurements/resolve/latency_buckets/1	integer	0
/252/core_profile/measurements/resolve/latency_buckets/2	integer	0
/252/core_profile/measurements/resolve/latency_buckets/3	integer	0
/252/core_profile/measurements/resolve/latency_buckets/4	integer	0
/252/core_profile/measurements/resolve/max_ns	integer	423010
/252/core_profile/measurements/resolve/total_ns	integer	93673041
/252/core_profile/measurements/resolve/units	integer	0
/252/core_profile/measurements/resolve_components	object	-
/252/core_profile/measurements/resolve_components/calls	integer	0
/252/core_profile/measurements/resolve_components/latency_buckets	array	-
/252/core_profile/measurements/resolve_components/latency_buckets/0	integer	0
/252/core_profile/measurements/resolve_components/latency_buckets/1	integer	0
/252/core_profile/measurements/resolve_components/latency_buckets/2	integer	0
/252/core_profile/measurements/resolve_components/latency_buckets/3	integer	0
/252/core_profile/measurements/resolve_components/latency_buckets/4	integer	0
/252/core_profile/measurements/resolve_components/max_ns	integer	0
/252/core_profile/measurements/resolve_components/total_ns	integer	0
/252/core_profile/measurements/resolve_components/units	integer	38016
/252/core_profile/measurements/unavailable_upper_marker_skips	object	-
/252/core_profile/measurements/unavailable_upper_marker_skips/calls	integer	0
/252/core_profile/measurements/unavailable_upper_marker_skips/latency_buckets	array	-
/252/core_profile/measurements/unavailable_upper_marker_skips/latency_buckets/0	integer	0
/252/core_profile/measurements/unavailable_upper_marker_skips/latency_buckets/1	integer	0
/252/core_profile/measurements/unavailable_upper_marker_skips/latency_buckets/2	integer	0
/252/core_profile/measurements/unavailable_upper_marker_skips/latency_buckets/3	integer	0
/252/core_profile/measurements/unavailable_upper_marker_skips/latency_buckets/4	integer	0
/252/core_profile/measurements/unavailable_upper_marker_skips/max_ns	integer	0
/252/core_profile/measurements/unavailable_upper_marker_skips/total_ns	integer	0
/252/core_profile/measurements/unavailable_upper_marker_skips/units	integer	33664
/252/core_profile/measurements/whiteout_probe	object	-
/252/core_profile/measurements/whiteout_probe/calls	integer	4352
/252/core_profile/measurements/whiteout_probe/latency_buckets	array	-
/252/core_profile/measurements/whiteout_probe/latency_buckets/0	integer	4352
/252/core_profile/measurements/whiteout_probe/latency_buckets/1	integer	0
/252/core_profile/measurements/whiteout_probe/latency_buckets/2	integer	0
/252/core_profile/measurements/whiteout_probe/latency_buckets/3	integer	0
/252/core_profile/measurements/whiteout_probe/latency_buckets/4	integer	0
/252/core_profile/measurements/whiteout_probe/max_ns	integer	18725
/252/core_profile/measurements/whiteout_probe/total_ns	integer	2747770
/252/core_profile/measurements/whiteout_probe/units	integer	0
/252/core_profile/pid	integer	372
/252/core_profile/schema	integer	2
/252/elapsed_ms	float	104.445608
/252/profiled	boolean	true
/252/scope	string	adapter-only, host cache warm, fresh inode tables; no guest kernel/VM
/252/trial	integer	10
/252/variant	string	candidate
/252/warmup	boolean	false
/253	object	-
/253/adapter_profile	null	null
/253/batch	integer	2
/253/case	string	directory_plus
/253/core_profile	null	null
/253/elapsed_ms	float	20.960363
/253/profiled	boolean	false
/253/scope	string	adapter-only, host cache warm, fresh inode tables; no guest kernel/VM
/253/trial	integer	0
/253/variant	string	candidate
/253/warmup	boolean	true
/254	object	-
/254/adapter_profile	null	null
/254/batch	integer	2
/254/case	string	directory_plus
/254/core_profile	null	null
/254/elapsed_ms	float	20.994206000000002
/254/profiled	boolean	false
/254/scope	string	adapter-only, host cache warm, fresh inode tables; no guest kernel/VM
/254/trial	integer	1
/254/variant	string	candidate
/254/warmup	boolean	true
/255	object	-
/255/adapter_profile	null	null
/255/batch	integer	2
/255/case	string	directory_plus
/255/core_profile	null	null
/255/elapsed_ms	float	19.942090999999998
/255/profiled	boolean	false
/255/scope	string	adapter-only, host cache warm, fresh inode tables; no guest kernel/VM
/255/trial	integer	2
/255/variant	string	candidate
/255/warmup	boolean	false
/256	object	-
/256/adapter_profile	null	null
/256/batch	integer	2
/256/case	string	directory_plus
/256/core_profile	null	null
/256/elapsed_ms	float	20.196136
/256/profiled	boolean	false
/256/scope	string	adapter-only, host cache warm, fresh inode tables; no guest kernel/VM
/256/trial	integer	3
/256/variant	string	candidate
/256/warmup	boolean	false
/257	object	-
/257/adapter_profile	null	null
/257/batch	integer	2
/257/case	string	directory_plus
/257/core_profile	null	null
/257/elapsed_ms	float	20.789193
/257/profiled	boolean	false
/257/scope	string	adapter-only, host cache warm, fresh inode tables; no guest kernel/VM
/257/trial	integer	4
/257/variant	string	candidate
/257/warmup	boolean	false
/258	object	-
/258/adapter_profile	null	null
/258/batch	integer	2
/258/case	string	directory_plus
/258/core_profile	null	null
/258/elapsed_ms	float	21.061381
/258/profiled	boolean	false
/258/scope	string	adapter-only, host cache warm, fresh inode tables; no guest kernel/VM
/258/trial	integer	5
/258/variant	string	candidate
/258/warmup	boolean	false
/259	object	-
/259/adapter_profile	null	null
/259/batch	integer	2
/259/case	string	directory_plus
/259/core_profile	null	null
/259/elapsed_ms	float	20.635066000000002
/259/profiled	boolean	false
/259/scope	string	adapter-only, host cache warm, fresh inode tables; no guest kernel/VM
/259/trial	integer	6
/259/variant	string	candidate
/259/warmup	boolean	false
/260	object	-
/260/adapter_profile	null	null
/260/batch	integer	2
/260/case	string	directory_plus
/260/core_profile	null	null
/260/elapsed_ms	float	19.875527
/260/profiled	boolean	false
/260/scope	string	adapter-only, host cache warm, fresh inode tables; no guest kernel/VM
/260/trial	integer	7
/260/variant	string	candidate
/260/warmup	boolean	false
/261	object	-
/261/adapter_profile	null	null
/261/batch	integer	2
/261/case	string	directory_plus
/261/core_profile	null	null
/261/elapsed_ms	float	19.757206
/261/profiled	boolean	false
/261/scope	string	adapter-only, host cache warm, fresh inode tables; no guest kernel/VM
/261/trial	integer	8
/261/variant	string	candidate
/261/warmup	boolean	false
/262	object	-
/262/adapter_profile	null	null
/262/batch	integer	2
/262/case	string	directory_plus
/262/core_profile	null	null
/262/elapsed_ms	float	20.244997
/262/profiled	boolean	false
/262/scope	string	adapter-only, host cache warm, fresh inode tables; no guest kernel/VM
/262/trial	integer	9
/262/variant	string	candidate
/262/warmup	boolean	false
/263	object	-
/263/adapter_profile	object	-
/263/adapter_profile/component	string	virtio-fs-overlay
/263/adapter_profile/final_record	boolean	false
/263/adapter_profile/inclusive_spans	boolean	true
/263/adapter_profile/instance	integer	7
/263/adapter_profile/measurements	object	-
/263/adapter_profile/measurements/backing_lookup	object	-
/263/adapter_profile/measurements/backing_lookup/calls	integer	2112
/263/adapter_profile/measurements/backing_lookup/latency_buckets	array	-
/263/adapter_profile/measurements/backing_lookup/latency_buckets/0	integer	2112
/263/adapter_profile/measurements/backing_lookup/latency_buckets/1	integer	0
/263/adapter_profile/measurements/backing_lookup/latency_buckets/2	integer	0
/263/adapter_profile/measurements/backing_lookup/latency_buckets/3	integer	0
/263/adapter_profile/measurements/backing_lookup/latency_buckets/4	integer	0
/263/adapter_profile/measurements/backing_lookup/max_ns	integer	1232
/263/adapter_profile/measurements/backing_lookup/total_ns	integer	979091
/263/adapter_profile/measurements/backing_lookup/units	integer	0
/263/adapter_profile/measurements/directory_cache_deep_hits	object	-
/263/adapter_profile/measurements/directory_cache_deep_hits/calls	integer	0
/263/adapter_profile/measurements/directory_cache_deep_hits/latency_buckets	array	-
/263/adapter_profile/measurements/directory_cache_deep_hits/latency_buckets/0	integer	0
/263/adapter_profile/measurements/directory_cache_deep_hits/latency_buckets/1	integer	0
/263/adapter_profile/measurements/directory_cache_deep_hits/latency_buckets/2	integer	0
/263/adapter_profile/measurements/directory_cache_deep_hits/latency_buckets/3	integer	0
/263/adapter_profile/measurements/directory_cache_deep_hits/latency_buckets/4	integer	0
/263/adapter_profile/measurements/directory_cache_deep_hits/max_ns	integer	0
/263/adapter_profile/measurements/directory_cache_deep_hits/total_ns	integer	0
/263/adapter_profile/measurements/directory_cache_deep_hits/units	integer	2016
/263/adapter_profile/measurements/directory_cache_misses	object	-
/263/adapter_profile/measurements/directory_cache_misses/calls	integer	0
/263/adapter_profile/measurements/directory_cache_misses/latency_buckets	array	-
/263/adapter_profile/measurements/directory_cache_misses/latency_buckets/0	integer	0
/263/adapter_profile/measurements/directory_cache_misses/latency_buckets/1	integer	0
/263/adapter_profile/measurements/directory_cache_misses/latency_buckets/2	integer	0
/263/adapter_profile/measurements/directory_cache_misses/latency_buckets/3	integer	0
/263/adapter_profile/measurements/directory_cache_misses/latency_buckets/4	integer	0
/263/adapter_profile/measurements/directory_cache_misses/max_ns	integer	0
/263/adapter_profile/measurements/directory_cache_misses/total_ns	integer	0
/263/adapter_profile/measurements/directory_cache_misses/units	integer	32
/263/adapter_profile/measurements/entry	object	-
/263/adapter_profile/measurements/entry/calls	integer	2080
/263/adapter_profile/measurements/entry/latency_buckets	array	-
/263/adapter_profile/measurements/entry/latency_buckets/0	integer	2080
/263/adapter_profile/measurements/entry/latency_buckets/1	integer	0
/263/adapter_profile/measurements/entry/latency_buckets/2	integer	0
/263/adapter_profile/measurements/entry/latency_buckets/3	integer	0
/263/adapter_profile/measurements/entry/latency_buckets/4	integer	0
/263/adapter_profile/measurements/entry/max_ns	integer	3086
/263/adapter_profile/measurements/entry/total_ns	integer	2059564
/263/adapter_profile/measurements/entry/units	integer	0
/263/adapter_profile/measurements/inner_inode	object	-
/263/adapter_profile/measurements/inner_inode/calls	integer	2080
/263/adapter_profile/measurements/inner_inode/latency_buckets	array	-
/263/adapter_profile/measurements/inner_inode/latency_buckets/0	integer	2080
/263/adapter_profile/measurements/inner_inode/latency_buckets/1	integer	0
/263/adapter_profile/measurements/inner_inode/latency_buckets/2	integer	0
/263/adapter_profile/measurements/inner_inode/latency_buckets/3	integer	0
/263/adapter_profile/measurements/inner_inode/latency_buckets/4	integer	0
/263/adapter_profile/measurements/inner_inode/max_ns	integer	2735
/263/adapter_profile/measurements/inner_inode/total_ns	integer	1522868
/263/adapter_profile/measurements/inner_inode/units	integer	0
/263/adapter_profile/measurements/lookup	object	-
/263/adapter_profile/measurements/lookup/calls	integer	32
/263/adapter_profile/measurements/lookup/latency_buckets	array	-
/263/adapter_profile/measurements/lookup/latency_buckets/0	integer	32
/263/adapter_profile/measurements/lookup/latency_buckets/1	integer	0
/263/adapter_profile/measurements/lookup/latency_buckets/2	integer	0
/263/adapter_profile/measurements/lookup/latency_buckets/3	integer	0
/263/adapter_profile/measurements/lookup/latency_buckets/4	integer	0
/263/adapter_profile/measurements/lookup/max_ns	integer	10209
/263/adapter_profile/measurements/lookup/total_ns	integer	158097
/263/adapter_profile/measurements/lookup/units	integer	0
/263/adapter_profile/measurements/opendir	object	-
/263/adapter_profile/measurements/opendir/calls	integer	32
/263/adapter_profile/measurements/opendir/latency_buckets	array	-
/263/adapter_profile/measurements/opendir/latency_buckets/0	integer	32
/263/adapter_profile/measurements/opendir/latency_buckets/1	integer	0
/263/adapter_profile/measurements/opendir/latency_buckets/2	integer	0
/263/adapter_profile/measurements/opendir/latency_buckets/3	integer	0
/263/adapter_profile/measurements/opendir/latency_buckets/4	integer	0
/263/adapter_profile/measurements/opendir/max_ns	integer	862881
/263/adapter_profile/measurements/opendir/total_ns	integer	9578125
/263/adapter_profile/measurements/opendir/units	integer	0
/263/adapter_profile/measurements/readdirplus	object	-
/263/adapter_profile/measurements/readdirplus/calls	integer	32
/263/adapter_profile/measurements/readdirplus/latency_buckets	array	-
/263/adapter_profile/measurements/readdirplus/latency_buckets/0	integer	32
/263/adapter_profile/measurements/readdirplus/latency_buckets/1	integer	0
/263/adapter_profile/measurements/readdirplus/latency_buckets/2	integer	0
/263/adapter_profile/measurements/readdirplus/latency_buckets/3	integer	0
/263/adapter_profile/measurements/readdirplus/latency_buckets/4	integer	0
/263/adapter_profile/measurements/readdirplus/max_ns	integer	573901
/263/adapter_profile/measurements/readdirplus/total_ns	integer	13322835
/263/adapter_profile/measurements/readdirplus/units	integer	0
/263/adapter_profile/pid	integer	372
/263/adapter_profile/schema	integer	2
/263/batch	integer	2
/263/case	string	directory_plus
/263/core_profile	object	-
/263/core_profile/component	string	overlay-core
/263/core_profile/final_record	boolean	false
/263/core_profile/inclusive_spans	boolean	true
/263/core_profile/instance	integer	8
/263/core_profile/measurements	object	-
/263/core_profile/measurements/layer_leaf_stats	object	-
/263/core_profile/measurements/layer_leaf_stats/calls	integer	0
/263/core_profile/measurements/layer_leaf_stats/latency_buckets	array	-
/263/core_profile/measurements/layer_leaf_stats/latency_buckets/0	integer	0
/263/core_profile/measurements/layer_leaf_stats/latency_buckets/1	integer	0
/263/core_profile/measurements/layer_leaf_stats/latency_buckets/2	integer	0
/263/core_profile/measurements/layer_leaf_stats/latency_buckets/3	integer	0
/263/core_profile/measurements/layer_leaf_stats/latency_buckets/4	integer	0
/263/core_profile/measurements/layer_leaf_stats/max_ns	integer	0
/263/core_profile/measurements/layer_leaf_stats/total_ns	integer	0
/263/core_profile/measurements/layer_leaf_stats/units	integer	8320
/263/core_profile/measurements/layer_parent_stats	object	-
/263/core_profile/measurements/layer_parent_stats/calls	integer	0
/263/core_profile/measurements/layer_parent_stats/latency_buckets	array	-
/263/core_profile/measurements/layer_parent_stats/latency_buckets/0	integer	0
/263/core_profile/measurements/layer_parent_stats/latency_buckets/1	integer	0
/263/core_profile/measurements/layer_parent_stats/latency_buckets/2	integer	0
/263/core_profile/measurements/layer_parent_stats/latency_buckets/3	integer	0
/263/core_profile/measurements/layer_parent_stats/latency_buckets/4	integer	0
/263/core_profile/measurements/layer_parent_stats/max_ns	integer	0
/263/core_profile/measurements/layer_parent_stats/total_ns	integer	0
/263/core_profile/measurements/layer_parent_stats/units	integer	8192
/263/core_profile/measurements/list_entries	object	-
/263/core_profile/measurements/list_entries/calls	integer	32
/263/core_profile/measurements/list_entries/latency_buckets	array	-
/263/core_profile/measurements/list_entries/latency_buckets/0	integer	32
/263/core_profile/measurements/list_entries/latency_buckets/1	integer	0
/263/core_profile/measurements/list_entries/latency_buckets/2	integer	0
/263/core_profile/measurements/list_entries/latency_buckets/3	integer	0
/263/core_profile/measurements/list_entries/latency_buckets/4	integer	0
/263/core_profile/measurements/list_entries/max_ns	integer	849636
/263/core_profile/measurements/list_entries/total_ns	integer	8940786
/263/core_profile/measurements/list_entries/units	integer	0
/263/core_profile/measurements/metadata	object	-
/263/core_profile/measurements/metadata/calls	integer	2112
/263/core_profile/measurements/metadata/latency_buckets	array	-
/263/core_profile/measurements/metadata/latency_buckets/0	integer	2112
/263/core_profile/measurements/metadata/latency_buckets/1	integer	0
/263/core_profile/measurements/metadata/latency_buckets/2	integer	0
/263/core_profile/measurements/metadata/latency_buckets/3	integer	0
/263/core_profile/measurements/metadata/latency_buckets/4	integer	0
/263/core_profile/measurements/metadata/max_ns	integer	635767
/263/core_profile/measurements/metadata/total_ns	integer	11753729
/263/core_profile/measurements/metadata/units	integer	0
/263/core_profile/measurements/mount_identity_attempts	object	-
/263/core_profile/measurements/mount_identity_attempts/calls	integer	0
/263/core_profile/measurements/mount_identity_attempts/latency_buckets	array	-
/263/core_profile/measurements/mount_identity_attempts/latency_buckets/0	integer	0
/263/core_profile/measurements/mount_identity_attempts/latency_buckets/1	integer	0
/263/core_profile/measurements/mount_identity_attempts/latency_buckets/2	integer	0
/263/core_profile/measurements/mount_identity_attempts/latency_buckets/3	integer	0
/263/core_profile/measurements/mount_identity_attempts/latency_buckets/4	integer	0
/263/core_profile/measurements/mount_identity_attempts/max_ns	integer	0
/263/core_profile/measurements/mount_identity_attempts/total_ns	integer	0
/263/core_profile/measurements/mount_identity_attempts/units	integer	2048
/263/core_profile/measurements/opaque_probe	object	-
/263/core_profile/measurements/opaque_probe/calls	integer	2144
/263/core_profile/measurements/opaque_probe/latency_buckets	array	-
/263/core_profile/measurements/opaque_probe/latency_buckets/0	integer	2144
/263/core_profile/measurements/opaque_probe/latency_buckets/1	integer	0
/263/core_profile/measurements/opaque_probe/latency_buckets/2	integer	0
/263/core_profile/measurements/opaque_probe/latency_buckets/3	integer	0
/263/core_profile/measurements/opaque_probe/latency_buckets/4	integer	0
/263/core_profile/measurements/opaque_probe/max_ns	integer	18785
/263/core_profile/measurements/opaque_probe/total_ns	integer	1879722
/263/core_profile/measurements/opaque_probe/units	integer	0
/263/core_profile/measurements/resolve	object	-
/263/core_profile/measurements/resolve/calls	integer	2112
/263/core_profile/measurements/resolve/latency_buckets	array	-
/263/core_profile/measurements/resolve/latency_buckets/0	integer	2112
/263/core_profile/measurements/resolve/latency_buckets/1	integer	0
/263/core_profile/measurements/resolve/latency_buckets/2	integer	0
/263/core_profile/measurements/resolve/latency_buckets/3	integer	0
/263/core_profile/measurements/resolve/latency_buckets/4	integer	0
/263/core_profile/measurements/resolve/max_ns	integer	635657
/263/core_profile/measurements/resolve/total_ns	integer	11594320
/263/core_profile/measurements/resolve/units	integer	0
/263/core_profile/measurements/resolve_components	object	-
/263/core_profile/measurements/resolve_components/calls	integer	0
/263/core_profile/measurements/resolve_components/latency_buckets	array	-
/263/core_profile/measurements/resolve_components/latency_buckets/0	integer	0
/263/core_profile/measurements/resolve_components/latency_buckets/1	integer	0
/263/core_profile/measurements/resolve_components/latency_buckets/2	integer	0
/263/core_profile/measurements/resolve_components/latency_buckets/3	integer	0
/263/core_profile/measurements/resolve_components/latency_buckets/4	integer	0
/263/core_profile/measurements/resolve_components/max_ns	integer	0
/263/core_profile/measurements/resolve_components/total_ns	integer	0
/263/core_profile/measurements/resolve_components/units	integer	4160
/263/core_profile/measurements/unavailable_upper_marker_skips	object	-
/263/core_profile/measurements/unavailable_upper_marker_skips/calls	integer	0
/263/core_profile/measurements/unavailable_upper_marker_skips/latency_buckets	array	-
/263/core_profile/measurements/unavailable_upper_marker_skips/latency_buckets/0	integer	0
/263/core_profile/measurements/unavailable_upper_marker_skips/latency_buckets/1	integer	0
/263/core_profile/measurements/unavailable_upper_marker_skips/latency_buckets/2	integer	0
/263/core_profile/measurements/unavailable_upper_marker_skips/latency_buckets/3	integer	0
/263/core_profile/measurements/unavailable_upper_marker_skips/latency_buckets/4	integer	0
/263/core_profile/measurements/unavailable_upper_marker_skips/max_ns	integer	0
/263/core_profile/measurements/unavailable_upper_marker_skips/total_ns	integer	0
/263/core_profile/measurements/unavailable_upper_marker_skips/units	integer	4096
/263/core_profile/measurements/whiteout_probe	object	-
/263/core_profile/measurements/whiteout_probe/calls	integer	4160
/263/core_profile/measurements/whiteout_probe/latency_buckets	array	-
/263/core_profile/measurements/whiteout_probe/latency_buckets/0	integer	4160
/263/core_profile/measurements/whiteout_probe/latency_buckets/1	integer	0
/263/core_profile/measurements/whiteout_probe/latency_buckets/2	integer	0
/263/core_profile/measurements/whiteout_probe/latency_buckets/3	integer	0
/263/core_profile/measurements/whiteout_probe/latency_buckets/4	integer	0
/263/core_profile/measurements/whiteout_probe/max_ns	integer	515733
/263/core_profile/measurements/whiteout_probe/total_ns	integer	3060593
/263/core_profile/measurements/whiteout_probe/units	integer	0
/263/core_profile/pid	integer	372
/263/core_profile/schema	integer	2
/263/elapsed_ms	float	23.087214000000003
/263/profiled	boolean	true
/263/scope	string	adapter-only, host cache warm, fresh inode tables; no guest kernel/VM
/263/trial	integer	10
/263/variant	string	candidate
/263/warmup	boolean	false
