path	type	value
	object	-
/rows	array	-
/rows/0	object	-
/rows/0/backend	string	pvisor-staged
/rows/0/profiles	array	-
/rows/0/profiles/0	object	-
/rows/0/profiles/0/component	string	overlay-core
/rows/0/profiles/0/final_record	boolean	true
/rows/0/profiles/0/inclusive_spans	boolean	true
/rows/0/profiles/0/instance	integer	1
/rows/0/profiles/0/measurements	object	-
/rows/0/profiles/0/measurements/copy_up	object	-
/rows/0/profiles/0/measurements/copy_up/calls	integer	24
/rows/0/profiles/0/measurements/copy_up/latency_buckets	array	-
/rows/0/profiles/0/measurements/copy_up/latency_buckets/0	integer	23
/rows/0/profiles/0/measurements/copy_up/latency_buckets/1	integer	1
/rows/0/profiles/0/measurements/copy_up/latency_buckets/2	integer	0
/rows/0/profiles/0/measurements/copy_up/latency_buckets/3	integer	0
/rows/0/profiles/0/measurements/copy_up/latency_buckets/4	integer	0
/rows/0/profiles/0/measurements/copy_up/max_ns	integer	2786210
/rows/0/profiles/0/measurements/copy_up/total_ns	integer	2891706
/rows/0/profiles/0/measurements/copy_up/units	integer	0
/rows/0/profiles/0/measurements/copy_up_bytes	object	-
/rows/0/profiles/0/measurements/copy_up_bytes/calls	integer	0
/rows/0/profiles/0/measurements/copy_up_bytes/latency_buckets	array	-
/rows/0/profiles/0/measurements/copy_up_bytes/latency_buckets/0	integer	0
/rows/0/profiles/0/measurements/copy_up_bytes/latency_buckets/1	integer	0
/rows/0/profiles/0/measurements/copy_up_bytes/latency_buckets/2	integer	0
/rows/0/profiles/0/measurements/copy_up_bytes/latency_buckets/3	integer	0
/rows/0/profiles/0/measurements/copy_up_bytes/latency_buckets/4	integer	0
/rows/0/profiles/0/measurements/copy_up_bytes/max_ns	integer	0
/rows/0/profiles/0/measurements/copy_up_bytes/total_ns	integer	0
/rows/0/profiles/0/measurements/copy_up_bytes/units	integer	202
/rows/0/profiles/0/measurements/fingerprint	object	-
/rows/0/profiles/0/measurements/fingerprint/calls	integer	2163
/rows/0/profiles/0/measurements/fingerprint/latency_buckets	array	-
/rows/0/profiles/0/measurements/fingerprint/latency_buckets/0	integer	2162
/rows/0/profiles/0/measurements/fingerprint/latency_buckets/1	integer	0
/rows/0/profiles/0/measurements/fingerprint/latency_buckets/2	integer	1
/rows/0/profiles/0/measurements/fingerprint/latency_buckets/3	integer	0
/rows/0/profiles/0/measurements/fingerprint/latency_buckets/4	integer	0
/rows/0/profiles/0/measurements/fingerprint/max_ns	integer	34289285
/rows/0/profiles/0/measurements/fingerprint/total_ns	integer	53750165
/rows/0/profiles/0/measurements/fingerprint/units	integer	0
/rows/0/profiles/0/measurements/fingerprint_bytes	object	-
/rows/0/profiles/0/measurements/fingerprint_bytes/calls	integer	0
/rows/0/profiles/0/measurements/fingerprint_bytes/latency_buckets	array	-
/rows/0/profiles/0/measurements/fingerprint_bytes/latency_buckets/0	integer	0
/rows/0/profiles/0/measurements/fingerprint_bytes/latency_buckets/1	integer	0
/rows/0/profiles/0/measurements/fingerprint_bytes/latency_buckets/2	integer	0
/rows/0/profiles/0/measurements/fingerprint_bytes/latency_buckets/3	integer	0
/rows/0/profiles/0/measurements/fingerprint_bytes/latency_buckets/4	integer	0
/rows/0/profiles/0/measurements/fingerprint_bytes/max_ns	integer	0
/rows/0/profiles/0/measurements/fingerprint_bytes/total_ns	integer	0
/rows/0/profiles/0/measurements/fingerprint_bytes/units	integer	69375893
/rows/0/profiles/0/measurements/fingerprint_content	object	-
/rows/0/profiles/0/measurements/fingerprint_content/calls	integer	2157
/rows/0/profiles/0/measurements/fingerprint_content/latency_buckets	array	-
/rows/0/profiles/0/measurements/fingerprint_content/latency_buckets/0	integer	2156
/rows/0/profiles/0/measurements/fingerprint_content/latency_buckets/1	integer	0
/rows/0/profiles/0/measurements/fingerprint_content/latency_buckets/2	integer	1
/rows/0/profiles/0/measurements/fingerprint_content/latency_buckets/3	integer	0
/rows/0/profiles/0/measurements/fingerprint_content/latency_buckets/4	integer	0
/rows/0/profiles/0/measurements/fingerprint_content/max_ns	integer	34281892
/rows/0/profiles/0/measurements/fingerprint_content/total_ns	integer	46087378
/rows/0/profiles/0/measurements/fingerprint_content/units	integer	0
/rows/0/profiles/0/measurements/fingerprint_metadata	object	-
/rows/0/profiles/0/measurements/fingerprint_metadata/calls	integer	2163
/rows/0/profiles/0/measurements/fingerprint_metadata/latency_buckets	array	-
/rows/0/profiles/0/measurements/fingerprint_metadata/latency_buckets/0	integer	2163
/rows/0/profiles/0/measurements/fingerprint_metadata/latency_buckets/1	integer	0
/rows/0/profiles/0/measurements/fingerprint_metadata/latency_buckets/2	integer	0
/rows/0/profiles/0/measurements/fingerprint_metadata/latency_buckets/3	integer	0
/rows/0/profiles/0/measurements/fingerprint_metadata/latency_buckets/4	integer	0
/rows/0/profiles/0/measurements/fingerprint_metadata/max_ns	integer	4658
/rows/0/profiles/0/measurements/fingerprint_metadata/total_ns	integer	4674979
/rows/0/profiles/0/measurements/fingerprint_metadata/units	integer	0
/rows/0/profiles/0/measurements/fingerprint_xattrs	object	-
/rows/0/profiles/0/measurements/fingerprint_xattrs/calls	integer	2162
/rows/0/profiles/0/measurements/fingerprint_xattrs/latency_buckets	array	-
/rows/0/profiles/0/measurements/fingerprint_xattrs/latency_buckets/0	integer	2162
/rows/0/profiles/0/measurements/fingerprint_xattrs/latency_buckets/1	integer	0
/rows/0/profiles/0/measurements/fingerprint_xattrs/latency_buckets/2	integer	0
/rows/0/profiles/0/measurements/fingerprint_xattrs/latency_buckets/3	integer	0
/rows/0/profiles/0/measurements/fingerprint_xattrs/latency_buckets/4	integer	0
/rows/0/profiles/0/measurements/fingerprint_xattrs/max_ns	integer	18735
/rows/0/profiles/0/measurements/fingerprint_xattrs/total_ns	integer	2120984
/rows/0/profiles/0/measurements/fingerprint_xattrs/units	integer	0
/rows/0/profiles/0/measurements/fingerprinted_paths	object	-
/rows/0/profiles/0/measurements/fingerprinted_paths/calls	integer	0
/rows/0/profiles/0/measurements/fingerprinted_paths/latency_buckets	array	-
/rows/0/profiles/0/measurements/fingerprinted_paths/latency_buckets/0	integer	0
/rows/0/profiles/0/measurements/fingerprinted_paths/latency_buckets/1	integer	0
/rows/0/profiles/0/measurements/fingerprinted_paths/latency_buckets/2	integer	0
/rows/0/profiles/0/measurements/fingerprinted_paths/latency_buckets/3	integer	0
/rows/0/profiles/0/measurements/fingerprinted_paths/latency_buckets/4	integer	0
/rows/0/profiles/0/measurements/fingerprinted_paths/max_ns	integer	0
/rows/0/profiles/0/measurements/fingerprinted_paths/total_ns	integer	0
/rows/0/profiles/0/measurements/fingerprinted_paths/units	integer	2163
/rows/0/profiles/0/measurements/journal_create	object	-
/rows/0/profiles/0/measurements/journal_create/calls	integer	2705
/rows/0/profiles/0/measurements/journal_create/latency_buckets	array	-
/rows/0/profiles/0/measurements/journal_create/latency_buckets/0	integer	2705
/rows/0/profiles/0/measurements/journal_create/latency_buckets/1	integer	0
/rows/0/profiles/0/measurements/journal_create/latency_buckets/2	integer	0
/rows/0/profiles/0/measurements/journal_create/latency_buckets/3	integer	0
/rows/0/profiles/0/measurements/journal_create/latency_buckets/4	integer	0
/rows/0/profiles/0/measurements/journal_create/max_ns	integer	85460
/rows/0/profiles/0/measurements/journal_create/total_ns	integer	16332284
/rows/0/profiles/0/measurements/journal_create/units	integer	0
/rows/0/profiles/0/measurements/journal_fsync	object	-
/rows/0/profiles/0/measurements/journal_fsync/calls	integer	341
/rows/0/profiles/0/measurements/journal_fsync/latency_buckets	array	-
/rows/0/profiles/0/measurements/journal_fsync/latency_buckets/0	integer	339
/rows/0/profiles/0/measurements/journal_fsync/latency_buckets/1	integer	2
/rows/0/profiles/0/measurements/journal_fsync/latency_buckets/2	integer	0
/rows/0/profiles/0/measurements/journal_fsync/latency_buckets/3	integer	0
/rows/0/profiles/0/measurements/journal_fsync/latency_buckets/4	integer	0
/rows/0/profiles/0/measurements/journal_fsync/max_ns	integer	6635236
/rows/0/profiles/0/measurements/journal_fsync/total_ns	integer	110054007
/rows/0/profiles/0/measurements/journal_fsync/units	integer	0
/rows/0/profiles/0/measurements/journal_link_attempts	object	-
/rows/0/profiles/0/measurements/journal_link_attempts/calls	integer	0
/rows/0/profiles/0/measurements/journal_link_attempts/latency_buckets	array	-
/rows/0/profiles/0/measurements/journal_link_attempts/latency_buckets/0	integer	0
/rows/0/profiles/0/measurements/journal_link_attempts/latency_buckets/1	integer	0
/rows/0/profiles/0/measurements/journal_link_attempts/latency_buckets/2	integer	0
/rows/0/profiles/0/measurements/journal_link_attempts/latency_buckets/3	integer	0
/rows/0/profiles/0/measurements/journal_link_attempts/latency_buckets/4	integer	0
/rows/0/profiles/0/measurements/journal_link_attempts/max_ns	integer	0
/rows/0/profiles/0/measurements/journal_link_attempts/total_ns	integer	0
/rows/0/profiles/0/measurements/journal_link_attempts/units	integer	548
/rows/0/profiles/0/measurements/journal_lock_wait	object	-
/rows/0/profiles/0/measurements/journal_lock_wait/calls	integer	5725
/rows/0/profiles/0/measurements/journal_lock_wait/latency_buckets	array	-
/rows/0/profiles/0/measurements/journal_lock_wait/latency_buckets/0	integer	5725
/rows/0/profiles/0/measurements/journal_lock_wait/latency_buckets/1	integer	0
/rows/0/profiles/0/measurements/journal_lock_wait/latency_buckets/2	integer	0
/rows/0/profiles/0/measurements/journal_lock_wait/latency_buckets/3	integer	0
/rows/0/profiles/0/measurements/journal_lock_wait/latency_buckets/4	integer	0
/rows/0/profiles/0/measurements/journal_lock_wait/max_ns	integer	801
/rows/0/profiles/0/measurements/journal_lock_wait/total_ns	integer	148163
/rows/0/profiles/0/measurements/journal_lock_wait/units	integer	0
/rows/0/profiles/0/measurements/journal_lookup	object	-
/rows/0/profiles/0/measurements/journal_lookup/calls	integer	5725
/rows/0/profiles/0/measurements/journal_lookup/latency_buckets	array	-
/rows/0/profiles/0/measurements/journal_lookup/latency_buckets/0	integer	5725
/rows/0/profiles/0/measurements/journal_lookup/latency_buckets/1	integer	0
/rows/0/profiles/0/measurements/journal_lookup/latency_buckets/2	integer	0
/rows/0/profiles/0/measurements/journal_lookup/latency_buckets/3	integer	0
/rows/0/profiles/0/measurements/journal_lookup/latency_buckets/4	integer	0
/rows/0/profiles/0/measurements/journal_lookup/max_ns	integer	16771
/rows/0/profiles/0/measurements/journal_lookup/total_ns	integer	7594580
/rows/0/profiles/0/measurements/journal_lookup/units	integer	0
/rows/0/profiles/0/measurements/journal_order	object	-
/rows/0/profiles/0/measurements/journal_order/calls	integer	341
/rows/0/profiles/0/measurements/journal_order/latency_buckets	array	-
/rows/0/profiles/0/measurements/journal_order/latency_buckets/0	integer	336
/rows/0/profiles/0/measurements/journal_order/latency_buckets/1	integer	4
/rows/0/profiles/0/measurements/journal_order/latency_buckets/2	integer	0
/rows/0/profiles/0/measurements/journal_order/latency_buckets/3	integer	1
/rows/0/profiles/0/measurements/journal_order/latency_buckets/4	integer	0
/rows/0/profiles/0/measurements/journal_order/max_ns	integer	120644327
/rows/0/profiles/0/measurements/journal_order/total_ns	integer	223600425
/rows/0/profiles/0/measurements/journal_order/units	integer	0
/rows/0/profiles/0/measurements/journal_publications	object	-
/rows/0/profiles/0/measurements/journal_publications/calls	integer	0
/rows/0/profiles/0/measurements/journal_publications/latency_buckets	array	-
/rows/0/profiles/0/measurements/journal_publications/latency_buckets/0	integer	0
/rows/0/profiles/0/measurements/journal_publications/latency_buckets/1	integer	0
/rows/0/profiles/0/measurements/journal_publications/latency_buckets/2	integer	0
/rows/0/profiles/0/measurements/journal_publications/latency_buckets/3	integer	0
/rows/0/profiles/0/measurements/journal_publications/latency_buckets/4	integer	0
/rows/0/profiles/0/measurements/journal_publications/max_ns	integer	0
/rows/0/profiles/0/measurements/journal_publications/total_ns	integer	0
/rows/0/profiles/0/measurements/journal_publications/units	integer	2705
/rows/0/profiles/0/measurements/journal_publish	object	-
/rows/0/profiles/0/measurements/journal_publish/calls	integer	2705
/rows/0/profiles/0/measurements/journal_publish/latency_buckets	array	-
/rows/0/profiles/0/measurements/journal_publish/latency_buckets/0	integer	2705
/rows/0/profiles/0/measurements/journal_publish/latency_buckets/1	integer	0
/rows/0/profiles/0/measurements/journal_publish/latency_buckets/2	integer	0
/rows/0/profiles/0/measurements/journal_publish/latency_buckets/3	integer	0
/rows/0/profiles/0/measurements/journal_publish/latency_buckets/4	integer	0
/rows/0/profiles/0/measurements/journal_publish/max_ns	integer	93735
/rows/0/profiles/0/measurements/journal_publish/total_ns	integer	29613561
/rows/0/profiles/0/measurements/journal_publish/units	integer	0
/rows/0/profiles/0/measurements/journal_rename_attempts	object	-
/rows/0/profiles/0/measurements/journal_rename_attempts/calls	integer	0
/rows/0/profiles/0/measurements/journal_rename_attempts/latency_buckets	array	-
/rows/0/profiles/0/measurements/journal_rename_attempts/latency_buckets/0	integer	0
/rows/0/profiles/0/measurements/journal_rename_attempts/latency_buckets/1	integer	0
/rows/0/profiles/0/measurements/journal_rename_attempts/latency_buckets/2	integer	0
/rows/0/profiles/0/measurements/journal_rename_attempts/latency_buckets/3	integer	0
/rows/0/profiles/0/measurements/journal_rename_attempts/latency_buckets/4	integer	0
/rows/0/profiles/0/measurements/journal_rename_attempts/max_ns	integer	0
/rows/0/profiles/0/measurements/journal_rename_attempts/total_ns	integer	0
/rows/0/profiles/0/measurements/journal_rename_attempts/units	integer	2157
/rows/0/profiles/0/measurements/journal_serialize	object	-
/rows/0/profiles/0/measurements/journal_serialize/calls	integer	2705
/rows/0/profiles/0/measurements/journal_serialize/latency_buckets	array	-
/rows/0/profiles/0/measurements/journal_serialize/latency_buckets/0	integer	2705
/rows/0/profiles/0/measurements/journal_serialize/latency_buckets/1	integer	0
/rows/0/profiles/0/measurements/journal_serialize/latency_buckets/2	integer	0
/rows/0/profiles/0/measurements/journal_serialize/latency_buckets/3	integer	0
/rows/0/profiles/0/measurements/journal_serialize/latency_buckets/4	integer	0
/rows/0/profiles/0/measurements/journal_serialize/max_ns	integer	23594
/rows/0/profiles/0/measurements/journal_serialize/total_ns	integer	3441963
/rows/0/profiles/0/measurements/journal_serialize/units	integer	0
/rows/0/profiles/0/measurements/journal_write	object	-
/rows/0/profiles/0/measurements/journal_write/calls	integer	2705
/rows/0/profiles/0/measurements/journal_write/latency_buckets	array	-
/rows/0/profiles/0/measurements/journal_write/latency_buckets/0	integer	2705
/rows/0/profiles/0/measurements/journal_write/latency_buckets/1	integer	0
/rows/0/profiles/0/measurements/journal_write/latency_buckets/2	integer	0
/rows/0/profiles/0/measurements/journal_write/latency_buckets/3	integer	0
/rows/0/profiles/0/measurements/journal_write/latency_buckets/4	integer	0
/rows/0/profiles/0/measurements/journal_write/max_ns	integer	16991
/rows/0/profiles/0/measurements/journal_write/total_ns	integer	3906896
/rows/0/profiles/0/measurements/journal_write/units	integer	0
/rows/0/profiles/0/measurements/layer_leaf_stats	object	-
/rows/0/profiles/0/measurements/layer_leaf_stats/calls	integer	0
/rows/0/profiles/0/measurements/layer_leaf_stats/latency_buckets	array	-
/rows/0/profiles/0/measurements/layer_leaf_stats/latency_buckets/0	integer	0
/rows/0/profiles/0/measurements/layer_leaf_stats/latency_buckets/1	integer	0
/rows/0/profiles/0/measurements/layer_leaf_stats/latency_buckets/2	integer	0
/rows/0/profiles/0/measurements/layer_leaf_stats/latency_buckets/3	integer	0
/rows/0/profiles/0/measurements/layer_leaf_stats/latency_buckets/4	integer	0
/rows/0/profiles/0/measurements/layer_leaf_stats/max_ns	integer	0
/rows/0/profiles/0/measurements/layer_leaf_stats/total_ns	integer	0
/rows/0/profiles/0/measurements/layer_leaf_stats/units	integer	76609
/rows/0/profiles/0/measurements/layer_parent_stats	object	-
/rows/0/profiles/0/measurements/layer_parent_stats/calls	integer	0
/rows/0/profiles/0/measurements/layer_parent_stats/latency_buckets	array	-
/rows/0/profiles/0/measurements/layer_parent_stats/latency_buckets/0	integer	0
/rows/0/profiles/0/measurements/layer_parent_stats/latency_buckets/1	integer	0
/rows/0/profiles/0/measurements/layer_parent_stats/latency_buckets/2	integer	0
/rows/0/profiles/0/measurements/layer_parent_stats/latency_buckets/3	integer	0
/rows/0/profiles/0/measurements/layer_parent_stats/latency_buckets/4	integer	0
/rows/0/profiles/0/measurements/layer_parent_stats/max_ns	integer	0
/rows/0/profiles/0/measurements/layer_parent_stats/total_ns	integer	0
/rows/0/profiles/0/measurements/layer_parent_stats/units	integer	141382
/rows/0/profiles/0/measurements/list_entries	object	-
/rows/0/profiles/0/measurements/list_entries/calls	integer	269
/rows/0/profiles/0/measurements/list_entries/latency_buckets	array	-
/rows/0/profiles/0/measurements/list_entries/latency_buckets/0	integer	268
/rows/0/profiles/0/measurements/list_entries/latency_buckets/1	integer	1
/rows/0/profiles/0/measurements/list_entries/latency_buckets/2	integer	0
/rows/0/profiles/0/measurements/list_entries/latency_buckets/3	integer	0
/rows/0/profiles/0/measurements/list_entries/latency_buckets/4	integer	0
/rows/0/profiles/0/measurements/list_entries/max_ns	integer	1192336
/rows/0/profiles/0/measurements/list_entries/total_ns	integer	63531759
/rows/0/profiles/0/measurements/list_entries/units	integer	0
/rows/0/profiles/0/measurements/metadata	object	-
/rows/0/profiles/0/measurements/metadata/calls	integer	14217
/rows/0/profiles/0/measurements/metadata/latency_buckets	array	-
/rows/0/profiles/0/measurements/metadata/latency_buckets/0	integer	14217
/rows/0/profiles/0/measurements/metadata/latency_buckets/1	integer	0
/rows/0/profiles/0/measurements/metadata/latency_buckets/2	integer	0
/rows/0/profiles/0/measurements/metadata/latency_buckets/3	integer	0
/rows/0/profiles/0/measurements/metadata/latency_buckets/4	integer	0
/rows/0/profiles/0/measurements/metadata/max_ns	integer	141985
/rows/0/profiles/0/measurements/metadata/total_ns	integer	170930993
/rows/0/profiles/0/measurements/metadata/units	integer	0
/rows/0/profiles/0/measurements/observe_read	object	-
/rows/0/profiles/0/measurements/observe_read/calls	integer	4598
/rows/0/profiles/0/measurements/observe_read/latency_buckets	array	-
/rows/0/profiles/0/measurements/observe_read/latency_buckets/0	integer	4597
/rows/0/profiles/0/measurements/observe_read/latency_buckets/1	integer	0
/rows/0/profiles/0/measurements/observe_read/latency_buckets/2	integer	1
/rows/0/profiles/0/measurements/observe_read/latency_buckets/3	integer	0
/rows/0/profiles/0/measurements/observe_read/latency_buckets/4	integer	0
/rows/0/profiles/0/measurements/observe_read/max_ns	integer	34472858
/rows/0/profiles/0/measurements/observe_read/total_ns	integer	207145812
/rows/0/profiles/0/measurements/observe_read/units	integer	0
/rows/0/profiles/0/measurements/opaque_probe	object	-
/rows/0/profiles/0/measurements/opaque_probe/calls	integer	13025
/rows/0/profiles/0/measurements/opaque_probe/latency_buckets	array	-
/rows/0/profiles/0/measurements/opaque_probe/latency_buckets/0	integer	13025
/rows/0/profiles/0/measurements/opaque_probe/latency_buckets/1	integer	0
/rows/0/profiles/0/measurements/opaque_probe/latency_buckets/2	integer	0
/rows/0/profiles/0/measurements/opaque_probe/latency_buckets/3	integer	0
/rows/0/profiles/0/measurements/opaque_probe/latency_buckets/4	integer	0
/rows/0/profiles/0/measurements/opaque_probe/max_ns	integer	47799
/rows/0/profiles/0/measurements/opaque_probe/total_ns	integer	18359810
/rows/0/profiles/0/measurements/opaque_probe/units	integer	0
/rows/0/profiles/0/measurements/preimage	object	-
/rows/0/profiles/0/measurements/preimage/calls	integer	5725
/rows/0/profiles/0/measurements/preimage/latency_buckets	array	-
/rows/0/profiles/0/measurements/preimage/latency_buckets/0	integer	5716
/rows/0/profiles/0/measurements/preimage/latency_buckets/1	integer	7
/rows/0/profiles/0/measurements/preimage/latency_buckets/2	integer	1
/rows/0/profiles/0/measurements/preimage/latency_buckets/3	integer	1
/rows/0/profiles/0/measurements/preimage/latency_buckets/4	integer	0
/rows/0/profiles/0/measurements/preimage/max_ns	integer	121383597
/rows/0/profiles/0/measurements/preimage/total_ns	integer	469073383
/rows/0/profiles/0/measurements/preimage/units	integer	0
/rows/0/profiles/0/measurements/resolve	object	-
/rows/0/profiles/0/measurements/resolve/calls	integer	14573
/rows/0/profiles/0/measurements/resolve/latency_buckets	array	-
/rows/0/profiles/0/measurements/resolve/latency_buckets/0	integer	14573
/rows/0/profiles/0/measurements/resolve/latency_buckets/1	integer	0
/rows/0/profiles/0/measurements/resolve/latency_buckets/2	integer	0
/rows/0/profiles/0/measurements/resolve/latency_buckets/3	integer	0
/rows/0/profiles/0/measurements/resolve/latency_buckets/4	integer	0
/rows/0/profiles/0/measurements/resolve/max_ns	integer	98614
/rows/0/profiles/0/measurements/resolve/total_ns	integer	155749811
/rows/0/profiles/0/measurements/resolve/units	integer	0
/rows/0/profiles/0/measurements/resolve_components	object	-
/rows/0/profiles/0/measurements/resolve_components/calls	integer	0
/rows/0/profiles/0/measurements/resolve_components/latency_buckets	array	-
/rows/0/profiles/0/measurements/resolve_components/latency_buckets/0	integer	0
/rows/0/profiles/0/measurements/resolve_components/latency_buckets/1	integer	0
/rows/0/profiles/0/measurements/resolve_components/latency_buckets/2	integer	0
/rows/0/profiles/0/measurements/resolve_components/latency_buckets/3	integer	0
/rows/0/profiles/0/measurements/resolve_components/latency_buckets/4	integer	0
/rows/0/profiles/0/measurements/resolve_components/max_ns	integer	0
/rows/0/profiles/0/measurements/resolve_components/total_ns	integer	0
/rows/0/profiles/0/measurements/resolve_components/units	integer	55655
/rows/0/profiles/0/measurements/unavailable_upper_marker_skips	object	-
/rows/0/profiles/0/measurements/unavailable_upper_marker_skips/calls	integer	0
/rows/0/profiles/0/measurements/unavailable_upper_marker_skips/latency_buckets	array	-
/rows/0/profiles/0/measurements/unavailable_upper_marker_skips/latency_buckets/0	integer	0
/rows/0/profiles/0/measurements/unavailable_upper_marker_skips/latency_buckets/1	integer	0
/rows/0/profiles/0/measurements/unavailable_upper_marker_skips/latency_buckets/2	integer	0
/rows/0/profiles/0/measurements/unavailable_upper_marker_skips/latency_buckets/3	integer	0
/rows/0/profiles/0/measurements/unavailable_upper_marker_skips/latency_buckets/4	integer	0
/rows/0/profiles/0/measurements/unavailable_upper_marker_skips/max_ns	integer	0
/rows/0/profiles/0/measurements/unavailable_upper_marker_skips/total_ns	integer	0
/rows/0/profiles/0/measurements/unavailable_upper_marker_skips/units	integer	27053
/rows/0/profiles/0/measurements/whiteout_probe	object	-
/rows/0/profiles/0/measurements/whiteout_probe/calls	integer	21721
/rows/0/profiles/0/measurements/whiteout_probe/latency_buckets	array	-
/rows/0/profiles/0/measurements/whiteout_probe/latency_buckets/0	integer	21721
/rows/0/profiles/0/measurements/whiteout_probe/latency_buckets/1	integer	0
/rows/0/profiles/0/measurements/whiteout_probe/latency_buckets/2	integer	0
/rows/0/profiles/0/measurements/whiteout_probe/latency_buckets/3	integer	0
/rows/0/profiles/0/measurements/whiteout_probe/latency_buckets/4	integer	0
/rows/0/profiles/0/measurements/whiteout_probe/max_ns	integer	12373
/rows/0/profiles/0/measurements/whiteout_probe/total_ns	integer	13944886
/rows/0/profiles/0/measurements/whiteout_probe/units	integer	0
/rows/0/profiles/0/pid	integer	3739273
/rows/0/profiles/0/schema	integer	2
/rows/0/variant	string	candidate
/rows/1	object	-
/rows/1/backend	string	native
/rows/1/profiles	array	-
/rows/1/variant	string	native
/rows/2	object	-
/rows/2/backend	string	pvisor-staged
/rows/2/profiles	array	-
/rows/2/profiles/0	object	-
/rows/2/profiles/0/component	string	overlay-core
/rows/2/profiles/0/final_record	boolean	true
/rows/2/profiles/0/inclusive_spans	boolean	true
/rows/2/profiles/0/instance	integer	1
/rows/2/profiles/0/measurements	object	-
/rows/2/profiles/0/measurements/copy_up	object	-
/rows/2/profiles/0/measurements/copy_up/calls	integer	24
/rows/2/profiles/0/measurements/copy_up/latency_buckets	array	-
/rows/2/profiles/0/measurements/copy_up/latency_buckets/0	integer	23
/rows/2/profiles/0/measurements/copy_up/latency_buckets/1	integer	1
/rows/2/profiles/0/measurements/copy_up/latency_buckets/2	integer	0
/rows/2/profiles/0/measurements/copy_up/latency_buckets/3	integer	0
/rows/2/profiles/0/measurements/copy_up/latency_buckets/4	integer	0
/rows/2/profiles/0/measurements/copy_up/max_ns	integer	2320612
/rows/2/profiles/0/measurements/copy_up/total_ns	integer	2416171
/rows/2/profiles/0/measurements/copy_up/units	integer	0
/rows/2/profiles/0/measurements/copy_up_bytes	object	-
/rows/2/profiles/0/measurements/copy_up_bytes/calls	integer	0
/rows/2/profiles/0/measurements/copy_up_bytes/latency_buckets	array	-
/rows/2/profiles/0/measurements/copy_up_bytes/latency_buckets/0	integer	0
/rows/2/profiles/0/measurements/copy_up_bytes/latency_buckets/1	integer	0
/rows/2/profiles/0/measurements/copy_up_bytes/latency_buckets/2	integer	0
/rows/2/profiles/0/measurements/copy_up_bytes/latency_buckets/3	integer	0
/rows/2/profiles/0/measurements/copy_up_bytes/latency_buckets/4	integer	0
/rows/2/profiles/0/measurements/copy_up_bytes/max_ns	integer	0
/rows/2/profiles/0/measurements/copy_up_bytes/total_ns	integer	0
/rows/2/profiles/0/measurements/copy_up_bytes/units	integer	202
/rows/2/profiles/0/measurements/fingerprint	object	-
/rows/2/profiles/0/measurements/fingerprint/calls	integer	2163
/rows/2/profiles/0/measurements/fingerprint/latency_buckets	array	-
/rows/2/profiles/0/measurements/fingerprint/latency_buckets/0	integer	2162
/rows/2/profiles/0/measurements/fingerprint/latency_buckets/1	integer	0
/rows/2/profiles/0/measurements/fingerprint/latency_buckets/2	integer	1
/rows/2/profiles/0/measurements/fingerprint/latency_buckets/3	integer	0
/rows/2/profiles/0/measurements/fingerprint/latency_buckets/4	integer	0
/rows/2/profiles/0/measurements/fingerprint/max_ns	integer	32546682
/rows/2/profiles/0/measurements/fingerprint/total_ns	integer	51358869
/rows/2/profiles/0/measurements/fingerprint/units	integer	0
/rows/2/profiles/0/measurements/fingerprint_bytes	object	-
/rows/2/profiles/0/measurements/fingerprint_bytes/calls	integer	0
/rows/2/profiles/0/measurements/fingerprint_bytes/latency_buckets	array	-
/rows/2/profiles/0/measurements/fingerprint_bytes/latency_buckets/0	integer	0
/rows/2/profiles/0/measurements/fingerprint_bytes/latency_buckets/1	integer	0
/rows/2/profiles/0/measurements/fingerprint_bytes/latency_buckets/2	integer	0
/rows/2/profiles/0/measurements/fingerprint_bytes/latency_buckets/3	integer	0
/rows/2/profiles/0/measurements/fingerprint_bytes/latency_buckets/4	integer	0
/rows/2/profiles/0/measurements/fingerprint_bytes/max_ns	integer	0
/rows/2/profiles/0/measurements/fingerprint_bytes/total_ns	integer	0
/rows/2/profiles/0/measurements/fingerprint_bytes/units	integer	69375893
/rows/2/profiles/0/measurements/fingerprint_content	object	-
/rows/2/profiles/0/measurements/fingerprint_content/calls	integer	2157
/rows/2/profiles/0/measurements/fingerprint_content/latency_buckets	array	-
/rows/2/profiles/0/measurements/fingerprint_content/latency_buckets/0	integer	2156
/rows/2/profiles/0/measurements/fingerprint_content/latency_buckets/1	integer	0
/rows/2/profiles/0/measurements/fingerprint_content/latency_buckets/2	integer	1
/rows/2/profiles/0/measurements/fingerprint_content/latency_buckets/3	integer	0
/rows/2/profiles/0/measurements/fingerprint_content/latency_buckets/4	integer	0
/rows/2/profiles/0/measurements/fingerprint_content/max_ns	integer	32539528
/rows/2/profiles/0/measurements/fingerprint_content/total_ns	integer	43971288
/rows/2/profiles/0/measurements/fingerprint_content/units	integer	0
/rows/2/profiles/0/measurements/fingerprint_metadata	object	-
/rows/2/profiles/0/measurements/fingerprint_metadata/calls	integer	2163
/rows/2/profiles/0/measurements/fingerprint_metadata/latency_buckets	array	-
/rows/2/profiles/0/measurements/fingerprint_metadata/latency_buckets/0	integer	2163
/rows/2/profiles/0/measurements/fingerprint_metadata/latency_buckets/1	integer	0
/rows/2/profiles/0/measurements/fingerprint_metadata/latency_buckets/2	integer	0
/rows/2/profiles/0/measurements/fingerprint_metadata/latency_buckets/3	integer	0
/rows/2/profiles/0/measurements/fingerprint_metadata/latency_buckets/4	integer	0
/rows/2/profiles/0/measurements/fingerprint_metadata/max_ns	integer	3707
/rows/2/profiles/0/measurements/fingerprint_metadata/total_ns	integer	4582507
/rows/2/profiles/0/measurements/fingerprint_metadata/units	integer	0
/rows/2/profiles/0/measurements/fingerprint_xattrs	object	-
/rows/2/profiles/0/measurements/fingerprint_xattrs/calls	integer	2162
/rows/2/profiles/0/measurements/fingerprint_xattrs/latency_buckets	array	-
/rows/2/profiles/0/measurements/fingerprint_xattrs/latency_buckets/0	integer	2162
/rows/2/profiles/0/measurements/fingerprint_xattrs/latency_buckets/1	integer	0
/rows/2/profiles/0/measurements/fingerprint_xattrs/latency_buckets/2	integer	0
/rows/2/profiles/0/measurements/fingerprint_xattrs/latency_buckets/3	integer	0
/rows/2/profiles/0/measurements/fingerprint_xattrs/latency_buckets/4	integer	0
/rows/2/profiles/0/measurements/fingerprint_xattrs/max_ns	integer	15268
/rows/2/profiles/0/measurements/fingerprint_xattrs/total_ns	integer	2017313
/rows/2/profiles/0/measurements/fingerprint_xattrs/units	integer	0
/rows/2/profiles/0/measurements/fingerprinted_paths	object	-
/rows/2/profiles/0/measurements/fingerprinted_paths/calls	integer	0
/rows/2/profiles/0/measurements/fingerprinted_paths/latency_buckets	array	-
/rows/2/profiles/0/measurements/fingerprinted_paths/latency_buckets/0	integer	0
/rows/2/profiles/0/measurements/fingerprinted_paths/latency_buckets/1	integer	0
/rows/2/profiles/0/measurements/fingerprinted_paths/latency_buckets/2	integer	0
/rows/2/profiles/0/measurements/fingerprinted_paths/latency_buckets/3	integer	0
/rows/2/profiles/0/measurements/fingerprinted_paths/latency_buckets/4	integer	0
/rows/2/profiles/0/measurements/fingerprinted_paths/max_ns	integer	0
/rows/2/profiles/0/measurements/fingerprinted_paths/total_ns	integer	0
/rows/2/profiles/0/measurements/fingerprinted_paths/units	integer	2163
/rows/2/profiles/0/measurements/journal_create	object	-
/rows/2/profiles/0/measurements/journal_create/calls	integer	2705
/rows/2/profiles/0/measurements/journal_create/latency_buckets	array	-
/rows/2/profiles/0/measurements/journal_create/latency_buckets/0	integer	2705
/rows/2/profiles/0/measurements/journal_create/latency_buckets/1	integer	0
/rows/2/profiles/0/measurements/journal_create/latency_buckets/2	integer	0
/rows/2/profiles/0/measurements/journal_create/latency_buckets/3	integer	0
/rows/2/profiles/0/measurements/journal_create/latency_buckets/4	integer	0
/rows/2/profiles/0/measurements/journal_create/max_ns	integer	74048
/rows/2/profiles/0/measurements/journal_create/total_ns	integer	16000438
/rows/2/profiles/0/measurements/journal_create/units	integer	0
/rows/2/profiles/0/measurements/journal_fsync	object	-
/rows/2/profiles/0/measurements/journal_fsync/calls	integer	341
/rows/2/profiles/0/measurements/journal_fsync/latency_buckets	array	-
/rows/2/profiles/0/measurements/journal_fsync/latency_buckets/0	integer	339
/rows/2/profiles/0/measurements/journal_fsync/latency_buckets/1	integer	2
/rows/2/profiles/0/measurements/journal_fsync/latency_buckets/2	integer	0
/rows/2/profiles/0/measurements/journal_fsync/latency_buckets/3	integer	0
/rows/2/profiles/0/measurements/journal_fsync/latency_buckets/4	integer	0
/rows/2/profiles/0/measurements/journal_fsync/max_ns	integer	6249185
/rows/2/profiles/0/measurements/journal_fsync/total_ns	integer	108897353
/rows/2/profiles/0/measurements/journal_fsync/units	integer	0
/rows/2/profiles/0/measurements/journal_link_attempts	object	-
/rows/2/profiles/0/measurements/journal_link_attempts/calls	integer	0
/rows/2/profiles/0/measurements/journal_link_attempts/latency_buckets	array	-
/rows/2/profiles/0/measurements/journal_link_attempts/latency_buckets/0	integer	0
/rows/2/profiles/0/measurements/journal_link_attempts/latency_buckets/1	integer	0
/rows/2/profiles/0/measurements/journal_link_attempts/latency_buckets/2	integer	0
/rows/2/profiles/0/measurements/journal_link_attempts/latency_buckets/3	integer	0
/rows/2/profiles/0/measurements/journal_link_attempts/latency_buckets/4	integer	0
/rows/2/profiles/0/measurements/journal_link_attempts/max_ns	integer	0
/rows/2/profiles/0/measurements/journal_link_attempts/total_ns	integer	0
/rows/2/profiles/0/measurements/journal_link_attempts/units	integer	548
/rows/2/profiles/0/measurements/journal_lock_wait	object	-
/rows/2/profiles/0/measurements/journal_lock_wait/calls	integer	5725
/rows/2/profiles/0/measurements/journal_lock_wait/latency_buckets	array	-
/rows/2/profiles/0/measurements/journal_lock_wait/latency_buckets/0	integer	5725
/rows/2/profiles/0/measurements/journal_lock_wait/latency_buckets/1	integer	0
/rows/2/profiles/0/measurements/journal_lock_wait/latency_buckets/2	integer	0
/rows/2/profiles/0/measurements/journal_lock_wait/latency_buckets/3	integer	0
/rows/2/profiles/0/measurements/journal_lock_wait/latency_buckets/4	integer	0
/rows/2/profiles/0/measurements/journal_lock_wait/max_ns	integer	370
/rows/2/profiles/0/measurements/journal_lock_wait/total_ns	integer	146618
/rows/2/profiles/0/measurements/journal_lock_wait/units	integer	0
/rows/2/profiles/0/measurements/journal_lookup	object	-
/rows/2/profiles/0/measurements/journal_lookup/calls	integer	5725
/rows/2/profiles/0/measurements/journal_lookup/latency_buckets	array	-
/rows/2/profiles/0/measurements/journal_lookup/latency_buckets/0	integer	5725
/rows/2/profiles/0/measurements/journal_lookup/latency_buckets/1	integer	0
/rows/2/profiles/0/measurements/journal_lookup/latency_buckets/2	integer	0
/rows/2/profiles/0/measurements/journal_lookup/latency_buckets/3	integer	0
/rows/2/profiles/0/measurements/journal_lookup/latency_buckets/4	integer	0
/rows/2/profiles/0/measurements/journal_lookup/max_ns	integer	17733
/rows/2/profiles/0/measurements/journal_lookup/total_ns	integer	7456859
/rows/2/profiles/0/measurements/journal_lookup/units	integer	0
/rows/2/profiles/0/measurements/journal_order	object	-
/rows/2/profiles/0/measurements/journal_order/calls	integer	341
/rows/2/profiles/0/measurements/journal_order/latency_buckets	array	-
/rows/2/profiles/0/measurements/journal_order/latency_buckets/0	integer	336
/rows/2/profiles/0/measurements/journal_order/latency_buckets/1	integer	5
/rows/2/profiles/0/measurements/journal_order/latency_buckets/2	integer	0
/rows/2/profiles/0/measurements/journal_order/latency_buckets/3	integer	0
/rows/2/profiles/0/measurements/journal_order/latency_buckets/4	integer	0
/rows/2/profiles/0/measurements/journal_order/max_ns	integer	1986738
/rows/2/profiles/0/measurements/journal_order/total_ns	integer	108087650
/rows/2/profiles/0/measurements/journal_order/units	integer	0
/rows/2/profiles/0/measurements/journal_publications	object	-
/rows/2/profiles/0/measurements/journal_publications/calls	integer	0
/rows/2/profiles/0/measurements/journal_publications/latency_buckets	array	-
/rows/2/profiles/0/measurements/journal_publications/latency_buckets/0	integer	0
/rows/2/profiles/0/measurements/journal_publications/latency_buckets/1	integer	0
/rows/2/profiles/0/measurements/journal_publications/latency_buckets/2	integer	0
/rows/2/profiles/0/measurements/journal_publications/latency_buckets/3	integer	0
/rows/2/profiles/0/measurements/journal_publications/latency_buckets/4	integer	0
/rows/2/profiles/0/measurements/journal_publications/max_ns	integer	0
/rows/2/profiles/0/measurements/journal_publications/total_ns	integer	0
/rows/2/profiles/0/measurements/journal_publications/units	integer	2705
/rows/2/profiles/0/measurements/journal_publish	object	-
/rows/2/profiles/0/measurements/journal_publish/calls	integer	2705
/rows/2/profiles/0/measurements/journal_publish/latency_buckets	array	-
/rows/2/profiles/0/measurements/journal_publish/latency_buckets/0	integer	2705
/rows/2/profiles/0/measurements/journal_publish/latency_buckets/1	integer	0
/rows/2/profiles/0/measurements/journal_publish/latency_buckets/2	integer	0
/rows/2/profiles/0/measurements/journal_publish/latency_buckets/3	integer	0
/rows/2/profiles/0/measurements/journal_publish/latency_buckets/4	integer	0
/rows/2/profiles/0/measurements/journal_publish/max_ns	integer	399165
/rows/2/profiles/0/measurements/journal_publish/total_ns	integer	29793535
/rows/2/profiles/0/measurements/journal_publish/units	integer	0
/rows/2/profiles/0/measurements/journal_rename_attempts	object	-
/rows/2/profiles/0/measurements/journal_rename_attempts/calls	integer	0
/rows/2/profiles/0/measurements/journal_rename_attempts/latency_buckets	array	-
/rows/2/profiles/0/measurements/journal_rename_attempts/latency_buckets/0	integer	0
/rows/2/profiles/0/measurements/journal_rename_attempts/latency_buckets/1	integer	0
/rows/2/profiles/0/measurements/journal_rename_attempts/latency_buckets/2	integer	0
/rows/2/profiles/0/measurements/journal_rename_attempts/latency_buckets/3	integer	0
/rows/2/profiles/0/measurements/journal_rename_attempts/latency_buckets/4	integer	0
/rows/2/profiles/0/measurements/journal_rename_attempts/max_ns	integer	0
/rows/2/profiles/0/measurements/journal_rename_attempts/total_ns	integer	0
/rows/2/profiles/0/measurements/journal_rename_attempts/units	integer	2157
/rows/2/profiles/0/measurements/journal_serialize	object	-
/rows/2/profiles/0/measurements/journal_serialize/calls	integer	2705
/rows/2/profiles/0/measurements/journal_serialize/latency_buckets	array	-
/rows/2/profiles/0/measurements/journal_serialize/latency_buckets/0	integer	2705
/rows/2/profiles/0/measurements/journal_serialize/latency_buckets/1	integer	0
/rows/2/profiles/0/measurements/journal_serialize/latency_buckets/2	integer	0
/rows/2/profiles/0/measurements/journal_serialize/latency_buckets/3	integer	0
/rows/2/profiles/0/measurements/journal_serialize/latency_buckets/4	integer	0
/rows/2/profiles/0/measurements/journal_serialize/max_ns	integer	9768
/rows/2/profiles/0/measurements/journal_serialize/total_ns	integer	3426893
/rows/2/profiles/0/measurements/journal_serialize/units	integer	0
/rows/2/profiles/0/measurements/journal_write	object	-
/rows/2/profiles/0/measurements/journal_write/calls	integer	2705
/rows/2/profiles/0/measurements/journal_write/latency_buckets	array	-
/rows/2/profiles/0/measurements/journal_write/latency_buckets/0	integer	2705
/rows/2/profiles/0/measurements/journal_write/latency_buckets/1	integer	0
/rows/2/profiles/0/measurements/journal_write/latency_buckets/2	integer	0
/rows/2/profiles/0/measurements/journal_write/latency_buckets/3	integer	0
/rows/2/profiles/0/measurements/journal_write/latency_buckets/4	integer	0
/rows/2/profiles/0/measurements/journal_write/max_ns	integer	35316
/rows/2/profiles/0/measurements/journal_write/total_ns	integer	3845161
/rows/2/profiles/0/measurements/journal_write/units	integer	0
/rows/2/profiles/0/measurements/layer_leaf_stats	object	-
/rows/2/profiles/0/measurements/layer_leaf_stats/calls	integer	0
/rows/2/profiles/0/measurements/layer_leaf_stats/latency_buckets	array	-
/rows/2/profiles/0/measurements/layer_leaf_stats/latency_buckets/0	integer	0
/rows/2/profiles/0/measurements/layer_leaf_stats/latency_buckets/1	integer	0
/rows/2/profiles/0/measurements/layer_leaf_stats/latency_buckets/2	integer	0
/rows/2/profiles/0/measurements/layer_leaf_stats/latency_buckets/3	integer	0
/rows/2/profiles/0/measurements/layer_leaf_stats/latency_buckets/4	integer	0
/rows/2/profiles/0/measurements/layer_leaf_stats/max_ns	integer	0
/rows/2/profiles/0/measurements/layer_leaf_stats/total_ns	integer	0
/rows/2/profiles/0/measurements/layer_leaf_stats/units	integer	76603
/rows/2/profiles/0/measurements/layer_parent_stats	object	-
/rows/2/profiles/0/measurements/layer_parent_stats/calls	integer	0
/rows/2/profiles/0/measurements/layer_parent_stats/latency_buckets	array	-
/rows/2/profiles/0/measurements/layer_parent_stats/latency_buckets/0	integer	0
/rows/2/profiles/0/measurements/layer_parent_stats/latency_buckets/1	integer	0
/rows/2/profiles/0/measurements/layer_parent_stats/latency_buckets/2	integer	0
/rows/2/profiles/0/measurements/layer_parent_stats/latency_buckets/3	integer	0
/rows/2/profiles/0/measurements/layer_parent_stats/latency_buckets/4	integer	0
/rows/2/profiles/0/measurements/layer_parent_stats/max_ns	integer	0
/rows/2/profiles/0/measurements/layer_parent_stats/total_ns	integer	0
/rows/2/profiles/0/measurements/layer_parent_stats/units	integer	141376
/rows/2/profiles/0/measurements/list_entries	object	-
/rows/2/profiles/0/measurements/list_entries/calls	integer	269
/rows/2/profiles/0/measurements/list_entries/latency_buckets	array	-
/rows/2/profiles/0/measurements/list_entries/latency_buckets/0	integer	268
/rows/2/profiles/0/measurements/list_entries/latency_buckets/1	integer	1
/rows/2/profiles/0/measurements/list_entries/latency_buckets/2	integer	0
/rows/2/profiles/0/measurements/list_entries/latency_buckets/3	integer	0
/rows/2/profiles/0/measurements/list_entries/latency_buckets/4	integer	0
/rows/2/profiles/0/measurements/list_entries/max_ns	integer	1119880
/rows/2/profiles/0/measurements/list_entries/total_ns	integer	73252718
/rows/2/profiles/0/measurements/list_entries/units	integer	0
/rows/2/profiles/0/measurements/metadata	object	-
/rows/2/profiles/0/measurements/metadata/calls	integer	14215
/rows/2/profiles/0/measurements/metadata/latency_buckets	array	-
/rows/2/profiles/0/measurements/metadata/latency_buckets/0	integer	14215
/rows/2/profiles/0/measurements/metadata/latency_buckets/1	integer	0
/rows/2/profiles/0/measurements/metadata/latency_buckets/2	integer	0
/rows/2/profiles/0/measurements/metadata/latency_buckets/3	integer	0
/rows/2/profiles/0/measurements/metadata/latency_buckets/4	integer	0
/rows/2/profiles/0/measurements/metadata/max_ns	integer	426786
/rows/2/profiles/0/measurements/metadata/total_ns	integer	193469251
/rows/2/profiles/0/measurements/metadata/units	integer	0
/rows/2/profiles/0/measurements/observe_read	object	-
/rows/2/profiles/0/measurements/observe_read/calls	integer	4598
/rows/2/profiles/0/measurements/observe_read/latency_buckets	array	-
/rows/2/profiles/0/measurements/observe_read/latency_buckets/0	integer	4597
/rows/2/profiles/0/measurements/observe_read/latency_buckets/1	integer	0
/rows/2/profiles/0/measurements/observe_read/latency_buckets/2	integer	1
/rows/2/profiles/0/measurements/observe_read/latency_buckets/3	integer	0
/rows/2/profiles/0/measurements/observe_read/latency_buckets/4	integer	0
/rows/2/profiles/0/measurements/observe_read/max_ns	integer	32698956
/rows/2/profiles/0/measurements/observe_read/total_ns	integer	222513345
/rows/2/profiles/0/measurements/observe_read/units	integer	0
/rows/2/profiles/0/measurements/opaque_probe	object	-
/rows/2/profiles/0/measurements/opaque_probe/calls	integer	40080
/rows/2/profiles/0/measurements/opaque_probe/latency_buckets	array	-
/rows/2/profiles/0/measurements/opaque_probe/latency_buckets/0	integer	40080
/rows/2/profiles/0/measurements/opaque_probe/latency_buckets/1	integer	0
/rows/2/profiles/0/measurements/opaque_probe/latency_buckets/2	integer	0
/rows/2/profiles/0/measurements/opaque_probe/latency_buckets/3	integer	0
/rows/2/profiles/0/measurements/opaque_probe/latency_buckets/4	integer	0
/rows/2/profiles/0/measurements/opaque_probe/max_ns	integer	19396
/rows/2/profiles/0/measurements/opaque_probe/total_ns	integer	40379198
/rows/2/profiles/0/measurements/opaque_probe/units	integer	0
/rows/2/profiles/0/measurements/preimage	object	-
/rows/2/profiles/0/measurements/preimage/calls	integer	5725
/rows/2/profiles/0/measurements/preimage/latency_buckets	array	-
/rows/2/profiles/0/measurements/preimage/latency_buckets/0	integer	5717
/rows/2/profiles/0/measurements/preimage/latency_buckets/1	integer	7
/rows/2/profiles/0/measurements/preimage/latency_buckets/2	integer	1
/rows/2/profiles/0/measurements/preimage/latency_buckets/3	integer	0
/rows/2/profiles/0/measurements/preimage/latency_buckets/4	integer	0
/rows/2/profiles/0/measurements/preimage/max_ns	integer	32665103
/rows/2/profiles/0/measurements/preimage/total_ns	integer	349256793
/rows/2/profiles/0/measurements/preimage/units	integer	0
/rows/2/profiles/0/measurements/resolve	object	-
/rows/2/profiles/0/measurements/resolve/calls	integer	14571
/rows/2/profiles/0/measurements/resolve/latency_buckets	array	-
/rows/2/profiles/0/measurements/resolve/latency_buckets/0	integer	14571
/rows/2/profiles/0/measurements/resolve/latency_buckets/1	integer	0
/rows/2/profiles/0/measurements/resolve/latency_buckets/2	integer	0
/rows/2/profiles/0/measurements/resolve/latency_buckets/3	integer	0
/rows/2/profiles/0/measurements/resolve/latency_buckets/4	integer	0
/rows/2/profiles/0/measurements/resolve/max_ns	integer	105496
/rows/2/profiles/0/measurements/resolve/total_ns	integer	177692123
/rows/2/profiles/0/measurements/resolve/units	integer	0
/rows/2/profiles/0/measurements/resolve_components	object	-
/rows/2/profiles/0/measurements/resolve_components/calls	integer	0
/rows/2/profiles/0/measurements/resolve_components/latency_buckets	array	-
/rows/2/profiles/0/measurements/resolve_components/latency_buckets/0	integer	0
/rows/2/profiles/0/measurements/resolve_components/latency_buckets/1	integer	0
/rows/2/profiles/0/measurements/resolve_components/latency_buckets/2	integer	0
/rows/2/profiles/0/measurements/resolve_components/latency_buckets/3	integer	0
/rows/2/profiles/0/measurements/resolve_components/latency_buckets/4	integer	0
/rows/2/profiles/0/measurements/resolve_components/max_ns	integer	0
/rows/2/profiles/0/measurements/resolve_components/total_ns	integer	0
/rows/2/profiles/0/measurements/resolve_components/units	integer	55647
/rows/2/profiles/0/measurements/whiteout_probe	object	-
/rows/2/profiles/0/measurements/whiteout_probe/calls	integer	48776
/rows/2/profiles/0/measurements/whiteout_probe/latency_buckets	array	-
/rows/2/profiles/0/measurements/whiteout_probe/latency_buckets/0	integer	48776
/rows/2/profiles/0/measurements/whiteout_probe/latency_buckets/1	integer	0
/rows/2/profiles/0/measurements/whiteout_probe/latency_buckets/2	integer	0
/rows/2/profiles/0/measurements/whiteout_probe/latency_buckets/3	integer	0
/rows/2/profiles/0/measurements/whiteout_probe/latency_buckets/4	integer	0
/rows/2/profiles/0/measurements/whiteout_probe/max_ns	integer	13275
/rows/2/profiles/0/measurements/whiteout_probe/total_ns	integer	27023237
/rows/2/profiles/0/measurements/whiteout_probe/units	integer	0
/rows/2/profiles/0/pid	integer	3739449
/rows/2/profiles/0/schema	integer	2
/rows/2/variant	string	baseline
/rows/3	object	-
/rows/3/backend	string	pvisor-vm
/rows/3/profiles	array	-
/rows/3/profiles/0	object	-
/rows/3/profiles/0/component	string	overlay-core
/rows/3/profiles/0/final_record	boolean	true
/rows/3/profiles/0/inclusive_spans	boolean	true
/rows/3/profiles/0/instance	integer	1
/rows/3/profiles/0/measurements	object	-
/rows/3/profiles/0/pid	integer	3739523
/rows/3/profiles/0/schema	integer	2
/rows/3/profiles/1	object	-
/rows/3/profiles/1/component	string	virtio-fs-protocol
/rows/3/profiles/1/final_record	boolean	false
/rows/3/profiles/1/inclusive_spans	boolean	true
/rows/3/profiles/1/instance	integer	3
/rows/3/profiles/1/measurements	object	-
/rows/3/profiles/1/measurements/CREATE	object	-
/rows/3/profiles/1/measurements/CREATE/calls	integer	469
/rows/3/profiles/1/measurements/CREATE/latency_buckets	array	-
/rows/3/profiles/1/measurements/CREATE/latency_buckets/0	integer	469
/rows/3/profiles/1/measurements/CREATE/latency_buckets/1	integer	0
/rows/3/profiles/1/measurements/CREATE/latency_buckets/2	integer	0
/rows/3/profiles/1/measurements/CREATE/latency_buckets/3	integer	0
/rows/3/profiles/1/measurements/CREATE/latency_buckets/4	integer	0
/rows/3/profiles/1/measurements/CREATE/max_ns	integer	123831
/rows/3/profiles/1/measurements/CREATE/total_ns	integer	17409221
/rows/3/profiles/1/measurements/CREATE/units	integer	0
/rows/3/profiles/1/measurements/FLUSH	object	-
/rows/3/profiles/1/measurements/FLUSH/calls	integer	1784
/rows/3/profiles/1/measurements/FLUSH/latency_buckets	array	-
/rows/3/profiles/1/measurements/FLUSH/latency_buckets/0	integer	1783
/rows/3/profiles/1/measurements/FLUSH/latency_buckets/1	integer	0
/rows/3/profiles/1/measurements/FLUSH/latency_buckets/2	integer	1
/rows/3/profiles/1/measurements/FLUSH/latency_buckets/3	integer	0
/rows/3/profiles/1/measurements/FLUSH/latency_buckets/4	integer	0
/rows/3/profiles/1/measurements/FLUSH/max_ns	integer	15627231
/rows/3/profiles/1/measurements/FLUSH/total_ns	integer	20235394
/rows/3/profiles/1/measurements/FLUSH/units	integer	0
/rows/3/profiles/1/measurements/FORGET	object	-
/rows/3/profiles/1/measurements/FORGET/calls	integer	1
/rows/3/profiles/1/measurements/FORGET/latency_buckets	array	-
/rows/3/profiles/1/measurements/FORGET/latency_buckets/0	integer	1
/rows/3/profiles/1/measurements/FORGET/latency_buckets/1	integer	0
/rows/3/profiles/1/measurements/FORGET/latency_buckets/2	integer	0
/rows/3/profiles/1/measurements/FORGET/latency_buckets/3	integer	0
/rows/3/profiles/1/measurements/FORGET/latency_buckets/4	integer	0
/rows/3/profiles/1/measurements/FORGET/max_ns	integer	841
/rows/3/profiles/1/measurements/FORGET/total_ns	integer	841
/rows/3/profiles/1/measurements/FORGET/units	integer	0
/rows/3/profiles/1/measurements/GETATTR	object	-
/rows/3/profiles/1/measurements/GETATTR/calls	integer	1611
/rows/3/profiles/1/measurements/GETATTR/latency_buckets	array	-
/rows/3/profiles/1/measurements/GETATTR/latency_buckets/0	integer	1611
/rows/3/profiles/1/measurements/GETATTR/latency_buckets/1	integer	0
/rows/3/profiles/1/measurements/GETATTR/latency_buckets/2	integer	0
/rows/3/profiles/1/measurements/GETATTR/latency_buckets/3	integer	0
/rows/3/profiles/1/measurements/GETATTR/latency_buckets/4	integer	0
/rows/3/profiles/1/measurements/GETATTR/max_ns	integer	128580
/rows/3/profiles/1/measurements/GETATTR/total_ns	integer	45583540
/rows/3/profiles/1/measurements/GETATTR/units	integer	0
/rows/3/profiles/1/measurements/GETXATTR	object	-
/rows/3/profiles/1/measurements/GETXATTR/calls	integer	491
/rows/3/profiles/1/measurements/GETXATTR/latency_buckets	array	-
/rows/3/profiles/1/measurements/GETXATTR/latency_buckets/0	integer	491
/rows/3/profiles/1/measurements/GETXATTR/latency_buckets/1	integer	0
/rows/3/profiles/1/measurements/GETXATTR/latency_buckets/2	integer	0
/rows/3/profiles/1/measurements/GETXATTR/latency_buckets/3	integer	0
/rows/3/profiles/1/measurements/GETXATTR/latency_buckets/4	integer	0
/rows/3/profiles/1/measurements/GETXATTR/max_ns	integer	71854
/rows/3/profiles/1/measurements/GETXATTR/total_ns	integer	15297162
/rows/3/profiles/1/measurements/GETXATTR/units	integer	0
/rows/3/profiles/1/measurements/LOOKUP	object	-
/rows/3/profiles/1/measurements/LOOKUP/calls	integer	5988
/rows/3/profiles/1/measurements/LOOKUP/latency_buckets	array	-
/rows/3/profiles/1/measurements/LOOKUP/latency_buckets/0	integer	5988
/rows/3/profiles/1/measurements/LOOKUP/latency_buckets/1	integer	0
/rows/3/profiles/1/measurements/LOOKUP/latency_buckets/2	integer	0
/rows/3/profiles/1/measurements/LOOKUP/latency_buckets/3	integer	0
/rows/3/profiles/1/measurements/LOOKUP/latency_buckets/4	integer	0
/rows/3/profiles/1/measurements/LOOKUP/max_ns	integer	222455
/rows/3/profiles/1/measurements/LOOKUP/total_ns	integer	243530971
/rows/3/profiles/1/measurements/LOOKUP/units	integer	0
/rows/3/profiles/1/measurements/MKDIR	object	-
/rows/3/profiles/1/measurements/MKDIR/calls	integer	6
/rows/3/profiles/1/measurements/MKDIR/latency_buckets	array	-
/rows/3/profiles/1/measurements/MKDIR/latency_buckets/0	integer	6
/rows/3/profiles/1/measurements/MKDIR/latency_buckets/1	integer	0
/rows/3/profiles/1/measurements/MKDIR/latency_buckets/2	integer	0
/rows/3/profiles/1/measurements/MKDIR/latency_buckets/3	integer	0
/rows/3/profiles/1/measurements/MKDIR/latency_buckets/4	integer	0
/rows/3/profiles/1/measurements/MKDIR/max_ns	integer	101269
/rows/3/profiles/1/measurements/MKDIR/total_ns	integer	406991
/rows/3/profiles/1/measurements/MKDIR/units	integer	0
/rows/3/profiles/1/measurements/OPEN	object	-
/rows/3/profiles/1/measurements/OPEN/calls	integer	1358
/rows/3/profiles/1/measurements/OPEN/latency_buckets	array	-
/rows/3/profiles/1/measurements/OPEN/latency_buckets/0	integer	1358
/rows/3/profiles/1/measurements/OPEN/latency_buckets/1	integer	0
/rows/3/profiles/1/measurements/OPEN/latency_buckets/2	integer	0
/rows/3/profiles/1/measurements/OPEN/latency_buckets/3	integer	0
/rows/3/profiles/1/measurements/OPEN/latency_buckets/4	integer	0
/rows/3/profiles/1/measurements/OPEN/max_ns	integer	172452
/rows/3/profiles/1/measurements/OPEN/total_ns	integer	73609039
/rows/3/profiles/1/measurements/OPEN/units	integer	0
/rows/3/profiles/1/measurements/OPENDIR	object	-
/rows/3/profiles/1/measurements/OPENDIR/calls	integer	71
/rows/3/profiles/1/measurements/OPENDIR/latency_buckets	array	-
/rows/3/profiles/1/measurements/OPENDIR/latency_buckets/0	integer	54
/rows/3/profiles/1/measurements/OPENDIR/latency_buckets/1	integer	17
/rows/3/profiles/1/measurements/OPENDIR/latency_buckets/2	integer	0
/rows/3/profiles/1/measurements/OPENDIR/latency_buckets/3	integer	0
/rows/3/profiles/1/measurements/OPENDIR/latency_buckets/4	integer	0
/rows/3/profiles/1/measurements/OPENDIR/max_ns	integer	3012343
/rows/3/profiles/1/measurements/OPENDIR/total_ns	integer	40112281
/rows/3/profiles/1/measurements/OPENDIR/units	integer	0
/rows/3/profiles/1/measurements/OTHER	object	-
/rows/3/profiles/1/measurements/OTHER/calls	integer	10
/rows/3/profiles/1/measurements/OTHER/latency_buckets	array	-
/rows/3/profiles/1/measurements/OTHER/latency_buckets/0	integer	10
/rows/3/profiles/1/measurements/OTHER/latency_buckets/1	integer	0
/rows/3/profiles/1/measurements/OTHER/latency_buckets/2	integer	0
/rows/3/profiles/1/measurements/OTHER/latency_buckets/3	integer	0
/rows/3/profiles/1/measurements/OTHER/latency_buckets/4	integer	0
/rows/3/profiles/1/measurements/OTHER/max_ns	integer	21330
/rows/3/profiles/1/measurements/OTHER/total_ns	integer	29757
/rows/3/profiles/1/measurements/OTHER/units	integer	0
/rows/3/profiles/1/measurements/READ	object	-
/rows/3/profiles/1/measurements/READ/calls	integer	6142
/rows/3/profiles/1/measurements/READ/latency_buckets	array	-
/rows/3/profiles/1/measurements/READ/latency_buckets/0	integer	6142
/rows/3/profiles/1/measurements/READ/latency_buckets/1	integer	0
/rows/3/profiles/1/measurements/READ/latency_buckets/2	integer	0
/rows/3/profiles/1/measurements/READ/latency_buckets/3	integer	0
/rows/3/profiles/1/measurements/READ/latency_buckets/4	integer	0
/rows/3/profiles/1/measurements/READ/max_ns	integer	702772
/rows/3/profiles/1/measurements/READ/total_ns	integer	130374178
/rows/3/profiles/1/measurements/READ/units	integer	0
/rows/3/profiles/1/measurements/READDIR	object	-
/rows/3/profiles/1/measurements/READDIR/calls	integer	107
/rows/3/profiles/1/measurements/READDIR/latency_buckets	array	-
/rows/3/profiles/1/measurements/READDIR/latency_buckets/0	integer	107
/rows/3/profiles/1/measurements/READDIR/latency_buckets/1	integer	0
/rows/3/profiles/1/measurements/READDIR/latency_buckets/2	integer	0
/rows/3/profiles/1/measurements/READDIR/latency_buckets/3	integer	0
/rows/3/profiles/1/measurements/READDIR/latency_buckets/4	integer	0
/rows/3/profiles/1/measurements/READDIR/max_ns	integer	19997
/rows/3/profiles/1/measurements/READDIR/total_ns	integer	502421
/rows/3/profiles/1/measurements/READDIR/units	integer	0
/rows/3/profiles/1/measurements/READDIRPLUS	object	-
/rows/3/profiles/1/measurements/READDIRPLUS/calls	integer	70
/rows/3/profiles/1/measurements/READDIRPLUS/latency_buckets	array	-
/rows/3/profiles/1/measurements/READDIRPLUS/latency_buckets/0	integer	70
/rows/3/profiles/1/measurements/READDIRPLUS/latency_buckets/1	integer	0
/rows/3/profiles/1/measurements/READDIRPLUS/latency_buckets/2	integer	0
/rows/3/profiles/1/measurements/READDIRPLUS/latency_buckets/3	integer	0
/rows/3/profiles/1/measurements/READDIRPLUS/latency_buckets/4	integer	0
/rows/3/profiles/1/measurements/READDIRPLUS/max_ns	integer	706569
/rows/3/profiles/1/measurements/READDIRPLUS/total_ns	integer	18514896
/rows/3/profiles/1/measurements/READDIRPLUS/units	integer	0
/rows/3/profiles/1/measurements/READLINK	object	-
/rows/3/profiles/1/measurements/READLINK/calls	integer	4
/rows/3/profiles/1/measurements/READLINK/latency_buckets	array	-
/rows/3/profiles/1/measurements/READLINK/latency_buckets/0	integer	4
/rows/3/profiles/1/measurements/READLINK/latency_buckets/1	integer	0
/rows/3/profiles/1/measurements/READLINK/latency_buckets/2	integer	0
/rows/3/profiles/1/measurements/READLINK/latency_buckets/3	integer	0
/rows/3/profiles/1/measurements/READLINK/latency_buckets/4	integer	0
/rows/3/profiles/1/measurements/READLINK/max_ns	integer	45184
/rows/3/profiles/1/measurements/READLINK/total_ns	integer	163635
/rows/3/profiles/1/measurements/READLINK/units	integer	0
/rows/3/profiles/1/measurements/RELEASE	object	-
/rows/3/profiles/1/measurements/RELEASE/calls	integer	1765
/rows/3/profiles/1/measurements/RELEASE/latency_buckets	array	-
/rows/3/profiles/1/measurements/RELEASE/latency_buckets/0	integer	1765
/rows/3/profiles/1/measurements/RELEASE/latency_buckets/1	integer	0
/rows/3/profiles/1/measurements/RELEASE/latency_buckets/2	integer	0
/rows/3/profiles/1/measurements/RELEASE/latency_buckets/3	integer	0
/rows/3/profiles/1/measurements/RELEASE/latency_buckets/4	integer	0
/rows/3/profiles/1/measurements/RELEASE/max_ns	integer	22512
/rows/3/profiles/1/measurements/RELEASE/total_ns	integer	8369239
/rows/3/profiles/1/measurements/RELEASE/units	integer	0
/rows/3/profiles/1/measurements/RELEASEDIR	object	-
/rows/3/profiles/1/measurements/RELEASEDIR/calls	integer	70
/rows/3/profiles/1/measurements/RELEASEDIR/latency_buckets	array	-
/rows/3/profiles/1/measurements/RELEASEDIR/latency_buckets/0	integer	70
/rows/3/profiles/1/measurements/RELEASEDIR/latency_buckets/1	integer	0
/rows/3/profiles/1/measurements/RELEASEDIR/latency_buckets/2	integer	0
/rows/3/profiles/1/measurements/RELEASEDIR/latency_buckets/3	integer	0
/rows/3/profiles/1/measurements/RELEASEDIR/latency_buckets/4	integer	0
/rows/3/profiles/1/measurements/RELEASEDIR/max_ns	integer	7023
/rows/3/profiles/1/measurements/RELEASEDIR/total_ns	integer	200712
/rows/3/profiles/1/measurements/RELEASEDIR/units	integer	0
/rows/3/profiles/1/measurements/RENAME	object	-
/rows/3/profiles/1/measurements/RENAME/calls	integer	467
/rows/3/profiles/1/measurements/RENAME/latency_buckets	array	-
/rows/3/profiles/1/measurements/RENAME/latency_buckets/0	integer	467
/rows/3/profiles/1/measurements/RENAME/latency_buckets/1	integer	0
/rows/3/profiles/1/measurements/RENAME/latency_buckets/2	integer	0
/rows/3/profiles/1/measurements/RENAME/latency_buckets/3	integer	0
/rows/3/profiles/1/measurements/RENAME/latency_buckets/4	integer	0
/rows/3/profiles/1/measurements/RENAME/max_ns	integer	618234
/rows/3/profiles/1/measurements/RENAME/total_ns	integer	166902997
/rows/3/profiles/1/measurements/RENAME/units	integer	0
/rows/3/profiles/1/measurements/WRITE	object	-
/rows/3/profiles/1/measurements/WRITE/calls	integer	554
/rows/3/profiles/1/measurements/WRITE/latency_buckets	array	-
/rows/3/profiles/1/measurements/WRITE/latency_buckets/0	integer	554
/rows/3/profiles/1/measurements/WRITE/latency_buckets/1	integer	0
/rows/3/profiles/1/measurements/WRITE/latency_buckets/2	integer	0
/rows/3/profiles/1/measurements/WRITE/latency_buckets/3	integer	0
/rows/3/profiles/1/measurements/WRITE/latency_buckets/4	integer	0
/rows/3/profiles/1/measurements/WRITE/max_ns	integer	52699
/rows/3/profiles/1/measurements/WRITE/total_ns	integer	4824396
/rows/3/profiles/1/measurements/WRITE/units	integer	0
/rows/3/profiles/1/measurements/request_bytes	object	-
/rows/3/profiles/1/measurements/request_bytes/calls	integer	0
/rows/3/profiles/1/measurements/request_bytes/latency_buckets	array	-
/rows/3/profiles/1/measurements/request_bytes/latency_buckets/0	integer	0
/rows/3/profiles/1/measurements/request_bytes/latency_buckets/1	integer	0
/rows/3/profiles/1/measurements/request_bytes/latency_buckets/2	integer	0
/rows/3/profiles/1/measurements/request_bytes/latency_buckets/3	integer	0
/rows/3/profiles/1/measurements/request_bytes/latency_buckets/4	integer	0
/rows/3/profiles/1/measurements/request_bytes/max_ns	integer	0
/rows/3/profiles/1/measurements/request_bytes/total_ns	integer	0
/rows/3/profiles/1/measurements/request_bytes/units	integer	2739255
/rows/3/profiles/1/pid	integer	3739533
/rows/3/profiles/1/schema	integer	2
/rows/3/profiles/2	object	-
/rows/3/profiles/2/component	string	virtio-fs-dispatch
/rows/3/profiles/2/final_record	boolean	false
/rows/3/profiles/2/inclusive_spans	boolean	true
/rows/3/profiles/2/instance	integer	4
/rows/3/profiles/2/measurements	object	-
/rows/3/profiles/2/measurements/admission	object	-
/rows/3/profiles/2/measurements/admission/calls	integer	20372
/rows/3/profiles/2/measurements/admission/latency_buckets	array	-
/rows/3/profiles/2/measurements/admission/latency_buckets/0	integer	20345
/rows/3/profiles/2/measurements/admission/latency_buckets/1	integer	26
/rows/3/profiles/2/measurements/admission/latency_buckets/2	integer	1
/rows/3/profiles/2/measurements/admission/latency_buckets/3	integer	0
/rows/3/profiles/2/measurements/admission/latency_buckets/4	integer	0
/rows/3/profiles/2/measurements/admission/max_ns	integer	15663458
/rows/3/profiles/2/measurements/admission/total_ns	integer	1225562486
/rows/3/profiles/2/measurements/admission/units	integer	0
/rows/3/profiles/2/measurements/inline_requests	object	-
/rows/3/profiles/2/measurements/inline_requests/calls	integer	0
/rows/3/profiles/2/measurements/inline_requests/latency_buckets	array	-
/rows/3/profiles/2/measurements/inline_requests/latency_buckets/0	integer	0
/rows/3/profiles/2/measurements/inline_requests/latency_buckets/1	integer	0
/rows/3/profiles/2/measurements/inline_requests/latency_buckets/2	integer	0
/rows/3/profiles/2/measurements/inline_requests/latency_buckets/3	integer	0
/rows/3/profiles/2/measurements/inline_requests/latency_buckets/4	integer	0
/rows/3/profiles/2/measurements/inline_requests/max_ns	integer	0
/rows/3/profiles/2/measurements/inline_requests/total_ns	integer	0
/rows/3/profiles/2/measurements/inline_requests/units	integer	20545
/rows/3/profiles/2/measurements/pool_requests	object	-
/rows/3/profiles/2/measurements/pool_requests/calls	integer	0
/rows/3/profiles/2/measurements/pool_requests/latency_buckets	array	-
/rows/3/profiles/2/measurements/pool_requests/latency_buckets/0	integer	0
/rows/3/profiles/2/measurements/pool_requests/latency_buckets/1	integer	0
/rows/3/profiles/2/measurements/pool_requests/latency_buckets/2	integer	0
/rows/3/profiles/2/measurements/pool_requests/latency_buckets/3	integer	0
/rows/3/profiles/2/measurements/pool_requests/latency_buckets/4	integer	0
/rows/3/profiles/2/measurements/pool_requests/max_ns	integer	0
/rows/3/profiles/2/measurements/pool_requests/total_ns	integer	0
/rows/3/profiles/2/measurements/pool_requests/units	integer	424
/rows/3/profiles/2/measurements/pool_workers	object	-
/rows/3/profiles/2/measurements/pool_workers/calls	integer	0
/rows/3/profiles/2/measurements/pool_workers/latency_buckets	array	-
/rows/3/profiles/2/measurements/pool_workers/latency_buckets/0	integer	0
/rows/3/profiles/2/measurements/pool_workers/latency_buckets/1	integer	0
/rows/3/profiles/2/measurements/pool_workers/latency_buckets/2	integer	0
/rows/3/profiles/2/measurements/pool_workers/latency_buckets/3	integer	0
/rows/3/profiles/2/measurements/pool_workers/latency_buckets/4	integer	0
/rows/3/profiles/2/measurements/pool_workers/max_ns	integer	0
/rows/3/profiles/2/measurements/pool_workers/total_ns	integer	0
/rows/3/profiles/2/measurements/pool_workers/units	integer	2
/rows/3/profiles/2/pid	integer	3739533
/rows/3/profiles/2/schema	integer	2
/rows/3/profiles/3	object	-
/rows/3/profiles/3/component	string	overlay-core
/rows/3/profiles/3/final_record	boolean	false
/rows/3/profiles/3/inclusive_spans	boolean	true
/rows/3/profiles/3/instance	integer	1
/rows/3/profiles/3/measurements	object	-
/rows/3/profiles/3/measurements/copy_up	object	-
/rows/3/profiles/3/measurements/copy_up/calls	integer	522
/rows/3/profiles/3/measurements/copy_up/latency_buckets	array	-
/rows/3/profiles/3/measurements/copy_up/latency_buckets/0	integer	522
/rows/3/profiles/3/measurements/copy_up/latency_buckets/1	integer	0
/rows/3/profiles/3/measurements/copy_up/latency_buckets/2	integer	0
/rows/3/profiles/3/measurements/copy_up/latency_buckets/3	integer	0
/rows/3/profiles/3/measurements/copy_up/latency_buckets/4	integer	0
/rows/3/profiles/3/measurements/copy_up/max_ns	integer	18394
/rows/3/profiles/3/measurements/copy_up/total_ns	integer	1247960
/rows/3/profiles/3/measurements/copy_up/units	integer	0
/rows/3/profiles/3/measurements/layer_leaf_stats	object	-
/rows/3/profiles/3/measurements/layer_leaf_stats/calls	integer	0
/rows/3/profiles/3/measurements/layer_leaf_stats/latency_buckets	array	-
/rows/3/profiles/3/measurements/layer_leaf_stats/latency_buckets/0	integer	0
/rows/3/profiles/3/measurements/layer_leaf_stats/latency_buckets/1	integer	0
/rows/3/profiles/3/measurements/layer_leaf_stats/latency_buckets/2	integer	0
/rows/3/profiles/3/measurements/layer_leaf_stats/latency_buckets/3	integer	0
/rows/3/profiles/3/measurements/layer_leaf_stats/latency_buckets/4	integer	0
/rows/3/profiles/3/measurements/layer_leaf_stats/max_ns	integer	0
/rows/3/profiles/3/measurements/layer_leaf_stats/total_ns	integer	0
/rows/3/profiles/3/measurements/layer_leaf_stats/units	integer	76880
/rows/3/profiles/3/measurements/layer_parent_stats	object	-
/rows/3/profiles/3/measurements/layer_parent_stats/calls	integer	0
/rows/3/profiles/3/measurements/layer_parent_stats/latency_buckets	array	-
/rows/3/profiles/3/measurements/layer_parent_stats/latency_buckets/0	integer	0
/rows/3/profiles/3/measurements/layer_parent_stats/latency_buckets/1	integer	0
/rows/3/profiles/3/measurements/layer_parent_stats/latency_buckets/2	integer	0
/rows/3/profiles/3/measurements/layer_parent_stats/latency_buckets/3	integer	0
/rows/3/profiles/3/measurements/layer_parent_stats/latency_buckets/4	integer	0
/rows/3/profiles/3/measurements/layer_parent_stats/max_ns	integer	0
/rows/3/profiles/3/measurements/layer_parent_stats/total_ns	integer	0
/rows/3/profiles/3/measurements/layer_parent_stats/units	integer	126034
/rows/3/profiles/3/measurements/list_entries	object	-
/rows/3/profiles/3/measurements/list_entries/calls	integer	71
/rows/3/profiles/3/measurements/list_entries/latency_buckets	array	-
/rows/3/profiles/3/measurements/list_entries/latency_buckets/0	integer	58
/rows/3/profiles/3/measurements/list_entries/latency_buckets/1	integer	13
/rows/3/profiles/3/measurements/list_entries/latency_buckets/2	integer	0
/rows/3/profiles/3/measurements/list_entries/latency_buckets/3	integer	0
/rows/3/profiles/3/measurements/list_entries/latency_buckets/4	integer	0
/rows/3/profiles/3/measurements/list_entries/max_ns	integer	2937343
/rows/3/profiles/3/measurements/list_entries/total_ns	integer	38266465
/rows/3/profiles/3/measurements/list_entries/units	integer	0
/rows/3/profiles/3/measurements/metadata	object	-
/rows/3/profiles/3/measurements/metadata/calls	integer	11313
/rows/3/profiles/3/measurements/metadata/latency_buckets	array	-
/rows/3/profiles/3/measurements/metadata/latency_buckets/0	integer	11313
/rows/3/profiles/3/measurements/metadata/latency_buckets/1	integer	0
/rows/3/profiles/3/measurements/metadata/latency_buckets/2	integer	0
/rows/3/profiles/3/measurements/metadata/latency_buckets/3	integer	0
/rows/3/profiles/3/measurements/metadata/latency_buckets/4	integer	0
/rows/3/profiles/3/measurements/metadata/max_ns	integer	156472
/rows/3/profiles/3/measurements/metadata/total_ns	integer	318988680
/rows/3/profiles/3/measurements/metadata/units	integer	0
/rows/3/profiles/3/measurements/mount_identity_attempts	object	-
/rows/3/profiles/3/measurements/mount_identity_attempts/calls	integer	0
/rows/3/profiles/3/measurements/mount_identity_attempts/latency_buckets	array	-
/rows/3/profiles/3/measurements/mount_identity_attempts/latency_buckets/0	integer	0
/rows/3/profiles/3/measurements/mount_identity_attempts/latency_buckets/1	integer	0
/rows/3/profiles/3/measurements/mount_identity_attempts/latency_buckets/2	integer	0
/rows/3/profiles/3/measurements/mount_identity_attempts/latency_buckets/3	integer	0
/rows/3/profiles/3/measurements/mount_identity_attempts/latency_buckets/4	integer	0
/rows/3/profiles/3/measurements/mount_identity_attempts/max_ns	integer	0
/rows/3/profiles/3/measurements/mount_identity_attempts/total_ns	integer	0
/rows/3/profiles/3/measurements/mount_identity_attempts/units	integer	57547
/rows/3/profiles/3/measurements/observe_read	object	-
/rows/3/profiles/3/measurements/observe_read/calls	integer	1905
/rows/3/profiles/3/measurements/observe_read/latency_buckets	array	-
/rows/3/profiles/3/measurements/observe_read/latency_buckets/0	integer	1905
/rows/3/profiles/3/measurements/observe_read/latency_buckets/1	integer	0
/rows/3/profiles/3/measurements/observe_read/latency_buckets/2	integer	0
/rows/3/profiles/3/measurements/observe_read/latency_buckets/3	integer	0
/rows/3/profiles/3/measurements/observe_read/latency_buckets/4	integer	0
/rows/3/profiles/3/measurements/observe_read/max_ns	integer	156703
/rows/3/profiles/3/measurements/observe_read/total_ns	integer	59311961
/rows/3/profiles/3/measurements/observe_read/units	integer	0
/rows/3/profiles/3/measurements/opaque_probe	object	-
/rows/3/profiles/3/measurements/opaque_probe/calls	integer	11783
/rows/3/profiles/3/measurements/opaque_probe/latency_buckets	array	-
/rows/3/profiles/3/measurements/opaque_probe/latency_buckets/0	integer	11783
/rows/3/profiles/3/measurements/opaque_probe/latency_buckets/1	integer	0
/rows/3/profiles/3/measurements/opaque_probe/latency_buckets/2	integer	0
/rows/3/profiles/3/measurements/opaque_probe/latency_buckets/3	integer	0
/rows/3/profiles/3/measurements/opaque_probe/latency_buckets/4	integer	0
/rows/3/profiles/3/measurements/opaque_probe/max_ns	integer	44162
/rows/3/profiles/3/measurements/opaque_probe/total_ns	integer	28890977
/rows/3/profiles/3/measurements/opaque_probe/units	integer	0
/rows/3/profiles/3/measurements/preimage	object	-
/rows/3/profiles/3/measurements/preimage/calls	integer	5621
/rows/3/profiles/3/measurements/preimage/latency_buckets	array	-
/rows/3/profiles/3/measurements/preimage/latency_buckets/0	integer	5621
/rows/3/profiles/3/measurements/preimage/latency_buckets/1	integer	0
/rows/3/profiles/3/measurements/preimage/latency_buckets/2	integer	0
/rows/3/profiles/3/measurements/preimage/latency_buckets/3	integer	0
/rows/3/profiles/3/measurements/preimage/latency_buckets/4	integer	0
/rows/3/profiles/3/measurements/preimage/max_ns	integer	1112
/rows/3/profiles/3/measurements/preimage/total_ns	integer	296772
/rows/3/profiles/3/measurements/preimage/units	integer	0
/rows/3/profiles/3/measurements/resolve	object	-
/rows/3/profiles/3/measurements/resolve/calls	integer	12363
/rows/3/profiles/3/measurements/resolve/latency_buckets	array	-
/rows/3/profiles/3/measurements/resolve/latency_buckets/0	integer	12363
/rows/3/profiles/3/measurements/resolve/latency_buckets/1	integer	0
/rows/3/profiles/3/measurements/resolve/latency_buckets/2	integer	0
/rows/3/profiles/3/measurements/resolve/latency_buckets/3	integer	0
/rows/3/profiles/3/measurements/resolve/latency_buckets/4	integer	0
/rows/3/profiles/3/measurements/resolve/max_ns	integer	156252
/rows/3/profiles/3/measurements/resolve/total_ns	integer	328988209
/rows/3/profiles/3/measurements/resolve/units	integer	0
/rows/3/profiles/3/measurements/resolve_components	object	-
/rows/3/profiles/3/measurements/resolve_components/calls	integer	0
/rows/3/profiles/3/measurements/resolve_components/latency_buckets	array	-
/rows/3/profiles/3/measurements/resolve_components/latency_buckets/0	integer	0
/rows/3/profiles/3/measurements/resolve_components/latency_buckets/1	integer	0
/rows/3/profiles/3/measurements/resolve_components/latency_buckets/2	integer	0
/rows/3/profiles/3/measurements/resolve_components/latency_buckets/3	integer	0
/rows/3/profiles/3/measurements/resolve_components/latency_buckets/4	integer	0
/rows/3/profiles/3/measurements/resolve_components/max_ns	integer	0
/rows/3/profiles/3/measurements/resolve_components/total_ns	integer	0
/rows/3/profiles/3/measurements/resolve_components/units	integer	64140
/rows/3/profiles/3/measurements/unavailable_upper_marker_skips	object	-
/rows/3/profiles/3/measurements/unavailable_upper_marker_skips/calls	integer	0
/rows/3/profiles/3/measurements/unavailable_upper_marker_skips/latency_buckets	array	-
/rows/3/profiles/3/measurements/unavailable_upper_marker_skips/latency_buckets/0	integer	0
/rows/3/profiles/3/measurements/unavailable_upper_marker_skips/latency_buckets/1	integer	0
/rows/3/profiles/3/measurements/unavailable_upper_marker_skips/latency_buckets/2	integer	0
/rows/3/profiles/3/measurements/unavailable_upper_marker_skips/latency_buckets/3	integer	0
/rows/3/profiles/3/measurements/unavailable_upper_marker_skips/latency_buckets/4	integer	0
/rows/3/profiles/3/measurements/unavailable_upper_marker_skips/max_ns	integer	0
/rows/3/profiles/3/measurements/unavailable_upper_marker_skips/total_ns	integer	0
/rows/3/profiles/3/measurements/unavailable_upper_marker_skips/units	integer	30873
/rows/3/profiles/3/measurements/whiteout_probe	object	-
/rows/3/profiles/3/measurements/whiteout_probe/calls	integer	15459
/rows/3/profiles/3/measurements/whiteout_probe/latency_buckets	array	-
/rows/3/profiles/3/measurements/whiteout_probe/latency_buckets/0	integer	15459
/rows/3/profiles/3/measurements/whiteout_probe/latency_buckets/1	integer	0
/rows/3/profiles/3/measurements/whiteout_probe/latency_buckets/2	integer	0
/rows/3/profiles/3/measurements/whiteout_probe/latency_buckets/3	integer	0
/rows/3/profiles/3/measurements/whiteout_probe/latency_buckets/4	integer	0
/rows/3/profiles/3/measurements/whiteout_probe/max_ns	integer	41247
/rows/3/profiles/3/measurements/whiteout_probe/total_ns	integer	22011711
/rows/3/profiles/3/measurements/whiteout_probe/units	integer	0
/rows/3/profiles/3/pid	integer	3739533
/rows/3/profiles/3/schema	integer	2
/rows/3/profiles/4	object	-
/rows/3/profiles/4/component	string	virtio-fs-overlay
/rows/3/profiles/4/final_record	boolean	false
/rows/3/profiles/4/inclusive_spans	boolean	true
/rows/3/profiles/4/instance	integer	2
/rows/3/profiles/4/measurements	object	-
/rows/3/profiles/4/measurements/backing_lookup	object	-
/rows/3/profiles/4/measurements/backing_lookup/calls	integer	7767
/rows/3/profiles/4/measurements/backing_lookup/latency_buckets	array	-
/rows/3/profiles/4/measurements/backing_lookup/latency_buckets/0	integer	7767
/rows/3/profiles/4/measurements/backing_lookup/latency_buckets/1	integer	0
/rows/3/profiles/4/measurements/backing_lookup/latency_buckets/2	integer	0
/rows/3/profiles/4/measurements/backing_lookup/latency_buckets/3	integer	0
/rows/3/profiles/4/measurements/backing_lookup/latency_buckets/4	integer	0
/rows/3/profiles/4/measurements/backing_lookup/max_ns	integer	67987
/rows/3/profiles/4/measurements/backing_lookup/total_ns	integer	20404859
/rows/3/profiles/4/measurements/backing_lookup/units	integer	0
/rows/3/profiles/4/measurements/directory_cache_deep_hits	object	-
/rows/3/profiles/4/measurements/directory_cache_deep_hits/calls	integer	0
/rows/3/profiles/4/measurements/directory_cache_deep_hits/latency_buckets	array	-
/rows/3/profiles/4/measurements/directory_cache_deep_hits/latency_buckets/0	integer	0
/rows/3/profiles/4/measurements/directory_cache_deep_hits/latency_buckets/1	integer	0
/rows/3/profiles/4/measurements/directory_cache_deep_hits/latency_buckets/2	integer	0
/rows/3/profiles/4/measurements/directory_cache_deep_hits/latency_buckets/3	integer	0
/rows/3/profiles/4/measurements/directory_cache_deep_hits/latency_buckets/4	integer	0
/rows/3/profiles/4/measurements/directory_cache_deep_hits/max_ns	integer	0
/rows/3/profiles/4/measurements/directory_cache_deep_hits/total_ns	integer	0
/rows/3/profiles/4/measurements/directory_cache_deep_hits/units	integer	5577
/rows/3/profiles/4/measurements/directory_cache_evictions	object	-
/rows/3/profiles/4/measurements/directory_cache_evictions/calls	integer	0
/rows/3/profiles/4/measurements/directory_cache_evictions/latency_buckets	array	-
/rows/3/profiles/4/measurements/directory_cache_evictions/latency_buckets/0	integer	0
/rows/3/profiles/4/measurements/directory_cache_evictions/latency_buckets/1	integer	0
/rows/3/profiles/4/measurements/directory_cache_evictions/latency_buckets/2	integer	0
/rows/3/profiles/4/measurements/directory_cache_evictions/latency_buckets/3	integer	0
/rows/3/profiles/4/measurements/directory_cache_evictions/latency_buckets/4	integer	0
/rows/3/profiles/4/measurements/directory_cache_evictions/max_ns	integer	0
/rows/3/profiles/4/measurements/directory_cache_evictions/total_ns	integer	0
/rows/3/profiles/4/measurements/directory_cache_evictions/units	integer	109
/rows/3/profiles/4/measurements/directory_cache_hits	object	-
/rows/3/profiles/4/measurements/directory_cache_hits/calls	integer	0
/rows/3/profiles/4/measurements/directory_cache_hits/latency_buckets	array	-
/rows/3/profiles/4/measurements/directory_cache_hits/latency_buckets/0	integer	0
/rows/3/profiles/4/measurements/directory_cache_hits/latency_buckets/1	integer	0
/rows/3/profiles/4/measurements/directory_cache_hits/latency_buckets/2	integer	0
/rows/3/profiles/4/measurements/directory_cache_hits/latency_buckets/3	integer	0
/rows/3/profiles/4/measurements/directory_cache_hits/latency_buckets/4	integer	0
/rows/3/profiles/4/measurements/directory_cache_hits/max_ns	integer	0
/rows/3/profiles/4/measurements/directory_cache_hits/total_ns	integer	0
/rows/3/profiles/4/measurements/directory_cache_hits/units	integer	1929
/rows/3/profiles/4/measurements/directory_cache_misses	object	-
/rows/3/profiles/4/measurements/directory_cache_misses/calls	integer	0
/rows/3/profiles/4/measurements/directory_cache_misses/latency_buckets	array	-
/rows/3/profiles/4/measurements/directory_cache_misses/latency_buckets/0	integer	0
/rows/3/profiles/4/measurements/directory_cache_misses/latency_buckets/1	integer	0
/rows/3/profiles/4/measurements/directory_cache_misses/latency_buckets/2	integer	0
/rows/3/profiles/4/measurements/directory_cache_misses/latency_buckets/3	integer	0
/rows/3/profiles/4/measurements/directory_cache_misses/latency_buckets/4	integer	0
/rows/3/profiles/4/measurements/directory_cache_misses/max_ns	integer	0
/rows/3/profiles/4/measurements/directory_cache_misses/total_ns	integer	0
/rows/3/profiles/4/measurements/directory_cache_misses/units	integer	365
/rows/3/profiles/4/measurements/entry	object	-
/rows/3/profiles/4/measurements/entry/calls	integer	4141
/rows/3/profiles/4/measurements/entry/latency_buckets	array	-
/rows/3/profiles/4/measurements/entry/latency_buckets/0	integer	4141
/rows/3/profiles/4/measurements/entry/latency_buckets/1	integer	0
/rows/3/profiles/4/measurements/entry/latency_buckets/2	integer	0
/rows/3/profiles/4/measurements/entry/latency_buckets/3	integer	0
/rows/3/profiles/4/measurements/entry/latency_buckets/4	integer	0
/rows/3/profiles/4/measurements/entry/max_ns	integer	122679
/rows/3/profiles/4/measurements/entry/total_ns	integer	23917561
/rows/3/profiles/4/measurements/entry/units	integer	0
/rows/3/profiles/4/measurements/getattr	object	-
/rows/3/profiles/4/measurements/getattr/calls	integer	1598
/rows/3/profiles/4/measurements/getattr/latency_buckets	array	-
/rows/3/profiles/4/measurements/getattr/latency_buckets/0	integer	1598
/rows/3/profiles/4/measurements/getattr/latency_buckets/1	integer	0
/rows/3/profiles/4/measurements/getattr/latency_buckets/2	integer	0
/rows/3/profiles/4/measurements/getattr/latency_buckets/3	integer	0
/rows/3/profiles/4/measurements/getattr/latency_buckets/4	integer	0
/rows/3/profiles/4/measurements/getattr/max_ns	integer	90399
/rows/3/profiles/4/measurements/getattr/total_ns	integer	42841850
/rows/3/profiles/4/measurements/getattr/units	integer	0
/rows/3/profiles/4/measurements/inner_inode	object	-
/rows/3/profiles/4/measurements/inner_inode/calls	integer	6466
/rows/3/profiles/4/measurements/inner_inode/latency_buckets	array	-
/rows/3/profiles/4/measurements/inner_inode/latency_buckets/0	integer	6466
/rows/3/profiles/4/measurements/inner_inode/latency_buckets/1	integer	0
/rows/3/profiles/4/measurements/inner_inode/latency_buckets/2	integer	0
/rows/3/profiles/4/measurements/inner_inode/latency_buckets/3	integer	0
/rows/3/profiles/4/measurements/inner_inode/latency_buckets/4	integer	0
/rows/3/profiles/4/measurements/inner_inode/max_ns	integer	83135
/rows/3/profiles/4/measurements/inner_inode/total_ns	integer	32726344
/rows/3/profiles/4/measurements/inner_inode/units	integer	0
/rows/3/profiles/4/measurements/lookup	object	-
/rows/3/profiles/4/measurements/lookup/calls	integer	5987
/rows/3/profiles/4/measurements/lookup/latency_buckets	array	-
/rows/3/profiles/4/measurements/lookup/latency_buckets/0	integer	5987
/rows/3/profiles/4/measurements/lookup/latency_buckets/1	integer	0
/rows/3/profiles/4/measurements/lookup/latency_buckets/2	integer	0
/rows/3/profiles/4/measurements/lookup/latency_buckets/3	integer	0
/rows/3/profiles/4/measurements/lookup/latency_buckets/4	integer	0
/rows/3/profiles/4/measurements/lookup/max_ns	integer	221163
/rows/3/profiles/4/measurements/lookup/total_ns	integer	231742843
/rows/3/profiles/4/measurements/lookup/units	integer	0
/rows/3/profiles/4/measurements/open	object	-
/rows/3/profiles/4/measurements/open/calls	integer	1356
/rows/3/profiles/4/measurements/open/latency_buckets	array	-
/rows/3/profiles/4/measurements/open/latency_buckets/0	integer	1356
/rows/3/profiles/4/measurements/open/latency_buckets/1	integer	0
/rows/3/profiles/4/measurements/open/latency_buckets/2	integer	0
/rows/3/profiles/4/measurements/open/latency_buckets/3	integer	0
/rows/3/profiles/4/measurements/open/latency_buckets/4	integer	0
/rows/3/profiles/4/measurements/open/max_ns	integer	170278
/rows/3/profiles/4/measurements/open/total_ns	integer	71105880
/rows/3/profiles/4/measurements/open/units	integer	0
/rows/3/profiles/4/measurements/opendir	object	-
/rows/3/profiles/4/measurements/opendir/calls	integer	71
/rows/3/profiles/4/measurements/opendir/latency_buckets	array	-
/rows/3/profiles/4/measurements/opendir/latency_buckets/0	integer	54
/rows/3/profiles/4/measurements/opendir/latency_buckets/1	integer	17
/rows/3/profiles/4/measurements/opendir/latency_buckets/2	integer	0
/rows/3/profiles/4/measurements/opendir/latency_buckets/3	integer	0
/rows/3/profiles/4/measurements/opendir/latency_buckets/4	integer	0
/rows/3/profiles/4/measurements/opendir/max_ns	integer	3009518
/rows/3/profiles/4/measurements/opendir/total_ns	integer	40007425
/rows/3/profiles/4/measurements/opendir/units	integer	0
/rows/3/profiles/4/measurements/read	object	-
/rows/3/profiles/4/measurements/read/calls	integer	6133
/rows/3/profiles/4/measurements/read/latency_buckets	array	-
/rows/3/profiles/4/measurements/read/latency_buckets/0	integer	6133
/rows/3/profiles/4/measurements/read/latency_buckets/1	integer	0
/rows/3/profiles/4/measurements/read/latency_buckets/2	integer	0
/rows/3/profiles/4/measurements/read/latency_buckets/3	integer	0
/rows/3/profiles/4/measurements/read/latency_buckets/4	integer	0
/rows/3/profiles/4/measurements/read/max_ns	integer	696310
/rows/3/profiles/4/measurements/read/total_ns	integer	119487788
/rows/3/profiles/4/measurements/read/units	integer	0
/rows/3/profiles/4/measurements/readdirplus	object	-
/rows/3/profiles/4/measurements/readdirplus/calls	integer	70
/rows/3/profiles/4/measurements/readdirplus/latency_buckets	array	-
/rows/3/profiles/4/measurements/readdirplus/latency_buckets/0	integer	70
/rows/3/profiles/4/measurements/readdirplus/latency_buckets/1	integer	0
/rows/3/profiles/4/measurements/readdirplus/latency_buckets/2	integer	0
/rows/3/profiles/4/measurements/readdirplus/latency_buckets/3	integer	0
/rows/3/profiles/4/measurements/readdirplus/latency_buckets/4	integer	0
/rows/3/profiles/4/measurements/readdirplus/max_ns	integer	704846
/rows/3/profiles/4/measurements/readdirplus/total_ns	integer	18395207
/rows/3/profiles/4/measurements/readdirplus/units	integer	0
/rows/3/profiles/4/measurements/write	object	-
/rows/3/profiles/4/measurements/write/calls	integer	554
/rows/3/profiles/4/measurements/write/latency_buckets	array	-
/rows/3/profiles/4/measurements/write/latency_buckets/0	integer	554
/rows/3/profiles/4/measurements/write/latency_buckets/1	integer	0
/rows/3/profiles/4/measurements/write/latency_buckets/2	integer	0
/rows/3/profiles/4/measurements/write/latency_buckets/3	integer	0
/rows/3/profiles/4/measurements/write/latency_buckets/4	integer	0
/rows/3/profiles/4/measurements/write/max_ns	integer	41066
/rows/3/profiles/4/measurements/write/total_ns	integer	3818658
/rows/3/profiles/4/measurements/write/units	integer	0
/rows/3/profiles/4/pid	integer	3739533
/rows/3/profiles/4/schema	integer	2
/rows/3/profiles/5	object	-
/rows/3/profiles/5/component	string	overlay-core
/rows/3/profiles/5/final_record	boolean	false
/rows/3/profiles/5/inclusive_spans	boolean	true
/rows/3/profiles/5/instance	integer	5
/rows/3/profiles/5/measurements	object	-
/rows/3/profiles/5/measurements/copy_up	object	-
/rows/3/profiles/5/measurements/copy_up/calls	integer	20
/rows/3/profiles/5/measurements/copy_up/latency_buckets	array	-
/rows/3/profiles/5/measurements/copy_up/latency_buckets/0	integer	19
/rows/3/profiles/5/measurements/copy_up/latency_buckets/1	integer	1
/rows/3/profiles/5/measurements/copy_up/latency_buckets/2	integer	0
/rows/3/profiles/5/measurements/copy_up/latency_buckets/3	integer	0
/rows/3/profiles/5/measurements/copy_up/latency_buckets/4	integer	0
/rows/3/profiles/5/measurements/copy_up/max_ns	integer	2561131
/rows/3/profiles/5/measurements/copy_up/total_ns	integer	2681445
/rows/3/profiles/5/measurements/copy_up/units	integer	0
/rows/3/profiles/5/measurements/copy_up_bytes	object	-
/rows/3/profiles/5/measurements/copy_up_bytes/calls	integer	0
/rows/3/profiles/5/measurements/copy_up_bytes/latency_buckets	array	-
/rows/3/profiles/5/measurements/copy_up_bytes/latency_buckets/0	integer	0
/rows/3/profiles/5/measurements/copy_up_bytes/latency_buckets/1	integer	0
/rows/3/profiles/5/measurements/copy_up_bytes/latency_buckets/2	integer	0
/rows/3/profiles/5/measurements/copy_up_bytes/latency_buckets/3	integer	0
/rows/3/profiles/5/measurements/copy_up_bytes/latency_buckets/4	integer	0
/rows/3/profiles/5/measurements/copy_up_bytes/max_ns	integer	0
/rows/3/profiles/5/measurements/copy_up_bytes/total_ns	integer	0
/rows/3/profiles/5/measurements/copy_up_bytes/units	integer	202
/rows/3/profiles/5/measurements/fingerprint_bytes	object	-
/rows/3/profiles/5/measurements/fingerprint_bytes/calls	integer	0
/rows/3/profiles/5/measurements/fingerprint_bytes/latency_buckets	array	-
/rows/3/profiles/5/measurements/fingerprint_bytes/latency_buckets/0	integer	0
/rows/3/profiles/5/measurements/fingerprint_bytes/latency_buckets/1	integer	0
/rows/3/profiles/5/measurements/fingerprint_bytes/latency_buckets/2	integer	0
/rows/3/profiles/5/measurements/fingerprint_bytes/latency_buckets/3	integer	0
/rows/3/profiles/5/measurements/fingerprint_bytes/latency_buckets/4	integer	0
/rows/3/profiles/5/measurements/fingerprint_bytes/max_ns	integer	0
/rows/3/profiles/5/measurements/fingerprint_bytes/total_ns	integer	0
/rows/3/profiles/5/measurements/fingerprint_bytes/units	integer	69375893
/rows/3/profiles/5/measurements/fingerprint_content	object	-
/rows/3/profiles/5/measurements/fingerprint_content/calls	integer	2157
/rows/3/profiles/5/measurements/fingerprint_content/latency_buckets	array	-
/rows/3/profiles/5/measurements/fingerprint_content/latency_buckets/0	integer	2155
/rows/3/profiles/5/measurements/fingerprint_content/latency_buckets/1	integer	1
/rows/3/profiles/5/measurements/fingerprint_content/latency_buckets/2	integer	1
/rows/3/profiles/5/measurements/fingerprint_content/latency_buckets/3	integer	0
/rows/3/profiles/5/measurements/fingerprint_content/latency_buckets/4	integer	0
/rows/3/profiles/5/measurements/fingerprint_content/max_ns	integer	32443549
/rows/3/profiles/5/measurements/fingerprint_content/total_ns	integer	48300369
/rows/3/profiles/5/measurements/fingerprint_content/units	integer	0
/rows/3/profiles/5/measurements/fingerprint_metadata	object	-
/rows/3/profiles/5/measurements/fingerprint_metadata/calls	integer	2163
/rows/3/profiles/5/measurements/fingerprint_metadata/latency_buckets	array	-
/rows/3/profiles/5/measurements/fingerprint_metadata/latency_buckets/0	integer	2163
/rows/3/profiles/5/measurements/fingerprint_metadata/latency_buckets/1	integer	0
/rows/3/profiles/5/measurements/fingerprint_metadata/latency_buckets/2	integer	0
/rows/3/profiles/5/measurements/fingerprint_metadata/latency_buckets/3	integer	0
/rows/3/profiles/5/measurements/fingerprint_metadata/latency_buckets/4	integer	0
/rows/3/profiles/5/measurements/fingerprint_metadata/max_ns	integer	7354
/rows/3/profiles/5/measurements/fingerprint_metadata/total_ns	integer	4685427
/rows/3/profiles/5/measurements/fingerprint_metadata/units	integer	0
/rows/3/profiles/5/measurements/fingerprint_xattrs	object	-
/rows/3/profiles/5/measurements/fingerprint_xattrs/calls	integer	2162
/rows/3/profiles/5/measurements/fingerprint_xattrs/latency_buckets	array	-
/rows/3/profiles/5/measurements/fingerprint_xattrs/latency_buckets/0	integer	2162
/rows/3/profiles/5/measurements/fingerprint_xattrs/latency_buckets/1	integer	0
/rows/3/profiles/5/measurements/fingerprint_xattrs/latency_buckets/2	integer	0
/rows/3/profiles/5/measurements/fingerprint_xattrs/latency_buckets/3	integer	0
/rows/3/profiles/5/measurements/fingerprint_xattrs/latency_buckets/4	integer	0
/rows/3/profiles/5/measurements/fingerprint_xattrs/max_ns	integer	32420
/rows/3/profiles/5/measurements/fingerprint_xattrs/total_ns	integer	2267342
/rows/3/profiles/5/measurements/fingerprint_xattrs/units	integer	0
/rows/3/profiles/5/measurements/fingerprinted_paths	object	-
/rows/3/profiles/5/measurements/fingerprinted_paths/calls	integer	0
/rows/3/profiles/5/measurements/fingerprinted_paths/latency_buckets	array	-
/rows/3/profiles/5/measurements/fingerprinted_paths/latency_buckets/0	integer	0
/rows/3/profiles/5/measurements/fingerprinted_paths/latency_buckets/1	integer	0
/rows/3/profiles/5/measurements/fingerprinted_paths/latency_buckets/2	integer	0
/rows/3/profiles/5/measurements/fingerprinted_paths/latency_buckets/3	integer	0
/rows/3/profiles/5/measurements/fingerprinted_paths/latency_buckets/4	integer	0
/rows/3/profiles/5/measurements/fingerprinted_paths/max_ns	integer	0
/rows/3/profiles/5/measurements/fingerprinted_paths/total_ns	integer	0
/rows/3/profiles/5/measurements/fingerprinted_paths/units	integer	2163
/rows/3/profiles/5/measurements/journal_log	object	-
/rows/3/profiles/5/measurements/journal_log/calls	integer	5671
/rows/3/profiles/5/measurements/journal_log/latency_buckets	array	-
/rows/3/profiles/5/measurements/journal_log/latency_buckets/0	integer	5657
/rows/3/profiles/5/measurements/journal_log/latency_buckets/1	integer	10
/rows/3/profiles/5/measurements/journal_log/latency_buckets/2	integer	4
/rows/3/profiles/5/measurements/journal_log/latency_buckets/3	integer	0
/rows/3/profiles/5/measurements/journal_log/latency_buckets/4	integer	0
/rows/3/profiles/5/measurements/journal_log/max_ns	integer	32539138
/rows/3/profiles/5/measurements/journal_log/total_ns	integer	291536490
/rows/3/profiles/5/measurements/journal_log/units	integer	0
/rows/3/profiles/5/measurements/layer_leaf_stats	object	-
/rows/3/profiles/5/measurements/layer_leaf_stats/calls	integer	0
/rows/3/profiles/5/measurements/layer_leaf_stats/latency_buckets	array	-
/rows/3/profiles/5/measurements/layer_leaf_stats/latency_buckets/0	integer	0
/rows/3/profiles/5/measurements/layer_leaf_stats/latency_buckets/1	integer	0
/rows/3/profiles/5/measurements/layer_leaf_stats/latency_buckets/2	integer	0
/rows/3/profiles/5/measurements/layer_leaf_stats/latency_buckets/3	integer	0
/rows/3/profiles/5/measurements/layer_leaf_stats/latency_buckets/4	integer	0
/rows/3/profiles/5/measurements/layer_leaf_stats/max_ns	integer	0
/rows/3/profiles/5/measurements/layer_leaf_stats/total_ns	integer	0
/rows/3/profiles/5/measurements/layer_leaf_stats/units	integer	92315
/rows/3/profiles/5/measurements/layer_parent_stats	object	-
/rows/3/profiles/5/measurements/layer_parent_stats/calls	integer	0
/rows/3/profiles/5/measurements/layer_parent_stats/latency_buckets	array	-
/rows/3/profiles/5/measurements/layer_parent_stats/latency_buckets/0	integer	0
/rows/3/profiles/5/measurements/layer_parent_stats/latency_buckets/1	integer	0
/rows/3/profiles/5/measurements/layer_parent_stats/latency_buckets/2	integer	0
/rows/3/profiles/5/measurements/layer_parent_stats/latency_buckets/3	integer	0
/rows/3/profiles/5/measurements/layer_parent_stats/latency_buckets/4	integer	0
/rows/3/profiles/5/measurements/layer_parent_stats/max_ns	integer	0
/rows/3/profiles/5/measurements/layer_parent_stats/total_ns	integer	0
/rows/3/profiles/5/measurements/layer_parent_stats/units	integer	168027
/rows/3/profiles/5/measurements/list_entries	object	-
/rows/3/profiles/5/measurements/list_entries/calls	integer	241
/rows/3/profiles/5/measurements/list_entries/latency_buckets	array	-
/rows/3/profiles/5/measurements/list_entries/latency_buckets/0	integer	240
/rows/3/profiles/5/measurements/list_entries/latency_buckets/1	integer	1
/rows/3/profiles/5/measurements/list_entries/latency_buckets/2	integer	0
/rows/3/profiles/5/measurements/list_entries/latency_buckets/3	integer	0
/rows/3/profiles/5/measurements/list_entries/latency_buckets/4	integer	0
/rows/3/profiles/5/measurements/list_entries/max_ns	integer	1167991
/rows/3/profiles/5/measurements/list_entries/total_ns	integer	73621325
/rows/3/profiles/5/measurements/list_entries/units	integer	0
/rows/3/profiles/5/measurements/metadata	object	-
/rows/3/profiles/5/measurements/metadata/calls	integer	17342
/rows/3/profiles/5/measurements/metadata/latency_buckets	array	-
/rows/3/profiles/5/measurements/metadata/latency_buckets/0	integer	17342
/rows/3/profiles/5/measurements/metadata/latency_buckets/1	integer	0
/rows/3/profiles/5/measurements/metadata/latency_buckets/2	integer	0
/rows/3/profiles/5/measurements/metadata/latency_buckets/3	integer	0
/rows/3/profiles/5/measurements/metadata/latency_buckets/4	integer	0
/rows/3/profiles/5/measurements/metadata/max_ns	integer	153607
/rows/3/profiles/5/measurements/metadata/total_ns	integer	337836050
/rows/3/profiles/5/measurements/metadata/units	integer	0
/rows/3/profiles/5/measurements/mount_identity_attempts	object	-
/rows/3/profiles/5/measurements/mount_identity_attempts/calls	integer	0
/rows/3/profiles/5/measurements/mount_identity_attempts/latency_buckets	array	-
/rows/3/profiles/5/measurements/mount_identity_attempts/latency_buckets/0	integer	0
/rows/3/profiles/5/measurements/mount_identity_attempts/latency_buckets/1	integer	0
/rows/3/profiles/5/measurements/mount_identity_attempts/latency_buckets/2	integer	0
/rows/3/profiles/5/measurements/mount_identity_attempts/latency_buckets/3	integer	0
/rows/3/profiles/5/measurements/mount_identity_attempts/latency_buckets/4	integer	0
/rows/3/profiles/5/measurements/mount_identity_attempts/max_ns	integer	0
/rows/3/profiles/5/measurements/mount_identity_attempts/total_ns	integer	0
/rows/3/profiles/5/measurements/mount_identity_attempts/units	integer	53161
/rows/3/profiles/5/measurements/observe_read	object	-
/rows/3/profiles/5/measurements/observe_read/calls	integer	4552
/rows/3/profiles/5/measurements/observe_read/latency_buckets	array	-
/rows/3/profiles/5/measurements/observe_read/latency_buckets/0	integer	4550
/rows/3/profiles/5/measurements/observe_read/latency_buckets/1	integer	1
/rows/3/profiles/5/measurements/observe_read/latency_buckets/2	integer	1
/rows/3/profiles/5/measurements/observe_read/latency_buckets/3	integer	0
/rows/3/profiles/5/measurements/observe_read/latency_buckets/4	integer	0
/rows/3/profiles/5/measurements/observe_read/max_ns	integer	32595153
/rows/3/profiles/5/measurements/observe_read/total_ns	integer	245929060
/rows/3/profiles/5/measurements/observe_read/units	integer	0
/rows/3/profiles/5/measurements/opaque_probe	object	-
/rows/3/profiles/5/measurements/opaque_probe/calls	integer	16231
/rows/3/profiles/5/measurements/opaque_probe/latency_buckets	array	-
/rows/3/profiles/5/measurements/opaque_probe/latency_buckets/0	integer	16231
/rows/3/profiles/5/measurements/opaque_probe/latency_buckets/1	integer	0
/rows/3/profiles/5/measurements/opaque_probe/latency_buckets/2	integer	0
/rows/3/profiles/5/measurements/opaque_probe/latency_buckets/3	integer	0
/rows/3/profiles/5/measurements/opaque_probe/latency_buckets/4	integer	0
/rows/3/profiles/5/measurements/opaque_probe/max_ns	integer	40857
/rows/3/profiles/5/measurements/opaque_probe/total_ns	integer	41414058
/rows/3/profiles/5/measurements/opaque_probe/units	integer	0
/rows/3/profiles/5/measurements/preimage	object	-
/rows/3/profiles/5/measurements/preimage/calls	integer	5671
/rows/3/profiles/5/measurements/preimage/latency_buckets	array	-
/rows/3/profiles/5/measurements/preimage/latency_buckets/0	integer	5657
/rows/3/profiles/5/measurements/preimage/latency_buckets/1	integer	10
/rows/3/profiles/5/measurements/preimage/latency_buckets/2	integer	4
/rows/3/profiles/5/measurements/preimage/latency_buckets/3	integer	0
/rows/3/profiles/5/measurements/preimage/latency_buckets/4	integer	0
/rows/3/profiles/5/measurements/preimage/max_ns	integer	32539610
/rows/3/profiles/5/measurements/preimage/total_ns	integer	292637823
/rows/3/profiles/5/measurements/preimage/units	integer	0
/rows/3/profiles/5/measurements/resolve	object	-
/rows/3/profiles/5/measurements/resolve/calls	integer	17381
/rows/3/profiles/5/measurements/resolve/latency_buckets	array	-
/rows/3/profiles/5/measurements/resolve/latency_buckets/0	integer	17381
/rows/3/profiles/5/measurements/resolve/latency_buckets/1	integer	0
/rows/3/profiles/5/measurements/resolve/latency_buckets/2	integer	0
/rows/3/profiles/5/measurements/resolve/latency_buckets/3	integer	0
/rows/3/profiles/5/measurements/resolve/latency_buckets/4	integer	0
/rows/3/profiles/5/measurements/resolve/max_ns	integer	113643
/rows/3/profiles/5/measurements/resolve/total_ns	integer	328829348
/rows/3/profiles/5/measurements/resolve/units	integer	0
/rows/3/profiles/5/measurements/resolve_components	object	-
/rows/3/profiles/5/measurements/resolve_components/calls	integer	0
/rows/3/profiles/5/measurements/resolve_components/latency_buckets	array	-
/rows/3/profiles/5/measurements/resolve_components/latency_buckets/0	integer	0
/rows/3/profiles/5/measurements/resolve_components/latency_buckets/1	integer	0
/rows/3/profiles/5/measurements/resolve_components/latency_buckets/2	integer	0
/rows/3/profiles/5/measurements/resolve_components/latency_buckets/3	integer	0
/rows/3/profiles/5/measurements/resolve_components/latency_buckets/4	integer	0
/rows/3/profiles/5/measurements/resolve_components/max_ns	integer	0
/rows/3/profiles/5/measurements/resolve_components/total_ns	integer	0
/rows/3/profiles/5/measurements/resolve_components/units	integer	67973
/rows/3/profiles/5/measurements/unavailable_upper_marker_skips	object	-
/rows/3/profiles/5/measurements/unavailable_upper_marker_skips/calls	integer	0
/rows/3/profiles/5/measurements/unavailable_upper_marker_skips/latency_buckets	array	-
/rows/3/profiles/5/measurements/unavailable_upper_marker_skips/latency_buckets/0	integer	0
/rows/3/profiles/5/measurements/unavailable_upper_marker_skips/latency_buckets/1	integer	0
/rows/3/profiles/5/measurements/unavailable_upper_marker_skips/latency_buckets/2	integer	0
/rows/3/profiles/5/measurements/unavailable_upper_marker_skips/latency_buckets/3	integer	0
/rows/3/profiles/5/measurements/unavailable_upper_marker_skips/latency_buckets/4	integer	0
/rows/3/profiles/5/measurements/unavailable_upper_marker_skips/max_ns	integer	0
/rows/3/profiles/5/measurements/unavailable_upper_marker_skips/total_ns	integer	0
/rows/3/profiles/5/measurements/unavailable_upper_marker_skips/units	integer	31873
/rows/3/profiles/5/measurements/whiteout_probe	object	-
/rows/3/profiles/5/measurements/whiteout_probe/calls	integer	24787
/rows/3/profiles/5/measurements/whiteout_probe/latency_buckets	array	-
/rows/3/profiles/5/measurements/whiteout_probe/latency_buckets/0	integer	24787
/rows/3/profiles/5/measurements/whiteout_probe/latency_buckets/1	integer	0
/rows/3/profiles/5/measurements/whiteout_probe/latency_buckets/2	integer	0
/rows/3/profiles/5/measurements/whiteout_probe/latency_buckets/3	integer	0
/rows/3/profiles/5/measurements/whiteout_probe/latency_buckets/4	integer	0
/rows/3/profiles/5/measurements/whiteout_probe/max_ns	integer	55474
/rows/3/profiles/5/measurements/whiteout_probe/total_ns	integer	22252764
/rows/3/profiles/5/measurements/whiteout_probe/units	integer	0
/rows/3/profiles/5/pid	integer	3739533
/rows/3/profiles/5/schema	integer	2
/rows/3/profiles/6	object	-
/rows/3/profiles/6/component	string	virtio-fs-overlay
/rows/3/profiles/6/final_record	boolean	false
/rows/3/profiles/6/inclusive_spans	boolean	true
/rows/3/profiles/6/instance	integer	6
/rows/3/profiles/6/measurements	object	-
/rows/3/profiles/6/measurements/backing_lookup	object	-
/rows/3/profiles/6/measurements/backing_lookup/calls	integer	12712
/rows/3/profiles/6/measurements/backing_lookup/latency_buckets	array	-
/rows/3/profiles/6/measurements/backing_lookup/latency_buckets/0	integer	12711
/rows/3/profiles/6/measurements/backing_lookup/latency_buckets/1	integer	0
/rows/3/profiles/6/measurements/backing_lookup/latency_buckets/2	integer	1
/rows/3/profiles/6/measurements/backing_lookup/latency_buckets/3	integer	0
/rows/3/profiles/6/measurements/backing_lookup/latency_buckets/4	integer	0
/rows/3/profiles/6/measurements/backing_lookup/max_ns	integer	10725410
/rows/3/profiles/6/measurements/backing_lookup/total_ns	integer	33532273
/rows/3/profiles/6/measurements/backing_lookup/units	integer	0
/rows/3/profiles/6/measurements/directory_cache_deep_hits	object	-
/rows/3/profiles/6/measurements/directory_cache_deep_hits/calls	integer	0
/rows/3/profiles/6/measurements/directory_cache_deep_hits/latency_buckets	array	-
/rows/3/profiles/6/measurements/directory_cache_deep_hits/latency_buckets/0	integer	0
/rows/3/profiles/6/measurements/directory_cache_deep_hits/latency_buckets/1	integer	0
/rows/3/profiles/6/measurements/directory_cache_deep_hits/latency_buckets/2	integer	0
/rows/3/profiles/6/measurements/directory_cache_deep_hits/latency_buckets/3	integer	0
/rows/3/profiles/6/measurements/directory_cache_deep_hits/latency_buckets/4	integer	0
/rows/3/profiles/6/measurements/directory_cache_deep_hits/max_ns	integer	0
/rows/3/profiles/6/measurements/directory_cache_deep_hits/total_ns	integer	0
/rows/3/profiles/6/measurements/directory_cache_deep_hits/units	integer	11628
/rows/3/profiles/6/measurements/directory_cache_hits	object	-
/rows/3/profiles/6/measurements/directory_cache_hits/calls	integer	0
/rows/3/profiles/6/measurements/directory_cache_hits/latency_buckets	array	-
/rows/3/profiles/6/measurements/directory_cache_hits/latency_buckets/0	integer	0
/rows/3/profiles/6/measurements/directory_cache_hits/latency_buckets/1	integer	0
/rows/3/profiles/6/measurements/directory_cache_hits/latency_buckets/2	integer	0
/rows/3/profiles/6/measurements/directory_cache_hits/latency_buckets/3	integer	0
/rows/3/profiles/6/measurements/directory_cache_hits/latency_buckets/4	integer	0
/rows/3/profiles/6/measurements/directory_cache_hits/max_ns	integer	0
/rows/3/profiles/6/measurements/directory_cache_hits/total_ns	integer	0
/rows/3/profiles/6/measurements/directory_cache_hits/units	integer	365
/rows/3/profiles/6/measurements/directory_cache_misses	object	-
/rows/3/profiles/6/measurements/directory_cache_misses/calls	integer	0
/rows/3/profiles/6/measurements/directory_cache_misses/latency_buckets	array	-
/rows/3/profiles/6/measurements/directory_cache_misses/latency_buckets/0	integer	0
/rows/3/profiles/6/measurements/directory_cache_misses/latency_buckets/1	integer	0
/rows/3/profiles/6/measurements/directory_cache_misses/latency_buckets/2	integer	0
/rows/3/profiles/6/measurements/directory_cache_misses/latency_buckets/3	integer	0
/rows/3/profiles/6/measurements/directory_cache_misses/latency_buckets/4	integer	0
/rows/3/profiles/6/measurements/directory_cache_misses/max_ns	integer	0
/rows/3/profiles/6/measurements/directory_cache_misses/total_ns	integer	0
/rows/3/profiles/6/measurements/directory_cache_misses/units	integer	131
/rows/3/profiles/6/measurements/entry	object	-
/rows/3/profiles/6/measurements/entry/calls	integer	7222
/rows/3/profiles/6/measurements/entry/latency_buckets	array	-
/rows/3/profiles/6/measurements/entry/latency_buckets/0	integer	7221
/rows/3/profiles/6/measurements/entry/latency_buckets/1	integer	0
/rows/3/profiles/6/measurements/entry/latency_buckets/2	integer	1
/rows/3/profiles/6/measurements/entry/latency_buckets/3	integer	0
/rows/3/profiles/6/measurements/entry/latency_buckets/4	integer	0
/rows/3/profiles/6/measurements/entry/max_ns	integer	10728196
/rows/3/profiles/6/measurements/entry/total_ns	integer	36450849
/rows/3/profiles/6/measurements/entry/units	integer	0
/rows/3/profiles/6/measurements/getattr	object	-
/rows/3/profiles/6/measurements/getattr/calls	integer	742
/rows/3/profiles/6/measurements/getattr/latency_buckets	array	-
/rows/3/profiles/6/measurements/getattr/latency_buckets/0	integer	742
/rows/3/profiles/6/measurements/getattr/latency_buckets/1	integer	0
/rows/3/profiles/6/measurements/getattr/latency_buckets/2	integer	0
/rows/3/profiles/6/measurements/getattr/latency_buckets/3	integer	0
/rows/3/profiles/6/measurements/getattr/latency_buckets/4	integer	0
/rows/3/profiles/6/measurements/getattr/max_ns	integer	85630
/rows/3/profiles/6/measurements/getattr/total_ns	integer	12174613
/rows/3/profiles/6/measurements/getattr/units	integer	0
/rows/3/profiles/6/measurements/inner_inode	object	-
/rows/3/profiles/6/measurements/inner_inode/calls	integer	12127
/rows/3/profiles/6/measurements/inner_inode/latency_buckets	array	-
/rows/3/profiles/6/measurements/inner_inode/latency_buckets/0	integer	12126
/rows/3/profiles/6/measurements/inner_inode/latency_buckets/1	integer	0
/rows/3/profiles/6/measurements/inner_inode/latency_buckets/2	integer	1
/rows/3/profiles/6/measurements/inner_inode/latency_buckets/3	integer	0
/rows/3/profiles/6/measurements/inner_inode/latency_buckets/4	integer	0
/rows/3/profiles/6/measurements/inner_inode/max_ns	integer	10727474
/rows/3/profiles/6/measurements/inner_inode/total_ns	integer	45367751
/rows/3/profiles/6/measurements/inner_inode/units	integer	0
/rows/3/profiles/6/measurements/lookup	object	-
/rows/3/profiles/6/measurements/lookup/calls	integer	3647
/rows/3/profiles/6/measurements/lookup/latency_buckets	array	-
/rows/3/profiles/6/measurements/lookup/latency_buckets/0	integer	3647
/rows/3/profiles/6/measurements/lookup/latency_buckets/1	integer	0
/rows/3/profiles/6/measurements/lookup/latency_buckets/2	integer	0
/rows/3/profiles/6/measurements/lookup/latency_buckets/3	integer	0
/rows/3/profiles/6/measurements/lookup/latency_buckets/4	integer	0
/rows/3/profiles/6/measurements/lookup/max_ns	integer	161832
/rows/3/profiles/6/measurements/lookup/total_ns	integer	129597058
/rows/3/profiles/6/measurements/lookup/units	integer	0
/rows/3/profiles/6/measurements/open	object	-
/rows/3/profiles/6/measurements/open/calls	integer	4245
/rows/3/profiles/6/measurements/open/latency_buckets	array	-
/rows/3/profiles/6/measurements/open/latency_buckets/0	integer	4242
/rows/3/profiles/6/measurements/open/latency_buckets/1	integer	2
/rows/3/profiles/6/measurements/open/latency_buckets/2	integer	1
/rows/3/profiles/6/measurements/open/latency_buckets/3	integer	0
/rows/3/profiles/6/measurements/open/latency_buckets/4	integer	0
/rows/3/profiles/6/measurements/open/max_ns	integer	32649624
/rows/3/profiles/6/measurements/open/total_ns	integer	277919439
/rows/3/profiles/6/measurements/open/units	integer	0
/rows/3/profiles/6/measurements/opendir	object	-
/rows/3/profiles/6/measurements/opendir/calls	integer	232
/rows/3/profiles/6/measurements/opendir/latency_buckets	array	-
/rows/3/profiles/6/measurements/opendir/latency_buckets/0	integer	231
/rows/3/profiles/6/measurements/opendir/latency_buckets/1	integer	1
/rows/3/profiles/6/measurements/opendir/latency_buckets/2	integer	0
/rows/3/profiles/6/measurements/opendir/latency_buckets/3	integer	0
/rows/3/profiles/6/measurements/opendir/latency_buckets/4	integer	0
/rows/3/profiles/6/measurements/opendir/max_ns	integer	1238913
/rows/3/profiles/6/measurements/opendir/total_ns	integer	77481780
/rows/3/profiles/6/measurements/opendir/units	integer	0
/rows/3/profiles/6/measurements/read	object	-
/rows/3/profiles/6/measurements/read/calls	integer	4758
/rows/3/profiles/6/measurements/read/latency_buckets	array	-
/rows/3/profiles/6/measurements/read/latency_buckets/0	integer	4758
/rows/3/profiles/6/measurements/read/latency_buckets/1	integer	0
/rows/3/profiles/6/measurements/read/latency_buckets/2	integer	0
/rows/3/profiles/6/measurements/read/latency_buckets/3	integer	0
/rows/3/profiles/6/measurements/read/latency_buckets/4	integer	0
/rows/3/profiles/6/measurements/read/max_ns	integer	377424
/rows/3/profiles/6/measurements/read/total_ns	integer	18433851
/rows/3/profiles/6/measurements/read/units	integer	0
/rows/3/profiles/6/measurements/readdirplus	object	-
/rows/3/profiles/6/measurements/readdirplus/calls	integer	235
/rows/3/profiles/6/measurements/readdirplus/latency_buckets	array	-
/rows/3/profiles/6/measurements/readdirplus/latency_buckets/0	integer	234
/rows/3/profiles/6/measurements/readdirplus/latency_buckets/1	integer	0
/rows/3/profiles/6/measurements/readdirplus/latency_buckets/2	integer	1
/rows/3/profiles/6/measurements/readdirplus/latency_buckets/3	integer	0
/rows/3/profiles/6/measurements/readdirplus/latency_buckets/4	integer	0
/rows/3/profiles/6/measurements/readdirplus/max_ns	integer	11085682
/rows/3/profiles/6/measurements/readdirplus/total_ns	integer	72262658
/rows/3/profiles/6/measurements/readdirplus/units	integer	0
/rows/3/profiles/6/measurements/write	object	-
/rows/3/profiles/6/measurements/write/calls	integer	296
/rows/3/profiles/6/measurements/write/latency_buckets	array	-
/rows/3/profiles/6/measurements/write/latency_buckets/0	integer	296
/rows/3/profiles/6/measurements/write/latency_buckets/1	integer	0
/rows/3/profiles/6/measurements/write/latency_buckets/2	integer	0
/rows/3/profiles/6/measurements/write/latency_buckets/3	integer	0
/rows/3/profiles/6/measurements/write/latency_buckets/4	integer	0
/rows/3/profiles/6/measurements/write/max_ns	integer	88014
/rows/3/profiles/6/measurements/write/total_ns	integer	2951594
/rows/3/profiles/6/measurements/write/units	integer	0
/rows/3/profiles/6/pid	integer	3739533
/rows/3/profiles/6/schema	integer	2
/rows/3/profiles/7	object	-
/rows/3/profiles/7/component	string	virtio-fs-protocol
/rows/3/profiles/7/final_record	boolean	false
/rows/3/profiles/7/inclusive_spans	boolean	true
/rows/3/profiles/7/instance	integer	7
/rows/3/profiles/7/measurements	object	-
/rows/3/profiles/7/measurements/CREATE	object	-
/rows/3/profiles/7/measurements/CREATE/calls	integer	283
/rows/3/profiles/7/measurements/CREATE/latency_buckets	array	-
/rows/3/profiles/7/measurements/CREATE/latency_buckets/0	integer	276
/rows/3/profiles/7/measurements/CREATE/latency_buckets/1	integer	6
/rows/3/profiles/7/measurements/CREATE/latency_buckets/2	integer	1
/rows/3/profiles/7/measurements/CREATE/latency_buckets/3	integer	0
/rows/3/profiles/7/measurements/CREATE/latency_buckets/4	integer	0
/rows/3/profiles/7/measurements/CREATE/max_ns	integer	24992501
/rows/3/profiles/7/measurements/CREATE/total_ns	integer	143443093
/rows/3/profiles/7/measurements/CREATE/units	integer	0
/rows/3/profiles/7/measurements/FLUSH	object	-
/rows/3/profiles/7/measurements/FLUSH/calls	integer	4533
/rows/3/profiles/7/measurements/FLUSH/latency_buckets	array	-
/rows/3/profiles/7/measurements/FLUSH/latency_buckets/0	integer	4533
/rows/3/profiles/7/measurements/FLUSH/latency_buckets/1	integer	0
/rows/3/profiles/7/measurements/FLUSH/latency_buckets/2	integer	0
/rows/3/profiles/7/measurements/FLUSH/latency_buckets/3	integer	0
/rows/3/profiles/7/measurements/FLUSH/latency_buckets/4	integer	0
/rows/3/profiles/7/measurements/FLUSH/max_ns	integer	40616
/rows/3/profiles/7/measurements/FLUSH/total_ns	integer	5728252
/rows/3/profiles/7/measurements/FLUSH/units	integer	0
/rows/3/profiles/7/measurements/FORGET	object	-
/rows/3/profiles/7/measurements/FORGET/calls	integer	13
/rows/3/profiles/7/measurements/FORGET/latency_buckets	array	-
/rows/3/profiles/7/measurements/FORGET/latency_buckets/0	integer	13
/rows/3/profiles/7/measurements/FORGET/latency_buckets/1	integer	0
/rows/3/profiles/7/measurements/FORGET/latency_buckets/2	integer	0
/rows/3/profiles/7/measurements/FORGET/latency_buckets/3	integer	0
/rows/3/profiles/7/measurements/FORGET/latency_buckets/4	integer	0
/rows/3/profiles/7/measurements/FORGET/max_ns	integer	961
/rows/3/profiles/7/measurements/FORGET/total_ns	integer	8795
/rows/3/profiles/7/measurements/FORGET/units	integer	0
/rows/3/profiles/7/measurements/FSYNC	object	-
/rows/3/profiles/7/measurements/FSYNC/calls	integer	3
/rows/3/profiles/7/measurements/FSYNC/latency_buckets	array	-
/rows/3/profiles/7/measurements/FSYNC/latency_buckets/0	integer	3
/rows/3/profiles/7/measurements/FSYNC/latency_buckets/1	integer	0
/rows/3/profiles/7/measurements/FSYNC/latency_buckets/2	integer	0
/rows/3/profiles/7/measurements/FSYNC/latency_buckets/3	integer	0
/rows/3/profiles/7/measurements/FSYNC/latency_buckets/4	integer	0
/rows/3/profiles/7/measurements/FSYNC/max_ns	integer	701068
/rows/3/profiles/7/measurements/FSYNC/total_ns	integer	1573245
/rows/3/profiles/7/measurements/FSYNC/units	integer	0
/rows/3/profiles/7/measurements/FSYNCDIR	object	-
/rows/3/profiles/7/measurements/FSYNCDIR/calls	integer	1
/rows/3/profiles/7/measurements/FSYNCDIR/latency_buckets	array	-
/rows/3/profiles/7/measurements/FSYNCDIR/latency_buckets/0	integer	1
/rows/3/profiles/7/measurements/FSYNCDIR/latency_buckets/1	integer	0
/rows/3/profiles/7/measurements/FSYNCDIR/latency_buckets/2	integer	0
/rows/3/profiles/7/measurements/FSYNCDIR/latency_buckets/3	integer	0
/rows/3/profiles/7/measurements/FSYNCDIR/latency_buckets/4	integer	0
/rows/3/profiles/7/measurements/FSYNCDIR/max_ns	integer	1072
/rows/3/profiles/7/measurements/FSYNCDIR/total_ns	integer	1072
/rows/3/profiles/7/measurements/FSYNCDIR/units	integer	0
/rows/3/profiles/7/measurements/GETATTR	object	-
/rows/3/profiles/7/measurements/GETATTR/calls	integer	743
/rows/3/profiles/7/measurements/GETATTR/latency_buckets	array	-
/rows/3/profiles/7/measurements/GETATTR/latency_buckets/0	integer	743
/rows/3/profiles/7/measurements/GETATTR/latency_buckets/1	integer	0
/rows/3/profiles/7/measurements/GETATTR/latency_buckets/2	integer	0
/rows/3/profiles/7/measurements/GETATTR/latency_buckets/3	integer	0
/rows/3/profiles/7/measurements/GETATTR/latency_buckets/4	integer	0
/rows/3/profiles/7/measurements/GETATTR/max_ns	integer	102531
/rows/3/profiles/7/measurements/GETATTR/total_ns	integer	13005000
/rows/3/profiles/7/measurements/GETATTR/units	integer	0
/rows/3/profiles/7/measurements/GETXATTR	object	-
/rows/3/profiles/7/measurements/GETXATTR/calls	integer	280
/rows/3/profiles/7/measurements/GETXATTR/latency_buckets	array	-
/rows/3/profiles/7/measurements/GETXATTR/latency_buckets/0	integer	280
/rows/3/profiles/7/measurements/GETXATTR/latency_buckets/1	integer	0
/rows/3/profiles/7/measurements/GETXATTR/latency_buckets/2	integer	0
/rows/3/profiles/7/measurements/GETXATTR/latency_buckets/3	integer	0
/rows/3/profiles/7/measurements/GETXATTR/latency_buckets/4	integer	0
/rows/3/profiles/7/measurements/GETXATTR/max_ns	integer	230320
/rows/3/profiles/7/measurements/GETXATTR/total_ns	integer	6624675
/rows/3/profiles/7/measurements/GETXATTR/units	integer	0
/rows/3/profiles/7/measurements/LOOKUP	object	-
/rows/3/profiles/7/measurements/LOOKUP/calls	integer	3647
/rows/3/profiles/7/measurements/LOOKUP/latency_buckets	array	-
/rows/3/profiles/7/measurements/LOOKUP/latency_buckets/0	integer	3647
/rows/3/profiles/7/measurements/LOOKUP/latency_buckets/1	integer	0
/rows/3/profiles/7/measurements/LOOKUP/latency_buckets/2	integer	0
/rows/3/profiles/7/measurements/LOOKUP/latency_buckets/3	integer	0
/rows/3/profiles/7/measurements/LOOKUP/latency_buckets/4	integer	0
/rows/3/profiles/7/measurements/LOOKUP/max_ns	integer	168224
/rows/3/profiles/7/measurements/LOOKUP/total_ns	integer	135531633
/rows/3/profiles/7/measurements/LOOKUP/units	integer	0
/rows/3/profiles/7/measurements/MKDIR	object	-
/rows/3/profiles/7/measurements/MKDIR/calls	integer	15
/rows/3/profiles/7/measurements/MKDIR/latency_buckets	array	-
/rows/3/profiles/7/measurements/MKDIR/latency_buckets/0	integer	9
/rows/3/profiles/7/measurements/MKDIR/latency_buckets/1	integer	4
/rows/3/profiles/7/measurements/MKDIR/latency_buckets/2	integer	2
/rows/3/profiles/7/measurements/MKDIR/latency_buckets/3	integer	0
/rows/3/profiles/7/measurements/MKDIR/latency_buckets/4	integer	0
/rows/3/profiles/7/measurements/MKDIR/max_ns	integer	25567424
/rows/3/profiles/7/measurements/MKDIR/total_ns	integer	61348143
/rows/3/profiles/7/measurements/MKDIR/units	integer	0
/rows/3/profiles/7/measurements/OPEN	object	-
/rows/3/profiles/7/measurements/OPEN/calls	integer	4245
/rows/3/profiles/7/measurements/OPEN/latency_buckets	array	-
/rows/3/profiles/7/measurements/OPEN/latency_buckets/0	integer	4242
/rows/3/profiles/7/measurements/OPEN/latency_buckets/1	integer	2
/rows/3/profiles/7/measurements/OPEN/latency_buckets/2	integer	1
/rows/3/profiles/7/measurements/OPEN/latency_buckets/3	integer	0
/rows/3/profiles/7/measurements/OPEN/latency_buckets/4	integer	0
/rows/3/profiles/7/measurements/OPEN/max_ns	integer	32661156
/rows/3/profiles/7/measurements/OPEN/total_ns	integer	281996105
/rows/3/profiles/7/measurements/OPEN/units	integer	0
/rows/3/profiles/7/measurements/OPENDIR	object	-
/rows/3/profiles/7/measurements/OPENDIR/calls	integer	232
/rows/3/profiles/7/measurements/OPENDIR/latency_buckets	array	-
/rows/3/profiles/7/measurements/OPENDIR/latency_buckets/0	integer	231
/rows/3/profiles/7/measurements/OPENDIR/latency_buckets/1	integer	1
/rows/3/profiles/7/measurements/OPENDIR/latency_buckets/2	integer	0
/rows/3/profiles/7/measurements/OPENDIR/latency_buckets/3	integer	0
/rows/3/profiles/7/measurements/OPENDIR/latency_buckets/4	integer	0
/rows/3/profiles/7/measurements/OPENDIR/max_ns	integer	1240225
/rows/3/profiles/7/measurements/OPENDIR/total_ns	integer	77670498
/rows/3/profiles/7/measurements/OPENDIR/units	integer	0
/rows/3/profiles/7/measurements/OTHER	object	-
/rows/3/profiles/7/measurements/OTHER/calls	integer	3
/rows/3/profiles/7/measurements/OTHER/latency_buckets	array	-
/rows/3/profiles/7/measurements/OTHER/latency_buckets/0	integer	3
/rows/3/profiles/7/measurements/OTHER/latency_buckets/1	integer	0
/rows/3/profiles/7/measurements/OTHER/latency_buckets/2	integer	0
/rows/3/profiles/7/measurements/OTHER/latency_buckets/3	integer	0
/rows/3/profiles/7/measurements/OTHER/latency_buckets/4	integer	0
/rows/3/profiles/7/measurements/OTHER/max_ns	integer	467773
/rows/3/profiles/7/measurements/OTHER/total_ns	integer	485527
/rows/3/profiles/7/measurements/OTHER/units	integer	0
/rows/3/profiles/7/measurements/READ	object	-
/rows/3/profiles/7/measurements/READ/calls	integer	4758
/rows/3/profiles/7/measurements/READ/latency_buckets	array	-
/rows/3/profiles/7/measurements/READ/latency_buckets/0	integer	4758
/rows/3/profiles/7/measurements/READ/latency_buckets/1	integer	0
/rows/3/profiles/7/measurements/READ/latency_buckets/2	integer	0
/rows/3/profiles/7/measurements/READ/latency_buckets/3	integer	0
/rows/3/profiles/7/measurements/READ/latency_buckets/4	integer	0
/rows/3/profiles/7/measurements/READ/max_ns	integer	379117
/rows/3/profiles/7/measurements/READ/total_ns	integer	22879221
/rows/3/profiles/7/measurements/READ/units	integer	0
/rows/3/profiles/7/measurements/READDIR	object	-
/rows/3/profiles/7/measurements/READDIR/calls	integer	354
/rows/3/profiles/7/measurements/READDIR/latency_buckets	array	-
/rows/3/profiles/7/measurements/READDIR/latency_buckets/0	integer	354
/rows/3/profiles/7/measurements/READDIR/latency_buckets/1	integer	0
/rows/3/profiles/7/measurements/READDIR/latency_buckets/2	integer	0
/rows/3/profiles/7/measurements/READDIR/latency_buckets/3	integer	0
/rows/3/profiles/7/measurements/READDIR/latency_buckets/4	integer	0
/rows/3/profiles/7/measurements/READDIR/max_ns	integer	84477
/rows/3/profiles/7/measurements/READDIR/total_ns	integer	1042673
/rows/3/profiles/7/measurements/READDIR/units	integer	0
/rows/3/profiles/7/measurements/READDIRPLUS	object	-
/rows/3/profiles/7/measurements/READDIRPLUS/calls	integer	235
/rows/3/profiles/7/measurements/READDIRPLUS/latency_buckets	array	-
/rows/3/profiles/7/measurements/READDIRPLUS/latency_buckets/0	integer	234
/rows/3/profiles/7/measurements/READDIRPLUS/latency_buckets/1	integer	0
/rows/3/profiles/7/measurements/READDIRPLUS/latency_buckets/2	integer	1
/rows/3/profiles/7/measurements/READDIRPLUS/latency_buckets/3	integer	0
/rows/3/profiles/7/measurements/READDIRPLUS/latency_buckets/4	integer	0
/rows/3/profiles/7/measurements/READDIRPLUS/max_ns	integer	11086314
/rows/3/profiles/7/measurements/READDIRPLUS/total_ns	integer	72462234
/rows/3/profiles/7/measurements/READDIRPLUS/units	integer	0
/rows/3/profiles/7/measurements/READLINK	object	-
/rows/3/profiles/7/measurements/READLINK/calls	integer	32
/rows/3/profiles/7/measurements/READLINK/latency_buckets	array	-
/rows/3/profiles/7/measurements/READLINK/latency_buckets/0	integer	32
/rows/3/profiles/7/measurements/READLINK/latency_buckets/1	integer	0
/rows/3/profiles/7/measurements/READLINK/latency_buckets/2	integer	0
/rows/3/profiles/7/measurements/READLINK/latency_buckets/3	integer	0
/rows/3/profiles/7/measurements/READLINK/latency_buckets/4	integer	0
/rows/3/profiles/7/measurements/READLINK/max_ns	integer	111989
/rows/3/profiles/7/measurements/READLINK/total_ns	integer	1461516
/rows/3/profiles/7/measurements/READLINK/units	integer	0
/rows/3/profiles/7/measurements/RELEASE	object	-
/rows/3/profiles/7/measurements/RELEASE/calls	integer	4528
/rows/3/profiles/7/measurements/RELEASE/latency_buckets	array	-
/rows/3/profiles/7/measurements/RELEASE/latency_buckets/0	integer	4528
/rows/3/profiles/7/measurements/RELEASE/latency_buckets/1	integer	0
/rows/3/profiles/7/measurements/RELEASE/latency_buckets/2	integer	0
/rows/3/profiles/7/measurements/RELEASE/latency_buckets/3	integer	0
/rows/3/profiles/7/measurements/RELEASE/latency_buckets/4	integer	0
/rows/3/profiles/7/measurements/RELEASE/max_ns	integer	326048
/rows/3/profiles/7/measurements/RELEASE/total_ns	integer	13732305
/rows/3/profiles/7/measurements/RELEASE/units	integer	0
/rows/3/profiles/7/measurements/RELEASEDIR	object	-
/rows/3/profiles/7/measurements/RELEASEDIR/calls	integer	232
/rows/3/profiles/7/measurements/RELEASEDIR/latency_buckets	array	-
/rows/3/profiles/7/measurements/RELEASEDIR/latency_buckets/0	integer	232
/rows/3/profiles/7/measurements/RELEASEDIR/latency_buckets/1	integer	0
/rows/3/profiles/7/measurements/RELEASEDIR/latency_buckets/2	integer	0
/rows/3/profiles/7/measurements/RELEASEDIR/latency_buckets/3	integer	0
/rows/3/profiles/7/measurements/RELEASEDIR/latency_buckets/4	integer	0
/rows/3/profiles/7/measurements/RELEASEDIR/max_ns	integer	5410
/rows/3/profiles/7/measurements/RELEASEDIR/total_ns	integer	313913
/rows/3/profiles/7/measurements/RELEASEDIR/units	integer	0
/rows/3/profiles/7/measurements/RENAME	object	-
/rows/3/profiles/7/measurements/RENAME/calls	integer	3
/rows/3/profiles/7/measurements/RENAME/latency_buckets	array	-
/rows/3/profiles/7/measurements/RENAME/latency_buckets/0	integer	2
/rows/3/profiles/7/measurements/RENAME/latency_buckets/1	integer	1
/rows/3/profiles/7/measurements/RENAME/latency_buckets/2	integer	0
/rows/3/profiles/7/measurements/RENAME/latency_buckets/3	integer	0
/rows/3/profiles/7/measurements/RENAME/latency_buckets/4	integer	0
/rows/3/profiles/7/measurements/RENAME/max_ns	integer	1140729
/rows/3/profiles/7/measurements/RENAME/total_ns	integer	2909039
/rows/3/profiles/7/measurements/RENAME/units	integer	0
/rows/3/profiles/7/measurements/RMDIR	object	-
/rows/3/profiles/7/measurements/RMDIR/calls	integer	3
/rows/3/profiles/7/measurements/RMDIR/latency_buckets	array	-
/rows/3/profiles/7/measurements/RMDIR/latency_buckets/0	integer	3
/rows/3/profiles/7/measurements/RMDIR/latency_buckets/1	integer	0
/rows/3/profiles/7/measurements/RMDIR/latency_buckets/2	integer	0
/rows/3/profiles/7/measurements/RMDIR/latency_buckets/3	integer	0
/rows/3/profiles/7/measurements/RMDIR/latency_buckets/4	integer	0
/rows/3/profiles/7/measurements/RMDIR/max_ns	integer	281165
/rows/3/profiles/7/measurements/RMDIR/total_ns	integer	810933
/rows/3/profiles/7/measurements/RMDIR/units	integer	0
/rows/3/profiles/7/measurements/SETATTR	object	-
/rows/3/profiles/7/measurements/SETATTR/calls	integer	5
/rows/3/profiles/7/measurements/SETATTR/latency_buckets	array	-
/rows/3/profiles/7/measurements/SETATTR/latency_buckets/0	integer	5
/rows/3/profiles/7/measurements/SETATTR/latency_buckets/1	integer	0
/rows/3/profiles/7/measurements/SETATTR/latency_buckets/2	integer	0
/rows/3/profiles/7/measurements/SETATTR/latency_buckets/3	integer	0
/rows/3/profiles/7/measurements/SETATTR/latency_buckets/4	integer	0
/rows/3/profiles/7/measurements/SETATTR/max_ns	integer	59642
/rows/3/profiles/7/measurements/SETATTR/total_ns	integer	219761
/rows/3/profiles/7/measurements/SETATTR/units	integer	0
/rows/3/profiles/7/measurements/STATFS	object	-
/rows/3/profiles/7/measurements/STATFS/calls	integer	13
/rows/3/profiles/7/measurements/STATFS/latency_buckets	array	-
/rows/3/profiles/7/measurements/STATFS/latency_buckets/0	integer	13
/rows/3/profiles/7/measurements/STATFS/latency_buckets/1	integer	0
/rows/3/profiles/7/measurements/STATFS/latency_buckets/2	integer	0
/rows/3/profiles/7/measurements/STATFS/latency_buckets/3	integer	0
/rows/3/profiles/7/measurements/STATFS/latency_buckets/4	integer	0
/rows/3/profiles/7/measurements/STATFS/max_ns	integer	34344
/rows/3/profiles/7/measurements/STATFS/total_ns	integer	323104
/rows/3/profiles/7/measurements/STATFS/units	integer	0
/rows/3/profiles/7/measurements/SYMLINK	object	-
/rows/3/profiles/7/measurements/SYMLINK/calls	integer	32
/rows/3/profiles/7/measurements/SYMLINK/latency_buckets	array	-
/rows/3/profiles/7/measurements/SYMLINK/latency_buckets/0	integer	32
/rows/3/profiles/7/measurements/SYMLINK/latency_buckets/1	integer	0
/rows/3/profiles/7/measurements/SYMLINK/latency_buckets/2	integer	0
/rows/3/profiles/7/measurements/SYMLINK/latency_buckets/3	integer	0
/rows/3/profiles/7/measurements/SYMLINK/latency_buckets/4	integer	0
/rows/3/profiles/7/measurements/SYMLINK/max_ns	integer	705697
/rows/3/profiles/7/measurements/SYMLINK/total_ns	integer	14318288
/rows/3/profiles/7/measurements/SYMLINK/units	integer	0
/rows/3/profiles/7/measurements/UNLINK	object	-
/rows/3/profiles/7/measurements/UNLINK/calls	integer	9
/rows/3/profiles/7/measurements/UNLINK/latency_buckets	array	-
/rows/3/profiles/7/measurements/UNLINK/latency_buckets/0	integer	9
/rows/3/profiles/7/measurements/UNLINK/latency_buckets/1	integer	0
/rows/3/profiles/7/measurements/UNLINK/latency_buckets/2	integer	0
/rows/3/profiles/7/measurements/UNLINK/latency_buckets/3	integer	0
/rows/3/profiles/7/measurements/UNLINK/latency_buckets/4	integer	0
/rows/3/profiles/7/measurements/UNLINK/max_ns	integer	659632
/rows/3/profiles/7/measurements/UNLINK/total_ns	integer	3546922
/rows/3/profiles/7/measurements/UNLINK/units	integer	0
/rows/3/profiles/7/measurements/WRITE	object	-
/rows/3/profiles/7/measurements/WRITE/calls	integer	296
/rows/3/profiles/7/measurements/WRITE/latency_buckets	array	-
/rows/3/profiles/7/measurements/WRITE/latency_buckets/0	integer	296
/rows/3/profiles/7/measurements/WRITE/latency_buckets/1	integer	0
/rows/3/profiles/7/measurements/WRITE/latency_buckets/2	integer	0
/rows/3/profiles/7/measurements/WRITE/latency_buckets/3	integer	0
/rows/3/profiles/7/measurements/WRITE/latency_buckets/4	integer	0
/rows/3/profiles/7/measurements/WRITE/max_ns	integer	89217
/rows/3/profiles/7/measurements/WRITE/total_ns	integer	3186758
/rows/3/profiles/7/measurements/WRITE/units	integer	0
/rows/3/profiles/7/measurements/request_bytes	object	-
/rows/3/profiles/7/measurements/request_bytes/calls	integer	0
/rows/3/profiles/7/measurements/request_bytes/latency_buckets	array	-
/rows/3/profiles/7/measurements/request_bytes/latency_buckets/0	integer	0
/rows/3/profiles/7/measurements/request_bytes/latency_buckets/1	integer	0
/rows/3/profiles/7/measurements/request_bytes/latency_buckets/2	integer	0
/rows/3/profiles/7/measurements/request_bytes/latency_buckets/3	integer	0
/rows/3/profiles/7/measurements/request_bytes/latency_buckets/4	integer	0
/rows/3/profiles/7/measurements/request_bytes/max_ns	integer	0
/rows/3/profiles/7/measurements/request_bytes/total_ns	integer	0
/rows/3/profiles/7/measurements/request_bytes/units	integer	19032856
/rows/3/profiles/7/pid	integer	3739533
/rows/3/profiles/7/schema	integer	2
/rows/3/profiles/8	object	-
/rows/3/profiles/8/component	string	virtio-fs-dispatch
/rows/3/profiles/8/final_record	boolean	false
/rows/3/profiles/8/inclusive_spans	boolean	true
/rows/3/profiles/8/instance	integer	8
/rows/3/profiles/8/measurements	object	-
/rows/3/profiles/8/measurements/admission	object	-
/rows/3/profiles/8/measurements/admission/calls	integer	18878
/rows/3/profiles/8/measurements/admission/latency_buckets	array	-
/rows/3/profiles/8/measurements/admission/latency_buckets/0	integer	18842
/rows/3/profiles/8/measurements/admission/latency_buckets/1	integer	31
/rows/3/profiles/8/measurements/admission/latency_buckets/2	integer	5
/rows/3/profiles/8/measurements/admission/latency_buckets/3	integer	0
/rows/3/profiles/8/measurements/admission/latency_buckets/4	integer	0
/rows/3/profiles/8/measurements/admission/max_ns	integer	32705929
/rows/3/profiles/8/measurements/admission/total_ns	integer	1134395831
/rows/3/profiles/8/measurements/admission/units	integer	0
/rows/3/profiles/8/measurements/inline_requests	object	-
/rows/3/profiles/8/measurements/inline_requests/calls	integer	0
/rows/3/profiles/8/measurements/inline_requests/latency_buckets	array	-
/rows/3/profiles/8/measurements/inline_requests/latency_buckets/0	integer	0
/rows/3/profiles/8/measurements/inline_requests/latency_buckets/1	integer	0
/rows/3/profiles/8/measurements/inline_requests/latency_buckets/2	integer	0
/rows/3/profiles/8/measurements/inline_requests/latency_buckets/3	integer	0
/rows/3/profiles/8/measurements/inline_requests/latency_buckets/4	integer	0
/rows/3/profiles/8/measurements/inline_requests/max_ns	integer	0
/rows/3/profiles/8/measurements/inline_requests/total_ns	integer	0
/rows/3/profiles/8/measurements/inline_requests/units	integer	24398
/rows/3/profiles/8/measurements/pool_requests	object	-
/rows/3/profiles/8/measurements/pool_requests/calls	integer	0
/rows/3/profiles/8/measurements/pool_requests/latency_buckets	array	-
/rows/3/profiles/8/measurements/pool_requests/latency_buckets/0	integer	0
/rows/3/profiles/8/measurements/pool_requests/latency_buckets/1	integer	0
/rows/3/profiles/8/measurements/pool_requests/latency_buckets/2	integer	0
/rows/3/profiles/8/measurements/pool_requests/latency_buckets/3	integer	0
/rows/3/profiles/8/measurements/pool_requests/latency_buckets/4	integer	0
/rows/3/profiles/8/measurements/pool_requests/max_ns	integer	0
/rows/3/profiles/8/measurements/pool_requests/total_ns	integer	0
/rows/3/profiles/8/measurements/pool_requests/units	integer	100
/rows/3/profiles/8/measurements/pool_workers	object	-
/rows/3/profiles/8/measurements/pool_workers/calls	integer	0
/rows/3/profiles/8/measurements/pool_workers/latency_buckets	array	-
/rows/3/profiles/8/measurements/pool_workers/latency_buckets/0	integer	0
/rows/3/profiles/8/measurements/pool_workers/latency_buckets/1	integer	0
/rows/3/profiles/8/measurements/pool_workers/latency_buckets/2	integer	0
/rows/3/profiles/8/measurements/pool_workers/latency_buckets/3	integer	0
/rows/3/profiles/8/measurements/pool_workers/latency_buckets/4	integer	0
/rows/3/profiles/8/measurements/pool_workers/max_ns	integer	0
/rows/3/profiles/8/measurements/pool_workers/total_ns	integer	0
/rows/3/profiles/8/measurements/pool_workers/units	integer	2
/rows/3/profiles/8/pid	integer	3739533
/rows/3/profiles/8/schema	integer	2
/rows/3/variant	string	candidate
/rows/4	object	-
/rows/4/backend	string	pvisor-vm
/rows/4/profiles	array	-
/rows/4/profiles/0	object	-
/rows/4/profiles/0/component	string	overlay-core
/rows/4/profiles/0/final_record	boolean	true
/rows/4/profiles/0/inclusive_spans	boolean	true
/rows/4/profiles/0/instance	integer	1
/rows/4/profiles/0/measurements	object	-
/rows/4/profiles/0/pid	integer	3739934
/rows/4/profiles/0/schema	integer	2
/rows/4/profiles/1	object	-
/rows/4/profiles/1/component	string	overlay-core
/rows/4/profiles/1/final_record	boolean	false
/rows/4/profiles/1/inclusive_spans	boolean	true
/rows/4/profiles/1/instance	integer	1
/rows/4/profiles/1/measurements	object	-
/rows/4/profiles/1/measurements/copy_up	object	-
/rows/4/profiles/1/measurements/copy_up/calls	integer	330
/rows/4/profiles/1/measurements/copy_up/latency_buckets	array	-
/rows/4/profiles/1/measurements/copy_up/latency_buckets/0	integer	330
/rows/4/profiles/1/measurements/copy_up/latency_buckets/1	integer	0
/rows/4/profiles/1/measurements/copy_up/latency_buckets/2	integer	0
/rows/4/profiles/1/measurements/copy_up/latency_buckets/3	integer	0
/rows/4/profiles/1/measurements/copy_up/latency_buckets/4	integer	0
/rows/4/profiles/1/measurements/copy_up/max_ns	integer	5921
/rows/4/profiles/1/measurements/copy_up/total_ns	integer	659472
/rows/4/profiles/1/measurements/copy_up/units	integer	0
/rows/4/profiles/1/measurements/layer_leaf_stats	object	-
/rows/4/profiles/1/measurements/layer_leaf_stats/calls	integer	0
/rows/4/profiles/1/measurements/layer_leaf_stats/latency_buckets	array	-
/rows/4/profiles/1/measurements/layer_leaf_stats/latency_buckets/0	integer	0
/rows/4/profiles/1/measurements/layer_leaf_stats/latency_buckets/1	integer	0
/rows/4/profiles/1/measurements/layer_leaf_stats/latency_buckets/2	integer	0
/rows/4/profiles/1/measurements/layer_leaf_stats/latency_buckets/3	integer	0
/rows/4/profiles/1/measurements/layer_leaf_stats/latency_buckets/4	integer	0
/rows/4/profiles/1/measurements/layer_leaf_stats/max_ns	integer	0
/rows/4/profiles/1/measurements/layer_leaf_stats/total_ns	integer	0
/rows/4/profiles/1/measurements/layer_leaf_stats/units	integer	70972
/rows/4/profiles/1/measurements/layer_parent_stats	object	-
/rows/4/profiles/1/measurements/layer_parent_stats/calls	integer	0
/rows/4/profiles/1/measurements/layer_parent_stats/latency_buckets	array	-
/rows/4/profiles/1/measurements/layer_parent_stats/latency_buckets/0	integer	0
/rows/4/profiles/1/measurements/layer_parent_stats/latency_buckets/1	integer	0
/rows/4/profiles/1/measurements/layer_parent_stats/latency_buckets/2	integer	0
/rows/4/profiles/1/measurements/layer_parent_stats/latency_buckets/3	integer	0
/rows/4/profiles/1/measurements/layer_parent_stats/latency_buckets/4	integer	0
/rows/4/profiles/1/measurements/layer_parent_stats/max_ns	integer	0
/rows/4/profiles/1/measurements/layer_parent_stats/total_ns	integer	0
/rows/4/profiles/1/measurements/layer_parent_stats/units	integer	120140
/rows/4/profiles/1/measurements/list_entries	object	-
/rows/4/profiles/1/measurements/list_entries/calls	integer	71
/rows/4/profiles/1/measurements/list_entries/latency_buckets	array	-
/rows/4/profiles/1/measurements/list_entries/latency_buckets/0	integer	53
/rows/4/profiles/1/measurements/list_entries/latency_buckets/1	integer	18
/rows/4/profiles/1/measurements/list_entries/latency_buckets/2	integer	0
/rows/4/profiles/1/measurements/list_entries/latency_buckets/3	integer	0
/rows/4/profiles/1/measurements/list_entries/latency_buckets/4	integer	0
/rows/4/profiles/1/measurements/list_entries/max_ns	integer	3041097
/rows/4/profiles/1/measurements/list_entries/total_ns	integer	41017906
/rows/4/profiles/1/measurements/list_entries/units	integer	0
/rows/4/profiles/1/measurements/metadata	object	-
/rows/4/profiles/1/measurements/metadata/calls	integer	10130
/rows/4/profiles/1/measurements/metadata/latency_buckets	array	-
/rows/4/profiles/1/measurements/metadata/latency_buckets/0	integer	10130
/rows/4/profiles/1/measurements/metadata/latency_buckets/1	integer	0
/rows/4/profiles/1/measurements/metadata/latency_buckets/2	integer	0
/rows/4/profiles/1/measurements/metadata/latency_buckets/3	integer	0
/rows/4/profiles/1/measurements/metadata/latency_buckets/4	integer	0
/rows/4/profiles/1/measurements/metadata/max_ns	integer	186468
/rows/4/profiles/1/measurements/metadata/total_ns	integer	309771089
/rows/4/profiles/1/measurements/metadata/units	integer	0
/rows/4/profiles/1/measurements/mount_identity_attempts	object	-
/rows/4/profiles/1/measurements/mount_identity_attempts/calls	integer	0
/rows/4/profiles/1/measurements/mount_identity_attempts/latency_buckets	array	-
/rows/4/profiles/1/measurements/mount_identity_attempts/latency_buckets/0	integer	0
/rows/4/profiles/1/measurements/mount_identity_attempts/latency_buckets/1	integer	0
/rows/4/profiles/1/measurements/mount_identity_attempts/latency_buckets/2	integer	0
/rows/4/profiles/1/measurements/mount_identity_attempts/latency_buckets/3	integer	0
/rows/4/profiles/1/measurements/mount_identity_attempts/latency_buckets/4	integer	0
/rows/4/profiles/1/measurements/mount_identity_attempts/max_ns	integer	0
/rows/4/profiles/1/measurements/mount_identity_attempts/total_ns	integer	0
/rows/4/profiles/1/measurements/mount_identity_attempts/units	integer	54551
/rows/4/profiles/1/measurements/observe_read	object	-
/rows/4/profiles/1/measurements/observe_read/calls	integer	1713
/rows/4/profiles/1/measurements/observe_read/latency_buckets	array	-
/rows/4/profiles/1/measurements/observe_read/latency_buckets/0	integer	1713
/rows/4/profiles/1/measurements/observe_read/latency_buckets/1	integer	0
/rows/4/profiles/1/measurements/observe_read/latency_buckets/2	integer	0
/rows/4/profiles/1/measurements/observe_read/latency_buckets/3	integer	0
/rows/4/profiles/1/measurements/observe_read/latency_buckets/4	integer	0
/rows/4/profiles/1/measurements/observe_read/max_ns	integer	186648
/rows/4/profiles/1/measurements/observe_read/total_ns	integer	59459111
/rows/4/profiles/1/measurements/observe_read/units	integer	0
/rows/4/profiles/1/measurements/opaque_probe	object	-
/rows/4/profiles/1/measurements/opaque_probe/calls	integer	41865
/rows/4/profiles/1/measurements/opaque_probe/latency_buckets	array	-
/rows/4/profiles/1/measurements/opaque_probe/latency_buckets/0	integer	41865
/rows/4/profiles/1/measurements/opaque_probe/latency_buckets/1	integer	0
/rows/4/profiles/1/measurements/opaque_probe/latency_buckets/2	integer	0
/rows/4/profiles/1/measurements/opaque_probe/latency_buckets/3	integer	0
/rows/4/profiles/1/measurements/opaque_probe/latency_buckets/4	integer	0
/rows/4/profiles/1/measurements/opaque_probe/max_ns	integer	130513
/rows/4/profiles/1/measurements/opaque_probe/total_ns	integer	58120906
/rows/4/profiles/1/measurements/opaque_probe/units	integer	0
/rows/4/profiles/1/measurements/preimage	object	-
/rows/4/profiles/1/measurements/preimage/calls	integer	4853
/rows/4/profiles/1/measurements/preimage/latency_buckets	array	-
/rows/4/profiles/1/measurements/preimage/latency_buckets/0	integer	4853
/rows/4/profiles/1/measurements/preimage/latency_buckets/1	integer	0
/rows/4/profiles/1/measurements/preimage/latency_buckets/2	integer	0
/rows/4/profiles/1/measurements/preimage/latency_buckets/3	integer	0
/rows/4/profiles/1/measurements/preimage/latency_buckets/4	integer	0
/rows/4/profiles/1/measurements/preimage/max_ns	integer	1092
/rows/4/profiles/1/measurements/preimage/total_ns	integer	242455
/rows/4/profiles/1/measurements/preimage/units	integer	0
/rows/4/profiles/1/measurements/resolve	object	-
/rows/4/profiles/1/measurements/resolve/calls	integer	10796
/rows/4/profiles/1/measurements/resolve/latency_buckets	array	-
/rows/4/profiles/1/measurements/resolve/latency_buckets/0	integer	10796
/rows/4/profiles/1/measurements/resolve/latency_buckets/1	integer	0
/rows/4/profiles/1/measurements/resolve/latency_buckets/2	integer	0
/rows/4/profiles/1/measurements/resolve/latency_buckets/3	integer	0
/rows/4/profiles/1/measurements/resolve/latency_buckets/4	integer	0
/rows/4/profiles/1/measurements/resolve/max_ns	integer	186328
/rows/4/profiles/1/measurements/resolve/total_ns	integer	314386924
/rows/4/profiles/1/measurements/resolve/units	integer	0
/rows/4/profiles/1/measurements/resolve_components	object	-
/rows/4/profiles/1/measurements/resolve_components/calls	integer	0
/rows/4/profiles/1/measurements/resolve_components/latency_buckets	array	-
/rows/4/profiles/1/measurements/resolve_components/latency_buckets/0	integer	0
/rows/4/profiles/1/measurements/resolve_components/latency_buckets/1	integer	0
/rows/4/profiles/1/measurements/resolve_components/latency_buckets/2	integer	0
/rows/4/profiles/1/measurements/resolve_components/latency_buckets/3	integer	0
/rows/4/profiles/1/measurements/resolve_components/latency_buckets/4	integer	0
/rows/4/profiles/1/measurements/resolve_components/max_ns	integer	0
/rows/4/profiles/1/measurements/resolve_components/total_ns	integer	0
/rows/4/profiles/1/measurements/resolve_components/units	integer	58242
/rows/4/profiles/1/measurements/whiteout_probe	object	-
/rows/4/profiles/1/measurements/whiteout_probe/calls	integer	45541
/rows/4/profiles/1/measurements/whiteout_probe/latency_buckets	array	-
/rows/4/profiles/1/measurements/whiteout_probe/latency_buckets/0	integer	45541
/rows/4/profiles/1/measurements/whiteout_probe/latency_buckets/1	integer	0
/rows/4/profiles/1/measurements/whiteout_probe/latency_buckets/2	integer	0
/rows/4/profiles/1/measurements/whiteout_probe/latency_buckets/3	integer	0
/rows/4/profiles/1/measurements/whiteout_probe/latency_buckets/4	integer	0
/rows/4/profiles/1/measurements/whiteout_probe/max_ns	integer	97282
/rows/4/profiles/1/measurements/whiteout_probe/total_ns	integer	40302628
/rows/4/profiles/1/measurements/whiteout_probe/units	integer	0
/rows/4/profiles/1/pid	integer	3739944
/rows/4/profiles/1/schema	integer	2
/rows/4/profiles/2	object	-
/rows/4/profiles/2/component	string	virtio-fs-overlay
/rows/4/profiles/2/final_record	boolean	false
/rows/4/profiles/2/inclusive_spans	boolean	true
/rows/4/profiles/2/instance	integer	2
/rows/4/profiles/2/measurements	object	-
/rows/4/profiles/2/measurements/backing_lookup	object	-
/rows/4/profiles/2/measurements/backing_lookup/calls	integer	8058
/rows/4/profiles/2/measurements/backing_lookup/latency_buckets	array	-
/rows/4/profiles/2/measurements/backing_lookup/latency_buckets/0	integer	8058
/rows/4/profiles/2/measurements/backing_lookup/latency_buckets/1	integer	0
/rows/4/profiles/2/measurements/backing_lookup/latency_buckets/2	integer	0
/rows/4/profiles/2/measurements/backing_lookup/latency_buckets/3	integer	0
/rows/4/profiles/2/measurements/backing_lookup/latency_buckets/4	integer	0
/rows/4/profiles/2/measurements/backing_lookup/max_ns	integer	75891
/rows/4/profiles/2/measurements/backing_lookup/total_ns	integer	19479830
/rows/4/profiles/2/measurements/backing_lookup/units	integer	0
/rows/4/profiles/2/measurements/directory_cache_deep_hits	object	-
/rows/4/profiles/2/measurements/directory_cache_deep_hits/calls	integer	0
/rows/4/profiles/2/measurements/directory_cache_deep_hits/latency_buckets	array	-
/rows/4/profiles/2/measurements/directory_cache_deep_hits/latency_buckets/0	integer	0
/rows/4/profiles/2/measurements/directory_cache_deep_hits/latency_buckets/1	integer	0
/rows/4/profiles/2/measurements/directory_cache_deep_hits/latency_buckets/2	integer	0
/rows/4/profiles/2/measurements/directory_cache_deep_hits/latency_buckets/3	integer	0
/rows/4/profiles/2/measurements/directory_cache_deep_hits/latency_buckets/4	integer	0
/rows/4/profiles/2/measurements/directory_cache_deep_hits/max_ns	integer	0
/rows/4/profiles/2/measurements/directory_cache_deep_hits/total_ns	integer	0
/rows/4/profiles/2/measurements/directory_cache_deep_hits/units	integer	5714
/rows/4/profiles/2/measurements/directory_cache_evictions	object	-
/rows/4/profiles/2/measurements/directory_cache_evictions/calls	integer	0
/rows/4/profiles/2/measurements/directory_cache_evictions/latency_buckets	array	-
/rows/4/profiles/2/measurements/directory_cache_evictions/latency_buckets/0	integer	0
/rows/4/profiles/2/measurements/directory_cache_evictions/latency_buckets/1	integer	0
/rows/4/profiles/2/measurements/directory_cache_evictions/latency_buckets/2	integer	0
/rows/4/profiles/2/measurements/directory_cache_evictions/latency_buckets/3	integer	0
/rows/4/profiles/2/measurements/directory_cache_evictions/latency_buckets/4	integer	0
/rows/4/profiles/2/measurements/directory_cache_evictions/max_ns	integer	0
/rows/4/profiles/2/measurements/directory_cache_evictions/total_ns	integer	0
/rows/4/profiles/2/measurements/directory_cache_evictions/units	integer	109
/rows/4/profiles/2/measurements/directory_cache_hits	object	-
/rows/4/profiles/2/measurements/directory_cache_hits/calls	integer	0
/rows/4/profiles/2/measurements/directory_cache_hits/latency_buckets	array	-
/rows/4/profiles/2/measurements/directory_cache_hits/latency_buckets/0	integer	0
/rows/4/profiles/2/measurements/directory_cache_hits/latency_buckets/1	integer	0
/rows/4/profiles/2/measurements/directory_cache_hits/latency_buckets/2	integer	0
/rows/4/profiles/2/measurements/directory_cache_hits/latency_buckets/3	integer	0
/rows/4/profiles/2/measurements/directory_cache_hits/latency_buckets/4	integer	0
/rows/4/profiles/2/measurements/directory_cache_hits/max_ns	integer	0
/rows/4/profiles/2/measurements/directory_cache_hits/total_ns	integer	0
/rows/4/profiles/2/measurements/directory_cache_hits/units	integer	1927
/rows/4/profiles/2/measurements/directory_cache_misses	object	-
/rows/4/profiles/2/measurements/directory_cache_misses/calls	integer	0
/rows/4/profiles/2/measurements/directory_cache_misses/latency_buckets	array	-
/rows/4/profiles/2/measurements/directory_cache_misses/latency_buckets/0	integer	0
/rows/4/profiles/2/measurements/directory_cache_misses/latency_buckets/1	integer	0
/rows/4/profiles/2/measurements/directory_cache_misses/latency_buckets/2	integer	0
/rows/4/profiles/2/measurements/directory_cache_misses/latency_buckets/3	integer	0
/rows/4/profiles/2/measurements/directory_cache_misses/latency_buckets/4	integer	0
/rows/4/profiles/2/measurements/directory_cache_misses/max_ns	integer	0
/rows/4/profiles/2/measurements/directory_cache_misses/total_ns	integer	0
/rows/4/profiles/2/measurements/directory_cache_misses/units	integer	365
/rows/4/profiles/2/measurements/entry	object	-
/rows/4/profiles/2/measurements/entry/calls	integer	4217
/rows/4/profiles/2/measurements/entry/latency_buckets	array	-
/rows/4/profiles/2/measurements/entry/latency_buckets/0	integer	4217
/rows/4/profiles/2/measurements/entry/latency_buckets/1	integer	0
/rows/4/profiles/2/measurements/entry/latency_buckets/2	integer	0
/rows/4/profiles/2/measurements/entry/latency_buckets/3	integer	0
/rows/4/profiles/2/measurements/entry/latency_buckets/4	integer	0
/rows/4/profiles/2/measurements/entry/max_ns	integer	53801
/rows/4/profiles/2/measurements/entry/total_ns	integer	21436096
/rows/4/profiles/2/measurements/entry/units	integer	0
/rows/4/profiles/2/measurements/getattr	object	-
/rows/4/profiles/2/measurements/getattr/calls	integer	1701
/rows/4/profiles/2/measurements/getattr/latency_buckets	array	-
/rows/4/profiles/2/measurements/getattr/latency_buckets/0	integer	1701
/rows/4/profiles/2/measurements/getattr/latency_buckets/1	integer	0
/rows/4/profiles/2/measurements/getattr/latency_buckets/2	integer	0
/rows/4/profiles/2/measurements/getattr/latency_buckets/3	integer	0
/rows/4/profiles/2/measurements/getattr/latency_buckets/4	integer	0
/rows/4/profiles/2/measurements/getattr/max_ns	integer	178614
/rows/4/profiles/2/measurements/getattr/total_ns	integer	44678744
/rows/4/profiles/2/measurements/getattr/units	integer	0
/rows/4/profiles/2/measurements/inner_inode	object	-
/rows/4/profiles/2/measurements/inner_inode/calls	integer	6648
/rows/4/profiles/2/measurements/inner_inode/latency_buckets	array	-
/rows/4/profiles/2/measurements/inner_inode/latency_buckets/0	integer	6648
/rows/4/profiles/2/measurements/inner_inode/latency_buckets/1	integer	0
/rows/4/profiles/2/measurements/inner_inode/latency_buckets/2	integer	0
/rows/4/profiles/2/measurements/inner_inode/latency_buckets/3	integer	0
/rows/4/profiles/2/measurements/inner_inode/latency_buckets/4	integer	0
/rows/4/profiles/2/measurements/inner_inode/max_ns	integer	77505
/rows/4/profiles/2/measurements/inner_inode/total_ns	integer	30064158
/rows/4/profiles/2/measurements/inner_inode/units	integer	0
/rows/4/profiles/2/measurements/lookup	object	-
/rows/4/profiles/2/measurements/lookup/calls	integer	6066
/rows/4/profiles/2/measurements/lookup/latency_buckets	array	-
/rows/4/profiles/2/measurements/lookup/latency_buckets/0	integer	6066
/rows/4/profiles/2/measurements/lookup/latency_buckets/1	integer	0
/rows/4/profiles/2/measurements/lookup/latency_buckets/2	integer	0
/rows/4/profiles/2/measurements/lookup/latency_buckets/3	integer	0
/rows/4/profiles/2/measurements/lookup/latency_buckets/4	integer	0
/rows/4/profiles/2/measurements/lookup/max_ns	integer	221404
/rows/4/profiles/2/measurements/lookup/total_ns	integer	230299031
/rows/4/profiles/2/measurements/lookup/units	integer	0
/rows/4/profiles/2/measurements/open	object	-
/rows/4/profiles/2/measurements/open/calls	integer	1356
/rows/4/profiles/2/measurements/open/latency_buckets	array	-
/rows/4/profiles/2/measurements/open/latency_buckets/0	integer	1356
/rows/4/profiles/2/measurements/open/latency_buckets/1	integer	0
/rows/4/profiles/2/measurements/open/latency_buckets/2	integer	0
/rows/4/profiles/2/measurements/open/latency_buckets/3	integer	0
/rows/4/profiles/2/measurements/open/latency_buckets/4	integer	0
/rows/4/profiles/2/measurements/open/max_ns	integer	200133
/rows/4/profiles/2/measurements/open/total_ns	integer	71229813
/rows/4/profiles/2/measurements/open/units	integer	0
/rows/4/profiles/2/measurements/opendir	object	-
/rows/4/profiles/2/measurements/opendir/calls	integer	71
/rows/4/profiles/2/measurements/opendir/latency_buckets	array	-
/rows/4/profiles/2/measurements/opendir/latency_buckets/0	integer	53
/rows/4/profiles/2/measurements/opendir/latency_buckets/1	integer	18
/rows/4/profiles/2/measurements/opendir/latency_buckets/2	integer	0
/rows/4/profiles/2/measurements/opendir/latency_buckets/3	integer	0
/rows/4/profiles/2/measurements/opendir/latency_buckets/4	integer	0
/rows/4/profiles/2/measurements/opendir/max_ns	integer	3224229
/rows/4/profiles/2/measurements/opendir/total_ns	integer	42766374
/rows/4/profiles/2/measurements/opendir/units	integer	0
/rows/4/profiles/2/measurements/read	object	-
/rows/4/profiles/2/measurements/read/calls	integer	6140
/rows/4/profiles/2/measurements/read/latency_buckets	array	-
/rows/4/profiles/2/measurements/read/latency_buckets/0	integer	6140
/rows/4/profiles/2/measurements/read/latency_buckets/1	integer	0
/rows/4/profiles/2/measurements/read/latency_buckets/2	integer	0
/rows/4/profiles/2/measurements/read/latency_buckets/3	integer	0
/rows/4/profiles/2/measurements/read/latency_buckets/4	integer	0
/rows/4/profiles/2/measurements/read/max_ns	integer	822716
/rows/4/profiles/2/measurements/read/total_ns	integer	89672736
/rows/4/profiles/2/measurements/read/units	integer	0
/rows/4/profiles/2/measurements/readdirplus	object	-
/rows/4/profiles/2/measurements/readdirplus/calls	integer	70
/rows/4/profiles/2/measurements/readdirplus/latency_buckets	array	-
/rows/4/profiles/2/measurements/readdirplus/latency_buckets/0	integer	70
/rows/4/profiles/2/measurements/readdirplus/latency_buckets/1	integer	0
/rows/4/profiles/2/measurements/readdirplus/latency_buckets/2	integer	0
/rows/4/profiles/2/measurements/readdirplus/latency_buckets/3	integer	0
/rows/4/profiles/2/measurements/readdirplus/latency_buckets/4	integer	0
/rows/4/profiles/2/measurements/readdirplus/max_ns	integer	860346
/rows/4/profiles/2/measurements/readdirplus/total_ns	integer	21364507
/rows/4/profiles/2/measurements/readdirplus/units	integer	0
/rows/4/profiles/2/measurements/write	object	-
/rows/4/profiles/2/measurements/write/calls	integer	607
/rows/4/profiles/2/measurements/write/latency_buckets	array	-
/rows/4/profiles/2/measurements/write/latency_buckets/0	integer	607
/rows/4/profiles/2/measurements/write/latency_buckets/1	integer	0
/rows/4/profiles/2/measurements/write/latency_buckets/2	integer	0
/rows/4/profiles/2/measurements/write/latency_buckets/3	integer	0
/rows/4/profiles/2/measurements/write/latency_buckets/4	integer	0
/rows/4/profiles/2/measurements/write/max_ns	integer	38792
/rows/4/profiles/2/measurements/write/total_ns	integer	3638232
/rows/4/profiles/2/measurements/write/units	integer	0
/rows/4/profiles/2/pid	integer	3739944
/rows/4/profiles/2/schema	integer	2
/rows/4/profiles/3	object	-
/rows/4/profiles/3/component	string	virtio-fs-protocol
/rows/4/profiles/3/final_record	boolean	false
/rows/4/profiles/3/inclusive_spans	boolean	true
/rows/4/profiles/3/instance	integer	3
/rows/4/profiles/3/measurements	object	-
/rows/4/profiles/3/measurements/CREATE	object	-
/rows/4/profiles/3/measurements/CREATE/calls	integer	522
/rows/4/profiles/3/measurements/CREATE/latency_buckets	array	-
/rows/4/profiles/3/measurements/CREATE/latency_buckets/0	integer	522
/rows/4/profiles/3/measurements/CREATE/latency_buckets/1	integer	0
/rows/4/profiles/3/measurements/CREATE/latency_buckets/2	integer	0
/rows/4/profiles/3/measurements/CREATE/latency_buckets/3	integer	0
/rows/4/profiles/3/measurements/CREATE/latency_buckets/4	integer	0
/rows/4/profiles/3/measurements/CREATE/max_ns	integer	124713
/rows/4/profiles/3/measurements/CREATE/total_ns	integer	16985897
/rows/4/profiles/3/measurements/CREATE/units	integer	0
/rows/4/profiles/3/measurements/FLUSH	object	-
/rows/4/profiles/3/measurements/FLUSH/calls	integer	1837
/rows/4/profiles/3/measurements/FLUSH/latency_buckets	array	-
/rows/4/profiles/3/measurements/FLUSH/latency_buckets/0	integer	1836
/rows/4/profiles/3/measurements/FLUSH/latency_buckets/1	integer	0
/rows/4/profiles/3/measurements/FLUSH/latency_buckets/2	integer	1
/rows/4/profiles/3/measurements/FLUSH/latency_buckets/3	integer	0
/rows/4/profiles/3/measurements/FLUSH/latency_buckets/4	integer	0
/rows/4/profiles/3/measurements/FLUSH/max_ns	integer	10487275
/rows/4/profiles/3/measurements/FLUSH/total_ns	integer	14550170
/rows/4/profiles/3/measurements/FLUSH/units	integer	0
/rows/4/profiles/3/measurements/FORGET	object	-
/rows/4/profiles/3/measurements/FORGET/calls	integer	1
/rows/4/profiles/3/measurements/FORGET/latency_buckets	array	-
/rows/4/profiles/3/measurements/FORGET/latency_buckets/0	integer	1
/rows/4/profiles/3/measurements/FORGET/latency_buckets/1	integer	0
/rows/4/profiles/3/measurements/FORGET/latency_buckets/2	integer	0
/rows/4/profiles/3/measurements/FORGET/latency_buckets/3	integer	0
/rows/4/profiles/3/measurements/FORGET/latency_buckets/4	integer	0
/rows/4/profiles/3/measurements/FORGET/max_ns	integer	751
/rows/4/profiles/3/measurements/FORGET/total_ns	integer	751
/rows/4/profiles/3/measurements/FORGET/units	integer	0
/rows/4/profiles/3/measurements/GETATTR	object	-
/rows/4/profiles/3/measurements/GETATTR/calls	integer	1715
/rows/4/profiles/3/measurements/GETATTR/latency_buckets	array	-
/rows/4/profiles/3/measurements/GETATTR/latency_buckets/0	integer	1715
/rows/4/profiles/3/measurements/GETATTR/latency_buckets/1	integer	0
/rows/4/profiles/3/measurements/GETATTR/latency_buckets/2	integer	0
/rows/4/profiles/3/measurements/GETATTR/latency_buckets/3	integer	0
/rows/4/profiles/3/measurements/GETATTR/latency_buckets/4	integer	0
/rows/4/profiles/3/measurements/GETATTR/max_ns	integer	181428
/rows/4/profiles/3/measurements/GETATTR/total_ns	integer	47274738
/rows/4/profiles/3/measurements/GETATTR/units	integer	0
/rows/4/profiles/3/measurements/GETXATTR	object	-
/rows/4/profiles/3/measurements/GETXATTR/calls	integer	544
/rows/4/profiles/3/measurements/GETXATTR/latency_buckets	array	-
/rows/4/profiles/3/measurements/GETXATTR/latency_buckets/0	integer	544
/rows/4/profiles/3/measurements/GETXATTR/latency_buckets/1	integer	0
/rows/4/profiles/3/measurements/GETXATTR/latency_buckets/2	integer	0
/rows/4/profiles/3/measurements/GETXATTR/latency_buckets/3	integer	0
/rows/4/profiles/3/measurements/GETXATTR/latency_buckets/4	integer	0
/rows/4/profiles/3/measurements/GETXATTR/max_ns	integer	69029
/rows/4/profiles/3/measurements/GETXATTR/total_ns	integer	15172586
/rows/4/profiles/3/measurements/GETXATTR/units	integer	0
/rows/4/profiles/3/measurements/LOOKUP	object	-
/rows/4/profiles/3/measurements/LOOKUP/calls	integer	6068
/rows/4/profiles/3/measurements/LOOKUP/latency_buckets	array	-
/rows/4/profiles/3/measurements/LOOKUP/latency_buckets/0	integer	6068
/rows/4/profiles/3/measurements/LOOKUP/latency_buckets/1	integer	0
/rows/4/profiles/3/measurements/LOOKUP/latency_buckets/2	integer	0
/rows/4/profiles/3/measurements/LOOKUP/latency_buckets/3	integer	0
/rows/4/profiles/3/measurements/LOOKUP/latency_buckets/4	integer	0
/rows/4/profiles/3/measurements/LOOKUP/max_ns	integer	223266
/rows/4/profiles/3/measurements/LOOKUP/total_ns	integer	240495574
/rows/4/profiles/3/measurements/LOOKUP/units	integer	0
/rows/4/profiles/3/measurements/MKDIR	object	-
/rows/4/profiles/3/measurements/MKDIR/calls	integer	6
/rows/4/profiles/3/measurements/MKDIR/latency_buckets	array	-
/rows/4/profiles/3/measurements/MKDIR/latency_buckets/0	integer	6
/rows/4/profiles/3/measurements/MKDIR/latency_buckets/1	integer	0
/rows/4/profiles/3/measurements/MKDIR/latency_buckets/2	integer	0
/rows/4/profiles/3/measurements/MKDIR/latency_buckets/3	integer	0
/rows/4/profiles/3/measurements/MKDIR/latency_buckets/4	integer	0
/rows/4/profiles/3/measurements/MKDIR/max_ns	integer	70121
/rows/4/profiles/3/measurements/MKDIR/total_ns	integer	267851
/rows/4/profiles/3/measurements/MKDIR/units	integer	0
/rows/4/profiles/3/measurements/OPEN	object	-
/rows/4/profiles/3/measurements/OPEN/calls	integer	1358
/rows/4/profiles/3/measurements/OPEN/latency_buckets	array	-
/rows/4/profiles/3/measurements/OPEN/latency_buckets/0	integer	1358
/rows/4/profiles/3/measurements/OPEN/latency_buckets/1	integer	0
/rows/4/profiles/3/measurements/OPEN/latency_buckets/2	integer	0
/rows/4/profiles/3/measurements/OPEN/latency_buckets/3	integer	0
/rows/4/profiles/3/measurements/OPEN/latency_buckets/4	integer	0
/rows/4/profiles/3/measurements/OPEN/max_ns	integer	201697
/rows/4/profiles/3/measurements/OPEN/total_ns	integer	73394817
/rows/4/profiles/3/measurements/OPEN/units	integer	0
/rows/4/profiles/3/measurements/OPENDIR	object	-
/rows/4/profiles/3/measurements/OPENDIR/calls	integer	71
/rows/4/profiles/3/measurements/OPENDIR/latency_buckets	array	-
/rows/4/profiles/3/measurements/OPENDIR/latency_buckets/0	integer	53
/rows/4/profiles/3/measurements/OPENDIR/latency_buckets/1	integer	18
/rows/4/profiles/3/measurements/OPENDIR/latency_buckets/2	integer	0
/rows/4/profiles/3/measurements/OPENDIR/latency_buckets/3	integer	0
/rows/4/profiles/3/measurements/OPENDIR/latency_buckets/4	integer	0
/rows/4/profiles/3/measurements/OPENDIR/max_ns	integer	3229468
/rows/4/profiles/3/measurements/OPENDIR/total_ns	integer	42868353
/rows/4/profiles/3/measurements/OPENDIR/units	integer	0
/rows/4/profiles/3/measurements/OTHER	object	-
/rows/4/profiles/3/measurements/OTHER/calls	integer	10
/rows/4/profiles/3/measurements/OTHER/latency_buckets	array	-
/rows/4/profiles/3/measurements/OTHER/latency_buckets/0	integer	10
/rows/4/profiles/3/measurements/OTHER/latency_buckets/1	integer	0
/rows/4/profiles/3/measurements/OTHER/latency_buckets/2	integer	0
/rows/4/profiles/3/measurements/OTHER/latency_buckets/3	integer	0
/rows/4/profiles/3/measurements/OTHER/latency_buckets/4	integer	0
/rows/4/profiles/3/measurements/OTHER/max_ns	integer	26119
/rows/4/profiles/3/measurements/OTHER/total_ns	integer	35037
/rows/4/profiles/3/measurements/OTHER/units	integer	0
/rows/4/profiles/3/measurements/READ	object	-
/rows/4/profiles/3/measurements/READ/calls	integer	6149
/rows/4/profiles/3/measurements/READ/latency_buckets	array	-
/rows/4/profiles/3/measurements/READ/latency_buckets/0	integer	6149
/rows/4/profiles/3/measurements/READ/latency_buckets/1	integer	0
/rows/4/profiles/3/measurements/READ/latency_buckets/2	integer	0
/rows/4/profiles/3/measurements/READ/latency_buckets/3	integer	0
/rows/4/profiles/3/measurements/READ/latency_buckets/4	integer	0
/rows/4/profiles/3/measurements/READ/max_ns	integer	824489
/rows/4/profiles/3/measurements/READ/total_ns	integer	99218143
/rows/4/profiles/3/measurements/READ/units	integer	0
/rows/4/profiles/3/measurements/READDIR	object	-
/rows/4/profiles/3/measurements/READDIR/calls	integer	107
/rows/4/profiles/3/measurements/READDIR/latency_buckets	array	-
/rows/4/profiles/3/measurements/READDIR/latency_buckets/0	integer	107
/rows/4/profiles/3/measurements/READDIR/latency_buckets/1	integer	0
/rows/4/profiles/3/measurements/READDIR/latency_buckets/2	integer	0
/rows/4/profiles/3/measurements/READDIR/latency_buckets/3	integer	0
/rows/4/profiles/3/measurements/READDIR/latency_buckets/4	integer	0
/rows/4/profiles/3/measurements/READDIR/max_ns	integer	19226
/rows/4/profiles/3/measurements/READDIR/total_ns	integer	494150
/rows/4/profiles/3/measurements/READDIR/units	integer	0
/rows/4/profiles/3/measurements/READDIRPLUS	object	-
/rows/4/profiles/3/measurements/READDIRPLUS/calls	integer	70
/rows/4/profiles/3/measurements/READDIRPLUS/latency_buckets	array	-
/rows/4/profiles/3/measurements/READDIRPLUS/latency_buckets/0	integer	70
/rows/4/profiles/3/measurements/READDIRPLUS/latency_buckets/1	integer	0
/rows/4/profiles/3/measurements/READDIRPLUS/latency_buckets/2	integer	0
/rows/4/profiles/3/measurements/READDIRPLUS/latency_buckets/3	integer	0
/rows/4/profiles/3/measurements/READDIRPLUS/latency_buckets/4	integer	0
/rows/4/profiles/3/measurements/READDIRPLUS/max_ns	integer	861728
/rows/4/profiles/3/measurements/READDIRPLUS/total_ns	integer	21476995
/rows/4/profiles/3/measurements/READDIRPLUS/units	integer	0
/rows/4/profiles/3/measurements/READLINK	object	-
/rows/4/profiles/3/measurements/READLINK/calls	integer	4
/rows/4/profiles/3/measurements/READLINK/latency_buckets	array	-
/rows/4/profiles/3/measurements/READLINK/latency_buckets/0	integer	4
/rows/4/profiles/3/measurements/READLINK/latency_buckets/1	integer	0
/rows/4/profiles/3/measurements/READLINK/latency_buckets/2	integer	0
/rows/4/profiles/3/measurements/READLINK/latency_buckets/3	integer	0
/rows/4/profiles/3/measurements/READLINK/latency_buckets/4	integer	0
/rows/4/profiles/3/measurements/READLINK/max_ns	integer	107410
/rows/4/profiles/3/measurements/READLINK/total_ns	integer	211605
/rows/4/profiles/3/measurements/READLINK/units	integer	0
/rows/4/profiles/3/measurements/RELEASE	object	-
/rows/4/profiles/3/measurements/RELEASE/calls	integer	1818
/rows/4/profiles/3/measurements/RELEASE/latency_buckets	array	-
/rows/4/profiles/3/measurements/RELEASE/latency_buckets/0	integer	1818
/rows/4/profiles/3/measurements/RELEASE/latency_buckets/1	integer	0
/rows/4/profiles/3/measurements/RELEASE/latency_buckets/2	integer	0
/rows/4/profiles/3/measurements/RELEASE/latency_buckets/3	integer	0
/rows/4/profiles/3/measurements/RELEASE/latency_buckets/4	integer	0
/rows/4/profiles/3/measurements/RELEASE/max_ns	integer	167353
/rows/4/profiles/3/measurements/RELEASE/total_ns	integer	7530724
/rows/4/profiles/3/measurements/RELEASE/units	integer	0
/rows/4/profiles/3/measurements/RELEASEDIR	object	-
/rows/4/profiles/3/measurements/RELEASEDIR/calls	integer	70
/rows/4/profiles/3/measurements/RELEASEDIR/latency_buckets	array	-
/rows/4/profiles/3/measurements/RELEASEDIR/latency_buckets/0	integer	70
/rows/4/profiles/3/measurements/RELEASEDIR/latency_buckets/1	integer	0
/rows/4/profiles/3/measurements/RELEASEDIR/latency_buckets/2	integer	0
/rows/4/profiles/3/measurements/RELEASEDIR/latency_buckets/3	integer	0
/rows/4/profiles/3/measurements/RELEASEDIR/latency_buckets/4	integer	0
/rows/4/profiles/3/measurements/RELEASEDIR/max_ns	integer	9097
/rows/4/profiles/3/measurements/RELEASEDIR/total_ns	integer	193584
/rows/4/profiles/3/measurements/RELEASEDIR/units	integer	0
/rows/4/profiles/3/measurements/RENAME	object	-
/rows/4/profiles/3/measurements/RENAME/calls	integer	521
/rows/4/profiles/3/measurements/RENAME/latency_buckets	array	-
/rows/4/profiles/3/measurements/RENAME/latency_buckets/0	integer	521
/rows/4/profiles/3/measurements/RENAME/latency_buckets/1	integer	0
/rows/4/profiles/3/measurements/RENAME/latency_buckets/2	integer	0
/rows/4/profiles/3/measurements/RENAME/latency_buckets/3	integer	0
/rows/4/profiles/3/measurements/RENAME/latency_buckets/4	integer	0
/rows/4/profiles/3/measurements/RENAME/max_ns	integer	488381
/rows/4/profiles/3/measurements/RENAME/total_ns	integer	157942523
/rows/4/profiles/3/measurements/RENAME/units	integer	0
/rows/4/profiles/3/measurements/WRITE	object	-
/rows/4/profiles/3/measurements/WRITE/calls	integer	607
/rows/4/profiles/3/measurements/WRITE/latency_buckets	array	-
/rows/4/profiles/3/measurements/WRITE/latency_buckets/0	integer	607
/rows/4/profiles/3/measurements/WRITE/latency_buckets/1	integer	0
/rows/4/profiles/3/measurements/WRITE/latency_buckets/2	integer	0
/rows/4/profiles/3/measurements/WRITE/latency_buckets/3	integer	0
/rows/4/profiles/3/measurements/WRITE/latency_buckets/4	integer	0
/rows/4/profiles/3/measurements/WRITE/max_ns	integer	41537
/rows/4/profiles/3/measurements/WRITE/total_ns	integer	4568907
/rows/4/profiles/3/measurements/WRITE/units	integer	0
/rows/4/profiles/3/measurements/request_bytes	object	-
/rows/4/profiles/3/measurements/request_bytes/calls	integer	0
/rows/4/profiles/3/measurements/request_bytes/latency_buckets	array	-
/rows/4/profiles/3/measurements/request_bytes/latency_buckets/0	integer	0
/rows/4/profiles/3/measurements/request_bytes/latency_buckets/1	integer	0
/rows/4/profiles/3/measurements/request_bytes/latency_buckets/2	integer	0
/rows/4/profiles/3/measurements/request_bytes/latency_buckets/3	integer	0
/rows/4/profiles/3/measurements/request_bytes/latency_buckets/4	integer	0
/rows/4/profiles/3/measurements/request_bytes/max_ns	integer	0
/rows/4/profiles/3/measurements/request_bytes/total_ns	integer	0
/rows/4/profiles/3/measurements/request_bytes/units	integer	2900159
/rows/4/profiles/3/pid	integer	3739944
/rows/4/profiles/3/schema	integer	2
/rows/4/profiles/4	object	-
/rows/4/profiles/4/component	string	virtio-fs-dispatch
/rows/4/profiles/4/final_record	boolean	false
/rows/4/profiles/4/inclusive_spans	boolean	true
/rows/4/profiles/4/instance	integer	4
/rows/4/profiles/4/measurements	object	-
/rows/4/profiles/4/measurements/admission	object	-
/rows/4/profiles/4/measurements/admission/calls	integer	21129
/rows/4/profiles/4/measurements/admission/latency_buckets	array	-
/rows/4/profiles/4/measurements/admission/latency_buckets/0	integer	21109
/rows/4/profiles/4/measurements/admission/latency_buckets/1	integer	19
/rows/4/profiles/4/measurements/admission/latency_buckets/2	integer	1
/rows/4/profiles/4/measurements/admission/latency_buckets/3	integer	0
/rows/4/profiles/4/measurements/admission/latency_buckets/4	integer	0
/rows/4/profiles/4/measurements/admission/max_ns	integer	10499098
/rows/4/profiles/4/measurements/admission/total_ns	integer	1091855328
/rows/4/profiles/4/measurements/admission/units	integer	0
/rows/4/profiles/4/measurements/inline_requests	object	-
/rows/4/profiles/4/measurements/inline_requests/calls	integer	0
/rows/4/profiles/4/measurements/inline_requests/latency_buckets	array	-
/rows/4/profiles/4/measurements/inline_requests/latency_buckets/0	integer	0
/rows/4/profiles/4/measurements/inline_requests/latency_buckets/1	integer	0
/rows/4/profiles/4/measurements/inline_requests/latency_buckets/2	integer	0
/rows/4/profiles/4/measurements/inline_requests/latency_buckets/3	integer	0
/rows/4/profiles/4/measurements/inline_requests/latency_buckets/4	integer	0
/rows/4/profiles/4/measurements/inline_requests/max_ns	integer	0
/rows/4/profiles/4/measurements/inline_requests/total_ns	integer	0
/rows/4/profiles/4/measurements/inline_requests/units	integer	21125
/rows/4/profiles/4/measurements/pool_requests	object	-
/rows/4/profiles/4/measurements/pool_requests/calls	integer	0
/rows/4/profiles/4/measurements/pool_requests/latency_buckets	array	-
/rows/4/profiles/4/measurements/pool_requests/latency_buckets/0	integer	0
/rows/4/profiles/4/measurements/pool_requests/latency_buckets/1	integer	0
/rows/4/profiles/4/measurements/pool_requests/latency_buckets/2	integer	0
/rows/4/profiles/4/measurements/pool_requests/latency_buckets/3	integer	0
/rows/4/profiles/4/measurements/pool_requests/latency_buckets/4	integer	0
/rows/4/profiles/4/measurements/pool_requests/max_ns	integer	0
/rows/4/profiles/4/measurements/pool_requests/total_ns	integer	0
/rows/4/profiles/4/measurements/pool_requests/units	integer	353
/rows/4/profiles/4/measurements/pool_workers	object	-
/rows/4/profiles/4/measurements/pool_workers/calls	integer	0
/rows/4/profiles/4/measurements/pool_workers/latency_buckets	array	-
/rows/4/profiles/4/measurements/pool_workers/latency_buckets/0	integer	0
/rows/4/profiles/4/measurements/pool_workers/latency_buckets/1	integer	0
/rows/4/profiles/4/measurements/pool_workers/latency_buckets/2	integer	0
/rows/4/profiles/4/measurements/pool_workers/latency_buckets/3	integer	0
/rows/4/profiles/4/measurements/pool_workers/latency_buckets/4	integer	0
/rows/4/profiles/4/measurements/pool_workers/max_ns	integer	0
/rows/4/profiles/4/measurements/pool_workers/total_ns	integer	0
/rows/4/profiles/4/measurements/pool_workers/units	integer	2
/rows/4/profiles/4/pid	integer	3739944
/rows/4/profiles/4/schema	integer	2
/rows/4/profiles/5	object	-
/rows/4/profiles/5/component	string	overlay-core
/rows/4/profiles/5/final_record	boolean	false
/rows/4/profiles/5/inclusive_spans	boolean	true
/rows/4/profiles/5/instance	integer	5
/rows/4/profiles/5/measurements	object	-
/rows/4/profiles/5/measurements/copy_up	object	-
/rows/4/profiles/5/measurements/copy_up/calls	integer	20
/rows/4/profiles/5/measurements/copy_up/latency_buckets	array	-
/rows/4/profiles/5/measurements/copy_up/latency_buckets/0	integer	19
/rows/4/profiles/5/measurements/copy_up/latency_buckets/1	integer	1
/rows/4/profiles/5/measurements/copy_up/latency_buckets/2	integer	0
/rows/4/profiles/5/measurements/copy_up/latency_buckets/3	integer	0
/rows/4/profiles/5/measurements/copy_up/latency_buckets/4	integer	0
/rows/4/profiles/5/measurements/copy_up/max_ns	integer	2469028
/rows/4/profiles/5/measurements/copy_up/total_ns	integer	2560696
/rows/4/profiles/5/measurements/copy_up/units	integer	0
/rows/4/profiles/5/measurements/copy_up_bytes	object	-
/rows/4/profiles/5/measurements/copy_up_bytes/calls	integer	0
/rows/4/profiles/5/measurements/copy_up_bytes/latency_buckets	array	-
/rows/4/profiles/5/measurements/copy_up_bytes/latency_buckets/0	integer	0
/rows/4/profiles/5/measurements/copy_up_bytes/latency_buckets/1	integer	0
/rows/4/profiles/5/measurements/copy_up_bytes/latency_buckets/2	integer	0
/rows/4/profiles/5/measurements/copy_up_bytes/latency_buckets/3	integer	0
/rows/4/profiles/5/measurements/copy_up_bytes/latency_buckets/4	integer	0
/rows/4/profiles/5/measurements/copy_up_bytes/max_ns	integer	0
/rows/4/profiles/5/measurements/copy_up_bytes/total_ns	integer	0
/rows/4/profiles/5/measurements/copy_up_bytes/units	integer	202
/rows/4/profiles/5/measurements/fingerprint_bytes	object	-
/rows/4/profiles/5/measurements/fingerprint_bytes/calls	integer	0
/rows/4/profiles/5/measurements/fingerprint_bytes/latency_buckets	array	-
/rows/4/profiles/5/measurements/fingerprint_bytes/latency_buckets/0	integer	0
/rows/4/profiles/5/measurements/fingerprint_bytes/latency_buckets/1	integer	0
/rows/4/profiles/5/measurements/fingerprint_bytes/latency_buckets/2	integer	0
/rows/4/profiles/5/measurements/fingerprint_bytes/latency_buckets/3	integer	0
/rows/4/profiles/5/measurements/fingerprint_bytes/latency_buckets/4	integer	0
/rows/4/profiles/5/measurements/fingerprint_bytes/max_ns	integer	0
/rows/4/profiles/5/measurements/fingerprint_bytes/total_ns	integer	0
/rows/4/profiles/5/measurements/fingerprint_bytes/units	integer	69375893
/rows/4/profiles/5/measurements/fingerprint_content	object	-
/rows/4/profiles/5/measurements/fingerprint_content/calls	integer	2157
/rows/4/profiles/5/measurements/fingerprint_content/latency_buckets	array	-
/rows/4/profiles/5/measurements/fingerprint_content/latency_buckets/0	integer	2155
/rows/4/profiles/5/measurements/fingerprint_content/latency_buckets/1	integer	1
/rows/4/profiles/5/measurements/fingerprint_content/latency_buckets/2	integer	1
/rows/4/profiles/5/measurements/fingerprint_content/latency_buckets/3	integer	0
/rows/4/profiles/5/measurements/fingerprint_content/latency_buckets/4	integer	0
/rows/4/profiles/5/measurements/fingerprint_content/max_ns	integer	34351201
/rows/4/profiles/5/measurements/fingerprint_content/total_ns	integer	49555520
/rows/4/profiles/5/measurements/fingerprint_content/units	integer	0
/rows/4/profiles/5/measurements/fingerprint_metadata	object	-
/rows/4/profiles/5/measurements/fingerprint_metadata/calls	integer	2163
/rows/4/profiles/5/measurements/fingerprint_metadata/latency_buckets	array	-
/rows/4/profiles/5/measurements/fingerprint_metadata/latency_buckets/0	integer	2163
/rows/4/profiles/5/measurements/fingerprint_metadata/latency_buckets/1	integer	0
/rows/4/profiles/5/measurements/fingerprint_metadata/latency_buckets/2	integer	0
/rows/4/profiles/5/measurements/fingerprint_metadata/latency_buckets/3	integer	0
/rows/4/profiles/5/measurements/fingerprint_metadata/latency_buckets/4	integer	0
/rows/4/profiles/5/measurements/fingerprint_metadata/max_ns	integer	21350
/rows/4/profiles/5/measurements/fingerprint_metadata/total_ns	integer	4496459
/rows/4/profiles/5/measurements/fingerprint_metadata/units	integer	0
/rows/4/profiles/5/measurements/fingerprint_xattrs	object	-
/rows/4/profiles/5/measurements/fingerprint_xattrs/calls	integer	2162
/rows/4/profiles/5/measurements/fingerprint_xattrs/latency_buckets	array	-
/rows/4/profiles/5/measurements/fingerprint_xattrs/latency_buckets/0	integer	2162
/rows/4/profiles/5/measurements/fingerprint_xattrs/latency_buckets/1	integer	0
/rows/4/profiles/5/measurements/fingerprint_xattrs/latency_buckets/2	integer	0
/rows/4/profiles/5/measurements/fingerprint_xattrs/latency_buckets/3	integer	0
/rows/4/profiles/5/measurements/fingerprint_xattrs/latency_buckets/4	integer	0
/rows/4/profiles/5/measurements/fingerprint_xattrs/max_ns	integer	4729
/rows/4/profiles/5/measurements/fingerprint_xattrs/total_ns	integer	2087841
/rows/4/profiles/5/measurements/fingerprint_xattrs/units	integer	0
/rows/4/profiles/5/measurements/fingerprinted_paths	object	-
/rows/4/profiles/5/measurements/fingerprinted_paths/calls	integer	0
/rows/4/profiles/5/measurements/fingerprinted_paths/latency_buckets	array	-
/rows/4/profiles/5/measurements/fingerprinted_paths/latency_buckets/0	integer	0
/rows/4/profiles/5/measurements/fingerprinted_paths/latency_buckets/1	integer	0
/rows/4/profiles/5/measurements/fingerprinted_paths/latency_buckets/2	integer	0
/rows/4/profiles/5/measurements/fingerprinted_paths/latency_buckets/3	integer	0
/rows/4/profiles/5/measurements/fingerprinted_paths/latency_buckets/4	integer	0
/rows/4/profiles/5/measurements/fingerprinted_paths/max_ns	integer	0
/rows/4/profiles/5/measurements/fingerprinted_paths/total_ns	integer	0
/rows/4/profiles/5/measurements/fingerprinted_paths/units	integer	2163
/rows/4/profiles/5/measurements/journal_log	object	-
/rows/4/profiles/5/measurements/journal_log/calls	integer	5671
/rows/4/profiles/5/measurements/journal_log/latency_buckets	array	-
/rows/4/profiles/5/measurements/journal_log/latency_buckets/0	integer	5650
/rows/4/profiles/5/measurements/journal_log/latency_buckets/1	integer	20
/rows/4/profiles/5/measurements/journal_log/latency_buckets/2	integer	1
/rows/4/profiles/5/measurements/journal_log/latency_buckets/3	integer	0
/rows/4/profiles/5/measurements/journal_log/latency_buckets/4	integer	0
/rows/4/profiles/5/measurements/journal_log/max_ns	integer	34407065
/rows/4/profiles/5/measurements/journal_log/total_ns	integer	236233837
/rows/4/profiles/5/measurements/journal_log/units	integer	0
/rows/4/profiles/5/measurements/layer_leaf_stats	object	-
/rows/4/profiles/5/measurements/layer_leaf_stats/calls	integer	0
/rows/4/profiles/5/measurements/layer_leaf_stats/latency_buckets	array	-
/rows/4/profiles/5/measurements/layer_leaf_stats/latency_buckets/0	integer	0
/rows/4/profiles/5/measurements/layer_leaf_stats/latency_buckets/1	integer	0
/rows/4/profiles/5/measurements/layer_leaf_stats/latency_buckets/2	integer	0
/rows/4/profiles/5/measurements/layer_leaf_stats/latency_buckets/3	integer	0
/rows/4/profiles/5/measurements/layer_leaf_stats/latency_buckets/4	integer	0
/rows/4/profiles/5/measurements/layer_leaf_stats/max_ns	integer	0
/rows/4/profiles/5/measurements/layer_leaf_stats/total_ns	integer	0
/rows/4/profiles/5/measurements/layer_leaf_stats/units	integer	94555
/rows/4/profiles/5/measurements/layer_parent_stats	object	-
/rows/4/profiles/5/measurements/layer_parent_stats/calls	integer	0
/rows/4/profiles/5/measurements/layer_parent_stats/latency_buckets	array	-
/rows/4/profiles/5/measurements/layer_parent_stats/latency_buckets/0	integer	0
/rows/4/profiles/5/measurements/layer_parent_stats/latency_buckets/1	integer	0
/rows/4/profiles/5/measurements/layer_parent_stats/latency_buckets/2	integer	0
/rows/4/profiles/5/measurements/layer_parent_stats/latency_buckets/3	integer	0
/rows/4/profiles/5/measurements/layer_parent_stats/latency_buckets/4	integer	0
/rows/4/profiles/5/measurements/layer_parent_stats/max_ns	integer	0
/rows/4/profiles/5/measurements/layer_parent_stats/total_ns	integer	0
/rows/4/profiles/5/measurements/layer_parent_stats/units	integer	170591
/rows/4/profiles/5/measurements/list_entries	object	-
/rows/4/profiles/5/measurements/list_entries/calls	integer	241
/rows/4/profiles/5/measurements/list_entries/latency_buckets	array	-
/rows/4/profiles/5/measurements/list_entries/latency_buckets/0	integer	240
/rows/4/profiles/5/measurements/list_entries/latency_buckets/1	integer	1
/rows/4/profiles/5/measurements/list_entries/latency_buckets/2	integer	0
/rows/4/profiles/5/measurements/list_entries/latency_buckets/3	integer	0
/rows/4/profiles/5/measurements/list_entries/latency_buckets/4	integer	0
/rows/4/profiles/5/measurements/list_entries/max_ns	integer	1371440
/rows/4/profiles/5/measurements/list_entries/total_ns	integer	81191844
/rows/4/profiles/5/measurements/list_entries/units	integer	0
/rows/4/profiles/5/measurements/metadata	object	-
/rows/4/profiles/5/measurements/metadata/calls	integer	17789
/rows/4/profiles/5/measurements/metadata/latency_buckets	array	-
/rows/4/profiles/5/measurements/metadata/latency_buckets/0	integer	17789
/rows/4/profiles/5/measurements/metadata/latency_buckets/1	integer	0
/rows/4/profiles/5/measurements/metadata/latency_buckets/2	integer	0
/rows/4/profiles/5/measurements/metadata/latency_buckets/3	integer	0
/rows/4/profiles/5/measurements/metadata/latency_buckets/4	integer	0
/rows/4/profiles/5/measurements/metadata/max_ns	integer	659982
/rows/4/profiles/5/measurements/metadata/total_ns	integer	332506277
/rows/4/profiles/5/measurements/metadata/units	integer	0
/rows/4/profiles/5/measurements/mount_identity_attempts	object	-
/rows/4/profiles/5/measurements/mount_identity_attempts/calls	integer	0
/rows/4/profiles/5/measurements/mount_identity_attempts/latency_buckets	array	-
/rows/4/profiles/5/measurements/mount_identity_attempts/latency_buckets/0	integer	0
/rows/4/profiles/5/measurements/mount_identity_attempts/latency_buckets/1	integer	0
/rows/4/profiles/5/measurements/mount_identity_attempts/latency_buckets/2	integer	0
/rows/4/profiles/5/measurements/mount_identity_attempts/latency_buckets/3	integer	0
/rows/4/profiles/5/measurements/mount_identity_attempts/latency_buckets/4	integer	0
/rows/4/profiles/5/measurements/mount_identity_attempts/max_ns	integer	0
/rows/4/profiles/5/measurements/mount_identity_attempts/total_ns	integer	0
/rows/4/profiles/5/measurements/mount_identity_attempts/units	integer	54380
/rows/4/profiles/5/measurements/observe_read	object	-
/rows/4/profiles/5/measurements/observe_read/calls	integer	4552
/rows/4/profiles/5/measurements/observe_read/latency_buckets	array	-
/rows/4/profiles/5/measurements/observe_read/latency_buckets/0	integer	4550
/rows/4/profiles/5/measurements/observe_read/latency_buckets/1	integer	1
/rows/4/profiles/5/measurements/observe_read/latency_buckets/2	integer	1
/rows/4/profiles/5/measurements/observe_read/latency_buckets/3	integer	0
/rows/4/profiles/5/measurements/observe_read/latency_buckets/4	integer	0
/rows/4/profiles/5/measurements/observe_read/max_ns	integer	34461998
/rows/4/profiles/5/measurements/observe_read/total_ns	integer	231106952
/rows/4/profiles/5/measurements/observe_read/units	integer	0
/rows/4/profiles/5/measurements/opaque_probe	object	-
/rows/4/profiles/5/measurements/opaque_probe/calls	integer	50017
/rows/4/profiles/5/measurements/opaque_probe/latency_buckets	array	-
/rows/4/profiles/5/measurements/opaque_probe/latency_buckets/0	integer	50017
/rows/4/profiles/5/measurements/opaque_probe/latency_buckets/1	integer	0
/rows/4/profiles/5/measurements/opaque_probe/latency_buckets/2	integer	0
/rows/4/profiles/5/measurements/opaque_probe/latency_buckets/3	integer	0
/rows/4/profiles/5/measurements/opaque_probe/latency_buckets/4	integer	0
/rows/4/profiles/5/measurements/opaque_probe/max_ns	integer	34875
/rows/4/profiles/5/measurements/opaque_probe/total_ns	integer	65958642
/rows/4/profiles/5/measurements/opaque_probe/units	integer	0
/rows/4/profiles/5/measurements/preimage	object	-
/rows/4/profiles/5/measurements/preimage/calls	integer	5671
/rows/4/profiles/5/measurements/preimage/latency_buckets	array	-
/rows/4/profiles/5/measurements/preimage/latency_buckets/0	integer	5650
/rows/4/profiles/5/measurements/preimage/latency_buckets/1	integer	20
/rows/4/profiles/5/measurements/preimage/latency_buckets/2	integer	1
/rows/4/profiles/5/measurements/preimage/latency_buckets/3	integer	0
/rows/4/profiles/5/measurements/preimage/latency_buckets/4	integer	0
/rows/4/profiles/5/measurements/preimage/max_ns	integer	34407486
/rows/4/profiles/5/measurements/preimage/total_ns	integer	237279207
/rows/4/profiles/5/measurements/preimage/units	integer	0
/rows/4/profiles/5/measurements/resolve	object	-
/rows/4/profiles/5/measurements/resolve/calls	integer	17828
/rows/4/profiles/5/measurements/resolve/latency_buckets	array	-
/rows/4/profiles/5/measurements/resolve/latency_buckets/0	integer	17828
/rows/4/profiles/5/measurements/resolve/latency_buckets/1	integer	0
/rows/4/profiles/5/measurements/resolve/latency_buckets/2	integer	0
/rows/4/profiles/5/measurements/resolve/latency_buckets/3	integer	0
/rows/4/profiles/5/measurements/resolve/latency_buckets/4	integer	0
/rows/4/profiles/5/measurements/resolve/max_ns	integer	659801
/rows/4/profiles/5/measurements/resolve/total_ns	integer	323751434
/rows/4/profiles/5/measurements/resolve/units	integer	0
/rows/4/profiles/5/measurements/resolve_components	object	-
/rows/4/profiles/5/measurements/resolve_components/calls	integer	0
/rows/4/profiles/5/measurements/resolve_components/latency_buckets	array	-
/rows/4/profiles/5/measurements/resolve_components/latency_buckets/0	integer	0
/rows/4/profiles/5/measurements/resolve_components/latency_buckets/1	integer	0
/rows/4/profiles/5/measurements/resolve_components/latency_buckets/2	integer	0
/rows/4/profiles/5/measurements/resolve_components/latency_buckets/3	integer	0
/rows/4/profiles/5/measurements/resolve_components/latency_buckets/4	integer	0
/rows/4/profiles/5/measurements/resolve_components/max_ns	integer	0
/rows/4/profiles/5/measurements/resolve_components/total_ns	integer	0
/rows/4/profiles/5/measurements/resolve_components/units	integer	69765
/rows/4/profiles/5/measurements/whiteout_probe	object	-
/rows/4/profiles/5/measurements/whiteout_probe/calls	integer	58573
/rows/4/profiles/5/measurements/whiteout_probe/latency_buckets	array	-
/rows/4/profiles/5/measurements/whiteout_probe/latency_buckets/0	integer	58573
/rows/4/profiles/5/measurements/whiteout_probe/latency_buckets/1	integer	0
/rows/4/profiles/5/measurements/whiteout_probe/latency_buckets/2	integer	0
/rows/4/profiles/5/measurements/whiteout_probe/latency_buckets/3	integer	0
/rows/4/profiles/5/measurements/whiteout_probe/latency_buckets/4	integer	0
/rows/4/profiles/5/measurements/whiteout_probe/max_ns	integer	37951
/rows/4/profiles/5/measurements/whiteout_probe/total_ns	integer	37586227
/rows/4/profiles/5/measurements/whiteout_probe/units	integer	0
/rows/4/profiles/5/pid	integer	3739944
/rows/4/profiles/5/schema	integer	2
/rows/4/profiles/6	object	-
/rows/4/profiles/6/component	string	virtio-fs-overlay
/rows/4/profiles/6/final_record	boolean	false
/rows/4/profiles/6/inclusive_spans	boolean	true
/rows/4/profiles/6/instance	integer	6
/rows/4/profiles/6/measurements	object	-
/rows/4/profiles/6/measurements/backing_lookup	object	-
/rows/4/profiles/6/measurements/backing_lookup/calls	integer	13160
/rows/4/profiles/6/measurements/backing_lookup/latency_buckets	array	-
/rows/4/profiles/6/measurements/backing_lookup/latency_buckets/0	integer	13159
/rows/4/profiles/6/measurements/backing_lookup/latency_buckets/1	integer	1
/rows/4/profiles/6/measurements/backing_lookup/latency_buckets/2	integer	0
/rows/4/profiles/6/measurements/backing_lookup/latency_buckets/3	integer	0
/rows/4/profiles/6/measurements/backing_lookup/latency_buckets/4	integer	0
/rows/4/profiles/6/measurements/backing_lookup/max_ns	integer	8487522
/rows/4/profiles/6/measurements/backing_lookup/total_ns	integer	29350952
/rows/4/profiles/6/measurements/backing_lookup/units	integer	0
/rows/4/profiles/6/measurements/directory_cache_deep_hits	object	-
/rows/4/profiles/6/measurements/directory_cache_deep_hits/calls	integer	0
/rows/4/profiles/6/measurements/directory_cache_deep_hits/latency_buckets	array	-
/rows/4/profiles/6/measurements/directory_cache_deep_hits/latency_buckets/0	integer	0
/rows/4/profiles/6/measurements/directory_cache_deep_hits/latency_buckets/1	integer	0
/rows/4/profiles/6/measurements/directory_cache_deep_hits/latency_buckets/2	integer	0
/rows/4/profiles/6/measurements/directory_cache_deep_hits/latency_buckets/3	integer	0
/rows/4/profiles/6/measurements/directory_cache_deep_hits/latency_buckets/4	integer	0
/rows/4/profiles/6/measurements/directory_cache_deep_hits/max_ns	integer	0
/rows/4/profiles/6/measurements/directory_cache_deep_hits/total_ns	integer	0
/rows/4/profiles/6/measurements/directory_cache_deep_hits/units	integer	12076
/rows/4/profiles/6/measurements/directory_cache_hits	object	-
/rows/4/profiles/6/measurements/directory_cache_hits/calls	integer	0
/rows/4/profiles/6/measurements/directory_cache_hits/latency_buckets	array	-
/rows/4/profiles/6/measurements/directory_cache_hits/latency_buckets/0	integer	0
/rows/4/profiles/6/measurements/directory_cache_hits/latency_buckets/1	integer	0
/rows/4/profiles/6/measurements/directory_cache_hits/latency_buckets/2	integer	0
/rows/4/profiles/6/measurements/directory_cache_hits/latency_buckets/3	integer	0
/rows/4/profiles/6/measurements/directory_cache_hits/latency_buckets/4	integer	0
/rows/4/profiles/6/measurements/directory_cache_hits/max_ns	integer	0
/rows/4/profiles/6/measurements/directory_cache_hits/total_ns	integer	0
/rows/4/profiles/6/measurements/directory_cache_hits/units	integer	365
/rows/4/profiles/6/measurements/directory_cache_misses	object	-
/rows/4/profiles/6/measurements/directory_cache_misses/calls	integer	0
/rows/4/profiles/6/measurements/directory_cache_misses/latency_buckets	array	-
/rows/4/profiles/6/measurements/directory_cache_misses/latency_buckets/0	integer	0
/rows/4/profiles/6/measurements/directory_cache_misses/latency_buckets/1	integer	0
/rows/4/profiles/6/measurements/directory_cache_misses/latency_buckets/2	integer	0
/rows/4/profiles/6/measurements/directory_cache_misses/latency_buckets/3	integer	0
/rows/4/profiles/6/measurements/directory_cache_misses/latency_buckets/4	integer	0
/rows/4/profiles/6/measurements/directory_cache_misses/max_ns	integer	0
/rows/4/profiles/6/measurements/directory_cache_misses/total_ns	integer	0
/rows/4/profiles/6/measurements/directory_cache_misses/units	integer	131
/rows/4/profiles/6/measurements/entry	object	-
/rows/4/profiles/6/measurements/entry/calls	integer	7669
/rows/4/profiles/6/measurements/entry/latency_buckets	array	-
/rows/4/profiles/6/measurements/entry/latency_buckets/0	integer	7668
/rows/4/profiles/6/measurements/entry/latency_buckets/1	integer	1
/rows/4/profiles/6/measurements/entry/latency_buckets/2	integer	0
/rows/4/profiles/6/measurements/entry/latency_buckets/3	integer	0
/rows/4/profiles/6/measurements/entry/latency_buckets/4	integer	0
/rows/4/profiles/6/measurements/entry/max_ns	integer	8496580
/rows/4/profiles/6/measurements/entry/total_ns	integer	31122361
/rows/4/profiles/6/measurements/entry/units	integer	0
/rows/4/profiles/6/measurements/getattr	object	-
/rows/4/profiles/6/measurements/getattr/calls	integer	720
/rows/4/profiles/6/measurements/getattr/latency_buckets	array	-
/rows/4/profiles/6/measurements/getattr/latency_buckets/0	integer	720
/rows/4/profiles/6/measurements/getattr/latency_buckets/1	integer	0
/rows/4/profiles/6/measurements/getattr/latency_buckets/2	integer	0
/rows/4/profiles/6/measurements/getattr/latency_buckets/3	integer	0
/rows/4/profiles/6/measurements/getattr/latency_buckets/4	integer	0
/rows/4/profiles/6/measurements/getattr/max_ns	integer	62887
/rows/4/profiles/6/measurements/getattr/total_ns	integer	14548906
/rows/4/profiles/6/measurements/getattr/units	integer	0
/rows/4/profiles/6/measurements/inner_inode	object	-
/rows/4/profiles/6/measurements/inner_inode/calls	integer	12574
/rows/4/profiles/6/measurements/inner_inode/latency_buckets	array	-
/rows/4/profiles/6/measurements/inner_inode/latency_buckets/0	integer	12573
/rows/4/profiles/6/measurements/inner_inode/latency_buckets/1	integer	1
/rows/4/profiles/6/measurements/inner_inode/latency_buckets/2	integer	0
/rows/4/profiles/6/measurements/inner_inode/latency_buckets/3	integer	0
/rows/4/profiles/6/measurements/inner_inode/latency_buckets/4	integer	0
/rows/4/profiles/6/measurements/inner_inode/max_ns	integer	8494405
/rows/4/profiles/6/measurements/inner_inode/total_ns	integer	40018376
/rows/4/profiles/6/measurements/inner_inode/units	integer	0
/rows/4/profiles/6/measurements/lookup	object	-
/rows/4/profiles/6/measurements/lookup/calls	integer	4117
/rows/4/profiles/6/measurements/lookup/latency_buckets	array	-
/rows/4/profiles/6/measurements/lookup/latency_buckets/0	integer	4117
/rows/4/profiles/6/measurements/lookup/latency_buckets/1	integer	0
/rows/4/profiles/6/measurements/lookup/latency_buckets/2	integer	0
/rows/4/profiles/6/measurements/lookup/latency_buckets/3	integer	0
/rows/4/profiles/6/measurements/lookup/latency_buckets/4	integer	0
/rows/4/profiles/6/measurements/lookup/max_ns	integer	664390
/rows/4/profiles/6/measurements/lookup/total_ns	integer	125092918
/rows/4/profiles/6/measurements/lookup/units	integer	0
/rows/4/profiles/6/measurements/open	object	-
/rows/4/profiles/6/measurements/open/calls	integer	4245
/rows/4/profiles/6/measurements/open/latency_buckets	array	-
/rows/4/profiles/6/measurements/open/latency_buckets/0	integer	4242
/rows/4/profiles/6/measurements/open/latency_buckets/1	integer	2
/rows/4/profiles/6/measurements/open/latency_buckets/2	integer	1
/rows/4/profiles/6/measurements/open/latency_buckets/3	integer	0
/rows/4/profiles/6/measurements/open/latency_buckets/4	integer	0
/rows/4/profiles/6/measurements/open/max_ns	integer	34492736
/rows/4/profiles/6/measurements/open/total_ns	integer	256640661
/rows/4/profiles/6/measurements/open/units	integer	0
/rows/4/profiles/6/measurements/opendir	object	-
/rows/4/profiles/6/measurements/opendir/calls	integer	232
/rows/4/profiles/6/measurements/opendir/latency_buckets	array	-
/rows/4/profiles/6/measurements/opendir/latency_buckets/0	integer	231
/rows/4/profiles/6/measurements/opendir/latency_buckets/1	integer	1
/rows/4/profiles/6/measurements/opendir/latency_buckets/2	integer	0
/rows/4/profiles/6/measurements/opendir/latency_buckets/3	integer	0
/rows/4/profiles/6/measurements/opendir/latency_buckets/4	integer	0
/rows/4/profiles/6/measurements/opendir/max_ns	integer	1457010
/rows/4/profiles/6/measurements/opendir/total_ns	integer	84684177
/rows/4/profiles/6/measurements/opendir/units	integer	0
/rows/4/profiles/6/measurements/read	object	-
/rows/4/profiles/6/measurements/read/calls	integer	4759
/rows/4/profiles/6/measurements/read/latency_buckets	array	-
/rows/4/profiles/6/measurements/read/latency_buckets/0	integer	4759
/rows/4/profiles/6/measurements/read/latency_buckets/1	integer	0
/rows/4/profiles/6/measurements/read/latency_buckets/2	integer	0
/rows/4/profiles/6/measurements/read/latency_buckets/3	integer	0
/rows/4/profiles/6/measurements/read/latency_buckets/4	integer	0
/rows/4/profiles/6/measurements/read/max_ns	integer	543805
/rows/4/profiles/6/measurements/read/total_ns	integer	17783331
/rows/4/profiles/6/measurements/read/units	integer	0
/rows/4/profiles/6/measurements/readdirplus	object	-
/rows/4/profiles/6/measurements/readdirplus/calls	integer	235
/rows/4/profiles/6/measurements/readdirplus/latency_buckets	array	-
/rows/4/profiles/6/measurements/readdirplus/latency_buckets/0	integer	234
/rows/4/profiles/6/measurements/readdirplus/latency_buckets/1	integer	1
/rows/4/profiles/6/measurements/readdirplus/latency_buckets/2	integer	0
/rows/4/profiles/6/measurements/readdirplus/latency_buckets/3	integer	0
/rows/4/profiles/6/measurements/readdirplus/latency_buckets/4	integer	0
/rows/4/profiles/6/measurements/readdirplus/max_ns	integer	8948422
/rows/4/profiles/6/measurements/readdirplus/total_ns	integer	74079835
/rows/4/profiles/6/measurements/readdirplus/units	integer	0
/rows/4/profiles/6/measurements/write	object	-
/rows/4/profiles/6/measurements/write/calls	integer	299
/rows/4/profiles/6/measurements/write/latency_buckets	array	-
/rows/4/profiles/6/measurements/write/latency_buckets/0	integer	299
/rows/4/profiles/6/measurements/write/latency_buckets/1	integer	0
/rows/4/profiles/6/measurements/write/latency_buckets/2	integer	0
/rows/4/profiles/6/measurements/write/latency_buckets/3	integer	0
/rows/4/profiles/6/measurements/write/latency_buckets/4	integer	0
/rows/4/profiles/6/measurements/write/max_ns	integer	84117
/rows/4/profiles/6/measurements/write/total_ns	integer	4718437
/rows/4/profiles/6/measurements/write/units	integer	0
/rows/4/profiles/6/pid	integer	3739944
/rows/4/profiles/6/schema	integer	2
/rows/4/profiles/7	object	-
/rows/4/profiles/7/component	string	virtio-fs-protocol
/rows/4/profiles/7/final_record	boolean	false
/rows/4/profiles/7/inclusive_spans	boolean	true
/rows/4/profiles/7/instance	integer	7
/rows/4/profiles/7/measurements	object	-
/rows/4/profiles/7/measurements/CREATE	object	-
/rows/4/profiles/7/measurements/CREATE/calls	integer	283
/rows/4/profiles/7/measurements/CREATE/latency_buckets	array	-
/rows/4/profiles/7/measurements/CREATE/latency_buckets/0	integer	270
/rows/4/profiles/7/measurements/CREATE/latency_buckets/1	integer	13
/rows/4/profiles/7/measurements/CREATE/latency_buckets/2	integer	0
/rows/4/profiles/7/measurements/CREATE/latency_buckets/3	integer	0
/rows/4/profiles/7/measurements/CREATE/latency_buckets/4	integer	0
/rows/4/profiles/7/measurements/CREATE/max_ns	integer	3801035
/rows/4/profiles/7/measurements/CREATE/total_ns	integer	141252910
/rows/4/profiles/7/measurements/CREATE/units	integer	0
/rows/4/profiles/7/measurements/FLUSH	object	-
/rows/4/profiles/7/measurements/FLUSH/calls	integer	4533
/rows/4/profiles/7/measurements/FLUSH/latency_buckets	array	-
/rows/4/profiles/7/measurements/FLUSH/latency_buckets/0	integer	4533
/rows/4/profiles/7/measurements/FLUSH/latency_buckets/1	integer	0
/rows/4/profiles/7/measurements/FLUSH/latency_buckets/2	integer	0
/rows/4/profiles/7/measurements/FLUSH/latency_buckets/3	integer	0
/rows/4/profiles/7/measurements/FLUSH/latency_buckets/4	integer	0
/rows/4/profiles/7/measurements/FLUSH/max_ns	integer	436385
/rows/4/profiles/7/measurements/FLUSH/total_ns	integer	5294350
/rows/4/profiles/7/measurements/FLUSH/units	integer	0
/rows/4/profiles/7/measurements/FORGET	object	-
/rows/4/profiles/7/measurements/FORGET/calls	integer	13
/rows/4/profiles/7/measurements/FORGET/latency_buckets	array	-
/rows/4/profiles/7/measurements/FORGET/latency_buckets/0	integer	13
/rows/4/profiles/7/measurements/FORGET/latency_buckets/1	integer	0
/rows/4/profiles/7/measurements/FORGET/latency_buckets/2	integer	0
/rows/4/profiles/7/measurements/FORGET/latency_buckets/3	integer	0
/rows/4/profiles/7/measurements/FORGET/latency_buckets/4	integer	0
/rows/4/profiles/7/measurements/FORGET/max_ns	integer	721
/rows/4/profiles/7/measurements/FORGET/total_ns	integer	5619
/rows/4/profiles/7/measurements/FORGET/units	integer	0
/rows/4/profiles/7/measurements/FSYNC	object	-
/rows/4/profiles/7/measurements/FSYNC/calls	integer	3
/rows/4/profiles/7/measurements/FSYNC/latency_buckets	array	-
/rows/4/profiles/7/measurements/FSYNC/latency_buckets/0	integer	3
/rows/4/profiles/7/measurements/FSYNC/latency_buckets/1	integer	0
/rows/4/profiles/7/measurements/FSYNC/latency_buckets/2	integer	0
/rows/4/profiles/7/measurements/FSYNC/latency_buckets/3	integer	0
/rows/4/profiles/7/measurements/FSYNC/latency_buckets/4	integer	0
/rows/4/profiles/7/measurements/FSYNC/max_ns	integer	428990
/rows/4/profiles/7/measurements/FSYNC/total_ns	integer	1110983
/rows/4/profiles/7/measurements/FSYNC/units	integer	0
/rows/4/profiles/7/measurements/FSYNCDIR	object	-
/rows/4/profiles/7/measurements/FSYNCDIR/calls	integer	1
/rows/4/profiles/7/measurements/FSYNCDIR/latency_buckets	array	-
/rows/4/profiles/7/measurements/FSYNCDIR/latency_buckets/0	integer	1
/rows/4/profiles/7/measurements/FSYNCDIR/latency_buckets/1	integer	0
/rows/4/profiles/7/measurements/FSYNCDIR/latency_buckets/2	integer	0
/rows/4/profiles/7/measurements/FSYNCDIR/latency_buckets/3	integer	0
/rows/4/profiles/7/measurements/FSYNCDIR/latency_buckets/4	integer	0
/rows/4/profiles/7/measurements/FSYNCDIR/max_ns	integer	861
/rows/4/profiles/7/measurements/FSYNCDIR/total_ns	integer	861
/rows/4/profiles/7/measurements/FSYNCDIR/units	integer	0
/rows/4/profiles/7/measurements/GETATTR	object	-
/rows/4/profiles/7/measurements/GETATTR/calls	integer	721
/rows/4/profiles/7/measurements/GETATTR/latency_buckets	array	-
/rows/4/profiles/7/measurements/GETATTR/latency_buckets/0	integer	721
/rows/4/profiles/7/measurements/GETATTR/latency_buckets/1	integer	0
/rows/4/profiles/7/measurements/GETATTR/latency_buckets/2	integer	0
/rows/4/profiles/7/measurements/GETATTR/latency_buckets/3	integer	0
/rows/4/profiles/7/measurements/GETATTR/latency_buckets/4	integer	0
/rows/4/profiles/7/measurements/GETATTR/max_ns	integer	84037
/rows/4/profiles/7/measurements/GETATTR/total_ns	integer	15534002
/rows/4/profiles/7/measurements/GETATTR/units	integer	0
/rows/4/profiles/7/measurements/GETXATTR	object	-
/rows/4/profiles/7/measurements/GETXATTR/calls	integer	280
/rows/4/profiles/7/measurements/GETXATTR/latency_buckets	array	-
/rows/4/profiles/7/measurements/GETXATTR/latency_buckets/0	integer	280
/rows/4/profiles/7/measurements/GETXATTR/latency_buckets/1	integer	0
/rows/4/profiles/7/measurements/GETXATTR/latency_buckets/2	integer	0
/rows/4/profiles/7/measurements/GETXATTR/latency_buckets/3	integer	0
/rows/4/profiles/7/measurements/GETXATTR/latency_buckets/4	integer	0
/rows/4/profiles/7/measurements/GETXATTR/max_ns	integer	119614
/rows/4/profiles/7/measurements/GETXATTR/total_ns	integer	10157846
/rows/4/profiles/7/measurements/GETXATTR/units	integer	0
/rows/4/profiles/7/measurements/LOOKUP	object	-
/rows/4/profiles/7/measurements/LOOKUP/calls	integer	4117
/rows/4/profiles/7/measurements/LOOKUP/latency_buckets	array	-
/rows/4/profiles/7/measurements/LOOKUP/latency_buckets/0	integer	4117
/rows/4/profiles/7/measurements/LOOKUP/latency_buckets/1	integer	0
/rows/4/profiles/7/measurements/LOOKUP/latency_buckets/2	integer	0
/rows/4/profiles/7/measurements/LOOKUP/latency_buckets/3	integer	0
/rows/4/profiles/7/measurements/LOOKUP/latency_buckets/4	integer	0
/rows/4/profiles/7/measurements/LOOKUP/max_ns	integer	665201
/rows/4/profiles/7/measurements/LOOKUP/total_ns	integer	129983084
/rows/4/profiles/7/measurements/LOOKUP/units	integer	0
/rows/4/profiles/7/measurements/MKDIR	object	-
/rows/4/profiles/7/measurements/MKDIR/calls	integer	15
/rows/4/profiles/7/measurements/MKDIR/latency_buckets	array	-
/rows/4/profiles/7/measurements/MKDIR/latency_buckets/0	integer	10
/rows/4/profiles/7/measurements/MKDIR/latency_buckets/1	integer	5
/rows/4/profiles/7/measurements/MKDIR/latency_buckets/2	integer	0
/rows/4/profiles/7/measurements/MKDIR/latency_buckets/3	integer	0
/rows/4/profiles/7/measurements/MKDIR/latency_buckets/4	integer	0
/rows/4/profiles/7/measurements/MKDIR/max_ns	integer	2663942
/rows/4/profiles/7/measurements/MKDIR/total_ns	integer	14079952
/rows/4/profiles/7/measurements/MKDIR/units	integer	0
/rows/4/profiles/7/measurements/OPEN	object	-
/rows/4/profiles/7/measurements/OPEN/calls	integer	4245
/rows/4/profiles/7/measurements/OPEN/latency_buckets	array	-
/rows/4/profiles/7/measurements/OPEN/latency_buckets/0	integer	4242
/rows/4/profiles/7/measurements/OPEN/latency_buckets/1	integer	2
/rows/4/profiles/7/measurements/OPEN/latency_buckets/2	integer	1
/rows/4/profiles/7/measurements/OPEN/latency_buckets/3	integer	0
/rows/4/profiles/7/measurements/OPEN/latency_buckets/4	integer	0
/rows/4/profiles/7/measurements/OPEN/max_ns	integer	34499207
/rows/4/profiles/7/measurements/OPEN/total_ns	integer	259830155
/rows/4/profiles/7/measurements/OPEN/units	integer	0
/rows/4/profiles/7/measurements/OPENDIR	object	-
/rows/4/profiles/7/measurements/OPENDIR/calls	integer	232
/rows/4/profiles/7/measurements/OPENDIR/latency_buckets	array	-
/rows/4/profiles/7/measurements/OPENDIR/latency_buckets/0	integer	231
/rows/4/profiles/7/measurements/OPENDIR/latency_buckets/1	integer	1
/rows/4/profiles/7/measurements/OPENDIR/latency_buckets/2	integer	0
/rows/4/profiles/7/measurements/OPENDIR/latency_buckets/3	integer	0
/rows/4/profiles/7/measurements/OPENDIR/latency_buckets/4	integer	0
/rows/4/profiles/7/measurements/OPENDIR/max_ns	integer	1458663
/rows/4/profiles/7/measurements/OPENDIR/total_ns	integer	84902952
/rows/4/profiles/7/measurements/OPENDIR/units	integer	0
/rows/4/profiles/7/measurements/OTHER	object	-
/rows/4/profiles/7/measurements/OTHER/calls	integer	3
/rows/4/profiles/7/measurements/OTHER/latency_buckets	array	-
/rows/4/profiles/7/measurements/OTHER/latency_buckets/0	integer	3
/rows/4/profiles/7/measurements/OTHER/latency_buckets/1	integer	0
/rows/4/profiles/7/measurements/OTHER/latency_buckets/2	integer	0
/rows/4/profiles/7/measurements/OTHER/latency_buckets/3	integer	0
/rows/4/profiles/7/measurements/OTHER/latency_buckets/4	integer	0
/rows/4/profiles/7/measurements/OTHER/max_ns	integer	484073
/rows/4/profiles/7/measurements/OTHER/total_ns	integer	496065
/rows/4/profiles/7/measurements/OTHER/units	integer	0
/rows/4/profiles/7/measurements/READ	object	-
/rows/4/profiles/7/measurements/READ/calls	integer	4759
/rows/4/profiles/7/measurements/READ/latency_buckets	array	-
/rows/4/profiles/7/measurements/READ/latency_buckets/0	integer	4759
/rows/4/profiles/7/measurements/READ/latency_buckets/1	integer	0
/rows/4/profiles/7/measurements/READ/latency_buckets/2	integer	0
/rows/4/profiles/7/measurements/READ/latency_buckets/3	integer	0
/rows/4/profiles/7/measurements/READ/latency_buckets/4	integer	0
/rows/4/profiles/7/measurements/READ/max_ns	integer	545939
/rows/4/profiles/7/measurements/READ/total_ns	integer	21338884
/rows/4/profiles/7/measurements/READ/units	integer	0
/rows/4/profiles/7/measurements/READDIR	object	-
/rows/4/profiles/7/measurements/READDIR/calls	integer	354
/rows/4/profiles/7/measurements/READDIR/latency_buckets	array	-
/rows/4/profiles/7/measurements/READDIR/latency_buckets/0	integer	354
/rows/4/profiles/7/measurements/READDIR/latency_buckets/1	integer	0
/rows/4/profiles/7/measurements/READDIR/latency_buckets/2	integer	0
/rows/4/profiles/7/measurements/READDIR/latency_buckets/3	integer	0
/rows/4/profiles/7/measurements/READDIR/latency_buckets/4	integer	0
/rows/4/profiles/7/measurements/READDIR/max_ns	integer	44483
/rows/4/profiles/7/measurements/READDIR/total_ns	integer	932083
/rows/4/profiles/7/measurements/READDIR/units	integer	0
/rows/4/profiles/7/measurements/READDIRPLUS	object	-
/rows/4/profiles/7/measurements/READDIRPLUS/calls	integer	235
/rows/4/profiles/7/measurements/READDIRPLUS/latency_buckets	array	-
/rows/4/profiles/7/measurements/READDIRPLUS/latency_buckets/0	integer	234
/rows/4/profiles/7/measurements/READDIRPLUS/latency_buckets/1	integer	1
/rows/4/profiles/7/measurements/READDIRPLUS/latency_buckets/2	integer	0
/rows/4/profiles/7/measurements/READDIRPLUS/latency_buckets/3	integer	0
/rows/4/profiles/7/measurements/READDIRPLUS/latency_buckets/4	integer	0
/rows/4/profiles/7/measurements/READDIRPLUS/max_ns	integer	8949685
/rows/4/profiles/7/measurements/READDIRPLUS/total_ns	integer	74286201
/rows/4/profiles/7/measurements/READDIRPLUS/units	integer	0
/rows/4/profiles/7/measurements/READLINK	object	-
/rows/4/profiles/7/measurements/READLINK/calls	integer	32
/rows/4/profiles/7/measurements/READLINK/latency_buckets	array	-
/rows/4/profiles/7/measurements/READLINK/latency_buckets/0	integer	32
/rows/4/profiles/7/measurements/READLINK/latency_buckets/1	integer	0
/rows/4/profiles/7/measurements/READLINK/latency_buckets/2	integer	0
/rows/4/profiles/7/measurements/READLINK/latency_buckets/3	integer	0
/rows/4/profiles/7/measurements/READLINK/latency_buckets/4	integer	0
/rows/4/profiles/7/measurements/READLINK/max_ns	integer	62016
/rows/4/profiles/7/measurements/READLINK/total_ns	integer	1053405
/rows/4/profiles/7/measurements/READLINK/units	integer	0
/rows/4/profiles/7/measurements/RELEASE	object	-
/rows/4/profiles/7/measurements/RELEASE/calls	integer	4528
/rows/4/profiles/7/measurements/RELEASE/latency_buckets	array	-
/rows/4/profiles/7/measurements/RELEASE/latency_buckets/0	integer	4528
/rows/4/profiles/7/measurements/RELEASE/latency_buckets/1	integer	0
/rows/4/profiles/7/measurements/RELEASE/latency_buckets/2	integer	0
/rows/4/profiles/7/measurements/RELEASE/latency_buckets/3	integer	0
/rows/4/profiles/7/measurements/RELEASE/latency_buckets/4	integer	0
/rows/4/profiles/7/measurements/RELEASE/max_ns	integer	488001
/rows/4/profiles/7/measurements/RELEASE/total_ns	integer	12966773
/rows/4/profiles/7/measurements/RELEASE/units	integer	0
/rows/4/profiles/7/measurements/RELEASEDIR	object	-
/rows/4/profiles/7/measurements/RELEASEDIR/calls	integer	232
/rows/4/profiles/7/measurements/RELEASEDIR/latency_buckets	array	-
/rows/4/profiles/7/measurements/RELEASEDIR/latency_buckets/0	integer	232
/rows/4/profiles/7/measurements/RELEASEDIR/latency_buckets/1	integer	0
/rows/4/profiles/7/measurements/RELEASEDIR/latency_buckets/2	integer	0
/rows/4/profiles/7/measurements/RELEASEDIR/latency_buckets/3	integer	0
/rows/4/profiles/7/measurements/RELEASEDIR/latency_buckets/4	integer	0
/rows/4/profiles/7/measurements/RELEASEDIR/max_ns	integer	8385
/rows/4/profiles/7/measurements/RELEASEDIR/total_ns	integer	349380
/rows/4/profiles/7/measurements/RELEASEDIR/units	integer	0
/rows/4/profiles/7/measurements/RENAME	object	-
/rows/4/profiles/7/measurements/RENAME/calls	integer	3
/rows/4/profiles/7/measurements/RENAME/latency_buckets	array	-
/rows/4/profiles/7/measurements/RENAME/latency_buckets/0	integer	2
/rows/4/profiles/7/measurements/RENAME/latency_buckets/1	integer	1
/rows/4/profiles/7/measurements/RENAME/latency_buckets/2	integer	0
/rows/4/profiles/7/measurements/RENAME/latency_buckets/3	integer	0
/rows/4/profiles/7/measurements/RENAME/latency_buckets/4	integer	0
/rows/4/profiles/7/measurements/RENAME/max_ns	integer	1043808
/rows/4/profiles/7/measurements/RENAME/total_ns	integer	2331382
/rows/4/profiles/7/measurements/RENAME/units	integer	0
/rows/4/profiles/7/measurements/RMDIR	object	-
/rows/4/profiles/7/measurements/RMDIR/calls	integer	3
/rows/4/profiles/7/measurements/RMDIR/latency_buckets	array	-
/rows/4/profiles/7/measurements/RMDIR/latency_buckets/0	integer	3
/rows/4/profiles/7/measurements/RMDIR/latency_buckets/1	integer	0
/rows/4/profiles/7/measurements/RMDIR/latency_buckets/2	integer	0
/rows/4/profiles/7/measurements/RMDIR/latency_buckets/3	integer	0
/rows/4/profiles/7/measurements/RMDIR/latency_buckets/4	integer	0
/rows/4/profiles/7/measurements/RMDIR/max_ns	integer	262761
/rows/4/profiles/7/measurements/RMDIR/total_ns	integer	763195
/rows/4/profiles/7/measurements/RMDIR/units	integer	0
/rows/4/profiles/7/measurements/SETATTR	object	-
/rows/4/profiles/7/measurements/SETATTR/calls	integer	5
/rows/4/profiles/7/measurements/SETATTR/latency_buckets	array	-
/rows/4/profiles/7/measurements/SETATTR/latency_buckets/0	integer	5
/rows/4/profiles/7/measurements/SETATTR/latency_buckets/1	integer	0
/rows/4/profiles/7/measurements/SETATTR/latency_buckets/2	integer	0
/rows/4/profiles/7/measurements/SETATTR/latency_buckets/3	integer	0
/rows/4/profiles/7/measurements/SETATTR/latency_buckets/4	integer	0
/rows/4/profiles/7/measurements/SETATTR/max_ns	integer	42198
/rows/4/profiles/7/measurements/SETATTR/total_ns	integer	164486
/rows/4/profiles/7/measurements/SETATTR/units	integer	0
/rows/4/profiles/7/measurements/STATFS	object	-
/rows/4/profiles/7/measurements/STATFS/calls	integer	13
/rows/4/profiles/7/measurements/STATFS/latency_buckets	array	-
/rows/4/profiles/7/measurements/STATFS/latency_buckets/0	integer	13
/rows/4/profiles/7/measurements/STATFS/latency_buckets/1	integer	0
/rows/4/profiles/7/measurements/STATFS/latency_buckets/2	integer	0
/rows/4/profiles/7/measurements/STATFS/latency_buckets/3	integer	0
/rows/4/profiles/7/measurements/STATFS/latency_buckets/4	integer	0
/rows/4/profiles/7/measurements/STATFS/max_ns	integer	22482
/rows/4/profiles/7/measurements/STATFS/total_ns	integer	205947
/rows/4/profiles/7/measurements/STATFS/units	integer	0
/rows/4/profiles/7/measurements/SYMLINK	object	-
/rows/4/profiles/7/measurements/SYMLINK/calls	integer	32
/rows/4/profiles/7/measurements/SYMLINK/latency_buckets	array	-
/rows/4/profiles/7/measurements/SYMLINK/latency_buckets/0	integer	32
/rows/4/profiles/7/measurements/SYMLINK/latency_buckets/1	integer	0
/rows/4/profiles/7/measurements/SYMLINK/latency_buckets/2	integer	0
/rows/4/profiles/7/measurements/SYMLINK/latency_buckets/3	integer	0
/rows/4/profiles/7/measurements/SYMLINK/latency_buckets/4	integer	0
/rows/4/profiles/7/measurements/SYMLINK/max_ns	integer	460981
/rows/4/profiles/7/measurements/SYMLINK/total_ns	integer	13164368
/rows/4/profiles/7/measurements/SYMLINK/units	integer	0
/rows/4/profiles/7/measurements/UNLINK	object	-
/rows/4/profiles/7/measurements/UNLINK/calls	integer	9
/rows/4/profiles/7/measurements/UNLINK/latency_buckets	array	-
/rows/4/profiles/7/measurements/UNLINK/latency_buckets/0	integer	9
/rows/4/profiles/7/measurements/UNLINK/latency_buckets/1	integer	0
/rows/4/profiles/7/measurements/UNLINK/latency_buckets/2	integer	0
/rows/4/profiles/7/measurements/UNLINK/latency_buckets/3	integer	0
/rows/4/profiles/7/measurements/UNLINK/latency_buckets/4	integer	0
/rows/4/profiles/7/measurements/UNLINK/max_ns	integer	568892
/rows/4/profiles/7/measurements/UNLINK/total_ns	integer	2669862
/rows/4/profiles/7/measurements/UNLINK/units	integer	0
/rows/4/profiles/7/measurements/WRITE	object	-
/rows/4/profiles/7/measurements/WRITE/calls	integer	299
/rows/4/profiles/7/measurements/WRITE/latency_buckets	array	-
/rows/4/profiles/7/measurements/WRITE/latency_buckets/0	integer	299
/rows/4/profiles/7/measurements/WRITE/latency_buckets/1	integer	0
/rows/4/profiles/7/measurements/WRITE/latency_buckets/2	integer	0
/rows/4/profiles/7/measurements/WRITE/latency_buckets/3	integer	0
/rows/4/profiles/7/measurements/WRITE/latency_buckets/4	integer	0
/rows/4/profiles/7/measurements/WRITE/max_ns	integer	89938
/rows/4/profiles/7/measurements/WRITE/total_ns	integer	5168137
/rows/4/profiles/7/measurements/WRITE/units	integer	0
/rows/4/profiles/7/measurements/request_bytes	object	-
/rows/4/profiles/7/measurements/request_bytes/calls	integer	0
/rows/4/profiles/7/measurements/request_bytes/latency_buckets	array	-
/rows/4/profiles/7/measurements/request_bytes/latency_buckets/0	integer	0
/rows/4/profiles/7/measurements/request_bytes/latency_buckets/1	integer	0
/rows/4/profiles/7/measurements/request_bytes/latency_buckets/2	integer	0
/rows/4/profiles/7/measurements/request_bytes/latency_buckets/3	integer	0
/rows/4/profiles/7/measurements/request_bytes/latency_buckets/4	integer	0
/rows/4/profiles/7/measurements/request_bytes/max_ns	integer	0
/rows/4/profiles/7/measurements/request_bytes/total_ns	integer	0
/rows/4/profiles/7/measurements/request_bytes/units	integer	19072123
/rows/4/profiles/7/pid	integer	3739944
/rows/4/profiles/7/schema	integer	2
/rows/4/profiles/8	object	-
/rows/4/profiles/8/component	string	virtio-fs-dispatch
/rows/4/profiles/8/final_record	boolean	false
/rows/4/profiles/8/inclusive_spans	boolean	true
/rows/4/profiles/8/instance	integer	8
/rows/4/profiles/8/measurements	object	-
/rows/4/profiles/8/measurements/admission	object	-
/rows/4/profiles/8/measurements/admission/calls	integer	19860
/rows/4/profiles/8/measurements/admission/latency_buckets	array	-
/rows/4/profiles/8/measurements/admission/latency_buckets/0	integer	19822
/rows/4/profiles/8/measurements/admission/latency_buckets/1	integer	37
/rows/4/profiles/8/measurements/admission/latency_buckets/2	integer	1
/rows/4/profiles/8/measurements/admission/latency_buckets/3	integer	0
/rows/4/profiles/8/measurements/admission/latency_buckets/4	integer	0
/rows/4/profiles/8/measurements/admission/max_ns	integer	34529914
/rows/4/profiles/8/measurements/admission/total_ns	integer	1024344575
/rows/4/profiles/8/measurements/admission/units	integer	0
/rows/4/profiles/8/measurements/inline_requests	object	-
/rows/4/profiles/8/measurements/inline_requests/calls	integer	0
/rows/4/profiles/8/measurements/inline_requests/latency_buckets	array	-
/rows/4/profiles/8/measurements/inline_requests/latency_buckets/0	integer	0
/rows/4/profiles/8/measurements/inline_requests/latency_buckets/1	integer	0
/rows/4/profiles/8/measurements/inline_requests/latency_buckets/2	integer	0
/rows/4/profiles/8/measurements/inline_requests/latency_buckets/3	integer	0
/rows/4/profiles/8/measurements/inline_requests/latency_buckets/4	integer	0
/rows/4/profiles/8/measurements/inline_requests/max_ns	integer	0
/rows/4/profiles/8/measurements/inline_requests/total_ns	integer	0
/rows/4/profiles/8/measurements/inline_requests/units	integer	24766
/rows/4/profiles/8/measurements/pool_requests	object	-
/rows/4/profiles/8/measurements/pool_requests/calls	integer	0
/rows/4/profiles/8/measurements/pool_requests/latency_buckets	array	-
/rows/4/profiles/8/measurements/pool_requests/latency_buckets/0	integer	0
/rows/4/profiles/8/measurements/pool_requests/latency_buckets/1	integer	0
/rows/4/profiles/8/measurements/pool_requests/latency_buckets/2	integer	0
/rows/4/profiles/8/measurements/pool_requests/latency_buckets/3	integer	0
/rows/4/profiles/8/measurements/pool_requests/latency_buckets/4	integer	0
/rows/4/profiles/8/measurements/pool_requests/max_ns	integer	0
/rows/4/profiles/8/measurements/pool_requests/total_ns	integer	0
/rows/4/profiles/8/measurements/pool_requests/units	integer	184
/rows/4/profiles/8/measurements/pool_workers	object	-
/rows/4/profiles/8/measurements/pool_workers/calls	integer	0
/rows/4/profiles/8/measurements/pool_workers/latency_buckets	array	-
/rows/4/profiles/8/measurements/pool_workers/latency_buckets/0	integer	0
/rows/4/profiles/8/measurements/pool_workers/latency_buckets/1	integer	0
/rows/4/profiles/8/measurements/pool_workers/latency_buckets/2	integer	0
/rows/4/profiles/8/measurements/pool_workers/latency_buckets/3	integer	0
/rows/4/profiles/8/measurements/pool_workers/latency_buckets/4	integer	0
/rows/4/profiles/8/measurements/pool_workers/max_ns	integer	0
/rows/4/profiles/8/measurements/pool_workers/total_ns	integer	0
/rows/4/profiles/8/measurements/pool_workers/units	integer	2
/rows/4/profiles/8/pid	integer	3739944
/rows/4/profiles/8/schema	integer	2
/rows/4/variant	string	baseline
/scope	string	Last cumulative checkpoint per pid/component/instance in each measured diagnostic job; VM checkpoints are partial and inclusive spans must not be added. Instrumented timing is excluded from performance acceptance.
