path	type	value
	object	-
/binary_sha256	string	592b01a0683b8eeedc4750d04b7400820034fa84e630c0dcecc9eb742b800383
/capabilities	object	-
/capabilities/density~1vm~1128	object	-
/capabilities/density~1vm~1128/available_kib	integer	12787676
/capabilities/density~1vm~1128/estimated_per_job_kib	float	154182.0
/capabilities/density~1vm~1128/reason	string	memory guard: 150.6 MiB estimated RSS/VM plus 2 GiB reserve exceeds available memory
/capabilities/density~1vm~1128/state	string	not-measured
/cpu	string	AMD Ryzen 7 9700X 8-Core Processor
/firmware_sha256	string	6df51f65d7f99fc22215e69a4236c770b1588ceb6777eca014f92b366517d237
/harness_sha256	object	-
/harness_sha256/bench.py	string	ef814d8f4002e8a653edf50030dc145ace3c881f80afd5bca20d711bbaff0608
/harness_sha256/firmware_boot.py	string	277cdcb479271c5e3d9683769cd4332236c53744a5389ca76f94c44d37d28284
/harness_sha256/guest_init.py	string	bbce31c21060c6cb1c5ad103276fe6294f27f8dda4a878321ed27e8172e5f0d2
/harness_sha256/linux_vm_ready.py	string	dfc980b6d804588f758f0424ab1e12a2534b59dbd09faad1297df4c7fc6281b0
/harness_sha256/plot_startup.py	string	f4432080e61419666dd3a11790ec9a2bd334b5377a4397c0ea018292f4b1580b
/harness_sha256/product_v1.py	string	3dcc9c2eca12bec72b25d300629cf9b1e82562a54ccc27108f142a136a8541db
/harness_sha256/run_all.py	string	ef45a6a8120f3d4734ae2fee2674848eacc6b583a68839adaede49552ae11da2
/harness_sha256/startup.py	string	5dfac911d447a3562c095fe5acddcc2acb4bae93af78db0491eee02b6d199cee
/harness_sha256/test_bench.py	string	d9dcea3319ad50da4f8fd7f12befed87f53bd68bd07456c71d27f103c1d18602
/harness_sha256/test_product_v1.py	string	12c34aea8a7df1da1218d761f3d44cf170dfd76fd39eaf949c31e887fbf57a2b
/harness_sha256/test_run_all.py	string	76ec448980e0ea0afece9037e9af6c273c90c0cb6ee81d93ebe85659acd6a08c
/harness_sha256/test_startup.py	string	a19f0e3c8a9fa47f4f8116c6415a7ace363ebbcee1a672e8f002ca48144d5b43
/harness_sha256/test_vm_ready.py	string	510e171d9af9a4e64085f70f983036709e2c41c3303974b7af319c142df313bc
/harness_sha256/test_vm_stress.py	string	61d3ba8e8ded8dbc41e371f56cba80a2697b16c6576a0c363dc6e2e064341dd5
/harness_sha256/v1~1agent.py	string	ecc8eda0af6812d3df4c59f61ada6122b7e3a95e2b5c971af88b83856425e656
/harness_sha256/v1~1apply.py	string	dc9121a3946debe32e466b129efa68feaf31725fa449d8c4e3241b1cd3c22900
/harness_sha256/v1~1apply_worker.py	string	0b6c542251721fa948245ba021a8695d6e0fd375ec6d72bd2d1f118fd12957f6
/harness_sha256/v1~1baselines.py	string	fd8f9acc32e7e470c3686a5cd9580be946331338c28fedb7ea1c0378047b9e2d
/harness_sha256/v1~1common.py	string	bcc3c6711dab811be63c151860613a397d84aebd58080bf44e0db600c7fd533f
/harness_sha256/v1~1density.py	string	df0b2dd3246e1c23b7dcd3b185807ff6afe12c92639b842be1186223e51d2c7e
/harness_sha256/v1~1filesystem.py	string	2d3c9a981166ed3c0cd5b2b483ff07d1dde36d695545c5e9e8631a43cf122542
/harness_sha256/v1~1isolation.py	string	13a82608320ccc2d98e93e5a9eb8229f33c3433a5fa8cbfb2274a16df428e943
/harness_sha256/v1~1isolation_worker.py	string	ee0c710c8b9d4ebc2339387b323b33b699d74c430092f13986b5d26be7bfd9f8
/harness_sha256/v1~1network.py	string	743d37fe8eddf9d417672d1f1ffae0e040c2e4de8670fbf2894608bd473823f9
/harness_sha256/v1~1network_worker.py	string	6ad52b1fc76789e3560f4853576c4ac70faec8f22666de8ae74ba4956fb547be
/harness_sha256/v1~1oci.py	string	806c0aa0caa66af09922d8d79e634fae897eaba39f1da85f7d1933d43c3cfab2
/harness_sha256/v1~1replay.py	string	cffe049650e0137e789dbc236a4f0589c02e62c9bfe5096070438cb52d1f7c4c
/harness_sha256/v1~1supervision.py	string	cb685d7e289c23a9b254e08929f307e70bd273ef18e653222fa3d896285f685a
/harness_sha256/v1~1workload.py	string	484e661b91720d03119998cca082db6fe57d5d40591957af1840e872066b61cc
/harness_sha256/vm_ready.py	string	b3bc5aede44b1c42000a97754cc4500b55a5d629428218cf4e7e58435985f0f2
/harness_sha256/vm_snapshot.py	string	4eeea288fad2761fbb6a0d5a2188a58e5a23711013879e33c0f17ffea946c942
/harness_sha256/vm_snapshot_lazy.py	string	dd27d85a92de7b24bb62d4563e415299cf0967289ebf68463e9ab3cbcc0fcf08
/harness_sha256/vm_stress.py	string	de1f2dbe6d0c170e36a345dec635e1dcc6cad0e73262c077e797988f8372cfd2
/load_after	array	-
/load_after/0	float	8.74169921875
/load_after/1	float	5.16064453125
/load_after/2	float	4.20361328125
/load_before	array	-
/load_before/0	float	2.841796875
/load_before/1	float	2.6650390625
/load_before/2	float	3.3623046875
/logical_cpus	integer	16
/memory_total_kib	integer	31980420
/oci_rootfs_tar_sha256	string	acd5c4eeace49d49070af623d4b4c3d8316f456a83aa0e88f07266e8f0b57ffc
/oci_shape	string	shell
/platform	string	Linux-7.2.8-200.fc44.x86_64-x86_64-with-glibc2.43
/podman_image	string	sha256:3db555450bcfb71c03f61e8b707e3655f2181f586f33ce0fee1b720a458b5beb
/protocol	object	-
/protocol/caches	string	warm; no host cache eviction
/protocol/correctness_required	boolean	true
/protocol/percentile	string	linear interpolation
/protocol/samples	integer	5
/protocol/startup_logging	boolean	false
/protocol/timing	string	wall includes process launch and teardown; worker_ms is workload only
/protocol/vm_memory	string	1GiB
/protocol/warmups	integer	0
/python	string	Python 3.14.7
/recorded_at	string	2026-10-04T02:44:35.351505+08:00
/rootfs_file_bytes	integer	8407672
/rows	array	-
/rows/0	object	-
/rows/0/backend	string	vm
/rows/0/child_cpu_ms	float	258.786
/rows/0/completed	integer	1
/rows/0/concurrency	integer	1
/rows/0/correctness	string	passed
/rows/0/job_wall_ms	array	-
/rows/0/job_wall_ms/0	float	1280.371473
/rows/0/memory_sampling_interval_ms	integer	20
/rows/0/peak_tree_processes	integer	2
/rows/0/peak_tree_rss_kib	integer	102788
/rows/0/suite	string	density
/rows/0/trial	integer	0
/rows/0/wall_ms	float	1296.153058
/rows/0/workload	string	hold-1s
/rows/1	object	-
/rows/1/backend	string	vm
/rows/1/child_cpu_ms	float	217.11199999999997
/rows/1/completed	integer	1
/rows/1/concurrency	integer	1
/rows/1/correctness	string	passed
/rows/1/job_wall_ms	array	-
/rows/1/job_wall_ms/0	float	1239.266921
/rows/1/memory_sampling_interval_ms	integer	20
/rows/1/peak_tree_processes	integer	2
/rows/1/peak_tree_rss_kib	integer	100440
/rows/1/suite	string	density
/rows/1/trial	integer	1
/rows/1/wall_ms	float	1239.981966
/rows/1/workload	string	hold-1s
/rows/2	object	-
/rows/2/backend	string	vm
/rows/2/child_cpu_ms	float	214.71699999999993
/rows/2/completed	integer	1
/rows/2/concurrency	integer	1
/rows/2/correctness	string	passed
/rows/2/job_wall_ms	array	-
/rows/2/job_wall_ms/0	float	1219.042638
/rows/2/memory_sampling_interval_ms	integer	20
/rows/2/peak_tree_processes	integer	2
/rows/2/peak_tree_rss_kib	integer	100380
/rows/2/suite	string	density
/rows/2/trial	integer	2
/rows/2/wall_ms	float	1219.822114
/rows/2/workload	string	hold-1s
/rows/3	object	-
/rows/3/backend	string	vm
/rows/3/child_cpu_ms	float	213.74599999999998
/rows/3/completed	integer	1
/rows/3/concurrency	integer	1
/rows/3/correctness	string	passed
/rows/3/job_wall_ms	array	-
/rows/3/job_wall_ms/0	float	1239.632463
/rows/3/memory_sampling_interval_ms	integer	20
/rows/3/peak_tree_processes	integer	2
/rows/3/peak_tree_rss_kib	integer	102132
/rows/3/suite	string	density
/rows/3/trial	integer	3
/rows/3/wall_ms	float	1240.971094
/rows/3/workload	string	hold-1s
/rows/4	object	-
/rows/4/backend	string	vm
/rows/4/child_cpu_ms	float	217.75600000000006
/rows/4/completed	integer	1
/rows/4/concurrency	integer	1
/rows/4/correctness	string	passed
/rows/4/job_wall_ms	array	-
/rows/4/job_wall_ms/0	float	1239.300393
/rows/4/memory_sampling_interval_ms	integer	20
/rows/4/peak_tree_processes	integer	2
/rows/4/peak_tree_rss_kib	integer	100880
/rows/4/suite	string	density
/rows/4/trial	integer	4
/rows/4/wall_ms	float	1239.966247
/rows/4/workload	string	hold-1s
/rows/5	object	-
/rows/5/backend	string	vm
/rows/5/child_cpu_ms	float	2277.105
/rows/5/completed	integer	8
/rows/5/concurrency	integer	8
/rows/5/correctness	string	passed
/rows/5/job_wall_ms	array	-
/rows/5/job_wall_ms/0	float	1302.184114
/rows/5/job_wall_ms/1	float	1302.222225
/rows/5/job_wall_ms/2	float	1301.897057
/rows/5/job_wall_ms/3	float	1305.800888
/rows/5/job_wall_ms/4	float	1301.679802
/rows/5/job_wall_ms/5	float	1283.420999
/rows/5/job_wall_ms/6	float	1281.961353
/rows/5/job_wall_ms/7	float	1322.666339
/rows/5/memory_sampling_interval_ms	integer	20
/rows/5/peak_tree_processes	integer	16
/rows/5/peak_tree_rss_kib	integer	809500
/rows/5/suite	string	density
/rows/5/trial	integer	0
/rows/5/wall_ms	float	1325.431483
/rows/5/workload	string	hold-1s
/rows/6	object	-
/rows/6/backend	string	vm
/rows/6/child_cpu_ms	float	2265.0620000000004
/rows/6/completed	integer	8
/rows/6/concurrency	integer	8
/rows/6/correctness	string	passed
/rows/6/job_wall_ms	array	-
/rows/6/job_wall_ms/0	float	1281.075058
/rows/6/job_wall_ms/1	float	1280.997011
/rows/6/job_wall_ms/2	float	1300.743813
/rows/6/job_wall_ms/3	float	1303.948659
/rows/6/job_wall_ms/4	float	1300.396825
/rows/6/job_wall_ms/5	float	1303.391939
/rows/6/job_wall_ms/6	float	1301.549929
/rows/6/job_wall_ms/7	float	1281.259822
/rows/6/memory_sampling_interval_ms	integer	20
/rows/6/peak_tree_processes	integer	16
/rows/6/peak_tree_rss_kib	integer	811980
/rows/6/suite	string	density
/rows/6/trial	integer	1
/rows/6/wall_ms	float	1307.481047
/rows/6/workload	string	hold-1s
/rows/7	object	-
/rows/7/backend	string	vm
/rows/7/child_cpu_ms	float	2242.533999999999
/rows/7/completed	integer	8
/rows/7/concurrency	integer	8
/rows/7/correctness	string	passed
/rows/7/job_wall_ms	array	-
/rows/7/job_wall_ms/0	float	1303.064678
/rows/7/job_wall_ms/1	float	1282.480994
/rows/7/job_wall_ms/2	float	1302.956056
/rows/7/job_wall_ms/3	float	1282.272955
/rows/7/job_wall_ms/4	float	1300.644688
/rows/7/job_wall_ms/5	float	1302.453025
/rows/7/job_wall_ms/6	float	1280.957077
/rows/7/job_wall_ms/7	float	1281.036877
/rows/7/memory_sampling_interval_ms	integer	20
/rows/7/peak_tree_processes	integer	16
/rows/7/peak_tree_rss_kib	integer	808748
/rows/7/suite	string	density
/rows/7/trial	integer	2
/rows/7/wall_ms	float	1318.591237
/rows/7/workload	string	hold-1s
/rows/8	object	-
/rows/8/backend	string	vm
/rows/8/child_cpu_ms	float	2246.7889999999998
/rows/8/completed	integer	8
/rows/8/concurrency	integer	8
/rows/8/correctness	string	passed
/rows/8/job_wall_ms	array	-
/rows/8/job_wall_ms/0	float	1303.185594
/rows/8/job_wall_ms/1	float	1281.747463
/rows/8/job_wall_ms/2	float	1281.576945
/rows/8/job_wall_ms/3	float	1311.238354
/rows/8/job_wall_ms/4	float	1303.693422
/rows/8/job_wall_ms/5	float	1282.678101
/rows/8/job_wall_ms/6	float	1281.896151
/rows/8/job_wall_ms/7	float	1280.753677
/rows/8/memory_sampling_interval_ms	integer	20
/rows/8/peak_tree_processes	integer	16
/rows/8/peak_tree_rss_kib	integer	808012
/rows/8/suite	string	density
/rows/8/trial	integer	3
/rows/8/wall_ms	float	1312.408009
/rows/8/workload	string	hold-1s
/rows/9	object	-
/rows/9/backend	string	vm
/rows/9/child_cpu_ms	float	2269.7000000000003
/rows/9/completed	integer	8
/rows/9/concurrency	integer	8
/rows/9/correctness	string	passed
/rows/9/job_wall_ms	array	-
/rows/9/job_wall_ms/0	float	1283.299862
/rows/9/job_wall_ms/1	float	1301.937473
/rows/9/job_wall_ms/2	float	1281.728958
/rows/9/job_wall_ms/3	float	1281.530898
/rows/9/job_wall_ms/4	float	1281.047566
/rows/9/job_wall_ms/5	float	1281.588727
/rows/9/job_wall_ms/6	float	1300.476414
/rows/9/job_wall_ms/7	float	1283.851063
/rows/9/memory_sampling_interval_ms	integer	20
/rows/9/peak_tree_processes	integer	16
/rows/9/peak_tree_rss_kib	integer	808396
/rows/9/suite	string	density
/rows/9/trial	integer	4
/rows/9/wall_ms	float	1307.624043
/rows/9/workload	string	hold-1s
/rows/10	object	-
/rows/10/backend	string	vm
/rows/10/child_cpu_ms	float	12057.055999999999
/rows/10/completed	integer	32
/rows/10/concurrency	integer	32
/rows/10/correctness	string	passed
/rows/10/job_wall_ms	array	-
/rows/10/job_wall_ms/0	float	2037.362565
/rows/10/job_wall_ms/1	float	2039.215827
/rows/10/job_wall_ms/2	float	2035.125577
/rows/10/job_wall_ms/3	float	1995.213041
/rows/10/job_wall_ms/4	float	1958.865844
/rows/10/job_wall_ms/5	float	2091.38291
/rows/10/job_wall_ms/6	float	1938.578764
/rows/10/job_wall_ms/7	float	1903.684852
/rows/10/job_wall_ms/8	float	1960.843368
/rows/10/job_wall_ms/9	float	2099.670689
/rows/10/job_wall_ms/10	float	1977.718406
/rows/10/job_wall_ms/11	float	2111.963089
/rows/10/job_wall_ms/12	float	2119.104587
/rows/10/job_wall_ms/13	float	1865.609618
/rows/10/job_wall_ms/14	float	2041.789794
/rows/10/job_wall_ms/15	float	2102.983496
/rows/10/job_wall_ms/16	float	2070.62507
/rows/10/job_wall_ms/17	float	1946.617929
/rows/10/job_wall_ms/18	float	1938.51285
/rows/10/job_wall_ms/19	float	2120.008364
/rows/10/job_wall_ms/20	float	2038.444646
/rows/10/job_wall_ms/21	float	2008.037895
/rows/10/job_wall_ms/22	float	1934.018988
/rows/10/job_wall_ms/23	float	2080.398434
/rows/10/job_wall_ms/24	float	2060.627638
/rows/10/job_wall_ms/25	float	1873.621602
/rows/10/job_wall_ms/26	float	1622.633285
/rows/10/job_wall_ms/27	float	1632.132727
/rows/10/job_wall_ms/28	float	2073.221931
/rows/10/job_wall_ms/29	float	1934.08443
/rows/10/job_wall_ms/30	float	2013.506458
/rows/10/job_wall_ms/31	float	1650.836491
/rows/10/memory_sampling_interval_ms	integer	20
/rows/10/peak_tree_processes	integer	64
/rows/10/peak_tree_rss_kib	integer	3156152
/rows/10/suite	string	density
/rows/10/trial	integer	0
/rows/10/wall_ms	float	2129.363988
/rows/10/workload	string	hold-1s
/rows/11	object	-
/rows/11/backend	string	vm
/rows/11/child_cpu_ms	float	11892.830000000004
/rows/11/completed	integer	32
/rows/11/concurrency	integer	32
/rows/11/correctness	string	passed
/rows/11/job_wall_ms	array	-
/rows/11/job_wall_ms/0	float	1913.444851
/rows/11/job_wall_ms/1	float	2115.21913
/rows/11/job_wall_ms/2	float	2105.485069
/rows/11/job_wall_ms/3	float	1792.033217
/rows/11/job_wall_ms/4	float	1819.44233
/rows/11/job_wall_ms/5	float	2102.29988
/rows/11/job_wall_ms/6	float	2125.634443
/rows/11/job_wall_ms/7	float	2012.764302
/rows/11/job_wall_ms/8	float	1569.821587
/rows/11/job_wall_ms/9	float	2150.873813
/rows/11/job_wall_ms/10	float	1839.047307
/rows/11/job_wall_ms/11	float	1952.473586
/rows/11/job_wall_ms/12	float	2088.130887
/rows/11/job_wall_ms/13	float	1797.777526
/rows/11/job_wall_ms/14	float	1978.74846
/rows/11/job_wall_ms/15	float	2047.084563
/rows/11/job_wall_ms/16	float	2033.07097
/rows/11/job_wall_ms/17	float	1966.555697
/rows/11/job_wall_ms/18	float	1810.134566
/rows/11/job_wall_ms/19	float	1830.22625
/rows/11/job_wall_ms/20	float	1997.156601
/rows/11/job_wall_ms/21	float	1967.36036
/rows/11/job_wall_ms/22	float	1685.434109
/rows/11/job_wall_ms/23	float	1534.923897
/rows/11/job_wall_ms/24	float	1914.077162
/rows/11/job_wall_ms/25	float	2026.1806
/rows/11/job_wall_ms/26	float	1761.813975
/rows/11/job_wall_ms/27	float	2142.790665
/rows/11/job_wall_ms/28	float	1879.270783
/rows/11/job_wall_ms/29	float	1560.580567
/rows/11/job_wall_ms/30	float	1913.145942
/rows/11/job_wall_ms/31	float	1813.590511
/rows/11/memory_sampling_interval_ms	integer	20
/rows/11/peak_tree_processes	integer	64
/rows/11/peak_tree_rss_kib	integer	3167596
/rows/11/suite	string	density
/rows/11/trial	integer	1
/rows/11/wall_ms	float	2163.814453
/rows/11/workload	string	hold-1s
/rows/12	object	-
/rows/12/backend	string	vm
/rows/12/child_cpu_ms	float	11854.155999999995
/rows/12/completed	integer	32
/rows/12/concurrency	integer	32
/rows/12/correctness	string	passed
/rows/12/job_wall_ms	array	-
/rows/12/job_wall_ms/0	float	2065.055548
/rows/12/job_wall_ms/1	float	1769.505512
/rows/12/job_wall_ms/2	float	2115.70601
/rows/12/job_wall_ms/3	float	2107.44515
/rows/12/job_wall_ms/4	float	1933.675196
/rows/12/job_wall_ms/5	float	1827.629682
/rows/12/job_wall_ms/6	float	1655.626457
/rows/12/job_wall_ms/7	float	2086.815459
/rows/12/job_wall_ms/8	float	2090.475576
/rows/12/job_wall_ms/9	float	2108.222422
/rows/12/job_wall_ms/10	float	1945.624353
/rows/12/job_wall_ms/11	float	1678.489719
/rows/12/job_wall_ms/12	float	1753.208593
/rows/12/job_wall_ms/13	float	1763.668619
/rows/12/job_wall_ms/14	float	1912.456805
/rows/12/job_wall_ms/15	float	2120.002905
/rows/12/job_wall_ms/16	float	1974.555508
/rows/12/job_wall_ms/17	float	1716.76632
/rows/12/job_wall_ms/18	float	1999.829053
/rows/12/job_wall_ms/19	float	2082.801502
/rows/12/job_wall_ms/20	float	2028.902345
/rows/12/job_wall_ms/21	float	2079.913468
/rows/12/job_wall_ms/22	float	1639.266672
/rows/12/job_wall_ms/23	float	2117.559511
/rows/12/job_wall_ms/24	float	2086.51028
/rows/12/job_wall_ms/25	float	2087.404359
/rows/12/job_wall_ms/26	float	2064.12477
/rows/12/job_wall_ms/27	float	2044.689089
/rows/12/job_wall_ms/28	float	2004.052451
/rows/12/job_wall_ms/29	float	2053.535712
/rows/12/job_wall_ms/30	float	1953.799452
/rows/12/job_wall_ms/31	float	1757.66184
/rows/12/memory_sampling_interval_ms	integer	20
/rows/12/peak_tree_processes	integer	64
/rows/12/peak_tree_rss_kib	integer	3156356
/rows/12/suite	string	density
/rows/12/trial	integer	2
/rows/12/wall_ms	float	2153.274317
/rows/12/workload	string	hold-1s
/rows/13	object	-
/rows/13/backend	string	vm
/rows/13/child_cpu_ms	float	11569.929000000002
/rows/13/completed	integer	32
/rows/13/concurrency	integer	32
/rows/13/correctness	string	passed
/rows/13/job_wall_ms	array	-
/rows/13/job_wall_ms/0	float	1803.748467
/rows/13/job_wall_ms/1	float	2013.150934
/rows/13/job_wall_ms/2	float	1466.230327
/rows/13/job_wall_ms/3	float	1661.049285
/rows/13/job_wall_ms/4	float	1862.684764
/rows/13/job_wall_ms/5	float	2029.354919
/rows/13/job_wall_ms/6	float	1671.820583
/rows/13/job_wall_ms/7	float	1986.198485
/rows/13/job_wall_ms/8	float	1983.066094
/rows/13/job_wall_ms/9	float	1854.223541
/rows/13/job_wall_ms/10	float	1512.569375
/rows/13/job_wall_ms/11	float	1943.693788
/rows/13/job_wall_ms/12	float	2036.51401
/rows/13/job_wall_ms/13	float	1800.501663
/rows/13/job_wall_ms/14	float	1658.62102
/rows/13/job_wall_ms/15	float	2107.7502
/rows/13/job_wall_ms/16	float	1958.564081
/rows/13/job_wall_ms/17	float	1520.131498
/rows/13/job_wall_ms/18	float	1814.449454
/rows/13/job_wall_ms/19	float	1853.484531
/rows/13/job_wall_ms/20	float	1853.814788
/rows/13/job_wall_ms/21	float	1893.028629
/rows/13/job_wall_ms/22	float	1875.951203
/rows/13/job_wall_ms/23	float	1932.781878
/rows/13/job_wall_ms/24	float	1581.322588
/rows/13/job_wall_ms/25	float	1811.101932
/rows/13/job_wall_ms/26	float	1908.485107
/rows/13/job_wall_ms/27	float	1857.091188
/rows/13/job_wall_ms/28	float	1673.968755
/rows/13/job_wall_ms/29	float	1932.127204
/rows/13/job_wall_ms/30	float	1850.654325
/rows/13/job_wall_ms/31	float	1966.630727
/rows/13/memory_sampling_interval_ms	integer	20
/rows/13/peak_tree_processes	integer	64
/rows/13/peak_tree_rss_kib	integer	3174088
/rows/13/suite	string	density
/rows/13/trial	integer	3
/rows/13/wall_ms	float	2115.258623
/rows/13/workload	string	hold-1s
/rows/14	object	-
/rows/14/backend	string	vm
/rows/14/child_cpu_ms	float	11561.085
/rows/14/completed	integer	32
/rows/14/concurrency	integer	32
/rows/14/correctness	string	passed
/rows/14/job_wall_ms	array	-
/rows/14/job_wall_ms/0	float	2033.646224
/rows/14/job_wall_ms/1	float	1854.014731
/rows/14/job_wall_ms/2	float	1503.063651
/rows/14/job_wall_ms/3	float	1670.152517
/rows/14/job_wall_ms/4	float	1605.640617
/rows/14/job_wall_ms/5	float	2068.473712
/rows/14/job_wall_ms/6	float	1989.498898
/rows/14/job_wall_ms/7	float	2038.397508
/rows/14/job_wall_ms/8	float	1495.669831
/rows/14/job_wall_ms/9	float	1939.374119
/rows/14/job_wall_ms/10	float	2100.542548
/rows/14/job_wall_ms/11	float	1979.174435
/rows/14/job_wall_ms/12	float	1748.834283
/rows/14/job_wall_ms/13	float	2007.226459
/rows/14/job_wall_ms/14	float	2028.40791
/rows/14/job_wall_ms/15	float	1725.19412
/rows/14/job_wall_ms/16	float	1817.304137
/rows/14/job_wall_ms/17	float	1876.280238
/rows/14/job_wall_ms/18	float	1820.804233
/rows/14/job_wall_ms/19	float	1743.833283
/rows/14/job_wall_ms/20	float	1732.424915
/rows/14/job_wall_ms/21	float	1928.610426
/rows/14/job_wall_ms/22	float	1844.731573
/rows/14/job_wall_ms/23	float	2065.243679
/rows/14/job_wall_ms/24	float	1662.199362
/rows/14/job_wall_ms/25	float	1844.988282
/rows/14/job_wall_ms/26	float	1664.603001
/rows/14/job_wall_ms/27	float	1870.021257
/rows/14/job_wall_ms/28	float	2091.953095
/rows/14/job_wall_ms/29	float	1879.169113
/rows/14/job_wall_ms/30	float	1868.986644
/rows/14/job_wall_ms/31	float	2030.932606
/rows/14/memory_sampling_interval_ms	integer	20
/rows/14/peak_tree_processes	integer	64
/rows/14/peak_tree_rss_kib	integer	3168884
/rows/14/suite	string	density
/rows/14/trial	integer	4
/rows/14/wall_ms	float	2104.410872
/rows/14/workload	string	hold-1s
/rows/15	object	-
/rows/15/backend	string	podman
/rows/15/child_cpu_ms	float	47.69799999999691
/rows/15/completed	integer	1
/rows/15/concurrency	integer	1
/rows/15/correctness	string	passed
/rows/15/job_wall_ms	array	-
/rows/15/job_wall_ms/0	float	1091.218207
/rows/15/memory_sampling_interval_ms	integer	20
/rows/15/peak_tree_processes	integer	1
/rows/15/peak_tree_rss_kib	integer	49028
/rows/15/suite	string	density
/rows/15/trial	integer	0
/rows/15/wall_ms	float	1102.702817
/rows/15/workload	string	hold-1s
/rows/16	object	-
/rows/16/backend	string	podman
/rows/16/child_cpu_ms	float	35.72800000000598
/rows/16/completed	integer	1
/rows/16/concurrency	integer	1
/rows/16/correctness	string	passed
/rows/16/job_wall_ms	array	-
/rows/16/job_wall_ms/0	float	1060.066504
/rows/16/memory_sampling_interval_ms	integer	20
/rows/16/peak_tree_processes	integer	1
/rows/16/peak_tree_rss_kib	integer	49976
/rows/16/suite	string	density
/rows/16/trial	integer	1
/rows/16/wall_ms	float	1060.655233
/rows/16/workload	string	hold-1s
/rows/17	object	-
/rows/17/backend	string	podman
/rows/17/child_cpu_ms	float	36.228000000008365
/rows/17/completed	integer	1
/rows/17/concurrency	integer	1
/rows/17/correctness	string	passed
/rows/17/job_wall_ms	array	-
/rows/17/job_wall_ms/0	float	1061.138196
/rows/17/memory_sampling_interval_ms	integer	20
/rows/17/peak_tree_processes	integer	1
/rows/17/peak_tree_rss_kib	integer	50132
/rows/17/suite	string	density
/rows/17/trial	integer	2
/rows/17/wall_ms	float	1065.155558
/rows/17/workload	string	hold-1s
/rows/18	object	-
/rows/18/backend	string	podman
/rows/18/child_cpu_ms	float	37.827999999990425
/rows/18/completed	integer	1
/rows/18/concurrency	integer	1
/rows/18/correctness	string	passed
/rows/18/job_wall_ms	array	-
/rows/18/job_wall_ms/0	float	1059.665084
/rows/18/memory_sampling_interval_ms	integer	20
/rows/18/peak_tree_processes	integer	1
/rows/18/peak_tree_rss_kib	integer	49552
/rows/18/suite	string	density
/rows/18/trial	integer	3
/rows/18/wall_ms	float	1060.266748
/rows/18/workload	string	hold-1s
/rows/19	object	-
/rows/19/backend	string	podman
/rows/19/child_cpu_ms	float	36.722999999994954
/rows/19/completed	integer	1
/rows/19/concurrency	integer	1
/rows/19/correctness	string	passed
/rows/19/job_wall_ms	array	-
/rows/19/job_wall_ms/0	float	1054.653463
/rows/19/memory_sampling_interval_ms	integer	20
/rows/19/peak_tree_processes	integer	1
/rows/19/peak_tree_rss_kib	integer	50504
/rows/19/suite	string	density
/rows/19/trial	integer	4
/rows/19/wall_ms	float	1055.194405
/rows/19/workload	string	hold-1s
/rows/20	object	-
/rows/20/backend	string	podman
/rows/20/child_cpu_ms	float	315.51199999999824
/rows/20/completed	integer	8
/rows/20/concurrency	integer	8
/rows/20/correctness	string	passed
/rows/20/job_wall_ms	array	-
/rows/20/job_wall_ms/0	float	1167.330483
/rows/20/job_wall_ms/1	float	1259.632499
/rows/20/job_wall_ms/2	float	1098.208762
/rows/20/job_wall_ms/3	float	1152.601814
/rows/20/job_wall_ms/4	float	1202.345202
/rows/20/job_wall_ms/5	float	1107.30353
/rows/20/job_wall_ms/6	float	1188.730333
/rows/20/job_wall_ms/7	float	1180.625184
/rows/20/memory_sampling_interval_ms	integer	20
/rows/20/peak_tree_processes	integer	8
/rows/20/peak_tree_rss_kib	integer	400572
/rows/20/suite	string	density
/rows/20/trial	integer	0
/rows/20/wall_ms	float	1260.631885
/rows/20/workload	string	hold-1s
/rows/21	object	-
/rows/21/backend	string	podman
/rows/21/child_cpu_ms	float	307.9660000000075
/rows/21/completed	integer	8
/rows/21/concurrency	integer	8
/rows/21/correctness	string	passed
/rows/21/job_wall_ms	array	-
/rows/21/job_wall_ms/0	float	1142.600204
/rows/21/job_wall_ms/1	float	1129.842266
/rows/21/job_wall_ms/2	float	1117.028563
/rows/21/job_wall_ms/3	float	1154.407227
/rows/21/job_wall_ms/4	float	1072.835463
/rows/21/job_wall_ms/5	float	1168.487865
/rows/21/job_wall_ms/6	float	1090.291737
/rows/21/job_wall_ms/7	float	1100.377093
/rows/21/memory_sampling_interval_ms	integer	20
/rows/21/peak_tree_processes	integer	8
/rows/21/peak_tree_rss_kib	integer	396884
/rows/21/suite	string	density
/rows/21/trial	integer	1
/rows/21/wall_ms	float	1171.451992
/rows/21/workload	string	hold-1s
/rows/22	object	-
/rows/22/backend	string	podman
/rows/22/child_cpu_ms	float	314.27600000000666
/rows/22/completed	integer	8
/rows/22/concurrency	integer	8
/rows/22/correctness	string	passed
/rows/22/job_wall_ms	array	-
/rows/22/job_wall_ms/0	float	1081.498342
/rows/22/job_wall_ms/1	float	1155.464432
/rows/22/job_wall_ms/2	float	1159.921516
/rows/22/job_wall_ms/3	float	1124.389101
/rows/22/job_wall_ms/4	float	1119.38745
/rows/22/job_wall_ms/5	float	1135.017392
/rows/22/job_wall_ms/6	float	1139.275615
/rows/22/job_wall_ms/7	float	1168.14742
/rows/22/memory_sampling_interval_ms	integer	20
/rows/22/peak_tree_processes	integer	8
/rows/22/peak_tree_rss_kib	integer	398508
/rows/22/suite	string	density
/rows/22/trial	integer	2
/rows/22/wall_ms	float	1187.375332
/rows/22/workload	string	hold-1s
/rows/23	object	-
/rows/23/backend	string	podman
/rows/23/child_cpu_ms	float	306.004999999999
/rows/23/completed	integer	8
/rows/23/concurrency	integer	8
/rows/23/correctness	string	passed
/rows/23/job_wall_ms	array	-
/rows/23/job_wall_ms/0	float	1128.813404
/rows/23/job_wall_ms/1	float	1075.846316
/rows/23/job_wall_ms/2	float	1110.034561
/rows/23/job_wall_ms/3	float	1144.04861
/rows/23/job_wall_ms/4	float	1157.202407
/rows/23/job_wall_ms/5	float	1115.862074
/rows/23/job_wall_ms/6	float	1147.00966
/rows/23/job_wall_ms/7	float	1087.610769
/rows/23/memory_sampling_interval_ms	integer	20
/rows/23/peak_tree_processes	integer	8
/rows/23/peak_tree_rss_kib	integer	398948
/rows/23/suite	string	density
/rows/23/trial	integer	3
/rows/23/wall_ms	float	1159.046461
/rows/23/workload	string	hold-1s
/rows/24	object	-
/rows/24/backend	string	podman
/rows/24/child_cpu_ms	float	294.92700000000127
/rows/24/completed	integer	8
/rows/24/concurrency	integer	8
/rows/24/correctness	string	passed
/rows/24/job_wall_ms	array	-
/rows/24/job_wall_ms/0	float	1164.479198
/rows/24/job_wall_ms/1	float	1187.992865
/rows/24/job_wall_ms/2	float	1102.143843
/rows/24/job_wall_ms/3	float	1171.132545
/rows/24/job_wall_ms/4	float	1115.31341
/rows/24/job_wall_ms/5	float	1083.119
/rows/24/job_wall_ms/6	float	1063.504485
/rows/24/job_wall_ms/7	float	1080.596609
/rows/24/memory_sampling_interval_ms	integer	20
/rows/24/peak_tree_processes	integer	8
/rows/24/peak_tree_rss_kib	integer	395220
/rows/24/suite	string	density
/rows/24/trial	integer	4
/rows/24/wall_ms	float	1207.272834
/rows/24/workload	string	hold-1s
/rows/25	object	-
/rows/25/backend	string	podman
/rows/25/child_cpu_ms	float	1482.1229999999873
/rows/25/completed	integer	32
/rows/25/concurrency	integer	32
/rows/25/correctness	string	passed
/rows/25/job_wall_ms	array	-
/rows/25/job_wall_ms/0	float	1137.856203
/rows/25/job_wall_ms/1	float	1347.663356
/rows/25/job_wall_ms/2	float	1274.723194
/rows/25/job_wall_ms/3	float	1672.707158
/rows/25/job_wall_ms/4	float	1510.81036
/rows/25/job_wall_ms/5	float	1531.224037
/rows/25/job_wall_ms/6	float	1182.29904
/rows/25/job_wall_ms/7	float	1549.603645
/rows/25/job_wall_ms/8	float	1299.172809
/rows/25/job_wall_ms/9	float	1197.662225
/rows/25/job_wall_ms/10	float	1447.309448
/rows/25/job_wall_ms/11	float	1126.916862
/rows/25/job_wall_ms/12	float	1682.270991
/rows/25/job_wall_ms/13	float	1585.059327
/rows/25/job_wall_ms/14	float	1353.592219
/rows/25/job_wall_ms/15	float	1536.493328
/rows/25/job_wall_ms/16	float	1571.517715
/rows/25/job_wall_ms/17	float	1696.802592
/rows/25/job_wall_ms/18	float	1150.304403
/rows/25/job_wall_ms/19	float	1548.823528
/rows/25/job_wall_ms/20	float	1319.86172
/rows/25/job_wall_ms/21	float	1353.186802
/rows/25/job_wall_ms/22	float	1257.52894
/rows/25/job_wall_ms/23	float	1537.619431
/rows/25/job_wall_ms/24	float	1580.07646
/rows/25/job_wall_ms/25	float	1600.734484
/rows/25/job_wall_ms/26	float	1583.929487
/rows/25/job_wall_ms/27	float	1436.411644
/rows/25/job_wall_ms/28	float	1467.37786
/rows/25/job_wall_ms/29	float	1451.252061
/rows/25/job_wall_ms/30	float	1470.585321
/rows/25/job_wall_ms/31	float	1513.580674
/rows/25/memory_sampling_interval_ms	integer	20
/rows/25/peak_tree_processes	integer	32
/rows/25/peak_tree_rss_kib	integer	1600784
/rows/25/suite	string	density
/rows/25/trial	integer	0
/rows/25/wall_ms	float	1715.204371
/rows/25/workload	string	hold-1s
/rows/26	object	-
/rows/26/backend	string	podman
/rows/26/child_cpu_ms	float	1519.6169999999966
/rows/26/completed	integer	32
/rows/26/concurrency	integer	32
/rows/26/correctness	string	passed
/rows/26/job_wall_ms	array	-
/rows/26/job_wall_ms/0	float	1638.129928
/rows/26/job_wall_ms/1	float	1168.759613
/rows/26/job_wall_ms/2	float	1256.00329
/rows/26/job_wall_ms/3	float	1283.707474
/rows/26/job_wall_ms/4	float	1209.49724
/rows/26/job_wall_ms/5	float	2176.501779
/rows/26/job_wall_ms/6	float	1934.481231
/rows/26/job_wall_ms/7	float	1362.079321
/rows/26/job_wall_ms/8	float	1173.442529
/rows/26/job_wall_ms/9	float	2025.273867
/rows/26/job_wall_ms/10	float	1954.980037
/rows/26/job_wall_ms/11	float	1351.863511
/rows/26/job_wall_ms/12	float	2065.695824
/rows/26/job_wall_ms/13	float	1980.730282
/rows/26/job_wall_ms/14	float	1227.652649
/rows/26/job_wall_ms/15	float	1968.761096
/rows/26/job_wall_ms/16	float	1942.955459
/rows/26/job_wall_ms/17	float	1806.273534
/rows/26/job_wall_ms/18	float	2034.260592
/rows/26/job_wall_ms/19	float	1482.671404
/rows/26/job_wall_ms/20	float	1611.404482
/rows/26/job_wall_ms/21	float	2035.765713
/rows/26/job_wall_ms/22	float	1593.797847
/rows/26/job_wall_ms/23	float	1334.754696
/rows/26/job_wall_ms/24	float	1635.666928
/rows/26/job_wall_ms/25	float	1644.56692
/rows/26/job_wall_ms/26	float	1758.96805
/rows/26/job_wall_ms/27	float	1213.757857
/rows/26/job_wall_ms/28	float	1747.950192
/rows/26/job_wall_ms/29	float	1409.906178
/rows/26/job_wall_ms/30	float	1776.602778
/rows/26/job_wall_ms/31	float	1766.868636
/rows/26/memory_sampling_interval_ms	integer	20
/rows/26/peak_tree_processes	integer	32
/rows/26/peak_tree_rss_kib	integer	1597044
/rows/26/suite	string	density
/rows/26/trial	integer	1
/rows/26/wall_ms	float	2178.872647
/rows/26/workload	string	hold-1s
/rows/27	object	-
/rows/27/backend	string	podman
/rows/27/child_cpu_ms	float	1471.7050000000143
/rows/27/completed	integer	32
/rows/27/concurrency	integer	32
/rows/27/correctness	string	passed
/rows/27/job_wall_ms	array	-
/rows/27/job_wall_ms/0	float	1555.327756
/rows/27/job_wall_ms/1	float	1340.854869
/rows/27/job_wall_ms/2	float	1150.406885
/rows/27/job_wall_ms/3	float	1343.553681
/rows/27/job_wall_ms/4	float	1321.135439
/rows/27/job_wall_ms/5	float	1245.073877
/rows/27/job_wall_ms/6	float	1207.665047
/rows/27/job_wall_ms/7	float	1396.665368
/rows/27/job_wall_ms/8	float	1531.936537
/rows/27/job_wall_ms/9	float	1220.187666
/rows/27/job_wall_ms/10	float	1256.7263
/rows/27/job_wall_ms/11	float	1104.549726
/rows/27/job_wall_ms/12	float	1212.525475
/rows/27/job_wall_ms/13	float	1390.375641
/rows/27/job_wall_ms/14	float	1602.085177
/rows/27/job_wall_ms/15	float	1358.74832
/rows/27/job_wall_ms/16	float	1511.724156
/rows/27/job_wall_ms/17	float	1459.025369
/rows/27/job_wall_ms/18	float	1458.630322
/rows/27/job_wall_ms/19	float	1227.054982
/rows/27/job_wall_ms/20	float	1338.843963
/rows/27/job_wall_ms/21	float	1468.656057
/rows/27/job_wall_ms/22	float	1536.959119
/rows/27/job_wall_ms/23	float	1485.470282
/rows/27/job_wall_ms/24	float	1420.096141
/rows/27/job_wall_ms/25	float	1298.390367
/rows/27/job_wall_ms/26	float	1402.872421
/rows/27/job_wall_ms/27	float	1141.820799
/rows/27/job_wall_ms/28	float	1356.829084
/rows/27/job_wall_ms/29	float	1091.872599
/rows/27/job_wall_ms/30	float	1337.806336
/rows/27/job_wall_ms/31	float	1349.595574
/rows/27/memory_sampling_interval_ms	integer	20
/rows/27/peak_tree_processes	integer	32
/rows/27/peak_tree_rss_kib	integer	1599588
/rows/27/suite	string	density
/rows/27/trial	integer	2
/rows/27/wall_ms	float	1607.763662
/rows/27/workload	string	hold-1s
/rows/28	object	-
/rows/28/backend	string	podman
/rows/28/child_cpu_ms	float	1413.9079999999922
/rows/28/completed	integer	32
/rows/28/concurrency	integer	32
/rows/28/correctness	string	passed
/rows/28/job_wall_ms	array	-
/rows/28/job_wall_ms/0	float	1533.880388
/rows/28/job_wall_ms/1	float	1474.008965
/rows/28/job_wall_ms/2	float	1541.438665
/rows/28/job_wall_ms/3	float	1660.838421
/rows/28/job_wall_ms/4	float	1582.30914
/rows/28/job_wall_ms/5	float	1666.562933
/rows/28/job_wall_ms/6	float	1611.669427
/rows/28/job_wall_ms/7	float	1557.213588
/rows/28/job_wall_ms/8	float	1874.447034
/rows/28/job_wall_ms/9	float	1562.119661
/rows/28/job_wall_ms/10	float	1761.550544
/rows/28/job_wall_ms/11	float	1142.010824
/rows/28/job_wall_ms/12	float	1249.917313
/rows/28/job_wall_ms/13	float	1325.440379
/rows/28/job_wall_ms/14	float	1382.929995
/rows/28/job_wall_ms/15	float	1590.351411
/rows/28/job_wall_ms/16	float	1124.463369
/rows/28/job_wall_ms/17	float	1726.143463
/rows/28/job_wall_ms/18	float	1147.674121
/rows/28/job_wall_ms/19	float	1538.063651
/rows/28/job_wall_ms/20	float	1564.845142
/rows/28/job_wall_ms/21	float	1469.82497
/rows/28/job_wall_ms/22	float	1610.672586
/rows/28/job_wall_ms/23	float	1308.381748
/rows/28/job_wall_ms/24	float	1298.685218
/rows/28/job_wall_ms/25	float	1320.460899
/rows/28/job_wall_ms/26	float	1755.075991
/rows/28/job_wall_ms/27	float	1617.651509
/rows/28/job_wall_ms/28	float	1652.912057
/rows/28/job_wall_ms/29	float	1561.205154
/rows/28/job_wall_ms/30	float	1502.467107
/rows/28/job_wall_ms/31	float	1491.470068
/rows/28/memory_sampling_interval_ms	integer	20
/rows/28/peak_tree_processes	integer	32
/rows/28/peak_tree_rss_kib	integer	1595892
/rows/28/suite	string	density
/rows/28/trial	integer	3
/rows/28/wall_ms	float	1888.254001
/rows/28/workload	string	hold-1s
/rows/29	object	-
/rows/29/backend	string	podman
/rows/29/child_cpu_ms	float	1465.4960000000017
/rows/29/completed	integer	32
/rows/29/concurrency	integer	32
/rows/29/correctness	string	passed
/rows/29/job_wall_ms	array	-
/rows/29/job_wall_ms/0	float	1544.602514
/rows/29/job_wall_ms/1	float	1820.327974
/rows/29/job_wall_ms/2	float	1150.688691
/rows/29/job_wall_ms/3	float	1231.712913
/rows/29/job_wall_ms/4	float	1210.794362
/rows/29/job_wall_ms/5	float	2080.771351
/rows/29/job_wall_ms/6	float	1800.943459
/rows/29/job_wall_ms/7	float	1521.979831
/rows/29/job_wall_ms/8	float	1900.402461
/rows/29/job_wall_ms/9	float	1806.92999
/rows/29/job_wall_ms/10	float	1870.56363
/rows/29/job_wall_ms/11	float	1656.330071
/rows/29/job_wall_ms/12	float	1409.265562
/rows/29/job_wall_ms/13	float	1467.387017
/rows/29/job_wall_ms/14	float	1845.121411
/rows/29/job_wall_ms/15	float	1902.413918
/rows/29/job_wall_ms/16	float	1775.667089
/rows/29/job_wall_ms/17	float	1299.098631
/rows/29/job_wall_ms/18	float	1165.002996
/rows/29/job_wall_ms/19	float	2041.509701
/rows/29/job_wall_ms/20	float	1126.225912
/rows/29/job_wall_ms/21	float	1782.355231
/rows/29/job_wall_ms/22	float	1256.540414
/rows/29/job_wall_ms/23	float	1750.168505
/rows/29/job_wall_ms/24	float	1224.37104
/rows/29/job_wall_ms/25	float	1511.601587
/rows/29/job_wall_ms/26	float	1898.539301
/rows/29/job_wall_ms/27	float	1370.282873
/rows/29/job_wall_ms/28	float	1807.033584
/rows/29/job_wall_ms/29	float	1277.424218
/rows/29/job_wall_ms/30	float	1617.340518
/rows/29/job_wall_ms/31	float	1621.74728
/rows/29/memory_sampling_interval_ms	integer	20
/rows/29/peak_tree_processes	integer	32
/rows/29/peak_tree_rss_kib	integer	1590284
/rows/29/suite	string	density
/rows/29/trial	integer	4
/rows/29/wall_ms	float	2099.089144
/rows/29/workload	string	hold-1s
/rows/30	object	-
/rows/30/backend	string	podman
/rows/30/child_cpu_ms	float	6464.970999999991
/rows/30/completed	integer	128
/rows/30/concurrency	integer	128
/rows/30/correctness	string	passed
/rows/30/job_wall_ms	array	-
/rows/30/job_wall_ms/0	float	5941.326761
/rows/30/job_wall_ms/1	float	6016.937059
/rows/30/job_wall_ms/2	float	6963.116013
/rows/30/job_wall_ms/3	float	5857.694508
/rows/30/job_wall_ms/4	float	5930.656852
/rows/30/job_wall_ms/5	float	7329.796882
/rows/30/job_wall_ms/6	float	6739.568898
/rows/30/job_wall_ms/7	float	7142.55732
/rows/30/job_wall_ms/8	float	6453.133816
/rows/30/job_wall_ms/9	float	7523.417843
/rows/30/job_wall_ms/10	float	6041.071316
/rows/30/job_wall_ms/11	float	4305.827907
/rows/30/job_wall_ms/12	float	7067.234678
/rows/30/job_wall_ms/13	float	4240.034583
/rows/30/job_wall_ms/14	float	6743.010126
/rows/30/job_wall_ms/15	float	7185.881047
/rows/30/job_wall_ms/16	float	4552.953309
/rows/30/job_wall_ms/17	float	7539.043608
/rows/30/job_wall_ms/18	float	7192.894065
/rows/30/job_wall_ms/19	float	5425.369644
/rows/30/job_wall_ms/20	float	2873.833904
/rows/30/job_wall_ms/21	float	4557.993252
/rows/30/job_wall_ms/22	float	4261.900863
/rows/30/job_wall_ms/23	float	2609.234425
/rows/30/job_wall_ms/24	float	5964.721305
/rows/30/job_wall_ms/25	float	5991.891782
/rows/30/job_wall_ms/26	float	8680.186129
/rows/30/job_wall_ms/27	float	6695.989654
/rows/30/job_wall_ms/28	float	2763.974276
/rows/30/job_wall_ms/29	float	5385.359205
/rows/30/job_wall_ms/30	float	2218.295188
/rows/30/job_wall_ms/31	float	7611.541163
/rows/30/job_wall_ms/32	float	6633.238913
/rows/30/job_wall_ms/33	float	7057.697656
/rows/30/job_wall_ms/34	float	7150.411409
/rows/30/job_wall_ms/35	float	6233.311338
/rows/30/job_wall_ms/36	float	8373.01605
/rows/30/job_wall_ms/37	float	6402.713224
/rows/30/job_wall_ms/38	float	6977.844832
/rows/30/job_wall_ms/39	float	5923.494805
/rows/30/job_wall_ms/40	float	6460.398494
/rows/30/job_wall_ms/41	float	7163.671986
/rows/30/job_wall_ms/42	float	5610.369573
/rows/30/job_wall_ms/43	float	7004.131719
/rows/30/job_wall_ms/44	float	7465.178157
/rows/30/job_wall_ms/45	float	8420.857795
/rows/30/job_wall_ms/46	float	4264.431991
/rows/30/job_wall_ms/47	float	5853.870475
/rows/30/job_wall_ms/48	float	2168.674921
/rows/30/job_wall_ms/49	float	6333.847031
/rows/30/job_wall_ms/50	float	4417.742293
/rows/30/job_wall_ms/51	float	6915.839462
/rows/30/job_wall_ms/52	float	5653.052373
/rows/30/job_wall_ms/53	float	6394.670803
/rows/30/job_wall_ms/54	float	5024.587502
/rows/30/job_wall_ms/55	float	6381.7016
/rows/30/job_wall_ms/56	float	3445.932828
/rows/30/job_wall_ms/57	float	5818.69117
/rows/30/job_wall_ms/58	float	5596.239742
/rows/30/job_wall_ms/59	float	7092.085413
/rows/30/job_wall_ms/60	float	7347.340128
/rows/30/job_wall_ms/61	float	4486.275213
/rows/30/job_wall_ms/62	float	8233.897674
/rows/30/job_wall_ms/63	float	7455.366341
/rows/30/job_wall_ms/64	float	2797.023483
/rows/30/job_wall_ms/65	float	7665.537955
/rows/30/job_wall_ms/66	float	4391.144726
/rows/30/job_wall_ms/67	float	5780.443294
/rows/30/job_wall_ms/68	float	7310.130731
/rows/30/job_wall_ms/69	float	7405.118583
/rows/30/job_wall_ms/70	float	5792.175166
/rows/30/job_wall_ms/71	float	6402.444122
/rows/30/job_wall_ms/72	float	6371.168056
/rows/30/job_wall_ms/73	float	6067.18511
/rows/30/job_wall_ms/74	float	7001.235901
/rows/30/job_wall_ms/75	float	2105.452849
/rows/30/job_wall_ms/76	float	7814.906915
/rows/30/job_wall_ms/77	float	6592.302345
/rows/30/job_wall_ms/78	float	6389.387916
/rows/30/job_wall_ms/79	float	8143.570618
/rows/30/job_wall_ms/80	float	5219.910853
/rows/30/job_wall_ms/81	float	6552.042761
/rows/30/job_wall_ms/82	float	4599.896757
/rows/30/job_wall_ms/83	float	7141.145222
/rows/30/job_wall_ms/84	float	5597.311594
/rows/30/job_wall_ms/85	float	6555.915895
/rows/30/job_wall_ms/86	float	6643.961549
/rows/30/job_wall_ms/87	float	7036.188902
/rows/30/job_wall_ms/88	float	7541.039766
/rows/30/job_wall_ms/89	float	6989.313212
/rows/30/job_wall_ms/90	float	5873.192013
/rows/30/job_wall_ms/91	float	6939.409105
/rows/30/job_wall_ms/92	float	6998.338438
/rows/30/job_wall_ms/93	float	6645.106398
/rows/30/job_wall_ms/94	float	6038.110145
/rows/30/job_wall_ms/95	float	7108.668975
/rows/30/job_wall_ms/96	float	4575.936666
/rows/30/job_wall_ms/97	float	7120.866246
/rows/30/job_wall_ms/98	float	4358.796247
/rows/30/job_wall_ms/99	float	6524.141498
/rows/30/job_wall_ms/100	float	8700.144597
/rows/30/job_wall_ms/101	float	2155.136274
/rows/30/job_wall_ms/102	float	4541.043234
/rows/30/job_wall_ms/103	float	8205.829481
/rows/30/job_wall_ms/104	float	1876.575468
/rows/30/job_wall_ms/105	float	6954.979325
/rows/30/job_wall_ms/106	float	7310.454536
/rows/30/job_wall_ms/107	float	7115.533146
/rows/30/job_wall_ms/108	float	4086.822094
/rows/30/job_wall_ms/109	float	2749.363658
/rows/30/job_wall_ms/110	float	7940.835635
/rows/30/job_wall_ms/111	float	7479.286959
/rows/30/job_wall_ms/112	float	7128.269594
/rows/30/job_wall_ms/113	float	7432.233867
/rows/30/job_wall_ms/114	float	6957.814321
/rows/30/job_wall_ms/115	float	7009.519332
/rows/30/job_wall_ms/116	float	4588.930285
/rows/30/job_wall_ms/117	float	8078.434432
/rows/30/job_wall_ms/118	float	8241.585684
/rows/30/job_wall_ms/119	float	7925.339202
/rows/30/job_wall_ms/120	float	6299.147392
/rows/30/job_wall_ms/121	float	8324.377346
/rows/30/job_wall_ms/122	float	7558.218701
/rows/30/job_wall_ms/123	float	4139.488239
/rows/30/job_wall_ms/124	float	6566.885272
/rows/30/job_wall_ms/125	float	4586.405909
/rows/30/job_wall_ms/126	float	5808.098607
/rows/30/job_wall_ms/127	float	8156.591238
/rows/30/memory_sampling_interval_ms	integer	20
/rows/30/peak_tree_processes	integer	128
/rows/30/peak_tree_rss_kib	integer	6105440
/rows/30/suite	string	density
/rows/30/trial	integer	0
/rows/30/wall_ms	float	8834.672007
/rows/30/workload	string	hold-1s
/rows/31	object	-
/rows/31/backend	string	podman
/rows/31/child_cpu_ms	float	6492.066000000008
/rows/31/completed	integer	128
/rows/31/concurrency	integer	128
/rows/31/correctness	string	passed
/rows/31/job_wall_ms	array	-
/rows/31/job_wall_ms/0	float	6397.106693
/rows/31/job_wall_ms/1	float	2863.556879
/rows/31/job_wall_ms/2	float	5307.581758
/rows/31/job_wall_ms/3	float	7362.92672
/rows/31/job_wall_ms/4	float	4412.547139
/rows/31/job_wall_ms/5	float	3297.607768
/rows/31/job_wall_ms/6	float	6974.900243
/rows/31/job_wall_ms/7	float	5575.879405
/rows/31/job_wall_ms/8	float	4946.329328
/rows/31/job_wall_ms/9	float	6020.356216
/rows/31/job_wall_ms/10	float	1833.716961
/rows/31/job_wall_ms/11	float	5764.390953
/rows/31/job_wall_ms/12	float	6969.337443
/rows/31/job_wall_ms/13	float	2754.674878
/rows/31/job_wall_ms/14	float	4616.160473
/rows/31/job_wall_ms/15	float	1685.221712
/rows/31/job_wall_ms/16	float	6996.275014
/rows/31/job_wall_ms/17	float	6739.4632
/rows/31/job_wall_ms/18	float	4713.542335
/rows/31/job_wall_ms/19	float	8300.074445
/rows/31/job_wall_ms/20	float	5315.059815
/rows/31/job_wall_ms/21	float	6245.312913
/rows/31/job_wall_ms/22	float	5289.523651
/rows/31/job_wall_ms/23	float	7124.326099
/rows/31/job_wall_ms/24	float	1683.688339
/rows/31/job_wall_ms/25	float	5154.504061
/rows/31/job_wall_ms/26	float	7128.419445
/rows/31/job_wall_ms/27	float	7440.980803
/rows/31/job_wall_ms/28	float	7606.506149
/rows/31/job_wall_ms/29	float	7370.351267
/rows/31/job_wall_ms/30	float	8316.240689
/rows/31/job_wall_ms/31	float	7415.976642
/rows/31/job_wall_ms/32	float	3321.744389
/rows/31/job_wall_ms/33	float	7325.402225
/rows/31/job_wall_ms/34	float	4685.441081
/rows/31/job_wall_ms/35	float	3944.098194
/rows/31/job_wall_ms/36	float	7371.486617
/rows/31/job_wall_ms/37	float	2870.389211
/rows/31/job_wall_ms/38	float	7169.246388
/rows/31/job_wall_ms/39	float	3451.500297
/rows/31/job_wall_ms/40	float	7124.909208
/rows/31/job_wall_ms/41	float	7042.460787
/rows/31/job_wall_ms/42	float	4788.447929
/rows/31/job_wall_ms/43	float	7248.351845
/rows/31/job_wall_ms/44	float	7342.078531
/rows/31/job_wall_ms/45	float	2202.583292
/rows/31/job_wall_ms/46	float	3735.681249
/rows/31/job_wall_ms/47	float	7230.228616
/rows/31/job_wall_ms/48	float	5146.454407
/rows/31/job_wall_ms/49	float	6576.811722
/rows/31/job_wall_ms/50	float	7106.401311
/rows/31/job_wall_ms/51	float	7030.676326
/rows/31/job_wall_ms/52	float	1890.289543
/rows/31/job_wall_ms/53	float	2687.132066
/rows/31/job_wall_ms/54	float	5831.802689
/rows/31/job_wall_ms/55	float	5212.435241
/rows/31/job_wall_ms/56	float	7061.782003
/rows/31/job_wall_ms/57	float	6362.540212
/rows/31/job_wall_ms/58	float	7040.352559
/rows/31/job_wall_ms/59	float	7340.335525
/rows/31/job_wall_ms/60	float	4571.41425
/rows/31/job_wall_ms/61	float	7236.472558
/rows/31/job_wall_ms/62	float	7373.413385
/rows/31/job_wall_ms/63	float	3828.372681
/rows/31/job_wall_ms/64	float	6777.785326
/rows/31/job_wall_ms/65	float	8292.395383
/rows/31/job_wall_ms/66	float	6545.223555
/rows/31/job_wall_ms/67	float	5645.408405
/rows/31/job_wall_ms/68	float	7547.750569
/rows/31/job_wall_ms/69	float	5678.447054
/rows/31/job_wall_ms/70	float	7666.854032
/rows/31/job_wall_ms/71	float	5677.201597
/rows/31/job_wall_ms/72	float	7098.926089
/rows/31/job_wall_ms/73	float	7008.981928
/rows/31/job_wall_ms/74	float	6968.392398
/rows/31/job_wall_ms/75	float	7107.562679
/rows/31/job_wall_ms/76	float	3118.710176
/rows/31/job_wall_ms/77	float	5129.502726
/rows/31/job_wall_ms/78	float	6481.412402
/rows/31/job_wall_ms/79	float	5102.557499
/rows/31/job_wall_ms/80	float	3234.226689
/rows/31/job_wall_ms/81	float	6973.424206
/rows/31/job_wall_ms/82	float	8597.860066
/rows/31/job_wall_ms/83	float	1382.935044
/rows/31/job_wall_ms/84	float	3647.746281
/rows/31/job_wall_ms/85	float	3507.231988
/rows/31/job_wall_ms/86	float	8073.13817
/rows/31/job_wall_ms/87	float	5626.86945
/rows/31/job_wall_ms/88	float	8090.539371
/rows/31/job_wall_ms/89	float	7123.389259
/rows/31/job_wall_ms/90	float	3148.082987
/rows/31/job_wall_ms/91	float	6327.473377
/rows/31/job_wall_ms/92	float	5091.965606
/rows/31/job_wall_ms/93	float	3614.590705
/rows/31/job_wall_ms/94	float	5901.78103
/rows/31/job_wall_ms/95	float	4545.951653
/rows/31/job_wall_ms/96	float	7118.87615
/rows/31/job_wall_ms/97	float	2749.378896
/rows/31/job_wall_ms/98	float	6503.104116
/rows/31/job_wall_ms/99	float	5670.332828
/rows/31/job_wall_ms/100	float	8080.495912
/rows/31/job_wall_ms/101	float	6867.196942
/rows/31/job_wall_ms/102	float	5568.513267
/rows/31/job_wall_ms/103	float	1520.46934
/rows/31/job_wall_ms/104	float	7205.921608
/rows/31/job_wall_ms/105	float	8520.662022
/rows/31/job_wall_ms/106	float	5433.898573
/rows/31/job_wall_ms/107	float	1682.647644
/rows/31/job_wall_ms/108	float	4570.099633
/rows/31/job_wall_ms/109	float	7322.357628
/rows/31/job_wall_ms/110	float	8099.73204
/rows/31/job_wall_ms/111	float	4525.224459
/rows/31/job_wall_ms/112	float	5575.269195
/rows/31/job_wall_ms/113	float	5881.9925
/rows/31/job_wall_ms/114	float	7092.281959
/rows/31/job_wall_ms/115	float	5072.058586
/rows/31/job_wall_ms/116	float	2400.673781
/rows/31/job_wall_ms/117	float	7090.876023
/rows/31/job_wall_ms/118	float	2121.51579
/rows/31/job_wall_ms/119	float	6252.040368
/rows/31/job_wall_ms/120	float	5003.406542
/rows/31/job_wall_ms/121	float	4233.279987
/rows/31/job_wall_ms/122	float	6887.685068
/rows/31/job_wall_ms/123	float	6240.057297
/rows/31/job_wall_ms/124	float	7468.476427
/rows/31/job_wall_ms/125	float	3187.906296
/rows/31/job_wall_ms/126	float	6283.803513
/rows/31/job_wall_ms/127	float	4439.681619
/rows/31/memory_sampling_interval_ms	integer	20
/rows/31/peak_tree_processes	integer	128
/rows/31/peak_tree_rss_kib	integer	6064344
/rows/31/suite	string	density
/rows/31/trial	integer	1
/rows/31/wall_ms	float	8723.327134
/rows/31/workload	string	hold-1s
/rows/32	object	-
/rows/32/backend	string	podman
/rows/32/child_cpu_ms	float	6732.535999999996
/rows/32/completed	integer	128
/rows/32/concurrency	integer	128
/rows/32/correctness	string	passed
/rows/32/job_wall_ms	array	-
/rows/32/job_wall_ms/0	float	7789.934413
/rows/32/job_wall_ms/1	float	6135.799732
/rows/32/job_wall_ms/2	float	6126.991401
/rows/32/job_wall_ms/3	float	1795.422978
/rows/32/job_wall_ms/4	float	8153.188242
/rows/32/job_wall_ms/5	float	4712.636834
/rows/32/job_wall_ms/6	float	5589.079629
/rows/32/job_wall_ms/7	float	5272.140012
/rows/32/job_wall_ms/8	float	5197.474258
/rows/32/job_wall_ms/9	float	5246.978377
/rows/32/job_wall_ms/10	float	7804.535524
/rows/32/job_wall_ms/11	float	7137.23027
/rows/32/job_wall_ms/12	float	6842.969883
/rows/32/job_wall_ms/13	float	8356.822124
/rows/32/job_wall_ms/14	float	7821.918911
/rows/32/job_wall_ms/15	float	8362.680706
/rows/32/job_wall_ms/16	float	7727.939773
/rows/32/job_wall_ms/17	float	5352.520802
/rows/32/job_wall_ms/18	float	1967.962385
/rows/32/job_wall_ms/19	float	6703.123348
/rows/32/job_wall_ms/20	float	6249.952378
/rows/32/job_wall_ms/21	float	8190.562236
/rows/32/job_wall_ms/22	float	7681.685793
/rows/32/job_wall_ms/23	float	4830.848722
/rows/32/job_wall_ms/24	float	8600.797463
/rows/32/job_wall_ms/25	float	7647.361265
/rows/32/job_wall_ms/26	float	2450.040634
/rows/32/job_wall_ms/27	float	6432.213212
/rows/32/job_wall_ms/28	float	6238.612388
/rows/32/job_wall_ms/29	float	6714.401312
/rows/32/job_wall_ms/30	float	6797.25466
/rows/32/job_wall_ms/31	float	8488.599007
/rows/32/job_wall_ms/32	float	7616.486039
/rows/32/job_wall_ms/33	float	7279.830709
/rows/32/job_wall_ms/34	float	5294.275536
/rows/32/job_wall_ms/35	float	5534.635883
/rows/32/job_wall_ms/36	float	7320.092166
/rows/32/job_wall_ms/37	float	2869.00216
/rows/32/job_wall_ms/38	float	7721.821928
/rows/32/job_wall_ms/39	float	6042.418622
/rows/32/job_wall_ms/40	float	9458.396633
/rows/32/job_wall_ms/41	float	6761.578686
/rows/32/job_wall_ms/42	float	6636.677645
/rows/32/job_wall_ms/43	float	6202.552148
/rows/32/job_wall_ms/44	float	7707.11006
/rows/32/job_wall_ms/45	float	6770.563879
/rows/32/job_wall_ms/46	float	6681.714542
/rows/32/job_wall_ms/47	float	5115.741514
/rows/32/job_wall_ms/48	float	7793.025446
/rows/32/job_wall_ms/49	float	7590.600762
/rows/32/job_wall_ms/50	float	6718.566401
/rows/32/job_wall_ms/51	float	6147.327724
/rows/32/job_wall_ms/52	float	6629.097899
/rows/32/job_wall_ms/53	float	9360.240365
/rows/32/job_wall_ms/54	float	7717.959574
/rows/32/job_wall_ms/55	float	6336.157586
/rows/32/job_wall_ms/56	float	7533.210683
/rows/32/job_wall_ms/57	float	5751.814673
/rows/32/job_wall_ms/58	float	4642.18547
/rows/32/job_wall_ms/59	float	6079.224256
/rows/32/job_wall_ms/60	float	4649.137625
/rows/32/job_wall_ms/61	float	7661.331708
/rows/32/job_wall_ms/62	float	6767.010582
/rows/32/job_wall_ms/63	float	5178.677271
/rows/32/job_wall_ms/64	float	7538.659971
/rows/32/job_wall_ms/65	float	8031.541038
/rows/32/job_wall_ms/66	float	8260.931206
/rows/32/job_wall_ms/67	float	3029.650938
/rows/32/job_wall_ms/68	float	8291.344129
/rows/32/job_wall_ms/69	float	3041.175523
/rows/32/job_wall_ms/70	float	7393.009405
/rows/32/job_wall_ms/71	float	5212.348308
/rows/32/job_wall_ms/72	float	8092.216623
/rows/32/job_wall_ms/73	float	7833.356043
/rows/32/job_wall_ms/74	float	6069.169195
/rows/32/job_wall_ms/75	float	9318.27819
/rows/32/job_wall_ms/76	float	5714.481837
/rows/32/job_wall_ms/77	float	6872.800858
/rows/32/job_wall_ms/78	float	9137.584964
/rows/32/job_wall_ms/79	float	8697.460463
/rows/32/job_wall_ms/80	float	2821.514877
/rows/32/job_wall_ms/81	float	7245.80064
/rows/32/job_wall_ms/82	float	8007.56103
/rows/32/job_wall_ms/83	float	6549.340614
/rows/32/job_wall_ms/84	float	6084.261143
/rows/32/job_wall_ms/85	float	7598.803703
/rows/32/job_wall_ms/86	float	7198.326001
/rows/32/job_wall_ms/87	float	7701.731985
/rows/32/job_wall_ms/88	float	6492.217493
/rows/32/job_wall_ms/89	float	6104.392673
/rows/32/job_wall_ms/90	float	4896.810901
/rows/32/job_wall_ms/91	float	7776.336826
/rows/32/job_wall_ms/92	float	5707.727371
/rows/32/job_wall_ms/93	float	6624.522804
/rows/32/job_wall_ms/94	float	6099.061225
/rows/32/job_wall_ms/95	float	6968.938207
/rows/32/job_wall_ms/96	float	3166.504152
/rows/32/job_wall_ms/97	float	8703.729883
/rows/32/job_wall_ms/98	float	6161.550688
/rows/32/job_wall_ms/99	float	9078.115282
/rows/32/job_wall_ms/100	float	7458.413793
/rows/32/job_wall_ms/101	float	5688.997309
/rows/32/job_wall_ms/102	float	7737.313031
/rows/32/job_wall_ms/103	float	6148.876035
/rows/32/job_wall_ms/104	float	7758.02772
/rows/32/job_wall_ms/105	float	7738.368893
/rows/32/job_wall_ms/106	float	7976.665496
/rows/32/job_wall_ms/107	float	6461.863701
/rows/32/job_wall_ms/108	float	4861.226599
/rows/32/job_wall_ms/109	float	4887.266694
/rows/32/job_wall_ms/110	float	8320.163335
/rows/32/job_wall_ms/111	float	6647.190992
/rows/32/job_wall_ms/112	float	5182.759024
/rows/32/job_wall_ms/113	float	7700.966635
/rows/32/job_wall_ms/114	float	9290.42085
/rows/32/job_wall_ms/115	float	6593.943239
/rows/32/job_wall_ms/116	float	8581.464214
/rows/32/job_wall_ms/117	float	8047.742748
/rows/32/job_wall_ms/118	float	4713.241593
/rows/32/job_wall_ms/119	float	3113.534179
/rows/32/job_wall_ms/120	float	7603.742177
/rows/32/job_wall_ms/121	float	7940.434857
/rows/32/job_wall_ms/122	float	8022.842622
/rows/32/job_wall_ms/123	float	7534.017109
/rows/32/job_wall_ms/124	float	5038.712885
/rows/32/job_wall_ms/125	float	5944.83388
/rows/32/job_wall_ms/126	float	4512.7124
/rows/32/job_wall_ms/127	float	6476.514925
/rows/32/memory_sampling_interval_ms	integer	20
/rows/32/peak_tree_processes	integer	128
/rows/32/peak_tree_rss_kib	integer	6071300
/rows/32/suite	string	density
/rows/32/trial	integer	2
/rows/32/wall_ms	float	9508.119993
/rows/32/workload	string	hold-1s
/rows/33	object	-
/rows/33/backend	string	podman
/rows/33/child_cpu_ms	float	6657.384000000007
/rows/33/completed	integer	128
/rows/33/concurrency	integer	128
/rows/33/correctness	string	passed
/rows/33/job_wall_ms	array	-
/rows/33/job_wall_ms/0	float	4450.497831
/rows/33/job_wall_ms/1	float	6984.073656
/rows/33/job_wall_ms/2	float	7549.866933
/rows/33/job_wall_ms/3	float	6244.224861
/rows/33/job_wall_ms/4	float	4734.851986
/rows/33/job_wall_ms/5	float	4582.20889
/rows/33/job_wall_ms/6	float	7131.400101
/rows/33/job_wall_ms/7	float	4964.613518
/rows/33/job_wall_ms/8	float	5142.24794
/rows/33/job_wall_ms/9	float	3949.863814
/rows/33/job_wall_ms/10	float	7081.663015
/rows/33/job_wall_ms/11	float	6182.257874
/rows/33/job_wall_ms/12	float	6184.152512
/rows/33/job_wall_ms/13	float	4079.450195
/rows/33/job_wall_ms/14	float	5547.772218
/rows/33/job_wall_ms/15	float	7138.812606
/rows/33/job_wall_ms/16	float	3116.271441
/rows/33/job_wall_ms/17	float	5523.360544
/rows/33/job_wall_ms/18	float	6684.792801
/rows/33/job_wall_ms/19	float	2414.290394
/rows/33/job_wall_ms/20	float	7029.437874
/rows/33/job_wall_ms/21	float	4841.93059
/rows/33/job_wall_ms/22	float	7441.5248
/rows/33/job_wall_ms/23	float	6214.463896
/rows/33/job_wall_ms/24	float	5923.565808
/rows/33/job_wall_ms/25	float	7464.02866
/rows/33/job_wall_ms/26	float	5562.641821
/rows/33/job_wall_ms/27	float	4720.203206
/rows/33/job_wall_ms/28	float	7347.640209
/rows/33/job_wall_ms/29	float	5311.357851
/rows/33/job_wall_ms/30	float	7071.778765
/rows/33/job_wall_ms/31	float	3763.172214
/rows/33/job_wall_ms/32	float	7365.295595
/rows/33/job_wall_ms/33	float	5588.39464
/rows/33/job_wall_ms/34	float	6545.935794
/rows/33/job_wall_ms/35	float	6611.381179
/rows/33/job_wall_ms/36	float	6174.914118
/rows/33/job_wall_ms/37	float	6593.041886
/rows/33/job_wall_ms/38	float	4770.8761
/rows/33/job_wall_ms/39	float	7139.710463
/rows/33/job_wall_ms/40	float	7482.254441
/rows/33/job_wall_ms/41	float	6994.538902
/rows/33/job_wall_ms/42	float	7460.460316
/rows/33/job_wall_ms/43	float	8098.08269
/rows/33/job_wall_ms/44	float	6689.631168
/rows/33/job_wall_ms/45	float	6969.199485
/rows/33/job_wall_ms/46	float	5496.093226
/rows/33/job_wall_ms/47	float	6206.294458
/rows/33/job_wall_ms/48	float	7280.182787
/rows/33/job_wall_ms/49	float	5464.686317
/rows/33/job_wall_ms/50	float	6937.956542
/rows/33/job_wall_ms/51	float	6329.86831
/rows/33/job_wall_ms/52	float	6306.167373
/rows/33/job_wall_ms/53	float	6873.69584
/rows/33/job_wall_ms/54	float	6245.763104
/rows/33/job_wall_ms/55	float	5255.321009
/rows/33/job_wall_ms/56	float	4713.995692
/rows/33/job_wall_ms/57	float	5639.656113
/rows/33/job_wall_ms/58	float	7316.67278
/rows/33/job_wall_ms/59	float	6678.662181
/rows/33/job_wall_ms/60	float	5050.5748
/rows/33/job_wall_ms/61	float	5030.869595
/rows/33/job_wall_ms/62	float	6690.018261
/rows/33/job_wall_ms/63	float	6090.37372
/rows/33/job_wall_ms/64	float	6328.121828
/rows/33/job_wall_ms/65	float	6194.025172
/rows/33/job_wall_ms/66	float	5026.193763
/rows/33/job_wall_ms/67	float	6819.162246
/rows/33/job_wall_ms/68	float	6686.321447
/rows/33/job_wall_ms/69	float	4904.881765
/rows/33/job_wall_ms/70	float	4824.124723
/rows/33/job_wall_ms/71	float	4878.660181
/rows/33/job_wall_ms/72	float	7216.093836
/rows/33/job_wall_ms/73	float	6488.905558
/rows/33/job_wall_ms/74	float	4506.756937
/rows/33/job_wall_ms/75	float	5181.864574
/rows/33/job_wall_ms/76	float	7211.227206
/rows/33/job_wall_ms/77	float	7611.256231
/rows/33/job_wall_ms/78	float	6894.587641
/rows/33/job_wall_ms/79	float	6934.272271
/rows/33/job_wall_ms/80	float	4335.253676
/rows/33/job_wall_ms/81	float	4651.358814
/rows/33/job_wall_ms/82	float	6545.94416
/rows/33/job_wall_ms/83	float	6865.079608
/rows/33/job_wall_ms/84	float	5604.445368
/rows/33/job_wall_ms/85	float	6578.457075
/rows/33/job_wall_ms/86	float	4474.584688
/rows/33/job_wall_ms/87	float	6571.367434
/rows/33/job_wall_ms/88	float	6259.967664
/rows/33/job_wall_ms/89	float	7233.682136
/rows/33/job_wall_ms/90	float	6066.997189
/rows/33/job_wall_ms/91	float	6651.905537
/rows/33/job_wall_ms/92	float	7308.843166
/rows/33/job_wall_ms/93	float	7883.557064
/rows/33/job_wall_ms/94	float	6801.997728
/rows/33/job_wall_ms/95	float	4740.392284
/rows/33/job_wall_ms/96	float	6784.354986
/rows/33/job_wall_ms/97	float	4168.049104
/rows/33/job_wall_ms/98	float	4461.844253
/rows/33/job_wall_ms/99	float	7207.602948
/rows/33/job_wall_ms/100	float	7275.602171
/rows/33/job_wall_ms/101	float	4157.300969
/rows/33/job_wall_ms/102	float	5367.288574
/rows/33/job_wall_ms/103	float	6767.014478
/rows/33/job_wall_ms/104	float	4661.548646
/rows/33/job_wall_ms/105	float	6871.684794
/rows/33/job_wall_ms/106	float	5528.738389
/rows/33/job_wall_ms/107	float	5196.48475
/rows/33/job_wall_ms/108	float	5230.491204
/rows/33/job_wall_ms/109	float	6004.470616
/rows/33/job_wall_ms/110	float	7462.400729
/rows/33/job_wall_ms/111	float	6186.218231
/rows/33/job_wall_ms/112	float	7408.790711
/rows/33/job_wall_ms/113	float	6069.824178
/rows/33/job_wall_ms/114	float	4692.422289
/rows/33/job_wall_ms/115	float	7816.625444
/rows/33/job_wall_ms/116	float	7460.111394
/rows/33/job_wall_ms/117	float	5490.580249
/rows/33/job_wall_ms/118	float	6087.363568
/rows/33/job_wall_ms/119	float	6878.885964
/rows/33/job_wall_ms/120	float	6483.873369
/rows/33/job_wall_ms/121	float	4611.641072
/rows/33/job_wall_ms/122	float	5408.835262
/rows/33/job_wall_ms/123	float	5459.459525
/rows/33/job_wall_ms/124	float	5683.492717
/rows/33/job_wall_ms/125	float	5412.005424
/rows/33/job_wall_ms/126	float	4406.524631
/rows/33/job_wall_ms/127	float	3060.830373
/rows/33/memory_sampling_interval_ms	integer	20
/rows/33/peak_tree_processes	integer	128
/rows/33/peak_tree_rss_kib	integer	6262944
/rows/33/suite	string	density
/rows/33/trial	integer	3
/rows/33/wall_ms	float	8140.55166
/rows/33/workload	string	hold-1s
/rows/34	object	-
/rows/34/backend	string	podman
/rows/34/child_cpu_ms	float	6494.376000000003
/rows/34/completed	integer	128
/rows/34/concurrency	integer	128
/rows/34/correctness	string	passed
/rows/34/job_wall_ms	array	-
/rows/34/job_wall_ms/0	float	7302.596299
/rows/34/job_wall_ms/1	float	4000.786533
/rows/34/job_wall_ms/2	float	2173.731795
/rows/34/job_wall_ms/3	float	7737.782928
/rows/34/job_wall_ms/4	float	4664.512622
/rows/34/job_wall_ms/5	float	4434.077172
/rows/34/job_wall_ms/6	float	5156.50064
/rows/34/job_wall_ms/7	float	7328.492486
/rows/34/job_wall_ms/8	float	4026.620644
/rows/34/job_wall_ms/9	float	7454.899469
/rows/34/job_wall_ms/10	float	7695.037752
/rows/34/job_wall_ms/11	float	7647.070412
/rows/34/job_wall_ms/12	float	5174.251744
/rows/34/job_wall_ms/13	float	7319.801533
/rows/34/job_wall_ms/14	float	3468.200639
/rows/34/job_wall_ms/15	float	4594.349216
/rows/34/job_wall_ms/16	float	6978.460742
/rows/34/job_wall_ms/17	float	6935.370382
/rows/34/job_wall_ms/18	float	6273.942125
/rows/34/job_wall_ms/19	float	3172.252138
/rows/34/job_wall_ms/20	float	7516.196505
/rows/34/job_wall_ms/21	float	7460.07186
/rows/34/job_wall_ms/22	float	8783.539215
/rows/34/job_wall_ms/23	float	5723.479942
/rows/34/job_wall_ms/24	float	7717.312305
/rows/34/job_wall_ms/25	float	7984.571091
/rows/34/job_wall_ms/26	float	6916.15926
/rows/34/job_wall_ms/27	float	3833.738793
/rows/34/job_wall_ms/28	float	3832.335252
/rows/34/job_wall_ms/29	float	7515.202639
/rows/34/job_wall_ms/30	float	7747.37277
/rows/34/job_wall_ms/31	float	7536.257885
/rows/34/job_wall_ms/32	float	2174.138495
/rows/34/job_wall_ms/33	float	6754.726098
/rows/34/job_wall_ms/34	float	4243.613097
/rows/34/job_wall_ms/35	float	6693.333874
/rows/34/job_wall_ms/36	float	5994.212106
/rows/34/job_wall_ms/37	float	1886.642261
/rows/34/job_wall_ms/38	float	4583.689637
/rows/34/job_wall_ms/39	float	6369.097089
/rows/34/job_wall_ms/40	float	7594.841112
/rows/34/job_wall_ms/41	float	3636.25598
/rows/34/job_wall_ms/42	float	5406.038769
/rows/34/job_wall_ms/43	float	7288.907142
/rows/34/job_wall_ms/44	float	7208.116016
/rows/34/job_wall_ms/45	float	7671.893475
/rows/34/job_wall_ms/46	float	6232.259092
/rows/34/job_wall_ms/47	float	7083.352662
/rows/34/job_wall_ms/48	float	7618.798969
/rows/34/job_wall_ms/49	float	6591.684751
/rows/34/job_wall_ms/50	float	6089.599213
/rows/34/job_wall_ms/51	float	5051.087157
/rows/34/job_wall_ms/52	float	8552.03634
/rows/34/job_wall_ms/53	float	2503.201224
/rows/34/job_wall_ms/54	float	6470.355662
/rows/34/job_wall_ms/55	float	7888.509584
/rows/34/job_wall_ms/56	float	7928.669713
/rows/34/job_wall_ms/57	float	4819.897588
/rows/34/job_wall_ms/58	float	2509.360207
/rows/34/job_wall_ms/59	float	5416.684533
/rows/34/job_wall_ms/60	float	5796.361946
/rows/34/job_wall_ms/61	float	7210.57579
/rows/34/job_wall_ms/62	float	6682.399631
/rows/34/job_wall_ms/63	float	8311.409496
/rows/34/job_wall_ms/64	float	4691.110709
/rows/34/job_wall_ms/65	float	7881.23089
/rows/34/job_wall_ms/66	float	3466.181948
/rows/34/job_wall_ms/67	float	8423.617249
/rows/34/job_wall_ms/68	float	7035.720098
/rows/34/job_wall_ms/69	float	3775.337496
/rows/34/job_wall_ms/70	float	6861.15659
/rows/34/job_wall_ms/71	float	4113.619213
/rows/34/job_wall_ms/72	float	3566.270446
/rows/34/job_wall_ms/73	float	3640.621262
/rows/34/job_wall_ms/74	float	7287.054602
/rows/34/job_wall_ms/75	float	7341.890901
/rows/34/job_wall_ms/76	float	3734.373526
/rows/34/job_wall_ms/77	float	6051.913536
/rows/34/job_wall_ms/78	float	6310.16531
/rows/34/job_wall_ms/79	float	7311.913411
/rows/34/job_wall_ms/80	float	6599.959987
/rows/34/job_wall_ms/81	float	5073.004021
/rows/34/job_wall_ms/82	float	5014.522924
/rows/34/job_wall_ms/83	float	6654.636968
/rows/34/job_wall_ms/84	float	7389.507465
/rows/34/job_wall_ms/85	float	7154.387175
/rows/34/job_wall_ms/86	float	7460.412085
/rows/34/job_wall_ms/87	float	3555.225838
/rows/34/job_wall_ms/88	float	1790.692433
/rows/34/job_wall_ms/89	float	6997.297445
/rows/34/job_wall_ms/90	float	7390.927147
/rows/34/job_wall_ms/91	float	6632.967967
/rows/34/job_wall_ms/92	float	5450.561756
/rows/34/job_wall_ms/93	float	5740.403521
/rows/34/job_wall_ms/94	float	6536.074116
/rows/34/job_wall_ms/95	float	2012.249029
/rows/34/job_wall_ms/96	float	2046.19933
/rows/34/job_wall_ms/97	float	6280.918235
/rows/34/job_wall_ms/98	float	6603.520808
/rows/34/job_wall_ms/99	float	6831.78383
/rows/34/job_wall_ms/100	float	7290.279284
/rows/34/job_wall_ms/101	float	7465.42101
/rows/34/job_wall_ms/102	float	6781.081112
/rows/34/job_wall_ms/103	float	3878.569525
/rows/34/job_wall_ms/104	float	4046.966364
/rows/34/job_wall_ms/105	float	7325.361238
/rows/34/job_wall_ms/106	float	8276.236933
/rows/34/job_wall_ms/107	float	6524.868616
/rows/34/job_wall_ms/108	float	6792.660879
/rows/34/job_wall_ms/109	float	4297.241048
/rows/34/job_wall_ms/110	float	7647.187611
/rows/34/job_wall_ms/111	float	7575.07795
/rows/34/job_wall_ms/112	float	4077.686582
/rows/34/job_wall_ms/113	float	7769.773898
/rows/34/job_wall_ms/114	float	7855.00104
/rows/34/job_wall_ms/115	float	6518.344622
/rows/34/job_wall_ms/116	float	4233.537999
/rows/34/job_wall_ms/117	float	4450.038552
/rows/34/job_wall_ms/118	float	5124.043199
/rows/34/job_wall_ms/119	float	4454.752778
/rows/34/job_wall_ms/120	float	7118.95632
/rows/34/job_wall_ms/121	float	4213.611753
/rows/34/job_wall_ms/122	float	4461.797044
/rows/34/job_wall_ms/123	float	6809.761678
/rows/34/job_wall_ms/124	float	8266.388338
/rows/34/job_wall_ms/125	float	6208.545943
/rows/34/job_wall_ms/126	float	7931.877584
/rows/34/job_wall_ms/127	float	5945.02074
/rows/34/memory_sampling_interval_ms	integer	20
/rows/34/peak_tree_processes	integer	128
/rows/34/peak_tree_rss_kib	integer	6060156
/rows/34/suite	string	density
/rows/34/trial	integer	4
/rows/34/wall_ms	float	8799.767224
/rows/34/workload	string	hold-1s
/rows/35	object	-
/rows/35/backend	string	container
/rows/35/child_cpu_ms	float	19.775999999993132
/rows/35/completed	integer	1
/rows/35/concurrency	integer	1
/rows/35/correctness	string	passed
/rows/35/job_wall_ms	array	-
/rows/35/job_wall_ms/0	float	1058.451647
/rows/35/memory_sampling_interval_ms	integer	20
/rows/35/peak_tree_processes	integer	4
/rows/35/peak_tree_rss_kib	integer	26956
/rows/35/suite	string	density
/rows/35/trial	integer	0
/rows/35/wall_ms	float	1068.89875
/rows/35/workload	string	hold-1s
/rows/36	object	-
/rows/36/backend	string	container
/rows/36/child_cpu_ms	float	18.33899999999744
/rows/36/completed	integer	1
/rows/36/concurrency	integer	1
/rows/36/correctness	string	passed
/rows/36/job_wall_ms	array	-
/rows/36/job_wall_ms/0	float	1037.848247
/rows/36/memory_sampling_interval_ms	integer	20
/rows/36/peak_tree_processes	integer	4
/rows/36/peak_tree_rss_kib	integer	26948
/rows/36/suite	string	density
/rows/36/trial	integer	1
/rows/36/wall_ms	float	1038.564594
/rows/36/workload	string	hold-1s
/rows/37	object	-
/rows/37/backend	string	container
/rows/37/child_cpu_ms	float	18.266000000011218
/rows/37/completed	integer	1
/rows/37/concurrency	integer	1
/rows/37/correctness	string	passed
/rows/37/job_wall_ms	array	-
/rows/37/job_wall_ms/0	float	1037.798403
/rows/37/memory_sampling_interval_ms	integer	20
/rows/37/peak_tree_processes	integer	4
/rows/37/peak_tree_rss_kib	integer	26744
/rows/37/suite	string	density
/rows/37/trial	integer	2
/rows/37/wall_ms	float	1038.458796
/rows/37/workload	string	hold-1s
/rows/38	object	-
/rows/38/backend	string	container
/rows/38/child_cpu_ms	float	17.99399999998741
/rows/38/completed	integer	1
/rows/38/concurrency	integer	1
/rows/38/correctness	string	passed
/rows/38/job_wall_ms	array	-
/rows/38/job_wall_ms/0	float	1037.858666
/rows/38/memory_sampling_interval_ms	integer	20
/rows/38/peak_tree_processes	integer	4
/rows/38/peak_tree_rss_kib	integer	26344
/rows/38/suite	string	density
/rows/38/trial	integer	3
/rows/38/wall_ms	float	1038.523568
/rows/38/workload	string	hold-1s
/rows/39	object	-
/rows/39/backend	string	container
/rows/39/child_cpu_ms	float	18.566000000006966
/rows/39/completed	integer	1
/rows/39/concurrency	integer	1
/rows/39/correctness	string	passed
/rows/39/job_wall_ms	array	-
/rows/39/job_wall_ms/0	float	1038.387463
/rows/39/memory_sampling_interval_ms	integer	20
/rows/39/peak_tree_processes	integer	4
/rows/39/peak_tree_rss_kib	integer	26244
/rows/39/suite	string	density
/rows/39/trial	integer	4
/rows/39/wall_ms	float	1039.043548
/rows/39/workload	string	hold-1s
/rows/40	object	-
/rows/40/backend	string	container
/rows/40/child_cpu_ms	float	160.07199999999955
/rows/40/completed	integer	8
/rows/40/concurrency	integer	8
/rows/40/correctness	string	passed
/rows/40/job_wall_ms	array	-
/rows/40/job_wall_ms/0	float	1048.36541
/rows/40/job_wall_ms/1	float	1048.315896
/rows/40/job_wall_ms/2	float	1048.368105
/rows/40/job_wall_ms/3	float	1048.270472
/rows/40/job_wall_ms/4	float	1038.56815
/rows/40/job_wall_ms/5	float	1038.397653
/rows/40/job_wall_ms/6	float	1038.008706
/rows/40/job_wall_ms/7	float	1038.221023
/rows/40/memory_sampling_interval_ms	integer	20
/rows/40/peak_tree_processes	integer	32
/rows/40/peak_tree_rss_kib	integer	212992
/rows/40/suite	string	density
/rows/40/trial	integer	0
/rows/40/wall_ms	float	1050.503172
/rows/40/workload	string	hold-1s
/rows/41	object	-
/rows/41/backend	string	container
/rows/41/child_cpu_ms	float	163.4209999999996
/rows/41/completed	integer	8
/rows/41/concurrency	integer	8
/rows/41/correctness	string	passed
/rows/41/job_wall_ms	array	-
/rows/41/job_wall_ms/0	float	1048.535637
/rows/41/job_wall_ms/1	float	1048.35502
/rows/41/job_wall_ms/2	float	1048.722867
/rows/41/job_wall_ms/3	float	1048.253891
/rows/41/job_wall_ms/4	float	1048.737214
/rows/41/job_wall_ms/5	float	1048.945834
/rows/41/job_wall_ms/6	float	1048.512194
/rows/41/job_wall_ms/7	float	1048.516681
/rows/41/memory_sampling_interval_ms	integer	20
/rows/41/peak_tree_processes	integer	32
/rows/41/peak_tree_rss_kib	integer	214424
/rows/41/suite	string	density
/rows/41/trial	integer	1
/rows/41/wall_ms	float	1057.02845
/rows/41/workload	string	hold-1s
/rows/42	object	-
/rows/42/backend	string	container
/rows/42/child_cpu_ms	float	162.84500000000435
/rows/42/completed	integer	8
/rows/42/concurrency	integer	8
/rows/42/correctness	string	passed
/rows/42/job_wall_ms	array	-
/rows/42/job_wall_ms/0	float	1048.687531
/rows/42/job_wall_ms/1	float	1048.386739
/rows/42/job_wall_ms/2	float	1048.798167
/rows/42/job_wall_ms/3	float	1048.025765
/rows/42/job_wall_ms/4	float	1048.203357
/rows/42/job_wall_ms/5	float	1048.138375
/rows/42/job_wall_ms/6	float	1048.313342
/rows/42/job_wall_ms/7	float	1048.451771
/rows/42/memory_sampling_interval_ms	integer	20
/rows/42/peak_tree_processes	integer	32
/rows/42/peak_tree_rss_kib	integer	214456
/rows/42/suite	string	density
/rows/42/trial	integer	2
/rows/42/wall_ms	float	1069.241861
/rows/42/workload	string	hold-1s
/rows/43	object	-
/rows/43/backend	string	container
/rows/43/child_cpu_ms	float	160.06199999999637
/rows/43/completed	integer	8
/rows/43/concurrency	integer	8
/rows/43/correctness	string	passed
/rows/43/job_wall_ms	array	-
/rows/43/job_wall_ms/0	float	1048.488199
/rows/43/job_wall_ms/1	float	1048.443235
/rows/43/job_wall_ms/2	float	1048.895369
/rows/43/job_wall_ms/3	float	1047.901153
/rows/43/job_wall_ms/4	float	1048.165597
/rows/43/job_wall_ms/5	float	1038.167923
/rows/43/job_wall_ms/6	float	1048.181947
/rows/43/job_wall_ms/7	float	1038.152564
/rows/43/memory_sampling_interval_ms	integer	20
/rows/43/peak_tree_processes	integer	32
/rows/43/peak_tree_rss_kib	integer	211572
/rows/43/suite	string	density
/rows/43/trial	integer	3
/rows/43/wall_ms	float	1057.042286
/rows/43/workload	string	hold-1s
/rows/44	object	-
/rows/44/backend	string	container
/rows/44/child_cpu_ms	float	162.94899999999757
/rows/44/completed	integer	8
/rows/44/concurrency	integer	8
/rows/44/correctness	string	passed
/rows/44/job_wall_ms	array	-
/rows/44/job_wall_ms/0	float	1048.470385
/rows/44/job_wall_ms/1	float	1048.452201
/rows/44/job_wall_ms/2	float	1048.844164
/rows/44/job_wall_ms/3	float	1048.236539
/rows/44/job_wall_ms/4	float	1048.355201
/rows/44/job_wall_ms/5	float	1048.157882
/rows/44/job_wall_ms/6	float	1049.001157
/rows/44/job_wall_ms/7	float	1049.105502
/rows/44/memory_sampling_interval_ms	integer	20
/rows/44/peak_tree_processes	integer	32
/rows/44/peak_tree_rss_kib	integer	213064
/rows/44/suite	string	density
/rows/44/trial	integer	4
/rows/44/wall_ms	float	1051.772884
/rows/44/workload	string	hold-1s
/rows/45	object	-
/rows/45/backend	string	container
/rows/45/child_cpu_ms	float	753.146000000001
/rows/45/completed	integer	32
/rows/45/concurrency	integer	32
/rows/45/correctness	string	passed
/rows/45/job_wall_ms	array	-
/rows/45/job_wall_ms/0	float	1059.502951
/rows/45/job_wall_ms/1	float	1049.669855
/rows/45/job_wall_ms/2	float	1049.132752
/rows/45/job_wall_ms/3	float	1049.597912
/rows/45/job_wall_ms/4	float	1049.118716
/rows/45/job_wall_ms/5	float	1049.11007
/rows/45/job_wall_ms/6	float	1040.19016
/rows/45/job_wall_ms/7	float	1051.41219
/rows/45/job_wall_ms/8	float	1050.610803
/rows/45/job_wall_ms/9	float	1051.322683
/rows/45/job_wall_ms/10	float	1049.611046
/rows/45/job_wall_ms/11	float	1051.010059
/rows/45/job_wall_ms/12	float	1060.149639
/rows/45/job_wall_ms/13	float	1051.308437
/rows/45/job_wall_ms/14	float	1060.449679
/rows/45/job_wall_ms/15	float	1060.304098
/rows/45/job_wall_ms/16	float	1061.009524
/rows/45/job_wall_ms/17	float	1052.252029
/rows/45/job_wall_ms/18	float	1061.537662
/rows/45/job_wall_ms/19	float	1059.90402
/rows/45/job_wall_ms/20	float	1062.844843
/rows/45/job_wall_ms/21	float	1066.745228
/rows/45/job_wall_ms/22	float	1054.220225
/rows/45/job_wall_ms/23	float	1061.924444
/rows/45/job_wall_ms/24	float	1062.895257
/rows/45/job_wall_ms/25	float	1061.476217
/rows/45/job_wall_ms/26	float	1055.044404
/rows/45/job_wall_ms/27	float	1054.045167
/rows/45/job_wall_ms/28	float	1061.084575
/rows/45/job_wall_ms/29	float	1049.342154
/rows/45/job_wall_ms/30	float	1061.865223
/rows/45/job_wall_ms/31	float	1049.659346
/rows/45/memory_sampling_interval_ms	integer	20
/rows/45/peak_tree_processes	integer	128
/rows/45/peak_tree_rss_kib	integer	854640
/rows/45/suite	string	density
/rows/45/trial	integer	0
/rows/45/wall_ms	float	1084.727433
/rows/45/workload	string	hold-1s
/rows/46	object	-
/rows/46/backend	string	container
/rows/46/child_cpu_ms	float	705.646999999999
/rows/46/completed	integer	32
/rows/46/concurrency	integer	32
/rows/46/correctness	string	passed
/rows/46/job_wall_ms	array	-
/rows/46/job_wall_ms/0	float	1049.185261
/rows/46/job_wall_ms/1	float	1048.850325
/rows/46/job_wall_ms/2	float	1059.321262
/rows/46/job_wall_ms/3	float	1058.629651
/rows/46/job_wall_ms/4	float	1049.221579
/rows/46/job_wall_ms/5	float	1049.83824
/rows/46/job_wall_ms/6	float	1049.17447
/rows/46/job_wall_ms/7	float	1048.789601
/rows/46/job_wall_ms/8	float	1050.29355
/rows/46/job_wall_ms/9	float	1049.688781
/rows/46/job_wall_ms/10	float	1051.174316
/rows/46/job_wall_ms/11	float	1050.308288
/rows/46/job_wall_ms/12	float	1050.33617
/rows/46/job_wall_ms/13	float	1059.589934
/rows/46/job_wall_ms/14	float	1049.133314
/rows/46/job_wall_ms/15	float	1059.897398
/rows/46/job_wall_ms/16	float	1060.606983
/rows/46/job_wall_ms/17	float	1060.534317
/rows/46/job_wall_ms/18	float	1049.465413
/rows/46/job_wall_ms/19	float	1061.096037
/rows/46/job_wall_ms/20	float	1060.670472
/rows/46/job_wall_ms/21	float	1062.722805
/rows/46/job_wall_ms/22	float	1061.301511
/rows/46/job_wall_ms/23	float	1060.661765
/rows/46/job_wall_ms/24	float	1061.422145
/rows/46/job_wall_ms/25	float	1061.975359
/rows/46/job_wall_ms/26	float	1060.740102
/rows/46/job_wall_ms/27	float	1060.710136
/rows/46/job_wall_ms/28	float	1059.9413
/rows/46/job_wall_ms/29	float	1059.873944
/rows/46/job_wall_ms/30	float	1059.814333
/rows/46/job_wall_ms/31	float	1059.23465
/rows/46/memory_sampling_interval_ms	integer	20
/rows/46/peak_tree_processes	integer	128
/rows/46/peak_tree_rss_kib	integer	852276
/rows/46/suite	string	density
/rows/46/trial	integer	1
/rows/46/wall_ms	float	1083.299817
/rows/46/workload	string	hold-1s
/rows/47	object	-
/rows/47/backend	string	container
/rows/47/child_cpu_ms	float	697.6420000000019
/rows/47/completed	integer	32
/rows/47/concurrency	integer	32
/rows/47/correctness	string	passed
/rows/47/job_wall_ms	array	-
/rows/47/job_wall_ms/0	float	1049.523573
/rows/47/job_wall_ms/1	float	1048.608242
/rows/47/job_wall_ms/2	float	1049.397307
/rows/47/job_wall_ms/3	float	1049.675656
/rows/47/job_wall_ms/4	float	1052.012561
/rows/47/job_wall_ms/5	float	1049.14205
/rows/47/job_wall_ms/6	float	1049.781364
/rows/47/job_wall_ms/7	float	1049.09888
/rows/47/job_wall_ms/8	float	1050.243617
/rows/47/job_wall_ms/9	float	1051.678407
/rows/47/job_wall_ms/10	float	1050.911575
/rows/47/job_wall_ms/11	float	1048.990737
/rows/47/job_wall_ms/12	float	1060.169837
/rows/47/job_wall_ms/13	float	1051.757746
/rows/47/job_wall_ms/14	float	1069.397932
/rows/47/job_wall_ms/15	float	1060.736736
/rows/47/job_wall_ms/16	float	1070.473651
/rows/47/job_wall_ms/17	float	1060.163585
/rows/47/job_wall_ms/18	float	1069.469987
/rows/47/job_wall_ms/19	float	1071.866653
/rows/47/job_wall_ms/20	float	1060.124843
/rows/47/job_wall_ms/21	float	1064.6634
/rows/47/job_wall_ms/22	float	1064.560157
/rows/47/job_wall_ms/23	float	1064.291655
/rows/47/job_wall_ms/24	float	1062.263387
/rows/47/job_wall_ms/25	float	1061.679296
/rows/47/job_wall_ms/26	float	1061.252108
/rows/47/job_wall_ms/27	float	1063.591768
/rows/47/job_wall_ms/28	float	1062.66678
/rows/47/job_wall_ms/29	float	1060.326239
/rows/47/job_wall_ms/30	float	1060.673778
/rows/47/job_wall_ms/31	float	1061.569691
/rows/47/memory_sampling_interval_ms	integer	20
/rows/47/peak_tree_processes	integer	128
/rows/47/peak_tree_rss_kib	integer	853240
/rows/47/suite	string	density
/rows/47/trial	integer	2
/rows/47/wall_ms	float	1085.614681
/rows/47/workload	string	hold-1s
/rows/48	object	-
/rows/48/backend	string	container
/rows/48/child_cpu_ms	float	679.7200000000032
/rows/48/completed	integer	32
/rows/48/concurrency	integer	32
/rows/48/correctness	string	passed
/rows/48/job_wall_ms	array	-
/rows/48/job_wall_ms/0	float	1058.730789
/rows/48/job_wall_ms/1	float	1059.611193
/rows/48/job_wall_ms/2	float	1062.26506
/rows/48/job_wall_ms/3	float	1062.028297
/rows/48/job_wall_ms/4	float	1061.492988
/rows/48/job_wall_ms/5	float	1059.477824
/rows/48/job_wall_ms/6	float	1061.377603
/rows/48/job_wall_ms/7	float	1061.166399
/rows/48/job_wall_ms/8	float	1060.716598
/rows/48/job_wall_ms/9	float	1059.276698
/rows/48/job_wall_ms/10	float	1061.161729
/rows/48/job_wall_ms/11	float	1071.11527
/rows/48/job_wall_ms/12	float	1061.07647
/rows/48/job_wall_ms/13	float	1060.411648
/rows/48/job_wall_ms/14	float	1061.519146
/rows/48/job_wall_ms/15	float	1063.338846
/rows/48/job_wall_ms/16	float	1060.443047
/rows/48/job_wall_ms/17	float	1060.842183
/rows/48/job_wall_ms/18	float	1071.086907
/rows/48/job_wall_ms/19	float	1061.857279
/rows/48/job_wall_ms/20	float	1062.180302
/rows/48/job_wall_ms/21	float	1063.582831
/rows/48/job_wall_ms/22	float	1061.715714
/rows/48/job_wall_ms/23	float	1062.518714
/rows/48/job_wall_ms/24	float	1071.426682
/rows/48/job_wall_ms/25	float	1071.379484
/rows/48/job_wall_ms/26	float	1063.259177
/rows/48/job_wall_ms/27	float	1061.655411
/rows/48/job_wall_ms/28	float	1060.385529
/rows/48/job_wall_ms/29	float	1060.038311
/rows/48/job_wall_ms/30	float	1060.984509
/rows/48/job_wall_ms/31	float	1059.317755
/rows/48/memory_sampling_interval_ms	integer	20
/rows/48/peak_tree_processes	integer	128
/rows/48/peak_tree_rss_kib	integer	856672
/rows/48/suite	string	density
/rows/48/trial	integer	3
/rows/48/wall_ms	float	1095.836763
/rows/48/workload	string	hold-1s
/rows/49	object	-
/rows/49/backend	string	container
/rows/49/child_cpu_ms	float	736.8730000000028
/rows/49/completed	integer	32
/rows/49/concurrency	integer	32
/rows/49/correctness	string	passed
/rows/49/job_wall_ms	array	-
/rows/49/job_wall_ms/0	float	1049.373572
/rows/49/job_wall_ms/1	float	1050.749092
/rows/49/job_wall_ms/2	float	1049.803695
/rows/49/job_wall_ms/3	float	1052.502416
/rows/49/job_wall_ms/4	float	1049.735939
/rows/49/job_wall_ms/5	float	1049.815998
/rows/49/job_wall_ms/6	float	1049.054016
/rows/49/job_wall_ms/7	float	1039.244775
/rows/49/job_wall_ms/8	float	1050.406872
/rows/49/job_wall_ms/9	float	1051.28385
/rows/49/job_wall_ms/10	float	1049.914212
/rows/49/job_wall_ms/11	float	1049.315934
/rows/49/job_wall_ms/12	float	1049.339338
/rows/49/job_wall_ms/13	float	1050.778677
/rows/49/job_wall_ms/14	float	1050.619679
/rows/49/job_wall_ms/15	float	1049.992168
/rows/49/job_wall_ms/16	float	1061.773983
/rows/49/job_wall_ms/17	float	1060.794423
/rows/49/job_wall_ms/18	float	1062.672621
/rows/49/job_wall_ms/19	float	1060.116046
/rows/49/job_wall_ms/20	float	1063.367008
/rows/49/job_wall_ms/21	float	1060.786589
/rows/49/job_wall_ms/22	float	1062.988832
/rows/49/job_wall_ms/23	float	1062.582343
/rows/49/job_wall_ms/24	float	1062.108959
/rows/49/job_wall_ms/25	float	1061.582786
/rows/49/job_wall_ms/26	float	1060.910079
/rows/49/job_wall_ms/27	float	1060.877819
/rows/49/job_wall_ms/28	float	1051.672556
/rows/49/job_wall_ms/29	float	1059.860298
/rows/49/job_wall_ms/30	float	1060.678717
/rows/49/job_wall_ms/31	float	1051.582488
/rows/49/memory_sampling_interval_ms	integer	20
/rows/49/peak_tree_processes	integer	128
/rows/49/peak_tree_rss_kib	integer	854264
/rows/49/suite	string	density
/rows/49/trial	integer	4
/rows/49/wall_ms	float	1088.859201
/rows/49/workload	string	hold-1s
/rows/50	object	-
/rows/50/backend	string	container
/rows/50/child_cpu_ms	float	3863.763999999989
/rows/50/completed	integer	128
/rows/50/concurrency	integer	128
/rows/50/correctness	string	passed
/rows/50/job_wall_ms	array	-
/rows/50/job_wall_ms/0	float	1056.218537
/rows/50/job_wall_ms/1	float	1046.132759
/rows/50/job_wall_ms/2	float	1058.528371
/rows/50/job_wall_ms/3	float	1057.097048
/rows/50/job_wall_ms/4	float	1058.320542
/rows/50/job_wall_ms/5	float	1064.479446
/rows/50/job_wall_ms/6	float	1048.486445
/rows/50/job_wall_ms/7	float	1047.112068
/rows/50/job_wall_ms/8	float	1062.923249
/rows/50/job_wall_ms/9	float	1056.156
/rows/50/job_wall_ms/10	float	1058.734816
/rows/50/job_wall_ms/11	float	1062.923951
/rows/50/job_wall_ms/12	float	1083.430261
/rows/50/job_wall_ms/13	float	1069.240779
/rows/50/job_wall_ms/14	float	1079.757371
/rows/50/job_wall_ms/15	float	1103.076735
/rows/50/job_wall_ms/16	float	1106.125951
/rows/50/job_wall_ms/17	float	1106.005215
/rows/50/job_wall_ms/18	float	1101.436141
/rows/50/job_wall_ms/19	float	1127.884209
/rows/50/job_wall_ms/20	float	1122.556617
/rows/50/job_wall_ms/21	float	1128.381568
/rows/50/job_wall_ms/22	float	1127.897984
/rows/50/job_wall_ms/23	float	1119.090805
/rows/50/job_wall_ms/24	float	1379.097375
/rows/50/job_wall_ms/25	float	1268.406586
/rows/50/job_wall_ms/26	float	1352.29722
/rows/50/job_wall_ms/27	float	1133.445656
/rows/50/job_wall_ms/28	float	1136.06617
/rows/50/job_wall_ms/29	float	1141.33448
/rows/50/job_wall_ms/30	float	1155.066658
/rows/50/job_wall_ms/31	float	1139.775318
/rows/50/job_wall_ms/32	float	1134.227396
/rows/50/job_wall_ms/33	float	1349.365745
/rows/50/job_wall_ms/34	float	1257.53971
/rows/50/job_wall_ms/35	float	1233.977322
/rows/50/job_wall_ms/36	float	1315.287988
/rows/50/job_wall_ms/37	float	1126.650725
/rows/50/job_wall_ms/38	float	1343.800661
/rows/50/job_wall_ms/39	float	1317.73068
/rows/50/job_wall_ms/40	float	1356.897763
/rows/50/job_wall_ms/41	float	1312.387721
/rows/50/job_wall_ms/42	float	1235.453178
/rows/50/job_wall_ms/43	float	1246.884478
/rows/50/job_wall_ms/44	float	1267.295962
/rows/50/job_wall_ms/45	float	1217.815075
/rows/50/job_wall_ms/46	float	1237.332067
/rows/50/job_wall_ms/47	float	1243.54954
/rows/50/job_wall_ms/48	float	1245.919105
/rows/50/job_wall_ms/49	float	1217.606826
/rows/50/job_wall_ms/50	float	1213.096021
/rows/50/job_wall_ms/51	float	1246.571675
/rows/50/job_wall_ms/52	float	1345.038744
/rows/50/job_wall_ms/53	float	1298.273999
/rows/50/job_wall_ms/54	float	1341.227335
/rows/50/job_wall_ms/55	float	1243.880778
/rows/50/job_wall_ms/56	float	1237.488319
/rows/50/job_wall_ms/57	float	1215.596561
/rows/50/job_wall_ms/58	float	1223.594229
/rows/50/job_wall_ms/59	float	1347.095505
/rows/50/job_wall_ms/60	float	1324.836732
/rows/50/job_wall_ms/61	float	1289.827364
/rows/50/job_wall_ms/62	float	1221.541064
/rows/50/job_wall_ms/63	float	1231.006052
/rows/50/job_wall_ms/64	float	1332.140103
/rows/50/job_wall_ms/65	float	1327.557674
/rows/50/job_wall_ms/66	float	1281.096477
/rows/50/job_wall_ms/67	float	1291.543259
/rows/50/job_wall_ms/68	float	1220.661671
/rows/50/job_wall_ms/69	float	1327.192862
/rows/50/job_wall_ms/70	float	1264.404331
/rows/50/job_wall_ms/71	float	1275.71704
/rows/50/job_wall_ms/72	float	1245.574492
/rows/50/job_wall_ms/73	float	1329.24738
/rows/50/job_wall_ms/74	float	1333.95896
/rows/50/job_wall_ms/75	float	1321.304094
/rows/50/job_wall_ms/76	float	1267.071692
/rows/50/job_wall_ms/77	float	1271.385249
/rows/50/job_wall_ms/78	float	1312.93895
/rows/50/job_wall_ms/79	float	1183.918335
/rows/50/job_wall_ms/80	float	1328.400037
/rows/50/job_wall_ms/81	float	1303.085828
/rows/50/job_wall_ms/82	float	1266.667178
/rows/50/job_wall_ms/83	float	1329.434309
/rows/50/job_wall_ms/84	float	1327.090311
/rows/50/job_wall_ms/85	float	1334.388933
/rows/50/job_wall_ms/86	float	1326.431912
/rows/50/job_wall_ms/87	float	1255.041413
/rows/50/job_wall_ms/88	float	1283.004391
/rows/50/job_wall_ms/89	float	1213.018857
/rows/50/job_wall_ms/90	float	1268.092169
/rows/50/job_wall_ms/91	float	1192.454438
/rows/50/job_wall_ms/92	float	1230.869377
/rows/50/job_wall_ms/93	float	1270.967619
/rows/50/job_wall_ms/94	float	1318.595064
/rows/50/job_wall_ms/95	float	1243.164
/rows/50/job_wall_ms/96	float	1322.826026
/rows/50/job_wall_ms/97	float	1263.050993
/rows/50/job_wall_ms/98	float	1251.496443
/rows/50/job_wall_ms/99	float	1323.881278
/rows/50/job_wall_ms/100	float	1272.82033
/rows/50/job_wall_ms/101	float	1258.907645
/rows/50/job_wall_ms/102	float	1263.610648
/rows/50/job_wall_ms/103	float	1250.101487
/rows/50/job_wall_ms/104	float	1214.698074
/rows/50/job_wall_ms/105	float	1305.060225
/rows/50/job_wall_ms/106	float	1317.333629
/rows/50/job_wall_ms/107	float	1219.756892
/rows/50/job_wall_ms/108	float	1315.056134
/rows/50/job_wall_ms/109	float	1305.16986
/rows/50/job_wall_ms/110	float	1311.019686
/rows/50/job_wall_ms/111	float	1203.195329
/rows/50/job_wall_ms/112	float	1191.065104
/rows/50/job_wall_ms/113	float	1244.070262
/rows/50/job_wall_ms/114	float	1259.805121
/rows/50/job_wall_ms/115	float	1199.359495
/rows/50/job_wall_ms/116	float	1179.089276
/rows/50/job_wall_ms/117	float	1228.575572
/rows/50/job_wall_ms/118	float	1177.08369
/rows/50/job_wall_ms/119	float	1217.639106
/rows/50/job_wall_ms/120	float	1254.330175
/rows/50/job_wall_ms/121	float	1236.040155
/rows/50/job_wall_ms/122	float	1190.703538
/rows/50/job_wall_ms/123	float	1218.891355
/rows/50/job_wall_ms/124	float	1250.706327
/rows/50/job_wall_ms/125	float	1216.245483
/rows/50/job_wall_ms/126	float	1237.430201
/rows/50/job_wall_ms/127	float	1203.644538
/rows/50/memory_sampling_interval_ms	integer	20
/rows/50/peak_tree_processes	integer	512
/rows/50/peak_tree_rss_kib	integer	3423128
/rows/50/suite	string	density
/rows/50/trial	integer	0
/rows/50/wall_ms	float	1393.432871
/rows/50/workload	string	hold-1s
/rows/51	object	-
/rows/51/backend	string	container
/rows/51/child_cpu_ms	float	3725.4429999999984
/rows/51/completed	integer	128
/rows/51/concurrency	integer	128
/rows/51/correctness	string	passed
/rows/51/job_wall_ms	array	-
/rows/51/job_wall_ms/0	float	1123.260553
/rows/51/job_wall_ms/1	float	1121.769519
/rows/51/job_wall_ms/2	float	1119.781194
/rows/51/job_wall_ms/3	float	1120.328598
/rows/51/job_wall_ms/4	float	1119.967663
/rows/51/job_wall_ms/5	float	1117.118071
/rows/51/job_wall_ms/6	float	1118.328201
/rows/51/job_wall_ms/7	float	1114.432225
/rows/51/job_wall_ms/8	float	1116.915392
/rows/51/job_wall_ms/9	float	1118.777289
/rows/51/job_wall_ms/10	float	1118.732786
/rows/51/job_wall_ms/11	float	1120.512961
/rows/51/job_wall_ms/12	float	1114.35534
/rows/51/job_wall_ms/13	float	1112.787723
/rows/51/job_wall_ms/14	float	1115.960548
/rows/51/job_wall_ms/15	float	1116.872582
/rows/51/job_wall_ms/16	float	1117.611402
/rows/51/job_wall_ms/17	float	1197.804651
/rows/51/job_wall_ms/18	float	1177.421792
/rows/51/job_wall_ms/19	float	1174.351407
/rows/51/job_wall_ms/20	float	1167.171737
/rows/51/job_wall_ms/21	float	1170.31102
/rows/51/job_wall_ms/22	float	1187.215122
/rows/51/job_wall_ms/23	float	1169.343283
/rows/51/job_wall_ms/24	float	1181.523893
/rows/51/job_wall_ms/25	float	1189.466267
/rows/51/job_wall_ms/26	float	1185.507463
/rows/51/job_wall_ms/27	float	1218.252753
/rows/51/job_wall_ms/28	float	1194.567515
/rows/51/job_wall_ms/29	float	1186.236274
/rows/51/job_wall_ms/30	float	1302.65888
/rows/51/job_wall_ms/31	float	1348.090403
/rows/51/job_wall_ms/32	float	1249.641298
/rows/51/job_wall_ms/33	float	1259.013032
/rows/51/job_wall_ms/34	float	1313.336403
/rows/51/job_wall_ms/35	float	1206.953328
/rows/51/job_wall_ms/36	float	1218.343712
/rows/51/job_wall_ms/37	float	1443.879341
/rows/51/job_wall_ms/38	float	1245.735213
/rows/51/job_wall_ms/39	float	1205.479145
/rows/51/job_wall_ms/40	float	1255.611858
/rows/51/job_wall_ms/41	float	1202.512143
/rows/51/job_wall_ms/42	float	1314.949765
/rows/51/job_wall_ms/43	float	1347.135029
/rows/51/job_wall_ms/44	float	1339.817943
/rows/51/job_wall_ms/45	float	1321.860102
/rows/51/job_wall_ms/46	float	1212.045178
/rows/51/job_wall_ms/47	float	1459.4544
/rows/51/job_wall_ms/48	float	1208.395272
/rows/51/job_wall_ms/49	float	1488.084894
/rows/51/job_wall_ms/50	float	1258.927241
/rows/51/job_wall_ms/51	float	1239.821848
/rows/51/job_wall_ms/52	float	1273.496102
/rows/51/job_wall_ms/53	float	1244.051096
/rows/51/job_wall_ms/54	float	1379.577342
/rows/51/job_wall_ms/55	float	1243.780812
/rows/51/job_wall_ms/56	float	1314.820244
/rows/51/job_wall_ms/57	float	1313.587682
/rows/51/job_wall_ms/58	float	1243.996324
/rows/51/job_wall_ms/59	float	1247.553238
/rows/51/job_wall_ms/60	float	1311.752544
/rows/51/job_wall_ms/61	float	1187.533487
/rows/51/job_wall_ms/62	float	1309.939909
/rows/51/job_wall_ms/63	float	1323.980724
/rows/51/job_wall_ms/64	float	1318.831316
/rows/51/job_wall_ms/65	float	1316.48838
/rows/51/job_wall_ms/66	float	1332.242183
/rows/51/job_wall_ms/67	float	1312.340563
/rows/51/job_wall_ms/68	float	1336.888642
/rows/51/job_wall_ms/69	float	1410.522489
/rows/51/job_wall_ms/70	float	1331.43704
/rows/51/job_wall_ms/71	float	1453.335763
/rows/51/job_wall_ms/72	float	1213.99508
/rows/51/job_wall_ms/73	float	1347.048037
/rows/51/job_wall_ms/74	float	1327.274736
/rows/51/job_wall_ms/75	float	1415.161534
/rows/51/job_wall_ms/76	float	1408.935496
/rows/51/job_wall_ms/77	float	1296.666568
/rows/51/job_wall_ms/78	float	1324.993735
/rows/51/job_wall_ms/79	float	1452.399204
/rows/51/job_wall_ms/80	float	1458.993681
/rows/51/job_wall_ms/81	float	1409.464123
/rows/51/job_wall_ms/82	float	1275.258924
/rows/51/job_wall_ms/83	float	1308.491955
/rows/51/job_wall_ms/84	float	1404.974878
/rows/51/job_wall_ms/85	float	1307.37062
/rows/51/job_wall_ms/86	float	1433.519942
/rows/51/job_wall_ms/87	float	1435.17874
/rows/51/job_wall_ms/88	float	1252.936452
/rows/51/job_wall_ms/89	float	1453.77272
/rows/51/job_wall_ms/90	float	1300.000164
/rows/51/job_wall_ms/91	float	1398.068158
/rows/51/job_wall_ms/92	float	1250.094283
/rows/51/job_wall_ms/93	float	1443.542591
/rows/51/job_wall_ms/94	float	1394.191016
/rows/51/job_wall_ms/95	float	1429.474717
/rows/51/job_wall_ms/96	float	1327.833809
/rows/51/job_wall_ms/97	float	1423.595446
/rows/51/job_wall_ms/98	float	1404.435941
/rows/51/job_wall_ms/99	float	1301.776683
/rows/51/job_wall_ms/100	float	1394.615169
/rows/51/job_wall_ms/101	float	1305.518831
/rows/51/job_wall_ms/102	float	1320.633772
/rows/51/job_wall_ms/103	float	1288.67923
/rows/51/job_wall_ms/104	float	1321.530828
/rows/51/job_wall_ms/105	float	1366.562795
/rows/51/job_wall_ms/106	float	1255.344249
/rows/51/job_wall_ms/107	float	1367.215695
/rows/51/job_wall_ms/108	float	1385.322673
/rows/51/job_wall_ms/109	float	1298.571906
/rows/51/job_wall_ms/110	float	1380.986213
/rows/51/job_wall_ms/111	float	1209.542765
/rows/51/job_wall_ms/112	float	1337.638112
/rows/51/job_wall_ms/113	float	1225.075165
/rows/51/job_wall_ms/114	float	1264.546696
/rows/51/job_wall_ms/115	float	1365.89135
/rows/51/job_wall_ms/116	float	1241.400696
/rows/51/job_wall_ms/117	float	1373.123819
/rows/51/job_wall_ms/118	float	1412.437636
/rows/51/job_wall_ms/119	float	1414.796382
/rows/51/job_wall_ms/120	float	1402.107362
/rows/51/job_wall_ms/121	float	1420.987385
/rows/51/job_wall_ms/122	float	1359.154268
/rows/51/job_wall_ms/123	float	1360.436393
/rows/51/job_wall_ms/124	float	1377.926309
/rows/51/job_wall_ms/125	float	1357.785792
/rows/51/job_wall_ms/126	float	1385.949954
/rows/51/job_wall_ms/127	float	1418.803617
/rows/51/memory_sampling_interval_ms	integer	20
/rows/51/peak_tree_processes	integer	512
/rows/51/peak_tree_rss_kib	integer	3415964
/rows/51/suite	string	density
/rows/51/trial	integer	1
/rows/51/wall_ms	float	1531.17757
/rows/51/workload	string	hold-1s
/rows/52	object	-
/rows/52/backend	string	container
/rows/52/child_cpu_ms	float	3225.6109999999862
/rows/52/completed	integer	128
/rows/52/concurrency	integer	128
/rows/52/correctness	string	passed
/rows/52/job_wall_ms	array	-
/rows/52/job_wall_ms/0	float	1052.553561
/rows/52/job_wall_ms/1	float	1052.012411
/rows/52/job_wall_ms/2	float	1054.289755
/rows/52/job_wall_ms/3	float	1045.645609
/rows/52/job_wall_ms/4	float	1067.999471
/rows/52/job_wall_ms/5	float	1062.770134
/rows/52/job_wall_ms/6	float	1064.836593
/rows/52/job_wall_ms/7	float	1067.295987
/rows/52/job_wall_ms/8	float	1086.325999
/rows/52/job_wall_ms/9	float	1089.553197
/rows/52/job_wall_ms/10	float	1064.762554
/rows/52/job_wall_ms/11	float	1066.169844
/rows/52/job_wall_ms/12	float	1071.914183
/rows/52/job_wall_ms/13	float	1167.36602
/rows/52/job_wall_ms/14	float	1145.840857
/rows/52/job_wall_ms/15	float	1124.213432
/rows/52/job_wall_ms/16	float	1192.324215
/rows/52/job_wall_ms/17	float	1189.688782
/rows/52/job_wall_ms/18	float	1175.643721
/rows/52/job_wall_ms/19	float	1189.446049
/rows/52/job_wall_ms/20	float	1174.283389
/rows/52/job_wall_ms/21	float	1176.033568
/rows/52/job_wall_ms/22	float	1147.321022
/rows/52/job_wall_ms/23	float	1175.877918
/rows/52/job_wall_ms/24	float	1195.616243
/rows/52/job_wall_ms/25	float	1178.223759
/rows/52/job_wall_ms/26	float	1175.027029
/rows/52/job_wall_ms/27	float	1175.398994
/rows/52/job_wall_ms/28	float	1174.643472
/rows/52/job_wall_ms/29	float	1179.374729
/rows/52/job_wall_ms/30	float	1182.728162
/rows/52/job_wall_ms/31	float	1175.357335
/rows/52/job_wall_ms/32	float	1195.05275
/rows/52/job_wall_ms/33	float	1168.756177
/rows/52/job_wall_ms/34	float	1240.000821
/rows/52/job_wall_ms/35	float	1180.024552
/rows/52/job_wall_ms/36	float	1175.85243
/rows/52/job_wall_ms/37	float	1185.732484
/rows/52/job_wall_ms/38	float	1229.507523
/rows/52/job_wall_ms/39	float	1255.733886
/rows/52/job_wall_ms/40	float	1231.705528
/rows/52/job_wall_ms/41	float	1239.870167
/rows/52/job_wall_ms/42	float	1255.665208
/rows/52/job_wall_ms/43	float	1231.483133
/rows/52/job_wall_ms/44	float	1225.819274
/rows/52/job_wall_ms/45	float	1239.29838
/rows/52/job_wall_ms/46	float	1228.979678
/rows/52/job_wall_ms/47	float	1211.374165
/rows/52/job_wall_ms/48	float	1217.078289
/rows/52/job_wall_ms/49	float	1220.814257
/rows/52/job_wall_ms/50	float	1216.691266
/rows/52/job_wall_ms/51	float	1246.57483
/rows/52/job_wall_ms/52	float	1220.594537
/rows/52/job_wall_ms/53	float	1218.306923
/rows/52/job_wall_ms/54	float	1215.611309
/rows/52/job_wall_ms/55	float	1217.053994
/rows/52/job_wall_ms/56	float	1259.393402
/rows/52/job_wall_ms/57	float	1218.892537
/rows/52/job_wall_ms/58	float	1212.719488
/rows/52/job_wall_ms/59	float	1234.816409
/rows/52/job_wall_ms/60	float	1226.356758
/rows/52/job_wall_ms/61	float	1249.575555
/rows/52/job_wall_ms/62	float	1235.540761
/rows/52/job_wall_ms/63	float	1217.325831
/rows/52/job_wall_ms/64	float	1210.184202
/rows/52/job_wall_ms/65	float	1211.742072
/rows/52/job_wall_ms/66	float	1212.122423
/rows/52/job_wall_ms/67	float	1198.066811
/rows/52/job_wall_ms/68	float	1257.535612
/rows/52/job_wall_ms/69	float	1239.575809
/rows/52/job_wall_ms/70	float	1248.510826
/rows/52/job_wall_ms/71	float	1245.915098
/rows/52/job_wall_ms/72	float	1223.694195
/rows/52/job_wall_ms/73	float	1240.032881
/rows/52/job_wall_ms/74	float	1199.026493
/rows/52/job_wall_ms/75	float	1197.529557
/rows/52/job_wall_ms/76	float	1229.122514
/rows/52/job_wall_ms/77	float	1188.590812
/rows/52/job_wall_ms/78	float	1261.690222
/rows/52/job_wall_ms/79	float	1270.734554
/rows/52/job_wall_ms/80	float	1289.247461
/rows/52/job_wall_ms/81	float	1193.641045
/rows/52/job_wall_ms/82	float	1249.741685
/rows/52/job_wall_ms/83	float	1280.227654
/rows/52/job_wall_ms/84	float	1248.749693
/rows/52/job_wall_ms/85	float	1280.750941
/rows/52/job_wall_ms/86	float	1238.823693
/rows/52/job_wall_ms/87	float	1220.266484
/rows/52/job_wall_ms/88	float	1209.584151
/rows/52/job_wall_ms/89	float	1219.855425
/rows/52/job_wall_ms/90	float	1261.826316
/rows/52/job_wall_ms/91	float	1246.873388
/rows/52/job_wall_ms/92	float	1257.749652
/rows/52/job_wall_ms/93	float	1287.61361
/rows/52/job_wall_ms/94	float	1276.526551
/rows/52/job_wall_ms/95	float	1254.670431
/rows/52/job_wall_ms/96	float	1193.056192
/rows/52/job_wall_ms/97	float	1268.719911
/rows/52/job_wall_ms/98	float	1238.833942
/rows/52/job_wall_ms/99	float	1241.389696
/rows/52/job_wall_ms/100	float	1189.442092
/rows/52/job_wall_ms/101	float	1229.737292
/rows/52/job_wall_ms/102	float	1255.452641
/rows/52/job_wall_ms/103	float	1262.151083
/rows/52/job_wall_ms/104	float	1241.945493
/rows/52/job_wall_ms/105	float	1234.01907
/rows/52/job_wall_ms/106	float	1254.15101
/rows/52/job_wall_ms/107	float	1245.72853
/rows/52/job_wall_ms/108	float	1252.252515
/rows/52/job_wall_ms/109	float	1231.125535
/rows/52/job_wall_ms/110	float	1219.207696
/rows/52/job_wall_ms/111	float	1222.686845
/rows/52/job_wall_ms/112	float	1227.803049
/rows/52/job_wall_ms/113	float	1240.949223
/rows/52/job_wall_ms/114	float	1220.52696
/rows/52/job_wall_ms/115	float	1235.90435
/rows/52/job_wall_ms/116	float	1242.031895
/rows/52/job_wall_ms/117	float	1162.233764
/rows/52/job_wall_ms/118	float	1219.260805
/rows/52/job_wall_ms/119	float	1229.395815
/rows/52/job_wall_ms/120	float	1234.424126
/rows/52/job_wall_ms/121	float	1222.228768
/rows/52/job_wall_ms/122	float	1199.540222
/rows/52/job_wall_ms/123	float	1209.715657
/rows/52/job_wall_ms/124	float	1198.624342
/rows/52/job_wall_ms/125	float	1203.971338
/rows/52/job_wall_ms/126	float	1168.189819
/rows/52/job_wall_ms/127	float	1208.348404
/rows/52/memory_sampling_interval_ms	integer	20
/rows/52/peak_tree_processes	integer	512
/rows/52/peak_tree_rss_kib	integer	3418996
/rows/52/suite	string	density
/rows/52/trial	integer	2
/rows/52/wall_ms	float	1398.099928
/rows/52/workload	string	hold-1s
/rows/53	object	-
/rows/53/backend	string	container
/rows/53/child_cpu_ms	float	3612.3660000000086
/rows/53/completed	integer	128
/rows/53/concurrency	integer	128
/rows/53/correctness	string	passed
/rows/53/job_wall_ms	array	-
/rows/53/job_wall_ms/0	float	1088.373924
/rows/53/job_wall_ms/1	float	1088.522902
/rows/53/job_wall_ms/2	float	1108.76501
/rows/53/job_wall_ms/3	float	1101.689454
/rows/53/job_wall_ms/4	float	1175.624795
/rows/53/job_wall_ms/5	float	1179.939394
/rows/53/job_wall_ms/6	float	1182.98923
/rows/53/job_wall_ms/7	float	1478.193551
/rows/53/job_wall_ms/8	float	1504.710957
/rows/53/job_wall_ms/9	float	1200.093005
/rows/53/job_wall_ms/10	float	1213.874525
/rows/53/job_wall_ms/11	float	1217.335148
/rows/53/job_wall_ms/12	float	1214.472211
/rows/53/job_wall_ms/13	float	1476.161946
/rows/53/job_wall_ms/14	float	1478.258842
/rows/53/job_wall_ms/15	float	1220.09314
/rows/53/job_wall_ms/16	float	1498.299162
/rows/53/job_wall_ms/17	float	1498.332605
/rows/53/job_wall_ms/18	float	1493.51659
/rows/53/job_wall_ms/19	float	1470.866465
/rows/53/job_wall_ms/20	float	1486.895533
/rows/53/job_wall_ms/21	float	1491.962146
/rows/53/job_wall_ms/22	float	1483.90576
/rows/53/job_wall_ms/23	float	1486.194464
/rows/53/job_wall_ms/24	float	1494.187182
/rows/53/job_wall_ms/25	float	1494.240983
/rows/53/job_wall_ms/26	float	1491.978327
/rows/53/job_wall_ms/27	float	1479.327969
/rows/53/job_wall_ms/28	float	1464.352849
/rows/53/job_wall_ms/29	float	1281.722046
/rows/53/job_wall_ms/30	float	1444.608162
/rows/53/job_wall_ms/31	float	1463.482254
/rows/53/job_wall_ms/32	float	1489.53893
/rows/53/job_wall_ms/33	float	1451.350044
/rows/53/job_wall_ms/34	float	1362.953013
/rows/53/job_wall_ms/35	float	1282.030792
/rows/53/job_wall_ms/36	float	1486.654393
/rows/53/job_wall_ms/37	float	1422.939882
/rows/53/job_wall_ms/38	float	1482.405448
/rows/53/job_wall_ms/39	float	1339.947454
/rows/53/job_wall_ms/40	float	1449.209536
/rows/53/job_wall_ms/41	float	1475.775734
/rows/53/job_wall_ms/42	float	1390.083244
/rows/53/job_wall_ms/43	float	1278.358894
/rows/53/job_wall_ms/44	float	1382.656974
/rows/53/job_wall_ms/45	float	1423.262685
/rows/53/job_wall_ms/46	float	1451.543396
/rows/53/job_wall_ms/47	float	1351.225329
/rows/53/job_wall_ms/48	float	1448.453895
/rows/53/job_wall_ms/49	float	1381.002664
/rows/53/job_wall_ms/50	float	1294.708951
/rows/53/job_wall_ms/51	float	1459.982347
/rows/53/job_wall_ms/52	float	1454.59209
/rows/53/job_wall_ms/53	float	1376.680031
/rows/53/job_wall_ms/54	float	1469.790145
/rows/53/job_wall_ms/55	float	1388.59779
/rows/53/job_wall_ms/56	float	1382.658206
/rows/53/job_wall_ms/57	float	1383.371007
/rows/53/job_wall_ms/58	float	1319.189614
/rows/53/job_wall_ms/59	float	1414.595988
/rows/53/job_wall_ms/60	float	1340.363762
/rows/53/job_wall_ms/61	float	1379.11027
/rows/53/job_wall_ms/62	float	1444.141882
/rows/53/job_wall_ms/63	float	1450.652401
/rows/53/job_wall_ms/64	float	1454.559719
/rows/53/job_wall_ms/65	float	1438.463606
/rows/53/job_wall_ms/66	float	1248.018727
/rows/53/job_wall_ms/67	float	1372.692774
/rows/53/job_wall_ms/68	float	1362.745585
/rows/53/job_wall_ms/69	float	1270.403045
/rows/53/job_wall_ms/70	float	1453.997539
/rows/53/job_wall_ms/71	float	1300.303711
/rows/53/job_wall_ms/72	float	1296.313257
/rows/53/job_wall_ms/73	float	1459.183194
/rows/53/job_wall_ms/74	float	1225.144164
/rows/53/job_wall_ms/75	float	1241.451512
/rows/53/job_wall_ms/76	float	1217.313248
/rows/53/job_wall_ms/77	float	1361.87039
/rows/53/job_wall_ms/78	float	1433.761995
/rows/53/job_wall_ms/79	float	1360.722988
/rows/53/job_wall_ms/80	float	1399.279782
/rows/53/job_wall_ms/81	float	1287.383319
/rows/53/job_wall_ms/82	float	1245.195494
/rows/53/job_wall_ms/83	float	1268.016929
/rows/53/job_wall_ms/84	float	1393.87726
/rows/53/job_wall_ms/85	float	1355.000269
/rows/53/job_wall_ms/86	float	1445.192082
/rows/53/job_wall_ms/87	float	1401.27621
/rows/53/job_wall_ms/88	float	1365.691889
/rows/53/job_wall_ms/89	float	1280.29502
/rows/53/job_wall_ms/90	float	1363.857332
/rows/53/job_wall_ms/91	float	1458.597962
/rows/53/job_wall_ms/92	float	1380.794726
/rows/53/job_wall_ms/93	float	1440.402427
/rows/53/job_wall_ms/94	float	1372.900903
/rows/53/job_wall_ms/95	float	1362.514835
/rows/53/job_wall_ms/96	float	1447.822486
/rows/53/job_wall_ms/97	float	1446.661307
/rows/53/job_wall_ms/98	float	1256.28674
/rows/53/job_wall_ms/99	float	1362.550982
/rows/53/job_wall_ms/100	float	1244.500136
/rows/53/job_wall_ms/101	float	1293.721647
/rows/53/job_wall_ms/102	float	1448.82046
/rows/53/job_wall_ms/103	float	1421.214389
/rows/53/job_wall_ms/104	float	1444.017909
/rows/53/job_wall_ms/105	float	1442.483314
/rows/53/job_wall_ms/106	float	1343.113829
/rows/53/job_wall_ms/107	float	1425.303866
/rows/53/job_wall_ms/108	float	1466.530407
/rows/53/job_wall_ms/109	float	1383.765805
/rows/53/job_wall_ms/110	float	1426.103841
/rows/53/job_wall_ms/111	float	1405.507373
/rows/53/job_wall_ms/112	float	1346.947108
/rows/53/job_wall_ms/113	float	1424.176161
/rows/53/job_wall_ms/114	float	1338.81552
/rows/53/job_wall_ms/115	float	1341.266448
/rows/53/job_wall_ms/116	float	1345.038193
/rows/53/job_wall_ms/117	float	1274.562223
/rows/53/job_wall_ms/118	float	1432.285065
/rows/53/job_wall_ms/119	float	1338.064669
/rows/53/job_wall_ms/120	float	1424.498453
/rows/53/job_wall_ms/121	float	1338.786396
/rows/53/job_wall_ms/122	float	1266.70606
/rows/53/job_wall_ms/123	float	1218.558734
/rows/53/job_wall_ms/124	float	1413.843241
/rows/53/job_wall_ms/125	float	1377.296843
/rows/53/job_wall_ms/126	float	1317.90738
/rows/53/job_wall_ms/127	float	1223.387853
/rows/53/memory_sampling_interval_ms	integer	20
/rows/53/peak_tree_processes	integer	512
/rows/53/peak_tree_rss_kib	integer	3419740
/rows/53/suite	string	density
/rows/53/trial	integer	3
/rows/53/wall_ms	float	1572.030221
/rows/53/workload	string	hold-1s
/rows/54	object	-
/rows/54/backend	string	container
/rows/54/child_cpu_ms	float	3638.90200000003
/rows/54/completed	integer	128
/rows/54/concurrency	integer	128
/rows/54/correctness	string	passed
/rows/54/job_wall_ms	array	-
/rows/54/job_wall_ms/0	float	1374.544212
/rows/54/job_wall_ms/1	float	1402.280686
/rows/54/job_wall_ms/2	float	1391.857859
/rows/54/job_wall_ms/3	float	1674.674313
/rows/54/job_wall_ms/4	float	1421.382913
/rows/54/job_wall_ms/5	float	1501.090105
/rows/54/job_wall_ms/6	float	1534.725677
/rows/54/job_wall_ms/7	float	1405.339299
/rows/54/job_wall_ms/8	float	1381.66965
/rows/54/job_wall_ms/9	float	1348.453642
/rows/54/job_wall_ms/10	float	1384.174529
/rows/54/job_wall_ms/11	float	1417.794822
/rows/54/job_wall_ms/12	float	1348.248409
/rows/54/job_wall_ms/13	float	1340.588071
/rows/54/job_wall_ms/14	float	1419.0734
/rows/54/job_wall_ms/15	float	1413.330564
/rows/54/job_wall_ms/16	float	1440.27019
/rows/54/job_wall_ms/17	float	1423.69908
/rows/54/job_wall_ms/18	float	1376.753639
/rows/54/job_wall_ms/19	float	1324.077543
/rows/54/job_wall_ms/20	float	1325.341144
/rows/54/job_wall_ms/21	float	1394.317243
/rows/54/job_wall_ms/22	float	1355.580883
/rows/54/job_wall_ms/23	float	1322.011234
/rows/54/job_wall_ms/24	float	1325.952145
/rows/54/job_wall_ms/25	float	1358.088086
/rows/54/job_wall_ms/26	float	1404.78803
/rows/54/job_wall_ms/27	float	1310.543396
/rows/54/job_wall_ms/28	float	1444.565813
/rows/54/job_wall_ms/29	float	1327.7915
/rows/54/job_wall_ms/30	float	1334.573147
/rows/54/job_wall_ms/31	float	1304.085244
/rows/54/job_wall_ms/32	float	1331.026964
/rows/54/job_wall_ms/33	float	1469.708884
/rows/54/job_wall_ms/34	float	1383.646722
/rows/54/job_wall_ms/35	float	1356.305186
/rows/54/job_wall_ms/36	float	1330.925615
/rows/54/job_wall_ms/37	float	1441.751156
/rows/54/job_wall_ms/38	float	1300.953034
/rows/54/job_wall_ms/39	float	1297.426587
/rows/54/job_wall_ms/40	float	1348.879708
/rows/54/job_wall_ms/41	float	1331.166865
/rows/54/job_wall_ms/42	float	1341.305662
/rows/54/job_wall_ms/43	float	1391.405414
/rows/54/job_wall_ms/44	float	1397.424216
/rows/54/job_wall_ms/45	float	1370.790181
/rows/54/job_wall_ms/46	float	1379.777016
/rows/54/job_wall_ms/47	float	1353.313439
/rows/54/job_wall_ms/48	float	1349.085101
/rows/54/job_wall_ms/49	float	1433.657599
/rows/54/job_wall_ms/50	float	1382.928181
/rows/54/job_wall_ms/51	float	1422.842069
/rows/54/job_wall_ms/52	float	1354.437047
/rows/54/job_wall_ms/53	float	1320.456851
/rows/54/job_wall_ms/54	float	1547.024187
/rows/54/job_wall_ms/55	float	1420.97961
/rows/54/job_wall_ms/56	float	1308.612219
/rows/54/job_wall_ms/57	float	1371.820705
/rows/54/job_wall_ms/58	float	1448.389335
/rows/54/job_wall_ms/59	float	1574.772163
/rows/54/job_wall_ms/60	float	1407.907445
/rows/54/job_wall_ms/61	float	1382.753164
/rows/54/job_wall_ms/62	float	1452.705826
/rows/54/job_wall_ms/63	float	1447.167121
/rows/54/job_wall_ms/64	float	1402.50757
/rows/54/job_wall_ms/65	float	1427.333227
/rows/54/job_wall_ms/66	float	1372.265085
/rows/54/job_wall_ms/67	float	1332.756113
/rows/54/job_wall_ms/68	float	1359.847492
/rows/54/job_wall_ms/69	float	1310.371826
/rows/54/job_wall_ms/70	float	1314.278763
/rows/54/job_wall_ms/71	float	1434.20901
/rows/54/job_wall_ms/72	float	1405.82716
/rows/54/job_wall_ms/73	float	1351.662114
/rows/54/job_wall_ms/74	float	1369.984997
/rows/54/job_wall_ms/75	float	1362.229652
/rows/54/job_wall_ms/76	float	1405.682731
/rows/54/job_wall_ms/77	float	1412.778042
/rows/54/job_wall_ms/78	float	1415.161083
/rows/54/job_wall_ms/79	float	1417.255464
/rows/54/job_wall_ms/80	float	1519.777758
/rows/54/job_wall_ms/81	float	1537.414418
/rows/54/job_wall_ms/82	float	1384.793214
/rows/54/job_wall_ms/83	float	1330.268738
/rows/54/job_wall_ms/84	float	1539.156783
/rows/54/job_wall_ms/85	float	1535.674569
/rows/54/job_wall_ms/86	float	1352.298182
/rows/54/job_wall_ms/87	float	1449.901068
/rows/54/job_wall_ms/88	float	1346.605901
/rows/54/job_wall_ms/89	float	1323.102663
/rows/54/job_wall_ms/90	float	1364.17782
/rows/54/job_wall_ms/91	float	1391.101677
/rows/54/job_wall_ms/92	float	1433.093506
/rows/54/job_wall_ms/93	float	1381.228437
/rows/54/job_wall_ms/94	float	1390.172391
/rows/54/job_wall_ms/95	float	1498.147829
/rows/54/job_wall_ms/96	float	1392.277513
/rows/54/job_wall_ms/97	float	1470.495924
/rows/54/job_wall_ms/98	float	1505.164585
/rows/54/job_wall_ms/99	float	1462.795531
/rows/54/job_wall_ms/100	float	1510.753633
/rows/54/job_wall_ms/101	float	1508.521936
/rows/54/job_wall_ms/102	float	1323.994409
/rows/54/job_wall_ms/103	float	1380.440875
/rows/54/job_wall_ms/104	float	1497.329702
/rows/54/job_wall_ms/105	float	1500.235139
/rows/54/job_wall_ms/106	float	1330.134838
/rows/54/job_wall_ms/107	float	1357.915494
/rows/54/job_wall_ms/108	float	1357.978331
/rows/54/job_wall_ms/109	float	1484.091316
/rows/54/job_wall_ms/110	float	1367.661587
/rows/54/job_wall_ms/111	float	1412.312743
/rows/54/job_wall_ms/112	float	1355.942298
/rows/54/job_wall_ms/113	float	1334.551326
/rows/54/job_wall_ms/114	float	1469.271747
/rows/54/job_wall_ms/115	float	1328.117259
/rows/54/job_wall_ms/116	float	1413.980048
/rows/54/job_wall_ms/117	float	1379.319961
/rows/54/job_wall_ms/118	float	1431.23768
/rows/54/job_wall_ms/119	float	1370.925873
/rows/54/job_wall_ms/120	float	1272.442113
/rows/54/job_wall_ms/121	float	1306.205474
/rows/54/job_wall_ms/122	float	1433.231524
/rows/54/job_wall_ms/123	float	1411.625259
/rows/54/job_wall_ms/124	float	1199.53919
/rows/54/job_wall_ms/125	float	1336.621493
/rows/54/job_wall_ms/126	float	1409.812203
/rows/54/job_wall_ms/127	float	1401.820566
/rows/54/memory_sampling_interval_ms	integer	20
/rows/54/peak_tree_processes	integer	512
/rows/54/peak_tree_rss_kib	integer	3418876
/rows/54/suite	string	density
/rows/54/trial	integer	4
/rows/54/wall_ms	float	1720.098282
/rows/54/workload	string	hold-1s
/schema	string	pvisor-benchmark/v1
/source_binary	string	/tmp/pvisor-product-v1-tested-binary
/source_commit	string	ab984f5bad765a22ddbfb1749120d4f2ae7acbe5
/source_status	string	 M Cargo.lock\n M Cargo.toml\n M benchmark/pvisor/README.md\n M benchmark/pvisor/product_v1.py\n M benchmark/pvisor/v1/agent.py\n M benchmark/pvisor/v1/apply.py\n M benchmark/pvisor/v1/apply_worker.py\n M benchmark/pvisor/v1/baselines.py\n M benchmark/pvisor/v1/common.py\n M benchmark/pvisor/v1/density.py\n M benchmark/pvisor/v1/filesystem.py\n M benchmark/pvisor/v1/isolation.py\n M benchmark/pvisor/v1/isolation_worker.py\n M benchmark/pvisor/v1/network.py\n M benchmark/pvisor/v1/network_worker.py\n M benchmark/pvisor/v1/oci.py\n M benchmark/pvisor/v1/replay.py\n M benchmark/pvisor/v1/supervision.py\n M benchmark/pvisor/v1/workload.py\n M crates/pvisor-core/src/lib.rs\n M crates/pvisor-replay/src/adapter/generic.rs\n M crates/pvisor-replay/tests/replay_contract.rs\n M crates/pvisor/Cargo.toml\n M crates/pvisor/src/executor/vm/supported.rs\n M crates/pvisor/src/image/cache/cli.rs\n M crates/pvisor/src/image/cache/client.rs\n M crates/pvisor/src/image/cache/lazy.rs\n M crates/pvisor/src/image/cache/mod.rs\n M crates/pvisor/src/image/cache/server.rs\n M crates/pvisor/src/image/cache/transport.rs\n M crates/pvisor/src/image/oci.rs\n M crates/pvisor/src/lib.rs\n M docs/src/en/benchmarks/agent-tasks.md\n M docs/src/en/benchmarks/apply.md\n M docs/src/en/benchmarks/density.md\n M docs/src/en/benchmarks/filesystem.md\n M docs/src/en/benchmarks/isolation-tests.md\n M docs/src/en/benchmarks/network.md\n M docs/src/en/benchmarks/replay-fidelity.md\n M docs/src/en/benchmarks/supervision-cost.md\n M docs/src/en/community/adopters.md\n M docs/src/en/community/code-of-conduct.md\n M docs/src/en/community/governance.md\n M docs/src/en/design/decisions/index.md\n M docs/src/en/design/replay.md\n M docs/src/en/design/research/cluster-execution.md\n M docs/src/en/design/research/publications.md\n M docs/src/en/design/research/rl-execution-substrate.md\n M docs/src/en/guides/ci.md\n M docs/src/en/guides/parallel-agents.md\n M docs/src/en/guides/rl-rollouts.md\n M docs/src/en/reference/config.md\n M docs/src/en/reference/env-vars.md\n M docs/src/en/reference/exit-codes.md\n M docs/src/en/reference/json-output.md\n M docs/src/en/reference/platforms.md\n M docs/src/en/reference/policy.md\n M docs/src/en/reference/run-bundle.md\n M docs/src/en/reference/shared-image-cache.md\n M docs/src/en/reference/stability.md\n M docs/src/en/security/audits.md\n M docs/src/zh/benchmarks/agent-tasks.md\n M docs/src/zh/benchmarks/apply.md\n M docs/src/zh/benchmarks/density.md\n M docs/src/zh/benchmarks/filesystem.md\n M docs/src/zh/benchmarks/isolation-tests.md\n M docs/src/zh/benchmarks/network.md\n M docs/src/zh/benchmarks/replay-fidelity.md\n M docs/src/zh/benchmarks/supervision-cost.md\n M docs/src/zh/community/adopters.md\n M docs/src/zh/community/code-of-conduct.md\n M docs/src/zh/community/governance.md\n M docs/src/zh/design/decisions/index.md\n M docs/src/zh/design/replay.md\n M docs/src/zh/design/research/cluster-execution.md\n M docs/src/zh/design/research/publications.md\n M docs/src/zh/design/research/rl-execution-substrate.md\n M docs/src/zh/guides/ci.md\n M docs/src/zh/guides/parallel-agents.md\n M docs/src/zh/guides/rl-rollouts.md\n M docs/src/zh/reference/config.md\n M docs/src/zh/reference/env-vars.md\n M docs/src/zh/reference/exit-codes.md\n M docs/src/zh/reference/json-output.md\n M docs/src/zh/reference/platforms.md\n M docs/src/zh/reference/policy.md\n M docs/src/zh/reference/run-bundle.md\n M docs/src/zh/reference/shared-image-cache.md\n M docs/src/zh/reference/stability.md\n M docs/src/zh/security/audits.md\n M docs/translations.json\n M vendor/krun-vmm/src/linux/prefault.rs\n?? benchmark/pvisor/test_product_v1.py\n?? crates/pvisor-cluster/\n?? crates/pvisor-core/src/cluster.rs\n?? crates/pvisor/src/bin/pvisor-worker.rs\n?? crates/pvisor/src/image/cache/config.rs\n?? crates/pvisor/src/image/cache/portable.rs\n?? crates/pvisor/src/image/cache/portable/\n?? crates/pvisor/src/image/cache/storage.rs\n?? crates/pvisor/tests/cache_backends.rs\n
/suite	string	product-v1
