path	type	value
	object	-
/binary_sha256	string	592b01a0683b8eeedc4750d04b7400820034fa84e630c0dcecc9eb742b800383
/capabilities	object	-
/cpu	string	AMD Ryzen 7 9700X 8-Core Processor
/crun_version	string	crun version 1.28
/firmware_sha256	string	6df51f65d7f99fc22215e69a4236c770b1588ceb6777eca014f92b366517d237
/harness_sha256	object	-
/harness_sha256/bench.py	string	ef814d8f4002e8a653edf50030dc145ace3c881f80afd5bca20d711bbaff0608
/harness_sha256/firmware_boot.py	string	277cdcb479271c5e3d9683769cd4332236c53744a5389ca76f94c44d37d28284
/harness_sha256/guest_init.py	string	bbce31c21060c6cb1c5ad103276fe6294f27f8dda4a878321ed27e8172e5f0d2
/harness_sha256/linux_vm_ready.py	string	dfc980b6d804588f758f0424ab1e12a2534b59dbd09faad1297df4c7fc6281b0
/harness_sha256/plot_startup.py	string	f4432080e61419666dd3a11790ec9a2bd334b5377a4397c0ea018292f4b1580b
/harness_sha256/product_v1.py	string	4bf6857dfdac371cde48e53adb88b17dd62197884eb0ab395c0ca15e2c216d56
/harness_sha256/run_all.py	string	ef45a6a8120f3d4734ae2fee2674848eacc6b583a68839adaede49552ae11da2
/harness_sha256/startup.py	string	5dfac911d447a3562c095fe5acddcc2acb4bae93af78db0491eee02b6d199cee
/harness_sha256/test_bench.py	string	d9dcea3319ad50da4f8fd7f12befed87f53bd68bd07456c71d27f103c1d18602
/harness_sha256/test_run_all.py	string	76ec448980e0ea0afece9037e9af6c273c90c0cb6ee81d93ebe85659acd6a08c
/harness_sha256/test_startup.py	string	a19f0e3c8a9fa47f4f8116c6415a7ace363ebbcee1a672e8f002ca48144d5b43
/harness_sha256/test_vm_ready.py	string	510e171d9af9a4e64085f70f983036709e2c41c3303974b7af319c142df313bc
/harness_sha256/test_vm_stress.py	string	61d3ba8e8ded8dbc41e371f56cba80a2697b16c6576a0c363dc6e2e064341dd5
/harness_sha256/v1~1agent.py	string	2a8141e3a0e8d7901582c8f08f901e5777fa3843a7592fa68dd96b8e145bb4ad
/harness_sha256/v1~1apply.py	string	24fb060953099a271721946f0f21ecd0b110ed448de64642c3efb2afb2cbe962
/harness_sha256/v1~1apply_worker.py	string	2dc1aad1c68eaacdafb01d3cbe8b8cd11db0767c41739db45780900a392c68bb
/harness_sha256/v1~1baselines.py	string	1d540ba7857a57cbefbf0597df4ebff9f908051e9e227ab10f711130008f80fa
/harness_sha256/v1~1common.py	string	e177ba49231c0359476970853891ed34d867905242200c41bb7bd1ce227d5bec
/harness_sha256/v1~1density.py	string	d235f518a570a57687e8f87d77491fab1e26bce1599937dd892a59c4a573cc7b
/harness_sha256/v1~1filesystem.py	string	830761b38567b9057835b81bbdfad9ee4d79e2698b2672266a63baddaabf1f86
/harness_sha256/v1~1isolation.py	string	bd582e4b00f66460018252ae9db9fe443d968953da5e996fda2e69193f1b92f2
/harness_sha256/v1~1isolation_worker.py	string	95c3f4b8cd523f2ae8144d04a6b3f6ba30b4784c46744c8e84949dea43002805
/harness_sha256/v1~1network.py	string	5bfb637200b8c188534fe367540028bfdd8ec4cd83ba43bd63ec185847dd1859
/harness_sha256/v1~1network_worker.py	string	34c073e9c8a3da38e6eee6dcd008daeb7e37d756fcc282f3862cc2a1bb40b5bd
/harness_sha256/v1~1oci.py	string	1a06a5639d46be5aa9ecbc8e15dce0a4aac8034582ad2a58d9166d8cf21f7b5f
/harness_sha256/v1~1replay.py	string	b6136544d62b5481be859de883d20a517303f2f3fa2256ee5c2f7579868a755d
/harness_sha256/v1~1supervision.py	string	6eab24540478c55a114bab774a97dcab93ac9bcaab48b67d44b5c35f25d9ca3f
/harness_sha256/v1~1workload.py	string	029d0419661e911812791c695694a6f8c6939761bfa77c6493466f7606ee02af
/harness_sha256/vm_ready.py	string	b3bc5aede44b1c42000a97754cc4500b55a5d629428218cf4e7e58435985f0f2
/harness_sha256/vm_snapshot.py	string	4eeea288fad2761fbb6a0d5a2188a58e5a23711013879e33c0f17ffea946c942
/harness_sha256/vm_snapshot_lazy.py	string	dd27d85a92de7b24bb62d4563e415299cf0967289ebf68463e9ab3cbcc0fcf08
/harness_sha256/vm_stress.py	string	de1f2dbe6d0c170e36a345dec635e1dcc6cad0e73262c077e797988f8372cfd2
/load_after	array	-
/load_after/0	float	5.66162109375
/load_after/1	float	3.69091796875
/load_after/2	float	4.05322265625
/load_before	array	-
/load_before/0	float	0.56982421875
/load_before/1	float	2.93701171875
/load_before/2	float	3.87255859375
/logical_cpus	integer	16
/memory_total_kib	integer	31980420
/oci_rootfs_tar_sha256	string	e99ba047d0153646d32cdbea82479913755f2e97185249b639802aa66f95c256
/platform	string	Linux-7.2.8-200.fc44.x86_64-x86_64-with-glibc2.43
/podman_image	string	sha256:0de1820cb46820ca816a7f2dd9d5a79a5e99a399021b5af8e7ba5d830d17521e
/podman_version	string	podman version 5.8.7
/protocol	object	-
/protocol/caches	string	warm; no host cache eviction
/protocol/correctness_required	boolean	true
/protocol/percentile	string	linear interpolation
/protocol/samples	integer	30
/protocol/startup_logging	boolean	false
/protocol/timing	string	wall includes process launch and teardown; worker_ms is workload only
/protocol/vm_memory	string	1GiB
/protocol/warmups	integer	3
/python	string	Python 3.14.7
/recorded_at	string	2026-10-04T01:57:14.165403+08:00
/rows	array	-
/rows/0	object	-
/rows/0/backend	string	native
/rows/0/child_cpu_ms	float	0.9279999999995958
/rows/0/completed	integer	1
/rows/0/concurrency	integer	1
/rows/0/correctness	string	passed
/rows/0/job_wall_ms	array	-
/rows/0/job_wall_ms/0	float	1002.153503
/rows/0/memory_sampling_interval_ms	integer	20
/rows/0/peak_tree_processes	integer	1
/rows/0/peak_tree_rss_kib	integer	2084
/rows/0/suite	string	density
/rows/0/trial	integer	0
/rows/0/wall_ms	float	1004.509083
/rows/0/workload	string	hold-1s
/rows/1	object	-
/rows/1/backend	string	native
/rows/1/child_cpu_ms	float	1.0980000000002654
/rows/1/completed	integer	1
/rows/1/concurrency	integer	1
/rows/1/correctness	string	passed
/rows/1/job_wall_ms	array	-
/rows/1/job_wall_ms/0	float	1002.321618
/rows/1/memory_sampling_interval_ms	integer	20
/rows/1/peak_tree_processes	integer	1
/rows/1/peak_tree_rss_kib	integer	2208
/rows/1/suite	string	density
/rows/1/trial	integer	1
/rows/1/wall_ms	float	1002.918542
/rows/1/workload	string	hold-1s
/rows/2	object	-
/rows/2/backend	string	native
/rows/2/child_cpu_ms	float	1.2630000000002362
/rows/2/completed	integer	1
/rows/2/concurrency	integer	1
/rows/2/correctness	string	passed
/rows/2/job_wall_ms	array	-
/rows/2/job_wall_ms/0	float	1002.579249
/rows/2/memory_sampling_interval_ms	integer	20
/rows/2/peak_tree_processes	integer	1
/rows/2/peak_tree_rss_kib	integer	2148
/rows/2/suite	string	density
/rows/2/trial	integer	2
/rows/2/wall_ms	float	1003.288173
/rows/2/workload	string	hold-1s
/rows/3	object	-
/rows/3/backend	string	native
/rows/3/child_cpu_ms	float	0.9629999999996031
/rows/3/completed	integer	1
/rows/3/concurrency	integer	1
/rows/3/correctness	string	passed
/rows/3/job_wall_ms	array	-
/rows/3/job_wall_ms/0	float	1001.216954
/rows/3/memory_sampling_interval_ms	integer	20
/rows/3/peak_tree_processes	integer	1
/rows/3/peak_tree_rss_kib	integer	2088
/rows/3/suite	string	density
/rows/3/trial	integer	3
/rows/3/wall_ms	float	1002.749436
/rows/3/workload	string	hold-1s
/rows/4	object	-
/rows/4/backend	string	native
/rows/4/child_cpu_ms	float	1.00800000000012
/rows/4/completed	integer	1
/rows/4/concurrency	integer	1
/rows/4/correctness	string	passed
/rows/4/job_wall_ms	array	-
/rows/4/job_wall_ms/0	float	1002.364517
/rows/4/memory_sampling_interval_ms	integer	20
/rows/4/peak_tree_processes	integer	1
/rows/4/peak_tree_rss_kib	integer	2080
/rows/4/suite	string	density
/rows/4/trial	integer	4
/rows/4/wall_ms	float	1003.095762
/rows/4/workload	string	hold-1s
/rows/5	object	-
/rows/5/backend	string	native
/rows/5/child_cpu_ms	float	6.26799999999994
/rows/5/completed	integer	8
/rows/5/concurrency	integer	8
/rows/5/correctness	string	passed
/rows/5/job_wall_ms	array	-
/rows/5/job_wall_ms/0	float	1001.559273
/rows/5/job_wall_ms/1	float	1002.272476
/rows/5/job_wall_ms/2	float	1001.451022
/rows/5/job_wall_ms/3	float	1001.70191
/rows/5/job_wall_ms/4	float	1001.3485
/rows/5/job_wall_ms/5	float	1001.236029
/rows/5/job_wall_ms/6	float	1001.37026
/rows/5/job_wall_ms/7	float	1001.250015
/rows/5/memory_sampling_interval_ms	integer	20
/rows/5/peak_tree_processes	integer	8
/rows/5/peak_tree_rss_kib	integer	16904
/rows/5/suite	string	density
/rows/5/trial	integer	0
/rows/5/wall_ms	float	1010.863573
/rows/5/workload	string	hold-1s
/rows/6	object	-
/rows/6/backend	string	native
/rows/6/child_cpu_ms	float	6.2590000000000146
/rows/6/completed	integer	8
/rows/6/concurrency	integer	8
/rows/6/correctness	string	passed
/rows/6/job_wall_ms	array	-
/rows/6/job_wall_ms/0	float	1001.479615
/rows/6/job_wall_ms/1	float	1002.416044
/rows/6/job_wall_ms/2	float	1001.616891
/rows/6/job_wall_ms/3	float	1001.439971
/rows/6/job_wall_ms/4	float	1001.464416
/rows/6/job_wall_ms/5	float	1001.204642
/rows/6/job_wall_ms/6	float	1001.228025
/rows/6/job_wall_ms/7	float	1001.084947
/rows/6/memory_sampling_interval_ms	integer	20
/rows/6/peak_tree_processes	integer	8
/rows/6/peak_tree_rss_kib	integer	17116
/rows/6/suite	string	density
/rows/6/trial	integer	1
/rows/6/wall_ms	float	1011.274961
/rows/6/workload	string	hold-1s
/rows/7	object	-
/rows/7/backend	string	native
/rows/7/child_cpu_ms	float	6.178000000000239
/rows/7/completed	integer	8
/rows/7/concurrency	integer	8
/rows/7/correctness	string	passed
/rows/7/job_wall_ms	array	-
/rows/7/job_wall_ms/0	float	1001.491797
/rows/7/job_wall_ms/1	float	1002.461779
/rows/7/job_wall_ms/2	float	1001.384296
/rows/7/job_wall_ms/3	float	1001.501966
/rows/7/job_wall_ms/4	float	1002.584258
/rows/7/job_wall_ms/5	float	1001.536311
/rows/7/job_wall_ms/6	float	1001.178542
/rows/7/job_wall_ms/7	float	1001.363858
/rows/7/memory_sampling_interval_ms	integer	20
/rows/7/peak_tree_processes	integer	8
/rows/7/peak_tree_rss_kib	integer	16868
/rows/7/suite	string	density
/rows/7/trial	integer	2
/rows/7/wall_ms	float	1006.251658
/rows/7/workload	string	hold-1s
/rows/8	object	-
/rows/8/backend	string	native
/rows/8/child_cpu_ms	float	6.929999999999659
/rows/8/completed	integer	8
/rows/8/concurrency	integer	8
/rows/8/correctness	string	passed
/rows/8/job_wall_ms	array	-
/rows/8/job_wall_ms/0	float	1002.791926
/rows/8/job_wall_ms/1	float	1002.557959
/rows/8/job_wall_ms/2	float	1002.48375
/rows/8/job_wall_ms/3	float	1002.448765
/rows/8/job_wall_ms/4	float	1002.580341
/rows/8/job_wall_ms/5	float	1001.978116
/rows/8/job_wall_ms/6	float	1001.687202
/rows/8/job_wall_ms/7	float	1002.317519
/rows/8/memory_sampling_interval_ms	integer	20
/rows/8/peak_tree_processes	integer	8
/rows/8/peak_tree_rss_kib	integer	16692
/rows/8/suite	string	density
/rows/8/trial	integer	3
/rows/8/wall_ms	float	1003.958435
/rows/8/workload	string	hold-1s
/rows/9	object	-
/rows/9/backend	string	native
/rows/9/child_cpu_ms	float	6.19700000000023
/rows/9/completed	integer	8
/rows/9/concurrency	integer	8
/rows/9/correctness	string	passed
/rows/9/job_wall_ms	array	-
/rows/9/job_wall_ms/0	float	1002.390537
/rows/9/job_wall_ms/1	float	1001.271736
/rows/9/job_wall_ms/2	float	1001.261978
/rows/9/job_wall_ms/3	float	1001.429992
/rows/9/job_wall_ms/4	float	1001.270614
/rows/9/job_wall_ms/5	float	1002.273157
/rows/9/job_wall_ms/6	float	1002.426584
/rows/9/job_wall_ms/7	float	1001.937861
/rows/9/memory_sampling_interval_ms	integer	20
/rows/9/peak_tree_processes	integer	8
/rows/9/peak_tree_rss_kib	integer	17228
/rows/9/suite	string	density
/rows/9/trial	integer	4
/rows/9/wall_ms	float	1004.073109
/rows/9/workload	string	hold-1s
/rows/10	object	-
/rows/10/backend	string	native
/rows/10/child_cpu_ms	float	23.031000000000024
/rows/10/completed	integer	32
/rows/10/concurrency	integer	32
/rows/10/correctness	string	passed
/rows/10/job_wall_ms	array	-
/rows/10/job_wall_ms/0	float	1001.448056
/rows/10/job_wall_ms/1	float	1002.372112
/rows/10/job_wall_ms/2	float	1001.442445
/rows/10/job_wall_ms/3	float	1001.329916
/rows/10/job_wall_ms/4	float	1001.5196
/rows/10/job_wall_ms/5	float	1002.112737
/rows/10/job_wall_ms/6	float	1001.416307
/rows/10/job_wall_ms/7	float	1001.443097
/rows/10/job_wall_ms/8	float	1001.176057
/rows/10/job_wall_ms/9	float	1002.140018
/rows/10/job_wall_ms/10	float	1002.315255
/rows/10/job_wall_ms/11	float	1002.46737
/rows/10/job_wall_ms/12	float	1002.406967
/rows/10/job_wall_ms/13	float	1002.111485
/rows/10/job_wall_ms/14	float	1001.309376
/rows/10/job_wall_ms/15	float	1002.536639
/rows/10/job_wall_ms/16	float	1002.292163
/rows/10/job_wall_ms/17	float	1002.087019
/rows/10/job_wall_ms/18	float	1001.824158
/rows/10/job_wall_ms/19	float	1002.294728
/rows/10/job_wall_ms/20	float	1002.576173
/rows/10/job_wall_ms/21	float	1001.185646
/rows/10/job_wall_ms/22	float	1002.339972
/rows/10/job_wall_ms/23	float	1002.247318
/rows/10/job_wall_ms/24	float	1002.334882
/rows/10/job_wall_ms/25	float	1001.119081
/rows/10/job_wall_ms/26	float	1001.365642
/rows/10/job_wall_ms/27	float	1001.556619
/rows/10/job_wall_ms/28	float	1001.237011
/rows/10/job_wall_ms/29	float	1001.262148
/rows/10/job_wall_ms/30	float	1001.036316
/rows/10/job_wall_ms/31	float	1001.136704
/rows/10/memory_sampling_interval_ms	integer	20
/rows/10/peak_tree_processes	integer	32
/rows/10/peak_tree_rss_kib	integer	67716
/rows/10/suite	string	density
/rows/10/trial	integer	0
/rows/10/wall_ms	float	1024.354993
/rows/10/workload	string	hold-1s
/rows/11	object	-
/rows/11/backend	string	native
/rows/11/child_cpu_ms	float	22.66699999999977
/rows/11/completed	integer	32
/rows/11/concurrency	integer	32
/rows/11/correctness	string	passed
/rows/11/job_wall_ms	array	-
/rows/11/job_wall_ms/0	float	1002.431332
/rows/11/job_wall_ms/1	float	1001.733259
/rows/11/job_wall_ms/2	float	1002.336856
/rows/11/job_wall_ms/3	float	1002.658196
/rows/11/job_wall_ms/4	float	1002.629873
/rows/11/job_wall_ms/5	float	1003.984093
/rows/11/job_wall_ms/6	float	1002.781075
/rows/11/job_wall_ms/7	float	1002.480524
/rows/11/job_wall_ms/8	float	1002.079295
/rows/11/job_wall_ms/9	float	1001.835018
/rows/11/job_wall_ms/10	float	1001.391499
/rows/11/job_wall_ms/11	float	1002.841408
/rows/11/job_wall_ms/12	float	1001.865525
/rows/11/job_wall_ms/13	float	1002.474814
/rows/11/job_wall_ms/14	float	1001.85167
/rows/11/job_wall_ms/15	float	1001.465569
/rows/11/job_wall_ms/16	float	1002.943198
/rows/11/job_wall_ms/17	float	1002.963997
/rows/11/job_wall_ms/18	float	1002.331556
/rows/11/job_wall_ms/19	float	1002.410513
/rows/11/job_wall_ms/20	float	1002.474833
/rows/11/job_wall_ms/21	float	1002.309033
/rows/11/job_wall_ms/22	float	1001.510852
/rows/11/job_wall_ms/23	float	1001.12419
/rows/11/job_wall_ms/24	float	1001.576865
/rows/11/job_wall_ms/25	float	1002.24307
/rows/11/job_wall_ms/26	float	1002.706116
/rows/11/job_wall_ms/27	float	1002.388141
/rows/11/job_wall_ms/28	float	1002.446651
/rows/11/job_wall_ms/29	float	1002.357715
/rows/11/job_wall_ms/30	float	1002.05534
/rows/11/job_wall_ms/31	float	1002.093251
/rows/11/memory_sampling_interval_ms	integer	20
/rows/11/peak_tree_processes	integer	32
/rows/11/peak_tree_rss_kib	integer	68012
/rows/11/suite	string	density
/rows/11/trial	integer	1
/rows/11/wall_ms	float	1021.401907
/rows/11/workload	string	hold-1s
/rows/12	object	-
/rows/12/backend	string	native
/rows/12/child_cpu_ms	float	22.898000000000085
/rows/12/completed	integer	32
/rows/12/concurrency	integer	32
/rows/12/correctness	string	passed
/rows/12/job_wall_ms	array	-
/rows/12/job_wall_ms/0	float	1002.522502
/rows/12/job_wall_ms/1	float	1001.369979
/rows/12/job_wall_ms/2	float	1003.178628
/rows/12/job_wall_ms/3	float	1002.534185
/rows/12/job_wall_ms/4	float	1002.766227
/rows/12/job_wall_ms/5	float	1001.82521
/rows/12/job_wall_ms/6	float	1003.044798
/rows/12/job_wall_ms/7	float	1002.342506
/rows/12/job_wall_ms/8	float	1001.615789
/rows/12/job_wall_ms/9	float	1003.566713
/rows/12/job_wall_ms/10	float	1003.169602
/rows/12/job_wall_ms/11	float	1002.286132
/rows/12/job_wall_ms/12	float	1002.298334
/rows/12/job_wall_ms/13	float	1002.561656
/rows/12/job_wall_ms/14	float	1002.440389
/rows/12/job_wall_ms/15	float	1002.339871
/rows/12/job_wall_ms/16	float	1002.188449
/rows/12/job_wall_ms/17	float	1002.682381
/rows/12/job_wall_ms/18	float	1002.367933
/rows/12/job_wall_ms/19	float	1002.283376
/rows/12/job_wall_ms/20	float	1002.225097
/rows/12/job_wall_ms/21	float	1002.851477
/rows/12/job_wall_ms/22	float	1002.771177
/rows/12/job_wall_ms/23	float	1002.915406
/rows/12/job_wall_ms/24	float	1002.168281
/rows/12/job_wall_ms/25	float	1002.471578
/rows/12/job_wall_ms/26	float	1001.112359
/rows/12/job_wall_ms/27	float	1002.711536
/rows/12/job_wall_ms/28	float	1002.555555
/rows/12/job_wall_ms/29	float	1002.006229
/rows/12/job_wall_ms/30	float	1002.208296
/rows/12/job_wall_ms/31	float	1001.996671
/rows/12/memory_sampling_interval_ms	integer	20
/rows/12/peak_tree_processes	integer	32
/rows/12/peak_tree_rss_kib	integer	68668
/rows/12/suite	string	density
/rows/12/trial	integer	2
/rows/12/wall_ms	float	1010.511595
/rows/12/workload	string	hold-1s
/rows/13	object	-
/rows/13/backend	string	native
/rows/13/child_cpu_ms	float	22.52099999999979
/rows/13/completed	integer	32
/rows/13/concurrency	integer	32
/rows/13/correctness	string	passed
/rows/13/job_wall_ms	array	-
/rows/13/job_wall_ms/0	float	1001.406538
/rows/13/job_wall_ms/1	float	1001.37048
/rows/13/job_wall_ms/2	float	1001.565836
/rows/13/job_wall_ms/3	float	1001.328272
/rows/13/job_wall_ms/4	float	1001.387011
/rows/13/job_wall_ms/5	float	1003.076738
/rows/13/job_wall_ms/6	float	1002.556126
/rows/13/job_wall_ms/7	float	1002.875462
/rows/13/job_wall_ms/8	float	1002.396457
/rows/13/job_wall_ms/9	float	1002.827863
/rows/13/job_wall_ms/10	float	1001.955783
/rows/13/job_wall_ms/11	float	1001.023032
/rows/13/job_wall_ms/12	float	1001.913225
/rows/13/job_wall_ms/13	float	1001.367305
/rows/13/job_wall_ms/14	float	1001.396199
/rows/13/job_wall_ms/15	float	1001.286193
/rows/13/job_wall_ms/16	float	1002.164624
/rows/13/job_wall_ms/17	float	1002.648137
/rows/13/job_wall_ms/18	float	1002.131632
/rows/13/job_wall_ms/19	float	1001.413511
/rows/13/job_wall_ms/20	float	1002.403931
/rows/13/job_wall_ms/21	float	1002.424569
/rows/13/job_wall_ms/22	float	1002.125611
/rows/13/job_wall_ms/23	float	1002.156288
/rows/13/job_wall_ms/24	float	1001.051996
/rows/13/job_wall_ms/25	float	1001.426115
/rows/13/job_wall_ms/26	float	1002.169283
/rows/13/job_wall_ms/27	float	1002.412958
/rows/13/job_wall_ms/28	float	1001.042268
/rows/13/job_wall_ms/29	float	1001.183732
/rows/13/job_wall_ms/30	float	1001.081842
/rows/13/job_wall_ms/31	float	1002.105784
/rows/13/memory_sampling_interval_ms	integer	20
/rows/13/peak_tree_processes	integer	32
/rows/13/peak_tree_rss_kib	integer	67680
/rows/13/suite	string	density
/rows/13/trial	integer	3
/rows/13/wall_ms	float	1021.923592
/rows/13/workload	string	hold-1s
/rows/14	object	-
/rows/14/backend	string	native
/rows/14/child_cpu_ms	float	22.182000000000368
/rows/14/completed	integer	32
/rows/14/concurrency	integer	32
/rows/14/correctness	string	passed
/rows/14/job_wall_ms	array	-
/rows/14/job_wall_ms/0	float	1002.381599
/rows/14/job_wall_ms/1	float	1001.41294
/rows/14/job_wall_ms/2	float	1001.390317
/rows/14/job_wall_ms/3	float	1002.064156
/rows/14/job_wall_ms/4	float	1001.542813
/rows/14/job_wall_ms/5	float	1001.782189
/rows/14/job_wall_ms/6	float	1001.491196
/rows/14/job_wall_ms/7	float	1001.629374
/rows/14/job_wall_ms/8	float	1001.577527
/rows/14/job_wall_ms/9	float	1002.582004
/rows/14/job_wall_ms/10	float	1001.317923
/rows/14/job_wall_ms/11	float	1002.310737
/rows/14/job_wall_ms/12	float	1001.422438
/rows/14/job_wall_ms/13	float	1002.130481
/rows/14/job_wall_ms/14	float	1001.146723
/rows/14/job_wall_ms/15	float	1001.340905
/rows/14/job_wall_ms/16	float	1001.505272
/rows/14/job_wall_ms/17	float	1001.125423
/rows/14/job_wall_ms/18	float	1002.260062
/rows/14/job_wall_ms/19	float	1001.190134
/rows/14/job_wall_ms/20	float	1001.383084
/rows/14/job_wall_ms/21	float	1002.439116
/rows/14/job_wall_ms/22	float	1002.007871
/rows/14/job_wall_ms/23	float	1002.897513
/rows/14/job_wall_ms/24	float	1001.730372
/rows/14/job_wall_ms/25	float	1002.440179
/rows/14/job_wall_ms/26	float	1001.017221
/rows/14/job_wall_ms/27	float	1001.159426
/rows/14/job_wall_ms/28	float	1001.253261
/rows/14/job_wall_ms/29	float	1001.114442
/rows/14/job_wall_ms/30	float	1001.954592
/rows/14/job_wall_ms/31	float	1000.921632
/rows/14/memory_sampling_interval_ms	integer	20
/rows/14/peak_tree_processes	integer	32
/rows/14/peak_tree_rss_kib	integer	68480
/rows/14/suite	string	density
/rows/14/trial	integer	4
/rows/14/wall_ms	float	1020.0809
/rows/14/workload	string	hold-1s
/rows/15	object	-
/rows/15/backend	string	native
/rows/15/child_cpu_ms	float	86.82100000000004
/rows/15/completed	integer	128
/rows/15/concurrency	integer	128
/rows/15/correctness	string	passed
/rows/15/job_wall_ms	array	-
/rows/15/job_wall_ms/0	float	1002.400535
/rows/15/job_wall_ms/1	float	1002.161458
/rows/15/job_wall_ms/2	float	1002.658867
/rows/15/job_wall_ms/3	float	1002.609605
/rows/15/job_wall_ms/4	float	1002.363796
/rows/15/job_wall_ms/5	float	1002.615016
/rows/15/job_wall_ms/6	float	1001.507266
/rows/15/job_wall_ms/7	float	1001.802247
/rows/15/job_wall_ms/8	float	1001.6965
/rows/15/job_wall_ms/9	float	1002.068374
/rows/15/job_wall_ms/10	float	1001.420604
/rows/15/job_wall_ms/11	float	1001.384346
/rows/15/job_wall_ms/12	float	1002.388252
/rows/15/job_wall_ms/13	float	1002.382
/rows/15/job_wall_ms/14	float	1002.315667
/rows/15/job_wall_ms/15	float	1002.462891
/rows/15/job_wall_ms/16	float	1002.576744
/rows/15/job_wall_ms/17	float	1002.152171
/rows/15/job_wall_ms/18	float	1001.116566
/rows/15/job_wall_ms/19	float	1002.000467
/rows/15/job_wall_ms/20	float	1002.746511
/rows/15/job_wall_ms/21	float	1002.175104
/rows/15/job_wall_ms/22	float	1002.502435
/rows/15/job_wall_ms/23	float	1002.246377
/rows/15/job_wall_ms/24	float	1001.959842
/rows/15/job_wall_ms/25	float	1002.152873
/rows/15/job_wall_ms/26	float	1001.967646
/rows/15/job_wall_ms/27	float	1001.447845
/rows/15/job_wall_ms/28	float	1002.281593
/rows/15/job_wall_ms/29	float	1001.052096
/rows/15/job_wall_ms/30	float	1001.017261
/rows/15/job_wall_ms/31	float	1002.201102
/rows/15/job_wall_ms/32	float	1002.127485
/rows/15/job_wall_ms/33	float	1002.036595
/rows/15/job_wall_ms/34	float	1002.417025
/rows/15/job_wall_ms/35	float	1002.175925
/rows/15/job_wall_ms/36	float	1001.866227
/rows/15/job_wall_ms/37	float	1002.246266
/rows/15/job_wall_ms/38	float	1002.19489
/rows/15/job_wall_ms/39	float	1002.390426
/rows/15/job_wall_ms/40	float	1002.150318
/rows/15/job_wall_ms/41	float	1002.399763
/rows/15/job_wall_ms/42	float	1002.016117
/rows/15/job_wall_ms/43	float	1002.193698
/rows/15/job_wall_ms/44	float	1002.187777
/rows/15/job_wall_ms/45	float	1002.012971
/rows/15/job_wall_ms/46	float	1002.363696
/rows/15/job_wall_ms/47	float	1002.677663
/rows/15/job_wall_ms/48	float	1002.311819
/rows/15/job_wall_ms/49	float	1002.916038
/rows/15/job_wall_ms/50	float	1001.981442
/rows/15/job_wall_ms/51	float	1002.500632
/rows/15/job_wall_ms/52	float	1001.480286
/rows/15/job_wall_ms/53	float	1001.248403
/rows/15/job_wall_ms/54	float	1001.272829
/rows/15/job_wall_ms/55	float	1002.517253
/rows/15/job_wall_ms/56	float	1001.317842
/rows/15/job_wall_ms/57	float	1002.573097
/rows/15/job_wall_ms/58	float	1002.079535
/rows/15/job_wall_ms/59	float	1002.306619
/rows/15/job_wall_ms/60	float	1001.007242
/rows/15/job_wall_ms/61	float	1001.056444
/rows/15/job_wall_ms/62	float	1001.339022
/rows/15/job_wall_ms/63	float	1000.98516
/rows/15/job_wall_ms/64	float	1001.15068
/rows/15/job_wall_ms/65	float	1000.914619
/rows/15/job_wall_ms/66	float	1002.042716
/rows/15/job_wall_ms/67	float	1002.113068
/rows/15/job_wall_ms/68	float	1002.111305
/rows/15/job_wall_ms/69	float	1001.682513
/rows/15/job_wall_ms/70	float	1002.639551
/rows/15/job_wall_ms/71	float	1002.276513
/rows/15/job_wall_ms/72	float	1002.548582
/rows/15/job_wall_ms/73	float	1002.495552
/rows/15/job_wall_ms/74	float	1002.607351
/rows/15/job_wall_ms/75	float	1002.545506
/rows/15/job_wall_ms/76	float	1001.603847
/rows/15/job_wall_ms/77	float	1001.621059
/rows/15/job_wall_ms/78	float	1000.951658
/rows/15/job_wall_ms/79	float	1002.404722
/rows/15/job_wall_ms/80	float	1002.255745
/rows/15/job_wall_ms/81	float	1001.276335
/rows/15/job_wall_ms/82	float	1001.803589
/rows/15/job_wall_ms/83	float	1001.936608
/rows/15/job_wall_ms/84	float	1001.222164
/rows/15/job_wall_ms/85	float	1002.076941
/rows/15/job_wall_ms/86	float	1002.386799
/rows/15/job_wall_ms/87	float	1002.513015
/rows/15/job_wall_ms/88	float	1001.108772
/rows/15/job_wall_ms/89	float	1001.509761
/rows/15/job_wall_ms/90	float	1001.585703
/rows/15/job_wall_ms/91	float	1002.671251
/rows/15/job_wall_ms/92	float	1001.101599
/rows/15/job_wall_ms/93	float	1004.240692
/rows/15/job_wall_ms/94	float	1003.451177
/rows/15/job_wall_ms/95	float	1002.366131
/rows/15/job_wall_ms/96	float	1002.13017
/rows/15/job_wall_ms/97	float	1002.001199
/rows/15/job_wall_ms/98	float	1002.005637
/rows/15/job_wall_ms/99	float	1002.424399
/rows/15/job_wall_ms/100	float	1002.406446
/rows/15/job_wall_ms/101	float	1002.445138
/rows/15/job_wall_ms/102	float	1001.682413
/rows/15/job_wall_ms/103	float	1001.272578
/rows/15/job_wall_ms/104	float	1001.19849
/rows/15/job_wall_ms/105	float	1002.353306
/rows/15/job_wall_ms/106	float	1002.589087
/rows/15/job_wall_ms/107	float	1001.91083
/rows/15/job_wall_ms/108	float	1002.159695
/rows/15/job_wall_ms/109	float	1002.340582
/rows/15/job_wall_ms/110	float	1001.533385
/rows/15/job_wall_ms/111	float	1001.563091
/rows/15/job_wall_ms/112	float	1002.640232
/rows/15/job_wall_ms/113	float	1011.464064
/rows/15/job_wall_ms/114	float	1011.373987
/rows/15/job_wall_ms/115	float	1002.481226
/rows/15/job_wall_ms/116	float	1002.453273
/rows/15/job_wall_ms/117	float	1011.486467
/rows/15/job_wall_ms/118	float	1010.780257
/rows/15/job_wall_ms/119	float	1011.102309
/rows/15/job_wall_ms/120	float	1010.674699
/rows/15/job_wall_ms/121	float	1011.25295
/rows/15/job_wall_ms/122	float	1010.277959
/rows/15/job_wall_ms/123	float	1010.097171
/rows/15/job_wall_ms/124	float	1010.611061
/rows/15/job_wall_ms/125	float	1010.388686
/rows/15/job_wall_ms/126	float	1009.564867
/rows/15/job_wall_ms/127	float	1010.126756
/rows/15/memory_sampling_interval_ms	integer	20
/rows/15/peak_tree_processes	integer	128
/rows/15/peak_tree_rss_kib	integer	272052
/rows/15/suite	string	density
/rows/15/trial	integer	0
/rows/15/wall_ms	float	1045.407597
/rows/15/workload	string	hold-1s
/rows/16	object	-
/rows/16/backend	string	native
/rows/16/child_cpu_ms	float	87.15899999999976
/rows/16/completed	integer	128
/rows/16/concurrency	integer	128
/rows/16/correctness	string	passed
/rows/16/job_wall_ms	array	-
/rows/16/job_wall_ms/0	float	1002.410313
/rows/16/job_wall_ms/1	float	1001.229968
/rows/16/job_wall_ms/2	float	1001.689015
/rows/16/job_wall_ms/3	float	1001.537963
/rows/16/job_wall_ms/4	float	1001.247411
/rows/16/job_wall_ms/5	float	1001.484032
/rows/16/job_wall_ms/6	float	1001.748387
/rows/16/job_wall_ms/7	float	1001.950975
/rows/16/job_wall_ms/8	float	1001.374638
/rows/16/job_wall_ms/9	float	1001.507286
/rows/16/job_wall_ms/10	float	1002.283647
/rows/16/job_wall_ms/11	float	1002.306359
/rows/16/job_wall_ms/12	float	1002.212914
/rows/16/job_wall_ms/13	float	1001.221512
/rows/16/job_wall_ms/14	float	1002.594958
/rows/16/job_wall_ms/15	float	1001.620999
/rows/16/job_wall_ms/16	float	1002.512514
/rows/16/job_wall_ms/17	float	1001.347869
/rows/16/job_wall_ms/18	float	1001.621049
/rows/16/job_wall_ms/19	float	1001.708352
/rows/16/job_wall_ms/20	float	1001.323673
/rows/16/job_wall_ms/21	float	1002.849723
/rows/16/job_wall_ms/22	float	1002.739367
/rows/16/job_wall_ms/23	float	1001.635506
/rows/16/job_wall_ms/24	float	1001.468754
/rows/16/job_wall_ms/25	float	1002.604265
/rows/16/job_wall_ms/26	float	1001.668818
/rows/16/job_wall_ms/27	float	1002.840537
/rows/16/job_wall_ms/28	float	1001.357366
/rows/16/job_wall_ms/29	float	1001.400276
/rows/16/job_wall_ms/30	float	1002.158893
/rows/16/job_wall_ms/31	float	1001.082152
/rows/16/job_wall_ms/32	float	1001.38636
/rows/16/job_wall_ms/33	float	1001.097561
/rows/16/job_wall_ms/34	float	1001.216433
/rows/16/job_wall_ms/35	float	1001.338632
/rows/16/job_wall_ms/36	float	1002.441962
/rows/16/job_wall_ms/37	float	1002.150809
/rows/16/job_wall_ms/38	float	1002.328119
/rows/16/job_wall_ms/39	float	1002.308002
/rows/16/job_wall_ms/40	float	1001.374208
/rows/16/job_wall_ms/41	float	1002.171467
/rows/16/job_wall_ms/42	float	1001.167402
/rows/16/job_wall_ms/43	float	1002.19988
/rows/16/job_wall_ms/44	float	1001.039512
/rows/16/job_wall_ms/45	float	1002.75158
/rows/16/job_wall_ms/46	float	1002.393622
/rows/16/job_wall_ms/47	float	1002.178239
/rows/16/job_wall_ms/48	float	1002.767581
/rows/16/job_wall_ms/49	float	1002.628841
/rows/16/job_wall_ms/50	float	1003.02421
/rows/16/job_wall_ms/51	float	1002.998492
/rows/16/job_wall_ms/52	float	1001.45566
/rows/16/job_wall_ms/53	float	1001.206354
/rows/16/job_wall_ms/54	float	1002.20025
/rows/16/job_wall_ms/55	float	1001.770468
/rows/16/job_wall_ms/56	float	1002.310156
/rows/16/job_wall_ms/57	float	1001.310238
/rows/16/job_wall_ms/58	float	1001.072304
/rows/16/job_wall_ms/59	float	1001.456411
/rows/16/job_wall_ms/60	float	1001.154236
/rows/16/job_wall_ms/61	float	1002.669487
/rows/16/job_wall_ms/62	float	1002.215739
/rows/16/job_wall_ms/63	float	1002.226771
/rows/16/job_wall_ms/64	float	1002.180043
/rows/16/job_wall_ms/65	float	1001.449197
/rows/16/job_wall_ms/66	float	1001.585803
/rows/16/job_wall_ms/67	float	1002.382601
/rows/16/job_wall_ms/68	float	1002.548722
/rows/16/job_wall_ms/69	float	1002.618262
/rows/16/job_wall_ms/70	float	1002.245676
/rows/16/job_wall_ms/71	float	1002.527031
/rows/16/job_wall_ms/72	float	1002.359509
/rows/16/job_wall_ms/73	float	1002.61225
/rows/16/job_wall_ms/74	float	1002.098951
/rows/16/job_wall_ms/75	float	1001.281545
/rows/16/job_wall_ms/76	float	1001.675681
/rows/16/job_wall_ms/77	float	1001.171829
/rows/16/job_wall_ms/78	float	1001.468954
/rows/16/job_wall_ms/79	float	1001.461982
/rows/16/job_wall_ms/80	float	1001.459818
/rows/16/job_wall_ms/81	float	1001.231561
/rows/16/job_wall_ms/82	float	1002.636316
/rows/16/job_wall_ms/83	float	1002.254061
/rows/16/job_wall_ms/84	float	1002.292363
/rows/16/job_wall_ms/85	float	1002.623171
/rows/16/job_wall_ms/86	float	1002.088011
/rows/16/job_wall_ms/87	float	1002.416705
/rows/16/job_wall_ms/88	float	1002.070448
/rows/16/job_wall_ms/89	float	1002.297693
/rows/16/job_wall_ms/90	float	1002.429759
/rows/16/job_wall_ms/91	float	1003.12069
/rows/16/job_wall_ms/92	float	1002.327358
/rows/16/job_wall_ms/93	float	1002.150217
/rows/16/job_wall_ms/94	float	1002.836108
/rows/16/job_wall_ms/95	float	1002.817643
/rows/16/job_wall_ms/96	float	1002.236569
/rows/16/job_wall_ms/97	float	1002.336555
/rows/16/job_wall_ms/98	float	1002.711145
/rows/16/job_wall_ms/99	float	1002.701838
/rows/16/job_wall_ms/100	float	1002.033258
/rows/16/job_wall_ms/101	float	1002.948168
/rows/16/job_wall_ms/102	float	1002.681509
/rows/16/job_wall_ms/103	float	1002.494891
/rows/16/job_wall_ms/104	float	1002.015426
/rows/16/job_wall_ms/105	float	1002.418168
/rows/16/job_wall_ms/106	float	1002.381089
/rows/16/job_wall_ms/107	float	1002.475885
/rows/16/job_wall_ms/108	float	1002.259311
/rows/16/job_wall_ms/109	float	1002.848141
/rows/16/job_wall_ms/110	float	1002.324513
/rows/16/job_wall_ms/111	float	1002.614595
/rows/16/job_wall_ms/112	float	1002.188429
/rows/16/job_wall_ms/113	float	1002.727506
/rows/16/job_wall_ms/114	float	1002.433617
/rows/16/job_wall_ms/115	float	1002.482759
/rows/16/job_wall_ms/116	float	1002.788219
/rows/16/job_wall_ms/117	float	1002.229365
/rows/16/job_wall_ms/118	float	1001.925948
/rows/16/job_wall_ms/119	float	1001.700737
/rows/16/job_wall_ms/120	float	1002.522582
/rows/16/job_wall_ms/121	float	1001.533355
/rows/16/job_wall_ms/122	float	1001.234146
/rows/16/job_wall_ms/123	float	1002.3123
/rows/16/job_wall_ms/124	float	1002.405975
/rows/16/job_wall_ms/125	float	1002.545285
/rows/16/job_wall_ms/126	float	1002.107216
/rows/16/job_wall_ms/127	float	1002.087469
/rows/16/memory_sampling_interval_ms	integer	20
/rows/16/peak_tree_processes	integer	128
/rows/16/peak_tree_rss_kib	integer	274336
/rows/16/suite	string	density
/rows/16/trial	integer	1
/rows/16/wall_ms	float	1038.514592
/rows/16/workload	string	hold-1s
/rows/17	object	-
/rows/17/backend	string	native
/rows/17/child_cpu_ms	float	86.16000000000045
/rows/17/completed	integer	128
/rows/17/concurrency	integer	128
/rows/17/correctness	string	passed
/rows/17/job_wall_ms	array	-
/rows/17/job_wall_ms/0	float	1002.25879
/rows/17/job_wall_ms/1	float	1002.30661
/rows/17/job_wall_ms/2	float	1002.846999
/rows/17/job_wall_ms/3	float	1002.651824
/rows/17/job_wall_ms/4	float	1002.437885
/rows/17/job_wall_ms/5	float	1001.764617
/rows/17/job_wall_ms/6	float	1002.28567
/rows/17/job_wall_ms/7	float	1001.52518
/rows/17/job_wall_ms/8	float	1001.269763
/rows/17/job_wall_ms/9	float	1001.259062
/rows/17/job_wall_ms/10	float	1002.813997
/rows/17/job_wall_ms/11	float	1002.481927
/rows/17/job_wall_ms/12	float	1002.416023
/rows/17/job_wall_ms/13	float	1002.846387
/rows/17/job_wall_ms/14	float	1002.359078
/rows/17/job_wall_ms/15	float	1001.162893
/rows/17/job_wall_ms/16	float	1001.353429
/rows/17/job_wall_ms/17	float	1001.125443
/rows/17/job_wall_ms/18	float	1001.380399
/rows/17/job_wall_ms/19	float	1001.359279
/rows/17/job_wall_ms/20	float	1002.252299
/rows/17/job_wall_ms/21	float	1002.608184
/rows/17/job_wall_ms/22	float	1002.055391
/rows/17/job_wall_ms/23	float	1002.432135
/rows/17/job_wall_ms/24	float	1001.336518
/rows/17/job_wall_ms/25	float	1001.151542
/rows/17/job_wall_ms/26	float	1001.624575
/rows/17/job_wall_ms/27	float	1001.525791
/rows/17/job_wall_ms/28	float	1001.266057
/rows/17/job_wall_ms/29	float	1001.567248
/rows/17/job_wall_ms/30	float	1003.15261
/rows/17/job_wall_ms/31	float	1002.329703
/rows/17/job_wall_ms/32	float	1002.029472
/rows/17/job_wall_ms/33	float	1001.077724
/rows/17/job_wall_ms/34	float	1002.334862
/rows/17/job_wall_ms/35	float	1002.596571
/rows/17/job_wall_ms/36	float	1002.142292
/rows/17/job_wall_ms/37	float	1001.26853
/rows/17/job_wall_ms/38	float	1001.033271
/rows/17/job_wall_ms/39	float	1002.208647
/rows/17/job_wall_ms/40	float	1002.374426
/rows/17/job_wall_ms/41	float	1001.590402
/rows/17/job_wall_ms/42	float	1001.516995
/rows/17/job_wall_ms/43	float	1001.710305
/rows/17/job_wall_ms/44	float	1001.89993
/rows/17/job_wall_ms/45	float	1002.562217
/rows/17/job_wall_ms/46	float	1002.300869
/rows/17/job_wall_ms/47	float	1002.88514
/rows/17/job_wall_ms/48	float	1001.032489
/rows/17/job_wall_ms/49	float	1002.723578
/rows/17/job_wall_ms/50	float	1003.198766
/rows/17/job_wall_ms/51	float	1002.686969
/rows/17/job_wall_ms/52	float	1002.190212
/rows/17/job_wall_ms/53	float	1001.576726
/rows/17/job_wall_ms/54	float	1002.458683
/rows/17/job_wall_ms/55	float	1001.556568
/rows/17/job_wall_ms/56	float	1001.414423
/rows/17/job_wall_ms/57	float	1002.51
/rows/17/job_wall_ms/58	float	1001.799853
/rows/17/job_wall_ms/59	float	1001.179845
/rows/17/job_wall_ms/60	float	1001.601092
/rows/17/job_wall_ms/61	float	1002.386057
/rows/17/job_wall_ms/62	float	1002.18407
/rows/17/job_wall_ms/63	float	1001.192007
/rows/17/job_wall_ms/64	float	1002.091959
/rows/17/job_wall_ms/65	float	1002.276894
/rows/17/job_wall_ms/66	float	1002.487758
/rows/17/job_wall_ms/67	float	1002.215469
/rows/17/job_wall_ms/68	float	1002.883117
/rows/17/job_wall_ms/69	float	1003.840645
/rows/17/job_wall_ms/70	float	1002.268177
/rows/17/job_wall_ms/71	float	1001.226351
/rows/17/job_wall_ms/72	float	1001.368126
/rows/17/job_wall_ms/73	float	1002.55285
/rows/17/job_wall_ms/74	float	1001.916141
/rows/17/job_wall_ms/75	float	1002.26911
/rows/17/job_wall_ms/76	float	1001.24133
/rows/17/job_wall_ms/77	float	1003.787014
/rows/17/job_wall_ms/78	float	1002.88486
/rows/17/job_wall_ms/79	float	1001.873671
/rows/17/job_wall_ms/80	float	1002.407849
/rows/17/job_wall_ms/81	float	1002.077091
/rows/17/job_wall_ms/82	float	1002.461248
/rows/17/job_wall_ms/83	float	1002.655441
/rows/17/job_wall_ms/84	float	1002.227481
/rows/17/job_wall_ms/85	float	1001.501555
/rows/17/job_wall_ms/86	float	1002.3927
/rows/17/job_wall_ms/87	float	1002.197586
/rows/17/job_wall_ms/88	float	1001.499151
/rows/17/job_wall_ms/89	float	1002.294978
/rows/17/job_wall_ms/90	float	1001.239416
/rows/17/job_wall_ms/91	float	1001.078205
/rows/17/job_wall_ms/92	float	1002.33899
/rows/17/job_wall_ms/93	float	1002.429489
/rows/17/job_wall_ms/94	float	1001.296342
/rows/17/job_wall_ms/95	float	1002.102408
/rows/17/job_wall_ms/96	float	1001.724151
/rows/17/job_wall_ms/97	float	1002.157621
/rows/17/job_wall_ms/98	float	1001.457052
/rows/17/job_wall_ms/99	float	1001.447033
/rows/17/job_wall_ms/100	float	1001.377023
/rows/17/job_wall_ms/101	float	1001.5944
/rows/17/job_wall_ms/102	float	1001.496737
/rows/17/job_wall_ms/103	float	1003.064365
/rows/17/job_wall_ms/104	float	1002.56365
/rows/17/job_wall_ms/105	float	1002.821952
/rows/17/job_wall_ms/106	float	1001.302925
/rows/17/job_wall_ms/107	float	1001.781699
/rows/17/job_wall_ms/108	float	1001.998814
/rows/17/job_wall_ms/109	float	1001.520862
/rows/17/job_wall_ms/110	float	1001.916951
/rows/17/job_wall_ms/111	float	1001.20958
/rows/17/job_wall_ms/112	float	1001.517615
/rows/17/job_wall_ms/113	float	1002.038017
/rows/17/job_wall_ms/114	float	1001.083214
/rows/17/job_wall_ms/115	float	1002.197616
/rows/17/job_wall_ms/116	float	1002.794932
/rows/17/job_wall_ms/117	float	1002.259231
/rows/17/job_wall_ms/118	float	1002.427465
/rows/17/job_wall_ms/119	float	1002.173441
/rows/17/job_wall_ms/120	float	1002.74073
/rows/17/job_wall_ms/121	float	1002.033559
/rows/17/job_wall_ms/122	float	1002.38746
/rows/17/job_wall_ms/123	float	1002.490072
/rows/17/job_wall_ms/124	float	1002.467018
/rows/17/job_wall_ms/125	float	1002.823314
/rows/17/job_wall_ms/126	float	1002.372974
/rows/17/job_wall_ms/127	float	1002.289096
/rows/17/memory_sampling_interval_ms	integer	20
/rows/17/peak_tree_processes	integer	128
/rows/17/peak_tree_rss_kib	integer	272088
/rows/17/suite	string	density
/rows/17/trial	integer	2
/rows/17/wall_ms	float	1037.890697
/rows/17/workload	string	hold-1s
/rows/18	object	-
/rows/18/backend	string	native
/rows/18/child_cpu_ms	float	86.55699999999955
/rows/18/completed	integer	128
/rows/18/concurrency	integer	128
/rows/18/correctness	string	passed
/rows/18/job_wall_ms	array	-
/rows/18/job_wall_ms/0	float	1002.553831
/rows/18/job_wall_ms/1	float	1001.579041
/rows/18/job_wall_ms/2	float	1002.264761
/rows/18/job_wall_ms/3	float	1001.324996
/rows/18/job_wall_ms/4	float	1001.456892
/rows/18/job_wall_ms/5	float	1001.384317
/rows/18/job_wall_ms/6	float	1001.243444
/rows/18/job_wall_ms/7	float	1001.291272
/rows/18/job_wall_ms/8	float	1002.64466
/rows/18/job_wall_ms/9	float	1002.155056
/rows/18/job_wall_ms/10	float	1002.227411
/rows/18/job_wall_ms/11	float	1002.51016
/rows/18/job_wall_ms/12	float	1001.094806
/rows/18/job_wall_ms/13	float	1001.397761
/rows/18/job_wall_ms/14	float	1001.420154
/rows/18/job_wall_ms/15	float	1001.537884
/rows/18/job_wall_ms/16	float	1001.624215
/rows/18/job_wall_ms/17	float	1002.214637
/rows/18/job_wall_ms/18	float	1001.126104
/rows/18/job_wall_ms/19	float	1001.315138
/rows/18/job_wall_ms/20	float	1001.282607
/rows/18/job_wall_ms/21	float	1001.410045
/rows/18/job_wall_ms/22	float	1002.727856
/rows/18/job_wall_ms/23	float	1002.812485
/rows/18/job_wall_ms/24	float	1001.288127
/rows/18/job_wall_ms/25	float	1002.584679
/rows/18/job_wall_ms/26	float	1002.025333
/rows/18/job_wall_ms/27	float	1001.008735
/rows/18/job_wall_ms/28	float	1001.49313
/rows/18/job_wall_ms/29	float	1001.593206
/rows/18/job_wall_ms/30	float	1001.027449
/rows/18/job_wall_ms/31	float	1001.33813
/rows/18/job_wall_ms/32	float	1002.465917
/rows/18/job_wall_ms/33	float	1002.596611
/rows/18/job_wall_ms/34	float	1003.125959
/rows/18/job_wall_ms/35	float	1001.334163
/rows/18/job_wall_ms/36	float	1002.439077
/rows/18/job_wall_ms/37	float	1001.420334
/rows/18/job_wall_ms/38	float	1001.142535
/rows/18/job_wall_ms/39	float	1001.278719
/rows/18/job_wall_ms/40	float	1001.603956
/rows/18/job_wall_ms/41	float	1002.600669
/rows/18/job_wall_ms/42	float	1001.341597
/rows/18/job_wall_ms/43	float	1001.593567
/rows/18/job_wall_ms/44	float	1002.423738
/rows/18/job_wall_ms/45	float	1001.462282
/rows/18/job_wall_ms/46	float	1001.083224
/rows/18/job_wall_ms/47	float	1002.240926
/rows/18/job_wall_ms/48	float	1002.199249
/rows/18/job_wall_ms/49	float	1002.235146
/rows/18/job_wall_ms/50	float	1002.370649
/rows/18/job_wall_ms/51	float	1002.283577
/rows/18/job_wall_ms/52	float	1001.187038
/rows/18/job_wall_ms/53	float	1002.494651
/rows/18/job_wall_ms/54	float	1002.447412
/rows/18/job_wall_ms/55	float	1001.454818
/rows/18/job_wall_ms/56	float	1002.29104
/rows/18/job_wall_ms/57	float	1002.130781
/rows/18/job_wall_ms/58	float	1001.192138
/rows/18/job_wall_ms/59	float	1002.201744
/rows/18/job_wall_ms/60	float	1002.187957
/rows/18/job_wall_ms/61	float	1002.188248
/rows/18/job_wall_ms/62	float	1002.20497
/rows/18/job_wall_ms/63	float	1002.034812
/rows/18/job_wall_ms/64	float	1000.985672
/rows/18/job_wall_ms/65	float	1001.12949
/rows/18/job_wall_ms/66	float	1001.516924
/rows/18/job_wall_ms/67	float	1001.414784
/rows/18/job_wall_ms/68	float	1002.496715
/rows/18/job_wall_ms/69	float	1002.658106
/rows/18/job_wall_ms/70	float	1003.601337
/rows/18/job_wall_ms/71	float	1001.410846
/rows/18/job_wall_ms/72	float	1001.156331
/rows/18/job_wall_ms/73	float	1002.145158
/rows/18/job_wall_ms/74	float	1002.09259
/rows/18/job_wall_ms/75	float	1001.409273
/rows/18/job_wall_ms/76	float	1002.032447
/rows/18/job_wall_ms/77	float	1001.662326
/rows/18/job_wall_ms/78	float	1002.720803
/rows/18/job_wall_ms/79	float	1003.365948
/rows/18/job_wall_ms/80	float	1003.46902
/rows/18/job_wall_ms/81	float	1001.718811
/rows/18/job_wall_ms/82	float	1003.13693
/rows/18/job_wall_ms/83	float	1002.278376
/rows/18/job_wall_ms/84	float	1002.666922
/rows/18/job_wall_ms/85	float	1004.795859
/rows/18/job_wall_ms/86	float	1001.121866
/rows/18/job_wall_ms/87	float	1003.082158
/rows/18/job_wall_ms/88	float	1001.171008
/rows/18/job_wall_ms/89	float	1003.27014
/rows/18/job_wall_ms/90	float	1002.42486
/rows/18/job_wall_ms/91	float	1002.148905
/rows/18/job_wall_ms/92	float	1003.173048
/rows/18/job_wall_ms/93	float	1002.817925
/rows/18/job_wall_ms/94	float	1001.320578
/rows/18/job_wall_ms/95	float	1002.449917
/rows/18/job_wall_ms/96	float	1001.88397
/rows/18/job_wall_ms/97	float	1001.025306
/rows/18/job_wall_ms/98	float	1004.310763
/rows/18/job_wall_ms/99	float	1002.629161
/rows/18/job_wall_ms/100	float	1003.049146
/rows/18/job_wall_ms/101	float	1001.738809
/rows/18/job_wall_ms/102	float	1002.424409
/rows/18/job_wall_ms/103	float	1001.388805
/rows/18/job_wall_ms/104	float	1001.223116
/rows/18/job_wall_ms/105	float	1001.240989
/rows/18/job_wall_ms/106	float	1003.742391
/rows/18/job_wall_ms/107	float	1002.76712
/rows/18/job_wall_ms/108	float	1002.080898
/rows/18/job_wall_ms/109	float	1002.731894
/rows/18/job_wall_ms/110	float	1003.133183
/rows/18/job_wall_ms/111	float	1003.223492
/rows/18/job_wall_ms/112	float	1003.220446
/rows/18/job_wall_ms/113	float	1003.937756
/rows/18/job_wall_ms/114	float	1003.353274
/rows/18/job_wall_ms/115	float	1002.9818
/rows/18/job_wall_ms/116	float	1002.164864
/rows/18/job_wall_ms/117	float	1002.48371
/rows/18/job_wall_ms/118	float	1001.268019
/rows/18/job_wall_ms/119	float	1001.679297
/rows/18/job_wall_ms/120	float	1002.681129
/rows/18/job_wall_ms/121	float	1002.330494
/rows/18/job_wall_ms/122	float	1002.714221
/rows/18/job_wall_ms/123	float	1002.355831
/rows/18/job_wall_ms/124	float	1002.010026
/rows/18/job_wall_ms/125	float	1002.07713
/rows/18/job_wall_ms/126	float	1002.049409
/rows/18/job_wall_ms/127	float	1002.429468
/rows/18/memory_sampling_interval_ms	integer	20
/rows/18/peak_tree_processes	integer	128
/rows/18/peak_tree_rss_kib	integer	273356
/rows/18/suite	string	density
/rows/18/trial	integer	3
/rows/18/wall_ms	float	1038.97389
/rows/18/workload	string	hold-1s
/rows/19	object	-
/rows/19/backend	string	native
/rows/19/child_cpu_ms	float	87.76099999999998
/rows/19/completed	integer	128
/rows/19/concurrency	integer	128
/rows/19/correctness	string	passed
/rows/19/job_wall_ms	array	-
/rows/19/job_wall_ms/0	float	1002.33904
/rows/19/job_wall_ms/1	float	1002.286211
/rows/19/job_wall_ms/2	float	1002.187808
/rows/19/job_wall_ms/3	float	1003.028988
/rows/19/job_wall_ms/4	float	1002.206893
/rows/19/job_wall_ms/5	float	1002.15207
/rows/19/job_wall_ms/6	float	1002.276212
/rows/19/job_wall_ms/7	float	1001.884881
/rows/19/job_wall_ms/8	float	1001.050683
/rows/19/job_wall_ms/9	float	1001.205994
/rows/19/job_wall_ms/10	float	1001.52557
/rows/19/job_wall_ms/11	float	1001.301261
/rows/19/job_wall_ms/12	float	1002.633159
/rows/19/job_wall_ms/13	float	1002.507154
/rows/19/job_wall_ms/14	float	1001.382383
/rows/19/job_wall_ms/15	float	1001.217735
/rows/19/job_wall_ms/16	float	1001.339223
/rows/19/job_wall_ms/17	float	1001.531171
/rows/19/job_wall_ms/18	float	1001.318103
/rows/19/job_wall_ms/19	float	1002.374456
/rows/19/job_wall_ms/20	float	1001.294879
/rows/19/job_wall_ms/21	float	1002.455427
/rows/19/job_wall_ms/22	float	1001.158805
/rows/19/job_wall_ms/23	float	1001.673657
/rows/19/job_wall_ms/24	float	1001.035065
/rows/19/job_wall_ms/25	float	1001.720945
/rows/19/job_wall_ms/26	float	1001.386922
/rows/19/job_wall_ms/27	float	1002.140058
/rows/19/job_wall_ms/28	float	1001.674468
/rows/19/job_wall_ms/29	float	1001.568731
/rows/19/job_wall_ms/30	float	1001.676473
/rows/19/job_wall_ms/31	float	1001.20949
/rows/19/job_wall_ms/32	float	1002.220289
/rows/19/job_wall_ms/33	float	1002.227221
/rows/19/job_wall_ms/34	float	1002.605378
/rows/19/job_wall_ms/35	float	1002.548171
/rows/19/job_wall_ms/36	float	1002.305828
/rows/19/job_wall_ms/37	float	1002.876984
/rows/19/job_wall_ms/38	float	1002.046724
/rows/19/job_wall_ms/39	float	1003.342234
/rows/19/job_wall_ms/40	float	1002.100505
/rows/19/job_wall_ms/41	float	1001.038811
/rows/19/job_wall_ms/42	float	1001.438238
/rows/19/job_wall_ms/43	float	1002.45723
/rows/19/job_wall_ms/44	float	1002.523514
/rows/19/job_wall_ms/45	float	1001.502277
/rows/19/job_wall_ms/46	float	1001.324205
/rows/19/job_wall_ms/47	float	1002.281793
/rows/19/job_wall_ms/48	float	1002.388552
/rows/19/job_wall_ms/49	float	1002.233874
/rows/19/job_wall_ms/50	float	1002.329883
/rows/19/job_wall_ms/51	float	1001.606081
/rows/19/job_wall_ms/52	float	1001.350413
/rows/19/job_wall_ms/53	float	1002.546738
/rows/19/job_wall_ms/54	float	1002.695997
/rows/19/job_wall_ms/55	float	1001.052507
/rows/19/job_wall_ms/56	float	1001.665943
/rows/19/job_wall_ms/57	float	1002.364027
/rows/19/job_wall_ms/58	float	1002.409732
/rows/19/job_wall_ms/59	float	1002.399272
/rows/19/job_wall_ms/60	float	1001.453836
/rows/19/job_wall_ms/61	float	1001.966093
/rows/19/job_wall_ms/62	float	1001.1773
/rows/19/job_wall_ms/63	float	1001.631528
/rows/19/job_wall_ms/64	float	1001.585943
/rows/19/job_wall_ms/65	float	1001.330686
/rows/19/job_wall_ms/66	float	1002.411456
/rows/19/job_wall_ms/67	float	1002.297843
/rows/19/job_wall_ms/68	float	1002.346965
/rows/19/job_wall_ms/69	float	1001.246229
/rows/19/job_wall_ms/70	float	1002.386178
/rows/19/job_wall_ms/71	float	1001.38087
/rows/19/job_wall_ms/72	float	1001.203349
/rows/19/job_wall_ms/73	float	1001.41836
/rows/19/job_wall_ms/74	float	1002.385286
/rows/19/job_wall_ms/75	float	1002.362193
/rows/19/job_wall_ms/76	float	1002.357254
/rows/19/job_wall_ms/77	float	1001.249555
/rows/19/job_wall_ms/78	float	1001.488732
/rows/19/job_wall_ms/79	float	1003.008511
/rows/19/job_wall_ms/80	float	1001.766079
/rows/19/job_wall_ms/81	float	1003.158881
/rows/19/job_wall_ms/82	float	1002.295448
/rows/19/job_wall_ms/83	float	1002.725141
/rows/19/job_wall_ms/84	float	1001.618393
/rows/19/job_wall_ms/85	float	1001.88436
/rows/19/job_wall_ms/86	float	1002.425992
/rows/19/job_wall_ms/87	float	1002.643409
/rows/19/job_wall_ms/88	float	1001.16657
/rows/19/job_wall_ms/89	float	1002.34462
/rows/19/job_wall_ms/90	float	1001.264633
/rows/19/job_wall_ms/91	float	1003.642164
/rows/19/job_wall_ms/92	float	1002.293424
/rows/19/job_wall_ms/93	float	1002.288966
/rows/19/job_wall_ms/94	float	1002.176917
/rows/19/job_wall_ms/95	float	1002.26965
/rows/19/job_wall_ms/96	float	1002.41398
/rows/19/job_wall_ms/97	float	1002.864852
/rows/19/job_wall_ms/98	float	1001.494001
/rows/19/job_wall_ms/99	float	1001.404224
/rows/19/job_wall_ms/100	float	1002.806714
/rows/19/job_wall_ms/101	float	1002.657124
/rows/19/job_wall_ms/102	float	1002.615266
/rows/19/job_wall_ms/103	float	1001.881656
/rows/19/job_wall_ms/104	float	1001.953901
/rows/19/job_wall_ms/105	float	1003.247357
/rows/19/job_wall_ms/106	float	1001.597043
/rows/19/job_wall_ms/107	float	1001.575594
/rows/19/job_wall_ms/108	float	1001.830489
/rows/19/job_wall_ms/109	float	1002.645672
/rows/19/job_wall_ms/110	float	1003.011846
/rows/19/job_wall_ms/111	float	1002.696408
/rows/19/job_wall_ms/112	float	1001.930567
/rows/19/job_wall_ms/113	float	1002.231699
/rows/19/job_wall_ms/114	float	1002.248191
/rows/19/job_wall_ms/115	float	1001.175206
/rows/19/job_wall_ms/116	float	1001.083134
/rows/19/job_wall_ms/117	float	1002.089063
/rows/19/job_wall_ms/118	float	1002.744297
/rows/19/job_wall_ms/119	float	1002.304095
/rows/19/job_wall_ms/120	float	1002.709372
/rows/19/job_wall_ms/121	float	1001.538335
/rows/19/job_wall_ms/122	float	1001.432346
/rows/19/job_wall_ms/123	float	1002.722446
/rows/19/job_wall_ms/124	float	1002.732875
/rows/19/job_wall_ms/125	float	1002.314424
/rows/19/job_wall_ms/126	float	1002.555885
/rows/19/job_wall_ms/127	float	1002.219447
/rows/19/memory_sampling_interval_ms	integer	20
/rows/19/peak_tree_processes	integer	128
/rows/19/peak_tree_rss_kib	integer	272836
/rows/19/suite	string	density
/rows/19/trial	integer	4
/rows/19/wall_ms	float	1038.042449
/rows/19/workload	string	hold-1s
/rows/20	object	-
/rows/20/backend	string	host
/rows/20/child_cpu_ms	float	9.614000000000011
/rows/20/completed	integer	1
/rows/20/concurrency	integer	1
/rows/20/correctness	string	passed
/rows/20/job_wall_ms	array	-
/rows/20/job_wall_ms/0	float	1022.261412
/rows/20/memory_sampling_interval_ms	integer	20
/rows/20/peak_tree_processes	integer	2
/rows/20/peak_tree_rss_kib	integer	11988
/rows/20/suite	string	density
/rows/20/trial	integer	0
/rows/20/wall_ms	float	1030.351875
/rows/20/workload	string	hold-1s
/rows/21	object	-
/rows/21/backend	string	host
/rows/21/child_cpu_ms	float	7.97900000000018
/rows/21/completed	integer	1
/rows/21/concurrency	integer	1
/rows/21/correctness	string	passed
/rows/21/job_wall_ms	array	-
/rows/21/job_wall_ms/0	float	1019.053771
/rows/21/memory_sampling_interval_ms	integer	20
/rows/21/peak_tree_processes	integer	2
/rows/21/peak_tree_rss_kib	integer	12580
/rows/21/suite	string	density
/rows/21/trial	integer	1
/rows/21/wall_ms	float	1019.815705
/rows/21/workload	string	hold-1s
/rows/22	object	-
/rows/22/backend	string	host
/rows/22/child_cpu_ms	float	8.173999999999904
/rows/22/completed	integer	1
/rows/22/concurrency	integer	1
/rows/22/correctness	string	passed
/rows/22/job_wall_ms	array	-
/rows/22/job_wall_ms/0	float	1018.917917
/rows/22/memory_sampling_interval_ms	integer	20
/rows/22/peak_tree_processes	integer	2
/rows/22/peak_tree_rss_kib	integer	12472
/rows/22/suite	string	density
/rows/22/trial	integer	2
/rows/22/wall_ms	float	1019.574564
/rows/22/workload	string	hold-1s
/rows/23	object	-
/rows/23/backend	string	host
/rows/23/child_cpu_ms	float	7.604000000000166
/rows/23/completed	integer	1
/rows/23/concurrency	integer	1
/rows/23/correctness	string	passed
/rows/23/job_wall_ms	array	-
/rows/23/job_wall_ms/0	float	1018.695832
/rows/23/memory_sampling_interval_ms	integer	20
/rows/23/peak_tree_processes	integer	2
/rows/23/peak_tree_rss_kib	integer	12432
/rows/23/suite	string	density
/rows/23/trial	integer	3
/rows/23/wall_ms	float	1019.448057
/rows/23/workload	string	hold-1s
/rows/24	object	-
/rows/24/backend	string	host
/rows/24/child_cpu_ms	float	7.623000000000157
/rows/24/completed	integer	1
/rows/24/concurrency	integer	1
/rows/24/correctness	string	passed
/rows/24/job_wall_ms	array	-
/rows/24/job_wall_ms/0	float	1018.841294
/rows/24/memory_sampling_interval_ms	integer	20
/rows/24/peak_tree_processes	integer	2
/rows/24/peak_tree_rss_kib	integer	12156
/rows/24/suite	string	density
/rows/24/trial	integer	4
/rows/24/wall_ms	float	1019.437368
/rows/24/workload	string	hold-1s
/rows/25	object	-
/rows/25/backend	string	host
/rows/25/child_cpu_ms	float	55.347999999999956
/rows/25/completed	integer	8
/rows/25/concurrency	integer	8
/rows/25/correctness	string	passed
/rows/25/job_wall_ms	array	-
/rows/25/job_wall_ms/0	float	1019.88334
/rows/25/job_wall_ms/1	float	1019.737658
/rows/25/job_wall_ms/2	float	1019.870386
/rows/25/job_wall_ms/3	float	1019.978949
/rows/25/job_wall_ms/4	float	1019.550639
/rows/25/job_wall_ms/5	float	1019.460891
/rows/25/job_wall_ms/6	float	1019.34231
/rows/25/job_wall_ms/7	float	1018.889654
/rows/25/memory_sampling_interval_ms	integer	20
/rows/25/peak_tree_processes	integer	16
/rows/25/peak_tree_rss_kib	integer	97512
/rows/25/suite	string	density
/rows/25/trial	integer	0
/rows/25/wall_ms	float	1022.381697
/rows/25/workload	string	hold-1s
/rows/26	object	-
/rows/26/backend	string	host
/rows/26/child_cpu_ms	float	52.74199999999985
/rows/26/completed	integer	8
/rows/26/concurrency	integer	8
/rows/26/correctness	string	passed
/rows/26/job_wall_ms	array	-
/rows/26/job_wall_ms/0	float	1019.308417
/rows/26/job_wall_ms/1	float	1019.037631
/rows/26/job_wall_ms/2	float	1019.269534
/rows/26/job_wall_ms/3	float	1019.060673
/rows/26/job_wall_ms/4	float	1018.924559
/rows/26/job_wall_ms/5	float	1019.039043
/rows/26/job_wall_ms/6	float	1018.654094
/rows/26/job_wall_ms/7	float	1018.652491
/rows/26/memory_sampling_interval_ms	integer	20
/rows/26/peak_tree_processes	integer	16
/rows/26/peak_tree_rss_kib	integer	98176
/rows/26/suite	string	density
/rows/26/trial	integer	1
/rows/26/wall_ms	float	1021.705114
/rows/26/workload	string	hold-1s
/rows/27	object	-
/rows/27/backend	string	host
/rows/27/child_cpu_ms	float	53.53299999999983
/rows/27/completed	integer	8
/rows/27/concurrency	integer	8
/rows/27/correctness	string	passed
/rows/27/job_wall_ms	array	-
/rows/27/job_wall_ms/0	float	1019.410547
/rows/27/job_wall_ms/1	float	1019.365573
/rows/27/job_wall_ms/2	float	1019.291225
/rows/27/job_wall_ms/3	float	1019.338633
/rows/27/job_wall_ms/4	float	1019.065724
/rows/27/job_wall_ms/5	float	1018.943515
/rows/27/job_wall_ms/6	float	1019.206306
/rows/27/job_wall_ms/7	float	1018.725869
/rows/27/memory_sampling_interval_ms	integer	20
/rows/27/peak_tree_processes	integer	16
/rows/27/peak_tree_rss_kib	integer	97864
/rows/27/suite	string	density
/rows/27/trial	integer	2
/rows/27/wall_ms	float	1021.829907
/rows/27/workload	string	hold-1s
/rows/28	object	-
/rows/28/backend	string	host
/rows/28/child_cpu_ms	float	54.02599999999991
/rows/28/completed	integer	8
/rows/28/concurrency	integer	8
/rows/28/correctness	string	passed
/rows/28/job_wall_ms	array	-
/rows/28/job_wall_ms/0	float	1019.433901
/rows/28/job_wall_ms/1	float	1019.541051
/rows/28/job_wall_ms/2	float	1019.330257
/rows/28/job_wall_ms/3	float	1019.389528
/rows/28/job_wall_ms/4	float	1019.209752
/rows/28/job_wall_ms/5	float	1019.510765
/rows/28/job_wall_ms/6	float	1018.933226
/rows/28/job_wall_ms/7	float	1019.418502
/rows/28/memory_sampling_interval_ms	integer	20
/rows/28/peak_tree_processes	integer	16
/rows/28/peak_tree_rss_kib	integer	97580
/rows/28/suite	string	density
/rows/28/trial	integer	3
/rows/28/wall_ms	float	1022.227168
/rows/28/workload	string	hold-1s
/rows/29	object	-
/rows/29/backend	string	host
/rows/29/child_cpu_ms	float	54.429000000000286
/rows/29/completed	integer	8
/rows/29/concurrency	integer	8
/rows/29/correctness	string	passed
/rows/29/job_wall_ms	array	-
/rows/29/job_wall_ms/0	float	1019.45467
/rows/29/job_wall_ms/1	float	1019.153798
/rows/29/job_wall_ms/2	float	1019.702863
/rows/29/job_wall_ms/3	float	1018.810437
/rows/29/job_wall_ms/4	float	1019.325799
/rows/29/job_wall_ms/5	float	1019.13324
/rows/29/job_wall_ms/6	float	1018.747549
/rows/29/job_wall_ms/7	float	1018.57111
/rows/29/memory_sampling_interval_ms	integer	20
/rows/29/peak_tree_processes	integer	16
/rows/29/peak_tree_rss_kib	integer	97468
/rows/29/suite	string	density
/rows/29/trial	integer	4
/rows/29/wall_ms	float	1026.886322
/rows/29/workload	string	hold-1s
/rows/30	object	-
/rows/30/backend	string	host
/rows/30/child_cpu_ms	float	243.03200000000035
/rows/30/completed	integer	32
/rows/30/concurrency	integer	32
/rows/30/correctness	string	passed
/rows/30/job_wall_ms	array	-
/rows/30/job_wall_ms/0	float	1020.061713
/rows/30/job_wall_ms/1	float	1020.620727
/rows/30/job_wall_ms/2	float	1019.986843
/rows/30/job_wall_ms/3	float	1020.12436
/rows/30/job_wall_ms/4	float	1019.644254
/rows/30/job_wall_ms/5	float	1019.843135
/rows/30/job_wall_ms/6	float	1019.86732
/rows/30/job_wall_ms/7	float	1020.875815
/rows/30/job_wall_ms/8	float	1019.79173
/rows/30/job_wall_ms/9	float	1019.726217
/rows/30/job_wall_ms/10	float	1020.941117
/rows/30/job_wall_ms/11	float	1020.64863
/rows/30/job_wall_ms/12	float	1020.064449
/rows/30/job_wall_ms/13	float	1020.50386
/rows/30/job_wall_ms/14	float	1019.834349
/rows/30/job_wall_ms/15	float	1020.176448
/rows/30/job_wall_ms/16	float	1020.648911
/rows/30/job_wall_ms/17	float	1020.653399
/rows/30/job_wall_ms/18	float	1020.818568
/rows/30/job_wall_ms/19	float	1020.786768
/rows/30/job_wall_ms/20	float	1019.799454
/rows/30/job_wall_ms/21	float	1020.080228
/rows/30/job_wall_ms/22	float	1019.657708
/rows/30/job_wall_ms/23	float	1019.317002
/rows/30/job_wall_ms/24	float	1018.964734
/rows/30/job_wall_ms/25	float	1020.769075
/rows/30/job_wall_ms/26	float	1018.663322
/rows/30/job_wall_ms/27	float	1019.553144
/rows/30/job_wall_ms/28	float	1020.004568
/rows/30/job_wall_ms/29	float	1019.967608
/rows/30/job_wall_ms/30	float	1019.710788
/rows/30/job_wall_ms/31	float	1019.993436
/rows/30/memory_sampling_interval_ms	integer	20
/rows/30/peak_tree_processes	integer	64
/rows/30/peak_tree_rss_kib	integer	393012
/rows/30/suite	string	density
/rows/30/trial	integer	0
/rows/30/wall_ms	float	1045.572544
/rows/30/workload	string	hold-1s
/rows/31	object	-
/rows/31/backend	string	host
/rows/31/child_cpu_ms	float	233.87899999999905
/rows/31/completed	integer	32
/rows/31/concurrency	integer	32
/rows/31/correctness	string	passed
/rows/31/job_wall_ms	array	-
/rows/31/job_wall_ms/0	float	1020.539627
/rows/31/job_wall_ms/1	float	1019.68472
/rows/31/job_wall_ms/2	float	1020.909929
/rows/31/job_wall_ms/3	float	1019.971406
/rows/31/job_wall_ms/4	float	1020.078796
/rows/31/job_wall_ms/5	float	1019.213409
/rows/31/job_wall_ms/6	float	1020.042417
/rows/31/job_wall_ms/7	float	1019.005461
/rows/31/job_wall_ms/8	float	1019.837595
/rows/31/job_wall_ms/9	float	1020.122918
/rows/31/job_wall_ms/10	float	1019.253444
/rows/31/job_wall_ms/11	float	1019.688546
/rows/31/job_wall_ms/12	float	1019.698214
/rows/31/job_wall_ms/13	float	1020.648059
/rows/31/job_wall_ms/14	float	1019.569324
/rows/31/job_wall_ms/15	float	1020.642208
/rows/31/job_wall_ms/16	float	1019.592628
/rows/31/job_wall_ms/17	float	1021.389323
/rows/31/job_wall_ms/18	float	1021.597342
/rows/31/job_wall_ms/19	float	1021.107127
/rows/31/job_wall_ms/20	float	1020.674227
/rows/31/job_wall_ms/21	float	1020.326178
/rows/31/job_wall_ms/22	float	1020.123399
/rows/31/job_wall_ms/23	float	1019.62633
/rows/31/job_wall_ms/24	float	1018.879937
/rows/31/job_wall_ms/25	float	1019.304349
/rows/31/job_wall_ms/26	float	1020.003575
/rows/31/job_wall_ms/27	float	1019.973839
/rows/31/job_wall_ms/28	float	1019.912956
/rows/31/job_wall_ms/29	float	1019.406088
/rows/31/job_wall_ms/30	float	1019.595022
/rows/31/job_wall_ms/31	float	1019.184165
/rows/31/memory_sampling_interval_ms	integer	20
/rows/31/peak_tree_processes	integer	64
/rows/31/peak_tree_rss_kib	integer	392560
/rows/31/suite	string	density
/rows/31/trial	integer	1
/rows/31/wall_ms	float	1048.280283
/rows/31/workload	string	hold-1s
/rows/32	object	-
/rows/32/backend	string	host
/rows/32/child_cpu_ms	float	229.9199999999999
/rows/32/completed	integer	32
/rows/32/concurrency	integer	32
/rows/32/correctness	string	passed
/rows/32/job_wall_ms	array	-
/rows/32/job_wall_ms/0	float	1019.356066
/rows/32/job_wall_ms/1	float	1019.493512
/rows/32/job_wall_ms/2	float	1019.26717
/rows/32/job_wall_ms/3	float	1019.374149
/rows/32/job_wall_ms/4	float	1019.147797
/rows/32/job_wall_ms/5	float	1019.852283
/rows/32/job_wall_ms/6	float	1019.402051
/rows/32/job_wall_ms/7	float	1020.144869
/rows/32/job_wall_ms/8	float	1018.868605
/rows/32/job_wall_ms/9	float	1020.028862
/rows/32/job_wall_ms/10	float	1019.464769
/rows/32/job_wall_ms/11	float	1019.804604
/rows/32/job_wall_ms/12	float	1020.087892
/rows/32/job_wall_ms/13	float	1019.646658
/rows/32/job_wall_ms/14	float	1020.817275
/rows/32/job_wall_ms/15	float	1020.512916
/rows/32/job_wall_ms/16	float	1020.828807
/rows/32/job_wall_ms/17	float	1019.336589
/rows/32/job_wall_ms/18	float	1021.255123
/rows/32/job_wall_ms/19	float	1019.948452
/rows/32/job_wall_ms/20	float	1020.78248
/rows/32/job_wall_ms/21	float	1020.222644
/rows/32/job_wall_ms/22	float	1020.527103
/rows/32/job_wall_ms/23	float	1019.322913
/rows/32/job_wall_ms/24	float	1019.681172
/rows/32/job_wall_ms/25	float	1020.567869
/rows/32/job_wall_ms/26	float	1018.646079
/rows/32/job_wall_ms/27	float	1019.885094
/rows/32/job_wall_ms/28	float	1019.896495
/rows/32/job_wall_ms/29	float	1020.127337
/rows/32/job_wall_ms/30	float	1019.389468
/rows/32/job_wall_ms/31	float	1019.268493
/rows/32/memory_sampling_interval_ms	integer	20
/rows/32/peak_tree_processes	integer	64
/rows/32/peak_tree_rss_kib	integer	391956
/rows/32/suite	string	density
/rows/32/trial	integer	2
/rows/32/wall_ms	float	1037.48013
/rows/32/workload	string	hold-1s
/rows/33	object	-
/rows/33/backend	string	host
/rows/33/child_cpu_ms	float	230.51700000000073
/rows/33/completed	integer	32
/rows/33/concurrency	integer	32
/rows/33/correctness	string	passed
/rows/33/job_wall_ms	array	-
/rows/33/job_wall_ms/0	float	1019.248294
/rows/33/job_wall_ms/1	float	1019.306583
/rows/33/job_wall_ms/2	float	1019.269534
/rows/33/job_wall_ms/3	float	1019.742377
/rows/33/job_wall_ms/4	float	1019.322553
/rows/33/job_wall_ms/5	float	1019.944626
/rows/33/job_wall_ms/6	float	1020.093022
/rows/33/job_wall_ms/7	float	1019.634265
/rows/33/job_wall_ms/8	float	1020.264543
/rows/33/job_wall_ms/9	float	1019.571849
/rows/33/job_wall_ms/10	float	1019.858254
/rows/33/job_wall_ms/11	float	1020.289669
/rows/33/job_wall_ms/12	float	1020.802087
/rows/33/job_wall_ms/13	float	1019.481289
/rows/33/job_wall_ms/14	float	1021.132254
/rows/33/job_wall_ms/15	float	1019.150452
/rows/33/job_wall_ms/16	float	1019.495216
/rows/33/job_wall_ms/17	float	1020.429351
/rows/33/job_wall_ms/18	float	1021.503868
/rows/33/job_wall_ms/19	float	1020.682192
/rows/33/job_wall_ms/20	float	1020.807025
/rows/33/job_wall_ms/21	float	1020.468083
/rows/33/job_wall_ms/22	float	1019.563333
/rows/33/job_wall_ms/23	float	1021.289558
/rows/33/job_wall_ms/24	float	1021.961362
/rows/33/job_wall_ms/25	float	1018.98366
/rows/33/job_wall_ms/26	float	1021.380788
/rows/33/job_wall_ms/27	float	1020.977494
/rows/33/job_wall_ms/28	float	1019.809342
/rows/33/job_wall_ms/29	float	1019.81359
/rows/33/job_wall_ms/30	float	1020.688314
/rows/33/job_wall_ms/31	float	1020.492479
/rows/33/memory_sampling_interval_ms	integer	20
/rows/33/peak_tree_processes	integer	64
/rows/33/peak_tree_rss_kib	integer	392564
/rows/33/suite	string	density
/rows/33/trial	integer	3
/rows/33/wall_ms	float	1035.934072
/rows/33/workload	string	hold-1s
/rows/34	object	-
/rows/34/backend	string	host
/rows/34/child_cpu_ms	float	230.61700000000053
/rows/34/completed	integer	32
/rows/34/concurrency	integer	32
/rows/34/correctness	string	passed
/rows/34/job_wall_ms	array	-
/rows/34/job_wall_ms/0	float	1019.362418
/rows/34/job_wall_ms/1	float	1019.339024
/rows/34/job_wall_ms/2	float	1019.500696
/rows/34/job_wall_ms/3	float	1019.765821
/rows/34/job_wall_ms/4	float	1019.070091
/rows/34/job_wall_ms/5	float	1019.914979
/rows/34/job_wall_ms/6	float	1019.087393
/rows/34/job_wall_ms/7	float	1020.488601
/rows/34/job_wall_ms/8	float	1021.180384
/rows/34/job_wall_ms/9	float	1020.200804
/rows/34/job_wall_ms/10	float	1020.19337
/rows/34/job_wall_ms/11	float	1019.820523
/rows/34/job_wall_ms/12	float	1019.912596
/rows/34/job_wall_ms/13	float	1019.787872
/rows/34/job_wall_ms/14	float	1020.412549
/rows/34/job_wall_ms/15	float	1020.225259
/rows/34/job_wall_ms/16	float	1019.741956
/rows/34/job_wall_ms/17	float	1020.603095
/rows/34/job_wall_ms/18	float	1020.826993
/rows/34/job_wall_ms/19	float	1019.40611
/rows/34/job_wall_ms/20	float	1019.420215
/rows/34/job_wall_ms/21	float	1019.859085
/rows/34/job_wall_ms/22	float	1020.181437
/rows/34/job_wall_ms/23	float	1019.012263
/rows/34/job_wall_ms/24	float	1019.450712
/rows/34/job_wall_ms/25	float	1019.708354
/rows/34/job_wall_ms/26	float	1020.184554
/rows/34/job_wall_ms/27	float	1018.850191
/rows/34/job_wall_ms/28	float	1019.983939
/rows/34/job_wall_ms/29	float	1019.292778
/rows/34/job_wall_ms/30	float	1019.56705
/rows/34/job_wall_ms/31	float	1019.087314
/rows/34/memory_sampling_interval_ms	integer	20
/rows/34/peak_tree_processes	integer	64
/rows/34/peak_tree_rss_kib	integer	393556
/rows/34/suite	string	density
/rows/34/trial	integer	4
/rows/34/wall_ms	float	1037.22846
/rows/34/workload	string	hold-1s
/rows/35	object	-
/rows/35/backend	string	host
/rows/35/child_cpu_ms	float	971.7129999999994
/rows/35/completed	integer	128
/rows/35/concurrency	integer	128
/rows/35/correctness	string	passed
/rows/35/job_wall_ms	array	-
/rows/35/job_wall_ms/0	float	1019.579423
/rows/35/job_wall_ms/1	float	1020.045945
/rows/35/job_wall_ms/2	float	1019.638674
/rows/35/job_wall_ms/3	float	1019.599952
/rows/35/job_wall_ms/4	float	1018.959635
/rows/35/job_wall_ms/5	float	1019.701842
/rows/35/job_wall_ms/6	float	1019.364401
/rows/35/job_wall_ms/7	float	1020.260185
/rows/35/job_wall_ms/8	float	1020.357817
/rows/35/job_wall_ms/9	float	1019.858043
/rows/35/job_wall_ms/10	float	1021.366902
/rows/35/job_wall_ms/11	float	1019.573722
/rows/35/job_wall_ms/12	float	1020.252079
/rows/35/job_wall_ms/13	float	1019.821886
/rows/35/job_wall_ms/14	float	1019.048
/rows/35/job_wall_ms/15	float	1021.940333
/rows/35/job_wall_ms/16	float	1020.466019
/rows/35/job_wall_ms/17	float	1022.149954
/rows/35/job_wall_ms/18	float	1019.433109
/rows/35/job_wall_ms/19	float	1020.879662
/rows/35/job_wall_ms/20	float	1021.233913
/rows/35/job_wall_ms/21	float	1020.718852
/rows/35/job_wall_ms/22	float	1020.540919
/rows/35/job_wall_ms/23	float	1020.374587
/rows/35/job_wall_ms/24	float	1020.414022
/rows/35/job_wall_ms/25	float	1019.34264
/rows/35/job_wall_ms/26	float	1021.769313
/rows/35/job_wall_ms/27	float	1019.553014
/rows/35/job_wall_ms/28	float	1019.964882
/rows/35/job_wall_ms/29	float	1019.710087
/rows/35/job_wall_ms/30	float	1021.501593
/rows/35/job_wall_ms/31	float	1020.725173
/rows/35/job_wall_ms/32	float	1021.466318
/rows/35/job_wall_ms/33	float	1020.593356
/rows/35/job_wall_ms/34	float	1020.671733
/rows/35/job_wall_ms/35	float	1020.216413
/rows/35/job_wall_ms/36	float	1021.795222
/rows/35/job_wall_ms/37	float	1020.481327
/rows/35/job_wall_ms/38	float	1020.371773
/rows/35/job_wall_ms/39	float	1020.817205
/rows/35/job_wall_ms/40	float	1021.491405
/rows/35/job_wall_ms/41	float	1019.899801
/rows/35/job_wall_ms/42	float	1019.846963
/rows/35/job_wall_ms/43	float	1020.695557
/rows/35/job_wall_ms/44	float	1019.715236
/rows/35/job_wall_ms/45	float	1021.134728
/rows/35/job_wall_ms/46	float	1020.320327
/rows/35/job_wall_ms/47	float	1020.020767
/rows/35/job_wall_ms/48	float	1021.269961
/rows/35/job_wall_ms/49	float	1021.413328
/rows/35/job_wall_ms/50	float	1020.090788
/rows/35/job_wall_ms/51	float	1019.001082
/rows/35/job_wall_ms/52	float	1023.112513
/rows/35/job_wall_ms/53	float	1020.303124
/rows/35/job_wall_ms/54	float	1021.326847
/rows/35/job_wall_ms/55	float	1021.409702
/rows/35/job_wall_ms/56	float	1020.933713
/rows/35/job_wall_ms/57	float	1020.727057
/rows/35/job_wall_ms/58	float	1020.778683
/rows/35/job_wall_ms/59	float	1024.420065
/rows/35/job_wall_ms/60	float	1020.471199
/rows/35/job_wall_ms/61	float	1020.054039
/rows/35/job_wall_ms/62	float	1020.148956
/rows/35/job_wall_ms/63	float	1019.948683
/rows/35/job_wall_ms/64	float	1019.723391
/rows/35/job_wall_ms/65	float	1020.715876
/rows/35/job_wall_ms/66	float	1021.101896
/rows/35/job_wall_ms/67	float	1019.634275
/rows/35/job_wall_ms/68	float	1020.229717
/rows/35/job_wall_ms/69	float	1020.201695
/rows/35/job_wall_ms/70	float	1020.666734
/rows/35/job_wall_ms/71	float	1019.987986
/rows/35/job_wall_ms/72	float	1019.446264
/rows/35/job_wall_ms/73	float	1021.520639
/rows/35/job_wall_ms/74	float	1021.316748
/rows/35/job_wall_ms/75	float	1021.283586
/rows/35/job_wall_ms/76	float	1020.211153
/rows/35/job_wall_ms/77	float	1022.828251
/rows/35/job_wall_ms/78	float	1022.06136
/rows/35/job_wall_ms/79	float	1020.32714
/rows/35/job_wall_ms/80	float	1020.693884
/rows/35/job_wall_ms/81	float	1021.010676
/rows/35/job_wall_ms/82	float	1021.862046
/rows/35/job_wall_ms/83	float	1020.404314
/rows/35/job_wall_ms/84	float	1019.891967
/rows/35/job_wall_ms/85	float	1020.700957
/rows/35/job_wall_ms/86	float	1022.42075
/rows/35/job_wall_ms/87	float	1023.037432
/rows/35/job_wall_ms/88	float	1022.446297
/rows/35/job_wall_ms/89	float	1025.12423
/rows/35/job_wall_ms/90	float	1024.167793
/rows/35/job_wall_ms/91	float	1022.384883
/rows/35/job_wall_ms/92	float	1019.875947
/rows/35/job_wall_ms/93	float	1020.044782
/rows/35/job_wall_ms/94	float	1021.393171
/rows/35/job_wall_ms/95	float	1020.720885
/rows/35/job_wall_ms/96	float	1021.563899
/rows/35/job_wall_ms/97	float	1019.931801
/rows/35/job_wall_ms/98	float	1020.607773
/rows/35/job_wall_ms/99	float	1020.808588
/rows/35/job_wall_ms/100	float	1019.737128
/rows/35/job_wall_ms/101	float	1020.190123
/rows/35/job_wall_ms/102	float	1019.811556
/rows/35/job_wall_ms/103	float	1020.376522
/rows/35/job_wall_ms/104	float	1021.548631
/rows/35/job_wall_ms/105	float	1019.5565
/rows/35/job_wall_ms/106	float	1020.66988
/rows/35/job_wall_ms/107	float	1022.799197
/rows/35/job_wall_ms/108	float	1021.242319
/rows/35/job_wall_ms/109	float	1021.893616
/rows/35/job_wall_ms/110	float	1020.80928
/rows/35/job_wall_ms/111	float	1020.615118
/rows/35/job_wall_ms/112	float	1019.096771
/rows/35/job_wall_ms/113	float	1020.617351
/rows/35/job_wall_ms/114	float	1025.381651
/rows/35/job_wall_ms/115	float	1027.074002
/rows/35/job_wall_ms/116	float	1028.244659
/rows/35/job_wall_ms/117	float	1027.234422
/rows/35/job_wall_ms/118	float	1025.948239
/rows/35/job_wall_ms/119	float	1026.25392
/rows/35/job_wall_ms/120	float	1026.022237
/rows/35/job_wall_ms/121	float	1024.94777
/rows/35/job_wall_ms/122	float	1024.276917
/rows/35/job_wall_ms/123	float	1024.271798
/rows/35/job_wall_ms/124	float	1023.813181
/rows/35/job_wall_ms/125	float	1022.416522
/rows/35/job_wall_ms/126	float	1022.117394
/rows/35/job_wall_ms/127	float	1021.362073
/rows/35/memory_sampling_interval_ms	integer	20
/rows/35/peak_tree_processes	integer	256
/rows/35/peak_tree_rss_kib	integer	1571140
/rows/35/suite	string	density
/rows/35/trial	integer	0
/rows/35/wall_ms	float	1094.195988
/rows/35/workload	string	hold-1s
/rows/36	object	-
/rows/36/backend	string	host
/rows/36/child_cpu_ms	float	986.8749999999995
/rows/36/completed	integer	128
/rows/36/concurrency	integer	128
/rows/36/correctness	string	passed
/rows/36/job_wall_ms	array	-
/rows/36/job_wall_ms/0	float	1020.412559
/rows/36/job_wall_ms/1	float	1020.069218
/rows/36/job_wall_ms/2	float	1020.150469
/rows/36/job_wall_ms/3	float	1020.1558
/rows/36/job_wall_ms/4	float	1019.792702
/rows/36/job_wall_ms/5	float	1020.700968
/rows/36/job_wall_ms/6	float	1020.483742
/rows/36/job_wall_ms/7	float	1019.958891
/rows/36/job_wall_ms/8	float	1019.732398
/rows/36/job_wall_ms/9	float	1019.314989
/rows/36/job_wall_ms/10	float	1022.01902
/rows/36/job_wall_ms/11	float	1020.544466
/rows/36/job_wall_ms/12	float	1020.367746
/rows/36/job_wall_ms/13	float	1020.995609
/rows/36/job_wall_ms/14	float	1020.059741
/rows/36/job_wall_ms/15	float	1021.607341
/rows/36/job_wall_ms/16	float	1020.495844
/rows/36/job_wall_ms/17	float	1022.633087
/rows/36/job_wall_ms/18	float	1020.655072
/rows/36/job_wall_ms/19	float	1022.310023
/rows/36/job_wall_ms/20	float	1020.188891
/rows/36/job_wall_ms/21	float	1019.744721
/rows/36/job_wall_ms/22	float	1021.273046
/rows/36/job_wall_ms/23	float	1019.457435
/rows/36/job_wall_ms/24	float	1030.418438
/rows/36/job_wall_ms/25	float	1019.298798
/rows/36/job_wall_ms/26	float	1030.186285
/rows/36/job_wall_ms/27	float	1019.294361
/rows/36/job_wall_ms/28	float	1031.765124
/rows/36/job_wall_ms/29	float	1029.363979
/rows/36/job_wall_ms/30	float	1028.852333
/rows/36/job_wall_ms/31	float	1029.820462
/rows/36/job_wall_ms/32	float	1031.32382
/rows/36/job_wall_ms/33	float	1031.301819
/rows/36/job_wall_ms/34	float	1031.860242
/rows/36/job_wall_ms/35	float	1031.672752
/rows/36/job_wall_ms/36	float	1029.986352
/rows/36/job_wall_ms/37	float	1029.353791
/rows/36/job_wall_ms/38	float	1032.425778
/rows/36/job_wall_ms/39	float	1030.203567
/rows/36/job_wall_ms/40	float	1032.412183
/rows/36/job_wall_ms/41	float	1030.228614
/rows/36/job_wall_ms/42	float	1030.443766
/rows/36/job_wall_ms/43	float	1030.140731
/rows/36/job_wall_ms/44	float	1031.759804
/rows/36/job_wall_ms/45	float	1030.024363
/rows/36/job_wall_ms/46	float	1029.60554
/rows/36/job_wall_ms/47	float	1029.713762
/rows/36/job_wall_ms/48	float	1030.39249
/rows/36/job_wall_ms/49	float	1029.485216
/rows/36/job_wall_ms/50	float	1030.572697
/rows/36/job_wall_ms/51	float	1029.368097
/rows/36/job_wall_ms/52	float	1029.188832
/rows/36/job_wall_ms/53	float	1028.961017
/rows/36/job_wall_ms/54	float	1029.848925
/rows/36/job_wall_ms/55	float	1029.509211
/rows/36/job_wall_ms/56	float	1030.484933
/rows/36/job_wall_ms/57	float	1029.764467
/rows/36/job_wall_ms/58	float	1041.691596
/rows/36/job_wall_ms/59	float	1040.780093
/rows/36/job_wall_ms/60	float	1041.362601
/rows/36/job_wall_ms/61	float	1033.728452
/rows/36/job_wall_ms/62	float	1040.538682
/rows/36/job_wall_ms/63	float	1035.659959
/rows/36/job_wall_ms/64	float	1040.574809
/rows/36/job_wall_ms/65	float	1031.363634
/rows/36/job_wall_ms/66	float	1032.471434
/rows/36/job_wall_ms/67	float	1030.930455
/rows/36/job_wall_ms/68	float	1032.050748
/rows/36/job_wall_ms/69	float	1030.37097
/rows/36/job_wall_ms/70	float	1030.92245
/rows/36/job_wall_ms/71	float	1030.704273
/rows/36/job_wall_ms/72	float	1039.251668
/rows/36/job_wall_ms/73	float	1031.308942
/rows/36/job_wall_ms/74	float	1030.064508
/rows/36/job_wall_ms/75	float	1041.141899
/rows/36/job_wall_ms/76	float	1035.692621
/rows/36/job_wall_ms/77	float	1042.326632
/rows/36/job_wall_ms/78	float	1032.965707
/rows/36/job_wall_ms/79	float	1034.014296
/rows/36/job_wall_ms/80	float	1033.841183
/rows/36/job_wall_ms/81	float	1033.308338
/rows/36/job_wall_ms/82	float	1032.224001
/rows/36/job_wall_ms/83	float	1033.209001
/rows/36/job_wall_ms/84	float	1033.492601
/rows/36/job_wall_ms/85	float	1040.615506
/rows/36/job_wall_ms/86	float	1031.033297
/rows/36/job_wall_ms/87	float	1031.058684
/rows/36/job_wall_ms/88	float	1030.837552
/rows/36/job_wall_ms/89	float	1041.219604
/rows/36/job_wall_ms/90	float	1040.334341
/rows/36/job_wall_ms/91	float	1039.935244
/rows/36/job_wall_ms/92	float	1052.127268
/rows/36/job_wall_ms/93	float	1048.970902
/rows/36/job_wall_ms/94	float	1041.11055
/rows/36/job_wall_ms/95	float	1051.885126
/rows/36/job_wall_ms/96	float	1050.856495
/rows/36/job_wall_ms/97	float	1051.08411
/rows/36/job_wall_ms/98	float	1038.754148
/rows/36/job_wall_ms/99	float	1040.692309
/rows/36/job_wall_ms/100	float	1047.734093
/rows/36/job_wall_ms/101	float	1049.277636
/rows/36/job_wall_ms/102	float	1039.379637
/rows/36/job_wall_ms/103	float	1039.54691
/rows/36/job_wall_ms/104	float	1040.250464
/rows/36/job_wall_ms/105	float	1040.854002
/rows/36/job_wall_ms/106	float	1037.544189
/rows/36/job_wall_ms/107	float	1036.509687
/rows/36/job_wall_ms/108	float	1039.900861
/rows/36/job_wall_ms/109	float	1032.237296
/rows/36/job_wall_ms/110	float	1037.392465
/rows/36/job_wall_ms/111	float	1036.57581
/rows/36/job_wall_ms/112	float	1035.405033
/rows/36/job_wall_ms/113	float	1029.883739
/rows/36/job_wall_ms/114	float	1036.212011
/rows/36/job_wall_ms/115	float	1031.621015
/rows/36/job_wall_ms/116	float	1033.276387
/rows/36/job_wall_ms/117	float	1035.789982
/rows/36/job_wall_ms/118	float	1034.967457
/rows/36/job_wall_ms/119	float	1034.651576
/rows/36/job_wall_ms/120	float	1034.823598
/rows/36/job_wall_ms/121	float	1033.282248
/rows/36/job_wall_ms/122	float	1034.94836
/rows/36/job_wall_ms/123	float	1034.871827
/rows/36/job_wall_ms/124	float	1030.317771
/rows/36/job_wall_ms/125	float	1029.414634
/rows/36/job_wall_ms/126	float	1030.234836
/rows/36/job_wall_ms/127	float	1019.140031
/rows/36/memory_sampling_interval_ms	integer	20
/rows/36/peak_tree_processes	integer	256
/rows/36/peak_tree_rss_kib	integer	1569900
/rows/36/suite	string	density
/rows/36/trial	integer	1
/rows/36/wall_ms	float	1107.890869
/rows/36/workload	string	hold-1s
/rows/37	object	-
/rows/37/backend	string	host
/rows/37/child_cpu_ms	float	1000.2860000000009
/rows/37/completed	integer	128
/rows/37/concurrency	integer	128
/rows/37/correctness	string	passed
/rows/37/job_wall_ms	array	-
/rows/37/job_wall_ms/0	float	1020.269
/rows/37/job_wall_ms/1	float	1020.259684
/rows/37/job_wall_ms/2	float	1020.333411
/rows/37/job_wall_ms/3	float	1020.089355
/rows/37/job_wall_ms/4	float	1020.474064
/rows/37/job_wall_ms/5	float	1020.127838
/rows/37/job_wall_ms/6	float	1022.255411
/rows/37/job_wall_ms/7	float	1021.276513
/rows/37/job_wall_ms/8	float	1021.501343
/rows/37/job_wall_ms/9	float	1020.098723
/rows/37/job_wall_ms/10	float	1021.571885
/rows/37/job_wall_ms/11	float	1021.04501
/rows/37/job_wall_ms/12	float	1019.716459
/rows/37/job_wall_ms/13	float	1020.306391
/rows/37/job_wall_ms/14	float	1021.402668
/rows/37/job_wall_ms/15	float	1019.843466
/rows/37/job_wall_ms/16	float	1020.439058
/rows/37/job_wall_ms/17	float	1020.123319
/rows/37/job_wall_ms/18	float	1021.019744
/rows/37/job_wall_ms/19	float	1020.952999
/rows/37/job_wall_ms/20	float	1020.91068
/rows/37/job_wall_ms/21	float	1020.501936
/rows/37/job_wall_ms/22	float	1021.244964
/rows/37/job_wall_ms/23	float	1022.017346
/rows/37/job_wall_ms/24	float	1020.852711
/rows/37/job_wall_ms/25	float	1020.768423
/rows/37/job_wall_ms/26	float	1021.304204
/rows/37/job_wall_ms/27	float	1022.164973
/rows/37/job_wall_ms/28	float	1021.828714
/rows/37/job_wall_ms/29	float	1020.367195
/rows/37/job_wall_ms/30	float	1023.686193
/rows/37/job_wall_ms/31	float	1022.289014
/rows/37/job_wall_ms/32	float	1021.16783
/rows/37/job_wall_ms/33	float	1021.132804
/rows/37/job_wall_ms/34	float	1022.348635
/rows/37/job_wall_ms/35	float	1021.018261
/rows/37/job_wall_ms/36	float	1033.055234
/rows/37/job_wall_ms/37	float	1032.607077
/rows/37/job_wall_ms/38	float	1032.462697
/rows/37/job_wall_ms/39	float	1030.72452
/rows/37/job_wall_ms/40	float	1031.562946
/rows/37/job_wall_ms/41	float	1032.026833
/rows/37/job_wall_ms/42	float	1033.43312
/rows/37/job_wall_ms/43	float	1032.353203
/rows/37/job_wall_ms/44	float	1030.898014
/rows/37/job_wall_ms/45	float	1030.951113
/rows/37/job_wall_ms/46	float	1030.269821
/rows/37/job_wall_ms/47	float	1030.218155
/rows/37/job_wall_ms/48	float	1029.942951
/rows/37/job_wall_ms/49	float	1031.243309
/rows/37/job_wall_ms/50	float	1029.43355
/rows/37/job_wall_ms/51	float	1039.998193
/rows/37/job_wall_ms/52	float	1040.523735
/rows/37/job_wall_ms/53	float	1039.87342
/rows/37/job_wall_ms/54	float	1039.943762
/rows/37/job_wall_ms/55	float	1040.043517
/rows/37/job_wall_ms/56	float	1040.234133
/rows/37/job_wall_ms/57	float	1040.390485
/rows/37/job_wall_ms/58	float	1041.167928
/rows/37/job_wall_ms/59	float	1040.084143
/rows/37/job_wall_ms/60	float	1058.9002
/rows/37/job_wall_ms/61	float	1057.91507
/rows/37/job_wall_ms/62	float	1059.168481
/rows/37/job_wall_ms/63	float	1057.823267
/rows/37/job_wall_ms/64	float	1056.364794
/rows/37/job_wall_ms/65	float	1055.756247
/rows/37/job_wall_ms/66	float	1059.479412
/rows/37/job_wall_ms/67	float	1057.076192
/rows/37/job_wall_ms/68	float	1055.304444
/rows/37/job_wall_ms/69	float	1057.524059
/rows/37/job_wall_ms/70	float	1044.888999
/rows/37/job_wall_ms/71	float	1044.695337
/rows/37/job_wall_ms/72	float	1053.26824
/rows/37/job_wall_ms/73	float	1054.691909
/rows/37/job_wall_ms/74	float	1053.549134
/rows/37/job_wall_ms/75	float	1056.569846
/rows/37/job_wall_ms/76	float	1042.418433
/rows/37/job_wall_ms/77	float	1042.531223
/rows/37/job_wall_ms/78	float	1041.697297
/rows/37/job_wall_ms/79	float	1039.724091
/rows/37/job_wall_ms/80	float	1042.35272
/rows/37/job_wall_ms/81	float	1040.48938
/rows/37/job_wall_ms/82	float	1040.822342
/rows/37/job_wall_ms/83	float	1051.76941
/rows/37/job_wall_ms/84	float	1051.303229
/rows/37/job_wall_ms/85	float	1055.496782
/rows/37/job_wall_ms/86	float	1045.938198
/rows/37/job_wall_ms/87	float	1048.418852
/rows/37/job_wall_ms/88	float	1043.299198
/rows/37/job_wall_ms/89	float	1044.860024
/rows/37/job_wall_ms/90	float	1047.798953
/rows/37/job_wall_ms/91	float	1048.350113
/rows/37/job_wall_ms/92	float	1046.823091
/rows/37/job_wall_ms/93	float	1042.037361
/rows/37/job_wall_ms/94	float	1052.510344
/rows/37/job_wall_ms/95	float	1046.91913
/rows/37/job_wall_ms/96	float	1053.116426
/rows/37/job_wall_ms/97	float	1047.484196
/rows/37/job_wall_ms/98	float	1049.014754
/rows/37/job_wall_ms/99	float	1046.226737
/rows/37/job_wall_ms/100	float	1041.925292
/rows/37/job_wall_ms/101	float	1049.379086
/rows/37/job_wall_ms/102	float	1047.527446
/rows/37/job_wall_ms/103	float	1048.017832
/rows/37/job_wall_ms/104	float	1052.284513
/rows/37/job_wall_ms/105	float	1043.315128
/rows/37/job_wall_ms/106	float	1051.570027
/rows/37/job_wall_ms/107	float	1040.078333
/rows/37/job_wall_ms/108	float	1041.187515
/rows/37/job_wall_ms/109	float	1043.471079
/rows/37/job_wall_ms/110	float	1044.98679
/rows/37/job_wall_ms/111	float	1040.462279
/rows/37/job_wall_ms/112	float	1043.880073
/rows/37/job_wall_ms/113	float	1042.984631
/rows/37/job_wall_ms/114	float	1044.356013
/rows/37/job_wall_ms/115	float	1046.108036
/rows/37/job_wall_ms/116	float	1044.649161
/rows/37/job_wall_ms/117	float	1044.865454
/rows/37/job_wall_ms/118	float	1042.408875
/rows/37/job_wall_ms/119	float	1041.529182
/rows/37/job_wall_ms/120	float	1032.004521
/rows/37/job_wall_ms/121	float	1040.835476
/rows/37/job_wall_ms/122	float	1043.546591
/rows/37/job_wall_ms/123	float	1032.0998
/rows/37/job_wall_ms/124	float	1034.317662
/rows/37/job_wall_ms/125	float	1037.188885
/rows/37/job_wall_ms/126	float	1036.704751
/rows/37/job_wall_ms/127	float	1036.769642
/rows/37/memory_sampling_interval_ms	integer	20
/rows/37/peak_tree_processes	integer	256
/rows/37/peak_tree_rss_kib	integer	1568956
/rows/37/suite	string	density
/rows/37/trial	integer	2
/rows/37/wall_ms	float	1124.442705
/rows/37/workload	string	hold-1s
/rows/38	object	-
/rows/38/backend	string	host
/rows/38/child_cpu_ms	float	987.6189999999987
/rows/38/completed	integer	128
/rows/38/concurrency	integer	128
/rows/38/correctness	string	passed
/rows/38/job_wall_ms	array	-
/rows/38/job_wall_ms/0	float	1020.062024
/rows/38/job_wall_ms/1	float	1020.204981
/rows/38/job_wall_ms/2	float	1019.55093
/rows/38/job_wall_ms/3	float	1019.712932
/rows/38/job_wall_ms/4	float	1019.961486
/rows/38/job_wall_ms/5	float	1019.71698
/rows/38/job_wall_ms/6	float	1021.979676
/rows/38/job_wall_ms/7	float	1021.579859
/rows/38/job_wall_ms/8	float	1019.332622
/rows/38/job_wall_ms/9	float	1021.277354
/rows/38/job_wall_ms/10	float	1020.280142
/rows/38/job_wall_ms/11	float	1021.23721
/rows/38/job_wall_ms/12	float	1020.026498
/rows/38/job_wall_ms/13	float	1029.93156
/rows/38/job_wall_ms/14	float	1029.931479
/rows/38/job_wall_ms/15	float	1020.017511
/rows/38/job_wall_ms/16	float	1029.697823
/rows/38/job_wall_ms/17	float	1032.310092
/rows/38/job_wall_ms/18	float	1030.543432
/rows/38/job_wall_ms/19	float	1031.328018
/rows/38/job_wall_ms/20	float	1030.338639
/rows/38/job_wall_ms/21	float	1021.140929
/rows/38/job_wall_ms/22	float	1029.548143
/rows/38/job_wall_ms/23	float	1030.383142
/rows/38/job_wall_ms/24	float	1030.999273
/rows/38/job_wall_ms/25	float	1029.267889
/rows/38/job_wall_ms/26	float	1019.887649
/rows/38/job_wall_ms/27	float	1030.619805
/rows/38/job_wall_ms/28	float	1029.520151
/rows/38/job_wall_ms/29	float	1042.84461
/rows/38/job_wall_ms/30	float	1031.523293
/rows/38/job_wall_ms/31	float	1032.987738
/rows/38/job_wall_ms/32	float	1032.764982
/rows/38/job_wall_ms/33	float	1032.441238
/rows/38/job_wall_ms/34	float	1033.081884
/rows/38/job_wall_ms/35	float	1030.583918
/rows/38/job_wall_ms/36	float	1029.280743
/rows/38/job_wall_ms/37	float	1041.568786
/rows/38/job_wall_ms/38	float	1040.52151
/rows/38/job_wall_ms/39	float	1030.029633
/rows/38/job_wall_ms/40	float	1040.321436
/rows/38/job_wall_ms/41	float	1029.716257
/rows/38/job_wall_ms/42	float	1040.984565
/rows/38/job_wall_ms/43	float	1028.956559
/rows/38/job_wall_ms/44	float	1039.206174
/rows/38/job_wall_ms/45	float	1030.906841
/rows/38/job_wall_ms/46	float	1029.888118
/rows/38/job_wall_ms/47	float	1030.270723
/rows/38/job_wall_ms/48	float	1031.904695
/rows/38/job_wall_ms/49	float	1039.65452
/rows/38/job_wall_ms/50	float	1041.179869
/rows/38/job_wall_ms/51	float	1033.262482
/rows/38/job_wall_ms/52	float	1059.6074
/rows/38/job_wall_ms/53	float	1031.272033
/rows/38/job_wall_ms/54	float	1057.054662
/rows/38/job_wall_ms/55	float	1030.638059
/rows/38/job_wall_ms/56	float	1032.06246
/rows/38/job_wall_ms/57	float	1059.077962
/rows/38/job_wall_ms/58	float	1057.342309
/rows/38/job_wall_ms/59	float	1054.211
/rows/38/job_wall_ms/60	float	1055.679193
/rows/38/job_wall_ms/61	float	1044.115463
/rows/38/job_wall_ms/62	float	1051.825365
/rows/38/job_wall_ms/63	float	1040.662333
/rows/38/job_wall_ms/64	float	1043.921881
/rows/38/job_wall_ms/65	float	1043.42863
/rows/38/job_wall_ms/66	float	1044.351945
/rows/38/job_wall_ms/67	float	1052.767104
/rows/38/job_wall_ms/68	float	1042.428121
/rows/38/job_wall_ms/69	float	1041.416572
/rows/38/job_wall_ms/70	float	1042.224441
/rows/38/job_wall_ms/71	float	1041.643345
/rows/38/job_wall_ms/72	float	1053.351445
/rows/38/job_wall_ms/73	float	1040.92299
/rows/38/job_wall_ms/74	float	1053.214399
/rows/38/job_wall_ms/75	float	1054.9444
/rows/38/job_wall_ms/76	float	1042.508071
/rows/38/job_wall_ms/77	float	1041.586249
/rows/38/job_wall_ms/78	float	1042.142538
/rows/38/job_wall_ms/79	float	1042.57723
/rows/38/job_wall_ms/80	float	1053.210121
/rows/38/job_wall_ms/81	float	1041.280197
/rows/38/job_wall_ms/82	float	1039.581143
/rows/38/job_wall_ms/83	float	1042.217387
/rows/38/job_wall_ms/84	float	1043.956957
/rows/38/job_wall_ms/85	float	1041.28681
/rows/38/job_wall_ms/86	float	1045.410462
/rows/38/job_wall_ms/87	float	1045.552788
/rows/38/job_wall_ms/88	float	1040.641975
/rows/38/job_wall_ms/89	float	1045.076097
/rows/38/job_wall_ms/90	float	1045.723717
/rows/38/job_wall_ms/91	float	1046.482144
/rows/38/job_wall_ms/92	float	1043.838225
/rows/38/job_wall_ms/93	float	1042.686324
/rows/38/job_wall_ms/94	float	1042.22976
/rows/38/job_wall_ms/95	float	1045.784221
/rows/38/job_wall_ms/96	float	1045.940703
/rows/38/job_wall_ms/97	float	1044.299277
/rows/38/job_wall_ms/98	float	1043.017082
/rows/38/job_wall_ms/99	float	1040.431102
/rows/38/job_wall_ms/100	float	1040.319082
/rows/38/job_wall_ms/101	float	1040.230507
/rows/38/job_wall_ms/102	float	1041.981056
/rows/38/job_wall_ms/103	float	1043.568992
/rows/38/job_wall_ms/104	float	1044.526651
/rows/38/job_wall_ms/105	float	1043.073457
/rows/38/job_wall_ms/106	float	1044.707349
/rows/38/job_wall_ms/107	float	1033.504353
/rows/38/job_wall_ms/108	float	1043.849236
/rows/38/job_wall_ms/109	float	1043.130323
/rows/38/job_wall_ms/110	float	1044.261666
/rows/38/job_wall_ms/111	float	1044.332498
/rows/38/job_wall_ms/112	float	1044.330245
/rows/38/job_wall_ms/113	float	1042.503272
/rows/38/job_wall_ms/114	float	1042.283973
/rows/38/job_wall_ms/115	float	1043.063488
/rows/38/job_wall_ms/116	float	1043.433159
/rows/38/job_wall_ms/117	float	1044.245797
/rows/38/job_wall_ms/118	float	1032.598721
/rows/38/job_wall_ms/119	float	1040.490192
/rows/38/job_wall_ms/120	float	1034.485927
/rows/38/job_wall_ms/121	float	1035.098881
/rows/38/job_wall_ms/122	float	1032.921094
/rows/38/job_wall_ms/123	float	1033.501127
/rows/38/job_wall_ms/124	float	1033.360013
/rows/38/job_wall_ms/125	float	1031.647023
/rows/38/job_wall_ms/126	float	1036.757208
/rows/38/job_wall_ms/127	float	1034.577758
/rows/38/memory_sampling_interval_ms	integer	20
/rows/38/peak_tree_processes	integer	256
/rows/38/peak_tree_rss_kib	integer	1570556
/rows/38/suite	string	density
/rows/38/trial	integer	3
/rows/38/wall_ms	float	1109.178364
/rows/38/workload	string	hold-1s
/rows/39	object	-
/rows/39/backend	string	host
/rows/39/child_cpu_ms	float	1024.128000000001
/rows/39/completed	integer	128
/rows/39/concurrency	integer	128
/rows/39/correctness	string	passed
/rows/39/job_wall_ms	array	-
/rows/39/job_wall_ms/0	float	1022.941443
/rows/39/job_wall_ms/1	float	1019.939606
/rows/39/job_wall_ms/2	float	1020.138267
/rows/39/job_wall_ms/3	float	1022.101224
/rows/39/job_wall_ms/4	float	1021.285089
/rows/39/job_wall_ms/5	float	1020.511104
/rows/39/job_wall_ms/6	float	1022.16902
/rows/39/job_wall_ms/7	float	1022.171915
/rows/39/job_wall_ms/8	float	1021.56957
/rows/39/job_wall_ms/9	float	1020.682072
/rows/39/job_wall_ms/10	float	1020.168383
/rows/39/job_wall_ms/11	float	1020.707039
/rows/39/job_wall_ms/12	float	1020.605509
/rows/39/job_wall_ms/13	float	1020.765258
/rows/39/job_wall_ms/14	float	1020.508058
/rows/39/job_wall_ms/15	float	1032.959546
/rows/39/job_wall_ms/16	float	1030.468753
/rows/39/job_wall_ms/17	float	1032.456927
/rows/39/job_wall_ms/18	float	1020.419993
/rows/39/job_wall_ms/19	float	1033.745122
/rows/39/job_wall_ms/20	float	1032.03569
/rows/39/job_wall_ms/21	float	1032.70472
/rows/39/job_wall_ms/22	float	1032.391926
/rows/39/job_wall_ms/23	float	1032.724637
/rows/39/job_wall_ms/24	float	1030.536289
/rows/39/job_wall_ms/25	float	1032.970466
/rows/39/job_wall_ms/26	float	1034.59499
/rows/39/job_wall_ms/27	float	1033.276988
/rows/39/job_wall_ms/28	float	1030.82098
/rows/39/job_wall_ms/29	float	1030.827142
/rows/39/job_wall_ms/30	float	1030.783
/rows/39/job_wall_ms/31	float	1032.75853
/rows/39/job_wall_ms/32	float	1030.350461
/rows/39/job_wall_ms/33	float	1032.469009
/rows/39/job_wall_ms/34	float	1030.508827
/rows/39/job_wall_ms/35	float	1030.422937
/rows/39/job_wall_ms/36	float	1035.50492
/rows/39/job_wall_ms/37	float	1029.728039
/rows/39/job_wall_ms/38	float	1032.783617
/rows/39/job_wall_ms/39	float	1033.66312
/rows/39/job_wall_ms/40	float	1031.755055
/rows/39/job_wall_ms/41	float	1031.835626
/rows/39/job_wall_ms/42	float	1030.849975
/rows/39/job_wall_ms/43	float	1030.544234
/rows/39/job_wall_ms/44	float	1042.488214
/rows/39/job_wall_ms/45	float	1041.962562
/rows/39/job_wall_ms/46	float	1042.778646
/rows/39/job_wall_ms/47	float	1040.506362
/rows/39/job_wall_ms/48	float	1049.717207
/rows/39/job_wall_ms/49	float	1039.921159
/rows/39/job_wall_ms/50	float	1044.096728
/rows/39/job_wall_ms/51	float	1044.122937
/rows/39/job_wall_ms/52	float	1041.90819
/rows/39/job_wall_ms/53	float	1041.286709
/rows/39/job_wall_ms/54	float	1057.388546
/rows/39/job_wall_ms/55	float	1058.000659
/rows/39/job_wall_ms/56	float	1054.727255
/rows/39/job_wall_ms/57	float	1056.940029
/rows/39/job_wall_ms/58	float	1055.155896
/rows/39/job_wall_ms/59	float	1053.836401
/rows/39/job_wall_ms/60	float	1054.447803
/rows/39/job_wall_ms/61	float	1052.54536
/rows/39/job_wall_ms/62	float	1056.942834
/rows/39/job_wall_ms/63	float	1054.282544
/rows/39/job_wall_ms/64	float	1054.667073
/rows/39/job_wall_ms/65	float	1061.815385
/rows/39/job_wall_ms/66	float	1056.232797
/rows/39/job_wall_ms/67	float	1059.931956
/rows/39/job_wall_ms/68	float	1059.158943
/rows/39/job_wall_ms/69	float	1052.48123
/rows/39/job_wall_ms/70	float	1052.874494
/rows/39/job_wall_ms/71	float	1054.723087
/rows/39/job_wall_ms/72	float	1057.540289
/rows/39/job_wall_ms/73	float	1057.988707
/rows/39/job_wall_ms/74	float	1057.928474
/rows/39/job_wall_ms/75	float	1044.886824
/rows/39/job_wall_ms/76	float	1054.412377
/rows/39/job_wall_ms/77	float	1053.522424
/rows/39/job_wall_ms/78	float	1057.847713
/rows/39/job_wall_ms/79	float	1054.557127
/rows/39/job_wall_ms/80	float	1057.819491
/rows/39/job_wall_ms/81	float	1054.973254
/rows/39/job_wall_ms/82	float	1058.535057
/rows/39/job_wall_ms/83	float	1057.518168
/rows/39/job_wall_ms/84	float	1057.522035
/rows/39/job_wall_ms/85	float	1056.119084
/rows/39/job_wall_ms/86	float	1052.655535
/rows/39/job_wall_ms/87	float	1053.903026
/rows/39/job_wall_ms/88	float	1051.549579
/rows/39/job_wall_ms/89	float	1051.203523
/rows/39/job_wall_ms/90	float	1050.669886
/rows/39/job_wall_ms/91	float	1050.951062
/rows/39/job_wall_ms/92	float	1051.024829
/rows/39/job_wall_ms/93	float	1057.38502
/rows/39/job_wall_ms/94	float	1053.273901
/rows/39/job_wall_ms/95	float	1054.689394
/rows/39/job_wall_ms/96	float	1055.540193
/rows/39/job_wall_ms/97	float	1051.472124
/rows/39/job_wall_ms/98	float	1054.425571
/rows/39/job_wall_ms/99	float	1055.422403
/rows/39/job_wall_ms/100	float	1052.91532
/rows/39/job_wall_ms/101	float	1043.137697
/rows/39/job_wall_ms/102	float	1041.999701
/rows/39/job_wall_ms/103	float	1052.889973
/rows/39/job_wall_ms/104	float	1052.678678
/rows/39/job_wall_ms/105	float	1047.360694
/rows/39/job_wall_ms/106	float	1047.573413
/rows/39/job_wall_ms/107	float	1047.194264
/rows/39/job_wall_ms/108	float	1048.590873
/rows/39/job_wall_ms/109	float	1048.72303
/rows/39/job_wall_ms/110	float	1047.158428
/rows/39/job_wall_ms/111	float	1049.19436
/rows/39/job_wall_ms/112	float	1046.0138
/rows/39/job_wall_ms/113	float	1042.97307
/rows/39/job_wall_ms/114	float	1051.6089
/rows/39/job_wall_ms/115	float	1049.479904
/rows/39/job_wall_ms/116	float	1046.979313
/rows/39/job_wall_ms/117	float	1045.696776
/rows/39/job_wall_ms/118	float	1048.53056
/rows/39/job_wall_ms/119	float	1046.382358
/rows/39/job_wall_ms/120	float	1048.014546
/rows/39/job_wall_ms/121	float	1048.716668
/rows/39/job_wall_ms/122	float	1047.301444
/rows/39/job_wall_ms/123	float	1045.350861
/rows/39/job_wall_ms/124	float	1047.056537
/rows/39/job_wall_ms/125	float	1051.008889
/rows/39/job_wall_ms/126	float	1047.369531
/rows/39/job_wall_ms/127	float	1043.791448
/rows/39/memory_sampling_interval_ms	integer	20
/rows/39/peak_tree_processes	integer	256
/rows/39/peak_tree_rss_kib	integer	1568400
/rows/39/suite	string	density
/rows/39/trial	integer	4
/rows/39/wall_ms	float	1129.238343
/rows/39/workload	string	hold-1s
/rows/40	object	-
/rows/40/backend	string	staged
/rows/40/child_cpu_ms	float	12.800999999999618
/rows/40/completed	integer	1
/rows/40/concurrency	integer	1
/rows/40/correctness	string	passed
/rows/40/job_wall_ms	array	-
/rows/40/job_wall_ms/0	float	1039.738778
/rows/40/memory_sampling_interval_ms	integer	20
/rows/40/peak_tree_processes	integer	2
/rows/40/peak_tree_rss_kib	integer	12980
/rows/40/suite	string	density
/rows/40/trial	integer	0
/rows/40/wall_ms	float	1041.825956
/rows/40/workload	string	hold-1s
/rows/41	object	-
/rows/41/backend	string	staged
/rows/41/child_cpu_ms	float	12.8389999999996
/rows/41/completed	integer	1
/rows/41/concurrency	integer	1
/rows/41/correctness	string	passed
/rows/41/job_wall_ms	array	-
/rows/41/job_wall_ms/0	float	1139.87986
/rows/41/memory_sampling_interval_ms	integer	20
/rows/41/peak_tree_processes	integer	2
/rows/41/peak_tree_rss_kib	integer	12472
/rows/41/suite	string	density
/rows/41/trial	integer	1
/rows/41/wall_ms	float	1156.752756
/rows/41/workload	string	hold-1s
/rows/42	object	-
/rows/42/backend	string	staged
/rows/42/child_cpu_ms	float	13.199000000000183
/rows/42/completed	integer	1
/rows/42/concurrency	integer	1
/rows/42/correctness	string	passed
/rows/42/job_wall_ms	array	-
/rows/42/job_wall_ms/0	float	1039.82036
/rows/42/memory_sampling_interval_ms	integer	20
/rows/42/peak_tree_processes	integer	2
/rows/42/peak_tree_rss_kib	integer	12656
/rows/42/suite	string	density
/rows/42/trial	integer	2
/rows/42/wall_ms	float	1040.449997
/rows/42/workload	string	hold-1s
/rows/43	object	-
/rows/43/backend	string	staged
/rows/43/child_cpu_ms	float	11.79300000000083
/rows/43/completed	integer	1
/rows/43/concurrency	integer	1
/rows/43/correctness	string	passed
/rows/43/job_wall_ms	array	-
/rows/43/job_wall_ms/0	float	1039.24202
/rows/43/memory_sampling_interval_ms	integer	20
/rows/43/peak_tree_processes	integer	2
/rows/43/peak_tree_rss_kib	integer	12700
/rows/43/suite	string	density
/rows/43/trial	integer	3
/rows/43/wall_ms	float	1042.645617
/rows/43/workload	string	hold-1s
/rows/44	object	-
/rows/44/backend	string	staged
/rows/44/child_cpu_ms	float	12.021000000000726
/rows/44/completed	integer	1
/rows/44/concurrency	integer	1
/rows/44/correctness	string	passed
/rows/44/job_wall_ms	array	-
/rows/44/job_wall_ms/0	float	1079.042413
/rows/44/memory_sampling_interval_ms	integer	20
/rows/44/peak_tree_processes	integer	2
/rows/44/peak_tree_rss_kib	integer	12668
/rows/44/suite	string	density
/rows/44/trial	integer	4
/rows/44/wall_ms	float	1079.655027
/rows/44/workload	string	hold-1s
/rows/45	object	-
/rows/45/backend	string	staged
/rows/45/child_cpu_ms	float	94.93200000000002
/rows/45/completed	integer	8
/rows/45/concurrency	integer	8
/rows/45/correctness	string	passed
/rows/45/job_wall_ms	array	-
/rows/45/job_wall_ms/0	float	1100.667666
/rows/45/job_wall_ms/1	float	1100.93212
/rows/45/job_wall_ms/2	float	1101.162089
/rows/45/job_wall_ms/3	float	1100.017381
/rows/45/job_wall_ms/4	float	1100.296533
/rows/45/job_wall_ms/5	float	1100.68054
/rows/45/job_wall_ms/6	float	1100.117689
/rows/45/job_wall_ms/7	float	1100.362797
/rows/45/memory_sampling_interval_ms	integer	20
/rows/45/peak_tree_processes	integer	16
/rows/45/peak_tree_rss_kib	integer	102252
/rows/45/suite	string	density
/rows/45/trial	integer	0
/rows/45/wall_ms	float	1120.973344
/rows/45/workload	string	hold-1s
/rows/46	object	-
/rows/46/backend	string	staged
/rows/46/child_cpu_ms	float	101.30099999999942
/rows/46/completed	integer	8
/rows/46/concurrency	integer	8
/rows/46/correctness	string	passed
/rows/46/job_wall_ms	array	-
/rows/46/job_wall_ms/0	float	1050.935833
/rows/46/job_wall_ms/1	float	1051.189688
/rows/46/job_wall_ms/2	float	1051.466094
/rows/46/job_wall_ms/3	float	1050.564369
/rows/46/job_wall_ms/4	float	1040.167899
/rows/46/job_wall_ms/5	float	1051.070184
/rows/46/job_wall_ms/6	float	1050.688341
/rows/46/job_wall_ms/7	float	1050.57564
/rows/46/memory_sampling_interval_ms	integer	20
/rows/46/peak_tree_processes	integer	16
/rows/46/peak_tree_rss_kib	integer	101900
/rows/46/suite	string	density
/rows/46/trial	integer	1
/rows/46/wall_ms	float	1053.3113
/rows/46/workload	string	hold-1s
/rows/47	object	-
/rows/47/backend	string	staged
/rows/47/child_cpu_ms	float	95.27999999999892
/rows/47/completed	integer	8
/rows/47/concurrency	integer	8
/rows/47/correctness	string	passed
/rows/47/job_wall_ms	array	-
/rows/47/job_wall_ms/0	float	1110.485044
/rows/47/job_wall_ms/1	float	1100.692763
/rows/47/job_wall_ms/2	float	1110.342958
/rows/47/job_wall_ms/3	float	1080.13299
/rows/47/job_wall_ms/4	float	1090.558393
/rows/47/job_wall_ms/5	float	1099.846262
/rows/47/job_wall_ms/6	float	1089.803844
/rows/47/job_wall_ms/7	float	1089.913529
/rows/47/memory_sampling_interval_ms	integer	20
/rows/47/peak_tree_processes	integer	16
/rows/47/peak_tree_rss_kib	integer	101520
/rows/47/suite	string	density
/rows/47/trial	integer	2
/rows/47/wall_ms	float	1111.384705
/rows/47/workload	string	hold-1s
/rows/48	object	-
/rows/48/backend	string	staged
/rows/48/child_cpu_ms	float	95.68499999999958
/rows/48/completed	integer	8
/rows/48/concurrency	integer	8
/rows/48/correctness	string	passed
/rows/48/job_wall_ms	array	-
/rows/48/job_wall_ms/0	float	1080.881758
/rows/48/job_wall_ms/1	float	1090.268882
/rows/48/job_wall_ms/2	float	1071.084649
/rows/48/job_wall_ms/3	float	1069.7736
/rows/48/job_wall_ms/4	float	1069.842279
/rows/48/job_wall_ms/5	float	1079.930572
/rows/48/job_wall_ms/6	float	1080.239689
/rows/48/job_wall_ms/7	float	1069.652564
/rows/48/memory_sampling_interval_ms	integer	20
/rows/48/peak_tree_processes	integer	16
/rows/48/peak_tree_rss_kib	integer	102476
/rows/48/suite	string	density
/rows/48/trial	integer	3
/rows/48/wall_ms	float	1091.286323
/rows/48/workload	string	hold-1s
/rows/49	object	-
/rows/49/backend	string	staged
/rows/49/child_cpu_ms	float	99.95200000000182
/rows/49/completed	integer	8
/rows/49/concurrency	integer	8
/rows/49/correctness	string	passed
/rows/49/job_wall_ms	array	-
/rows/49/job_wall_ms/0	float	1050.728676
/rows/49/job_wall_ms/1	float	1040.698601
/rows/49/job_wall_ms/2	float	1051.318899
/rows/49/job_wall_ms/3	float	1050.587803
/rows/49/job_wall_ms/4	float	1051.203573
/rows/49/job_wall_ms/5	float	1051.13215
/rows/49/job_wall_ms/6	float	1049.737705
/rows/49/job_wall_ms/7	float	1050.289857
/rows/49/memory_sampling_interval_ms	integer	20
/rows/49/peak_tree_processes	integer	16
/rows/49/peak_tree_rss_kib	integer	101740
/rows/49/suite	string	density
/rows/49/trial	integer	4
/rows/49/wall_ms	float	1068.640713
/rows/49/workload	string	hold-1s
/rows/50	object	-
/rows/50/backend	string	staged
/rows/50/child_cpu_ms	float	410.6059999999996
/rows/50/completed	integer	32
/rows/50/concurrency	integer	32
/rows/50/correctness	string	passed
/rows/50/job_wall_ms	array	-
/rows/50/job_wall_ms/0	float	1070.156685
/rows/50/job_wall_ms/1	float	1070.257373
/rows/50/job_wall_ms/2	float	1051.434945
/rows/50/job_wall_ms/3	float	1060.026373
/rows/50/job_wall_ms/4	float	1059.58059
/rows/50/job_wall_ms/5	float	1070.882381
/rows/50/job_wall_ms/6	float	1069.445166
/rows/50/job_wall_ms/7	float	1060.828371
/rows/50/job_wall_ms/8	float	1070.158028
/rows/50/job_wall_ms/9	float	1215.087047
/rows/50/job_wall_ms/10	float	1217.205605
/rows/50/job_wall_ms/11	float	1211.375044
/rows/50/job_wall_ms/12	float	1213.028993
/rows/50/job_wall_ms/13	float	1214.364458
/rows/50/job_wall_ms/14	float	1204.121155
/rows/50/job_wall_ms/15	float	1214.468653
/rows/50/job_wall_ms/16	float	1214.287304
/rows/50/job_wall_ms/17	float	1214.078625
/rows/50/job_wall_ms/18	float	1213.55128
/rows/50/job_wall_ms/19	float	1207.821076
/rows/50/job_wall_ms/20	float	1206.002999
/rows/50/job_wall_ms/21	float	1206.271802
/rows/50/job_wall_ms/22	float	1203.311804
/rows/50/job_wall_ms/23	float	1206.51714
/rows/50/job_wall_ms/24	float	1204.12414
/rows/50/job_wall_ms/25	float	1204.649993
/rows/50/job_wall_ms/26	float	1203.962438
/rows/50/job_wall_ms/27	float	1202.722261
/rows/50/job_wall_ms/28	float	1204.494933
/rows/50/job_wall_ms/29	float	1203.40151
/rows/50/job_wall_ms/30	float	1202.652702
/rows/50/job_wall_ms/31	float	1202.710339
/rows/50/memory_sampling_interval_ms	integer	20
/rows/50/peak_tree_processes	integer	64
/rows/50/peak_tree_rss_kib	integer	408372
/rows/50/suite	string	density
/rows/50/trial	integer	0
/rows/50/wall_ms	float	1221.959645
/rows/50/workload	string	hold-1s
/rows/51	object	-
/rows/51/backend	string	staged
/rows/51/child_cpu_ms	float	400.40599999999847
/rows/51/completed	integer	32
/rows/51/concurrency	integer	32
/rows/51/correctness	string	passed
/rows/51/job_wall_ms	array	-
/rows/51/job_wall_ms/0	float	1060.591188
/rows/51/job_wall_ms/1	float	1070.506038
/rows/51/job_wall_ms/2	float	1060.455354
/rows/51/job_wall_ms/3	float	1062.345275
/rows/51/job_wall_ms/4	float	1061.728131
/rows/51/job_wall_ms/5	float	1062.707471
/rows/51/job_wall_ms/6	float	1070.846383
/rows/51/job_wall_ms/7	float	1072.382593
/rows/51/job_wall_ms/8	float	1071.584162
/rows/51/job_wall_ms/9	float	1072.92165
/rows/51/job_wall_ms/10	float	1071.286426
/rows/51/job_wall_ms/11	float	1072.347789
/rows/51/job_wall_ms/12	float	1071.894462
/rows/51/job_wall_ms/13	float	1072.650824
/rows/51/job_wall_ms/14	float	1072.41902
/rows/51/job_wall_ms/15	float	1072.872638
/rows/51/job_wall_ms/16	float	1072.990067
/rows/51/job_wall_ms/17	float	1070.940769
/rows/51/job_wall_ms/18	float	1072.122147
/rows/51/job_wall_ms/19	float	1072.254945
/rows/51/job_wall_ms/20	float	1053.492628
/rows/51/job_wall_ms/21	float	1070.850731
/rows/51/job_wall_ms/22	float	1071.982476
/rows/51/job_wall_ms/23	float	1061.994509
/rows/51/job_wall_ms/24	float	1062.412861
/rows/51/job_wall_ms/25	float	1062.041057
/rows/51/job_wall_ms/26	float	1062.747135
/rows/51/job_wall_ms/27	float	1062.726226
/rows/51/job_wall_ms/28	float	1064.191343
/rows/51/job_wall_ms/29	float	1063.69765
/rows/51/job_wall_ms/30	float	1062.017161
/rows/51/job_wall_ms/31	float	1059.81037
/rows/51/memory_sampling_interval_ms	integer	20
/rows/51/peak_tree_processes	integer	64
/rows/51/peak_tree_rss_kib	integer	407392
/rows/51/suite	string	density
/rows/51/trial	integer	1
/rows/51/wall_ms	float	1100.600109
/rows/51/workload	string	hold-1s
/rows/52	object	-
/rows/52/backend	string	staged
/rows/52/child_cpu_ms	float	405.10400000000146
/rows/52/completed	integer	32
/rows/52/concurrency	integer	32
/rows/52/correctness	string	passed
/rows/52/job_wall_ms	array	-
/rows/52/job_wall_ms/0	float	1071.527786
/rows/52/job_wall_ms/1	float	1073.058244
/rows/52/job_wall_ms/2	float	1071.485798
/rows/52/job_wall_ms/3	float	1073.233943
/rows/52/job_wall_ms/4	float	1072.518798
/rows/52/job_wall_ms/5	float	1060.559439
/rows/52/job_wall_ms/6	float	1071.031379
/rows/52/job_wall_ms/7	float	1070.531605
/rows/52/job_wall_ms/8	float	1072.607694
/rows/52/job_wall_ms/9	float	1073.072923
/rows/52/job_wall_ms/10	float	1072.919667
/rows/52/job_wall_ms/11	float	1070.941651
/rows/52/job_wall_ms/12	float	1072.064469
/rows/52/job_wall_ms/13	float	1071.914739
/rows/52/job_wall_ms/14	float	1070.853807
/rows/52/job_wall_ms/15	float	1072.965712
/rows/52/job_wall_ms/16	float	1073.41413
/rows/52/job_wall_ms/17	float	1072.318163
/rows/52/job_wall_ms/18	float	1073.491404
/rows/52/job_wall_ms/19	float	1072.4346
/rows/52/job_wall_ms/20	float	1073.804889
/rows/52/job_wall_ms/21	float	1073.814417
/rows/52/job_wall_ms/22	float	1073.685307
/rows/52/job_wall_ms/23	float	1071.670643
/rows/52/job_wall_ms/24	float	1071.188222
/rows/52/job_wall_ms/25	float	1061.90413
/rows/52/job_wall_ms/26	float	1061.894022
/rows/52/job_wall_ms/27	float	1069.684593
/rows/52/job_wall_ms/28	float	1060.786111
/rows/52/job_wall_ms/29	float	1061.081234
/rows/52/job_wall_ms/30	float	1062.394797
/rows/52/job_wall_ms/31	float	1070.49676
/rows/52/memory_sampling_interval_ms	integer	20
/rows/52/peak_tree_processes	integer	64
/rows/52/peak_tree_rss_kib	integer	409128
/rows/52/suite	string	density
/rows/52/trial	integer	2
/rows/52/wall_ms	float	1086.01731
/rows/52/workload	string	hold-1s
/rows/53	object	-
/rows/53/backend	string	staged
/rows/53/child_cpu_ms	float	415.13699999999966
/rows/53/completed	integer	32
/rows/53/concurrency	integer	32
/rows/53/correctness	string	passed
/rows/53/job_wall_ms	array	-
/rows/53/job_wall_ms/0	float	1151.927813
/rows/53/job_wall_ms/1	float	1151.273141
/rows/53/job_wall_ms/2	float	1161.7552
/rows/53/job_wall_ms/3	float	1161.66928
/rows/53/job_wall_ms/4	float	1162.842451
/rows/53/job_wall_ms/5	float	1160.507741
/rows/53/job_wall_ms/6	float	1164.096253
/rows/53/job_wall_ms/7	float	1161.714264
/rows/53/job_wall_ms/8	float	1152.420284
/rows/53/job_wall_ms/9	float	1152.313355
/rows/53/job_wall_ms/10	float	1152.471119
/rows/53/job_wall_ms/11	float	1151.461583
/rows/53/job_wall_ms/12	float	1141.504884
/rows/53/job_wall_ms/13	float	1151.482673
/rows/53/job_wall_ms/14	float	1141.093317
/rows/53/job_wall_ms/15	float	1140.766445
/rows/53/job_wall_ms/16	float	1153.87998
/rows/53/job_wall_ms/17	float	1139.993031
/rows/53/job_wall_ms/18	float	1140.698559
/rows/53/job_wall_ms/19	float	1150.79069
/rows/53/job_wall_ms/20	float	1140.550633
/rows/53/job_wall_ms/21	float	1152.342018
/rows/53/job_wall_ms/22	float	1144.073633
/rows/53/job_wall_ms/23	float	1147.212666
/rows/53/job_wall_ms/24	float	1140.785942
/rows/53/job_wall_ms/25	float	1149.087349
/rows/53/job_wall_ms/26	float	1140.040129
/rows/53/job_wall_ms/27	float	1146.675924
/rows/53/job_wall_ms/28	float	1148.436934
/rows/53/job_wall_ms/29	float	1146.391012
/rows/53/job_wall_ms/30	float	1148.54736
/rows/53/job_wall_ms/31	float	1145.548588
/rows/53/memory_sampling_interval_ms	integer	20
/rows/53/peak_tree_processes	integer	64
/rows/53/peak_tree_rss_kib	integer	408536
/rows/53/suite	string	density
/rows/53/trial	integer	3
/rows/53/wall_ms	float	1182.028608
/rows/53/workload	string	hold-1s
/rows/54	object	-
/rows/54/backend	string	staged
/rows/54/child_cpu_ms	float	424.04499999999956
/rows/54/completed	integer	32
/rows/54/concurrency	integer	32
/rows/54/correctness	string	passed
/rows/54/job_wall_ms	array	-
/rows/54/job_wall_ms/0	float	1132.077355
/rows/54/job_wall_ms/1	float	1132.747848
/rows/54/job_wall_ms/2	float	1132.555789
/rows/54/job_wall_ms/3	float	1132.627092
/rows/54/job_wall_ms/4	float	1131.427111
/rows/54/job_wall_ms/5	float	1133.202717
/rows/54/job_wall_ms/6	float	1142.220191
/rows/54/job_wall_ms/7	float	1131.577182
/rows/54/job_wall_ms/8	float	1134.601261
/rows/54/job_wall_ms/9	float	1132.626982
/rows/54/job_wall_ms/10	float	1132.549989
/rows/54/job_wall_ms/11	float	1144.364566
/rows/54/job_wall_ms/12	float	1133.540228
/rows/54/job_wall_ms/13	float	1145.116601
/rows/54/job_wall_ms/14	float	1142.256248
/rows/54/job_wall_ms/15	float	1132.321762
/rows/54/job_wall_ms/16	float	1132.166683
/rows/54/job_wall_ms/17	float	1132.794816
/rows/54/job_wall_ms/18	float	1132.44892
/rows/54/job_wall_ms/19	float	1133.307865
/rows/54/job_wall_ms/20	float	1131.819173
/rows/54/job_wall_ms/21	float	1135.997829
/rows/54/job_wall_ms/22	float	1135.819605
/rows/54/job_wall_ms/23	float	1137.055664
/rows/54/job_wall_ms/24	float	1133.119622
/rows/54/job_wall_ms/25	float	1136.187212
/rows/54/job_wall_ms/26	float	1135.207903
/rows/54/job_wall_ms/27	float	1134.859803
/rows/54/job_wall_ms/28	float	1132.447257
/rows/54/job_wall_ms/29	float	1132.19775
/rows/54/job_wall_ms/30	float	1131.810497
/rows/54/job_wall_ms/31	float	1131.027324
/rows/54/memory_sampling_interval_ms	integer	20
/rows/54/peak_tree_processes	integer	64
/rows/54/peak_tree_rss_kib	integer	407416
/rows/54/suite	string	density
/rows/54/trial	integer	4
/rows/54/wall_ms	float	1168.831799
/rows/54/workload	string	hold-1s
/rows/55	object	-
/rows/55/backend	string	staged
/rows/55/child_cpu_ms	float	1787.9030000000018
/rows/55/completed	integer	128
/rows/55/concurrency	integer	128
/rows/55/correctness	string	passed
/rows/55/job_wall_ms	array	-
/rows/55/job_wall_ms/0	float	1212.925731
/rows/55/job_wall_ms/1	float	1202.484668
/rows/55/job_wall_ms/2	float	1242.351255
/rows/55/job_wall_ms/3	float	1224.340954
/rows/55/job_wall_ms/4	float	1227.291494
/rows/55/job_wall_ms/5	float	1239.174972
/rows/55/job_wall_ms/6	float	1204.780246
/rows/55/job_wall_ms/7	float	1240.166654
/rows/55/job_wall_ms/8	float	1239.510889
/rows/55/job_wall_ms/9	float	1237.399525
/rows/55/job_wall_ms/10	float	1235.862624
/rows/55/job_wall_ms/11	float	1236.982296
/rows/55/job_wall_ms/12	float	1203.836453
/rows/55/job_wall_ms/13	float	1216.160082
/rows/55/job_wall_ms/14	float	1236.833627
/rows/55/job_wall_ms/15	float	1196.336164
/rows/55/job_wall_ms/16	float	1195.170186
/rows/55/job_wall_ms/17	float	1224.042726
/rows/55/job_wall_ms/18	float	1213.522977
/rows/55/job_wall_ms/19	float	1195.669418
/rows/55/job_wall_ms/20	float	1212.531985
/rows/55/job_wall_ms/21	float	1196.872895
/rows/55/job_wall_ms/22	float	1216.044937
/rows/55/job_wall_ms/23	float	1217.564705
/rows/55/job_wall_ms/24	float	1218.869484
/rows/55/job_wall_ms/25	float	1227.159418
/rows/55/job_wall_ms/26	float	1213.661987
/rows/55/job_wall_ms/27	float	1215.988601
/rows/55/job_wall_ms/28	float	1213.532454
/rows/55/job_wall_ms/29	float	1214.216992
/rows/55/job_wall_ms/30	float	1215.398129
/rows/55/job_wall_ms/31	float	1227.13418
/rows/55/job_wall_ms/32	float	1237.877948
/rows/55/job_wall_ms/33	float	1232.166541
/rows/55/job_wall_ms/34	float	1228.70264
/rows/55/job_wall_ms/35	float	1214.448716
/rows/55/job_wall_ms/36	float	1217.775931
/rows/55/job_wall_ms/37	float	1232.334193
/rows/55/job_wall_ms/38	float	1234.521019
/rows/55/job_wall_ms/39	float	1215.331575
/rows/55/job_wall_ms/40	float	1183.124606
/rows/55/job_wall_ms/41	float	1214.728538
/rows/55/job_wall_ms/42	float	1193.835974
/rows/55/job_wall_ms/43	float	1191.76219
/rows/55/job_wall_ms/44	float	1208.661275
/rows/55/job_wall_ms/45	float	1201.953837
/rows/55/job_wall_ms/46	float	1199.899308
/rows/55/job_wall_ms/47	float	1200.218315
/rows/55/job_wall_ms/48	float	1200.110133
/rows/55/job_wall_ms/49	float	1204.510523
/rows/55/job_wall_ms/50	float	1200.717347
/rows/55/job_wall_ms/51	float	1206.039217
/rows/55/job_wall_ms/52	float	1211.489167
/rows/55/job_wall_ms/53	float	1213.744179
/rows/55/job_wall_ms/54	float	1201.370226
/rows/55/job_wall_ms/55	float	1201.260181
/rows/55/job_wall_ms/56	float	1200.388993
/rows/55/job_wall_ms/57	float	1195.653949
/rows/55/job_wall_ms/58	float	1195.606781
/rows/55/job_wall_ms/59	float	1195.527614
/rows/55/job_wall_ms/60	float	1198.290895
/rows/55/job_wall_ms/61	float	1189.680962
/rows/55/job_wall_ms/62	float	1197.392416
/rows/55/job_wall_ms/63	float	1197.344366
/rows/55/job_wall_ms/64	float	1198.756204
/rows/55/job_wall_ms/65	float	1210.434497
/rows/55/job_wall_ms/66	float	1217.85604
/rows/55/job_wall_ms/67	float	1204.740722
/rows/55/job_wall_ms/68	float	1216.793365
/rows/55/job_wall_ms/69	float	1198.139572
/rows/55/job_wall_ms/70	float	1213.306862
/rows/55/job_wall_ms/71	float	1205.988593
/rows/55/job_wall_ms/72	float	1197.717013
/rows/55/job_wall_ms/73	float	1203.318065
/rows/55/job_wall_ms/74	float	1207.822138
/rows/55/job_wall_ms/75	float	1199.40702
/rows/55/job_wall_ms/76	float	1197.068492
/rows/55/job_wall_ms/77	float	1207.211196
/rows/55/job_wall_ms/78	float	1202.95713
/rows/55/job_wall_ms/79	float	1201.020423
/rows/55/job_wall_ms/80	float	1195.95963
/rows/55/job_wall_ms/81	float	1201.589135
/rows/55/job_wall_ms/82	float	1187.9559
/rows/55/job_wall_ms/83	float	1195.433657
/rows/55/job_wall_ms/84	float	1186.083994
/rows/55/job_wall_ms/85	float	1196.044098
/rows/55/job_wall_ms/86	float	1190.736343
/rows/55/job_wall_ms/87	float	1191.993432
/rows/55/job_wall_ms/88	float	1203.018596
/rows/55/job_wall_ms/89	float	1198.14409
/rows/55/job_wall_ms/90	float	1202.432211
/rows/55/job_wall_ms/91	float	1186.327438
/rows/55/job_wall_ms/92	float	1196.866854
/rows/55/job_wall_ms/93	float	1192.962743
/rows/55/job_wall_ms/94	float	1183.128464
/rows/55/job_wall_ms/95	float	1184.811676
/rows/55/job_wall_ms/96	float	1186.253189
/rows/55/job_wall_ms/97	float	1183.679392
/rows/55/job_wall_ms/98	float	1179.977137
/rows/55/job_wall_ms/99	float	1186.376761
/rows/55/job_wall_ms/100	float	1178.862795
/rows/55/job_wall_ms/101	float	1170.258904
/rows/55/job_wall_ms/102	float	1177.668475
/rows/55/job_wall_ms/103	float	1183.041109
/rows/55/job_wall_ms/104	float	1181.49398
/rows/55/job_wall_ms/105	float	1172.427605
/rows/55/job_wall_ms/106	float	1183.275408
/rows/55/job_wall_ms/107	float	1172.638158
/rows/55/job_wall_ms/108	float	1166.018733
/rows/55/job_wall_ms/109	float	1175.424042
/rows/55/job_wall_ms/110	float	1184.972328
/rows/55/job_wall_ms/111	float	1177.477798
/rows/55/job_wall_ms/112	float	1174.662379
/rows/55/job_wall_ms/113	float	1170.00528
/rows/55/job_wall_ms/114	float	1164.377268
/rows/55/job_wall_ms/115	float	1168.063824
/rows/55/job_wall_ms/116	float	1175.228246
/rows/55/job_wall_ms/117	float	1163.358185
/rows/55/job_wall_ms/118	float	1170.158006
/rows/55/job_wall_ms/119	float	1177.159644
/rows/55/job_wall_ms/120	float	1166.611812
/rows/55/job_wall_ms/121	float	1183.148029
/rows/55/job_wall_ms/122	float	1174.109316
/rows/55/job_wall_ms/123	float	1162.189702
/rows/55/job_wall_ms/124	float	1158.978063
/rows/55/job_wall_ms/125	float	1170.437317
/rows/55/job_wall_ms/126	float	1167.241899
/rows/55/job_wall_ms/127	float	1163.840055
/rows/55/memory_sampling_interval_ms	integer	20
/rows/55/peak_tree_processes	integer	256
/rows/55/peak_tree_rss_kib	integer	1632260
/rows/55/suite	string	density
/rows/55/trial	integer	0
/rows/55/wall_ms	float	1290.77801
/rows/55/workload	string	hold-1s
/rows/56	object	-
/rows/56/backend	string	staged
/rows/56/child_cpu_ms	float	1773.4789999999982
/rows/56/completed	integer	128
/rows/56/concurrency	integer	128
/rows/56/correctness	string	passed
/rows/56/job_wall_ms	array	-
/rows/56/job_wall_ms/0	float	1204.143186
/rows/56/job_wall_ms/1	float	1245.332162
/rows/56/job_wall_ms/2	float	1248.076738
/rows/56/job_wall_ms/3	float	1245.728793
/rows/56/job_wall_ms/4	float	1237.052947
/rows/56/job_wall_ms/5	float	1249.649807
/rows/56/job_wall_ms/6	float	1213.417871
/rows/56/job_wall_ms/7	float	1213.247563
/rows/56/job_wall_ms/8	float	1214.15652
/rows/56/job_wall_ms/9	float	1225.945671
/rows/56/job_wall_ms/10	float	1214.91698
/rows/56/job_wall_ms/11	float	1212.621684
/rows/56/job_wall_ms/12	float	1215.503326
/rows/56/job_wall_ms/13	float	1229.646382
/rows/56/job_wall_ms/14	float	1213.621339
/rows/56/job_wall_ms/15	float	1212.582279
/rows/56/job_wall_ms/16	float	1227.987885
/rows/56/job_wall_ms/17	float	1212.809924
/rows/56/job_wall_ms/18	float	1216.965286
/rows/56/job_wall_ms/19	float	1226.30432
/rows/56/job_wall_ms/20	float	1214.126835
/rows/56/job_wall_ms/21	float	1224.817833
/rows/56/job_wall_ms/22	float	1242.012642
/rows/56/job_wall_ms/23	float	1247.434188
/rows/56/job_wall_ms/24	float	1244.775392
/rows/56/job_wall_ms/25	float	1204.550346
/rows/56/job_wall_ms/26	float	1204.647158
/rows/56/job_wall_ms/27	float	1196.499468
/rows/56/job_wall_ms/28	float	1195.631177
/rows/56/job_wall_ms/29	float	1204.055732
/rows/56/job_wall_ms/30	float	1208.946638
/rows/56/job_wall_ms/31	float	1204.693394
/rows/56/job_wall_ms/32	float	1206.466115
/rows/56/job_wall_ms/33	float	1198.172794
/rows/56/job_wall_ms/34	float	1205.554894
/rows/56/job_wall_ms/35	float	1205.550966
/rows/56/job_wall_ms/36	float	1205.389704
/rows/56/job_wall_ms/37	float	1194.14985
/rows/56/job_wall_ms/38	float	1205.018881
/rows/56/job_wall_ms/39	float	1231.57768
/rows/56/job_wall_ms/40	float	1222.746654
/rows/56/job_wall_ms/41	float	1224.169903
/rows/56/job_wall_ms/42	float	1223.10832
/rows/56/job_wall_ms/43	float	1229.862727
/rows/56/job_wall_ms/44	float	1235.301616
/rows/56/job_wall_ms/45	float	1215.317478
/rows/56/job_wall_ms/46	float	1212.628715
/rows/56/job_wall_ms/47	float	1209.403982
/rows/56/job_wall_ms/48	float	1229.442712
/rows/56/job_wall_ms/49	float	1229.879799
/rows/56/job_wall_ms/50	float	1214.629794
/rows/56/job_wall_ms/51	float	1224.338098
/rows/56/job_wall_ms/52	float	1226.767426
/rows/56/job_wall_ms/53	float	1229.410893
/rows/56/job_wall_ms/54	float	1221.974973
/rows/56/job_wall_ms/55	float	1209.072042
/rows/56/job_wall_ms/56	float	1207.876941
/rows/56/job_wall_ms/57	float	1204.681551
/rows/56/job_wall_ms/58	float	1208.834398
/rows/56/job_wall_ms/59	float	1208.397162
/rows/56/job_wall_ms/60	float	1213.157454
/rows/56/job_wall_ms/61	float	1206.587622
/rows/56/job_wall_ms/62	float	1205.985988
/rows/56/job_wall_ms/63	float	1218.41282
/rows/56/job_wall_ms/64	float	1203.25127
/rows/56/job_wall_ms/65	float	1221.87672
/rows/56/job_wall_ms/66	float	1208.14439
/rows/56/job_wall_ms/67	float	1214.839656
/rows/56/job_wall_ms/68	float	1213.012232
/rows/56/job_wall_ms/69	float	1218.480978
/rows/56/job_wall_ms/70	float	1218.767252
/rows/56/job_wall_ms/71	float	1214.721175
/rows/56/job_wall_ms/72	float	1217.359001
/rows/56/job_wall_ms/73	float	1220.005805
/rows/56/job_wall_ms/74	float	1214.886844
/rows/56/job_wall_ms/75	float	1205.148614
/rows/56/job_wall_ms/76	float	1212.435024
/rows/56/job_wall_ms/77	float	1217.43323
/rows/56/job_wall_ms/78	float	1208.800485
/rows/56/job_wall_ms/79	float	1213.966635
/rows/56/job_wall_ms/80	float	1210.898304
/rows/56/job_wall_ms/81	float	1208.828327
/rows/56/job_wall_ms/82	float	1203.125565
/rows/56/job_wall_ms/83	float	1211.185892
/rows/56/job_wall_ms/84	float	1203.546882
/rows/56/job_wall_ms/85	float	1208.36387
/rows/56/job_wall_ms/86	float	1185.028212
/rows/56/job_wall_ms/87	float	1186.714801
/rows/56/job_wall_ms/88	float	1200.268519
/rows/56/job_wall_ms/89	float	1169.701123
/rows/56/job_wall_ms/90	float	1189.184706
/rows/56/job_wall_ms/91	float	1211.108126
/rows/56/job_wall_ms/92	float	1180.987954
/rows/56/job_wall_ms/93	float	1169.919821
/rows/56/job_wall_ms/94	float	1182.242479
/rows/56/job_wall_ms/95	float	1170.812117
/rows/56/job_wall_ms/96	float	1170.235591
/rows/56/job_wall_ms/97	float	1163.842118
/rows/56/job_wall_ms/98	float	1200.409652
/rows/56/job_wall_ms/99	float	1200.201984
/rows/56/job_wall_ms/100	float	1168.138344
/rows/56/job_wall_ms/101	float	1194.238334
/rows/56/job_wall_ms/102	float	1182.547588
/rows/56/job_wall_ms/103	float	1174.650547
/rows/56/job_wall_ms/104	float	1167.635524
/rows/56/job_wall_ms/105	float	1169.610043
/rows/56/job_wall_ms/106	float	1199.437958
/rows/56/job_wall_ms/107	float	1201.128254
/rows/56/job_wall_ms/108	float	1176.179493
/rows/56/job_wall_ms/109	float	1170.840591
/rows/56/job_wall_ms/110	float	1192.885367
/rows/56/job_wall_ms/111	float	1164.933096
/rows/56/job_wall_ms/112	float	1161.434531
/rows/56/job_wall_ms/113	float	1164.93529
/rows/56/job_wall_ms/114	float	1181.567478
/rows/56/job_wall_ms/115	float	1164.013359
/rows/56/job_wall_ms/116	float	1181.100414
/rows/56/job_wall_ms/117	float	1154.47927
/rows/56/job_wall_ms/118	float	1159.130688
/rows/56/job_wall_ms/119	float	1175.918166
/rows/56/job_wall_ms/120	float	1179.643153
/rows/56/job_wall_ms/121	float	1157.212105
/rows/56/job_wall_ms/122	float	1155.296085
/rows/56/job_wall_ms/123	float	1153.896141
/rows/56/job_wall_ms/124	float	1176.983304
/rows/56/job_wall_ms/125	float	1174.85042
/rows/56/job_wall_ms/126	float	1143.87896
/rows/56/job_wall_ms/127	float	1177.110692
/rows/56/memory_sampling_interval_ms	integer	20
/rows/56/peak_tree_processes	integer	256
/rows/56/peak_tree_rss_kib	integer	1637272
/rows/56/suite	string	density
/rows/56/trial	integer	1
/rows/56/wall_ms	float	1277.173578
/rows/56/workload	string	hold-1s
/rows/57	object	-
/rows/57/backend	string	staged
/rows/57/child_cpu_ms	float	1829.1910000000016
/rows/57/completed	integer	128
/rows/57/concurrency	integer	128
/rows/57/correctness	string	passed
/rows/57/job_wall_ms	array	-
/rows/57/job_wall_ms/0	float	1225.410471
/rows/57/job_wall_ms/1	float	1203.84549
/rows/57/job_wall_ms/2	float	1224.106455
/rows/57/job_wall_ms/3	float	1225.305575
/rows/57/job_wall_ms/4	float	1224.900278
/rows/57/job_wall_ms/5	float	1225.407967
/rows/57/job_wall_ms/6	float	1225.370496
/rows/57/job_wall_ms/7	float	1196.463901
/rows/57/job_wall_ms/8	float	1217.730365
/rows/57/job_wall_ms/9	float	1224.758182
/rows/57/job_wall_ms/10	float	1216.682698
/rows/57/job_wall_ms/11	float	1216.455283
/rows/57/job_wall_ms/12	float	1224.697038
/rows/57/job_wall_ms/13	float	1206.720771
/rows/57/job_wall_ms/14	float	1218.399284
/rows/57/job_wall_ms/15	float	1196.217332
/rows/57/job_wall_ms/16	float	1221.465813
/rows/57/job_wall_ms/17	float	1216.490619
/rows/57/job_wall_ms/18	float	1217.884534
/rows/57/job_wall_ms/19	float	1217.811146
/rows/57/job_wall_ms/20	float	1194.757254
/rows/57/job_wall_ms/21	float	1215.249551
/rows/57/job_wall_ms/22	float	1216.717242
/rows/57/job_wall_ms/23	float	1215.433645
/rows/57/job_wall_ms/24	float	1223.344011
/rows/57/job_wall_ms/25	float	1215.355229
/rows/57/job_wall_ms/26	float	1223.519689
/rows/57/job_wall_ms/27	float	1220.201772
/rows/57/job_wall_ms/28	float	1215.336483
/rows/57/job_wall_ms/29	float	1221.144472
/rows/57/job_wall_ms/30	float	1207.434565
/rows/57/job_wall_ms/31	float	1212.033805
/rows/57/job_wall_ms/32	float	1204.836932
/rows/57/job_wall_ms/33	float	1204.708221
/rows/57/job_wall_ms/34	float	1209.615056
/rows/57/job_wall_ms/35	float	1209.229347
/rows/57/job_wall_ms/36	float	1206.706814
/rows/57/job_wall_ms/37	float	1210.412727
/rows/57/job_wall_ms/38	float	1206.305185
/rows/57/job_wall_ms/39	float	1217.638053
/rows/57/job_wall_ms/40	float	1202.333576
/rows/57/job_wall_ms/41	float	1206.245784
/rows/57/job_wall_ms/42	float	1209.080038
/rows/57/job_wall_ms/43	float	1195.535908
/rows/57/job_wall_ms/44	float	1210.492425
/rows/57/job_wall_ms/45	float	1207.278873
/rows/57/job_wall_ms/46	float	1200.286962
/rows/57/job_wall_ms/47	float	1197.612437
/rows/57/job_wall_ms/48	float	1195.175576
/rows/57/job_wall_ms/49	float	1221.428132
/rows/57/job_wall_ms/50	float	1219.238172
/rows/57/job_wall_ms/51	float	1218.515552
/rows/57/job_wall_ms/52	float	1223.364619
/rows/57/job_wall_ms/53	float	1216.338395
/rows/57/job_wall_ms/54	float	1210.979125
/rows/57/job_wall_ms/55	float	1211.577462
/rows/57/job_wall_ms/56	float	1209.229998
/rows/57/job_wall_ms/57	float	1210.504307
/rows/57/job_wall_ms/58	float	1209.499101
/rows/57/job_wall_ms/59	float	1208.675963
/rows/57/job_wall_ms/60	float	1190.035695
/rows/57/job_wall_ms/61	float	1217.727861
/rows/57/job_wall_ms/62	float	1208.654062
/rows/57/job_wall_ms/63	float	1207.02555
/rows/57/job_wall_ms/64	float	1213.276797
/rows/57/job_wall_ms/65	float	1212.886067
/rows/57/job_wall_ms/66	float	1216.528621
/rows/57/job_wall_ms/67	float	1207.405099
/rows/57/job_wall_ms/68	float	1210.389814
/rows/57/job_wall_ms/69	float	1211.759722
/rows/57/job_wall_ms/70	float	1211.304482
/rows/57/job_wall_ms/71	float	1211.532087
/rows/57/job_wall_ms/72	float	1202.101472
/rows/57/job_wall_ms/73	float	1204.085117
/rows/57/job_wall_ms/74	float	1197.932455
/rows/57/job_wall_ms/75	float	1203.876749
/rows/57/job_wall_ms/76	float	1204.54692
/rows/57/job_wall_ms/77	float	1207.390932
/rows/57/job_wall_ms/78	float	1201.559149
/rows/57/job_wall_ms/79	float	1210.596801
/rows/57/job_wall_ms/80	float	1195.937749
/rows/57/job_wall_ms/81	float	1207.967169
/rows/57/job_wall_ms/82	float	1204.906492
/rows/57/job_wall_ms/83	float	1196.349328
/rows/57/job_wall_ms/84	float	1192.596878
/rows/57/job_wall_ms/85	float	1190.058487
/rows/57/job_wall_ms/86	float	1197.663102
/rows/57/job_wall_ms/87	float	1194.196728
/rows/57/job_wall_ms/88	float	1196.461117
/rows/57/job_wall_ms/89	float	1182.907981
/rows/57/job_wall_ms/90	float	1323.242269
/rows/57/job_wall_ms/91	float	1318.100895
/rows/57/job_wall_ms/92	float	1188.387075
/rows/57/job_wall_ms/93	float	1319.386556
/rows/57/job_wall_ms/94	float	1318.4892
/rows/57/job_wall_ms/95	float	1181.780705
/rows/57/job_wall_ms/96	float	1181.832363
/rows/57/job_wall_ms/97	float	1188.591748
/rows/57/job_wall_ms/98	float	1178.556423
/rows/57/job_wall_ms/99	float	1316.423893
/rows/57/job_wall_ms/100	float	1176.028291
/rows/57/job_wall_ms/101	float	1179.174097
/rows/57/job_wall_ms/102	float	1308.587396
/rows/57/job_wall_ms/103	float	1316.125836
/rows/57/job_wall_ms/104	float	1191.366752
/rows/57/job_wall_ms/105	float	1161.739682
/rows/57/job_wall_ms/106	float	1176.582756
/rows/57/job_wall_ms/107	float	1308.808638
/rows/57/job_wall_ms/108	float	1186.568618
/rows/57/job_wall_ms/109	float	1313.891913
/rows/57/job_wall_ms/110	float	1178.507582
/rows/57/job_wall_ms/111	float	1182.337325
/rows/57/job_wall_ms/112	float	1305.940852
/rows/57/job_wall_ms/113	float	1177.57008
/rows/57/job_wall_ms/114	float	1316.330209
/rows/57/job_wall_ms/115	float	1159.552526
/rows/57/job_wall_ms/116	float	1157.132836
/rows/57/job_wall_ms/117	float	1304.136141
/rows/57/job_wall_ms/118	float	1295.121012
/rows/57/job_wall_ms/119	float	1168.154343
/rows/57/job_wall_ms/120	float	1165.404336
/rows/57/job_wall_ms/121	float	1302.199764
/rows/57/job_wall_ms/122	float	1163.330723
/rows/57/job_wall_ms/123	float	1292.52846
/rows/57/job_wall_ms/124	float	1294.963477
/rows/57/job_wall_ms/125	float	1298.497749
/rows/57/job_wall_ms/126	float	1152.283699
/rows/57/job_wall_ms/127	float	1297.80795
/rows/57/memory_sampling_interval_ms	integer	20
/rows/57/peak_tree_processes	integer	256
/rows/57/peak_tree_rss_kib	integer	1635532
/rows/57/suite	string	density
/rows/57/trial	integer	2
/rows/57/wall_ms	float	1401.34719
/rows/57/workload	string	hold-1s
/rows/58	object	-
/rows/58/backend	string	staged
/rows/58/child_cpu_ms	float	1786.6959999999956
/rows/58/completed	integer	128
/rows/58/concurrency	integer	128
/rows/58/correctness	string	passed
/rows/58/job_wall_ms	array	-
/rows/58/job_wall_ms/0	float	1235.794327
/rows/58/job_wall_ms/1	float	1252.093692
/rows/58/job_wall_ms/2	float	1248.912059
/rows/58/job_wall_ms/3	float	1249.296678
/rows/58/job_wall_ms/4	float	1246.327531
/rows/58/job_wall_ms/5	float	1254.883673
/rows/58/job_wall_ms/6	float	1253.316305
/rows/58/job_wall_ms/7	float	1246.187781
/rows/58/job_wall_ms/8	float	1257.005447
/rows/58/job_wall_ms/9	float	1224.292663
/rows/58/job_wall_ms/10	float	1247.937399
/rows/58/job_wall_ms/11	float	1249.652251
/rows/58/job_wall_ms/12	float	1249.905314
/rows/58/job_wall_ms/13	float	1212.353932
/rows/58/job_wall_ms/14	float	1248.140938
/rows/58/job_wall_ms/15	float	1234.272454
/rows/58/job_wall_ms/16	float	1226.145584
/rows/58/job_wall_ms/17	float	1238.630304
/rows/58/job_wall_ms/18	float	1214.766899
/rows/58/job_wall_ms/19	float	1239.42045
/rows/58/job_wall_ms/20	float	1229.29727
/rows/58/job_wall_ms/21	float	1227.434401
/rows/58/job_wall_ms/22	float	1216.868255
/rows/58/job_wall_ms/23	float	1239.553498
/rows/58/job_wall_ms/24	float	1214.659019
/rows/58/job_wall_ms/25	float	1204.675952
/rows/58/job_wall_ms/26	float	1203.887478
/rows/58/job_wall_ms/27	float	1204.226872
/rows/58/job_wall_ms/28	float	1202.856903
/rows/58/job_wall_ms/29	float	1208.630107
/rows/58/job_wall_ms/30	float	1205.646193
/rows/58/job_wall_ms/31	float	1206.171405
/rows/58/job_wall_ms/32	float	1205.326647
/rows/58/job_wall_ms/33	float	1206.116963
/rows/58/job_wall_ms/34	float	1207.095961
/rows/58/job_wall_ms/35	float	1220.480322
/rows/58/job_wall_ms/36	float	1218.860105
/rows/58/job_wall_ms/37	float	1205.606449
/rows/58/job_wall_ms/38	float	1206.047222
/rows/58/job_wall_ms/39	float	1206.352073
/rows/58/job_wall_ms/40	float	1210.01801
/rows/58/job_wall_ms/41	float	1207.757968
/rows/58/job_wall_ms/42	float	1211.853067
/rows/58/job_wall_ms/43	float	1209.631848
/rows/58/job_wall_ms/44	float	1213.001311
/rows/58/job_wall_ms/45	float	1217.962489
/rows/58/job_wall_ms/46	float	1215.202383
/rows/58/job_wall_ms/47	float	1227.322453
/rows/58/job_wall_ms/48	float	1194.40143
/rows/58/job_wall_ms/49	float	1221.57111
/rows/58/job_wall_ms/50	float	1196.467949
/rows/58/job_wall_ms/51	float	1195.796866
/rows/58/job_wall_ms/52	float	1201.191262
/rows/58/job_wall_ms/53	float	1192.025591
/rows/58/job_wall_ms/54	float	1227.084578
/rows/58/job_wall_ms/55	float	1228.123048
/rows/58/job_wall_ms/56	float	1231.797902
/rows/58/job_wall_ms/57	float	1227.943302
/rows/58/job_wall_ms/58	float	1228.554323
/rows/58/job_wall_ms/59	float	1199.387263
/rows/58/job_wall_ms/60	float	1192.849531
/rows/58/job_wall_ms/61	float	1233.951133
/rows/58/job_wall_ms/62	float	1197.205367
/rows/58/job_wall_ms/63	float	1194.119403
/rows/58/job_wall_ms/64	float	1226.779367
/rows/58/job_wall_ms/65	float	1192.819925
/rows/58/job_wall_ms/66	float	1217.815304
/rows/58/job_wall_ms/67	float	1224.535386
/rows/58/job_wall_ms/68	float	1228.671051
/rows/58/job_wall_ms/69	float	1193.793564
/rows/58/job_wall_ms/70	float	1222.683357
/rows/58/job_wall_ms/71	float	1192.879246
/rows/58/job_wall_ms/72	float	1222.643853
/rows/58/job_wall_ms/73	float	1215.46788
/rows/58/job_wall_ms/74	float	1214.961874
/rows/58/job_wall_ms/75	float	1188.070214
/rows/58/job_wall_ms/76	float	1188.728914
/rows/58/job_wall_ms/77	float	1208.213879
/rows/58/job_wall_ms/78	float	1223.364579
/rows/58/job_wall_ms/79	float	1190.547831
/rows/58/job_wall_ms/80	float	1190.570534
/rows/58/job_wall_ms/81	float	1213.065091
/rows/58/job_wall_ms/82	float	1210.144927
/rows/58/job_wall_ms/83	float	1187.974334
/rows/58/job_wall_ms/84	float	1176.963668
/rows/58/job_wall_ms/85	float	1187.627467
/rows/58/job_wall_ms/86	float	1189.413833
/rows/58/job_wall_ms/87	float	1206.99364
/rows/58/job_wall_ms/88	float	1215.293013
/rows/58/job_wall_ms/89	float	1202.426028
/rows/58/job_wall_ms/90	float	1210.295157
/rows/58/job_wall_ms/91	float	1205.744478
/rows/58/job_wall_ms/92	float	1186.918062
/rows/58/job_wall_ms/93	float	1208.766612
/rows/58/job_wall_ms/94	float	1185.160168
/rows/58/job_wall_ms/95	float	1185.5571
/rows/58/job_wall_ms/96	float	1213.719884
/rows/58/job_wall_ms/97	float	1171.143697
/rows/58/job_wall_ms/98	float	1181.238443
/rows/58/job_wall_ms/99	float	1203.998616
/rows/58/job_wall_ms/100	float	1201.058684
/rows/58/job_wall_ms/101	float	1202.620452
/rows/58/job_wall_ms/102	float	1200.448806
/rows/58/job_wall_ms/103	float	1200.685988
/rows/58/job_wall_ms/104	float	1168.15845
/rows/58/job_wall_ms/105	float	1175.421267
/rows/58/job_wall_ms/106	float	1196.82655
/rows/58/job_wall_ms/107	float	1162.465317
/rows/58/job_wall_ms/108	float	1197.991305
/rows/58/job_wall_ms/109	float	1191.670579
/rows/58/job_wall_ms/110	float	1187.684744
/rows/58/job_wall_ms/111	float	1176.061252
/rows/58/job_wall_ms/112	float	1170.12835
/rows/58/job_wall_ms/113	float	1156.518549
/rows/58/job_wall_ms/114	float	1166.464688
/rows/58/job_wall_ms/115	float	1178.582572
/rows/58/job_wall_ms/116	float	1171.652828
/rows/58/job_wall_ms/117	float	1173.359987
/rows/58/job_wall_ms/118	float	1170.850669
/rows/58/job_wall_ms/119	float	1173.057993
/rows/58/job_wall_ms/120	float	1167.969257
/rows/58/job_wall_ms/121	float	1170.954454
/rows/58/job_wall_ms/122	float	1173.177054
/rows/58/job_wall_ms/123	float	1164.113025
/rows/58/job_wall_ms/124	float	1164.630992
/rows/58/job_wall_ms/125	float	1180.605641
/rows/58/job_wall_ms/126	float	1161.416828
/rows/58/job_wall_ms/127	float	1170.298608
/rows/58/memory_sampling_interval_ms	integer	20
/rows/58/peak_tree_processes	integer	256
/rows/58/peak_tree_rss_kib	integer	1635568
/rows/58/suite	string	density
/rows/58/trial	integer	3
/rows/58/wall_ms	float	1291.242947
/rows/58/workload	string	hold-1s
/rows/59	object	-
/rows/59/backend	string	staged
/rows/59/child_cpu_ms	float	1741.3010000000036
/rows/59/completed	integer	128
/rows/59/concurrency	integer	128
/rows/59/correctness	string	passed
/rows/59/job_wall_ms	array	-
/rows/59/job_wall_ms/0	float	1211.390623
/rows/59/job_wall_ms/1	float	1071.319647
/rows/59/job_wall_ms/2	float	1070.990562
/rows/59/job_wall_ms/3	float	1258.305344
/rows/59/job_wall_ms/4	float	1259.33118
/rows/59/job_wall_ms/5	float	1213.031248
/rows/59/job_wall_ms/6	float	1251.468053
/rows/59/job_wall_ms/7	float	1257.748053
/rows/59/job_wall_ms/8	float	1214.709533
/rows/59/job_wall_ms/9	float	1213.61573
/rows/59/job_wall_ms/10	float	1212.959954
/rows/59/job_wall_ms/11	float	1223.170277
/rows/59/job_wall_ms/12	float	1212.069431
/rows/59/job_wall_ms/13	float	1215.272915
/rows/59/job_wall_ms/14	float	1212.683328
/rows/59/job_wall_ms/15	float	1203.440313
/rows/59/job_wall_ms/16	float	1215.261975
/rows/59/job_wall_ms/17	float	1203.832004
/rows/59/job_wall_ms/18	float	1205.271083
/rows/59/job_wall_ms/19	float	1212.21871
/rows/59/job_wall_ms/20	float	1203.167153
/rows/59/job_wall_ms/21	float	1239.268807
/rows/59/job_wall_ms/22	float	1203.747076
/rows/59/job_wall_ms/23	float	1249.505227
/rows/59/job_wall_ms/24	float	1244.866312
/rows/59/job_wall_ms/25	float	1202.343575
/rows/59/job_wall_ms/26	float	1223.04358
/rows/59/job_wall_ms/27	float	1244.421712
/rows/59/job_wall_ms/28	float	1244.99945
/rows/59/job_wall_ms/29	float	1248.603513
/rows/59/job_wall_ms/30	float	1241.393776
/rows/59/job_wall_ms/31	float	1227.628283
/rows/59/job_wall_ms/32	float	1226.09571
/rows/59/job_wall_ms/33	float	1235.100971
/rows/59/job_wall_ms/34	float	1225.98257
/rows/59/job_wall_ms/35	float	1239.37289
/rows/59/job_wall_ms/36	float	1222.519421
/rows/59/job_wall_ms/37	float	1216.188435
/rows/59/job_wall_ms/38	float	1238.324032
/rows/59/job_wall_ms/39	float	1240.520264
/rows/59/job_wall_ms/40	float	1241.032221
/rows/59/job_wall_ms/41	float	1238.098251
/rows/59/job_wall_ms/42	float	1239.603863
/rows/59/job_wall_ms/43	float	1237.310008
/rows/59/job_wall_ms/44	float	1235.195698
/rows/59/job_wall_ms/45	float	1190.368877
/rows/59/job_wall_ms/46	float	1194.265836
/rows/59/job_wall_ms/47	float	1199.842022
/rows/59/job_wall_ms/48	float	1188.861491
/rows/59/job_wall_ms/49	float	1189.627692
/rows/59/job_wall_ms/50	float	1190.747845
/rows/59/job_wall_ms/51	float	1203.636469
/rows/59/job_wall_ms/52	float	1191.429308
/rows/59/job_wall_ms/53	float	1201.587643
/rows/59/job_wall_ms/54	float	1199.748487
/rows/59/job_wall_ms/55	float	1200.872828
/rows/59/job_wall_ms/56	float	1192.591679
/rows/59/job_wall_ms/57	float	1194.302796
/rows/59/job_wall_ms/58	float	1197.967621
/rows/59/job_wall_ms/59	float	1184.697393
/rows/59/job_wall_ms/60	float	1195.783962
/rows/59/job_wall_ms/61	float	1191.289015
/rows/59/job_wall_ms/62	float	1174.449211
/rows/59/job_wall_ms/63	float	1185.586996
/rows/59/job_wall_ms/64	float	1184.06887
/rows/59/job_wall_ms/65	float	1185.387994
/rows/59/job_wall_ms/66	float	1184.35826
/rows/59/job_wall_ms/67	float	1193.816688
/rows/59/job_wall_ms/68	float	1191.224146
/rows/59/job_wall_ms/69	float	1207.724776
/rows/59/job_wall_ms/70	float	1191.915657
/rows/59/job_wall_ms/71	float	1192.474811
/rows/59/job_wall_ms/72	float	1193.938925
/rows/59/job_wall_ms/73	float	1188.015091
/rows/59/job_wall_ms/74	float	1195.418009
/rows/59/job_wall_ms/75	float	1194.918054
/rows/59/job_wall_ms/76	float	1208.361987
/rows/59/job_wall_ms/77	float	1195.611971
/rows/59/job_wall_ms/78	float	1196.936395
/rows/59/job_wall_ms/79	float	1195.035634
/rows/59/job_wall_ms/80	float	1194.069049
/rows/59/job_wall_ms/81	float	1197.793696
/rows/59/job_wall_ms/82	float	1189.363109
/rows/59/job_wall_ms/83	float	1209.647167
/rows/59/job_wall_ms/84	float	1192.495429
/rows/59/job_wall_ms/85	float	1194.676574
/rows/59/job_wall_ms/86	float	1190.930446
/rows/59/job_wall_ms/87	float	1195.696419
/rows/59/job_wall_ms/88	float	1194.708002
/rows/59/job_wall_ms/89	float	1199.597185
/rows/59/job_wall_ms/90	float	1188.434684
/rows/59/job_wall_ms/91	float	1193.621302
/rows/59/job_wall_ms/92	float	1185.370771
/rows/59/job_wall_ms/93	float	1211.476073
/rows/59/job_wall_ms/94	float	1187.074383
/rows/59/job_wall_ms/95	float	1198.572601
/rows/59/job_wall_ms/96	float	1193.467345
/rows/59/job_wall_ms/97	float	1184.996192
/rows/59/job_wall_ms/98	float	1189.331519
/rows/59/job_wall_ms/99	float	1195.580632
/rows/59/job_wall_ms/100	float	1186.914344
/rows/59/job_wall_ms/101	float	1190.915639
/rows/59/job_wall_ms/102	float	1190.612573
/rows/59/job_wall_ms/103	float	1188.004922
/rows/59/job_wall_ms/104	float	1193.872792
/rows/59/job_wall_ms/105	float	1187.985466
/rows/59/job_wall_ms/106	float	1191.683582
/rows/59/job_wall_ms/107	float	1190.340264
/rows/59/job_wall_ms/108	float	1186.706096
/rows/59/job_wall_ms/109	float	1178.666689
/rows/59/job_wall_ms/110	float	1176.758825
/rows/59/job_wall_ms/111	float	1187.919001
/rows/59/job_wall_ms/112	float	1189.834088
/rows/59/job_wall_ms/113	float	1184.66881
/rows/59/job_wall_ms/114	float	1192.447319
/rows/59/job_wall_ms/115	float	1183.681036
/rows/59/job_wall_ms/116	float	1183.380594
/rows/59/job_wall_ms/117	float	1193.102824
/rows/59/job_wall_ms/118	float	1189.024236
/rows/59/job_wall_ms/119	float	1195.147123
/rows/59/job_wall_ms/120	float	1196.426743
/rows/59/job_wall_ms/121	float	1178.707746
/rows/59/job_wall_ms/122	float	1176.652657
/rows/59/job_wall_ms/123	float	1182.092037
/rows/59/job_wall_ms/124	float	1176.752523
/rows/59/job_wall_ms/125	float	1176.631086
/rows/59/job_wall_ms/126	float	1175.503841
/rows/59/job_wall_ms/127	float	1176.473142
/rows/59/memory_sampling_interval_ms	integer	20
/rows/59/peak_tree_processes	integer	256
/rows/59/peak_tree_rss_kib	integer	1638376
/rows/59/suite	string	density
/rows/59/trial	integer	4
/rows/59/wall_ms	float	1289.845227
/rows/59/workload	string	hold-1s
/schema	string	pvisor-benchmark/v1
/source_binary	string	/tmp/pvisor-product-v1-tested-binary
/source_commit	string	36eaa74a879b41f088b6dd9b804882087196751d
/source_status	string	 M benchmark/pvisor/product_v1.py\n M benchmark/pvisor/v1/apply.py\n M benchmark/pvisor/v1/common.py\n M benchmark/pvisor/v1/filesystem.py\n M benchmark/pvisor/v1/oci.py\n M crates/pvisor/src/executor/vm/supported.rs\n M crates/pvisor/src/kernel_bundle.rs\n M crates/pvisor/tests/vm_snapshot_cpu.rs\nM  docs/src/en/benchmarks/compare-agent-sandboxes.md\nM  docs/src/en/benchmarks/compare-cloud-sandboxes.md\nM  docs/src/en/benchmarks/compare-containers.md\nM  docs/src/en/benchmarks/compare-rl-infra.md\nM  docs/src/en/benchmarks/compare-runtimes.md\nM  docs/src/zh/benchmarks/compare-agent-sandboxes.md\nM  docs/src/zh/benchmarks/compare-cloud-sandboxes.md\nM  docs/src/zh/benchmarks/compare-containers.md\nM  docs/src/zh/benchmarks/compare-rl-infra.md\nM  docs/src/zh/benchmarks/compare-runtimes.md\n M vendor/krun-vmm/src/builder.rs\n M vendor/krun-vmm/src/linux/mod.rs\n M vendor/krun-vmm/src/linux/prefault.rs\n M vendor/krun-vmm/src/linux/vstate.rs\n?? benchmark/pvisor/v1/baselines.py\n?? benchmark/pvisor/v1/replay.py\n?? benchmark/pvisor/v1/supervision.py\n?? vendor/krun-vmm/src/linux/cpuid.rs\n
/suite	string	product-v1
