path	type	value
	object	-
/arguments	object	-
/arguments/assets	string	/home/reiase/workspace/pvisor/target/reference-env-final-20261004
/arguments/baseline	string	/home/reiase/workspace/pvisor/target/p1-filesystem-artifacts-20261005/pvisor-baseline
/arguments/baseline_staged_isolation	string	rootless_process
/arguments/candidate	string	/home/reiase/workspace/pvisor/target/p1-filesystem-artifacts-20261005/pvisor-final
/arguments/candidate_staged_isolation	string	rootless_process
/arguments/cpu_affinity	string	0,1
/arguments/firmware	string	/home/reiase/workspace/pvisor/target/p0-filesystem-artifacts-20261005/firmware
/arguments/memory_mib	integer	16384
/arguments/output	string	/home/reiase/workspace/pvisor/target/p1-filesystem-final-full-20261005
/arguments/profile	boolean	false
/arguments/provenance	string	target/p1-filesystem-artifacts-20261005/final-provenance.json
/arguments/samples	integer	30
/arguments/warmups	integer	3
/assets	object	-
/assets/disk	string	/home/reiase/workspace/pvisor/target/reference-env-final-20261004/agent-env.ext4
/assets/docker_image	string	sha256:4a379f54216364021da005dccde6edad3c1ae64dff222588425e5f2fc181ad95
/assets/files	integer	75540
/assets/fixture_git_commit	string	1bf3d4896439bb6a2bc89daa94f22cc037c27737
/assets/init_sha256	string	c94b00e2b96f5c7403b985f269e90e8512467d927a92b9db2d2b7fc8fde58cc7
/assets/kernel	string	/home/reiase/workspace/pvisor/target/reference-env-final-20261004/vmlinux
/assets/kernel_config_sha256	string	aee73a94bfba4fe057e472e2ba05d2125fbdea20bef89a6eedf5e160d0e7616e
/assets/preparation_scope	string	offline copying installed tools, image import and ext4 creation; excludes package download and kernel compilation
/assets/rootfs	string	/home/reiase/workspace/pvisor/target/reference-env-final-20261004/rootfs
/assets/rootfs_file_bytes	integer	3827107007
/assets/setup_wall_ms	float	108381.35316
/assets/workload_sha256	string	403eab78571c26ea5e1ba1ab10fa1fa930ac18bb39487749563b264a4a0b9040
/assets_fs_workload_sha256	string	484e661b91720d03119998cca082db6fe57d5d40591957af1840e872066b61cc
/assets_workload_sha256	string	ff6c391b623e12351cf3dbca19e15af33c6162b8b8134748f13d86b30dde400e
/binary_sha256	object	-
/binary_sha256/baseline	string	c740ec0e87c1053e5ce1c214f668184459ceba70ed229a3cd9e8dddde8cd20ae
/binary_sha256/candidate	string	189b4de50bd2cc283f49c779a09c7b95887b64d1420bdfae0ac2c20927f23802
/binary_sha256/native	string	189b4de50bd2cc283f49c779a09c7b95887b64d1420bdfae0ac2c20927f23802
/build_provenance	object	-
/build_provenance/binary_sha256	object	-
/build_provenance/binary_sha256/baseline	string	c740ec0e87c1053e5ce1c214f668184459ceba70ed229a3cd9e8dddde8cd20ae
/build_provenance/binary_sha256/candidate	string	189b4de50bd2cc283f49c779a09c7b95887b64d1420bdfae0ac2c20927f23802
/build_provenance/build_command	string	cargo build --locked --release --manifest-path target/p1-filesystem-source-20261005/Cargo.toml --target-dir target/p1-filesystem-build-20261005 -p pvisor --bin pvisor
/build_provenance/change	string	Fused parent statx with direct ENOENT/ENOTDIR results, shared read-only OPEN lock and opt-in operation-lock/request-pool diagnostic timing. Original metadata dispatch and READDIRPLUS_AUTO retained.
/build_provenance/patch_sha256	string	09fc1815991e75bbaa35a386147da5e0336c9fceebb4e09c83a5480f5e3b52c0
/build_provenance/source_archive_sha256	string	7773d4952e543c3d9ac1b6a133212faf7cf91fd7dfe9333d54cd42bdf467b5eb
/build_provenance/source_commit	string	bc08f457
/build_provenance/source_sha256	object	-
/build_provenance/source_sha256/crates~1pvisor-overlay-core~1src~1core.rs	string	86a8013f18124f62edf2c78f49ec5a4d39e111600703e29d92fcfaac23788784
/build_provenance/source_sha256/crates~1pvisor-overlay-core~1src~1profile.rs	string	1f1476034a66fb34b4708f005c8f1935c2d99cada75c57639d4f62776e3a9dcd
/build_provenance/source_sha256/crates~1pvisor-overlay-core~1src~1sys.rs	string	2a87fb3acfd9a7c692191955a5310bdafb789a0ceff318290e58aa9c4646bbb4
/build_provenance/source_sha256/crates~1pvisor-vm~1src~1devices~1virtio~1fs~1overlay.rs	string	ff1ceb4301bc8e244794c0ed6be9f608672397410ce35a1d7fe33aa4b80a88b7
/build_provenance/source_sha256/crates~1pvisor-vm~1src~1devices~1virtio~1fs~1worker.rs	string	2463ff456a21fe8533e23777af3f20688c1d317720c5f8d13cf2a05839a25bcd
/capabilities	object	-
/capabilities/baseline~1pvisor-staged	object	-
/capabilities/baseline~1pvisor-staged/state	string	available
/capabilities/baseline~1pvisor-vm	object	-
/capabilities/baseline~1pvisor-vm/state	string	available
/capabilities/candidate~1pvisor-staged	object	-
/capabilities/candidate~1pvisor-staged/state	string	available
/capabilities/candidate~1pvisor-vm	object	-
/capabilities/candidate~1pvisor-vm/state	string	available
/capabilities/native~1native	object	-
/capabilities/native~1native/state	string	available
/cpu	string	AMD Ryzen 7 9700X 8-Core Processor
/firmware_sha256	string	b61f68dac3ef20a88e1ee387733e4baed2f7c02edac940c8882e0b549dac95e4
/harness_sha256	object	-
/harness_sha256/bench.py	string	ef814d8f4002e8a653edf50030dc145ace3c881f80afd5bca20d711bbaff0608
/harness_sha256/filesystem_ab.py	string	c6ffa8b0ea8802517600dc36b608930426613b1731d8d922de9f31f0c23bc439
/harness_sha256/filesystem_diagnostic.py	string	da4f3efc3e8581e9ba5f287735d63e2f6bcf6620da18e6e3cd7dcb42846b23cc
/harness_sha256/filesystem_kernel_probe.py	string	c15bc977da19cf38a9e316d6941284a914cbc307bdd2696c4cfbc4810c6a7e89
/harness_sha256/firmware_boot.py	string	277cdcb479271c5e3d9683769cd4332236c53744a5389ca76f94c44d37d28284
/harness_sha256/guest_init.py	string	e6ef21cf45781c58f8a9162d61f1ca1ef6046b4913ec76cfa2fc15d708a7b6b9
/harness_sha256/linux_vm_ready.py	string	dfc980b6d804588f758f0424ab1e12a2534b59dbd09faad1297df4c7fc6281b0
/harness_sha256/macos_cold_ram.py	string	75146963b1b7b5dd7da65923fa86ee7630afa0990b3f2059b7352eb1bc6a0944
/harness_sha256/macos_docker_tools.py	string	47aab2ba8d9d6bdf0019541da9f589159a32e9390312731863549120055ec327
/harness_sha256/macos_migration.py	string	66a81a73b1168206128a1717713c5b6720bb8abba31232641be5d5a1f2baf738
/harness_sha256/plot_startup.py	string	f4432080e61419666dd3a11790ec9a2bd334b5377a4397c0ea018292f4b1580b
/harness_sha256/prepare_reference_env.py	string	865313e5940bc7a66ef22028342a78f7bd9abcc88df521c5a9df6ac29ba115ff
/harness_sha256/prepare_ubuntu_reference.py	string	422d7f10ac8c9d9153778801ee012e84274ebf932078c2bde8e63295fcc3f1dc
/harness_sha256/product_v1.py	string	da261b063a7356cc98601bbafac9db069a2a7ecb9de5def6f836c3aea0ce9056
/harness_sha256/reference_baselines.py	string	d77e072acc3cb85218fba8a6a615c4bd26860a2b33853e3c9b47c7fd786afe62
/harness_sha256/reference_fixture.py	string	46f64cb8eaef80c1c885d3449368f21d217609f8a58efdd4d776f2c5f2634978
/harness_sha256/reference_workload.py	string	a3b120813d58746e9da8594d71a45cdc093ac9bdbad9f4cf0edc741bb9b30fd8
/harness_sha256/render_reference_baselines.py	string	6cd1682f36cc554574a6e9e08a005ea6ea6d6ae1dd0abae3b84bb280e3dafe8b
/harness_sha256/render_ubuntu_baselines.py	string	9376188f0309c562fcca1d3ad499996c5b7362c0a2a027daa9f9635a91021ae0
/harness_sha256/run_all.py	string	ef45a6a8120f3d4734ae2fee2674848eacc6b583a68839adaede49552ae11da2
/harness_sha256/startup.py	string	5dfac911d447a3562c095fe5acddcc2acb4bae93af78db0491eee02b6d199cee
/harness_sha256/summarize_product_v1.py	string	cfa6d67111b738030290cbee2c58033bc7444aeea16bd7b82eccc15c11c9e80e
/harness_sha256/test_bench.py	string	d9dcea3319ad50da4f8fd7f12befed87f53bd68bd07456c71d27f103c1d18602
/harness_sha256/test_filesystem_ab.py	string	6f1df19e65309f329117fa3c072c195106cc48bef948bee81eb7cdaa8c2e42cd
/harness_sha256/test_macos_docker_tools.py	string	defa4f7442496729f295efb9468d949672b8302160530ace22b78602de89a657
/harness_sha256/test_macos_migration.py	string	920e362e3ffa4da7d10a3e5fa1901712a056c059b8443bb1ada85255572af243
/harness_sha256/test_product_v1.py	string	12c34aea8a7df1da1218d761f3d44cf170dfd76fd39eaf949c31e887fbf57a2b
/harness_sha256/test_reference_baselines.py	string	bba2e955bd4da2cd592b4340cb7537e4c91b2b51653235df17258a10aaa9696a
/harness_sha256/test_run_all.py	string	76ec448980e0ea0afece9037e9af6c273c90c0cb6ee81d93ebe85659acd6a08c
/harness_sha256/test_startup.py	string	a19f0e3c8a9fa47f4f8116c6415a7ace363ebbcee1a672e8f002ca48144d5b43
/harness_sha256/test_ubuntu_baselines.py	string	cf0a30d779d3f408e92310c08a4c65cf79fce38e321f721aadc276115144c98c
/harness_sha256/test_vm_ready.py	string	510e171d9af9a4e64085f70f983036709e2c41c3303974b7af319c142df313bc
/harness_sha256/test_vm_stress.py	string	0180a4383dd4878e754e148d7c137232519ffdb423a2185c856ce5dd6ab446f3
/harness_sha256/ubuntu_baselines.py	string	04b240d48c20e14ab5773cdf76adf4e576ba3ae40ba44d327a1e9ab4cdf76c36
/harness_sha256/ubuntu_vm_network.py	string	e1920f47d603a117ec5b14cdb6cf93e2816bc9321f8bc9c59c97b8f9e0052be1
/harness_sha256/v1~1agent.py	string	ecc8eda0af6812d3df4c59f61ada6122b7e3a95e2b5c971af88b83856425e656
/harness_sha256/v1~1apply.py	string	fd6b5e42c2cfec99bdf605d06adb9dbcfa561d49d3803856553766af12f8311a
/harness_sha256/v1~1apply_worker.py	string	0b6c542251721fa948245ba021a8695d6e0fd375ec6d72bd2d1f118fd12957f6
/harness_sha256/v1~1baselines.py	string	fd8f9acc32e7e470c3686a5cd9580be946331338c28fedb7ea1c0378047b9e2d
/harness_sha256/v1~1common.py	string	8a1a7eea32f62bf9217df58299f299550d645d5ed66de163347d0aed325d8c08
/harness_sha256/v1~1density.py	string	df0b2dd3246e1c23b7dcd3b185807ff6afe12c92639b842be1186223e51d2c7e
/harness_sha256/v1~1filesystem.py	string	22bb9a0137a252e85a347ffd19d1d6b3161008ff13d67f793f6118ad1c3a034c
/harness_sha256/v1~1isolation.py	string	13a82608320ccc2d98e93e5a9eb8229f33c3433a5fa8cbfb2274a16df428e943
/harness_sha256/v1~1isolation_worker.py	string	ee0c710c8b9d4ebc2339387b323b33b699d74c430092f13986b5d26be7bfd9f8
/harness_sha256/v1~1network.py	string	743d37fe8eddf9d417672d1f1ffae0e040c2e4de8670fbf2894608bd473823f9
/harness_sha256/v1~1network_worker.py	string	6ad52b1fc76789e3560f4853576c4ac70faec8f22666de8ae74ba4956fb547be
/harness_sha256/v1~1oci.py	string	ebf40f2cd6b74573a78fdc06266ae25d92ce230c94275afa44b87bd1350642f3
/harness_sha256/v1~1replay.py	string	cffe049650e0137e789dbc236a4f0589c02e62c9bfe5096070438cb52d1f7c4c
/harness_sha256/v1~1supervision.py	string	cb685d7e289c23a9b254e08929f307e70bd273ef18e653222fa3d896285f685a
/harness_sha256/v1~1workload.py	string	484e661b91720d03119998cca082db6fe57d5d40591957af1840e872066b61cc
/harness_sha256/vm_ready.py	string	b3bc5aede44b1c42000a97754cc4500b55a5d629428218cf4e7e58435985f0f2
/harness_sha256/vm_snapshot.py	string	e677a9cf3857c5b3ea0e4c98f6066cb7d7203b0e83d49046276ab91b65565cba
/harness_sha256/vm_snapshot_lazy.py	string	78451a89ffafcde1d552dbd0a6dbf170995aca308b5c305507bc0f6a21384923
/harness_sha256/vm_stage_snapshot.py	string	7f6c0ea3b37935dd704987750bc2d10034b69accd75a91a6f1545df31cc76b7a
/harness_sha256/vm_stress.py	string	0f036789de811a40fc6e4469de6ffd553bd41aa70fd5fc7229c032f38f2e375a
/host_kernel	string	7.2.8-200.fc44.x86_64
/load_after	array	-
/load_after/0	float	2.69873046875
/load_after/1	float	2.9765625
/load_after/2	float	2.6357421875
/load_before	array	-
/load_before/0	float	2.02197265625
/load_before/1	float	1.6923828125
/load_before/2	float	2.00341796875
/protocol	object	-
/protocol/cache	string	warm; no eviction; fresh workspace and stage for every job
/protocol/completion_timing	string	launch to process exit; preparation excluded
/protocol/correctness	string	all workload checks, Run Bundle isolation, lower write absence and upper file count/size required
/protocol/cpu_affinity	string	0,1
/protocol/filesystem_profile	boolean	false
/protocol/order	string	all five cells shuffled each round; seed 20261005
/protocol/percentile	string	linear interpolation
/protocol/samples	integer	30
/protocol/staged_isolation	object	-
/protocol/staged_isolation/baseline	string	rootless_process
/protocol/staged_isolation/candidate	string	rootless_process
/protocol/vm_memory_mib	integer	16384
/protocol/vm_vcpus	integer	2
/protocol/warmups	integer	3
/protocol/worker_timing	string	operation and correctness check; all seven workloads run in order per job
/recorded_at	string	2026-10-05T12:58:27.630089+08:00
/rows	array	-
/rows/0	object	-
/rows/0/backend	string	pvisor-staged
/rows/0/completion_ms	float	6002.307739
/rows/0/correctness	string	passed
/rows/0/logs	string	/home/reiase/workspace/pvisor/target/p1-filesystem-final-full-20261005/baseline/trials/filesystem-pvisor-staged-000
/rows/0/memory_scope	string	owned launcher tree; Docker daemon/container RSS excluded
/rows/0/mode	string	filesystem
/rows/0/peak_tree_rss_kib	integer	178592
/rows/0/prepare_ms	float	36.665625
/rows/0/ready_ms	float	62.747597
/rows/0/result	object	-
/rows/0/result/correctness	string	passed
/rows/0/result/filesystem	object	-
/rows/0/result/filesystem/cargo	object	-
/rows/0/result/filesystem/cargo/check	object	-
/rows/0/result/filesystem/cargo/check/modules	integer	64
/rows/0/result/filesystem/cargo/check/result	string	2016
/rows/0/result/filesystem/cargo/python	string	3.14.7
/rows/0/result/filesystem/cargo/worker_ms	float	117.36014
/rows/0/result/filesystem/cargo/workload	string	cargo
/rows/0/result/filesystem/git	object	-
/rows/0/result/filesystem/git/check	object	-
/rows/0/result/filesystem/git/check/git_clean	boolean	true
/rows/0/result/filesystem/git/python	string	3.14.7
/rows/0/result/filesystem/git/worker_ms	float	185.068777
/rows/0/result/filesystem/git/workload	string	git
/rows/0/result/filesystem/metadata	object	-
/rows/0/result/filesystem/metadata/check	object	-
/rows/0/result/filesystem/metadata/check/bytes	integer	2095104
/rows/0/result/filesystem/metadata/check/files	integer	2048
/rows/0/result/filesystem/metadata/python	string	3.14.7
/rows/0/result/filesystem/metadata/worker_ms	float	77.286894
/rows/0/result/filesystem/metadata/workload	string	metadata
/rows/0/result/filesystem/npm	object	-
/rows/0/result/filesystem/npm/check	object	-
/rows/0/result/filesystem/npm/check/local_packages	integer	32
/rows/0/result/filesystem/npm/python	string	3.14.7
/rows/0/result/filesystem/npm/worker_ms	float	273.421596
/rows/0/result/filesystem/npm/workload	string	npm
/rows/0/result/filesystem/read	object	-
/rows/0/result/filesystem/read/check	object	-
/rows/0/result/filesystem/read/check/bytes	integer	67108864
/rows/0/result/filesystem/read/check/sha256	string	42ef3a50fe506ced865473b082c8b28f6ce254e6e2b01266b6a563531a6267bc
/rows/0/result/filesystem/read/python	string	3.14.7
/rows/0/result/filesystem/read/worker_ms	float	69.308834
/rows/0/result/filesystem/read/workload	string	read
/rows/0/result/filesystem/rg	object	-
/rows/0/result/filesystem/rg/check	object	-
/rows/0/result/filesystem/rg/check/matches	integer	2048
/rows/0/result/filesystem/rg/python	string	3.14.7
/rows/0/result/filesystem/rg/worker_ms	float	92.908202
/rows/0/result/filesystem/rg/workload	string	rg
/rows/0/result/filesystem/write	object	-
/rows/0/result/filesystem/write/check	object	-
/rows/0/result/filesystem/write/check/bytes	integer	16777216
/rows/0/result/filesystem/write/check/files	integer	256
/rows/0/result/filesystem/write/python	string	3.14.7
/rows/0/result/filesystem/write/worker_ms	float	202.406177
/rows/0/result/filesystem/write/workload	string	write
/rows/0/result/mode	string	filesystem
/rows/0/result/worker_ms	float	1148.362384
/rows/0/result_ms	float	1211.186373
/rows/0/trial	integer	0
/rows/0/variant	string	baseline
/rows/1	object	-
/rows/1/backend	string	pvisor-vm
/rows/1/completion_ms	float	4982.961511
/rows/1/correctness	string	passed
/rows/1/logs	string	/home/reiase/workspace/pvisor/target/p1-filesystem-final-full-20261005/baseline/trials/filesystem-pvisor-vm-000
/rows/1/memory_scope	string	owned launcher tree; Docker daemon/container RSS excluded
/rows/1/mode	string	filesystem
/rows/1/peak_tree_rss_kib	integer	830352
/rows/1/prepare_ms	float	37.836711
/rows/1/ready_ms	float	598.253106
/rows/1/result	object	-
/rows/1/result/correctness	string	passed
/rows/1/result/filesystem	object	-
/rows/1/result/filesystem/cargo	object	-
/rows/1/result/filesystem/cargo/check	object	-
/rows/1/result/filesystem/cargo/check/modules	integer	64
/rows/1/result/filesystem/cargo/check/result	string	2016
/rows/1/result/filesystem/cargo/python	string	3.14.7
/rows/1/result/filesystem/cargo/worker_ms	float	734.492418
/rows/1/result/filesystem/cargo/workload	string	cargo
/rows/1/result/filesystem/git	object	-
/rows/1/result/filesystem/git/check	object	-
/rows/1/result/filesystem/git/check/git_clean	boolean	true
/rows/1/result/filesystem/git/python	string	3.14.7
/rows/1/result/filesystem/git/worker_ms	float	381.975361
/rows/1/result/filesystem/git/workload	string	git
/rows/1/result/filesystem/metadata	object	-
/rows/1/result/filesystem/metadata/check	object	-
/rows/1/result/filesystem/metadata/check/bytes	integer	2095104
/rows/1/result/filesystem/metadata/check/files	integer	2048
/rows/1/result/filesystem/metadata/python	string	3.14.7
/rows/1/result/filesystem/metadata/worker_ms	float	163.645552
/rows/1/result/filesystem/metadata/workload	string	metadata
/rows/1/result/filesystem/npm	object	-
/rows/1/result/filesystem/npm/check	object	-
/rows/1/result/filesystem/npm/check/local_packages	integer	32
/rows/1/result/filesystem/npm/python	string	3.14.7
/rows/1/result/filesystem/npm/worker_ms	float	1578.265367
/rows/1/result/filesystem/npm/workload	string	npm
/rows/1/result/filesystem/read	object	-
/rows/1/result/filesystem/read/check	object	-
/rows/1/result/filesystem/read/check/bytes	integer	67108864
/rows/1/result/filesystem/read/check/sha256	string	42ef3a50fe506ced865473b082c8b28f6ce254e6e2b01266b6a563531a6267bc
/rows/1/result/filesystem/read/python	string	3.14.7
/rows/1/result/filesystem/read/worker_ms	float	196.23246
/rows/1/result/filesystem/read/workload	string	read
/rows/1/result/filesystem/rg	object	-
/rows/1/result/filesystem/rg/check	object	-
/rows/1/result/filesystem/rg/check/matches	integer	2048
/rows/1/result/filesystem/rg/python	string	3.14.7
/rows/1/result/filesystem/rg/worker_ms	float	469.313863
/rows/1/result/filesystem/rg/workload	string	rg
/rows/1/result/filesystem/write	object	-
/rows/1/result/filesystem/write/check	object	-
/rows/1/result/filesystem/write/check/bytes	integer	16777216
/rows/1/result/filesystem/write/check/files	integer	256
/rows/1/result/filesystem/write/python	string	3.14.7
/rows/1/result/filesystem/write/worker_ms	float	202.67743
/rows/1/result/filesystem/write/workload	string	write
/rows/1/result/mode	string	filesystem
/rows/1/result/worker_ms	float	4253.8281
/rows/1/result_ms	float	4852.667791
/rows/1/trial	integer	0
/rows/1/variant	string	baseline
/rows/2	object	-
/rows/2/backend	string	native
/rows/2/completion_ms	float	503.633391
/rows/2/correctness	string	passed
/rows/2/logs	string	/home/reiase/workspace/pvisor/target/p1-filesystem-final-full-20261005/native/trials/filesystem-native-000
/rows/2/memory_scope	string	owned launcher tree; Docker daemon/container RSS excluded
/rows/2/mode	string	filesystem
/rows/2/peak_tree_rss_kib	integer	147860
/rows/2/prepare_ms	float	37.265305
/rows/2/ready_ms	float	42.370503
/rows/2/result	object	-
/rows/2/result/correctness	string	passed
/rows/2/result/filesystem	object	-
/rows/2/result/filesystem/cargo	object	-
/rows/2/result/filesystem/cargo/check	object	-
/rows/2/result/filesystem/cargo/check/modules	integer	64
/rows/2/result/filesystem/cargo/check/result	string	2016
/rows/2/result/filesystem/cargo/python	string	3.14.7
/rows/2/result/filesystem/cargo/worker_ms	float	60.099344
/rows/2/result/filesystem/cargo/workload	string	cargo
/rows/2/result/filesystem/git	object	-
/rows/2/result/filesystem/git/check	object	-
/rows/2/result/filesystem/git/check/git_clean	boolean	true
/rows/2/result/filesystem/git/python	string	3.14.7
/rows/2/result/filesystem/git/worker_ms	float	16.755594
/rows/2/result/filesystem/git/workload	string	git
/rows/2/result/filesystem/metadata	object	-
/rows/2/result/filesystem/metadata/check	object	-
/rows/2/result/filesystem/metadata/check/bytes	integer	2095104
/rows/2/result/filesystem/metadata/check/files	integer	2048
/rows/2/result/filesystem/metadata/python	string	3.14.7
/rows/2/result/filesystem/metadata/worker_ms	float	5.203652
/rows/2/result/filesystem/metadata/workload	string	metadata
/rows/2/result/filesystem/npm	object	-
/rows/2/result/filesystem/npm/check	object	-
/rows/2/result/filesystem/npm/check/local_packages	integer	32
/rows/2/result/filesystem/npm/python	string	3.14.7
/rows/2/result/filesystem/npm/worker_ms	float	188.363166
/rows/2/result/filesystem/npm/workload	string	npm
/rows/2/result/filesystem/read	object	-
/rows/2/result/filesystem/read/check	object	-
/rows/2/result/filesystem/read/check/bytes	integer	67108864
/rows/2/result/filesystem/read/check/sha256	string	42ef3a50fe506ced865473b082c8b28f6ce254e6e2b01266b6a563531a6267bc
/rows/2/result/filesystem/read/python	string	3.14.7
/rows/2/result/filesystem/read/worker_ms	float	32.775735
/rows/2/result/filesystem/read/workload	string	read
/rows/2/result/filesystem/rg	object	-
/rows/2/result/filesystem/rg/check	object	-
/rows/2/result/filesystem/rg/check/matches	integer	2048
/rows/2/result/filesystem/rg/python	string	3.14.7
/rows/2/result/filesystem/rg/worker_ms	float	7.40945
/rows/2/result/filesystem/rg/workload	string	rg
/rows/2/result/filesystem/write	object	-
/rows/2/result/filesystem/write/check	object	-
/rows/2/result/filesystem/write/check/bytes	integer	16777216
/rows/2/result/filesystem/write/check/files	integer	256
/rows/2/result/filesystem/write/python	string	3.14.7
/rows/2/result/filesystem/write/worker_ms	float	6.433839
/rows/2/result/filesystem/write/workload	string	write
/rows/2/result/mode	string	filesystem
/rows/2/result/worker_ms	float	451.348713
/rows/2/result_ms	float	493.783226
/rows/2/trial	integer	0
/rows/2/variant	string	native
/rows/3	object	-
/rows/3/backend	string	pvisor-vm
/rows/3/completion_ms	float	5144.856806
/rows/3/correctness	string	passed
/rows/3/logs	string	/home/reiase/workspace/pvisor/target/p1-filesystem-final-full-20261005/candidate/trials/filesystem-pvisor-vm-000
/rows/3/memory_scope	string	owned launcher tree; Docker daemon/container RSS excluded
/rows/3/mode	string	filesystem
/rows/3/peak_tree_rss_kib	integer	830560
/rows/3/prepare_ms	float	37.361404
/rows/3/ready_ms	float	590.821827
/rows/3/result	object	-
/rows/3/result/correctness	string	passed
/rows/3/result/filesystem	object	-
/rows/3/result/filesystem/cargo	object	-
/rows/3/result/filesystem/cargo/check	object	-
/rows/3/result/filesystem/cargo/check/modules	integer	64
/rows/3/result/filesystem/cargo/check/result	string	2016
/rows/3/result/filesystem/cargo/python	string	3.14.7
/rows/3/result/filesystem/cargo/worker_ms	float	682.395882
/rows/3/result/filesystem/cargo/workload	string	cargo
/rows/3/result/filesystem/git	object	-
/rows/3/result/filesystem/git/check	object	-
/rows/3/result/filesystem/git/check/git_clean	boolean	true
/rows/3/result/filesystem/git/python	string	3.14.7
/rows/3/result/filesystem/git/worker_ms	float	394.722524
/rows/3/result/filesystem/git/workload	string	git
/rows/3/result/filesystem/metadata	object	-
/rows/3/result/filesystem/metadata/check	object	-
/rows/3/result/filesystem/metadata/check/bytes	integer	2095104
/rows/3/result/filesystem/metadata/check/files	integer	2048
/rows/3/result/filesystem/metadata/python	string	3.14.7
/rows/3/result/filesystem/metadata/worker_ms	float	198.802228
/rows/3/result/filesystem/metadata/workload	string	metadata
/rows/3/result/filesystem/npm	object	-
/rows/3/result/filesystem/npm/check	object	-
/rows/3/result/filesystem/npm/check/local_packages	integer	32
/rows/3/result/filesystem/npm/python	string	3.14.7
/rows/3/result/filesystem/npm/worker_ms	float	1619.605274
/rows/3/result/filesystem/npm/workload	string	npm
/rows/3/result/filesystem/read	object	-
/rows/3/result/filesystem/read/check	object	-
/rows/3/result/filesystem/read/check/bytes	integer	67108864
/rows/3/result/filesystem/read/check/sha256	string	42ef3a50fe506ced865473b082c8b28f6ce254e6e2b01266b6a563531a6267bc
/rows/3/result/filesystem/read/python	string	3.14.7
/rows/3/result/filesystem/read/worker_ms	float	155.552327
/rows/3/result/filesystem/read/workload	string	read
/rows/3/result/filesystem/rg	object	-
/rows/3/result/filesystem/rg/check	object	-
/rows/3/result/filesystem/rg/check/matches	integer	2048
/rows/3/result/filesystem/rg/python	string	3.14.7
/rows/3/result/filesystem/rg/worker_ms	float	530.674434
/rows/3/result/filesystem/rg/workload	string	rg
/rows/3/result/filesystem/write	object	-
/rows/3/result/filesystem/write/check	object	-
/rows/3/result/filesystem/write/check/bytes	integer	16777216
/rows/3/result/filesystem/write/check/files	integer	256
/rows/3/result/filesystem/write/python	string	3.14.7
/rows/3/result/filesystem/write/worker_ms	float	261.933853
/rows/3/result/filesystem/write/workload	string	write
/rows/3/result/mode	string	filesystem
/rows/3/result/worker_ms	float	4416.097827
/rows/3/result_ms	float	5007.56272
/rows/3/trial	integer	0
/rows/3/variant	string	candidate
/rows/4	object	-
/rows/4/backend	string	pvisor-staged
/rows/4/completion_ms	float	1385.620431
/rows/4/correctness	string	passed
/rows/4/logs	string	/home/reiase/workspace/pvisor/target/p1-filesystem-final-full-20261005/candidate/trials/filesystem-pvisor-staged-000
/rows/4/memory_scope	string	owned launcher tree; Docker daemon/container RSS excluded
/rows/4/mode	string	filesystem
/rows/4/peak_tree_rss_kib	integer	178588
/rows/4/prepare_ms	float	40.398553
/rows/4/ready_ms	float	77.775336
/rows/4/result	object	-
/rows/4/result/correctness	string	passed
/rows/4/result/filesystem	object	-
/rows/4/result/filesystem/cargo	object	-
/rows/4/result/filesystem/cargo/check	object	-
/rows/4/result/filesystem/cargo/check/modules	integer	64
/rows/4/result/filesystem/cargo/check/result	string	2016
/rows/4/result/filesystem/cargo/python	string	3.14.7
/rows/4/result/filesystem/cargo/worker_ms	float	134.544224
/rows/4/result/filesystem/cargo/workload	string	cargo
/rows/4/result/filesystem/git	object	-
/rows/4/result/filesystem/git/check	object	-
/rows/4/result/filesystem/git/check/git_clean	boolean	true
/rows/4/result/filesystem/git/python	string	3.14.7
/rows/4/result/filesystem/git/worker_ms	float	193.101129
/rows/4/result/filesystem/git/workload	string	git
/rows/4/result/filesystem/metadata	object	-
/rows/4/result/filesystem/metadata/check	object	-
/rows/4/result/filesystem/metadata/check/bytes	integer	2095104
/rows/4/result/filesystem/metadata/check/files	integer	2048
/rows/4/result/filesystem/metadata/python	string	3.14.7
/rows/4/result/filesystem/metadata/worker_ms	float	83.003273
/rows/4/result/filesystem/metadata/workload	string	metadata
/rows/4/result/filesystem/npm	object	-
/rows/4/result/filesystem/npm/check	object	-
/rows/4/result/filesystem/npm/check/local_packages	integer	32
/rows/4/result/filesystem/npm/python	string	3.14.7
/rows/4/result/filesystem/npm/worker_ms	float	259.556787
/rows/4/result/filesystem/npm/workload	string	npm
/rows/4/result/filesystem/read	object	-
/rows/4/result/filesystem/read/check	object	-
/rows/4/result/filesystem/read/check/bytes	integer	67108864
/rows/4/result/filesystem/read/check/sha256	string	42ef3a50fe506ced865473b082c8b28f6ce254e6e2b01266b6a563531a6267bc
/rows/4/result/filesystem/read/python	string	3.14.7
/rows/4/result/filesystem/read/worker_ms	float	70.506409
/rows/4/result/filesystem/read/workload	string	read
/rows/4/result/filesystem/rg	object	-
/rows/4/result/filesystem/rg/check	object	-
/rows/4/result/filesystem/rg/check/matches	integer	2048
/rows/4/result/filesystem/rg/python	string	3.14.7
/rows/4/result/filesystem/rg/worker_ms	float	92.863578
/rows/4/result/filesystem/rg/workload	string	rg
/rows/4/result/filesystem/write	object	-
/rows/4/result/filesystem/write/check	object	-
/rows/4/result/filesystem/write/check/bytes	integer	16777216
/rows/4/result/filesystem/write/check/files	integer	256
/rows/4/result/filesystem/write/python	string	3.14.7
/rows/4/result/filesystem/write/worker_ms	float	229.595565
/rows/4/result/filesystem/write/workload	string	write
/rows/4/result/mode	string	filesystem
/rows/4/result/worker_ms	float	1197.631614
/rows/4/result_ms	float	1275.451473
/rows/4/trial	integer	0
/rows/4/variant	string	candidate
/rows/5	object	-
/rows/5/backend	string	native
/rows/5/completion_ms	float	467.677871
/rows/5/correctness	string	passed
/rows/5/logs	string	/home/reiase/workspace/pvisor/target/p1-filesystem-final-full-20261005/native/trials/filesystem-native-001
/rows/5/memory_scope	string	owned launcher tree; Docker daemon/container RSS excluded
/rows/5/mode	string	filesystem
/rows/5/peak_tree_rss_kib	integer	134444
/rows/5/prepare_ms	float	36.853907
/rows/5/ready_ms	float	42.651949
/rows/5/result	object	-
/rows/5/result/correctness	string	passed
/rows/5/result/filesystem	object	-
/rows/5/result/filesystem/cargo	object	-
/rows/5/result/filesystem/cargo/check	object	-
/rows/5/result/filesystem/cargo/check/modules	integer	64
/rows/5/result/filesystem/cargo/check/result	string	2016
/rows/5/result/filesystem/cargo/python	string	3.14.7
/rows/5/result/filesystem/cargo/worker_ms	float	53.399168
/rows/5/result/filesystem/cargo/workload	string	cargo
/rows/5/result/filesystem/git	object	-
/rows/5/result/filesystem/git/check	object	-
/rows/5/result/filesystem/git/check/git_clean	boolean	true
/rows/5/result/filesystem/git/python	string	3.14.7
/rows/5/result/filesystem/git/worker_ms	float	14.753267
/rows/5/result/filesystem/git/workload	string	git
/rows/5/result/filesystem/metadata	object	-
/rows/5/result/filesystem/metadata/check	object	-
/rows/5/result/filesystem/metadata/check/bytes	integer	2095104
/rows/5/result/filesystem/metadata/check/files	integer	2048
/rows/5/result/filesystem/metadata/python	string	3.14.7
/rows/5/result/filesystem/metadata/worker_ms	float	4.835926
/rows/5/result/filesystem/metadata/workload	string	metadata
/rows/5/result/filesystem/npm	object	-
/rows/5/result/filesystem/npm/check	object	-
/rows/5/result/filesystem/npm/check/local_packages	integer	32
/rows/5/result/filesystem/npm/python	string	3.14.7
/rows/5/result/filesystem/npm/worker_ms	float	174.741261
/rows/5/result/filesystem/npm/workload	string	npm
/rows/5/result/filesystem/read	object	-
/rows/5/result/filesystem/read/check	object	-
/rows/5/result/filesystem/read/check/bytes	integer	67108864
/rows/5/result/filesystem/read/check/sha256	string	42ef3a50fe506ced865473b082c8b28f6ce254e6e2b01266b6a563531a6267bc
/rows/5/result/filesystem/read/python	string	3.14.7
/rows/5/result/filesystem/read/worker_ms	float	34.552552
/rows/5/result/filesystem/read/workload	string	read
/rows/5/result/filesystem/rg	object	-
/rows/5/result/filesystem/rg/check	object	-
/rows/5/result/filesystem/rg/check/matches	integer	2048
/rows/5/result/filesystem/rg/python	string	3.14.7
/rows/5/result/filesystem/rg/worker_ms	float	10.195119
/rows/5/result/filesystem/rg/workload	string	rg
/rows/5/result/filesystem/write	object	-
/rows/5/result/filesystem/write/check	object	-
/rows/5/result/filesystem/write/check/bytes	integer	16777216
/rows/5/result/filesystem/write/check/files	integer	256
/rows/5/result/filesystem/write/python	string	3.14.7
/rows/5/result/filesystem/write/worker_ms	float	3.774114
/rows/5/result/filesystem/write/workload	string	write
/rows/5/result/mode	string	filesystem
/rows/5/result/worker_ms	float	416.111383
/rows/5/result_ms	float	458.814247
/rows/5/trial	integer	1
/rows/5/variant	string	native
/rows/6	object	-
/rows/6/backend	string	pvisor-staged
/rows/6/completion_ms	float	1311.398858
/rows/6/correctness	string	passed
/rows/6/logs	string	/home/reiase/workspace/pvisor/target/p1-filesystem-final-full-20261005/candidate/trials/filesystem-pvisor-staged-001
/rows/6/memory_scope	string	owned launcher tree; Docker daemon/container RSS excluded
/rows/6/mode	string	filesystem
/rows/6/peak_tree_rss_kib	integer	178464
/rows/6/prepare_ms	float	37.141203
/rows/6/ready_ms	float	62.46508
/rows/6/result	object	-
/rows/6/result/correctness	string	passed
/rows/6/result/filesystem	object	-
/rows/6/result/filesystem/cargo	object	-
/rows/6/result/filesystem/cargo/check	object	-
/rows/6/result/filesystem/cargo/check/modules	integer	64
/rows/6/result/filesystem/cargo/check/result	string	2016
/rows/6/result/filesystem/cargo/python	string	3.14.7
/rows/6/result/filesystem/cargo/worker_ms	float	114.806955
/rows/6/result/filesystem/cargo/workload	string	cargo
/rows/6/result/filesystem/git	object	-
/rows/6/result/filesystem/git/check	object	-
/rows/6/result/filesystem/git/check/git_clean	boolean	true
/rows/6/result/filesystem/git/python	string	3.14.7
/rows/6/result/filesystem/git/worker_ms	float	179.566748
/rows/6/result/filesystem/git/workload	string	git
/rows/6/result/filesystem/metadata	object	-
/rows/6/result/filesystem/metadata/check	object	-
/rows/6/result/filesystem/metadata/check/bytes	integer	2095104
/rows/6/result/filesystem/metadata/check/files	integer	2048
/rows/6/result/filesystem/metadata/python	string	3.14.7
/rows/6/result/filesystem/metadata/worker_ms	float	79.980591
/rows/6/result/filesystem/metadata/workload	string	metadata
/rows/6/result/filesystem/npm	object	-
/rows/6/result/filesystem/npm/check	object	-
/rows/6/result/filesystem/npm/check/local_packages	integer	32
/rows/6/result/filesystem/npm/python	string	3.14.7
/rows/6/result/filesystem/npm/worker_ms	float	263.117663
/rows/6/result/filesystem/npm/workload	string	npm
/rows/6/result/filesystem/read	object	-
/rows/6/result/filesystem/read/check	object	-
/rows/6/result/filesystem/read/check/bytes	integer	67108864
/rows/6/result/filesystem/read/check/sha256	string	42ef3a50fe506ced865473b082c8b28f6ce254e6e2b01266b6a563531a6267bc
/rows/6/result/filesystem/read/python	string	3.14.7
/rows/6/result/filesystem/read/worker_ms	float	68.849687
/rows/6/result/filesystem/read/workload	string	read
/rows/6/result/filesystem/rg	object	-
/rows/6/result/filesystem/rg/check	object	-
/rows/6/result/filesystem/rg/check/matches	integer	2048
/rows/6/result/filesystem/rg/python	string	3.14.7
/rows/6/result/filesystem/rg/worker_ms	float	92.452991
/rows/6/result/filesystem/rg/workload	string	rg
/rows/6/result/filesystem/write	object	-
/rows/6/result/filesystem/write/check	object	-
/rows/6/result/filesystem/write/check/bytes	integer	16777216
/rows/6/result/filesystem/write/check/files	integer	256
/rows/6/result/filesystem/write/python	string	3.14.7
/rows/6/result/filesystem/write/worker_ms	float	203.003682
/rows/6/result/filesystem/write/workload	string	write
/rows/6/result/mode	string	filesystem
/rows/6/result/worker_ms	float	1127.894039
/rows/6/result_ms	float	1190.400878
/rows/6/trial	integer	1
/rows/6/variant	string	candidate
/rows/7	object	-
/rows/7/backend	string	pvisor-vm
/rows/7/completion_ms	float	5766.324491
/rows/7/correctness	string	passed
/rows/7/logs	string	/home/reiase/workspace/pvisor/target/p1-filesystem-final-full-20261005/candidate/trials/filesystem-pvisor-vm-001
/rows/7/memory_scope	string	owned launcher tree; Docker daemon/container RSS excluded
/rows/7/mode	string	filesystem
/rows/7/peak_tree_rss_kib	integer	831804
/rows/7/prepare_ms	float	37.635366
/rows/7/ready_ms	float	562.93173
/rows/7/result	object	-
/rows/7/result/correctness	string	passed
/rows/7/result/filesystem	object	-
/rows/7/result/filesystem/cargo	object	-
/rows/7/result/filesystem/cargo/check	object	-
/rows/7/result/filesystem/cargo/check/modules	integer	64
/rows/7/result/filesystem/cargo/check/result	string	2016
/rows/7/result/filesystem/cargo/python	string	3.14.7
/rows/7/result/filesystem/cargo/worker_ms	float	849.35286
/rows/7/result/filesystem/cargo/workload	string	cargo
/rows/7/result/filesystem/git	object	-
/rows/7/result/filesystem/git/check	object	-
/rows/7/result/filesystem/git/check/git_clean	boolean	true
/rows/7/result/filesystem/git/python	string	3.14.7
/rows/7/result/filesystem/git/worker_ms	float	540.652736
/rows/7/result/filesystem/git/workload	string	git
/rows/7/result/filesystem/metadata	object	-
/rows/7/result/filesystem/metadata/check	object	-
/rows/7/result/filesystem/metadata/check/bytes	integer	2095104
/rows/7/result/filesystem/metadata/check/files	integer	2048
/rows/7/result/filesystem/metadata/python	string	3.14.7
/rows/7/result/filesystem/metadata/worker_ms	float	209.6089
/rows/7/result/filesystem/metadata/workload	string	metadata
/rows/7/result/filesystem/npm	object	-
/rows/7/result/filesystem/npm/check	object	-
/rows/7/result/filesystem/npm/check/local_packages	integer	32
/rows/7/result/filesystem/npm/python	string	3.14.7
/rows/7/result/filesystem/npm/worker_ms	float	1940.652032
/rows/7/result/filesystem/npm/workload	string	npm
/rows/7/result/filesystem/read	object	-
/rows/7/result/filesystem/read/check	object	-
/rows/7/result/filesystem/read/check/bytes	integer	67108864
/rows/7/result/filesystem/read/check/sha256	string	42ef3a50fe506ced865473b082c8b28f6ce254e6e2b01266b6a563531a6267bc
/rows/7/result/filesystem/read/python	string	3.14.7
/rows/7/result/filesystem/read/worker_ms	float	122.601649
/rows/7/result/filesystem/read/workload	string	read
/rows/7/result/filesystem/rg	object	-
/rows/7/result/filesystem/rg/check	object	-
/rows/7/result/filesystem/rg/check/matches	integer	2048
/rows/7/result/filesystem/rg/python	string	3.14.7
/rows/7/result/filesystem/rg/worker_ms	float	485.567007
/rows/7/result/filesystem/rg/workload	string	rg
/rows/7/result/filesystem/write	object	-
/rows/7/result/filesystem/write/check	object	-
/rows/7/result/filesystem/write/check/bytes	integer	16777216
/rows/7/result/filesystem/write/check/files	integer	256
/rows/7/result/filesystem/write/python	string	3.14.7
/rows/7/result/filesystem/write/worker_ms	float	259.316315
/rows/7/result/filesystem/write/workload	string	write
/rows/7/result/mode	string	filesystem
/rows/7/result/worker_ms	float	5065.877997
/rows/7/result_ms	float	5629.659219
/rows/7/trial	integer	1
/rows/7/variant	string	candidate
/rows/8	object	-
/rows/8/backend	string	pvisor-vm
/rows/8/completion_ms	float	5956.575482
/rows/8/correctness	string	passed
/rows/8/logs	string	/home/reiase/workspace/pvisor/target/p1-filesystem-final-full-20261005/baseline/trials/filesystem-pvisor-vm-001
/rows/8/memory_scope	string	owned launcher tree; Docker daemon/container RSS excluded
/rows/8/mode	string	filesystem
/rows/8/peak_tree_rss_kib	integer	829912
/rows/8/prepare_ms	float	37.756211
/rows/8/ready_ms	float	608.26835
/rows/8/result	object	-
/rows/8/result/correctness	string	passed
/rows/8/result/filesystem	object	-
/rows/8/result/filesystem/cargo	object	-
/rows/8/result/filesystem/cargo/check	object	-
/rows/8/result/filesystem/cargo/check/modules	integer	64
/rows/8/result/filesystem/cargo/check/result	string	2016
/rows/8/result/filesystem/cargo/python	string	3.14.7
/rows/8/result/filesystem/cargo/worker_ms	float	811.579057
/rows/8/result/filesystem/cargo/workload	string	cargo
/rows/8/result/filesystem/git	object	-
/rows/8/result/filesystem/git/check	object	-
/rows/8/result/filesystem/git/check/git_clean	boolean	true
/rows/8/result/filesystem/git/python	string	3.14.7
/rows/8/result/filesystem/git/worker_ms	float	531.697949
/rows/8/result/filesystem/git/workload	string	git
/rows/8/result/filesystem/metadata	object	-
/rows/8/result/filesystem/metadata/check	object	-
/rows/8/result/filesystem/metadata/check/bytes	integer	2095104
/rows/8/result/filesystem/metadata/check/files	integer	2048
/rows/8/result/filesystem/metadata/python	string	3.14.7
/rows/8/result/filesystem/metadata/worker_ms	float	227.139174
/rows/8/result/filesystem/metadata/workload	string	metadata
/rows/8/result/filesystem/npm	object	-
/rows/8/result/filesystem/npm/check	object	-
/rows/8/result/filesystem/npm/check/local_packages	integer	32
/rows/8/result/filesystem/npm/python	string	3.14.7
/rows/8/result/filesystem/npm/worker_ms	float	1930.220071
/rows/8/result/filesystem/npm/workload	string	npm
/rows/8/result/filesystem/read	object	-
/rows/8/result/filesystem/read/check	object	-
/rows/8/result/filesystem/read/check/bytes	integer	67108864
/rows/8/result/filesystem/read/check/sha256	string	42ef3a50fe506ced865473b082c8b28f6ce254e6e2b01266b6a563531a6267bc
/rows/8/result/filesystem/read/python	string	3.14.7
/rows/8/result/filesystem/read/worker_ms	float	158.158484
/rows/8/result/filesystem/read/workload	string	read
/rows/8/result/filesystem/rg	object	-
/rows/8/result/filesystem/rg/check	object	-
/rows/8/result/filesystem/rg/check/matches	integer	2048
/rows/8/result/filesystem/rg/python	string	3.14.7
/rows/8/result/filesystem/rg/worker_ms	float	544.639266
/rows/8/result/filesystem/rg/workload	string	rg
/rows/8/result/filesystem/write	object	-
/rows/8/result/filesystem/write/check	object	-
/rows/8/result/filesystem/write/check/bytes	integer	16777216
/rows/8/result/filesystem/write/check/files	integer	256
/rows/8/result/filesystem/write/python	string	3.14.7
/rows/8/result/filesystem/write/worker_ms	float	380.167848
/rows/8/result/filesystem/write/workload	string	write
/rows/8/result/mode	string	filesystem
/rows/8/result/worker_ms	float	5217.803698
/rows/8/result_ms	float	5826.897651
/rows/8/trial	integer	1
/rows/8/variant	string	baseline
/rows/9	object	-
/rows/9/backend	string	pvisor-staged
/rows/9/completion_ms	float	1456.232637
/rows/9/correctness	string	passed
/rows/9/logs	string	/home/reiase/workspace/pvisor/target/p1-filesystem-final-full-20261005/baseline/trials/filesystem-pvisor-staged-001
/rows/9/memory_scope	string	owned launcher tree; Docker daemon/container RSS excluded
/rows/9/mode	string	filesystem
/rows/9/peak_tree_rss_kib	integer	178056
/rows/9/prepare_ms	float	37.893338
/rows/9/ready_ms	float	83.99224
/rows/9/result	object	-
/rows/9/result/correctness	string	passed
/rows/9/result/filesystem	object	-
/rows/9/result/filesystem/cargo	object	-
/rows/9/result/filesystem/cargo/check	object	-
/rows/9/result/filesystem/cargo/check/modules	integer	64
/rows/9/result/filesystem/cargo/check/result	string	2016
/rows/9/result/filesystem/cargo/python	string	3.14.7
/rows/9/result/filesystem/cargo/worker_ms	float	125.778593
/rows/9/result/filesystem/cargo/workload	string	cargo
/rows/9/result/filesystem/git	object	-
/rows/9/result/filesystem/git/check	object	-
/rows/9/result/filesystem/git/check/git_clean	boolean	true
/rows/9/result/filesystem/git/python	string	3.14.7
/rows/9/result/filesystem/git/worker_ms	float	199.966223
/rows/9/result/filesystem/git/workload	string	git
/rows/9/result/filesystem/metadata	object	-
/rows/9/result/filesystem/metadata/check	object	-
/rows/9/result/filesystem/metadata/check/bytes	integer	2095104
/rows/9/result/filesystem/metadata/check/files	integer	2048
/rows/9/result/filesystem/metadata/python	string	3.14.7
/rows/9/result/filesystem/metadata/worker_ms	float	90.042422
/rows/9/result/filesystem/metadata/workload	string	metadata
/rows/9/result/filesystem/npm	object	-
/rows/9/result/filesystem/npm/check	object	-
/rows/9/result/filesystem/npm/check/local_packages	integer	32
/rows/9/result/filesystem/npm/python	string	3.14.7
/rows/9/result/filesystem/npm/worker_ms	float	299.005838
/rows/9/result/filesystem/npm/workload	string	npm
/rows/9/result/filesystem/read	object	-
/rows/9/result/filesystem/read/check	object	-
/rows/9/result/filesystem/read/check/bytes	integer	67108864
/rows/9/result/filesystem/read/check/sha256	string	42ef3a50fe506ced865473b082c8b28f6ce254e6e2b01266b6a563531a6267bc
/rows/9/result/filesystem/read/python	string	3.14.7
/rows/9/result/filesystem/read/worker_ms	float	71.741384
/rows/9/result/filesystem/read/workload	string	read
/rows/9/result/filesystem/rg	object	-
/rows/9/result/filesystem/rg/check	object	-
/rows/9/result/filesystem/rg/check/matches	integer	2048
/rows/9/result/filesystem/rg/python	string	3.14.7
/rows/9/result/filesystem/rg/worker_ms	float	96.048903
/rows/9/result/filesystem/rg/workload	string	rg
/rows/9/result/filesystem/write	object	-
/rows/9/result/filesystem/write/check	object	-
/rows/9/result/filesystem/write/check/bytes	integer	16777216
/rows/9/result/filesystem/write/check/files	integer	256
/rows/9/result/filesystem/write/python	string	3.14.7
/rows/9/result/filesystem/write/worker_ms	float	218.826215
/rows/9/result/filesystem/write/workload	string	write
/rows/9/result/mode	string	filesystem
/rows/9/result/worker_ms	float	1234.469441
/rows/9/result_ms	float	1318.501745
/rows/9/trial	integer	1
/rows/9/variant	string	baseline
/rows/10	object	-
/rows/10/backend	string	native
/rows/10/completion_ms	float	471.650406
/rows/10/correctness	string	passed
/rows/10/logs	string	/home/reiase/workspace/pvisor/target/p1-filesystem-final-full-20261005/native/trials/filesystem-native-002
/rows/10/memory_scope	string	owned launcher tree; Docker daemon/container RSS excluded
/rows/10/mode	string	filesystem
/rows/10/peak_tree_rss_kib	integer	147908
/rows/10/prepare_ms	float	37.43444
/rows/10/ready_ms	float	40.760058
/rows/10/result	object	-
/rows/10/result/correctness	string	passed
/rows/10/result/filesystem	object	-
/rows/10/result/filesystem/cargo	object	-
/rows/10/result/filesystem/cargo/check	object	-
/rows/10/result/filesystem/cargo/check/modules	integer	64
/rows/10/result/filesystem/cargo/check/result	string	2016
/rows/10/result/filesystem/cargo/python	string	3.14.7
/rows/10/result/filesystem/cargo/worker_ms	float	57.636297
/rows/10/result/filesystem/cargo/workload	string	cargo
/rows/10/result/filesystem/git	object	-
/rows/10/result/filesystem/git/check	object	-
/rows/10/result/filesystem/git/check/git_clean	boolean	true
/rows/10/result/filesystem/git/python	string	3.14.7
/rows/10/result/filesystem/git/worker_ms	float	15.998661
/rows/10/result/filesystem/git/workload	string	git
/rows/10/result/filesystem/metadata	object	-
/rows/10/result/filesystem/metadata/check	object	-
/rows/10/result/filesystem/metadata/check/bytes	integer	2095104
/rows/10/result/filesystem/metadata/check/files	integer	2048
/rows/10/result/filesystem/metadata/python	string	3.14.7
/rows/10/result/filesystem/metadata/worker_ms	float	5.552103
/rows/10/result/filesystem/metadata/workload	string	metadata
/rows/10/result/filesystem/npm	object	-
/rows/10/result/filesystem/npm/check	object	-
/rows/10/result/filesystem/npm/check/local_packages	integer	32
/rows/10/result/filesystem/npm/python	string	3.14.7
/rows/10/result/filesystem/npm/worker_ms	float	178.997184
/rows/10/result/filesystem/npm/workload	string	npm
/rows/10/result/filesystem/read	object	-
/rows/10/result/filesystem/read/check	object	-
/rows/10/result/filesystem/read/check/bytes	integer	67108864
/rows/10/result/filesystem/read/check/sha256	string	42ef3a50fe506ced865473b082c8b28f6ce254e6e2b01266b6a563531a6267bc
/rows/10/result/filesystem/read/python	string	3.14.7
/rows/10/result/filesystem/read/worker_ms	float	32.543952
/rows/10/result/filesystem/read/workload	string	read
/rows/10/result/filesystem/rg	object	-
/rows/10/result/filesystem/rg/check	object	-
/rows/10/result/filesystem/rg/check/matches	integer	2048
/rows/10/result/filesystem/rg/python	string	3.14.7
/rows/10/result/filesystem/rg/worker_ms	float	7.504677
/rows/10/result/filesystem/rg/workload	string	rg
/rows/10/result/filesystem/write	object	-
/rows/10/result/filesystem/write/check	object	-
/rows/10/result/filesystem/write/check/bytes	integer	16777216
/rows/10/result/filesystem/write/check/files	integer	256
/rows/10/result/filesystem/write/python	string	3.14.7
/rows/10/result/filesystem/write/worker_ms	float	3.988074
/rows/10/result/filesystem/write/workload	string	write
/rows/10/result/mode	string	filesystem
/rows/10/result/worker_ms	float	422.335239
/rows/10/result_ms	float	463.145692
/rows/10/trial	integer	2
/rows/10/variant	string	native
/rows/11	object	-
/rows/11/backend	string	pvisor-vm
/rows/11/completion_ms	float	5180.634905
/rows/11/correctness	string	passed
/rows/11/logs	string	/home/reiase/workspace/pvisor/target/p1-filesystem-final-full-20261005/candidate/trials/filesystem-pvisor-vm-002
/rows/11/memory_scope	string	owned launcher tree; Docker daemon/container RSS excluded
/rows/11/mode	string	filesystem
/rows/11/peak_tree_rss_kib	integer	817668
/rows/11/prepare_ms	float	36.958944
/rows/11/ready_ms	float	566.630344
/rows/11/result	object	-
/rows/11/result/correctness	string	passed
/rows/11/result/filesystem	object	-
/rows/11/result/filesystem/cargo	object	-
/rows/11/result/filesystem/cargo/check	object	-
/rows/11/result/filesystem/cargo/check/modules	integer	64
/rows/11/result/filesystem/cargo/check/result	string	2016
/rows/11/result/filesystem/cargo/python	string	3.14.7
/rows/11/result/filesystem/cargo/worker_ms	float	816.170338
/rows/11/result/filesystem/cargo/workload	string	cargo
/rows/11/result/filesystem/git	object	-
/rows/11/result/filesystem/git/check	object	-
/rows/11/result/filesystem/git/check/git_clean	boolean	true
/rows/11/result/filesystem/git/python	string	3.14.7
/rows/11/result/filesystem/git/worker_ms	float	393.100208
/rows/11/result/filesystem/git/workload	string	git
/rows/11/result/filesystem/metadata	object	-
/rows/11/result/filesystem/metadata/check	object	-
/rows/11/result/filesystem/metadata/check/bytes	integer	2095104
/rows/11/result/filesystem/metadata/check/files	integer	2048
/rows/11/result/filesystem/metadata/python	string	3.14.7
/rows/11/result/filesystem/metadata/worker_ms	float	208.045695
/rows/11/result/filesystem/metadata/workload	string	metadata
/rows/11/result/filesystem/npm	object	-
/rows/11/result/filesystem/npm/check	object	-
/rows/11/result/filesystem/npm/check/local_packages	integer	32
/rows/11/result/filesystem/npm/python	string	3.14.7
/rows/11/result/filesystem/npm/worker_ms	float	1648.755141
/rows/11/result/filesystem/npm/workload	string	npm
/rows/11/result/filesystem/read	object	-
/rows/11/result/filesystem/read/check	object	-
/rows/11/result/filesystem/read/check/bytes	integer	67108864
/rows/11/result/filesystem/read/check/sha256	string	42ef3a50fe506ced865473b082c8b28f6ce254e6e2b01266b6a563531a6267bc
/rows/11/result/filesystem/read/python	string	3.14.7
/rows/11/result/filesystem/read/worker_ms	float	158.050973
/rows/11/result/filesystem/read/workload	string	read
/rows/11/result/filesystem/rg	object	-
/rows/11/result/filesystem/rg/check	object	-
/rows/11/result/filesystem/rg/check/matches	integer	2048
/rows/11/result/filesystem/rg/python	string	3.14.7
/rows/11/result/filesystem/rg/worker_ms	float	457.302778
/rows/11/result/filesystem/rg/workload	string	rg
/rows/11/result/filesystem/write	object	-
/rows/11/result/filesystem/write/check	object	-
/rows/11/result/filesystem/write/check/bytes	integer	16777216
/rows/11/result/filesystem/write/check/files	integer	256
/rows/11/result/filesystem/write/python	string	3.14.7
/rows/11/result/filesystem/write/worker_ms	float	252.248099
/rows/11/result/filesystem/write/workload	string	write
/rows/11/result/mode	string	filesystem
/rows/11/result/worker_ms	float	4472.909345
/rows/11/result_ms	float	5040.540331
/rows/11/trial	integer	2
/rows/11/variant	string	candidate
/rows/12	object	-
/rows/12/backend	string	pvisor-staged
/rows/12/completion_ms	float	4262.956978
/rows/12/correctness	string	passed
/rows/12/logs	string	/home/reiase/workspace/pvisor/target/p1-filesystem-final-full-20261005/baseline/trials/filesystem-pvisor-staged-002
/rows/12/memory_scope	string	owned launcher tree; Docker daemon/container RSS excluded
/rows/12/mode	string	filesystem
/rows/12/peak_tree_rss_kib	integer	177508
/rows/12/prepare_ms	float	39.70566
/rows/12/ready_ms	float	64.448862
/rows/12/result	object	-
/rows/12/result/correctness	string	passed
/rows/12/result/filesystem	object	-
/rows/12/result/filesystem/cargo	object	-
/rows/12/result/filesystem/cargo/check	object	-
/rows/12/result/filesystem/cargo/check/modules	integer	64
/rows/12/result/filesystem/cargo/check/result	string	2016
/rows/12/result/filesystem/cargo/python	string	3.14.7
/rows/12/result/filesystem/cargo/worker_ms	float	115.71529
/rows/12/result/filesystem/cargo/workload	string	cargo
/rows/12/result/filesystem/git	object	-
/rows/12/result/filesystem/git/check	object	-
/rows/12/result/filesystem/git/check/git_clean	boolean	true
/rows/12/result/filesystem/git/python	string	3.14.7
/rows/12/result/filesystem/git/worker_ms	float	173.672386
/rows/12/result/filesystem/git/workload	string	git
/rows/12/result/filesystem/metadata	object	-
/rows/12/result/filesystem/metadata/check	object	-
/rows/12/result/filesystem/metadata/check/bytes	integer	2095104
/rows/12/result/filesystem/metadata/check/files	integer	2048
/rows/12/result/filesystem/metadata/python	string	3.14.7
/rows/12/result/filesystem/metadata/worker_ms	float	85.002365
/rows/12/result/filesystem/metadata/workload	string	metadata
/rows/12/result/filesystem/npm	object	-
/rows/12/result/filesystem/npm/check	object	-
/rows/12/result/filesystem/npm/check/local_packages	integer	32
/rows/12/result/filesystem/npm/python	string	3.14.7
/rows/12/result/filesystem/npm/worker_ms	float	278.50343
/rows/12/result/filesystem/npm/workload	string	npm
/rows/12/result/filesystem/read	object	-
/rows/12/result/filesystem/read/check	object	-
/rows/12/result/filesystem/read/check/bytes	integer	67108864
/rows/12/result/filesystem/read/check/sha256	string	42ef3a50fe506ced865473b082c8b28f6ce254e6e2b01266b6a563531a6267bc
/rows/12/result/filesystem/read/python	string	3.14.7
/rows/12/result/filesystem/read/worker_ms	float	72.022629
/rows/12/result/filesystem/read/workload	string	read
/rows/12/result/filesystem/rg	object	-
/rows/12/result/filesystem/rg/check	object	-
/rows/12/result/filesystem/rg/check/matches	integer	2048
/rows/12/result/filesystem/rg/python	string	3.14.7
/rows/12/result/filesystem/rg/worker_ms	float	91.75617
/rows/12/result/filesystem/rg/workload	string	rg
/rows/12/result/filesystem/write	object	-
/rows/12/result/filesystem/write/check	object	-
/rows/12/result/filesystem/write/check/bytes	integer	16777216
/rows/12/result/filesystem/write/check/files	integer	256
/rows/12/result/filesystem/write/python	string	3.14.7
/rows/12/result/filesystem/write/worker_ms	float	211.779191
/rows/12/result/filesystem/write/workload	string	write
/rows/12/result/mode	string	filesystem
/rows/12/result/worker_ms	float	1160.588745
/rows/12/result_ms	float	1225.13059
/rows/12/trial	integer	2
/rows/12/variant	string	baseline
/rows/13	object	-
/rows/13/backend	string	pvisor-staged
/rows/13/completion_ms	float	1508.820391
/rows/13/correctness	string	passed
/rows/13/logs	string	/home/reiase/workspace/pvisor/target/p1-filesystem-final-full-20261005/candidate/trials/filesystem-pvisor-staged-002
/rows/13/memory_scope	string	owned launcher tree; Docker daemon/container RSS excluded
/rows/13/mode	string	filesystem
/rows/13/peak_tree_rss_kib	integer	176712
/rows/13/prepare_ms	float	37.971703
/rows/13/ready_ms	float	66.204619
/rows/13/result	object	-
/rows/13/result/correctness	string	passed
/rows/13/result/filesystem	object	-
/rows/13/result/filesystem/cargo	object	-
/rows/13/result/filesystem/cargo/check	object	-
/rows/13/result/filesystem/cargo/check/modules	integer	64
/rows/13/result/filesystem/cargo/check/result	string	2016
/rows/13/result/filesystem/cargo/python	string	3.14.7
/rows/13/result/filesystem/cargo/worker_ms	float	113.922594
/rows/13/result/filesystem/cargo/workload	string	cargo
/rows/13/result/filesystem/git	object	-
/rows/13/result/filesystem/git/check	object	-
/rows/13/result/filesystem/git/check/git_clean	boolean	true
/rows/13/result/filesystem/git/python	string	3.14.7
/rows/13/result/filesystem/git/worker_ms	float	187.77106
/rows/13/result/filesystem/git/workload	string	git
/rows/13/result/filesystem/metadata	object	-
/rows/13/result/filesystem/metadata/check	object	-
/rows/13/result/filesystem/metadata/check/bytes	integer	2095104
/rows/13/result/filesystem/metadata/check/files	integer	2048
/rows/13/result/filesystem/metadata/python	string	3.14.7
/rows/13/result/filesystem/metadata/worker_ms	float	79.873492
/rows/13/result/filesystem/metadata/workload	string	metadata
/rows/13/result/filesystem/npm	object	-
/rows/13/result/filesystem/npm/check	object	-
/rows/13/result/filesystem/npm/check/local_packages	integer	32
/rows/13/result/filesystem/npm/python	string	3.14.7
/rows/13/result/filesystem/npm/worker_ms	float	273.378485
/rows/13/result/filesystem/npm/workload	string	npm
/rows/13/result/filesystem/read	object	-
/rows/13/result/filesystem/read/check	object	-
/rows/13/result/filesystem/read/check/bytes	integer	67108864
/rows/13/result/filesystem/read/check/sha256	string	42ef3a50fe506ced865473b082c8b28f6ce254e6e2b01266b6a563531a6267bc
/rows/13/result/filesystem/read/python	string	3.14.7
/rows/13/result/filesystem/read/worker_ms	float	68.982925
/rows/13/result/filesystem/read/workload	string	read
/rows/13/result/filesystem/rg	object	-
/rows/13/result/filesystem/rg/check	object	-
/rows/13/result/filesystem/rg/check/matches	integer	2048
/rows/13/result/filesystem/rg/python	string	3.14.7
/rows/13/result/filesystem/rg/worker_ms	float	93.242144
/rows/13/result/filesystem/rg/workload	string	rg
/rows/13/result/filesystem/write	object	-
/rows/13/result/filesystem/write/check	object	-
/rows/13/result/filesystem/write/check/bytes	integer	16777216
/rows/13/result/filesystem/write/check/files	integer	256
/rows/13/result/filesystem/write/python	string	3.14.7
/rows/13/result/filesystem/write/worker_ms	float	210.907745
/rows/13/result/filesystem/write/workload	string	write
/rows/13/result/mode	string	filesystem
/rows/13/result/worker_ms	float	1158.387025
/rows/13/result_ms	float	1224.646286
/rows/13/trial	integer	2
/rows/13/variant	string	candidate
/rows/14	object	-
/rows/14/backend	string	pvisor-vm
/rows/14/completion_ms	float	5362.250106
/rows/14/correctness	string	passed
/rows/14/logs	string	/home/reiase/workspace/pvisor/target/p1-filesystem-final-full-20261005/baseline/trials/filesystem-pvisor-vm-002
/rows/14/memory_scope	string	owned launcher tree; Docker daemon/container RSS excluded
/rows/14/mode	string	filesystem
/rows/14/peak_tree_rss_kib	integer	824492
/rows/14/prepare_ms	float	36.847635
/rows/14/ready_ms	float	582.360774
/rows/14/result	object	-
/rows/14/result/correctness	string	passed
/rows/14/result/filesystem	object	-
/rows/14/result/filesystem/cargo	object	-
/rows/14/result/filesystem/cargo/check	object	-
/rows/14/result/filesystem/cargo/check/modules	integer	64
/rows/14/result/filesystem/cargo/check/result	string	2016
/rows/14/result/filesystem/cargo/python	string	3.14.7
/rows/14/result/filesystem/cargo/worker_ms	float	770.838331
/rows/14/result/filesystem/cargo/workload	string	cargo
/rows/14/result/filesystem/git	object	-
/rows/14/result/filesystem/git/check	object	-
/rows/14/result/filesystem/git/check/git_clean	boolean	true
/rows/14/result/filesystem/git/python	string	3.14.7
/rows/14/result/filesystem/git/worker_ms	float	764.173438
/rows/14/result/filesystem/git/workload	string	git
/rows/14/result/filesystem/metadata	object	-
/rows/14/result/filesystem/metadata/check	object	-
/rows/14/result/filesystem/metadata/check/bytes	integer	2095104
/rows/14/result/filesystem/metadata/check/files	integer	2048
/rows/14/result/filesystem/metadata/python	string	3.14.7
/rows/14/result/filesystem/metadata/worker_ms	float	172.156047
/rows/14/result/filesystem/metadata/workload	string	metadata
/rows/14/result/filesystem/npm	object	-
/rows/14/result/filesystem/npm/check	object	-
/rows/14/result/filesystem/npm/check/local_packages	integer	32
/rows/14/result/filesystem/npm/python	string	3.14.7
/rows/14/result/filesystem/npm/worker_ms	float	1558.285329
/rows/14/result/filesystem/npm/workload	string	npm
/rows/14/result/filesystem/read	object	-
/rows/14/result/filesystem/read/check	object	-
/rows/14/result/filesystem/read/check/bytes	integer	67108864
/rows/14/result/filesystem/read/check/sha256	string	42ef3a50fe506ced865473b082c8b28f6ce254e6e2b01266b6a563531a6267bc
/rows/14/result/filesystem/read/python	string	3.14.7
/rows/14/result/filesystem/read/worker_ms	float	119.748018
/rows/14/result/filesystem/read/workload	string	read
/rows/14/result/filesystem/rg	object	-
/rows/14/result/filesystem/rg/check	object	-
/rows/14/result/filesystem/rg/check/matches	integer	2048
/rows/14/result/filesystem/rg/python	string	3.14.7
/rows/14/result/filesystem/rg/worker_ms	float	432.703606
/rows/14/result/filesystem/rg/workload	string	rg
/rows/14/result/filesystem/write	object	-
/rows/14/result/filesystem/write/check	object	-
/rows/14/result/filesystem/write/check/bytes	integer	16777216
/rows/14/result/filesystem/write/check/files	integer	256
/rows/14/result/filesystem/write/python	string	3.14.7
/rows/14/result/filesystem/write/worker_ms	float	233.681396
/rows/14/result/filesystem/write/workload	string	write
/rows/14/result/mode	string	filesystem
/rows/14/result/worker_ms	float	4642.206102
/rows/14/result_ms	float	5225.274153
/rows/14/trial	integer	2
/rows/14/variant	string	baseline
/rows/15	object	-
/rows/15/backend	string	pvisor-vm
/rows/15/completion_ms	float	5399.249034
/rows/15/correctness	string	passed
/rows/15/logs	string	/home/reiase/workspace/pvisor/target/p1-filesystem-final-full-20261005/candidate/trials/filesystem-pvisor-vm-003
/rows/15/memory_scope	string	owned launcher tree; Docker daemon/container RSS excluded
/rows/15/mode	string	filesystem
/rows/15/peak_tree_rss_kib	integer	829752
/rows/15/prepare_ms	float	37.292776
/rows/15/ready_ms	float	595.898052
/rows/15/result	object	-
/rows/15/result/correctness	string	passed
/rows/15/result/filesystem	object	-
/rows/15/result/filesystem/cargo	object	-
/rows/15/result/filesystem/cargo/check	object	-
/rows/15/result/filesystem/cargo/check/modules	integer	64
/rows/15/result/filesystem/cargo/check/result	string	2016
/rows/15/result/filesystem/cargo/python	string	3.14.7
/rows/15/result/filesystem/cargo/worker_ms	float	821.668527
/rows/15/result/filesystem/cargo/workload	string	cargo
/rows/15/result/filesystem/git	object	-
/rows/15/result/filesystem/git/check	object	-
/rows/15/result/filesystem/git/check/git_clean	boolean	true
/rows/15/result/filesystem/git/python	string	3.14.7
/rows/15/result/filesystem/git/worker_ms	float	463.410296
/rows/15/result/filesystem/git/workload	string	git
/rows/15/result/filesystem/metadata	object	-
/rows/15/result/filesystem/metadata/check	object	-
/rows/15/result/filesystem/metadata/check/bytes	integer	2095104
/rows/15/result/filesystem/metadata/check/files	integer	2048
/rows/15/result/filesystem/metadata/python	string	3.14.7
/rows/15/result/filesystem/metadata/worker_ms	float	234.611576
/rows/15/result/filesystem/metadata/workload	string	metadata
/rows/15/result/filesystem/npm	object	-
/rows/15/result/filesystem/npm/check	object	-
/rows/15/result/filesystem/npm/check/local_packages	integer	32
/rows/15/result/filesystem/npm/python	string	3.14.7
/rows/15/result/filesystem/npm/worker_ms	float	1677.597362
/rows/15/result/filesystem/npm/workload	string	npm
/rows/15/result/filesystem/read	object	-
/rows/15/result/filesystem/read/check	object	-
/rows/15/result/filesystem/read/check/bytes	integer	67108864
/rows/15/result/filesystem/read/check/sha256	string	42ef3a50fe506ced865473b082c8b28f6ce254e6e2b01266b6a563531a6267bc
/rows/15/result/filesystem/read/python	string	3.14.7
/rows/15/result/filesystem/read/worker_ms	float	168.408174
/rows/15/result/filesystem/read/workload	string	read
/rows/15/result/filesystem/rg	object	-
/rows/15/result/filesystem/rg/check	object	-
/rows/15/result/filesystem/rg/check/matches	integer	2048
/rows/15/result/filesystem/rg/python	string	3.14.7
/rows/15/result/filesystem/rg/worker_ms	float	487.33253
/rows/15/result/filesystem/rg/workload	string	rg
/rows/15/result/filesystem/write	object	-
/rows/15/result/filesystem/write/check	object	-
/rows/15/result/filesystem/write/check/bytes	integer	16777216
/rows/15/result/filesystem/write/check/files	integer	256
/rows/15/result/filesystem/write/python	string	3.14.7
/rows/15/result/filesystem/write/worker_ms	float	225.136286
/rows/15/result/filesystem/write/workload	string	write
/rows/15/result/mode	string	filesystem
/rows/15/result/worker_ms	float	4675.864816
/rows/15/result_ms	float	5272.647916
/rows/15/trial	integer	3
/rows/15/variant	string	candidate
/rows/16	object	-
/rows/16/backend	string	pvisor-vm
/rows/16/completion_ms	float	5121.603003
/rows/16/correctness	string	passed
/rows/16/logs	string	/home/reiase/workspace/pvisor/target/p1-filesystem-final-full-20261005/baseline/trials/filesystem-pvisor-vm-003
/rows/16/memory_scope	string	owned launcher tree; Docker daemon/container RSS excluded
/rows/16/mode	string	filesystem
/rows/16/peak_tree_rss_kib	integer	829960
/rows/16/prepare_ms	float	38.005277
/rows/16/ready_ms	float	581.632103
/rows/16/result	object	-
/rows/16/result/correctness	string	passed
/rows/16/result/filesystem	object	-
/rows/16/result/filesystem/cargo	object	-
/rows/16/result/filesystem/cargo/check	object	-
/rows/16/result/filesystem/cargo/check/modules	integer	64
/rows/16/result/filesystem/cargo/check/result	string	2016
/rows/16/result/filesystem/cargo/python	string	3.14.7
/rows/16/result/filesystem/cargo/worker_ms	float	733.650242
/rows/16/result/filesystem/cargo/workload	string	cargo
/rows/16/result/filesystem/git	object	-
/rows/16/result/filesystem/git/check	object	-
/rows/16/result/filesystem/git/check/git_clean	boolean	true
/rows/16/result/filesystem/git/python	string	3.14.7
/rows/16/result/filesystem/git/worker_ms	float	450.363532
/rows/16/result/filesystem/git/workload	string	git
/rows/16/result/filesystem/metadata	object	-
/rows/16/result/filesystem/metadata/check	object	-
/rows/16/result/filesystem/metadata/check/bytes	integer	2095104
/rows/16/result/filesystem/metadata/check/files	integer	2048
/rows/16/result/filesystem/metadata/python	string	3.14.7
/rows/16/result/filesystem/metadata/worker_ms	float	158.098572
/rows/16/result/filesystem/metadata/workload	string	metadata
/rows/16/result/filesystem/npm	object	-
/rows/16/result/filesystem/npm/check	object	-
/rows/16/result/filesystem/npm/check/local_packages	integer	32
/rows/16/result/filesystem/npm/python	string	3.14.7
/rows/16/result/filesystem/npm/worker_ms	float	1715.644097
/rows/16/result/filesystem/npm/workload	string	npm
/rows/16/result/filesystem/read	object	-
/rows/16/result/filesystem/read/check	object	-
/rows/16/result/filesystem/read/check/bytes	integer	67108864
/rows/16/result/filesystem/read/check/sha256	string	42ef3a50fe506ced865473b082c8b28f6ce254e6e2b01266b6a563531a6267bc
/rows/16/result/filesystem/read/python	string	3.14.7
/rows/16/result/filesystem/read/worker_ms	float	162.642755
/rows/16/result/filesystem/read/workload	string	read
/rows/16/result/filesystem/rg	object	-
/rows/16/result/filesystem/rg/check	object	-
/rows/16/result/filesystem/rg/check/matches	integer	2048
/rows/16/result/filesystem/rg/python	string	3.14.7
/rows/16/result/filesystem/rg/worker_ms	float	469.400074
/rows/16/result/filesystem/rg/workload	string	rg
/rows/16/result/filesystem/write	object	-
/rows/16/result/filesystem/write/check	object	-
/rows/16/result/filesystem/write/check/bytes	integer	16777216
/rows/16/result/filesystem/write/check/files	integer	256
/rows/16/result/filesystem/write/python	string	3.14.7
/rows/16/result/filesystem/write/worker_ms	float	226.281869
/rows/16/result/filesystem/write/workload	string	write
/rows/16/result/mode	string	filesystem
/rows/16/result/worker_ms	float	4414.822892
/rows/16/result_ms	float	4997.099309
/rows/16/trial	integer	3
/rows/16/variant	string	baseline
/rows/17	object	-
/rows/17/backend	string	pvisor-staged
/rows/17/completion_ms	float	4746.221571
/rows/17/correctness	string	passed
/rows/17/logs	string	/home/reiase/workspace/pvisor/target/p1-filesystem-final-full-20261005/candidate/trials/filesystem-pvisor-staged-003
/rows/17/memory_scope	string	owned launcher tree; Docker daemon/container RSS excluded
/rows/17/mode	string	filesystem
/rows/17/peak_tree_rss_kib	integer	177192
/rows/17/prepare_ms	float	37.507988
/rows/17/ready_ms	float	68.569353
/rows/17/result	object	-
/rows/17/result/correctness	string	passed
/rows/17/result/filesystem	object	-
/rows/17/result/filesystem/cargo	object	-
/rows/17/result/filesystem/cargo/check	object	-
/rows/17/result/filesystem/cargo/check/modules	integer	64
/rows/17/result/filesystem/cargo/check/result	string	2016
/rows/17/result/filesystem/cargo/python	string	3.14.7
/rows/17/result/filesystem/cargo/worker_ms	float	119.976724
/rows/17/result/filesystem/cargo/workload	string	cargo
/rows/17/result/filesystem/git	object	-
/rows/17/result/filesystem/git/check	object	-
/rows/17/result/filesystem/git/check/git_clean	boolean	true
/rows/17/result/filesystem/git/python	string	3.14.7
/rows/17/result/filesystem/git/worker_ms	float	186.20601
/rows/17/result/filesystem/git/workload	string	git
/rows/17/result/filesystem/metadata	object	-
/rows/17/result/filesystem/metadata/check	object	-
/rows/17/result/filesystem/metadata/check/bytes	integer	2095104
/rows/17/result/filesystem/metadata/check/files	integer	2048
/rows/17/result/filesystem/metadata/python	string	3.14.7
/rows/17/result/filesystem/metadata/worker_ms	float	81.171524
/rows/17/result/filesystem/metadata/workload	string	metadata
/rows/17/result/filesystem/npm	object	-
/rows/17/result/filesystem/npm/check	object	-
/rows/17/result/filesystem/npm/check/local_packages	integer	32
/rows/17/result/filesystem/npm/python	string	3.14.7
/rows/17/result/filesystem/npm/worker_ms	float	278.763136
/rows/17/result/filesystem/npm/workload	string	npm
/rows/17/result/filesystem/read	object	-
/rows/17/result/filesystem/read/check	object	-
/rows/17/result/filesystem/read/check/bytes	integer	67108864
/rows/17/result/filesystem/read/check/sha256	string	42ef3a50fe506ced865473b082c8b28f6ce254e6e2b01266b6a563531a6267bc
/rows/17/result/filesystem/read/python	string	3.14.7
/rows/17/result/filesystem/read/worker_ms	float	69.451158
/rows/17/result/filesystem/read/workload	string	read
/rows/17/result/filesystem/rg	object	-
/rows/17/result/filesystem/rg/check	object	-
/rows/17/result/filesystem/rg/check/matches	integer	2048
/rows/17/result/filesystem/rg/python	string	3.14.7
/rows/17/result/filesystem/rg/worker_ms	float	96.635658
/rows/17/result/filesystem/rg/workload	string	rg
/rows/17/result/filesystem/write	object	-
/rows/17/result/filesystem/write/check	object	-
/rows/17/result/filesystem/write/check/bytes	integer	16777216
/rows/17/result/filesystem/write/check/files	integer	256
/rows/17/result/filesystem/write/python	string	3.14.7
/rows/17/result/filesystem/write/worker_ms	float	207.261139
/rows/17/result/filesystem/write/workload	string	write
/rows/17/result/mode	string	filesystem
/rows/17/result/worker_ms	float	1177.200289
/rows/17/result_ms	float	1245.860913
/rows/17/trial	integer	3
/rows/17/variant	string	candidate
/rows/18	object	-
/rows/18/backend	string	native
/rows/18/completion_ms	float	485.671626
/rows/18/correctness	string	passed
/rows/18/logs	string	/home/reiase/workspace/pvisor/target/p1-filesystem-final-full-20261005/native/trials/filesystem-native-003
/rows/18/memory_scope	string	owned launcher tree; Docker daemon/container RSS excluded
/rows/18/mode	string	filesystem
/rows/18/peak_tree_rss_kib	integer	147908
/rows/18/prepare_ms	float	38.493457
/rows/18/ready_ms	float	40.592134
/rows/18/result	object	-
/rows/18/result/correctness	string	passed
/rows/18/result/filesystem	object	-
/rows/18/result/filesystem/cargo	object	-
/rows/18/result/filesystem/cargo/check	object	-
/rows/18/result/filesystem/cargo/check/modules	integer	64
/rows/18/result/filesystem/cargo/check/result	string	2016
/rows/18/result/filesystem/cargo/python	string	3.14.7
/rows/18/result/filesystem/cargo/worker_ms	float	56.720538
/rows/18/result/filesystem/cargo/workload	string	cargo
/rows/18/result/filesystem/git	object	-
/rows/18/result/filesystem/git/check	object	-
/rows/18/result/filesystem/git/check/git_clean	boolean	true
/rows/18/result/filesystem/git/python	string	3.14.7
/rows/18/result/filesystem/git/worker_ms	float	14.694036
/rows/18/result/filesystem/git/workload	string	git
/rows/18/result/filesystem/metadata	object	-
/rows/18/result/filesystem/metadata/check	object	-
/rows/18/result/filesystem/metadata/check/bytes	integer	2095104
/rows/18/result/filesystem/metadata/check/files	integer	2048
/rows/18/result/filesystem/metadata/python	string	3.14.7
/rows/18/result/filesystem/metadata/worker_ms	float	5.373309
/rows/18/result/filesystem/metadata/workload	string	metadata
/rows/18/result/filesystem/npm	object	-
/rows/18/result/filesystem/npm/check	object	-
/rows/18/result/filesystem/npm/check/local_packages	integer	32
/rows/18/result/filesystem/npm/python	string	3.14.7
/rows/18/result/filesystem/npm/worker_ms	float	188.031066
/rows/18/result/filesystem/npm/workload	string	npm
/rows/18/result/filesystem/read	object	-
/rows/18/result/filesystem/read/check	object	-
/rows/18/result/filesystem/read/check/bytes	integer	67108864
/rows/18/result/filesystem/read/check/sha256	string	42ef3a50fe506ced865473b082c8b28f6ce254e6e2b01266b6a563531a6267bc
/rows/18/result/filesystem/read/python	string	3.14.7
/rows/18/result/filesystem/read/worker_ms	float	32.662665
/rows/18/result/filesystem/read/workload	string	read
/rows/18/result/filesystem/rg	object	-
/rows/18/result/filesystem/rg/check	object	-
/rows/18/result/filesystem/rg/check/matches	integer	2048
/rows/18/result/filesystem/rg/python	string	3.14.7
/rows/18/result/filesystem/rg/worker_ms	float	10.045299
/rows/18/result/filesystem/rg/workload	string	rg
/rows/18/result/filesystem/write	object	-
/rows/18/result/filesystem/write/check	object	-
/rows/18/result/filesystem/write/check/bytes	integer	16777216
/rows/18/result/filesystem/write/check/files	integer	256
/rows/18/result/filesystem/write/python	string	3.14.7
/rows/18/result/filesystem/write/worker_ms	float	3.883087
/rows/18/result/filesystem/write/workload	string	write
/rows/18/result/mode	string	filesystem
/rows/18/result/worker_ms	float	436.89207
/rows/18/result_ms	float	477.537454
/rows/18/trial	integer	3
/rows/18/variant	string	native
/rows/19	object	-
/rows/19/backend	string	pvisor-staged
/rows/19/completion_ms	float	1370.849522
/rows/19/correctness	string	passed
/rows/19/logs	string	/home/reiase/workspace/pvisor/target/p1-filesystem-final-full-20261005/baseline/trials/filesystem-pvisor-staged-003
/rows/19/memory_scope	string	owned launcher tree; Docker daemon/container RSS excluded
/rows/19/mode	string	filesystem
/rows/19/peak_tree_rss_kib	integer	177896
/rows/19/prepare_ms	float	39.339747
/rows/19/ready_ms	float	66.230138
/rows/19/result	object	-
/rows/19/result/correctness	string	passed
/rows/19/result/filesystem	object	-
/rows/19/result/filesystem/cargo	object	-
/rows/19/result/filesystem/cargo/check	object	-
/rows/19/result/filesystem/cargo/check/modules	integer	64
/rows/19/result/filesystem/cargo/check/result	string	2016
/rows/19/result/filesystem/cargo/python	string	3.14.7
/rows/19/result/filesystem/cargo/worker_ms	float	120.609927
/rows/19/result/filesystem/cargo/workload	string	cargo
/rows/19/result/filesystem/git	object	-
/rows/19/result/filesystem/git/check	object	-
/rows/19/result/filesystem/git/check/git_clean	boolean	true
/rows/19/result/filesystem/git/python	string	3.14.7
/rows/19/result/filesystem/git/worker_ms	float	183.863898
/rows/19/result/filesystem/git/workload	string	git
/rows/19/result/filesystem/metadata	object	-
/rows/19/result/filesystem/metadata/check	object	-
/rows/19/result/filesystem/metadata/check/bytes	integer	2095104
/rows/19/result/filesystem/metadata/check/files	integer	2048
/rows/19/result/filesystem/metadata/python	string	3.14.7
/rows/19/result/filesystem/metadata/worker_ms	float	81.625012
/rows/19/result/filesystem/metadata/workload	string	metadata
/rows/19/result/filesystem/npm	object	-
/rows/19/result/filesystem/npm/check	object	-
/rows/19/result/filesystem/npm/check/local_packages	integer	32
/rows/19/result/filesystem/npm/python	string	3.14.7
/rows/19/result/filesystem/npm/worker_ms	float	265.477517
/rows/19/result/filesystem/npm/workload	string	npm
/rows/19/result/filesystem/read	object	-
/rows/19/result/filesystem/read/check	object	-
/rows/19/result/filesystem/read/check/bytes	integer	67108864
/rows/19/result/filesystem/read/check/sha256	string	42ef3a50fe506ced865473b082c8b28f6ce254e6e2b01266b6a563531a6267bc
/rows/19/result/filesystem/read/python	string	3.14.7
/rows/19/result/filesystem/read/worker_ms	float	69.872756
/rows/19/result/filesystem/read/workload	string	read
/rows/19/result/filesystem/rg	object	-
/rows/19/result/filesystem/rg/check	object	-
/rows/19/result/filesystem/rg/check/matches	integer	2048
/rows/19/result/filesystem/rg/python	string	3.14.7
/rows/19/result/filesystem/rg/worker_ms	float	96.260568
/rows/19/result/filesystem/rg/workload	string	rg
/rows/19/result/filesystem/write	object	-
/rows/19/result/filesystem/write/check	object	-
/rows/19/result/filesystem/write/check/bytes	integer	16777216
/rows/19/result/filesystem/write/check/files	integer	256
/rows/19/result/filesystem/write/python	string	3.14.7
/rows/19/result/filesystem/write/worker_ms	float	229.782303
/rows/19/result/filesystem/write/workload	string	write
/rows/19/result/mode	string	filesystem
/rows/19/result/worker_ms	float	1177.032597
/rows/19/result_ms	float	1243.310623
/rows/19/trial	integer	3
/rows/19/variant	string	baseline
/rows/20	object	-
/rows/20/backend	string	native
/rows/20/completion_ms	float	468.356097
/rows/20/correctness	string	passed
/rows/20/logs	string	/home/reiase/workspace/pvisor/target/p1-filesystem-final-full-20261005/native/trials/filesystem-native-004
/rows/20/memory_scope	string	owned launcher tree; Docker daemon/container RSS excluded
/rows/20/mode	string	filesystem
/rows/20/peak_tree_rss_kib	integer	135400
/rows/20/prepare_ms	float	38.290949
/rows/20/ready_ms	float	39.435836
/rows/20/result	object	-
/rows/20/result/correctness	string	passed
/rows/20/result/filesystem	object	-
/rows/20/result/filesystem/cargo	object	-
/rows/20/result/filesystem/cargo/check	object	-
/rows/20/result/filesystem/cargo/check/modules	integer	64
/rows/20/result/filesystem/cargo/check/result	string	2016
/rows/20/result/filesystem/cargo/python	string	3.14.7
/rows/20/result/filesystem/cargo/worker_ms	float	54.883208
/rows/20/result/filesystem/cargo/workload	string	cargo
/rows/20/result/filesystem/git	object	-
/rows/20/result/filesystem/git/check	object	-
/rows/20/result/filesystem/git/check/git_clean	boolean	true
/rows/20/result/filesystem/git/python	string	3.14.7
/rows/20/result/filesystem/git/worker_ms	float	14.932881
/rows/20/result/filesystem/git/workload	string	git
/rows/20/result/filesystem/metadata	object	-
/rows/20/result/filesystem/metadata/check	object	-
/rows/20/result/filesystem/metadata/check/bytes	integer	2095104
/rows/20/result/filesystem/metadata/check/files	integer	2048
/rows/20/result/filesystem/metadata/python	string	3.14.7
/rows/20/result/filesystem/metadata/worker_ms	float	5.0635
/rows/20/result/filesystem/metadata/workload	string	metadata
/rows/20/result/filesystem/npm	object	-
/rows/20/result/filesystem/npm/check	object	-
/rows/20/result/filesystem/npm/check/local_packages	integer	32
/rows/20/result/filesystem/npm/python	string	3.14.7
/rows/20/result/filesystem/npm/worker_ms	float	180.955229
/rows/20/result/filesystem/npm/workload	string	npm
/rows/20/result/filesystem/read	object	-
/rows/20/result/filesystem/read/check	object	-
/rows/20/result/filesystem/read/check/bytes	integer	67108864
/rows/20/result/filesystem/read/check/sha256	string	42ef3a50fe506ced865473b082c8b28f6ce254e6e2b01266b6a563531a6267bc
/rows/20/result/filesystem/read/python	string	3.14.7
/rows/20/result/filesystem/read/worker_ms	float	32.015727
/rows/20/result/filesystem/read/workload	string	read
/rows/20/result/filesystem/rg	object	-
/rows/20/result/filesystem/rg/check	object	-
/rows/20/result/filesystem/rg/check/matches	integer	2048
/rows/20/result/filesystem/rg/python	string	3.14.7
/rows/20/result/filesystem/rg/worker_ms	float	8.03643
/rows/20/result/filesystem/rg/workload	string	rg
/rows/20/result/filesystem/write	object	-
/rows/20/result/filesystem/write/check	object	-
/rows/20/result/filesystem/write/check/bytes	integer	16777216
/rows/20/result/filesystem/write/check/files	integer	256
/rows/20/result/filesystem/write/python	string	3.14.7
/rows/20/result/filesystem/write/worker_ms	float	3.907673
/rows/20/result/filesystem/write/workload	string	write
/rows/20/result/mode	string	filesystem
/rows/20/result/worker_ms	float	421.144978
/rows/20/result_ms	float	460.642229
/rows/20/trial	integer	4
/rows/20/variant	string	native
/rows/21	object	-
/rows/21/backend	string	pvisor-staged
/rows/21/completion_ms	float	1313.656813
/rows/21/correctness	string	passed
/rows/21/logs	string	/home/reiase/workspace/pvisor/target/p1-filesystem-final-full-20261005/baseline/trials/filesystem-pvisor-staged-004
/rows/21/memory_scope	string	owned launcher tree; Docker daemon/container RSS excluded
/rows/21/mode	string	filesystem
/rows/21/peak_tree_rss_kib	integer	177652
/rows/21/prepare_ms	float	38.346192
/rows/21/ready_ms	float	64.019652
/rows/21/result	object	-
/rows/21/result/correctness	string	passed
/rows/21/result/filesystem	object	-
/rows/21/result/filesystem/cargo	object	-
/rows/21/result/filesystem/cargo/check	object	-
/rows/21/result/filesystem/cargo/check/modules	integer	64
/rows/21/result/filesystem/cargo/check/result	string	2016
/rows/21/result/filesystem/cargo/python	string	3.14.7
/rows/21/result/filesystem/cargo/worker_ms	float	115.58137
/rows/21/result/filesystem/cargo/workload	string	cargo
/rows/21/result/filesystem/git	object	-
/rows/21/result/filesystem/git/check	object	-
/rows/21/result/filesystem/git/check/git_clean	boolean	true
/rows/21/result/filesystem/git/python	string	3.14.7
/rows/21/result/filesystem/git/worker_ms	float	174.947055
/rows/21/result/filesystem/git/workload	string	git
/rows/21/result/filesystem/metadata	object	-
/rows/21/result/filesystem/metadata/check	object	-
/rows/21/result/filesystem/metadata/check/bytes	integer	2095104
/rows/21/result/filesystem/metadata/check/files	integer	2048
/rows/21/result/filesystem/metadata/python	string	3.14.7
/rows/21/result/filesystem/metadata/worker_ms	float	77.045234
/rows/21/result/filesystem/metadata/workload	string	metadata
/rows/21/result/filesystem/npm	object	-
/rows/21/result/filesystem/npm/check	object	-
/rows/21/result/filesystem/npm/check/local_packages	integer	32
/rows/21/result/filesystem/npm/python	string	3.14.7
/rows/21/result/filesystem/npm/worker_ms	float	266.376857
/rows/21/result/filesystem/npm/workload	string	npm
/rows/21/result/filesystem/read	object	-
/rows/21/result/filesystem/read/check	object	-
/rows/21/result/filesystem/read/check/bytes	integer	67108864
/rows/21/result/filesystem/read/check/sha256	string	42ef3a50fe506ced865473b082c8b28f6ce254e6e2b01266b6a563531a6267bc
/rows/21/result/filesystem/read/python	string	3.14.7
/rows/21/result/filesystem/read/worker_ms	float	67.168229
/rows/21/result/filesystem/read/workload	string	read
/rows/21/result/filesystem/rg	object	-
/rows/21/result/filesystem/rg/check	object	-
/rows/21/result/filesystem/rg/check/matches	integer	2048
/rows/21/result/filesystem/rg/python	string	3.14.7
/rows/21/result/filesystem/rg/worker_ms	float	91.105136
/rows/21/result/filesystem/rg/workload	string	rg
/rows/21/result/filesystem/write	object	-
/rows/21/result/filesystem/write/check	object	-
/rows/21/result/filesystem/write/check/bytes	integer	16777216
/rows/21/result/filesystem/write/check/files	integer	256
/rows/21/result/filesystem/write/python	string	3.14.7
/rows/21/result/filesystem/write/worker_ms	float	201.153619
/rows/21/result/filesystem/write/workload	string	write
/rows/21/result/mode	string	filesystem
/rows/21/result/worker_ms	float	1121.398086
/rows/21/result_ms	float	1185.518014
/rows/21/trial	integer	4
/rows/21/variant	string	baseline
/rows/22	object	-
/rows/22/backend	string	pvisor-staged
/rows/22/completion_ms	float	1297.575286
/rows/22/correctness	string	passed
/rows/22/logs	string	/home/reiase/workspace/pvisor/target/p1-filesystem-final-full-20261005/candidate/trials/filesystem-pvisor-staged-004
/rows/22/memory_scope	string	owned launcher tree; Docker daemon/container RSS excluded
/rows/22/mode	string	filesystem
/rows/22/peak_tree_rss_kib	integer	174756
/rows/22/prepare_ms	float	40.165158
/rows/22/ready_ms	float	62.626069
/rows/22/result	object	-
/rows/22/result/correctness	string	passed
/rows/22/result/filesystem	object	-
/rows/22/result/filesystem/cargo	object	-
/rows/22/result/filesystem/cargo/check	object	-
/rows/22/result/filesystem/cargo/check/modules	integer	64
/rows/22/result/filesystem/cargo/check/result	string	2016
/rows/22/result/filesystem/cargo/python	string	3.14.7
/rows/22/result/filesystem/cargo/worker_ms	float	113.339636
/rows/22/result/filesystem/cargo/workload	string	cargo
/rows/22/result/filesystem/git	object	-
/rows/22/result/filesystem/git/check	object	-
/rows/22/result/filesystem/git/check/git_clean	boolean	true
/rows/22/result/filesystem/git/python	string	3.14.7
/rows/22/result/filesystem/git/worker_ms	float	170.762585
/rows/22/result/filesystem/git/workload	string	git
/rows/22/result/filesystem/metadata	object	-
/rows/22/result/filesystem/metadata/check	object	-
/rows/22/result/filesystem/metadata/check/bytes	integer	2095104
/rows/22/result/filesystem/metadata/check/files	integer	2048
/rows/22/result/filesystem/metadata/python	string	3.14.7
/rows/22/result/filesystem/metadata/worker_ms	float	78.2918
/rows/22/result/filesystem/metadata/workload	string	metadata
/rows/22/result/filesystem/npm	object	-
/rows/22/result/filesystem/npm/check	object	-
/rows/22/result/filesystem/npm/check/local_packages	integer	32
/rows/22/result/filesystem/npm/python	string	3.14.7
/rows/22/result/filesystem/npm/worker_ms	float	260.084893
/rows/22/result/filesystem/npm/workload	string	npm
/rows/22/result/filesystem/read	object	-
/rows/22/result/filesystem/read/check	object	-
/rows/22/result/filesystem/read/check/bytes	integer	67108864
/rows/22/result/filesystem/read/check/sha256	string	42ef3a50fe506ced865473b082c8b28f6ce254e6e2b01266b6a563531a6267bc
/rows/22/result/filesystem/read/python	string	3.14.7
/rows/22/result/filesystem/read/worker_ms	float	67.806389
/rows/22/result/filesystem/read/workload	string	read
/rows/22/result/filesystem/rg	object	-
/rows/22/result/filesystem/rg/check	object	-
/rows/22/result/filesystem/rg/check/matches	integer	2048
/rows/22/result/filesystem/rg/python	string	3.14.7
/rows/22/result/filesystem/rg/worker_ms	float	92.760065
/rows/22/result/filesystem/rg/workload	string	rg
/rows/22/result/filesystem/write	object	-
/rows/22/result/filesystem/write/check	object	-
/rows/22/result/filesystem/write/check/bytes	integer	16777216
/rows/22/result/filesystem/write/check/files	integer	256
/rows/22/result/filesystem/write/python	string	3.14.7
/rows/22/result/filesystem/write/worker_ms	float	201.572871
/rows/22/result/filesystem/write/workload	string	write
/rows/22/result/mode	string	filesystem
/rows/22/result/worker_ms	float	1112.519665
/rows/22/result_ms	float	1175.188654
/rows/22/trial	integer	4
/rows/22/variant	string	candidate
/rows/23	object	-
/rows/23/backend	string	pvisor-vm
/rows/23/completion_ms	float	5463.159591
/rows/23/correctness	string	passed
/rows/23/logs	string	/home/reiase/workspace/pvisor/target/p1-filesystem-final-full-20261005/candidate/trials/filesystem-pvisor-vm-004
/rows/23/memory_scope	string	owned launcher tree; Docker daemon/container RSS excluded
/rows/23/mode	string	filesystem
/rows/23/peak_tree_rss_kib	integer	828644
/rows/23/prepare_ms	float	37.33253
/rows/23/ready_ms	float	565.267941
/rows/23/result	object	-
/rows/23/result/correctness	string	passed
/rows/23/result/filesystem	object	-
/rows/23/result/filesystem/cargo	object	-
/rows/23/result/filesystem/cargo/check	object	-
/rows/23/result/filesystem/cargo/check/modules	integer	64
/rows/23/result/filesystem/cargo/check/result	string	2016
/rows/23/result/filesystem/cargo/python	string	3.14.7
/rows/23/result/filesystem/cargo/worker_ms	float	589.119188
/rows/23/result/filesystem/cargo/workload	string	cargo
/rows/23/result/filesystem/git	object	-
/rows/23/result/filesystem/git/check	object	-
/rows/23/result/filesystem/git/check/git_clean	boolean	true
/rows/23/result/filesystem/git/python	string	3.14.7
/rows/23/result/filesystem/git/worker_ms	float	764.821571
/rows/23/result/filesystem/git/workload	string	git
/rows/23/result/filesystem/metadata	object	-
/rows/23/result/filesystem/metadata/check	object	-
/rows/23/result/filesystem/metadata/check/bytes	integer	2095104
/rows/23/result/filesystem/metadata/check/files	integer	2048
/rows/23/result/filesystem/metadata/python	string	3.14.7
/rows/23/result/filesystem/metadata/worker_ms	float	228.777189
/rows/23/result/filesystem/metadata/workload	string	metadata
/rows/23/result/filesystem/npm	object	-
/rows/23/result/filesystem/npm/check	object	-
/rows/23/result/filesystem/npm/check/local_packages	integer	32
/rows/23/result/filesystem/npm/python	string	3.14.7
/rows/23/result/filesystem/npm/worker_ms	float	1631.299126
/rows/23/result/filesystem/npm/workload	string	npm
/rows/23/result/filesystem/read	object	-
/rows/23/result/filesystem/read/check	object	-
/rows/23/result/filesystem/read/check/bytes	integer	67108864
/rows/23/result/filesystem/read/check/sha256	string	42ef3a50fe506ced865473b082c8b28f6ce254e6e2b01266b6a563531a6267bc
/rows/23/result/filesystem/read/python	string	3.14.7
/rows/23/result/filesystem/read/worker_ms	float	186.378951
/rows/23/result/filesystem/read/workload	string	read
/rows/23/result/filesystem/rg	object	-
/rows/23/result/filesystem/rg/check	object	-
/rows/23/result/filesystem/rg/check/matches	integer	2048
/rows/23/result/filesystem/rg/python	string	3.14.7
/rows/23/result/filesystem/rg/worker_ms	float	416.333544
/rows/23/result/filesystem/rg/workload	string	rg
/rows/23/result/filesystem/write	object	-
/rows/23/result/filesystem/write/check	object	-
/rows/23/result/filesystem/write/check/bytes	integer	16777216
/rows/23/result/filesystem/write/check/files	integer	256
/rows/23/result/filesystem/write/python	string	3.14.7
/rows/23/result/filesystem/write/worker_ms	float	249.119725
/rows/23/result/filesystem/write/workload	string	write
/rows/23/result/mode	string	filesystem
/rows/23/result/worker_ms	float	4767.882473
/rows/23/result_ms	float	5333.997172
/rows/23/trial	integer	4
/rows/23/variant	string	candidate
/rows/24	object	-
/rows/24/backend	string	pvisor-vm
/rows/24/completion_ms	float	5122.011345
/rows/24/correctness	string	passed
/rows/24/logs	string	/home/reiase/workspace/pvisor/target/p1-filesystem-final-full-20261005/baseline/trials/filesystem-pvisor-vm-004
/rows/24/memory_scope	string	owned launcher tree; Docker daemon/container RSS excluded
/rows/24/mode	string	filesystem
/rows/24/peak_tree_rss_kib	integer	829568
/rows/24/prepare_ms	float	37.376453
/rows/24/ready_ms	float	576.595794
/rows/24/result	object	-
/rows/24/result/correctness	string	passed
/rows/24/result/filesystem	object	-
/rows/24/result/filesystem/cargo	object	-
/rows/24/result/filesystem/cargo/check	object	-
/rows/24/result/filesystem/cargo/check/modules	integer	64
/rows/24/result/filesystem/cargo/check/result	string	2016
/rows/24/result/filesystem/cargo/python	string	3.14.7
/rows/24/result/filesystem/cargo/worker_ms	float	717.459525
/rows/24/result/filesystem/cargo/workload	string	cargo
/rows/24/result/filesystem/git	object	-
/rows/24/result/filesystem/git/check	object	-
/rows/24/result/filesystem/git/check/git_clean	boolean	true
/rows/24/result/filesystem/git/python	string	3.14.7
/rows/24/result/filesystem/git/worker_ms	float	393.771213
/rows/24/result/filesystem/git/workload	string	git
/rows/24/result/filesystem/metadata	object	-
/rows/24/result/filesystem/metadata/check	object	-
/rows/24/result/filesystem/metadata/check/bytes	integer	2095104
/rows/24/result/filesystem/metadata/check/files	integer	2048
/rows/24/result/filesystem/metadata/python	string	3.14.7
/rows/24/result/filesystem/metadata/worker_ms	float	172.188738
/rows/24/result/filesystem/metadata/workload	string	metadata
/rows/24/result/filesystem/npm	object	-
/rows/24/result/filesystem/npm/check	object	-
/rows/24/result/filesystem/npm/check/local_packages	integer	32
/rows/24/result/filesystem/npm/python	string	3.14.7
/rows/24/result/filesystem/npm/worker_ms	float	1757.550624
/rows/24/result/filesystem/npm/workload	string	npm
/rows/24/result/filesystem/read	object	-
/rows/24/result/filesystem/read/check	object	-
/rows/24/result/filesystem/read/check/bytes	integer	67108864
/rows/24/result/filesystem/read/check/sha256	string	42ef3a50fe506ced865473b082c8b28f6ce254e6e2b01266b6a563531a6267bc
/rows/24/result/filesystem/read/python	string	3.14.7
/rows/24/result/filesystem/read/worker_ms	float	115.373432
/rows/24/result/filesystem/read/workload	string	read
/rows/24/result/filesystem/rg	object	-
/rows/24/result/filesystem/rg/check	object	-
/rows/24/result/filesystem/rg/check/matches	integer	2048
/rows/24/result/filesystem/rg/python	string	3.14.7
/rows/24/result/filesystem/rg/worker_ms	float	462.256597
/rows/24/result/filesystem/rg/workload	string	rg
/rows/24/result/filesystem/write	object	-
/rows/24/result/filesystem/write/check	object	-
/rows/24/result/filesystem/write/check/bytes	integer	16777216
/rows/24/result/filesystem/write/check/files	integer	256
/rows/24/result/filesystem/write/python	string	3.14.7
/rows/24/result/filesystem/write/worker_ms	float	272.928478
/rows/24/result/filesystem/write/workload	string	write
/rows/24/result/mode	string	filesystem
/rows/24/result/worker_ms	float	4408.075095
/rows/24/result_ms	float	4985.473159
/rows/24/trial	integer	4
/rows/24/variant	string	baseline
/rows/25	object	-
/rows/25/backend	string	pvisor-vm
/rows/25/completion_ms	float	5334.633009
/rows/25/correctness	string	passed
/rows/25/logs	string	/home/reiase/workspace/pvisor/target/p1-filesystem-final-full-20261005/candidate/trials/filesystem-pvisor-vm-005
/rows/25/memory_scope	string	owned launcher tree; Docker daemon/container RSS excluded
/rows/25/mode	string	filesystem
/rows/25/peak_tree_rss_kib	integer	831392
/rows/25/prepare_ms	float	36.615612
/rows/25/ready_ms	float	568.791567
/rows/25/result	object	-
/rows/25/result/correctness	string	passed
/rows/25/result/filesystem	object	-
/rows/25/result/filesystem/cargo	object	-
/rows/25/result/filesystem/cargo/check	object	-
/rows/25/result/filesystem/cargo/check/modules	integer	64
/rows/25/result/filesystem/cargo/check/result	string	2016
/rows/25/result/filesystem/cargo/python	string	3.14.7
/rows/25/result/filesystem/cargo/worker_ms	float	610.463168
/rows/25/result/filesystem/cargo/workload	string	cargo
/rows/25/result/filesystem/git	object	-
/rows/25/result/filesystem/git/check	object	-
/rows/25/result/filesystem/git/check/git_clean	boolean	true
/rows/25/result/filesystem/git/python	string	3.14.7
/rows/25/result/filesystem/git/worker_ms	float	636.540686
/rows/25/result/filesystem/git/workload	string	git
/rows/25/result/filesystem/metadata	object	-
/rows/25/result/filesystem/metadata/check	object	-
/rows/25/result/filesystem/metadata/check/bytes	integer	2095104
/rows/25/result/filesystem/metadata/check/files	integer	2048
/rows/25/result/filesystem/metadata/python	string	3.14.7
/rows/25/result/filesystem/metadata/worker_ms	float	184.570547
/rows/25/result/filesystem/metadata/workload	string	metadata
/rows/25/result/filesystem/npm	object	-
/rows/25/result/filesystem/npm/check	object	-
/rows/25/result/filesystem/npm/check/local_packages	integer	32
/rows/25/result/filesystem/npm/python	string	3.14.7
/rows/25/result/filesystem/npm/worker_ms	float	1837.405833
/rows/25/result/filesystem/npm/workload	string	npm
/rows/25/result/filesystem/read	object	-
/rows/25/result/filesystem/read/check	object	-
/rows/25/result/filesystem/read/check/bytes	integer	67108864
/rows/25/result/filesystem/read/check/sha256	string	42ef3a50fe506ced865473b082c8b28f6ce254e6e2b01266b6a563531a6267bc
/rows/25/result/filesystem/read/python	string	3.14.7
/rows/25/result/filesystem/read/worker_ms	float	116.925006
/rows/25/result/filesystem/read/workload	string	read
/rows/25/result/filesystem/rg	object	-
/rows/25/result/filesystem/rg/check	object	-
/rows/25/result/filesystem/rg/check/matches	integer	2048
/rows/25/result/filesystem/rg/python	string	3.14.7
/rows/25/result/filesystem/rg/worker_ms	float	432.86574
/rows/25/result/filesystem/rg/workload	string	rg
/rows/25/result/filesystem/write	object	-
/rows/25/result/filesystem/write/check	object	-
/rows/25/result/filesystem/write/check/bytes	integer	16777216
/rows/25/result/filesystem/write/check/files	integer	256
/rows/25/result/filesystem/write/python	string	3.14.7
/rows/25/result/filesystem/write/worker_ms	float	233.631993
/rows/25/result/filesystem/write/workload	string	write
/rows/25/result/mode	string	filesystem
/rows/25/result/worker_ms	float	4642.193158
/rows/25/result_ms	float	5211.777973
/rows/25/trial	integer	5
/rows/25/variant	string	candidate
/rows/26	object	-
/rows/26/backend	string	pvisor-staged
/rows/26/completion_ms	float	1286.902166
/rows/26/correctness	string	passed
/rows/26/logs	string	/home/reiase/workspace/pvisor/target/p1-filesystem-final-full-20261005/candidate/trials/filesystem-pvisor-staged-005
/rows/26/memory_scope	string	owned launcher tree; Docker daemon/container RSS excluded
/rows/26/mode	string	filesystem
/rows/26/peak_tree_rss_kib	integer	174364
/rows/26/prepare_ms	float	36.659645
/rows/26/ready_ms	float	62.841894
/rows/26/result	object	-
/rows/26/result/correctness	string	passed
/rows/26/result/filesystem	object	-
/rows/26/result/filesystem/cargo	object	-
/rows/26/result/filesystem/cargo/check	object	-
/rows/26/result/filesystem/cargo/check/modules	integer	64
/rows/26/result/filesystem/cargo/check/result	string	2016
/rows/26/result/filesystem/cargo/python	string	3.14.7
/rows/26/result/filesystem/cargo/worker_ms	float	112.09319
/rows/26/result/filesystem/cargo/workload	string	cargo
/rows/26/result/filesystem/git	object	-
/rows/26/result/filesystem/git/check	object	-
/rows/26/result/filesystem/git/check/git_clean	boolean	true
/rows/26/result/filesystem/git/python	string	3.14.7
/rows/26/result/filesystem/git/worker_ms	float	171.700655
/rows/26/result/filesystem/git/workload	string	git
/rows/26/result/filesystem/metadata	object	-
/rows/26/result/filesystem/metadata/check	object	-
/rows/26/result/filesystem/metadata/check/bytes	integer	2095104
/rows/26/result/filesystem/metadata/check/files	integer	2048
/rows/26/result/filesystem/metadata/python	string	3.14.7
/rows/26/result/filesystem/metadata/worker_ms	float	76.879664
/rows/26/result/filesystem/metadata/workload	string	metadata
/rows/26/result/filesystem/npm	object	-
/rows/26/result/filesystem/npm/check	object	-
/rows/26/result/filesystem/npm/check/local_packages	integer	32
/rows/26/result/filesystem/npm/python	string	3.14.7
/rows/26/result/filesystem/npm/worker_ms	float	258.562962
/rows/26/result/filesystem/npm/workload	string	npm
/rows/26/result/filesystem/read	object	-
/rows/26/result/filesystem/read/check	object	-
/rows/26/result/filesystem/read/check/bytes	integer	67108864
/rows/26/result/filesystem/read/check/sha256	string	42ef3a50fe506ced865473b082c8b28f6ce254e6e2b01266b6a563531a6267bc
/rows/26/result/filesystem/read/python	string	3.14.7
/rows/26/result/filesystem/read/worker_ms	float	69.604455
/rows/26/result/filesystem/read/workload	string	read
/rows/26/result/filesystem/rg	object	-
/rows/26/result/filesystem/rg/check	object	-
/rows/26/result/filesystem/rg/check/matches	integer	2048
/rows/26/result/filesystem/rg/python	string	3.14.7
/rows/26/result/filesystem/rg/worker_ms	float	93.760281
/rows/26/result/filesystem/rg/workload	string	rg
/rows/26/result/filesystem/write	object	-
/rows/26/result/filesystem/write/check	object	-
/rows/26/result/filesystem/write/check/bytes	integer	16777216
/rows/26/result/filesystem/write/check/files	integer	256
/rows/26/result/filesystem/write/python	string	3.14.7
/rows/26/result/filesystem/write/worker_ms	float	193.119513
/rows/26/result/filesystem/write/workload	string	write
/rows/26/result/mode	string	filesystem
/rows/26/result/worker_ms	float	1100.880509
/rows/26/result_ms	float	1163.771675
/rows/26/trial	integer	5
/rows/26/variant	string	candidate
/rows/27	object	-
/rows/27/backend	string	pvisor-vm
/rows/27/completion_ms	float	5321.538879
/rows/27/correctness	string	passed
/rows/27/logs	string	/home/reiase/workspace/pvisor/target/p1-filesystem-final-full-20261005/baseline/trials/filesystem-pvisor-vm-005
/rows/27/memory_scope	string	owned launcher tree; Docker daemon/container RSS excluded
/rows/27/mode	string	filesystem
/rows/27/peak_tree_rss_kib	integer	838320
/rows/27/prepare_ms	float	36.446847
/rows/27/ready_ms	float	560.662134
/rows/27/result	object	-
/rows/27/result/correctness	string	passed
/rows/27/result/filesystem	object	-
/rows/27/result/filesystem/cargo	object	-
/rows/27/result/filesystem/cargo/check	object	-
/rows/27/result/filesystem/cargo/check/modules	integer	64
/rows/27/result/filesystem/cargo/check/result	string	2016
/rows/27/result/filesystem/cargo/python	string	3.14.7
/rows/27/result/filesystem/cargo/worker_ms	float	756.116903
/rows/27/result/filesystem/cargo/workload	string	cargo
/rows/27/result/filesystem/git	object	-
/rows/27/result/filesystem/git/check	object	-
/rows/27/result/filesystem/git/check/git_clean	boolean	true
/rows/27/result/filesystem/git/python	string	3.14.7
/rows/27/result/filesystem/git/worker_ms	float	415.218107
/rows/27/result/filesystem/git/workload	string	git
/rows/27/result/filesystem/metadata	object	-
/rows/27/result/filesystem/metadata/check	object	-
/rows/27/result/filesystem/metadata/check/bytes	integer	2095104
/rows/27/result/filesystem/metadata/check/files	integer	2048
/rows/27/result/filesystem/metadata/python	string	3.14.7
/rows/27/result/filesystem/metadata/worker_ms	float	234.062259
/rows/27/result/filesystem/metadata/workload	string	metadata
/rows/27/result/filesystem/npm	object	-
/rows/27/result/filesystem/npm/check	object	-
/rows/27/result/filesystem/npm/check/local_packages	integer	32
/rows/27/result/filesystem/npm/python	string	3.14.7
/rows/27/result/filesystem/npm/worker_ms	float	1765.664397
/rows/27/result/filesystem/npm/workload	string	npm
/rows/27/result/filesystem/read	object	-
/rows/27/result/filesystem/read/check	object	-
/rows/27/result/filesystem/read/check/bytes	integer	67108864
/rows/27/result/filesystem/read/check/sha256	string	42ef3a50fe506ced865473b082c8b28f6ce254e6e2b01266b6a563531a6267bc
/rows/27/result/filesystem/read/python	string	3.14.7
/rows/27/result/filesystem/read/worker_ms	float	117.037797
/rows/27/result/filesystem/read/workload	string	read
/rows/27/result/filesystem/rg	object	-
/rows/27/result/filesystem/rg/check	object	-
/rows/27/result/filesystem/rg/check/matches	integer	2048
/rows/27/result/filesystem/rg/python	string	3.14.7
/rows/27/result/filesystem/rg/worker_ms	float	450.497142
/rows/27/result/filesystem/rg/workload	string	rg
/rows/27/result/filesystem/write	object	-
/rows/27/result/filesystem/write/check	object	-
/rows/27/result/filesystem/write/check/bytes	integer	16777216
/rows/27/result/filesystem/write/check/files	integer	256
/rows/27/result/filesystem/write/python	string	3.14.7
/rows/27/result/filesystem/write/worker_ms	float	334.371693
/rows/27/result/filesystem/write/workload	string	write
/rows/27/result/mode	string	filesystem
/rows/27/result/worker_ms	float	4619.217986
/rows/27/result_ms	float	5180.629605
/rows/27/trial	integer	5
/rows/27/variant	string	baseline
/rows/28	object	-
/rows/28/backend	string	native
/rows/28/completion_ms	float	469.725252
/rows/28/correctness	string	passed
/rows/28/logs	string	/home/reiase/workspace/pvisor/target/p1-filesystem-final-full-20261005/native/trials/filesystem-native-005
/rows/28/memory_scope	string	owned launcher tree; Docker daemon/container RSS excluded
/rows/28/mode	string	filesystem
/rows/28/peak_tree_rss_kib	integer	148284
/rows/28/prepare_ms	float	36.819243
/rows/28/ready_ms	float	40.467612
/rows/28/result	object	-
/rows/28/result/correctness	string	passed
/rows/28/result/filesystem	object	-
/rows/28/result/filesystem/cargo	object	-
/rows/28/result/filesystem/cargo/check	object	-
/rows/28/result/filesystem/cargo/check/modules	integer	64
/rows/28/result/filesystem/cargo/check/result	string	2016
/rows/28/result/filesystem/cargo/python	string	3.14.7
/rows/28/result/filesystem/cargo/worker_ms	float	56.33624
/rows/28/result/filesystem/cargo/workload	string	cargo
/rows/28/result/filesystem/git	object	-
/rows/28/result/filesystem/git/check	object	-
/rows/28/result/filesystem/git/check/git_clean	boolean	true
/rows/28/result/filesystem/git/python	string	3.14.7
/rows/28/result/filesystem/git/worker_ms	float	15.666691
/rows/28/result/filesystem/git/workload	string	git
/rows/28/result/filesystem/metadata	object	-
/rows/28/result/filesystem/metadata/check	object	-
/rows/28/result/filesystem/metadata/check/bytes	integer	2095104
/rows/28/result/filesystem/metadata/check/files	integer	2048
/rows/28/result/filesystem/metadata/python	string	3.14.7
/rows/28/result/filesystem/metadata/worker_ms	float	5.150092
/rows/28/result/filesystem/metadata/workload	string	metadata
/rows/28/result/filesystem/npm	object	-
/rows/28/result/filesystem/npm/check	object	-
/rows/28/result/filesystem/npm/check/local_packages	integer	32
/rows/28/result/filesystem/npm/python	string	3.14.7
/rows/28/result/filesystem/npm/worker_ms	float	173.242153
/rows/28/result/filesystem/npm/workload	string	npm
/rows/28/result/filesystem/read	object	-
/rows/28/result/filesystem/read/check	object	-
/rows/28/result/filesystem/read/check/bytes	integer	67108864
/rows/28/result/filesystem/read/check/sha256	string	42ef3a50fe506ced865473b082c8b28f6ce254e6e2b01266b6a563531a6267bc
/rows/28/result/filesystem/read/python	string	3.14.7
/rows/28/result/filesystem/read/worker_ms	float	40.440481
/rows/28/result/filesystem/read/workload	string	read
/rows/28/result/filesystem/rg	object	-
/rows/28/result/filesystem/rg/check	object	-
/rows/28/result/filesystem/rg/check/matches	integer	2048
/rows/28/result/filesystem/rg/python	string	3.14.7
/rows/28/result/filesystem/rg/worker_ms	float	7.363454
/rows/28/result/filesystem/rg/workload	string	rg
/rows/28/result/filesystem/write	object	-
/rows/28/result/filesystem/write/check	object	-
/rows/28/result/filesystem/write/check/bytes	integer	16777216
/rows/28/result/filesystem/write/check/files	integer	256
/rows/28/result/filesystem/write/python	string	3.14.7
/rows/28/result/filesystem/write/worker_ms	float	3.775808
/rows/28/result/filesystem/write/workload	string	write
/rows/28/result/mode	string	filesystem
/rows/28/result/worker_ms	float	420.995719
/rows/28/result_ms	float	461.529865
/rows/28/trial	integer	5
/rows/28/variant	string	native
/rows/29	object	-
/rows/29/backend	string	pvisor-staged
/rows/29/completion_ms	float	1349.608405
/rows/29/correctness	string	passed
/rows/29/logs	string	/home/reiase/workspace/pvisor/target/p1-filesystem-final-full-20261005/baseline/trials/filesystem-pvisor-staged-005
/rows/29/memory_scope	string	owned launcher tree; Docker daemon/container RSS excluded
/rows/29/mode	string	filesystem
/rows/29/peak_tree_rss_kib	integer	178200
/rows/29/prepare_ms	float	37.955393
/rows/29/ready_ms	float	62.15976
/rows/29/result	object	-
/rows/29/result/correctness	string	passed
/rows/29/result/filesystem	object	-
/rows/29/result/filesystem/cargo	object	-
/rows/29/result/filesystem/cargo/check	object	-
/rows/29/result/filesystem/cargo/check/modules	integer	64
/rows/29/result/filesystem/cargo/check/result	string	2016
/rows/29/result/filesystem/cargo/python	string	3.14.7
/rows/29/result/filesystem/cargo/worker_ms	float	132.950809
/rows/29/result/filesystem/cargo/workload	string	cargo
/rows/29/result/filesystem/git	object	-
/rows/29/result/filesystem/git/check	object	-
/rows/29/result/filesystem/git/check/git_clean	boolean	true
/rows/29/result/filesystem/git/python	string	3.14.7
/rows/29/result/filesystem/git/worker_ms	float	171.441873
/rows/29/result/filesystem/git/workload	string	git
/rows/29/result/filesystem/metadata	object	-
/rows/29/result/filesystem/metadata/check	object	-
/rows/29/result/filesystem/metadata/check/bytes	integer	2095104
/rows/29/result/filesystem/metadata/check/files	integer	2048
/rows/29/result/filesystem/metadata/python	string	3.14.7
/rows/29/result/filesystem/metadata/worker_ms	float	83.532401
/rows/29/result/filesystem/metadata/workload	string	metadata
/rows/29/result/filesystem/npm	object	-
/rows/29/result/filesystem/npm/check	object	-
/rows/29/result/filesystem/npm/check/local_packages	integer	32
/rows/29/result/filesystem/npm/python	string	3.14.7
/rows/29/result/filesystem/npm/worker_ms	float	266.710529
/rows/29/result/filesystem/npm/workload	string	npm
/rows/29/result/filesystem/read	object	-
/rows/29/result/filesystem/read/check	object	-
/rows/29/result/filesystem/read/check/bytes	integer	67108864
/rows/29/result/filesystem/read/check/sha256	string	42ef3a50fe506ced865473b082c8b28f6ce254e6e2b01266b6a563531a6267bc
/rows/29/result/filesystem/read/python	string	3.14.7
/rows/29/result/filesystem/read/worker_ms	float	80.655271
/rows/29/result/filesystem/read/workload	string	read
/rows/29/result/filesystem/rg	object	-
/rows/29/result/filesystem/rg/check	object	-
/rows/29/result/filesystem/rg/check/matches	integer	2048
/rows/29/result/filesystem/rg/python	string	3.14.7
/rows/29/result/filesystem/rg/worker_ms	float	91.515943
/rows/29/result/filesystem/rg/workload	string	rg
/rows/29/result/filesystem/write	object	-
/rows/29/result/filesystem/write/check	object	-
/rows/29/result/filesystem/write/check/bytes	integer	16777216
/rows/29/result/filesystem/write/check/files	integer	256
/rows/29/result/filesystem/write/python	string	3.14.7
/rows/29/result/filesystem/write/worker_ms	float	207.426357
/rows/29/result/filesystem/write/workload	string	write
/rows/29/result/mode	string	filesystem
/rows/29/result/worker_ms	float	1163.754082
/rows/29/result_ms	float	1225.96615
/rows/29/trial	integer	5
/rows/29/variant	string	baseline
/rows/30	object	-
/rows/30/backend	string	pvisor-staged
/rows/30/completion_ms	float	1386.456921
/rows/30/correctness	string	passed
/rows/30/logs	string	/home/reiase/workspace/pvisor/target/p1-filesystem-final-full-20261005/baseline/trials/filesystem-pvisor-staged-006
/rows/30/memory_scope	string	owned launcher tree; Docker daemon/container RSS excluded
/rows/30/mode	string	filesystem
/rows/30/peak_tree_rss_kib	integer	177948
/rows/30/prepare_ms	float	37.291524
/rows/30/ready_ms	float	61.814364
/rows/30/result	object	-
/rows/30/result/correctness	string	passed
/rows/30/result/filesystem	object	-
/rows/30/result/filesystem/cargo	object	-
/rows/30/result/filesystem/cargo/check	object	-
/rows/30/result/filesystem/cargo/check/modules	integer	64
/rows/30/result/filesystem/cargo/check/result	string	2016
/rows/30/result/filesystem/cargo/python	string	3.14.7
/rows/30/result/filesystem/cargo/worker_ms	float	174.546898
/rows/30/result/filesystem/cargo/workload	string	cargo
/rows/30/result/filesystem/git	object	-
/rows/30/result/filesystem/git/check	object	-
/rows/30/result/filesystem/git/check/git_clean	boolean	true
/rows/30/result/filesystem/git/python	string	3.14.7
/rows/30/result/filesystem/git/worker_ms	float	180.331024
/rows/30/result/filesystem/git/workload	string	git
/rows/30/result/filesystem/metadata	object	-
/rows/30/result/filesystem/metadata/check	object	-
/rows/30/result/filesystem/metadata/check/bytes	integer	2095104
/rows/30/result/filesystem/metadata/check/files	integer	2048
/rows/30/result/filesystem/metadata/python	string	3.14.7
/rows/30/result/filesystem/metadata/worker_ms	float	77.760458
/rows/30/result/filesystem/metadata/workload	string	metadata
/rows/30/result/filesystem/npm	object	-
/rows/30/result/filesystem/npm/check	object	-
/rows/30/result/filesystem/npm/check/local_packages	integer	32
/rows/30/result/filesystem/npm/python	string	3.14.7
/rows/30/result/filesystem/npm/worker_ms	float	279.606249
/rows/30/result/filesystem/npm/workload	string	npm
/rows/30/result/filesystem/read	object	-
/rows/30/result/filesystem/read/check	object	-
/rows/30/result/filesystem/read/check/bytes	integer	67108864
/rows/30/result/filesystem/read/check/sha256	string	42ef3a50fe506ced865473b082c8b28f6ce254e6e2b01266b6a563531a6267bc
/rows/30/result/filesystem/read/python	string	3.14.7
/rows/30/result/filesystem/read/worker_ms	float	74.987383
/rows/30/result/filesystem/read/workload	string	read
/rows/30/result/filesystem/rg	object	-
/rows/30/result/filesystem/rg/check	object	-
/rows/30/result/filesystem/rg/check/matches	integer	2048
/rows/30/result/filesystem/rg/python	string	3.14.7
/rows/30/result/filesystem/rg/worker_ms	float	90.718895
/rows/30/result/filesystem/rg/workload	string	rg
/rows/30/result/filesystem/write	object	-
/rows/30/result/filesystem/write/check	object	-
/rows/30/result/filesystem/write/check/bytes	integer	16777216
/rows/30/result/filesystem/write/check/files	integer	256
/rows/30/result/filesystem/write/python	string	3.14.7
/rows/30/result/filesystem/write/worker_ms	float	209.430698
/rows/30/result/filesystem/write/workload	string	write
/rows/30/result/mode	string	filesystem
/rows/30/result/worker_ms	float	1214.271613
/rows/30/result_ms	float	1276.135509
/rows/30/trial	integer	6
/rows/30/variant	string	baseline
/rows/31	object	-
/rows/31/backend	string	native
/rows/31/completion_ms	float	460.203841
/rows/31/correctness	string	passed
/rows/31/logs	string	/home/reiase/workspace/pvisor/target/p1-filesystem-final-full-20261005/native/trials/filesystem-native-006
/rows/31/memory_scope	string	owned launcher tree; Docker daemon/container RSS excluded
/rows/31/mode	string	filesystem
/rows/31/peak_tree_rss_kib	integer	135580
/rows/31/prepare_ms	float	37.917472
/rows/31/ready_ms	float	39.611384
/rows/31/result	object	-
/rows/31/result/correctness	string	passed
/rows/31/result/filesystem	object	-
/rows/31/result/filesystem/cargo	object	-
/rows/31/result/filesystem/cargo/check	object	-
/rows/31/result/filesystem/cargo/check/modules	integer	64
/rows/31/result/filesystem/cargo/check/result	string	2016
/rows/31/result/filesystem/cargo/python	string	3.14.7
/rows/31/result/filesystem/cargo/worker_ms	float	56.147769
/rows/31/result/filesystem/cargo/workload	string	cargo
/rows/31/result/filesystem/git	object	-
/rows/31/result/filesystem/git/check	object	-
/rows/31/result/filesystem/git/check/git_clean	boolean	true
/rows/31/result/filesystem/git/python	string	3.14.7
/rows/31/result/filesystem/git/worker_ms	float	14.53042
/rows/31/result/filesystem/git/workload	string	git
/rows/31/result/filesystem/metadata	object	-
/rows/31/result/filesystem/metadata/check	object	-
/rows/31/result/filesystem/metadata/check/bytes	integer	2095104
/rows/31/result/filesystem/metadata/check/files	integer	2048
/rows/31/result/filesystem/metadata/python	string	3.14.7
/rows/31/result/filesystem/metadata/worker_ms	float	4.717376
/rows/31/result/filesystem/metadata/workload	string	metadata
/rows/31/result/filesystem/npm	object	-
/rows/31/result/filesystem/npm/check	object	-
/rows/31/result/filesystem/npm/check/local_packages	integer	32
/rows/31/result/filesystem/npm/python	string	3.14.7
/rows/31/result/filesystem/npm/worker_ms	float	176.840158
/rows/31/result/filesystem/npm/workload	string	npm
/rows/31/result/filesystem/read	object	-
/rows/31/result/filesystem/read/check	object	-
/rows/31/result/filesystem/read/check/bytes	integer	67108864
/rows/31/result/filesystem/read/check/sha256	string	42ef3a50fe506ced865473b082c8b28f6ce254e6e2b01266b6a563531a6267bc
/rows/31/result/filesystem/read/python	string	3.14.7
/rows/31/result/filesystem/read/worker_ms	float	32.292624
/rows/31/result/filesystem/read/workload	string	read
/rows/31/result/filesystem/rg	object	-
/rows/31/result/filesystem/rg/check	object	-
/rows/31/result/filesystem/rg/check/matches	integer	2048
/rows/31/result/filesystem/rg/python	string	3.14.7
/rows/31/result/filesystem/rg/worker_ms	float	7.743133
/rows/31/result/filesystem/rg/workload	string	rg
/rows/31/result/filesystem/write	object	-
/rows/31/result/filesystem/write/check	object	-
/rows/31/result/filesystem/write/check/bytes	integer	16777216
/rows/31/result/filesystem/write/check/files	integer	256
/rows/31/result/filesystem/write/python	string	3.14.7
/rows/31/result/filesystem/write/worker_ms	float	3.90579
/rows/31/result/filesystem/write/workload	string	write
/rows/31/result/mode	string	filesystem
/rows/31/result/worker_ms	float	412.353278
/rows/31/result_ms	float	452.058348
/rows/31/trial	integer	6
/rows/31/variant	string	native
/rows/32	object	-
/rows/32/backend	string	pvisor-vm
/rows/32/completion_ms	float	5114.954654
/rows/32/correctness	string	passed
/rows/32/logs	string	/home/reiase/workspace/pvisor/target/p1-filesystem-final-full-20261005/baseline/trials/filesystem-pvisor-vm-006
/rows/32/memory_scope	string	owned launcher tree; Docker daemon/container RSS excluded
/rows/32/mode	string	filesystem
/rows/32/peak_tree_rss_kib	integer	829924
/rows/32/prepare_ms	float	37.20905
/rows/32/ready_ms	float	566.796263
/rows/32/result	object	-
/rows/32/result/correctness	string	passed
/rows/32/result/filesystem	object	-
/rows/32/result/filesystem/cargo	object	-
/rows/32/result/filesystem/cargo/check	object	-
/rows/32/result/filesystem/cargo/check/modules	integer	64
/rows/32/result/filesystem/cargo/check/result	string	2016
/rows/32/result/filesystem/cargo/python	string	3.14.7
/rows/32/result/filesystem/cargo/worker_ms	float	768.249706
/rows/32/result/filesystem/cargo/workload	string	cargo
/rows/32/result/filesystem/git	object	-
/rows/32/result/filesystem/git/check	object	-
/rows/32/result/filesystem/git/check/git_clean	boolean	true
/rows/32/result/filesystem/git/python	string	3.14.7
/rows/32/result/filesystem/git/worker_ms	float	413.780576
/rows/32/result/filesystem/git/workload	string	git
/rows/32/result/filesystem/metadata	object	-
/rows/32/result/filesystem/metadata/check	object	-
/rows/32/result/filesystem/metadata/check/bytes	integer	2095104
/rows/32/result/filesystem/metadata/check/files	integer	2048
/rows/32/result/filesystem/metadata/python	string	3.14.7
/rows/32/result/filesystem/metadata/worker_ms	float	158.486257
/rows/32/result/filesystem/metadata/workload	string	metadata
/rows/32/result/filesystem/npm	object	-
/rows/32/result/filesystem/npm/check	object	-
/rows/32/result/filesystem/npm/check/local_packages	integer	32
/rows/32/result/filesystem/npm/python	string	3.14.7
/rows/32/result/filesystem/npm/worker_ms	float	1641.621592
/rows/32/result/filesystem/npm/workload	string	npm
/rows/32/result/filesystem/read	object	-
/rows/32/result/filesystem/read/check	object	-
/rows/32/result/filesystem/read/check/bytes	integer	67108864
/rows/32/result/filesystem/read/check/sha256	string	42ef3a50fe506ced865473b082c8b28f6ce254e6e2b01266b6a563531a6267bc
/rows/32/result/filesystem/read/python	string	3.14.7
/rows/32/result/filesystem/read/worker_ms	float	145.396273
/rows/32/result/filesystem/read/workload	string	read
/rows/32/result/filesystem/rg	object	-
/rows/32/result/filesystem/rg/check	object	-
/rows/32/result/filesystem/rg/check/matches	integer	2048
/rows/32/result/filesystem/rg/python	string	3.14.7
/rows/32/result/filesystem/rg/worker_ms	float	473.547375
/rows/32/result/filesystem/rg/workload	string	rg
/rows/32/result/filesystem/write	object	-
/rows/32/result/filesystem/write/check	object	-
/rows/32/result/filesystem/write/check/bytes	integer	16777216
/rows/32/result/filesystem/write/check/files	integer	256
/rows/32/result/filesystem/write/python	string	3.14.7
/rows/32/result/filesystem/write/worker_ms	float	269.024421
/rows/32/result/filesystem/write/workload	string	write
/rows/32/result/mode	string	filesystem
/rows/32/result/worker_ms	float	4413.869257
/rows/32/result_ms	float	4981.235219
/rows/32/trial	integer	6
/rows/32/variant	string	baseline
/rows/33	object	-
/rows/33/backend	string	pvisor-staged
/rows/33/completion_ms	float	1367.946362
/rows/33/correctness	string	passed
/rows/33/logs	string	/home/reiase/workspace/pvisor/target/p1-filesystem-final-full-20261005/candidate/trials/filesystem-pvisor-staged-006
/rows/33/memory_scope	string	owned launcher tree; Docker daemon/container RSS excluded
/rows/33/mode	string	filesystem
/rows/33/peak_tree_rss_kib	integer	177328
/rows/33/prepare_ms	float	37.316631
/rows/33/ready_ms	float	62.939094
/rows/33/result	object	-
/rows/33/result/correctness	string	passed
/rows/33/result/filesystem	object	-
/rows/33/result/filesystem/cargo	object	-
/rows/33/result/filesystem/cargo/check	object	-
/rows/33/result/filesystem/cargo/check/modules	integer	64
/rows/33/result/filesystem/cargo/check/result	string	2016
/rows/33/result/filesystem/cargo/python	string	3.14.7
/rows/33/result/filesystem/cargo/worker_ms	float	128.586243
/rows/33/result/filesystem/cargo/workload	string	cargo
/rows/33/result/filesystem/git	object	-
/rows/33/result/filesystem/git/check	object	-
/rows/33/result/filesystem/git/check/git_clean	boolean	true
/rows/33/result/filesystem/git/python	string	3.14.7
/rows/33/result/filesystem/git/worker_ms	float	182.69676
/rows/33/result/filesystem/git/workload	string	git
/rows/33/result/filesystem/metadata	object	-
/rows/33/result/filesystem/metadata/check	object	-
/rows/33/result/filesystem/metadata/check/bytes	integer	2095104
/rows/33/result/filesystem/metadata/check/files	integer	2048
/rows/33/result/filesystem/metadata/python	string	3.14.7
/rows/33/result/filesystem/metadata/worker_ms	float	78.598082
/rows/33/result/filesystem/metadata/workload	string	metadata
/rows/33/result/filesystem/npm	object	-
/rows/33/result/filesystem/npm/check	object	-
/rows/33/result/filesystem/npm/check/local_packages	integer	32
/rows/33/result/filesystem/npm/python	string	3.14.7
/rows/33/result/filesystem/npm/worker_ms	float	278.930378
/rows/33/result/filesystem/npm/workload	string	npm
/rows/33/result/filesystem/read	object	-
/rows/33/result/filesystem/read/check	object	-
/rows/33/result/filesystem/read/check/bytes	integer	67108864
/rows/33/result/filesystem/read/check/sha256	string	42ef3a50fe506ced865473b082c8b28f6ce254e6e2b01266b6a563531a6267bc
/rows/33/result/filesystem/read/python	string	3.14.7
/rows/33/result/filesystem/read/worker_ms	float	84.925351
/rows/33/result/filesystem/read/workload	string	read
/rows/33/result/filesystem/rg	object	-
/rows/33/result/filesystem/rg/check	object	-
/rows/33/result/filesystem/rg/check/matches	integer	2048
/rows/33/result/filesystem/rg/python	string	3.14.7
/rows/33/result/filesystem/rg/worker_ms	float	88.718161
/rows/33/result/filesystem/rg/workload	string	rg
/rows/33/result/filesystem/write	object	-
/rows/33/result/filesystem/write/check	object	-
/rows/33/result/filesystem/write/check/bytes	integer	16777216
/rows/33/result/filesystem/write/check/files	integer	256
/rows/33/result/filesystem/write/python	string	3.14.7
/rows/33/result/filesystem/write/worker_ms	float	207.689127
/rows/33/result/filesystem/write/workload	string	write
/rows/33/result/mode	string	filesystem
/rows/33/result/worker_ms	float	1176.773754
/rows/33/result_ms	float	1239.75173
/rows/33/trial	integer	6
/rows/33/variant	string	candidate
/rows/34	object	-
/rows/34/backend	string	pvisor-vm
/rows/34/completion_ms	float	5321.229832
/rows/34/correctness	string	passed
/rows/34/logs	string	/home/reiase/workspace/pvisor/target/p1-filesystem-final-full-20261005/candidate/trials/filesystem-pvisor-vm-006
/rows/34/memory_scope	string	owned launcher tree; Docker daemon/container RSS excluded
/rows/34/mode	string	filesystem
/rows/34/peak_tree_rss_kib	integer	826668
/rows/34/prepare_ms	float	37.105056
/rows/34/ready_ms	float	571.438898
/rows/34/result	object	-
/rows/34/result/correctness	string	passed
/rows/34/result/filesystem	object	-
/rows/34/result/filesystem/cargo	object	-
/rows/34/result/filesystem/cargo/check	object	-
/rows/34/result/filesystem/cargo/check/modules	integer	64
/rows/34/result/filesystem/cargo/check/result	string	2016
/rows/34/result/filesystem/cargo/python	string	3.14.7
/rows/34/result/filesystem/cargo/worker_ms	float	751.816014
/rows/34/result/filesystem/cargo/workload	string	cargo
/rows/34/result/filesystem/git	object	-
/rows/34/result/filesystem/git/check	object	-
/rows/34/result/filesystem/git/check/git_clean	boolean	true
/rows/34/result/filesystem/git/python	string	3.14.7
/rows/34/result/filesystem/git/worker_ms	float	757.551578
/rows/34/result/filesystem/git/workload	string	git
/rows/34/result/filesystem/metadata	object	-
/rows/34/result/filesystem/metadata/check	object	-
/rows/34/result/filesystem/metadata/check/bytes	integer	2095104
/rows/34/result/filesystem/metadata/check/files	integer	2048
/rows/34/result/filesystem/metadata/python	string	3.14.7
/rows/34/result/filesystem/metadata/worker_ms	float	195.150766
/rows/34/result/filesystem/metadata/workload	string	metadata
/rows/34/result/filesystem/npm	object	-
/rows/34/result/filesystem/npm/check	object	-
/rows/34/result/filesystem/npm/check/local_packages	integer	32
/rows/34/result/filesystem/npm/python	string	3.14.7
/rows/34/result/filesystem/npm/worker_ms	float	1543.762253
/rows/34/result/filesystem/npm/workload	string	npm
/rows/34/result/filesystem/read	object	-
/rows/34/result/filesystem/read/check	object	-
/rows/34/result/filesystem/read/check/bytes	integer	67108864
/rows/34/result/filesystem/read/check/sha256	string	42ef3a50fe506ced865473b082c8b28f6ce254e6e2b01266b6a563531a6267bc
/rows/34/result/filesystem/read/python	string	3.14.7
/rows/34/result/filesystem/read/worker_ms	float	180.333249
/rows/34/result/filesystem/read/workload	string	read
/rows/34/result/filesystem/rg	object	-
/rows/34/result/filesystem/rg/check	object	-
/rows/34/result/filesystem/rg/check/matches	integer	2048
/rows/34/result/filesystem/rg/python	string	3.14.7
/rows/34/result/filesystem/rg/worker_ms	float	419.175291
/rows/34/result/filesystem/rg/workload	string	rg
/rows/34/result/filesystem/write	object	-
/rows/34/result/filesystem/write/check	object	-
/rows/34/result/filesystem/write/check/bytes	integer	16777216
/rows/34/result/filesystem/write/check/files	integer	256
/rows/34/result/filesystem/write/python	string	3.14.7
/rows/34/result/filesystem/write/worker_ms	float	243.970078
/rows/34/result/filesystem/write/workload	string	write
/rows/34/result/mode	string	filesystem
/rows/34/result/worker_ms	float	4620.357198
/rows/34/result_ms	float	5192.444617
/rows/34/trial	integer	6
/rows/34/variant	string	candidate
/rows/35	object	-
/rows/35/backend	string	pvisor-vm
/rows/35/completion_ms	float	4958.313256
/rows/35/correctness	string	passed
/rows/35/logs	string	/home/reiase/workspace/pvisor/target/p1-filesystem-final-full-20261005/candidate/trials/filesystem-pvisor-vm-007
/rows/35/memory_scope	string	owned launcher tree; Docker daemon/container RSS excluded
/rows/35/mode	string	filesystem
/rows/35/peak_tree_rss_kib	integer	830936
/rows/35/prepare_ms	float	36.334648
/rows/35/ready_ms	float	572.082059
/rows/35/result	object	-
/rows/35/result/correctness	string	passed
/rows/35/result/filesystem	object	-
/rows/35/result/filesystem/cargo	object	-
/rows/35/result/filesystem/cargo/check	object	-
/rows/35/result/filesystem/cargo/check/modules	integer	64
/rows/35/result/filesystem/cargo/check/result	string	2016
/rows/35/result/filesystem/cargo/python	string	3.14.7
/rows/35/result/filesystem/cargo/worker_ms	float	763.788889
/rows/35/result/filesystem/cargo/workload	string	cargo
/rows/35/result/filesystem/git	object	-
/rows/35/result/filesystem/git/check	object	-
/rows/35/result/filesystem/git/check/git_clean	boolean	true
/rows/35/result/filesystem/git/python	string	3.14.7
/rows/35/result/filesystem/git/worker_ms	float	387.017777
/rows/35/result/filesystem/git/workload	string	git
/rows/35/result/filesystem/metadata	object	-
/rows/35/result/filesystem/metadata/check	object	-
/rows/35/result/filesystem/metadata/check/bytes	integer	2095104
/rows/35/result/filesystem/metadata/check/files	integer	2048
/rows/35/result/filesystem/metadata/python	string	3.14.7
/rows/35/result/filesystem/metadata/worker_ms	float	149.378043
/rows/35/result/filesystem/metadata/workload	string	metadata
/rows/35/result/filesystem/npm	object	-
/rows/35/result/filesystem/npm/check	object	-
/rows/35/result/filesystem/npm/check/local_packages	integer	32
/rows/35/result/filesystem/npm/python	string	3.14.7
/rows/35/result/filesystem/npm/worker_ms	float	1577.995322
/rows/35/result/filesystem/npm/workload	string	npm
/rows/35/result/filesystem/read	object	-
/rows/35/result/filesystem/read/check	object	-
/rows/35/result/filesystem/read/check/bytes	integer	67108864
/rows/35/result/filesystem/read/check/sha256	string	42ef3a50fe506ced865473b082c8b28f6ce254e6e2b01266b6a563531a6267bc
/rows/35/result/filesystem/read/python	string	3.14.7
/rows/35/result/filesystem/read/worker_ms	float	117.862661
/rows/35/result/filesystem/read/workload	string	read
/rows/35/result/filesystem/rg	object	-
/rows/35/result/filesystem/rg/check	object	-
/rows/35/result/filesystem/rg/check/matches	integer	2048
/rows/35/result/filesystem/rg/python	string	3.14.7
/rows/35/result/filesystem/rg/worker_ms	float	468.228743
/rows/35/result/filesystem/rg/workload	string	rg
/rows/35/result/filesystem/write	object	-
/rows/35/result/filesystem/write/check	object	-
/rows/35/result/filesystem/write/check/bytes	integer	16777216
/rows/35/result/filesystem/write/check/files	integer	256
/rows/35/result/filesystem/write/python	string	3.14.7
/rows/35/result/filesystem/write/worker_ms	float	298.962403
/rows/35/result/filesystem/write/workload	string	write
/rows/35/result/mode	string	filesystem
/rows/35/result/worker_ms	float	4248.801574
/rows/35/result_ms	float	4823.394223
/rows/35/trial	integer	7
/rows/35/variant	string	candidate
/rows/36	object	-
/rows/36/backend	string	native
/rows/36/completion_ms	float	487.003132
/rows/36/correctness	string	passed
/rows/36/logs	string	/home/reiase/workspace/pvisor/target/p1-filesystem-final-full-20261005/native/trials/filesystem-native-007
/rows/36/memory_scope	string	owned launcher tree; Docker daemon/container RSS excluded
/rows/36/mode	string	filesystem
/rows/36/peak_tree_rss_kib	integer	137132
/rows/36/prepare_ms	float	37.250537
/rows/36/ready_ms	float	40.092663
/rows/36/result	object	-
/rows/36/result/correctness	string	passed
/rows/36/result/filesystem	object	-
/rows/36/result/filesystem/cargo	object	-
/rows/36/result/filesystem/cargo/check	object	-
/rows/36/result/filesystem/cargo/check/modules	integer	64
/rows/36/result/filesystem/cargo/check/result	string	2016
/rows/36/result/filesystem/cargo/python	string	3.14.7
/rows/36/result/filesystem/cargo/worker_ms	float	56.391333
/rows/36/result/filesystem/cargo/workload	string	cargo
/rows/36/result/filesystem/git	object	-
/rows/36/result/filesystem/git/check	object	-
/rows/36/result/filesystem/git/check/git_clean	boolean	true
/rows/36/result/filesystem/git/python	string	3.14.7
/rows/36/result/filesystem/git/worker_ms	float	15.596662
/rows/36/result/filesystem/git/workload	string	git
/rows/36/result/filesystem/metadata	object	-
/rows/36/result/filesystem/metadata/check	object	-
/rows/36/result/filesystem/metadata/check/bytes	integer	2095104
/rows/36/result/filesystem/metadata/check/files	integer	2048
/rows/36/result/filesystem/metadata/python	string	3.14.7
/rows/36/result/filesystem/metadata/worker_ms	float	5.162796
/rows/36/result/filesystem/metadata/workload	string	metadata
/rows/36/result/filesystem/npm	object	-
/rows/36/result/filesystem/npm/check	object	-
/rows/36/result/filesystem/npm/check/local_packages	integer	32
/rows/36/result/filesystem/npm/python	string	3.14.7
/rows/36/result/filesystem/npm/worker_ms	float	177.223634
/rows/36/result/filesystem/npm/workload	string	npm
/rows/36/result/filesystem/read	object	-
/rows/36/result/filesystem/read/check	object	-
/rows/36/result/filesystem/read/check/bytes	integer	67108864
/rows/36/result/filesystem/read/check/sha256	string	42ef3a50fe506ced865473b082c8b28f6ce254e6e2b01266b6a563531a6267bc
/rows/36/result/filesystem/read/python	string	3.14.7
/rows/36/result/filesystem/read/worker_ms	float	54.984098
/rows/36/result/filesystem/read/workload	string	read
/rows/36/result/filesystem/rg	object	-
/rows/36/result/filesystem/rg/check	object	-
/rows/36/result/filesystem/rg/check/matches	integer	2048
/rows/36/result/filesystem/rg/python	string	3.14.7
/rows/36/result/filesystem/rg/worker_ms	float	7.485691
/rows/36/result/filesystem/rg/workload	string	rg
/rows/36/result/filesystem/write	object	-
/rows/36/result/filesystem/write/check	object	-
/rows/36/result/filesystem/write/check/bytes	integer	16777216
/rows/36/result/filesystem/write/check/files	integer	256
/rows/36/result/filesystem/write/python	string	3.14.7
/rows/36/result/filesystem/write/worker_ms	float	3.673537
/rows/36/result/filesystem/write/workload	string	write
/rows/36/result/mode	string	filesystem
/rows/36/result/worker_ms	float	438.619514
/rows/36/result_ms	float	478.804309
/rows/36/trial	integer	7
/rows/36/variant	string	native
/rows/37	object	-
/rows/37/backend	string	pvisor-staged
/rows/37/completion_ms	float	1349.844366
/rows/37/correctness	string	passed
/rows/37/logs	string	/home/reiase/workspace/pvisor/target/p1-filesystem-final-full-20261005/baseline/trials/filesystem-pvisor-staged-007
/rows/37/memory_scope	string	owned launcher tree; Docker daemon/container RSS excluded
/rows/37/mode	string	filesystem
/rows/37/peak_tree_rss_kib	integer	177228
/rows/37/prepare_ms	float	37.353269
/rows/37/ready_ms	float	62.369972
/rows/37/result	object	-
/rows/37/result/correctness	string	passed
/rows/37/result/filesystem	object	-
/rows/37/result/filesystem/cargo	object	-
/rows/37/result/filesystem/cargo/check	object	-
/rows/37/result/filesystem/cargo/check/modules	integer	64
/rows/37/result/filesystem/cargo/check/result	string	2016
/rows/37/result/filesystem/cargo/python	string	3.14.7
/rows/37/result/filesystem/cargo/worker_ms	float	129.07212
/rows/37/result/filesystem/cargo/workload	string	cargo
/rows/37/result/filesystem/git	object	-
/rows/37/result/filesystem/git/check	object	-
/rows/37/result/filesystem/git/check/git_clean	boolean	true
/rows/37/result/filesystem/git/python	string	3.14.7
/rows/37/result/filesystem/git/worker_ms	float	187.541311
/rows/37/result/filesystem/git/workload	string	git
/rows/37/result/filesystem/metadata	object	-
/rows/37/result/filesystem/metadata/check	object	-
/rows/37/result/filesystem/metadata/check/bytes	integer	2095104
/rows/37/result/filesystem/metadata/check/files	integer	2048
/rows/37/result/filesystem/metadata/python	string	3.14.7
/rows/37/result/filesystem/metadata/worker_ms	float	78.655979
/rows/37/result/filesystem/metadata/workload	string	metadata
/rows/37/result/filesystem/npm	object	-
/rows/37/result/filesystem/npm/check	object	-
/rows/37/result/filesystem/npm/check/local_packages	integer	32
/rows/37/result/filesystem/npm/python	string	3.14.7
/rows/37/result/filesystem/npm/worker_ms	float	270.123189
/rows/37/result/filesystem/npm/workload	string	npm
/rows/37/result/filesystem/read	object	-
/rows/37/result/filesystem/read/check	object	-
/rows/37/result/filesystem/read/check/bytes	integer	67108864
/rows/37/result/filesystem/read/check/sha256	string	42ef3a50fe506ced865473b082c8b28f6ce254e6e2b01266b6a563531a6267bc
/rows/37/result/filesystem/read/python	string	3.14.7
/rows/37/result/filesystem/read/worker_ms	float	85.363709
/rows/37/result/filesystem/read/workload	string	read
/rows/37/result/filesystem/rg	object	-
/rows/37/result/filesystem/rg/check	object	-
/rows/37/result/filesystem/rg/check/matches	integer	2048
/rows/37/result/filesystem/rg/python	string	3.14.7
/rows/37/result/filesystem/rg/worker_ms	float	88.052749
/rows/37/result/filesystem/rg/workload	string	rg
/rows/37/result/filesystem/write	object	-
/rows/37/result/filesystem/write/check	object	-
/rows/37/result/filesystem/write/check/bytes	integer	16777216
/rows/37/result/filesystem/write/check/files	integer	256
/rows/37/result/filesystem/write/python	string	3.14.7
/rows/37/result/filesystem/write/worker_ms	float	205.165718
/rows/37/result/filesystem/write/workload	string	write
/rows/37/result/mode	string	filesystem
/rows/37/result/worker_ms	float	1170.746093
/rows/37/result_ms	float	1233.165197
/rows/37/trial	integer	7
/rows/37/variant	string	baseline
/rows/38	object	-
/rows/38/backend	string	pvisor-vm
/rows/38/completion_ms	float	5262.075482
/rows/38/correctness	string	passed
/rows/38/logs	string	/home/reiase/workspace/pvisor/target/p1-filesystem-final-full-20261005/baseline/trials/filesystem-pvisor-vm-007
/rows/38/memory_scope	string	owned launcher tree; Docker daemon/container RSS excluded
/rows/38/mode	string	filesystem
/rows/38/peak_tree_rss_kib	integer	830668
/rows/38/prepare_ms	float	37.638752
/rows/38/ready_ms	float	559.070534
/rows/38/result	object	-
/rows/38/result/correctness	string	passed
/rows/38/result/filesystem	object	-
/rows/38/result/filesystem/cargo	object	-
/rows/38/result/filesystem/cargo/check	object	-
/rows/38/result/filesystem/cargo/check/modules	integer	64
/rows/38/result/filesystem/cargo/check/result	string	2016
/rows/38/result/filesystem/cargo/python	string	3.14.7
/rows/38/result/filesystem/cargo/worker_ms	float	629.596302
/rows/38/result/filesystem/cargo/workload	string	cargo
/rows/38/result/filesystem/git	object	-
/rows/38/result/filesystem/git/check	object	-
/rows/38/result/filesystem/git/check/git_clean	boolean	true
/rows/38/result/filesystem/git/python	string	3.14.7
/rows/38/result/filesystem/git/worker_ms	float	418.526457
/rows/38/result/filesystem/git/workload	string	git
/rows/38/result/filesystem/metadata	object	-
/rows/38/result/filesystem/metadata/check	object	-
/rows/38/result/filesystem/metadata/check/bytes	integer	2095104
/rows/38/result/filesystem/metadata/check/files	integer	2048
/rows/38/result/filesystem/metadata/python	string	3.14.7
/rows/38/result/filesystem/metadata/worker_ms	float	204.195971
/rows/38/result/filesystem/metadata/workload	string	metadata
/rows/38/result/filesystem/npm	object	-
/rows/38/result/filesystem/npm/check	object	-
/rows/38/result/filesystem/npm/check/local_packages	integer	32
/rows/38/result/filesystem/npm/python	string	3.14.7
/rows/38/result/filesystem/npm/worker_ms	float	1847.282565
/rows/38/result/filesystem/npm/workload	string	npm
/rows/38/result/filesystem/read	object	-
/rows/38/result/filesystem/read/check	object	-
/rows/38/result/filesystem/read/check/bytes	integer	67108864
/rows/38/result/filesystem/read/check/sha256	string	42ef3a50fe506ced865473b082c8b28f6ce254e6e2b01266b6a563531a6267bc
/rows/38/result/filesystem/read/python	string	3.14.7
/rows/38/result/filesystem/read/worker_ms	float	182.232973
/rows/38/result/filesystem/read/workload	string	read
/rows/38/result/filesystem/rg	object	-
/rows/38/result/filesystem/rg/check	object	-
/rows/38/result/filesystem/rg/check/matches	integer	2048
/rows/38/result/filesystem/rg/python	string	3.14.7
/rows/38/result/filesystem/rg/worker_ms	float	457.498564
/rows/38/result/filesystem/rg/workload	string	rg
/rows/38/result/filesystem/write	object	-
/rows/38/result/filesystem/write/check	object	-
/rows/38/result/filesystem/write/check/bytes	integer	16777216
/rows/38/result/filesystem/write/check/files	integer	256
/rows/38/result/filesystem/write/python	string	3.14.7
/rows/38/result/filesystem/write/worker_ms	float	245.692542
/rows/38/result/filesystem/write/workload	string	write
/rows/38/result/mode	string	filesystem
/rows/38/result/worker_ms	float	4573.41157
/rows/38/result_ms	float	5133.765515
/rows/38/trial	integer	7
/rows/38/variant	string	baseline
/rows/39	object	-
/rows/39/backend	string	pvisor-staged
/rows/39/completion_ms	float	1314.322285
/rows/39/correctness	string	passed
/rows/39/logs	string	/home/reiase/workspace/pvisor/target/p1-filesystem-final-full-20261005/candidate/trials/filesystem-pvisor-staged-007
/rows/39/memory_scope	string	owned launcher tree; Docker daemon/container RSS excluded
/rows/39/mode	string	filesystem
/rows/39/peak_tree_rss_kib	integer	177300
/rows/39/prepare_ms	float	36.824802
/rows/39/ready_ms	float	62.184216
/rows/39/result	object	-
/rows/39/result/correctness	string	passed
/rows/39/result/filesystem	object	-
/rows/39/result/filesystem/cargo	object	-
/rows/39/result/filesystem/cargo/check	object	-
/rows/39/result/filesystem/cargo/check/modules	integer	64
/rows/39/result/filesystem/cargo/check/result	string	2016
/rows/39/result/filesystem/cargo/python	string	3.14.7
/rows/39/result/filesystem/cargo/worker_ms	float	114.387321
/rows/39/result/filesystem/cargo/workload	string	cargo
/rows/39/result/filesystem/git	object	-
/rows/39/result/filesystem/git/check	object	-
/rows/39/result/filesystem/git/check/git_clean	boolean	true
/rows/39/result/filesystem/git/python	string	3.14.7
/rows/39/result/filesystem/git/worker_ms	float	166.435007
/rows/39/result/filesystem/git/workload	string	git
/rows/39/result/filesystem/metadata	object	-
/rows/39/result/filesystem/metadata/check	object	-
/rows/39/result/filesystem/metadata/check/bytes	integer	2095104
/rows/39/result/filesystem/metadata/check/files	integer	2048
/rows/39/result/filesystem/metadata/python	string	3.14.7
/rows/39/result/filesystem/metadata/worker_ms	float	76.491409
/rows/39/result/filesystem/metadata/workload	string	metadata
/rows/39/result/filesystem/npm	object	-
/rows/39/result/filesystem/npm/check	object	-
/rows/39/result/filesystem/npm/check/local_packages	integer	32
/rows/39/result/filesystem/npm/python	string	3.14.7
/rows/39/result/filesystem/npm/worker_ms	float	264.80348
/rows/39/result/filesystem/npm/workload	string	npm
/rows/39/result/filesystem/read	object	-
/rows/39/result/filesystem/read/check	object	-
/rows/39/result/filesystem/read/check/bytes	integer	67108864
/rows/39/result/filesystem/read/check/sha256	string	42ef3a50fe506ced865473b082c8b28f6ce254e6e2b01266b6a563531a6267bc
/rows/39/result/filesystem/read/python	string	3.14.7
/rows/39/result/filesystem/read/worker_ms	float	68.892797
/rows/39/result/filesystem/read/workload	string	read
/rows/39/result/filesystem/rg	object	-
/rows/39/result/filesystem/rg/check	object	-
/rows/39/result/filesystem/rg/check/matches	integer	2048
/rows/39/result/filesystem/rg/python	string	3.14.7
/rows/39/result/filesystem/rg/worker_ms	float	98.31908
/rows/39/result/filesystem/rg/workload	string	rg
/rows/39/result/filesystem/write	object	-
/rows/39/result/filesystem/write/check	object	-
/rows/39/result/filesystem/write/check/bytes	integer	16777216
/rows/39/result/filesystem/write/check/files	integer	256
/rows/39/result/filesystem/write/python	string	3.14.7
/rows/39/result/filesystem/write/worker_ms	float	197.581061
/rows/39/result/filesystem/write/workload	string	write
/rows/39/result/mode	string	filesystem
/rows/39/result/worker_ms	float	1117.426724
/rows/39/result_ms	float	1179.6492
/rows/39/trial	integer	7
/rows/39/variant	string	candidate
/rows/40	object	-
/rows/40/backend	string	pvisor-staged
/rows/40/completion_ms	float	1345.951911
/rows/40/correctness	string	passed
/rows/40/logs	string	/home/reiase/workspace/pvisor/target/p1-filesystem-final-full-20261005/baseline/trials/filesystem-pvisor-staged-008
/rows/40/memory_scope	string	owned launcher tree; Docker daemon/container RSS excluded
/rows/40/mode	string	filesystem
/rows/40/peak_tree_rss_kib	integer	177632
/rows/40/prepare_ms	float	38.995494
/rows/40/ready_ms	float	64.446729
/rows/40/result	object	-
/rows/40/result/correctness	string	passed
/rows/40/result/filesystem	object	-
/rows/40/result/filesystem/cargo	object	-
/rows/40/result/filesystem/cargo/check	object	-
/rows/40/result/filesystem/cargo/check/modules	integer	64
/rows/40/result/filesystem/cargo/check/result	string	2016
/rows/40/result/filesystem/cargo/python	string	3.14.7
/rows/40/result/filesystem/cargo/worker_ms	float	113.30437
/rows/40/result/filesystem/cargo/workload	string	cargo
/rows/40/result/filesystem/git	object	-
/rows/40/result/filesystem/git/check	object	-
/rows/40/result/filesystem/git/check/git_clean	boolean	true
/rows/40/result/filesystem/git/python	string	3.14.7
/rows/40/result/filesystem/git/worker_ms	float	173.444992
/rows/40/result/filesystem/git/workload	string	git
/rows/40/result/filesystem/metadata	object	-
/rows/40/result/filesystem/metadata/check	object	-
/rows/40/result/filesystem/metadata/check/bytes	integer	2095104
/rows/40/result/filesystem/metadata/check/files	integer	2048
/rows/40/result/filesystem/metadata/python	string	3.14.7
/rows/40/result/filesystem/metadata/worker_ms	float	77.109283
/rows/40/result/filesystem/metadata/workload	string	metadata
/rows/40/result/filesystem/npm	object	-
/rows/40/result/filesystem/npm/check	object	-
/rows/40/result/filesystem/npm/check/local_packages	integer	32
/rows/40/result/filesystem/npm/python	string	3.14.7
/rows/40/result/filesystem/npm/worker_ms	float	312.676615
/rows/40/result/filesystem/npm/workload	string	npm
/rows/40/result/filesystem/read	object	-
/rows/40/result/filesystem/read/check	object	-
/rows/40/result/filesystem/read/check/bytes	integer	67108864
/rows/40/result/filesystem/read/check/sha256	string	42ef3a50fe506ced865473b082c8b28f6ce254e6e2b01266b6a563531a6267bc
/rows/40/result/filesystem/read/python	string	3.14.7
/rows/40/result/filesystem/read/worker_ms	float	68.031529
/rows/40/result/filesystem/read/workload	string	read
/rows/40/result/filesystem/rg	object	-
/rows/40/result/filesystem/rg/check	object	-
/rows/40/result/filesystem/rg/check/matches	integer	2048
/rows/40/result/filesystem/rg/python	string	3.14.7
/rows/40/result/filesystem/rg/worker_ms	float	91.169857
/rows/40/result/filesystem/rg/workload	string	rg
/rows/40/result/filesystem/write	object	-
/rows/40/result/filesystem/write/check	object	-
/rows/40/result/filesystem/write/check/bytes	integer	16777216
/rows/40/result/filesystem/write/check/files	integer	256
/rows/40/result/filesystem/write/python	string	3.14.7
/rows/40/result/filesystem/write/worker_ms	float	202.867147
/rows/40/result/filesystem/write/workload	string	write
/rows/40/result/mode	string	filesystem
/rows/40/result/worker_ms	float	1167.345125
/rows/40/result_ms	float	1231.845173
/rows/40/trial	integer	8
/rows/40/variant	string	baseline
/rows/41	object	-
/rows/41/backend	string	pvisor-staged
/rows/41/completion_ms	float	1289.025779
/rows/41/correctness	string	passed
/rows/41/logs	string	/home/reiase/workspace/pvisor/target/p1-filesystem-final-full-20261005/candidate/trials/filesystem-pvisor-staged-008
/rows/41/memory_scope	string	owned launcher tree; Docker daemon/container RSS excluded
/rows/41/mode	string	filesystem
/rows/41/peak_tree_rss_kib	integer	177680
/rows/41/prepare_ms	float	37.582798
/rows/41/ready_ms	float	63.005168
/rows/41/result	object	-
/rows/41/result/correctness	string	passed
/rows/41/result/filesystem	object	-
/rows/41/result/filesystem/cargo	object	-
/rows/41/result/filesystem/cargo/check	object	-
/rows/41/result/filesystem/cargo/check/modules	integer	64
/rows/41/result/filesystem/cargo/check/result	string	2016
/rows/41/result/filesystem/cargo/python	string	3.14.7
/rows/41/result/filesystem/cargo/worker_ms	float	110.572571
/rows/41/result/filesystem/cargo/workload	string	cargo
/rows/41/result/filesystem/git	object	-
/rows/41/result/filesystem/git/check	object	-
/rows/41/result/filesystem/git/check/git_clean	boolean	true
/rows/41/result/filesystem/git/python	string	3.14.7
/rows/41/result/filesystem/git/worker_ms	float	174.3337
/rows/41/result/filesystem/git/workload	string	git
/rows/41/result/filesystem/metadata	object	-
/rows/41/result/filesystem/metadata/check	object	-
/rows/41/result/filesystem/metadata/check/bytes	integer	2095104
/rows/41/result/filesystem/metadata/check/files	integer	2048
/rows/41/result/filesystem/metadata/python	string	3.14.7
/rows/41/result/filesystem/metadata/worker_ms	float	77.748135
/rows/41/result/filesystem/metadata/workload	string	metadata
/rows/41/result/filesystem/npm	object	-
/rows/41/result/filesystem/npm/check	object	-
/rows/41/result/filesystem/npm/check/local_packages	integer	32
/rows/41/result/filesystem/npm/python	string	3.14.7
/rows/41/result/filesystem/npm/worker_ms	float	259.841398
/rows/41/result/filesystem/npm/workload	string	npm
/rows/41/result/filesystem/read	object	-
/rows/41/result/filesystem/read/check	object	-
/rows/41/result/filesystem/read/check/bytes	integer	67108864
/rows/41/result/filesystem/read/check/sha256	string	42ef3a50fe506ced865473b082c8b28f6ce254e6e2b01266b6a563531a6267bc
/rows/41/result/filesystem/read/python	string	3.14.7
/rows/41/result/filesystem/read/worker_ms	float	67.970686
/rows/41/result/filesystem/read/workload	string	read
/rows/41/result/filesystem/rg	object	-
/rows/41/result/filesystem/rg/check	object	-
/rows/41/result/filesystem/rg/check/matches	integer	2048
/rows/41/result/filesystem/rg/python	string	3.14.7
/rows/41/result/filesystem/rg/worker_ms	float	90.447348
/rows/41/result/filesystem/rg/workload	string	rg
/rows/41/result/filesystem/write	object	-
/rows/41/result/filesystem/write/check	object	-
/rows/41/result/filesystem/write/check/bytes	integer	16777216
/rows/41/result/filesystem/write/check/files	integer	256
/rows/41/result/filesystem/write/python	string	3.14.7
/rows/41/result/filesystem/write/worker_ms	float	199.707129
/rows/41/result/filesystem/write/workload	string	write
/rows/41/result/mode	string	filesystem
/rows/41/result/worker_ms	float	1106.064225
/rows/41/result_ms	float	1169.117012
/rows/41/trial	integer	8
/rows/41/variant	string	candidate
/rows/42	object	-
/rows/42/backend	string	pvisor-vm
/rows/42/completion_ms	float	5497.537857
/rows/42/correctness	string	passed
/rows/42/logs	string	/home/reiase/workspace/pvisor/target/p1-filesystem-final-full-20261005/candidate/trials/filesystem-pvisor-vm-008
/rows/42/memory_scope	string	owned launcher tree; Docker daemon/container RSS excluded
/rows/42/mode	string	filesystem
/rows/42/peak_tree_rss_kib	integer	818024
/rows/42/prepare_ms	float	37.592035
/rows/42/ready_ms	float	586.492576
/rows/42/result	object	-
/rows/42/result/correctness	string	passed
/rows/42/result/filesystem	object	-
/rows/42/result/filesystem/cargo	object	-
/rows/42/result/filesystem/cargo/check	object	-
/rows/42/result/filesystem/cargo/check/modules	integer	64
/rows/42/result/filesystem/cargo/check/result	string	2016
/rows/42/result/filesystem/cargo/python	string	3.14.7
/rows/42/result/filesystem/cargo/worker_ms	float	591.99493
/rows/42/result/filesystem/cargo/workload	string	cargo
/rows/42/result/filesystem/git	object	-
/rows/42/result/filesystem/git/check	object	-
/rows/42/result/filesystem/git/check/git_clean	boolean	true
/rows/42/result/filesystem/git/python	string	3.14.7
/rows/42/result/filesystem/git/worker_ms	float	800.266688
/rows/42/result/filesystem/git/workload	string	git
/rows/42/result/filesystem/metadata	object	-
/rows/42/result/filesystem/metadata/check	object	-
/rows/42/result/filesystem/metadata/check/bytes	integer	2095104
/rows/42/result/filesystem/metadata/check/files	integer	2048
/rows/42/result/filesystem/metadata/python	string	3.14.7
/rows/42/result/filesystem/metadata/worker_ms	float	181.506143
/rows/42/result/filesystem/metadata/workload	string	metadata
/rows/42/result/filesystem/npm	object	-
/rows/42/result/filesystem/npm/check	object	-
/rows/42/result/filesystem/npm/check/local_packages	integer	32
/rows/42/result/filesystem/npm/python	string	3.14.7
/rows/42/result/filesystem/npm/worker_ms	float	1722.889083
/rows/42/result/filesystem/npm/workload	string	npm
/rows/42/result/filesystem/read	object	-
/rows/42/result/filesystem/read/check	object	-
/rows/42/result/filesystem/read/check/bytes	integer	67108864
/rows/42/result/filesystem/read/check/sha256	string	42ef3a50fe506ced865473b082c8b28f6ce254e6e2b01266b6a563531a6267bc
/rows/42/result/filesystem/read/python	string	3.14.7
/rows/42/result/filesystem/read/worker_ms	float	214.151521
/rows/42/result/filesystem/read/workload	string	read
/rows/42/result/filesystem/rg	object	-
/rows/42/result/filesystem/rg/check	object	-
/rows/42/result/filesystem/rg/check/matches	integer	2048
/rows/42/result/filesystem/rg/python	string	3.14.7
/rows/42/result/filesystem/rg/worker_ms	float	427.218973
/rows/42/result/filesystem/rg/workload	string	rg
/rows/42/result/filesystem/write	object	-
/rows/42/result/filesystem/write/check	object	-
/rows/42/result/filesystem/write/check/bytes	integer	16777216
/rows/42/result/filesystem/write/check/files	integer	256
/rows/42/result/filesystem/write/python	string	3.14.7
/rows/42/result/filesystem/write/worker_ms	float	265.144171
/rows/42/result/filesystem/write/workload	string	write
/rows/42/result/mode	string	filesystem
/rows/42/result/worker_ms	float	4775.787116
/rows/42/result_ms	float	5363.100343
/rows/42/trial	integer	8
/rows/42/variant	string	candidate
/rows/43	object	-
/rows/43/backend	string	native
/rows/43/completion_ms	float	480.763464
/rows/43/correctness	string	passed
/rows/43/logs	string	/home/reiase/workspace/pvisor/target/p1-filesystem-final-full-20261005/native/trials/filesystem-native-008
/rows/43/memory_scope	string	owned launcher tree; Docker daemon/container RSS excluded
/rows/43/mode	string	filesystem
/rows/43/peak_tree_rss_kib	integer	141212
/rows/43/prepare_ms	float	36.321844
/rows/43/ready_ms	float	39.754511
/rows/43/result	object	-
/rows/43/result/correctness	string	passed
/rows/43/result/filesystem	object	-
/rows/43/result/filesystem/cargo	object	-
/rows/43/result/filesystem/cargo/check	object	-
/rows/43/result/filesystem/cargo/check/modules	integer	64
/rows/43/result/filesystem/cargo/check/result	string	2016
/rows/43/result/filesystem/cargo/python	string	3.14.7
/rows/43/result/filesystem/cargo/worker_ms	float	58.462058
/rows/43/result/filesystem/cargo/workload	string	cargo
/rows/43/result/filesystem/git	object	-
/rows/43/result/filesystem/git/check	object	-
/rows/43/result/filesystem/git/check/git_clean	boolean	true
/rows/43/result/filesystem/git/python	string	3.14.7
/rows/43/result/filesystem/git/worker_ms	float	15.169133
/rows/43/result/filesystem/git/workload	string	git
/rows/43/result/filesystem/metadata	object	-
/rows/43/result/filesystem/metadata/check	object	-
/rows/43/result/filesystem/metadata/check/bytes	integer	2095104
/rows/43/result/filesystem/metadata/check/files	integer	2048
/rows/43/result/filesystem/metadata/python	string	3.14.7
/rows/43/result/filesystem/metadata/worker_ms	float	4.88033
/rows/43/result/filesystem/metadata/workload	string	metadata
/rows/43/result/filesystem/npm	object	-
/rows/43/result/filesystem/npm/check	object	-
/rows/43/result/filesystem/npm/check/local_packages	integer	32
/rows/43/result/filesystem/npm/python	string	3.14.7
/rows/43/result/filesystem/npm/worker_ms	float	184.618807
/rows/43/result/filesystem/npm/workload	string	npm
/rows/43/result/filesystem/read	object	-
/rows/43/result/filesystem/read/check	object	-
/rows/43/result/filesystem/read/check/bytes	integer	67108864
/rows/43/result/filesystem/read/check/sha256	string	42ef3a50fe506ced865473b082c8b28f6ce254e6e2b01266b6a563531a6267bc
/rows/43/result/filesystem/read/python	string	3.14.7
/rows/43/result/filesystem/read/worker_ms	float	33.076807
/rows/43/result/filesystem/read/workload	string	read
/rows/43/result/filesystem/rg	object	-
/rows/43/result/filesystem/rg/check	object	-
/rows/43/result/filesystem/rg/check/matches	integer	2048
/rows/43/result/filesystem/rg/python	string	3.14.7
/rows/43/result/filesystem/rg/worker_ms	float	8.094899
/rows/43/result/filesystem/rg/workload	string	rg
/rows/43/result/filesystem/write	object	-
/rows/43/result/filesystem/write/check	object	-
/rows/43/result/filesystem/write/check/bytes	integer	16777216
/rows/43/result/filesystem/write/check/files	integer	256
/rows/43/result/filesystem/write/python	string	3.14.7
/rows/43/result/filesystem/write/worker_ms	float	3.780587
/rows/43/result/filesystem/write/workload	string	write
/rows/43/result/mode	string	filesystem
/rows/43/result/worker_ms	float	431.763267
/rows/43/result_ms	float	471.603858
/rows/43/trial	integer	8
/rows/43/variant	string	native
/rows/44	object	-
/rows/44/backend	string	pvisor-vm
/rows/44/completion_ms	float	5415.924728
/rows/44/correctness	string	passed
/rows/44/logs	string	/home/reiase/workspace/pvisor/target/p1-filesystem-final-full-20261005/baseline/trials/filesystem-pvisor-vm-008
/rows/44/memory_scope	string	owned launcher tree; Docker daemon/container RSS excluded
/rows/44/mode	string	filesystem
/rows/44/peak_tree_rss_kib	integer	826080
/rows/44/prepare_ms	float	38.087379
/rows/44/ready_ms	float	564.404389
/rows/44/result	object	-
/rows/44/result/correctness	string	passed
/rows/44/result/filesystem	object	-
/rows/44/result/filesystem/cargo	object	-
/rows/44/result/filesystem/cargo/check	object	-
/rows/44/result/filesystem/cargo/check/modules	integer	64
/rows/44/result/filesystem/cargo/check/result	string	2016
/rows/44/result/filesystem/cargo/python	string	3.14.7
/rows/44/result/filesystem/cargo/worker_ms	float	753.87675
/rows/44/result/filesystem/cargo/workload	string	cargo
/rows/44/result/filesystem/git	object	-
/rows/44/result/filesystem/git/check	object	-
/rows/44/result/filesystem/git/check/git_clean	boolean	true
/rows/44/result/filesystem/git/python	string	3.14.7
/rows/44/result/filesystem/git/worker_ms	float	767.470508
/rows/44/result/filesystem/git/workload	string	git
/rows/44/result/filesystem/metadata	object	-
/rows/44/result/filesystem/metadata/check	object	-
/rows/44/result/filesystem/metadata/check/bytes	integer	2095104
/rows/44/result/filesystem/metadata/check/files	integer	2048
/rows/44/result/filesystem/metadata/python	string	3.14.7
/rows/44/result/filesystem/metadata/worker_ms	float	167.370622
/rows/44/result/filesystem/metadata/workload	string	metadata
/rows/44/result/filesystem/npm	object	-
/rows/44/result/filesystem/npm/check	object	-
/rows/44/result/filesystem/npm/check/local_packages	integer	32
/rows/44/result/filesystem/npm/python	string	3.14.7
/rows/44/result/filesystem/npm/worker_ms	float	1621.153281
/rows/44/result/filesystem/npm/workload	string	npm
/rows/44/result/filesystem/read	object	-
/rows/44/result/filesystem/read/check	object	-
/rows/44/result/filesystem/read/check/bytes	integer	67108864
/rows/44/result/filesystem/read/check/sha256	string	42ef3a50fe506ced865473b082c8b28f6ce254e6e2b01266b6a563531a6267bc
/rows/44/result/filesystem/read/python	string	3.14.7
/rows/44/result/filesystem/read/worker_ms	float	186.674995
/rows/44/result/filesystem/read/workload	string	read
/rows/44/result/filesystem/rg	object	-
/rows/44/result/filesystem/rg/check	object	-
/rows/44/result/filesystem/rg/check/matches	integer	2048
/rows/44/result/filesystem/rg/python	string	3.14.7
/rows/44/result/filesystem/rg/worker_ms	float	464.202008
/rows/44/result/filesystem/rg/workload	string	rg
/rows/44/result/filesystem/write	object	-
/rows/44/result/filesystem/write/check	object	-
/rows/44/result/filesystem/write/check/bytes	integer	16777216
/rows/44/result/filesystem/write/check/files	integer	256
/rows/44/result/filesystem/write/python	string	3.14.7
/rows/44/result/filesystem/write/worker_ms	float	241.42133
/rows/44/result/filesystem/write/workload	string	write
/rows/44/result/mode	string	filesystem
/rows/44/result/worker_ms	float	4732.999829
/rows/44/result_ms	float	5297.958156
/rows/44/trial	integer	8
/rows/44/variant	string	baseline
/rows/45	object	-
/rows/45/backend	string	pvisor-staged
/rows/45/completion_ms	float	1280.939235
/rows/45/correctness	string	passed
/rows/45/logs	string	/home/reiase/workspace/pvisor/target/p1-filesystem-final-full-20261005/baseline/trials/filesystem-pvisor-staged-009
/rows/45/memory_scope	string	owned launcher tree; Docker daemon/container RSS excluded
/rows/45/mode	string	filesystem
/rows/45/peak_tree_rss_kib	integer	184924
/rows/45/prepare_ms	float	37.063659
/rows/45/ready_ms	float	65.402322
/rows/45/result	object	-
/rows/45/result/correctness	string	passed
/rows/45/result/filesystem	object	-
/rows/45/result/filesystem/cargo	object	-
/rows/45/result/filesystem/cargo/check	object	-
/rows/45/result/filesystem/cargo/check/modules	integer	64
/rows/45/result/filesystem/cargo/check/result	string	2016
/rows/45/result/filesystem/cargo/python	string	3.14.7
/rows/45/result/filesystem/cargo/worker_ms	float	113.434773
/rows/45/result/filesystem/cargo/workload	string	cargo
/rows/45/result/filesystem/git	object	-
/rows/45/result/filesystem/git/check	object	-
/rows/45/result/filesystem/git/check/git_clean	boolean	true
/rows/45/result/filesystem/git/python	string	3.14.7
/rows/45/result/filesystem/git/worker_ms	float	165.800453
/rows/45/result/filesystem/git/workload	string	git
/rows/45/result/filesystem/metadata	object	-
/rows/45/result/filesystem/metadata/check	object	-
/rows/45/result/filesystem/metadata/check/bytes	integer	2095104
/rows/45/result/filesystem/metadata/check/files	integer	2048
/rows/45/result/filesystem/metadata/python	string	3.14.7
/rows/45/result/filesystem/metadata/worker_ms	float	78.654877
/rows/45/result/filesystem/metadata/workload	string	metadata
/rows/45/result/filesystem/npm	object	-
/rows/45/result/filesystem/npm/check	object	-
/rows/45/result/filesystem/npm/check/local_packages	integer	32
/rows/45/result/filesystem/npm/python	string	3.14.7
/rows/45/result/filesystem/npm/worker_ms	float	263.658252
/rows/45/result/filesystem/npm/workload	string	npm
/rows/45/result/filesystem/read	object	-
/rows/45/result/filesystem/read/check	object	-
/rows/45/result/filesystem/read/check/bytes	integer	67108864
/rows/45/result/filesystem/read/check/sha256	string	42ef3a50fe506ced865473b082c8b28f6ce254e6e2b01266b6a563531a6267bc
/rows/45/result/filesystem/read/python	string	3.14.7
/rows/45/result/filesystem/read/worker_ms	float	68.624205
/rows/45/result/filesystem/read/workload	string	read
/rows/45/result/filesystem/rg	object	-
/rows/45/result/filesystem/rg/check	object	-
/rows/45/result/filesystem/rg/check/matches	integer	2048
/rows/45/result/filesystem/rg/python	string	3.14.7
/rows/45/result/filesystem/rg/worker_ms	float	87.948243
/rows/45/result/filesystem/rg/workload	string	rg
/rows/45/result/filesystem/write	object	-
/rows/45/result/filesystem/write/check	object	-
/rows/45/result/filesystem/write/check/bytes	integer	16777216
/rows/45/result/filesystem/write/check/files	integer	256
/rows/45/result/filesystem/write/python	string	3.14.7
/rows/45/result/filesystem/write/worker_ms	float	201.467464
/rows/45/result/filesystem/write/workload	string	write
/rows/45/result/mode	string	filesystem
/rows/45/result/worker_ms	float	1105.264583
/rows/45/result_ms	float	1170.705757
/rows/45/trial	integer	9
/rows/45/variant	string	baseline
/rows/46	object	-
/rows/46/backend	string	pvisor-vm
/rows/46/completion_ms	float	5702.695549
/rows/46/correctness	string	passed
/rows/46/logs	string	/home/reiase/workspace/pvisor/target/p1-filesystem-final-full-20261005/baseline/trials/filesystem-pvisor-vm-009
/rows/46/memory_scope	string	owned launcher tree; Docker daemon/container RSS excluded
/rows/46/mode	string	filesystem
/rows/46/peak_tree_rss_kib	integer	829268
/rows/46/prepare_ms	float	36.857434
/rows/46/ready_ms	float	576.485387
/rows/46/result	object	-
/rows/46/result/correctness	string	passed
/rows/46/result/filesystem	object	-
/rows/46/result/filesystem/cargo	object	-
/rows/46/result/filesystem/cargo/check	object	-
/rows/46/result/filesystem/cargo/check/modules	integer	64
/rows/46/result/filesystem/cargo/check/result	string	2016
/rows/46/result/filesystem/cargo/python	string	3.14.7
/rows/46/result/filesystem/cargo/worker_ms	float	824.979261
/rows/46/result/filesystem/cargo/workload	string	cargo
/rows/46/result/filesystem/git	object	-
/rows/46/result/filesystem/git/check	object	-
/rows/46/result/filesystem/git/check/git_clean	boolean	true
/rows/46/result/filesystem/git/python	string	3.14.7
/rows/46/result/filesystem/git/worker_ms	float	805.823867
/rows/46/result/filesystem/git/workload	string	git
/rows/46/result/filesystem/metadata	object	-
/rows/46/result/filesystem/metadata/check	object	-
/rows/46/result/filesystem/metadata/check/bytes	integer	2095104
/rows/46/result/filesystem/metadata/check/files	integer	2048
/rows/46/result/filesystem/metadata/python	string	3.14.7
/rows/46/result/filesystem/metadata/worker_ms	float	257.27205
/rows/46/result/filesystem/metadata/workload	string	metadata
/rows/46/result/filesystem/npm	object	-
/rows/46/result/filesystem/npm/check	object	-
/rows/46/result/filesystem/npm/check/local_packages	integer	32
/rows/46/result/filesystem/npm/python	string	3.14.7
/rows/46/result/filesystem/npm/worker_ms	float	1745.485838
/rows/46/result/filesystem/npm/workload	string	npm
/rows/46/result/filesystem/read	object	-
/rows/46/result/filesystem/read/check	object	-
/rows/46/result/filesystem/read/check/bytes	integer	67108864
/rows/46/result/filesystem/read/check/sha256	string	42ef3a50fe506ced865473b082c8b28f6ce254e6e2b01266b6a563531a6267bc
/rows/46/result/filesystem/read/python	string	3.14.7
/rows/46/result/filesystem/read/worker_ms	float	119.405387
/rows/46/result/filesystem/read/workload	string	read
/rows/46/result/filesystem/rg	object	-
/rows/46/result/filesystem/rg/check	object	-
/rows/46/result/filesystem/rg/check/matches	integer	2048
/rows/46/result/filesystem/rg/python	string	3.14.7
/rows/46/result/filesystem/rg/worker_ms	float	412.749386
/rows/46/result/filesystem/rg/workload	string	rg
/rows/46/result/filesystem/write	object	-
/rows/46/result/filesystem/write/check	object	-
/rows/46/result/filesystem/write/check/bytes	integer	16777216
/rows/46/result/filesystem/write/check/files	integer	256
/rows/46/result/filesystem/write/python	string	3.14.7
/rows/46/result/filesystem/write/worker_ms	float	238.093823
/rows/46/result/filesystem/write/workload	string	write
/rows/46/result/mode	string	filesystem
/rows/46/result/worker_ms	float	4987.991702
/rows/46/result_ms	float	5565.257815
/rows/46/trial	integer	9
/rows/46/variant	string	baseline
/rows/47	object	-
/rows/47/backend	string	pvisor-vm
/rows/47/completion_ms	float	5134.606593
/rows/47/correctness	string	passed
/rows/47/logs	string	/home/reiase/workspace/pvisor/target/p1-filesystem-final-full-20261005/candidate/trials/filesystem-pvisor-vm-009
/rows/47/memory_scope	string	owned launcher tree; Docker daemon/container RSS excluded
/rows/47/mode	string	filesystem
/rows/47/peak_tree_rss_kib	integer	830128
/rows/47/prepare_ms	float	39.984741
/rows/47/ready_ms	float	585.93779
/rows/47/result	object	-
/rows/47/result/correctness	string	passed
/rows/47/result/filesystem	object	-
/rows/47/result/filesystem/cargo	object	-
/rows/47/result/filesystem/cargo/check	object	-
/rows/47/result/filesystem/cargo/check/modules	integer	64
/rows/47/result/filesystem/cargo/check/result	string	2016
/rows/47/result/filesystem/cargo/python	string	3.14.7
/rows/47/result/filesystem/cargo/worker_ms	float	776.845952
/rows/47/result/filesystem/cargo/workload	string	cargo
/rows/47/result/filesystem/git	object	-
/rows/47/result/filesystem/git/check	object	-
/rows/47/result/filesystem/git/check/git_clean	boolean	true
/rows/47/result/filesystem/git/python	string	3.14.7
/rows/47/result/filesystem/git/worker_ms	float	391.526193
/rows/47/result/filesystem/git/workload	string	git
/rows/47/result/filesystem/metadata	object	-
/rows/47/result/filesystem/metadata/check	object	-
/rows/47/result/filesystem/metadata/check/bytes	integer	2095104
/rows/47/result/filesystem/metadata/check/files	integer	2048
/rows/47/result/filesystem/metadata/python	string	3.14.7
/rows/47/result/filesystem/metadata/worker_ms	float	223.152223
/rows/47/result/filesystem/metadata/workload	string	metadata
/rows/47/result/filesystem/npm	object	-
/rows/47/result/filesystem/npm/check	object	-
/rows/47/result/filesystem/npm/check/local_packages	integer	32
/rows/47/result/filesystem/npm/python	string	3.14.7
/rows/47/result/filesystem/npm/worker_ms	float	1589.796094
/rows/47/result/filesystem/npm/workload	string	npm
/rows/47/result/filesystem/read	object	-
/rows/47/result/filesystem/read/check	object	-
/rows/47/result/filesystem/read/check/bytes	integer	67108864
/rows/47/result/filesystem/read/check/sha256	string	42ef3a50fe506ced865473b082c8b28f6ce254e6e2b01266b6a563531a6267bc
/rows/47/result/filesystem/read/python	string	3.14.7
/rows/47/result/filesystem/read/worker_ms	float	161.672379
/rows/47/result/filesystem/read/workload	string	read
/rows/47/result/filesystem/rg	object	-
/rows/47/result/filesystem/rg/check	object	-
/rows/47/result/filesystem/rg/check/matches	integer	2048
/rows/47/result/filesystem/rg/python	string	3.14.7
/rows/47/result/filesystem/rg/worker_ms	float	502.69085
/rows/47/result/filesystem/rg/workload	string	rg
/rows/47/result/filesystem/write	object	-
/rows/47/result/filesystem/write/check	object	-
/rows/47/result/filesystem/write/check/bytes	integer	16777216
/rows/47/result/filesystem/write/check/files	integer	256
/rows/47/result/filesystem/write/python	string	3.14.7
/rows/47/result/filesystem/write/worker_ms	float	262.430062
/rows/47/result/filesystem/write/workload	string	write
/rows/47/result/mode	string	filesystem
/rows/47/result/worker_ms	float	4427.3593
/rows/47/result_ms	float	5013.950361
/rows/47/trial	integer	9
/rows/47/variant	string	candidate
/rows/48	object	-
/rows/48/backend	string	pvisor-staged
/rows/48/completion_ms	float	2661.852501
/rows/48/correctness	string	passed
/rows/48/logs	string	/home/reiase/workspace/pvisor/target/p1-filesystem-final-full-20261005/candidate/trials/filesystem-pvisor-staged-009
/rows/48/memory_scope	string	owned launcher tree; Docker daemon/container RSS excluded
/rows/48/mode	string	filesystem
/rows/48/peak_tree_rss_kib	integer	174312
/rows/48/prepare_ms	float	36.881418
/rows/48/ready_ms	float	66.416024
/rows/48/result	object	-
/rows/48/result/correctness	string	passed
/rows/48/result/filesystem	object	-
/rows/48/result/filesystem/cargo	object	-
/rows/48/result/filesystem/cargo/check	object	-
/rows/48/result/filesystem/cargo/check/modules	integer	64
/rows/48/result/filesystem/cargo/check/result	string	2016
/rows/48/result/filesystem/cargo/python	string	3.14.7
/rows/48/result/filesystem/cargo/worker_ms	float	142.778743
/rows/48/result/filesystem/cargo/workload	string	cargo
/rows/48/result/filesystem/git	object	-
/rows/48/result/filesystem/git/check	object	-
/rows/48/result/filesystem/git/check/git_clean	boolean	true
/rows/48/result/filesystem/git/python	string	3.14.7
/rows/48/result/filesystem/git/worker_ms	float	193.08586
/rows/48/result/filesystem/git/workload	string	git
/rows/48/result/filesystem/metadata	object	-
/rows/48/result/filesystem/metadata/check	object	-
/rows/48/result/filesystem/metadata/check/bytes	integer	2095104
/rows/48/result/filesystem/metadata/check/files	integer	2048
/rows/48/result/filesystem/metadata/python	string	3.14.7
/rows/48/result/filesystem/metadata/worker_ms	float	84.564207
/rows/48/result/filesystem/metadata/workload	string	metadata
/rows/48/result/filesystem/npm	object	-
/rows/48/result/filesystem/npm/check	object	-
/rows/48/result/filesystem/npm/check/local_packages	integer	32
/rows/48/result/filesystem/npm/python	string	3.14.7
/rows/48/result/filesystem/npm/worker_ms	float	295.973658
/rows/48/result/filesystem/npm/workload	string	npm
/rows/48/result/filesystem/read	object	-
/rows/48/result/filesystem/read/check	object	-
/rows/48/result/filesystem/read/check/bytes	integer	67108864
/rows/48/result/filesystem/read/check/sha256	string	42ef3a50fe506ced865473b082c8b28f6ce254e6e2b01266b6a563531a6267bc
/rows/48/result/filesystem/read/python	string	3.14.7
/rows/48/result/filesystem/read/worker_ms	float	68.245308
/rows/48/result/filesystem/read/workload	string	read
/rows/48/result/filesystem/rg	object	-
/rows/48/result/filesystem/rg/check	object	-
/rows/48/result/filesystem/rg/check/matches	integer	2048
/rows/48/result/filesystem/rg/python	string	3.14.7
/rows/48/result/filesystem/rg/worker_ms	float	97.487168
/rows/48/result/filesystem/rg/workload	string	rg
/rows/48/result/filesystem/write	object	-
/rows/48/result/filesystem/write/check	object	-
/rows/48/result/filesystem/write/check/bytes	integer	16777216
/rows/48/result/filesystem/write/check/files	integer	256
/rows/48/result/filesystem/write/python	string	3.14.7
/rows/48/result/filesystem/write/worker_ms	float	210.887527
/rows/48/result/filesystem/write/workload	string	write
/rows/48/result/mode	string	filesystem
/rows/48/result/worker_ms	float	1221.838806
/rows/48/result_ms	float	1288.301487
/rows/48/trial	integer	9
/rows/48/variant	string	candidate
/rows/49	object	-
/rows/49/backend	string	native
/rows/49/completion_ms	float	507.542658
/rows/49/correctness	string	passed
/rows/49/logs	string	/home/reiase/workspace/pvisor/target/p1-filesystem-final-full-20261005/native/trials/filesystem-native-009
/rows/49/memory_scope	string	owned launcher tree; Docker daemon/container RSS excluded
/rows/49/mode	string	filesystem
/rows/49/peak_tree_rss_kib	integer	138288
/rows/49/prepare_ms	float	38.845995
/rows/49/ready_ms	float	40.821232
/rows/49/result	object	-
/rows/49/result/correctness	string	passed
/rows/49/result/filesystem	object	-
/rows/49/result/filesystem/cargo	object	-
/rows/49/result/filesystem/cargo/check	object	-
/rows/49/result/filesystem/cargo/check/modules	integer	64
/rows/49/result/filesystem/cargo/check/result	string	2016
/rows/49/result/filesystem/cargo/python	string	3.14.7
/rows/49/result/filesystem/cargo/worker_ms	float	59.862442
/rows/49/result/filesystem/cargo/workload	string	cargo
/rows/49/result/filesystem/git	object	-
/rows/49/result/filesystem/git/check	object	-
/rows/49/result/filesystem/git/check/git_clean	boolean	true
/rows/49/result/filesystem/git/python	string	3.14.7
/rows/49/result/filesystem/git/worker_ms	float	15.13515
/rows/49/result/filesystem/git/workload	string	git
/rows/49/result/filesystem/metadata	object	-
/rows/49/result/filesystem/metadata/check	object	-
/rows/49/result/filesystem/metadata/check/bytes	integer	2095104
/rows/49/result/filesystem/metadata/check/files	integer	2048
/rows/49/result/filesystem/metadata/python	string	3.14.7
/rows/49/result/filesystem/metadata/worker_ms	float	4.998239
/rows/49/result/filesystem/metadata/workload	string	metadata
/rows/49/result/filesystem/npm	object	-
/rows/49/result/filesystem/npm/check	object	-
/rows/49/result/filesystem/npm/check/local_packages	integer	32
/rows/49/result/filesystem/npm/python	string	3.14.7
/rows/49/result/filesystem/npm/worker_ms	float	189.841084
/rows/49/result/filesystem/npm/workload	string	npm
/rows/49/result/filesystem/read	object	-
/rows/49/result/filesystem/read/check	object	-
/rows/49/result/filesystem/read/check/bytes	integer	67108864
/rows/49/result/filesystem/read/check/sha256	string	42ef3a50fe506ced865473b082c8b28f6ce254e6e2b01266b6a563531a6267bc
/rows/49/result/filesystem/read/python	string	3.14.7
/rows/49/result/filesystem/read/worker_ms	float	50.932515
/rows/49/result/filesystem/read/workload	string	read
/rows/49/result/filesystem/rg	object	-
/rows/49/result/filesystem/rg/check	object	-
/rows/49/result/filesystem/rg/check/matches	integer	2048
/rows/49/result/filesystem/rg/python	string	3.14.7
/rows/49/result/filesystem/rg/worker_ms	float	10.060859
/rows/49/result/filesystem/rg/workload	string	rg
/rows/49/result/filesystem/write	object	-
/rows/49/result/filesystem/write/check	object	-
/rows/49/result/filesystem/write/check/bytes	integer	16777216
/rows/49/result/filesystem/write/check/files	integer	256
/rows/49/result/filesystem/write/python	string	3.14.7
/rows/49/result/filesystem/write/worker_ms	float	3.925707
/rows/49/result/filesystem/write/workload	string	write
/rows/49/result/mode	string	filesystem
/rows/49/result/worker_ms	float	458.754004
/rows/49/result_ms	float	499.616023
/rows/49/trial	integer	9
/rows/49/variant	string	native
/rows/50	object	-
/rows/50/backend	string	pvisor-staged
/rows/50/completion_ms	float	6048.454522
/rows/50/correctness	string	passed
/rows/50/logs	string	/home/reiase/workspace/pvisor/target/p1-filesystem-final-full-20261005/baseline/trials/filesystem-pvisor-staged-010
/rows/50/memory_scope	string	owned launcher tree; Docker daemon/container RSS excluded
/rows/50/mode	string	filesystem
/rows/50/peak_tree_rss_kib	integer	181228
/rows/50/prepare_ms	float	38.526108
/rows/50/ready_ms	float	64.465304
/rows/50/result	object	-
/rows/50/result/correctness	string	passed
/rows/50/result/filesystem	object	-
/rows/50/result/filesystem/cargo	object	-
/rows/50/result/filesystem/cargo/check	object	-
/rows/50/result/filesystem/cargo/check/modules	integer	64
/rows/50/result/filesystem/cargo/check/result	string	2016
/rows/50/result/filesystem/cargo/python	string	3.14.7
/rows/50/result/filesystem/cargo/worker_ms	float	139.840279
/rows/50/result/filesystem/cargo/workload	string	cargo
/rows/50/result/filesystem/git	object	-
/rows/50/result/filesystem/git/check	object	-
/rows/50/result/filesystem/git/check/git_clean	boolean	true
/rows/50/result/filesystem/git/python	string	3.14.7
/rows/50/result/filesystem/git/worker_ms	float	211.078593
/rows/50/result/filesystem/git/workload	string	git
/rows/50/result/filesystem/metadata	object	-
/rows/50/result/filesystem/metadata/check	object	-
/rows/50/result/filesystem/metadata/check/bytes	integer	2095104
/rows/50/result/filesystem/metadata/check/files	integer	2048
/rows/50/result/filesystem/metadata/python	string	3.14.7
/rows/50/result/filesystem/metadata/worker_ms	float	82.836202
/rows/50/result/filesystem/metadata/workload	string	metadata
/rows/50/result/filesystem/npm	object	-
/rows/50/result/filesystem/npm/check	object	-
/rows/50/result/filesystem/npm/check/local_packages	integer	32
/rows/50/result/filesystem/npm/python	string	3.14.7
/rows/50/result/filesystem/npm/worker_ms	float	296.538964
/rows/50/result/filesystem/npm/workload	string	npm
/rows/50/result/filesystem/read	object	-
/rows/50/result/filesystem/read/check	object	-
/rows/50/result/filesystem/read/check/bytes	integer	67108864
/rows/50/result/filesystem/read/check/sha256	string	42ef3a50fe506ced865473b082c8b28f6ce254e6e2b01266b6a563531a6267bc
/rows/50/result/filesystem/read/python	string	3.14.7
/rows/50/result/filesystem/read/worker_ms	float	85.040387
/rows/50/result/filesystem/read/workload	string	read
/rows/50/result/filesystem/rg	object	-
/rows/50/result/filesystem/rg/check	object	-
/rows/50/result/filesystem/rg/check/matches	integer	2048
/rows/50/result/filesystem/rg/python	string	3.14.7
/rows/50/result/filesystem/rg/worker_ms	float	93.283141
/rows/50/result/filesystem/rg/workload	string	rg
/rows/50/result/filesystem/write	object	-
/rows/50/result/filesystem/write/check	object	-
/rows/50/result/filesystem/write/check/bytes	integer	16777216
/rows/50/result/filesystem/write/check/files	integer	256
/rows/50/result/filesystem/write/python	string	3.14.7
/rows/50/result/filesystem/write/worker_ms	float	213.849145
/rows/50/result/filesystem/write/workload	string	write
/rows/50/result/mode	string	filesystem
/rows/50/result/worker_ms	float	1256.624753
/rows/50/result_ms	float	1321.126885
/rows/50/trial	integer	10
/rows/50/variant	string	baseline
/rows/51	object	-
/rows/51/backend	string	pvisor-vm
/rows/51/completion_ms	float	5547.94472
/rows/51/correctness	string	passed
/rows/51/logs	string	/home/reiase/workspace/pvisor/target/p1-filesystem-final-full-20261005/candidate/trials/filesystem-pvisor-vm-010
/rows/51/memory_scope	string	owned launcher tree; Docker daemon/container RSS excluded
/rows/51/mode	string	filesystem
/rows/51/peak_tree_rss_kib	integer	823848
/rows/51/prepare_ms	float	36.643844
/rows/51/ready_ms	float	586.675217
/rows/51/result	object	-
/rows/51/result/correctness	string	passed
/rows/51/result/filesystem	object	-
/rows/51/result/filesystem/cargo	object	-
/rows/51/result/filesystem/cargo/check	object	-
/rows/51/result/filesystem/cargo/check/modules	integer	64
/rows/51/result/filesystem/cargo/check/result	string	2016
/rows/51/result/filesystem/cargo/python	string	3.14.7
/rows/51/result/filesystem/cargo/worker_ms	float	763.525156
/rows/51/result/filesystem/cargo/workload	string	cargo
/rows/51/result/filesystem/git	object	-
/rows/51/result/filesystem/git/check	object	-
/rows/51/result/filesystem/git/check/git_clean	boolean	true
/rows/51/result/filesystem/git/python	string	3.14.7
/rows/51/result/filesystem/git/worker_ms	float	786.731299
/rows/51/result/filesystem/git/workload	string	git
/rows/51/result/filesystem/metadata	object	-
/rows/51/result/filesystem/metadata/check	object	-
/rows/51/result/filesystem/metadata/check/bytes	integer	2095104
/rows/51/result/filesystem/metadata/check/files	integer	2048
/rows/51/result/filesystem/metadata/python	string	3.14.7
/rows/51/result/filesystem/metadata/worker_ms	float	233.139803
/rows/51/result/filesystem/metadata/workload	string	metadata
/rows/51/result/filesystem/npm	object	-
/rows/51/result/filesystem/npm/check	object	-
/rows/51/result/filesystem/npm/check/local_packages	integer	32
/rows/51/result/filesystem/npm/python	string	3.14.7
/rows/51/result/filesystem/npm/worker_ms	float	1656.254293
/rows/51/result/filesystem/npm/workload	string	npm
/rows/51/result/filesystem/read	object	-
/rows/51/result/filesystem/read/check	object	-
/rows/51/result/filesystem/read/check/bytes	integer	67108864
/rows/51/result/filesystem/read/check/sha256	string	42ef3a50fe506ced865473b082c8b28f6ce254e6e2b01266b6a563531a6267bc
/rows/51/result/filesystem/read/python	string	3.14.7
/rows/51/result/filesystem/read/worker_ms	float	179.739677
/rows/51/result/filesystem/read/workload	string	read
/rows/51/result/filesystem/rg	object	-
/rows/51/result/filesystem/rg/check	object	-
/rows/51/result/filesystem/rg/check/matches	integer	2048
/rows/51/result/filesystem/rg/python	string	3.14.7
/rows/51/result/filesystem/rg/worker_ms	float	419.903123
/rows/51/result/filesystem/rg/workload	string	rg
/rows/51/result/filesystem/write	object	-
/rows/51/result/filesystem/write/check	object	-
/rows/51/result/filesystem/write/check/bytes	integer	16777216
/rows/51/result/filesystem/write/check/files	integer	256
/rows/51/result/filesystem/write/python	string	3.14.7
/rows/51/result/filesystem/write/worker_ms	float	248.736318
/rows/51/result/filesystem/write/workload	string	write
/rows/51/result/mode	string	filesystem
/rows/51/result/worker_ms	float	4838.0209
/rows/51/result_ms	float	5425.352124
/rows/51/trial	integer	10
/rows/51/variant	string	candidate
/rows/52	object	-
/rows/52/backend	string	pvisor-vm
/rows/52/completion_ms	float	5801.10546
/rows/52/correctness	string	passed
/rows/52/logs	string	/home/reiase/workspace/pvisor/target/p1-filesystem-final-full-20261005/baseline/trials/filesystem-pvisor-vm-010
/rows/52/memory_scope	string	owned launcher tree; Docker daemon/container RSS excluded
/rows/52/mode	string	filesystem
/rows/52/peak_tree_rss_kib	integer	825924
/rows/52/prepare_ms	float	38.442592
/rows/52/ready_ms	float	667.001044
/rows/52/result	object	-
/rows/52/result/correctness	string	passed
/rows/52/result/filesystem	object	-
/rows/52/result/filesystem/cargo	object	-
/rows/52/result/filesystem/cargo/check	object	-
/rows/52/result/filesystem/cargo/check/modules	integer	64
/rows/52/result/filesystem/cargo/check/result	string	2016
/rows/52/result/filesystem/cargo/python	string	3.14.7
/rows/52/result/filesystem/cargo/worker_ms	float	730.790561
/rows/52/result/filesystem/cargo/workload	string	cargo
/rows/52/result/filesystem/git	object	-
/rows/52/result/filesystem/git/check	object	-
/rows/52/result/filesystem/git/check/git_clean	boolean	true
/rows/52/result/filesystem/git/python	string	3.14.7
/rows/52/result/filesystem/git/worker_ms	float	816.027851
/rows/52/result/filesystem/git/workload	string	git
/rows/52/result/filesystem/metadata	object	-
/rows/52/result/filesystem/metadata/check	object	-
/rows/52/result/filesystem/metadata/check/bytes	integer	2095104
/rows/52/result/filesystem/metadata/check/files	integer	2048
/rows/52/result/filesystem/metadata/python	string	3.14.7
/rows/52/result/filesystem/metadata/worker_ms	float	250.337934
/rows/52/result/filesystem/metadata/workload	string	metadata
/rows/52/result/filesystem/npm	object	-
/rows/52/result/filesystem/npm/check	object	-
/rows/52/result/filesystem/npm/check/local_packages	integer	32
/rows/52/result/filesystem/npm/python	string	3.14.7
/rows/52/result/filesystem/npm/worker_ms	float	1745.501217
/rows/52/result/filesystem/npm/workload	string	npm
/rows/52/result/filesystem/read	object	-
/rows/52/result/filesystem/read/check	object	-
/rows/52/result/filesystem/read/check/bytes	integer	67108864
/rows/52/result/filesystem/read/check/sha256	string	42ef3a50fe506ced865473b082c8b28f6ce254e6e2b01266b6a563531a6267bc
/rows/52/result/filesystem/read/python	string	3.14.7
/rows/52/result/filesystem/read/worker_ms	float	161.436037
/rows/52/result/filesystem/read/workload	string	read
/rows/52/result/filesystem/rg	object	-
/rows/52/result/filesystem/rg/check	object	-
/rows/52/result/filesystem/rg/check/matches	integer	2048
/rows/52/result/filesystem/rg/python	string	3.14.7
/rows/52/result/filesystem/rg/worker_ms	float	425.94018
/rows/52/result/filesystem/rg/workload	string	rg
/rows/52/result/filesystem/write	object	-
/rows/52/result/filesystem/write/check	object	-
/rows/52/result/filesystem/write/check/bytes	integer	16777216
/rows/52/result/filesystem/write/check/files	integer	256
/rows/52/result/filesystem/write/python	string	3.14.7
/rows/52/result/filesystem/write/worker_ms	float	254.020616
/rows/52/result/filesystem/write/workload	string	write
/rows/52/result/mode	string	filesystem
/rows/52/result/worker_ms	float	5010.767772
/rows/52/result_ms	float	5679.063211
/rows/52/trial	integer	10
/rows/52/variant	string	baseline
/rows/53	object	-
/rows/53/backend	string	native
/rows/53/completion_ms	float	499.453269
/rows/53/correctness	string	passed
/rows/53/logs	string	/home/reiase/workspace/pvisor/target/p1-filesystem-final-full-20261005/native/trials/filesystem-native-010
/rows/53/memory_scope	string	owned launcher tree; Docker daemon/container RSS excluded
/rows/53/mode	string	filesystem
/rows/53/peak_tree_rss_kib	integer	142328
/rows/53/prepare_ms	float	40.426776
/rows/53/ready_ms	float	43.986981
/rows/53/result	object	-
/rows/53/result/correctness	string	passed
/rows/53/result/filesystem	object	-
/rows/53/result/filesystem/cargo	object	-
/rows/53/result/filesystem/cargo/check	object	-
/rows/53/result/filesystem/cargo/check/modules	integer	64
/rows/53/result/filesystem/cargo/check/result	string	2016
/rows/53/result/filesystem/cargo/python	string	3.14.7
/rows/53/result/filesystem/cargo/worker_ms	float	56.274625
/rows/53/result/filesystem/cargo/workload	string	cargo
/rows/53/result/filesystem/git	object	-
/rows/53/result/filesystem/git/check	object	-
/rows/53/result/filesystem/git/check/git_clean	boolean	true
/rows/53/result/filesystem/git/python	string	3.14.7
/rows/53/result/filesystem/git/worker_ms	float	15.11963
/rows/53/result/filesystem/git/workload	string	git
/rows/53/result/filesystem/metadata	object	-
/rows/53/result/filesystem/metadata/check	object	-
/rows/53/result/filesystem/metadata/check/bytes	integer	2095104
/rows/53/result/filesystem/metadata/check/files	integer	2048
/rows/53/result/filesystem/metadata/python	string	3.14.7
/rows/53/result/filesystem/metadata/worker_ms	float	5.148559
/rows/53/result/filesystem/metadata/workload	string	metadata
/rows/53/result/filesystem/npm	object	-
/rows/53/result/filesystem/npm/check	object	-
/rows/53/result/filesystem/npm/check/local_packages	integer	32
/rows/53/result/filesystem/npm/python	string	3.14.7
/rows/53/result/filesystem/npm/worker_ms	float	198.865519
/rows/53/result/filesystem/npm/workload	string	npm
/rows/53/result/filesystem/read	object	-
/rows/53/result/filesystem/read/check	object	-
/rows/53/result/filesystem/read/check/bytes	integer	67108864
/rows/53/result/filesystem/read/check/sha256	string	42ef3a50fe506ced865473b082c8b28f6ce254e6e2b01266b6a563531a6267bc
/rows/53/result/filesystem/read/python	string	3.14.7
/rows/53/result/filesystem/read/worker_ms	float	32.774112
/rows/53/result/filesystem/read/workload	string	read
/rows/53/result/filesystem/rg	object	-
/rows/53/result/filesystem/rg/check	object	-
/rows/53/result/filesystem/rg/check/matches	integer	2048
/rows/53/result/filesystem/rg/python	string	3.14.7
/rows/53/result/filesystem/rg/worker_ms	float	7.372952
/rows/53/result/filesystem/rg/workload	string	rg
/rows/53/result/filesystem/write	object	-
/rows/53/result/filesystem/write/check	object	-
/rows/53/result/filesystem/write/check/bytes	integer	16777216
/rows/53/result/filesystem/write/check/files	integer	256
/rows/53/result/filesystem/write/python	string	3.14.7
/rows/53/result/filesystem/write/worker_ms	float	4.236677
/rows/53/result/filesystem/write/workload	string	write
/rows/53/result/mode	string	filesystem
/rows/53/result/worker_ms	float	447.04513
/rows/53/result_ms	float	491.110648
/rows/53/trial	integer	10
/rows/53/variant	string	native
/rows/54	object	-
/rows/54/backend	string	pvisor-staged
/rows/54/completion_ms	float	1352.792559
/rows/54/correctness	string	passed
/rows/54/logs	string	/home/reiase/workspace/pvisor/target/p1-filesystem-final-full-20261005/candidate/trials/filesystem-pvisor-staged-010
/rows/54/memory_scope	string	owned launcher tree; Docker daemon/container RSS excluded
/rows/54/mode	string	filesystem
/rows/54/peak_tree_rss_kib	integer	177248
/rows/54/prepare_ms	float	37.767292
/rows/54/ready_ms	float	63.817985
/rows/54/result	object	-
/rows/54/result/correctness	string	passed
/rows/54/result/filesystem	object	-
/rows/54/result/filesystem/cargo	object	-
/rows/54/result/filesystem/cargo/check	object	-
/rows/54/result/filesystem/cargo/check/modules	integer	64
/rows/54/result/filesystem/cargo/check/result	string	2016
/rows/54/result/filesystem/cargo/python	string	3.14.7
/rows/54/result/filesystem/cargo/worker_ms	float	119.103544
/rows/54/result/filesystem/cargo/workload	string	cargo
/rows/54/result/filesystem/git	object	-
/rows/54/result/filesystem/git/check	object	-
/rows/54/result/filesystem/git/check/git_clean	boolean	true
/rows/54/result/filesystem/git/python	string	3.14.7
/rows/54/result/filesystem/git/worker_ms	float	181.949635
/rows/54/result/filesystem/git/workload	string	git
/rows/54/result/filesystem/metadata	object	-
/rows/54/result/filesystem/metadata/check	object	-
/rows/54/result/filesystem/metadata/check/bytes	integer	2095104
/rows/54/result/filesystem/metadata/check/files	integer	2048
/rows/54/result/filesystem/metadata/python	string	3.14.7
/rows/54/result/filesystem/metadata/worker_ms	float	79.846742
/rows/54/result/filesystem/metadata/workload	string	metadata
/rows/54/result/filesystem/npm	object	-
/rows/54/result/filesystem/npm/check	object	-
/rows/54/result/filesystem/npm/check/local_packages	integer	32
/rows/54/result/filesystem/npm/python	string	3.14.7
/rows/54/result/filesystem/npm/worker_ms	float	276.095577
/rows/54/result/filesystem/npm/workload	string	npm
/rows/54/result/filesystem/read	object	-
/rows/54/result/filesystem/read/check	object	-
/rows/54/result/filesystem/read/check/bytes	integer	67108864
/rows/54/result/filesystem/read/check/sha256	string	42ef3a50fe506ced865473b082c8b28f6ce254e6e2b01266b6a563531a6267bc
/rows/54/result/filesystem/read/python	string	3.14.7
/rows/54/result/filesystem/read/worker_ms	float	68.058059
/rows/54/result/filesystem/read/workload	string	read
/rows/54/result/filesystem/rg	object	-
/rows/54/result/filesystem/rg/check	object	-
/rows/54/result/filesystem/rg/check/matches	integer	2048
/rows/54/result/filesystem/rg/python	string	3.14.7
/rows/54/result/filesystem/rg/worker_ms	float	92.028238
/rows/54/result/filesystem/rg/workload	string	rg
/rows/54/result/filesystem/write	object	-
/rows/54/result/filesystem/write/check	object	-
/rows/54/result/filesystem/write/check/bytes	integer	16777216
/rows/54/result/filesystem/write/check/files	integer	256
/rows/54/result/filesystem/write/python	string	3.14.7
/rows/54/result/filesystem/write/worker_ms	float	203.337946
/rows/54/result/filesystem/write/workload	string	write
/rows/54/result/mode	string	filesystem
/rows/54/result/worker_ms	float	1150.861288
/rows/54/result_ms	float	1214.738845
/rows/54/trial	integer	10
/rows/54/variant	string	candidate
/rows/55	object	-
/rows/55/backend	string	pvisor-staged
/rows/55/completion_ms	float	5181.674786
/rows/55/correctness	string	passed
/rows/55/logs	string	/home/reiase/workspace/pvisor/target/p1-filesystem-final-full-20261005/baseline/trials/filesystem-pvisor-staged-011
/rows/55/memory_scope	string	owned launcher tree; Docker daemon/container RSS excluded
/rows/55/mode	string	filesystem
/rows/55/peak_tree_rss_kib	integer	174644
/rows/55/prepare_ms	float	38.286851
/rows/55/ready_ms	float	64.343846
/rows/55/result	object	-
/rows/55/result/correctness	string	passed
/rows/55/result/filesystem	object	-
/rows/55/result/filesystem/cargo	object	-
/rows/55/result/filesystem/cargo/check	object	-
/rows/55/result/filesystem/cargo/check/modules	integer	64
/rows/55/result/filesystem/cargo/check/result	string	2016
/rows/55/result/filesystem/cargo/python	string	3.14.7
/rows/55/result/filesystem/cargo/worker_ms	float	123.998591
/rows/55/result/filesystem/cargo/workload	string	cargo
/rows/55/result/filesystem/git	object	-
/rows/55/result/filesystem/git/check	object	-
/rows/55/result/filesystem/git/check/git_clean	boolean	true
/rows/55/result/filesystem/git/python	string	3.14.7
/rows/55/result/filesystem/git/worker_ms	float	198.277891
/rows/55/result/filesystem/git/workload	string	git
/rows/55/result/filesystem/metadata	object	-
/rows/55/result/filesystem/metadata/check	object	-
/rows/55/result/filesystem/metadata/check/bytes	integer	2095104
/rows/55/result/filesystem/metadata/check/files	integer	2048
/rows/55/result/filesystem/metadata/python	string	3.14.7
/rows/55/result/filesystem/metadata/worker_ms	float	84.106322
/rows/55/result/filesystem/metadata/workload	string	metadata
/rows/55/result/filesystem/npm	object	-
/rows/55/result/filesystem/npm/check	object	-
/rows/55/result/filesystem/npm/check/local_packages	integer	32
/rows/55/result/filesystem/npm/python	string	3.14.7
/rows/55/result/filesystem/npm/worker_ms	float	267.684678
/rows/55/result/filesystem/npm/workload	string	npm
/rows/55/result/filesystem/read	object	-
/rows/55/result/filesystem/read/check	object	-
/rows/55/result/filesystem/read/check/bytes	integer	67108864
/rows/55/result/filesystem/read/check/sha256	string	42ef3a50fe506ced865473b082c8b28f6ce254e6e2b01266b6a563531a6267bc
/rows/55/result/filesystem/read/python	string	3.14.7
/rows/55/result/filesystem/read/worker_ms	float	67.19081
/rows/55/result/filesystem/read/workload	string	read
/rows/55/result/filesystem/rg	object	-
/rows/55/result/filesystem/rg/check	object	-
/rows/55/result/filesystem/rg/check/matches	integer	2048
/rows/55/result/filesystem/rg/python	string	3.14.7
/rows/55/result/filesystem/rg/worker_ms	float	95.783207
/rows/55/result/filesystem/rg/workload	string	rg
/rows/55/result/filesystem/write	object	-
/rows/55/result/filesystem/write/check	object	-
/rows/55/result/filesystem/write/check/bytes	integer	16777216
/rows/55/result/filesystem/write/check/files	integer	256
/rows/55/result/filesystem/write/python	string	3.14.7
/rows/55/result/filesystem/write/worker_ms	float	217.005556
/rows/55/result/filesystem/write/workload	string	write
/rows/55/result/mode	string	filesystem
/rows/55/result/worker_ms	float	1183.995433
/rows/55/result_ms	float	1248.376178
/rows/55/trial	integer	11
/rows/55/variant	string	baseline
/rows/56	object	-
/rows/56/backend	string	native
/rows/56/completion_ms	float	485.206137
/rows/56/correctness	string	passed
/rows/56/logs	string	/home/reiase/workspace/pvisor/target/p1-filesystem-final-full-20261005/native/trials/filesystem-native-011
/rows/56/memory_scope	string	owned launcher tree; Docker daemon/container RSS excluded
/rows/56/mode	string	filesystem
/rows/56/peak_tree_rss_kib	integer	142704
/rows/56/prepare_ms	float	37.608216
/rows/56/ready_ms	float	40.594338
/rows/56/result	object	-
/rows/56/result/correctness	string	passed
/rows/56/result/filesystem	object	-
/rows/56/result/filesystem/cargo	object	-
/rows/56/result/filesystem/cargo/check	object	-
/rows/56/result/filesystem/cargo/check/modules	integer	64
/rows/56/result/filesystem/cargo/check/result	string	2016
/rows/56/result/filesystem/cargo/python	string	3.14.7
/rows/56/result/filesystem/cargo/worker_ms	float	58.028268
/rows/56/result/filesystem/cargo/workload	string	cargo
/rows/56/result/filesystem/git	object	-
/rows/56/result/filesystem/git/check	object	-
/rows/56/result/filesystem/git/check/git_clean	boolean	true
/rows/56/result/filesystem/git/python	string	3.14.7
/rows/56/result/filesystem/git/worker_ms	float	15.865643
/rows/56/result/filesystem/git/workload	string	git
/rows/56/result/filesystem/metadata	object	-
/rows/56/result/filesystem/metadata/check	object	-
/rows/56/result/filesystem/metadata/check/bytes	integer	2095104
/rows/56/result/filesystem/metadata/check/files	integer	2048
/rows/56/result/filesystem/metadata/python	string	3.14.7
/rows/56/result/filesystem/metadata/worker_ms	float	4.842148
/rows/56/result/filesystem/metadata/workload	string	metadata
/rows/56/result/filesystem/npm	object	-
/rows/56/result/filesystem/npm/check	object	-
/rows/56/result/filesystem/npm/check/local_packages	integer	32
/rows/56/result/filesystem/npm/python	string	3.14.7
/rows/56/result/filesystem/npm/worker_ms	float	188.778861
/rows/56/result/filesystem/npm/workload	string	npm
/rows/56/result/filesystem/read	object	-
/rows/56/result/filesystem/read/check	object	-
/rows/56/result/filesystem/read/check/bytes	integer	67108864
/rows/56/result/filesystem/read/check/sha256	string	42ef3a50fe506ced865473b082c8b28f6ce254e6e2b01266b6a563531a6267bc
/rows/56/result/filesystem/read/python	string	3.14.7
/rows/56/result/filesystem/read/worker_ms	float	33.696544
/rows/56/result/filesystem/read/workload	string	read
/rows/56/result/filesystem/rg	object	-
/rows/56/result/filesystem/rg/check	object	-
/rows/56/result/filesystem/rg/check/matches	integer	2048
/rows/56/result/filesystem/rg/python	string	3.14.7
/rows/56/result/filesystem/rg/worker_ms	float	8.018176
/rows/56/result/filesystem/rg/workload	string	rg
/rows/56/result/filesystem/write	object	-
/rows/56/result/filesystem/write/check	object	-
/rows/56/result/filesystem/write/check/bytes	integer	16777216
/rows/56/result/filesystem/write/check/files	integer	256
/rows/56/result/filesystem/write/python	string	3.14.7
/rows/56/result/filesystem/write/worker_ms	float	3.755921
/rows/56/result/filesystem/write/workload	string	write
/rows/56/result/mode	string	filesystem
/rows/56/result/worker_ms	float	435.190084
/rows/56/result_ms	float	475.849092
/rows/56/trial	integer	11
/rows/56/variant	string	native
/rows/57	object	-
/rows/57/backend	string	pvisor-vm
/rows/57/completion_ms	float	5403.319491
/rows/57/correctness	string	passed
/rows/57/logs	string	/home/reiase/workspace/pvisor/target/p1-filesystem-final-full-20261005/baseline/trials/filesystem-pvisor-vm-011
/rows/57/memory_scope	string	owned launcher tree; Docker daemon/container RSS excluded
/rows/57/mode	string	filesystem
/rows/57/peak_tree_rss_kib	integer	830168
/rows/57/prepare_ms	float	37.822565
/rows/57/ready_ms	float	580.555695
/rows/57/result	object	-
/rows/57/result/correctness	string	passed
/rows/57/result/filesystem	object	-
/rows/57/result/filesystem/cargo	object	-
/rows/57/result/filesystem/cargo/check	object	-
/rows/57/result/filesystem/cargo/check/modules	integer	64
/rows/57/result/filesystem/cargo/check/result	string	2016
/rows/57/result/filesystem/cargo/python	string	3.14.7
/rows/57/result/filesystem/cargo/worker_ms	float	658.161364
/rows/57/result/filesystem/cargo/workload	string	cargo
/rows/57/result/filesystem/git	object	-
/rows/57/result/filesystem/git/check	object	-
/rows/57/result/filesystem/git/check/git_clean	boolean	true
/rows/57/result/filesystem/git/python	string	3.14.7
/rows/57/result/filesystem/git/worker_ms	float	426.393328
/rows/57/result/filesystem/git/workload	string	git
/rows/57/result/filesystem/metadata	object	-
/rows/57/result/filesystem/metadata/check	object	-
/rows/57/result/filesystem/metadata/check/bytes	integer	2095104
/rows/57/result/filesystem/metadata/check/files	integer	2048
/rows/57/result/filesystem/metadata/python	string	3.14.7
/rows/57/result/filesystem/metadata/worker_ms	float	306.672892
/rows/57/result/filesystem/metadata/workload	string	metadata
/rows/57/result/filesystem/npm	object	-
/rows/57/result/filesystem/npm/check	object	-
/rows/57/result/filesystem/npm/check/local_packages	integer	32
/rows/57/result/filesystem/npm/python	string	3.14.7
/rows/57/result/filesystem/npm/worker_ms	float	1689.392964
/rows/57/result/filesystem/npm/workload	string	npm
/rows/57/result/filesystem/read	object	-
/rows/57/result/filesystem/read/check	object	-
/rows/57/result/filesystem/read/check/bytes	integer	67108864
/rows/57/result/filesystem/read/check/sha256	string	42ef3a50fe506ced865473b082c8b28f6ce254e6e2b01266b6a563531a6267bc
/rows/57/result/filesystem/read/python	string	3.14.7
/rows/57/result/filesystem/read/worker_ms	float	118.616621
/rows/57/result/filesystem/read/workload	string	read
/rows/57/result/filesystem/rg	object	-
/rows/57/result/filesystem/rg/check	object	-
/rows/57/result/filesystem/rg/check/matches	integer	2048
/rows/57/result/filesystem/rg/python	string	3.14.7
/rows/57/result/filesystem/rg/worker_ms	float	481.632885
/rows/57/result/filesystem/rg/workload	string	rg
/rows/57/result/filesystem/write	object	-
/rows/57/result/filesystem/write/check	object	-
/rows/57/result/filesystem/write/check/bytes	integer	16777216
/rows/57/result/filesystem/write/check/files	integer	256
/rows/57/result/filesystem/write/python	string	3.14.7
/rows/57/result/filesystem/write/worker_ms	float	233.20249
/rows/57/result/filesystem/write/workload	string	write
/rows/57/result/mode	string	filesystem
/rows/57/result/worker_ms	float	4642.564082
/rows/57/result_ms	float	5224.598653
/rows/57/trial	integer	11
/rows/57/variant	string	baseline
/rows/58	object	-
/rows/58/backend	string	pvisor-staged
/rows/58/completion_ms	float	1329.766801
/rows/58/correctness	string	passed
/rows/58/logs	string	/home/reiase/workspace/pvisor/target/p1-filesystem-final-full-20261005/candidate/trials/filesystem-pvisor-staged-011
/rows/58/memory_scope	string	owned launcher tree; Docker daemon/container RSS excluded
/rows/58/mode	string	filesystem
/rows/58/peak_tree_rss_kib	integer	177532
/rows/58/prepare_ms	float	38.101637
/rows/58/ready_ms	float	68.671514
/rows/58/result	object	-
/rows/58/result/correctness	string	passed
/rows/58/result/filesystem	object	-
/rows/58/result/filesystem/cargo	object	-
/rows/58/result/filesystem/cargo/check	object	-
/rows/58/result/filesystem/cargo/check/modules	integer	64
/rows/58/result/filesystem/cargo/check/result	string	2016
/rows/58/result/filesystem/cargo/python	string	3.14.7
/rows/58/result/filesystem/cargo/worker_ms	float	112.935923
/rows/58/result/filesystem/cargo/workload	string	cargo
/rows/58/result/filesystem/git	object	-
/rows/58/result/filesystem/git/check	object	-
/rows/58/result/filesystem/git/check/git_clean	boolean	true
/rows/58/result/filesystem/git/python	string	3.14.7
/rows/58/result/filesystem/git/worker_ms	float	172.018649
/rows/58/result/filesystem/git/workload	string	git
/rows/58/result/filesystem/metadata	object	-
/rows/58/result/filesystem/metadata/check	object	-
/rows/58/result/filesystem/metadata/check/bytes	integer	2095104
/rows/58/result/filesystem/metadata/check/files	integer	2048
/rows/58/result/filesystem/metadata/python	string	3.14.7
/rows/58/result/filesystem/metadata/worker_ms	float	87.72669
/rows/58/result/filesystem/metadata/workload	string	metadata
/rows/58/result/filesystem/npm	object	-
/rows/58/result/filesystem/npm/check	object	-
/rows/58/result/filesystem/npm/check/local_packages	integer	32
/rows/58/result/filesystem/npm/python	string	3.14.7
/rows/58/result/filesystem/npm/worker_ms	float	264.220121
/rows/58/result/filesystem/npm/workload	string	npm
/rows/58/result/filesystem/read	object	-
/rows/58/result/filesystem/read/check	object	-
/rows/58/result/filesystem/read/check/bytes	integer	67108864
/rows/58/result/filesystem/read/check/sha256	string	42ef3a50fe506ced865473b082c8b28f6ce254e6e2b01266b6a563531a6267bc
/rows/58/result/filesystem/read/python	string	3.14.7
/rows/58/result/filesystem/read/worker_ms	float	71.004759
/rows/58/result/filesystem/read/workload	string	read
/rows/58/result/filesystem/rg	object	-
/rows/58/result/filesystem/rg/check	object	-
/rows/58/result/filesystem/rg/check/matches	integer	2048
/rows/58/result/filesystem/rg/python	string	3.14.7
/rows/58/result/filesystem/rg/worker_ms	float	89.866173
/rows/58/result/filesystem/rg/workload	string	rg
/rows/58/result/filesystem/write	object	-
/rows/58/result/filesystem/write/check	object	-
/rows/58/result/filesystem/write/check/bytes	integer	16777216
/rows/58/result/filesystem/write/check/files	integer	256
/rows/58/result/filesystem/write/python	string	3.14.7
/rows/58/result/filesystem/write/worker_ms	float	207.810213
/rows/58/result/filesystem/write/workload	string	write
/rows/58/result/mode	string	filesystem
/rows/58/result/worker_ms	float	1135.006285
/rows/58/result_ms	float	1203.746237
/rows/58/trial	integer	11
/rows/58/variant	string	candidate
/rows/59	object	-
/rows/59/backend	string	pvisor-vm
/rows/59/completion_ms	float	5420.503844
/rows/59/correctness	string	passed
/rows/59/logs	string	/home/reiase/workspace/pvisor/target/p1-filesystem-final-full-20261005/candidate/trials/filesystem-pvisor-vm-011
/rows/59/memory_scope	string	owned launcher tree; Docker daemon/container RSS excluded
/rows/59/mode	string	filesystem
/rows/59/peak_tree_rss_kib	integer	831704
/rows/59/prepare_ms	float	36.439193
/rows/59/ready_ms	float	600.341284
/rows/59/result	object	-
/rows/59/result/correctness	string	passed
/rows/59/result/filesystem	object	-
/rows/59/result/filesystem/cargo	object	-
/rows/59/result/filesystem/cargo/check	object	-
/rows/59/result/filesystem/cargo/check/modules	integer	64
/rows/59/result/filesystem/cargo/check/result	string	2016
/rows/59/result/filesystem/cargo/python	string	3.14.7
/rows/59/result/filesystem/cargo/worker_ms	float	807.389226
/rows/59/result/filesystem/cargo/workload	string	cargo
/rows/59/result/filesystem/git	object	-
/rows/59/result/filesystem/git/check	object	-
/rows/59/result/filesystem/git/check/git_clean	boolean	true
/rows/59/result/filesystem/git/python	string	3.14.7
/rows/59/result/filesystem/git/worker_ms	float	410.586129
/rows/59/result/filesystem/git/workload	string	git
/rows/59/result/filesystem/metadata	object	-
/rows/59/result/filesystem/metadata/check	object	-
/rows/59/result/filesystem/metadata/check/bytes	integer	2095104
/rows/59/result/filesystem/metadata/check/files	integer	2048
/rows/59/result/filesystem/metadata/python	string	3.14.7
/rows/59/result/filesystem/metadata/worker_ms	float	154.577192
/rows/59/result/filesystem/metadata/workload	string	metadata
/rows/59/result/filesystem/npm	object	-
/rows/59/result/filesystem/npm/check	object	-
/rows/59/result/filesystem/npm/check/local_packages	integer	32
/rows/59/result/filesystem/npm/python	string	3.14.7
/rows/59/result/filesystem/npm/worker_ms	float	1844.53819
/rows/59/result/filesystem/npm/workload	string	npm
/rows/59/result/filesystem/read	object	-
/rows/59/result/filesystem/read/check	object	-
/rows/59/result/filesystem/read/check/bytes	integer	67108864
/rows/59/result/filesystem/read/check/sha256	string	42ef3a50fe506ced865473b082c8b28f6ce254e6e2b01266b6a563531a6267bc
/rows/59/result/filesystem/read/python	string	3.14.7
/rows/59/result/filesystem/read/worker_ms	float	120.769029
/rows/59/result/filesystem/read/workload	string	read
/rows/59/result/filesystem/rg	object	-
/rows/59/result/filesystem/rg/check	object	-
/rows/59/result/filesystem/rg/check/matches	integer	2048
/rows/59/result/filesystem/rg/python	string	3.14.7
/rows/59/result/filesystem/rg/worker_ms	float	447.510013
/rows/59/result/filesystem/rg/workload	string	rg
/rows/59/result/filesystem/write	object	-
/rows/59/result/filesystem/write/check	object	-
/rows/59/result/filesystem/write/check/bytes	integer	16777216
/rows/59/result/filesystem/write/check/files	integer	256
/rows/59/result/filesystem/write/python	string	3.14.7
/rows/59/result/filesystem/write/worker_ms	float	265.209583
/rows/59/result/filesystem/write/workload	string	write
/rows/59/result/mode	string	filesystem
/rows/59/result/worker_ms	float	4691.400577
/rows/59/result_ms	float	5292.284095
/rows/59/trial	integer	11
/rows/59/variant	string	candidate
/rows/60	object	-
/rows/60/backend	string	pvisor-staged
/rows/60/completion_ms	float	1484.532048
/rows/60/correctness	string	passed
/rows/60/logs	string	/home/reiase/workspace/pvisor/target/p1-filesystem-final-full-20261005/candidate/trials/filesystem-pvisor-staged-012
/rows/60/memory_scope	string	owned launcher tree; Docker daemon/container RSS excluded
/rows/60/mode	string	filesystem
/rows/60/peak_tree_rss_kib	integer	174196
/rows/60/prepare_ms	float	38.707377
/rows/60/ready_ms	float	64.264358
/rows/60/result	object	-
/rows/60/result/correctness	string	passed
/rows/60/result/filesystem	object	-
/rows/60/result/filesystem/cargo	object	-
/rows/60/result/filesystem/cargo/check	object	-
/rows/60/result/filesystem/cargo/check/modules	integer	64
/rows/60/result/filesystem/cargo/check/result	string	2016
/rows/60/result/filesystem/cargo/python	string	3.14.7
/rows/60/result/filesystem/cargo/worker_ms	float	123.027178
/rows/60/result/filesystem/cargo/workload	string	cargo
/rows/60/result/filesystem/git	object	-
/rows/60/result/filesystem/git/check	object	-
/rows/60/result/filesystem/git/check/git_clean	boolean	true
/rows/60/result/filesystem/git/python	string	3.14.7
/rows/60/result/filesystem/git/worker_ms	float	237.35081
/rows/60/result/filesystem/git/workload	string	git
/rows/60/result/filesystem/metadata	object	-
/rows/60/result/filesystem/metadata/check	object	-
/rows/60/result/filesystem/metadata/check/bytes	integer	2095104
/rows/60/result/filesystem/metadata/check/files	integer	2048
/rows/60/result/filesystem/metadata/python	string	3.14.7
/rows/60/result/filesystem/metadata/worker_ms	float	100.815279
/rows/60/result/filesystem/metadata/workload	string	metadata
/rows/60/result/filesystem/npm	object	-
/rows/60/result/filesystem/npm/check	object	-
/rows/60/result/filesystem/npm/check/local_packages	integer	32
/rows/60/result/filesystem/npm/python	string	3.14.7
/rows/60/result/filesystem/npm/worker_ms	float	289.31501
/rows/60/result/filesystem/npm/workload	string	npm
/rows/60/result/filesystem/read	object	-
/rows/60/result/filesystem/read/check	object	-
/rows/60/result/filesystem/read/check/bytes	integer	67108864
/rows/60/result/filesystem/read/check/sha256	string	42ef3a50fe506ced865473b082c8b28f6ce254e6e2b01266b6a563531a6267bc
/rows/60/result/filesystem/read/python	string	3.14.7
/rows/60/result/filesystem/read/worker_ms	float	66.954499
/rows/60/result/filesystem/read/workload	string	read
/rows/60/result/filesystem/rg	object	-
/rows/60/result/filesystem/rg/check	object	-
/rows/60/result/filesystem/rg/check/matches	integer	2048
/rows/60/result/filesystem/rg/python	string	3.14.7
/rows/60/result/filesystem/rg/worker_ms	float	96.949926
/rows/60/result/filesystem/rg/workload	string	rg
/rows/60/result/filesystem/write	object	-
/rows/60/result/filesystem/write/check	object	-
/rows/60/result/filesystem/write/check/bytes	integer	16777216
/rows/60/result/filesystem/write/check/files	integer	256
/rows/60/result/filesystem/write/python	string	3.14.7
/rows/60/result/filesystem/write/worker_ms	float	218.339807
/rows/60/result/filesystem/write/workload	string	write
/rows/60/result/mode	string	filesystem
/rows/60/result/worker_ms	float	1280.035649
/rows/60/result_ms	float	1344.353788
/rows/60/trial	integer	12
/rows/60/variant	string	candidate
/rows/61	object	-
/rows/61/backend	string	pvisor-vm
/rows/61/completion_ms	float	6140.173483
/rows/61/correctness	string	passed
/rows/61/logs	string	/home/reiase/workspace/pvisor/target/p1-filesystem-final-full-20261005/candidate/trials/filesystem-pvisor-vm-012
/rows/61/memory_scope	string	owned launcher tree; Docker daemon/container RSS excluded
/rows/61/mode	string	filesystem
/rows/61/peak_tree_rss_kib	integer	806028
/rows/61/prepare_ms	float	41.650049
/rows/61/ready_ms	float	751.67752
/rows/61/result	object	-
/rows/61/result/correctness	string	passed
/rows/61/result/filesystem	object	-
/rows/61/result/filesystem/cargo	object	-
/rows/61/result/filesystem/cargo/check	object	-
/rows/61/result/filesystem/cargo/check/modules	integer	64
/rows/61/result/filesystem/cargo/check/result	string	2016
/rows/61/result/filesystem/cargo/python	string	3.14.7
/rows/61/result/filesystem/cargo/worker_ms	float	840.014606
/rows/61/result/filesystem/cargo/workload	string	cargo
/rows/61/result/filesystem/git	object	-
/rows/61/result/filesystem/git/check	object	-
/rows/61/result/filesystem/git/check/git_clean	boolean	true
/rows/61/result/filesystem/git/python	string	3.14.7
/rows/61/result/filesystem/git/worker_ms	float	533.914978
/rows/61/result/filesystem/git/workload	string	git
/rows/61/result/filesystem/metadata	object	-
/rows/61/result/filesystem/metadata/check	object	-
/rows/61/result/filesystem/metadata/check/bytes	integer	2095104
/rows/61/result/filesystem/metadata/check/files	integer	2048
/rows/61/result/filesystem/metadata/python	string	3.14.7
/rows/61/result/filesystem/metadata/worker_ms	float	246.298386
/rows/61/result/filesystem/metadata/workload	string	metadata
/rows/61/result/filesystem/npm	object	-
/rows/61/result/filesystem/npm/check	object	-
/rows/61/result/filesystem/npm/check/local_packages	integer	32
/rows/61/result/filesystem/npm/python	string	3.14.7
/rows/61/result/filesystem/npm/worker_ms	float	1941.897133
/rows/61/result/filesystem/npm/workload	string	npm
/rows/61/result/filesystem/read	object	-
/rows/61/result/filesystem/read/check	object	-
/rows/61/result/filesystem/read/check/bytes	integer	67108864
/rows/61/result/filesystem/read/check/sha256	string	42ef3a50fe506ced865473b082c8b28f6ce254e6e2b01266b6a563531a6267bc
/rows/61/result/filesystem/read/python	string	3.14.7
/rows/61/result/filesystem/read/worker_ms	float	120.641601
/rows/61/result/filesystem/read/workload	string	read
/rows/61/result/filesystem/rg	object	-
/rows/61/result/filesystem/rg/check	object	-
/rows/61/result/filesystem/rg/check/matches	integer	2048
/rows/61/result/filesystem/rg/python	string	3.14.7
/rows/61/result/filesystem/rg/worker_ms	float	712.383306
/rows/61/result/filesystem/rg/workload	string	rg
/rows/61/result/filesystem/write	object	-
/rows/61/result/filesystem/write/check	object	-
/rows/61/result/filesystem/write/check/bytes	integer	16777216
/rows/61/result/filesystem/write/check/files	integer	256
/rows/61/result/filesystem/write/python	string	3.14.7
/rows/61/result/filesystem/write/worker_ms	float	239.152514
/rows/61/result/filesystem/write/workload	string	write
/rows/61/result/mode	string	filesystem
/rows/61/result/worker_ms	float	5246.903922
/rows/61/result_ms	float	5999.432904
/rows/61/trial	integer	12
/rows/61/variant	string	candidate
/rows/62	object	-
/rows/62/backend	string	pvisor-vm
/rows/62/completion_ms	float	5821.562192
/rows/62/correctness	string	passed
/rows/62/logs	string	/home/reiase/workspace/pvisor/target/p1-filesystem-final-full-20261005/baseline/trials/filesystem-pvisor-vm-012
/rows/62/memory_scope	string	owned launcher tree; Docker daemon/container RSS excluded
/rows/62/mode	string	filesystem
/rows/62/peak_tree_rss_kib	integer	829776
/rows/62/prepare_ms	float	37.345184
/rows/62/ready_ms	float	590.449261
/rows/62/result	object	-
/rows/62/result/correctness	string	passed
/rows/62/result/filesystem	object	-
/rows/62/result/filesystem/cargo	object	-
/rows/62/result/filesystem/cargo/check	object	-
/rows/62/result/filesystem/cargo/check/modules	integer	64
/rows/62/result/filesystem/cargo/check/result	string	2016
/rows/62/result/filesystem/cargo/python	string	3.14.7
/rows/62/result/filesystem/cargo/worker_ms	float	755.83233
/rows/62/result/filesystem/cargo/workload	string	cargo
/rows/62/result/filesystem/git	object	-
/rows/62/result/filesystem/git/check	object	-
/rows/62/result/filesystem/git/check/git_clean	boolean	true
/rows/62/result/filesystem/git/python	string	3.14.7
/rows/62/result/filesystem/git/worker_ms	float	494.848674
/rows/62/result/filesystem/git/workload	string	git
/rows/62/result/filesystem/metadata	object	-
/rows/62/result/filesystem/metadata/check	object	-
/rows/62/result/filesystem/metadata/check/bytes	integer	2095104
/rows/62/result/filesystem/metadata/check/files	integer	2048
/rows/62/result/filesystem/metadata/python	string	3.14.7
/rows/62/result/filesystem/metadata/worker_ms	float	190.764017
/rows/62/result/filesystem/metadata/workload	string	metadata
/rows/62/result/filesystem/npm	object	-
/rows/62/result/filesystem/npm/check	object	-
/rows/62/result/filesystem/npm/check/local_packages	integer	32
/rows/62/result/filesystem/npm/python	string	3.14.7
/rows/62/result/filesystem/npm/worker_ms	float	2029.702769
/rows/62/result/filesystem/npm/workload	string	npm
/rows/62/result/filesystem/read	object	-
/rows/62/result/filesystem/read/check	object	-
/rows/62/result/filesystem/read/check/bytes	integer	67108864
/rows/62/result/filesystem/read/check/sha256	string	42ef3a50fe506ced865473b082c8b28f6ce254e6e2b01266b6a563531a6267bc
/rows/62/result/filesystem/read/python	string	3.14.7
/rows/62/result/filesystem/read/worker_ms	float	222.891856
/rows/62/result/filesystem/read/workload	string	read
/rows/62/result/filesystem/rg	object	-
/rows/62/result/filesystem/rg/check	object	-
/rows/62/result/filesystem/rg/check/matches	integer	2048
/rows/62/result/filesystem/rg/python	string	3.14.7
/rows/62/result/filesystem/rg/worker_ms	float	445.488449
/rows/62/result/filesystem/rg/workload	string	rg
/rows/62/result/filesystem/write	object	-
/rows/62/result/filesystem/write/check	object	-
/rows/62/result/filesystem/write/check/bytes	integer	16777216
/rows/62/result/filesystem/write/check/files	integer	256
/rows/62/result/filesystem/write/python	string	3.14.7
/rows/62/result/filesystem/write/worker_ms	float	247.90397
/rows/62/result/filesystem/write/workload	string	write
/rows/62/result/mode	string	filesystem
/rows/62/result/worker_ms	float	5086.402974
/rows/62/result_ms	float	5677.667696
/rows/62/trial	integer	12
/rows/62/variant	string	baseline
/rows/63	object	-
/rows/63/backend	string	native
/rows/63/completion_ms	float	496.762577
/rows/63/correctness	string	passed
/rows/63/logs	string	/home/reiase/workspace/pvisor/target/p1-filesystem-final-full-20261005/native/trials/filesystem-native-012
/rows/63/memory_scope	string	owned launcher tree; Docker daemon/container RSS excluded
/rows/63/mode	string	filesystem
/rows/63/peak_tree_rss_kib	integer	148048
/rows/63/prepare_ms	float	38.750598
/rows/63/ready_ms	float	46.943659
/rows/63/result	object	-
/rows/63/result/correctness	string	passed
/rows/63/result/filesystem	object	-
/rows/63/result/filesystem/cargo	object	-
/rows/63/result/filesystem/cargo/check	object	-
/rows/63/result/filesystem/cargo/check/modules	integer	64
/rows/63/result/filesystem/cargo/check/result	string	2016
/rows/63/result/filesystem/cargo/python	string	3.14.7
/rows/63/result/filesystem/cargo/worker_ms	float	53.130517
/rows/63/result/filesystem/cargo/workload	string	cargo
/rows/63/result/filesystem/git	object	-
/rows/63/result/filesystem/git/check	object	-
/rows/63/result/filesystem/git/check/git_clean	boolean	true
/rows/63/result/filesystem/git/python	string	3.14.7
/rows/63/result/filesystem/git/worker_ms	float	15.193769
/rows/63/result/filesystem/git/workload	string	git
/rows/63/result/filesystem/metadata	object	-
/rows/63/result/filesystem/metadata/check	object	-
/rows/63/result/filesystem/metadata/check/bytes	integer	2095104
/rows/63/result/filesystem/metadata/check/files	integer	2048
/rows/63/result/filesystem/metadata/python	string	3.14.7
/rows/63/result/filesystem/metadata/worker_ms	float	7.475783
/rows/63/result/filesystem/metadata/workload	string	metadata
/rows/63/result/filesystem/npm	object	-
/rows/63/result/filesystem/npm/check	object	-
/rows/63/result/filesystem/npm/check/local_packages	integer	32
/rows/63/result/filesystem/npm/python	string	3.14.7
/rows/63/result/filesystem/npm/worker_ms	float	176.82485
/rows/63/result/filesystem/npm/workload	string	npm
/rows/63/result/filesystem/read	object	-
/rows/63/result/filesystem/read/check	object	-
/rows/63/result/filesystem/read/check/bytes	integer	67108864
/rows/63/result/filesystem/read/check/sha256	string	42ef3a50fe506ced865473b082c8b28f6ce254e6e2b01266b6a563531a6267bc
/rows/63/result/filesystem/read/python	string	3.14.7
/rows/63/result/filesystem/read/worker_ms	float	53.320101
/rows/63/result/filesystem/read/workload	string	read
/rows/63/result/filesystem/rg	object	-
/rows/63/result/filesystem/rg/check	object	-
/rows/63/result/filesystem/rg/check/matches	integer	2048
/rows/63/result/filesystem/rg/python	string	3.14.7
/rows/63/result/filesystem/rg/worker_ms	float	7.247467
/rows/63/result/filesystem/rg/workload	string	rg
/rows/63/result/filesystem/write	object	-
/rows/63/result/filesystem/write/check	object	-
/rows/63/result/filesystem/write/check/bytes	integer	16777216
/rows/63/result/filesystem/write/check/files	integer	256
/rows/63/result/filesystem/write/python	string	3.14.7
/rows/63/result/filesystem/write/worker_ms	float	4.134578
/rows/63/result/filesystem/write/workload	string	write
/rows/63/result/mode	string	filesystem
/rows/63/result/worker_ms	float	441.608493
/rows/63/result_ms	float	488.60462
/rows/63/trial	integer	12
/rows/63/variant	string	native
/rows/64	object	-
/rows/64/backend	string	pvisor-staged
/rows/64/completion_ms	float	1331.7484
/rows/64/correctness	string	passed
/rows/64/logs	string	/home/reiase/workspace/pvisor/target/p1-filesystem-final-full-20261005/baseline/trials/filesystem-pvisor-staged-012
/rows/64/memory_scope	string	owned launcher tree; Docker daemon/container RSS excluded
/rows/64/mode	string	filesystem
/rows/64/peak_tree_rss_kib	integer	177552
/rows/64/prepare_ms	float	36.533109
/rows/64/ready_ms	float	64.90834
/rows/64/result	object	-
/rows/64/result/correctness	string	passed
/rows/64/result/filesystem	object	-
/rows/64/result/filesystem/cargo	object	-
/rows/64/result/filesystem/cargo/check	object	-
/rows/64/result/filesystem/cargo/check/modules	integer	64
/rows/64/result/filesystem/cargo/check/result	string	2016
/rows/64/result/filesystem/cargo/python	string	3.14.7
/rows/64/result/filesystem/cargo/worker_ms	float	131.116717
/rows/64/result/filesystem/cargo/workload	string	cargo
/rows/64/result/filesystem/git	object	-
/rows/64/result/filesystem/git/check	object	-
/rows/64/result/filesystem/git/check/git_clean	boolean	true
/rows/64/result/filesystem/git/python	string	3.14.7
/rows/64/result/filesystem/git/worker_ms	float	166.93478
/rows/64/result/filesystem/git/workload	string	git
/rows/64/result/filesystem/metadata	object	-
/rows/64/result/filesystem/metadata/check	object	-
/rows/64/result/filesystem/metadata/check/bytes	integer	2095104
/rows/64/result/filesystem/metadata/check/files	integer	2048
/rows/64/result/filesystem/metadata/python	string	3.14.7
/rows/64/result/filesystem/metadata/worker_ms	float	82.412491
/rows/64/result/filesystem/metadata/workload	string	metadata
/rows/64/result/filesystem/npm	object	-
/rows/64/result/filesystem/npm/check	object	-
/rows/64/result/filesystem/npm/check/local_packages	integer	32
/rows/64/result/filesystem/npm/python	string	3.14.7
/rows/64/result/filesystem/npm/worker_ms	float	277.971538
/rows/64/result/filesystem/npm/workload	string	npm
/rows/64/result/filesystem/read	object	-
/rows/64/result/filesystem/read/check	object	-
/rows/64/result/filesystem/read/check/bytes	integer	67108864
/rows/64/result/filesystem/read/check/sha256	string	42ef3a50fe506ced865473b082c8b28f6ce254e6e2b01266b6a563531a6267bc
/rows/64/result/filesystem/read/python	string	3.14.7
/rows/64/result/filesystem/read/worker_ms	float	66.433757
/rows/64/result/filesystem/read/workload	string	read
/rows/64/result/filesystem/rg	object	-
/rows/64/result/filesystem/rg/check	object	-
/rows/64/result/filesystem/rg/check/matches	integer	2048
/rows/64/result/filesystem/rg/python	string	3.14.7
/rows/64/result/filesystem/rg/worker_ms	float	87.136869
/rows/64/result/filesystem/rg/workload	string	rg
/rows/64/result/filesystem/write	object	-
/rows/64/result/filesystem/write/check	object	-
/rows/64/result/filesystem/write/check/bytes	integer	16777216
/rows/64/result/filesystem/write/check/files	integer	256
/rows/64/result/filesystem/write/python	string	3.14.7
/rows/64/result/filesystem/write/worker_ms	float	199.301222
/rows/64/result/filesystem/write/workload	string	write
/rows/64/result/mode	string	filesystem
/rows/64/result/worker_ms	float	1144.149561
/rows/64/result_ms	float	1209.090913
/rows/64/trial	integer	12
/rows/64/variant	string	baseline
/rows/65	object	-
/rows/65/backend	string	native
/rows/65/completion_ms	float	462.920853
/rows/65/correctness	string	passed
/rows/65/logs	string	/home/reiase/workspace/pvisor/target/p1-filesystem-final-full-20261005/native/trials/filesystem-native-013
/rows/65/memory_scope	string	owned launcher tree; Docker daemon/container RSS excluded
/rows/65/mode	string	filesystem
/rows/65/peak_tree_rss_kib	integer	137524
/rows/65/prepare_ms	float	37.355423
/rows/65/ready_ms	float	38.852478
/rows/65/result	object	-
/rows/65/result/correctness	string	passed
/rows/65/result/filesystem	object	-
/rows/65/result/filesystem/cargo	object	-
/rows/65/result/filesystem/cargo/check	object	-
/rows/65/result/filesystem/cargo/check/modules	integer	64
/rows/65/result/filesystem/cargo/check/result	string	2016
/rows/65/result/filesystem/cargo/python	string	3.14.7
/rows/65/result/filesystem/cargo/worker_ms	float	53.947432
/rows/65/result/filesystem/cargo/workload	string	cargo
/rows/65/result/filesystem/git	object	-
/rows/65/result/filesystem/git/check	object	-
/rows/65/result/filesystem/git/check/git_clean	boolean	true
/rows/65/result/filesystem/git/python	string	3.14.7
/rows/65/result/filesystem/git/worker_ms	float	14.509983
/rows/65/result/filesystem/git/workload	string	git
/rows/65/result/filesystem/metadata	object	-
/rows/65/result/filesystem/metadata/check	object	-
/rows/65/result/filesystem/metadata/check/bytes	integer	2095104
/rows/65/result/filesystem/metadata/check/files	integer	2048
/rows/65/result/filesystem/metadata/python	string	3.14.7
/rows/65/result/filesystem/metadata/worker_ms	float	4.80002
/rows/65/result/filesystem/metadata/workload	string	metadata
/rows/65/result/filesystem/npm	object	-
/rows/65/result/filesystem/npm/check	object	-
/rows/65/result/filesystem/npm/check/local_packages	integer	32
/rows/65/result/filesystem/npm/python	string	3.14.7
/rows/65/result/filesystem/npm/worker_ms	float	172.88221
/rows/65/result/filesystem/npm/workload	string	npm
/rows/65/result/filesystem/read	object	-
/rows/65/result/filesystem/read/check	object	-
/rows/65/result/filesystem/read/check/bytes	integer	67108864
/rows/65/result/filesystem/read/check/sha256	string	42ef3a50fe506ced865473b082c8b28f6ce254e6e2b01266b6a563531a6267bc
/rows/65/result/filesystem/read/python	string	3.14.7
/rows/65/result/filesystem/read/worker_ms	float	39.733451
/rows/65/result/filesystem/read/workload	string	read
/rows/65/result/filesystem/rg	object	-
/rows/65/result/filesystem/rg/check	object	-
/rows/65/result/filesystem/rg/check/matches	integer	2048
/rows/65/result/filesystem/rg/python	string	3.14.7
/rows/65/result/filesystem/rg/worker_ms	float	7.754183
/rows/65/result/filesystem/rg/workload	string	rg
/rows/65/result/filesystem/write	object	-
/rows/65/result/filesystem/write/check	object	-
/rows/65/result/filesystem/write/check/bytes	integer	16777216
/rows/65/result/filesystem/write/check/files	integer	256
/rows/65/result/filesystem/write/python	string	3.14.7
/rows/65/result/filesystem/write/worker_ms	float	3.690297
/rows/65/result/filesystem/write/workload	string	write
/rows/65/result/mode	string	filesystem
/rows/65/result/worker_ms	float	416.287882
/rows/65/result_ms	float	455.185575
/rows/65/trial	integer	13
/rows/65/variant	string	native
/rows/66	object	-
/rows/66/backend	string	pvisor-staged
/rows/66/completion_ms	float	5557.106501
/rows/66/correctness	string	passed
/rows/66/logs	string	/home/reiase/workspace/pvisor/target/p1-filesystem-final-full-20261005/candidate/trials/filesystem-pvisor-staged-013
/rows/66/memory_scope	string	owned launcher tree; Docker daemon/container RSS excluded
/rows/66/mode	string	filesystem
/rows/66/peak_tree_rss_kib	integer	176240
/rows/66/prepare_ms	float	36.852665
/rows/66/ready_ms	float	62.820714
/rows/66/result	object	-
/rows/66/result/correctness	string	passed
/rows/66/result/filesystem	object	-
/rows/66/result/filesystem/cargo	object	-
/rows/66/result/filesystem/cargo/check	object	-
/rows/66/result/filesystem/cargo/check/modules	integer	64
/rows/66/result/filesystem/cargo/check/result	string	2016
/rows/66/result/filesystem/cargo/python	string	3.14.7
/rows/66/result/filesystem/cargo/worker_ms	float	152.35118
/rows/66/result/filesystem/cargo/workload	string	cargo
/rows/66/result/filesystem/git	object	-
/rows/66/result/filesystem/git/check	object	-
/rows/66/result/filesystem/git/check/git_clean	boolean	true
/rows/66/result/filesystem/git/python	string	3.14.7
/rows/66/result/filesystem/git/worker_ms	float	173.441244
/rows/66/result/filesystem/git/workload	string	git
/rows/66/result/filesystem/metadata	object	-
/rows/66/result/filesystem/metadata/check	object	-
/rows/66/result/filesystem/metadata/check/bytes	integer	2095104
/rows/66/result/filesystem/metadata/check/files	integer	2048
/rows/66/result/filesystem/metadata/python	string	3.14.7
/rows/66/result/filesystem/metadata/worker_ms	float	76.3787
/rows/66/result/filesystem/metadata/workload	string	metadata
/rows/66/result/filesystem/npm	object	-
/rows/66/result/filesystem/npm/check	object	-
/rows/66/result/filesystem/npm/check/local_packages	integer	32
/rows/66/result/filesystem/npm/python	string	3.14.7
/rows/66/result/filesystem/npm/worker_ms	float	292.286447
/rows/66/result/filesystem/npm/workload	string	npm
/rows/66/result/filesystem/read	object	-
/rows/66/result/filesystem/read/check	object	-
/rows/66/result/filesystem/read/check/bytes	integer	67108864
/rows/66/result/filesystem/read/check/sha256	string	42ef3a50fe506ced865473b082c8b28f6ce254e6e2b01266b6a563531a6267bc
/rows/66/result/filesystem/read/python	string	3.14.7
/rows/66/result/filesystem/read/worker_ms	float	85.105617
/rows/66/result/filesystem/read/workload	string	read
/rows/66/result/filesystem/rg	object	-
/rows/66/result/filesystem/rg/check	object	-
/rows/66/result/filesystem/rg/check/matches	integer	2048
/rows/66/result/filesystem/rg/python	string	3.14.7
/rows/66/result/filesystem/rg/worker_ms	float	95.654277
/rows/66/result/filesystem/rg/workload	string	rg
/rows/66/result/filesystem/write	object	-
/rows/66/result/filesystem/write/check	object	-
/rows/66/result/filesystem/write/check/bytes	integer	16777216
/rows/66/result/filesystem/write/check/files	integer	256
/rows/66/result/filesystem/write/python	string	3.14.7
/rows/66/result/filesystem/write/worker_ms	float	225.158022
/rows/66/result/filesystem/write/workload	string	write
/rows/66/result/mode	string	filesystem
/rows/66/result/worker_ms	float	1227.55811
/rows/66/result_ms	float	1290.449527
/rows/66/trial	integer	13
/rows/66/variant	string	candidate
/rows/67	object	-
/rows/67/backend	string	pvisor-staged
/rows/67/completion_ms	float	5142.495017
/rows/67/correctness	string	passed
/rows/67/logs	string	/home/reiase/workspace/pvisor/target/p1-filesystem-final-full-20261005/baseline/trials/filesystem-pvisor-staged-013
/rows/67/memory_scope	string	owned launcher tree; Docker daemon/container RSS excluded
/rows/67/mode	string	filesystem
/rows/67/peak_tree_rss_kib	integer	177572
/rows/67/prepare_ms	float	38.150788
/rows/67/ready_ms	float	64.676547
/rows/67/result	object	-
/rows/67/result/correctness	string	passed
/rows/67/result/filesystem	object	-
/rows/67/result/filesystem/cargo	object	-
/rows/67/result/filesystem/cargo/check	object	-
/rows/67/result/filesystem/cargo/check/modules	integer	64
/rows/67/result/filesystem/cargo/check/result	string	2016
/rows/67/result/filesystem/cargo/python	string	3.14.7
/rows/67/result/filesystem/cargo/worker_ms	float	118.475772
/rows/67/result/filesystem/cargo/workload	string	cargo
/rows/67/result/filesystem/git	object	-
/rows/67/result/filesystem/git/check	object	-
/rows/67/result/filesystem/git/check/git_clean	boolean	true
/rows/67/result/filesystem/git/python	string	3.14.7
/rows/67/result/filesystem/git/worker_ms	float	194.712867
/rows/67/result/filesystem/git/workload	string	git
/rows/67/result/filesystem/metadata	object	-
/rows/67/result/filesystem/metadata/check	object	-
/rows/67/result/filesystem/metadata/check/bytes	integer	2095104
/rows/67/result/filesystem/metadata/check/files	integer	2048
/rows/67/result/filesystem/metadata/python	string	3.14.7
/rows/67/result/filesystem/metadata/worker_ms	float	80.750399
/rows/67/result/filesystem/metadata/workload	string	metadata
/rows/67/result/filesystem/npm	object	-
/rows/67/result/filesystem/npm/check	object	-
/rows/67/result/filesystem/npm/check/local_packages	integer	32
/rows/67/result/filesystem/npm/python	string	3.14.7
/rows/67/result/filesystem/npm/worker_ms	float	262.883917
/rows/67/result/filesystem/npm/workload	string	npm
/rows/67/result/filesystem/read	object	-
/rows/67/result/filesystem/read/check	object	-
/rows/67/result/filesystem/read/check/bytes	integer	67108864
/rows/67/result/filesystem/read/check/sha256	string	42ef3a50fe506ced865473b082c8b28f6ce254e6e2b01266b6a563531a6267bc
/rows/67/result/filesystem/read/python	string	3.14.7
/rows/67/result/filesystem/read/worker_ms	float	67.033266
/rows/67/result/filesystem/read/workload	string	read
/rows/67/result/filesystem/rg	object	-
/rows/67/result/filesystem/rg/check	object	-
/rows/67/result/filesystem/rg/check/matches	integer	2048
/rows/67/result/filesystem/rg/python	string	3.14.7
/rows/67/result/filesystem/rg/worker_ms	float	96.032012
/rows/67/result/filesystem/rg/workload	string	rg
/rows/67/result/filesystem/write	object	-
/rows/67/result/filesystem/write/check	object	-
/rows/67/result/filesystem/write/check/bytes	integer	16777216
/rows/67/result/filesystem/write/check/files	integer	256
/rows/67/result/filesystem/write/python	string	3.14.7
/rows/67/result/filesystem/write/worker_ms	float	226.160514
/rows/67/result/filesystem/write/workload	string	write
/rows/67/result/mode	string	filesystem
/rows/67/result/worker_ms	float	1177.212071
/rows/67/result_ms	float	1241.999134
/rows/67/trial	integer	13
/rows/67/variant	string	baseline
/rows/68	object	-
/rows/68/backend	string	pvisor-vm
/rows/68/completion_ms	float	5742.258393
/rows/68/correctness	string	passed
/rows/68/logs	string	/home/reiase/workspace/pvisor/target/p1-filesystem-final-full-20261005/candidate/trials/filesystem-pvisor-vm-013
/rows/68/memory_scope	string	owned launcher tree; Docker daemon/container RSS excluded
/rows/68/mode	string	filesystem
/rows/68/peak_tree_rss_kib	integer	827840
/rows/68/prepare_ms	float	37.157554
/rows/68/ready_ms	float	573.290815
/rows/68/result	object	-
/rows/68/result/correctness	string	passed
/rows/68/result/filesystem	object	-
/rows/68/result/filesystem/cargo	object	-
/rows/68/result/filesystem/cargo/check	object	-
/rows/68/result/filesystem/cargo/check/modules	integer	64
/rows/68/result/filesystem/cargo/check/result	string	2016
/rows/68/result/filesystem/cargo/python	string	3.14.7
/rows/68/result/filesystem/cargo/worker_ms	float	791.274081
/rows/68/result/filesystem/cargo/workload	string	cargo
/rows/68/result/filesystem/git	object	-
/rows/68/result/filesystem/git/check	object	-
/rows/68/result/filesystem/git/check/git_clean	boolean	true
/rows/68/result/filesystem/git/python	string	3.14.7
/rows/68/result/filesystem/git/worker_ms	float	392.971898
/rows/68/result/filesystem/git/workload	string	git
/rows/68/result/filesystem/metadata	object	-
/rows/68/result/filesystem/metadata/check	object	-
/rows/68/result/filesystem/metadata/check/bytes	integer	2095104
/rows/68/result/filesystem/metadata/check/files	integer	2048
/rows/68/result/filesystem/metadata/python	string	3.14.7
/rows/68/result/filesystem/metadata/worker_ms	float	156.356031
/rows/68/result/filesystem/metadata/workload	string	metadata
/rows/68/result/filesystem/npm	object	-
/rows/68/result/filesystem/npm/check	object	-
/rows/68/result/filesystem/npm/check/local_packages	integer	32
/rows/68/result/filesystem/npm/python	string	3.14.7
/rows/68/result/filesystem/npm/worker_ms	float	2151.964341
/rows/68/result/filesystem/npm/workload	string	npm
/rows/68/result/filesystem/read	object	-
/rows/68/result/filesystem/read/check	object	-
/rows/68/result/filesystem/read/check/bytes	integer	67108864
/rows/68/result/filesystem/read/check/sha256	string	42ef3a50fe506ced865473b082c8b28f6ce254e6e2b01266b6a563531a6267bc
/rows/68/result/filesystem/read/python	string	3.14.7
/rows/68/result/filesystem/read/worker_ms	float	118.417719
/rows/68/result/filesystem/read/workload	string	read
/rows/68/result/filesystem/rg	object	-
/rows/68/result/filesystem/rg/check	object	-
/rows/68/result/filesystem/rg/check/matches	integer	2048
/rows/68/result/filesystem/rg/python	string	3.14.7
/rows/68/result/filesystem/rg/worker_ms	float	464.996464
/rows/68/result/filesystem/rg/workload	string	rg
/rows/68/result/filesystem/write	object	-
/rows/68/result/filesystem/write/check	object	-
/rows/68/result/filesystem/write/check/bytes	integer	16777216
/rows/68/result/filesystem/write/check/files	integer	256
/rows/68/result/filesystem/write/python	string	3.14.7
/rows/68/result/filesystem/write/worker_ms	float	241.895557
/rows/68/result/filesystem/write/workload	string	write
/rows/68/result/mode	string	filesystem
/rows/68/result/worker_ms	float	5023.572974
/rows/68/result_ms	float	5597.798501
/rows/68/trial	integer	13
/rows/68/variant	string	candidate
/rows/69	object	-
/rows/69/backend	string	pvisor-vm
/rows/69/completion_ms	float	5276.067968
/rows/69/correctness	string	passed
/rows/69/logs	string	/home/reiase/workspace/pvisor/target/p1-filesystem-final-full-20261005/baseline/trials/filesystem-pvisor-vm-013
/rows/69/memory_scope	string	owned launcher tree; Docker daemon/container RSS excluded
/rows/69/mode	string	filesystem
/rows/69/peak_tree_rss_kib	integer	828020
/rows/69/prepare_ms	float	40.070791
/rows/69/ready_ms	float	631.51543
/rows/69/result	object	-
/rows/69/result/correctness	string	passed
/rows/69/result/filesystem	object	-
/rows/69/result/filesystem/cargo	object	-
/rows/69/result/filesystem/cargo/check	object	-
/rows/69/result/filesystem/cargo/check/modules	integer	64
/rows/69/result/filesystem/cargo/check/result	string	2016
/rows/69/result/filesystem/cargo/python	string	3.14.7
/rows/69/result/filesystem/cargo/worker_ms	float	683.012276
/rows/69/result/filesystem/cargo/workload	string	cargo
/rows/69/result/filesystem/git	object	-
/rows/69/result/filesystem/git/check	object	-
/rows/69/result/filesystem/git/check/git_clean	boolean	true
/rows/69/result/filesystem/git/python	string	3.14.7
/rows/69/result/filesystem/git/worker_ms	float	491.188295
/rows/69/result/filesystem/git/workload	string	git
/rows/69/result/filesystem/metadata	object	-
/rows/69/result/filesystem/metadata/check	object	-
/rows/69/result/filesystem/metadata/check/bytes	integer	2095104
/rows/69/result/filesystem/metadata/check/files	integer	2048
/rows/69/result/filesystem/metadata/python	string	3.14.7
/rows/69/result/filesystem/metadata/worker_ms	float	178.561403
/rows/69/result/filesystem/metadata/workload	string	metadata
/rows/69/result/filesystem/npm	object	-
/rows/69/result/filesystem/npm/check	object	-
/rows/69/result/filesystem/npm/check/local_packages	integer	32
/rows/69/result/filesystem/npm/python	string	3.14.7
/rows/69/result/filesystem/npm/worker_ms	float	1670.060478
/rows/69/result/filesystem/npm/workload	string	npm
/rows/69/result/filesystem/read	object	-
/rows/69/result/filesystem/read/check	object	-
/rows/69/result/filesystem/read/check/bytes	integer	67108864
/rows/69/result/filesystem/read/check/sha256	string	42ef3a50fe506ced865473b082c8b28f6ce254e6e2b01266b6a563531a6267bc
/rows/69/result/filesystem/read/python	string	3.14.7
/rows/69/result/filesystem/read/worker_ms	float	152.001482
/rows/69/result/filesystem/read/workload	string	read
/rows/69/result/filesystem/rg	object	-
/rows/69/result/filesystem/rg/check	object	-
/rows/69/result/filesystem/rg/check/matches	integer	2048
/rows/69/result/filesystem/rg/python	string	3.14.7
/rows/69/result/filesystem/rg/worker_ms	float	474.916396
/rows/69/result/filesystem/rg/workload	string	rg
/rows/69/result/filesystem/write	object	-
/rows/69/result/filesystem/write/check	object	-
/rows/69/result/filesystem/write/check/bytes	integer	16777216
/rows/69/result/filesystem/write/check/files	integer	256
/rows/69/result/filesystem/write/python	string	3.14.7
/rows/69/result/filesystem/write/worker_ms	float	259.97624
/rows/69/result/filesystem/write/workload	string	write
/rows/69/result/mode	string	filesystem
/rows/69/result/worker_ms	float	4520.827232
/rows/69/result_ms	float	5152.825168
/rows/69/trial	integer	13
/rows/69/variant	string	baseline
/rows/70	object	-
/rows/70/backend	string	pvisor-vm
/rows/70/completion_ms	float	4917.33934
/rows/70/correctness	string	passed
/rows/70/logs	string	/home/reiase/workspace/pvisor/target/p1-filesystem-final-full-20261005/baseline/trials/filesystem-pvisor-vm-014
/rows/70/memory_scope	string	owned launcher tree; Docker daemon/container RSS excluded
/rows/70/mode	string	filesystem
/rows/70/peak_tree_rss_kib	integer	827952
/rows/70/prepare_ms	float	37.162052
/rows/70/ready_ms	float	558.781604
/rows/70/result	object	-
/rows/70/result/correctness	string	passed
/rows/70/result/filesystem	object	-
/rows/70/result/filesystem/cargo	object	-
/rows/70/result/filesystem/cargo/check	object	-
/rows/70/result/filesystem/cargo/check/modules	integer	64
/rows/70/result/filesystem/cargo/check/result	string	2016
/rows/70/result/filesystem/cargo/python	string	3.14.7
/rows/70/result/filesystem/cargo/worker_ms	float	706.713557
/rows/70/result/filesystem/cargo/workload	string	cargo
/rows/70/result/filesystem/git	object	-
/rows/70/result/filesystem/git/check	object	-
/rows/70/result/filesystem/git/check/git_clean	boolean	true
/rows/70/result/filesystem/git/python	string	3.14.7
/rows/70/result/filesystem/git/worker_ms	float	390.903457
/rows/70/result/filesystem/git/workload	string	git
/rows/70/result/filesystem/metadata	object	-
/rows/70/result/filesystem/metadata/check	object	-
/rows/70/result/filesystem/metadata/check/bytes	integer	2095104
/rows/70/result/filesystem/metadata/check/files	integer	2048
/rows/70/result/filesystem/metadata/python	string	3.14.7
/rows/70/result/filesystem/metadata/worker_ms	float	162.726081
/rows/70/result/filesystem/metadata/workload	string	metadata
/rows/70/result/filesystem/npm	object	-
/rows/70/result/filesystem/npm/check	object	-
/rows/70/result/filesystem/npm/check/local_packages	integer	32
/rows/70/result/filesystem/npm/python	string	3.14.7
/rows/70/result/filesystem/npm/worker_ms	float	1595.960509
/rows/70/result/filesystem/npm/workload	string	npm
/rows/70/result/filesystem/read	object	-
/rows/70/result/filesystem/read/check	object	-
/rows/70/result/filesystem/read/check/bytes	integer	67108864
/rows/70/result/filesystem/read/check/sha256	string	42ef3a50fe506ced865473b082c8b28f6ce254e6e2b01266b6a563531a6267bc
/rows/70/result/filesystem/read/python	string	3.14.7
/rows/70/result/filesystem/read/worker_ms	float	120.402834
/rows/70/result/filesystem/read/workload	string	read
/rows/70/result/filesystem/rg	object	-
/rows/70/result/filesystem/rg/check	object	-
/rows/70/result/filesystem/rg/check/matches	integer	2048
/rows/70/result/filesystem/rg/python	string	3.14.7
/rows/70/result/filesystem/rg/worker_ms	float	467.963837
/rows/70/result/filesystem/rg/workload	string	rg
/rows/70/result/filesystem/write	object	-
/rows/70/result/filesystem/write/check	object	-
/rows/70/result/filesystem/write/check/bytes	integer	16777216
/rows/70/result/filesystem/write/check/files	integer	256
/rows/70/result/filesystem/write/python	string	3.14.7
/rows/70/result/filesystem/write/worker_ms	float	305.031179
/rows/70/result/filesystem/write/workload	string	write
/rows/70/result/mode	string	filesystem
/rows/70/result/worker_ms	float	4240.369526
/rows/70/result_ms	float	4799.796429
/rows/70/trial	integer	14
/rows/70/variant	string	baseline
/rows/71	object	-
/rows/71/backend	string	pvisor-vm
/rows/71/completion_ms	float	4939.918783
/rows/71/correctness	string	passed
/rows/71/logs	string	/home/reiase/workspace/pvisor/target/p1-filesystem-final-full-20261005/candidate/trials/filesystem-pvisor-vm-014
/rows/71/memory_scope	string	owned launcher tree; Docker daemon/container RSS excluded
/rows/71/mode	string	filesystem
/rows/71/peak_tree_rss_kib	integer	830700
/rows/71/prepare_ms	float	37.721276
/rows/71/ready_ms	float	555.241166
/rows/71/result	object	-
/rows/71/result/correctness	string	passed
/rows/71/result/filesystem	object	-
/rows/71/result/filesystem/cargo	object	-
/rows/71/result/filesystem/cargo/check	object	-
/rows/71/result/filesystem/cargo/check/modules	integer	64
/rows/71/result/filesystem/cargo/check/result	string	2016
/rows/71/result/filesystem/cargo/python	string	3.14.7
/rows/71/result/filesystem/cargo/worker_ms	float	716.641745
/rows/71/result/filesystem/cargo/workload	string	cargo
/rows/71/result/filesystem/git	object	-
/rows/71/result/filesystem/git/check	object	-
/rows/71/result/filesystem/git/check/git_clean	boolean	true
/rows/71/result/filesystem/git/python	string	3.14.7
/rows/71/result/filesystem/git/worker_ms	float	713.383578
/rows/71/result/filesystem/git/workload	string	git
/rows/71/result/filesystem/metadata	object	-
/rows/71/result/filesystem/metadata/check	object	-
/rows/71/result/filesystem/metadata/check/bytes	integer	2095104
/rows/71/result/filesystem/metadata/check/files	integer	2048
/rows/71/result/filesystem/metadata/python	string	3.14.7
/rows/71/result/filesystem/metadata/worker_ms	float	165.267998
/rows/71/result/filesystem/metadata/workload	string	metadata
/rows/71/result/filesystem/npm	object	-
/rows/71/result/filesystem/npm/check	object	-
/rows/71/result/filesystem/npm/check/local_packages	integer	32
/rows/71/result/filesystem/npm/python	string	3.14.7
/rows/71/result/filesystem/npm/worker_ms	float	1390.193999
/rows/71/result/filesystem/npm/workload	string	npm
/rows/71/result/filesystem/read	object	-
/rows/71/result/filesystem/read/check	object	-
/rows/71/result/filesystem/read/check/bytes	integer	67108864
/rows/71/result/filesystem/read/check/sha256	string	42ef3a50fe506ced865473b082c8b28f6ce254e6e2b01266b6a563531a6267bc
/rows/71/result/filesystem/read/python	string	3.14.7
/rows/71/result/filesystem/read/worker_ms	float	116.806644
/rows/71/result/filesystem/read/workload	string	read
/rows/71/result/filesystem/rg	object	-
/rows/71/result/filesystem/rg/check	object	-
/rows/71/result/filesystem/rg/check/matches	integer	2048
/rows/71/result/filesystem/rg/python	string	3.14.7
/rows/71/result/filesystem/rg/worker_ms	float	426.088929
/rows/71/result/filesystem/rg/workload	string	rg
/rows/71/result/filesystem/write	object	-
/rows/71/result/filesystem/write/check	object	-
/rows/71/result/filesystem/write/check/bytes	integer	16777216
/rows/71/result/filesystem/write/check/files	integer	256
/rows/71/result/filesystem/write/python	string	3.14.7
/rows/71/result/filesystem/write/worker_ms	float	252.485814
/rows/71/result/filesystem/write/workload	string	write
/rows/71/result/mode	string	filesystem
/rows/71/result/worker_ms	float	4258.24222
/rows/71/result_ms	float	4814.163303
/rows/71/trial	integer	14
/rows/71/variant	string	candidate
/rows/72	object	-
/rows/72/backend	string	pvisor-staged
/rows/72/completion_ms	float	1292.025869
/rows/72/correctness	string	passed
/rows/72/logs	string	/home/reiase/workspace/pvisor/target/p1-filesystem-final-full-20261005/candidate/trials/filesystem-pvisor-staged-014
/rows/72/memory_scope	string	owned launcher tree; Docker daemon/container RSS excluded
/rows/72/mode	string	filesystem
/rows/72/peak_tree_rss_kib	integer	181184
/rows/72/prepare_ms	float	36.94685
/rows/72/ready_ms	float	68.119253
/rows/72/result	object	-
/rows/72/result/correctness	string	passed
/rows/72/result/filesystem	object	-
/rows/72/result/filesystem/cargo	object	-
/rows/72/result/filesystem/cargo/check	object	-
/rows/72/result/filesystem/cargo/check/modules	integer	64
/rows/72/result/filesystem/cargo/check/result	string	2016
/rows/72/result/filesystem/cargo/python	string	3.14.7
/rows/72/result/filesystem/cargo/worker_ms	float	112.826438
/rows/72/result/filesystem/cargo/workload	string	cargo
/rows/72/result/filesystem/git	object	-
/rows/72/result/filesystem/git/check	object	-
/rows/72/result/filesystem/git/check/git_clean	boolean	true
/rows/72/result/filesystem/git/python	string	3.14.7
/rows/72/result/filesystem/git/worker_ms	float	167.386533
/rows/72/result/filesystem/git/workload	string	git
/rows/72/result/filesystem/metadata	object	-
/rows/72/result/filesystem/metadata/check	object	-
/rows/72/result/filesystem/metadata/check/bytes	integer	2095104
/rows/72/result/filesystem/metadata/check/files	integer	2048
/rows/72/result/filesystem/metadata/python	string	3.14.7
/rows/72/result/filesystem/metadata/worker_ms	float	77.355603
/rows/72/result/filesystem/metadata/workload	string	metadata
/rows/72/result/filesystem/npm	object	-
/rows/72/result/filesystem/npm/check	object	-
/rows/72/result/filesystem/npm/check/local_packages	integer	32
/rows/72/result/filesystem/npm/python	string	3.14.7
/rows/72/result/filesystem/npm/worker_ms	float	260.266693
/rows/72/result/filesystem/npm/workload	string	npm
/rows/72/result/filesystem/read	object	-
/rows/72/result/filesystem/read/check	object	-
/rows/72/result/filesystem/read/check/bytes	integer	67108864
/rows/72/result/filesystem/read/check/sha256	string	42ef3a50fe506ced865473b082c8b28f6ce254e6e2b01266b6a563531a6267bc
/rows/72/result/filesystem/read/python	string	3.14.7
/rows/72/result/filesystem/read/worker_ms	float	68.460901
/rows/72/result/filesystem/read/workload	string	read
/rows/72/result/filesystem/rg	object	-
/rows/72/result/filesystem/rg/check	object	-
/rows/72/result/filesystem/rg/check/matches	integer	2048
/rows/72/result/filesystem/rg/python	string	3.14.7
/rows/72/result/filesystem/rg/worker_ms	float	88.772502
/rows/72/result/filesystem/rg/workload	string	rg
/rows/72/result/filesystem/write	object	-
/rows/72/result/filesystem/write/check	object	-
/rows/72/result/filesystem/write/check/bytes	integer	16777216
/rows/72/result/filesystem/write/check/files	integer	256
/rows/72/result/filesystem/write/python	string	3.14.7
/rows/72/result/filesystem/write/worker_ms	float	198.569245
/rows/72/result/filesystem/write/workload	string	write
/rows/72/result/mode	string	filesystem
/rows/72/result/worker_ms	float	1099.502158
/rows/72/result_ms	float	1167.701039
/rows/72/trial	integer	14
/rows/72/variant	string	candidate
/rows/73	object	-
/rows/73/backend	string	native
/rows/73/completion_ms	float	463.278961
/rows/73/correctness	string	passed
/rows/73/logs	string	/home/reiase/workspace/pvisor/target/p1-filesystem-final-full-20261005/native/trials/filesystem-native-014
/rows/73/memory_scope	string	owned launcher tree; Docker daemon/container RSS excluded
/rows/73/mode	string	filesystem
/rows/73/peak_tree_rss_kib	integer	137576
/rows/73/prepare_ms	float	38.553269
/rows/73/ready_ms	float	41.410322
/rows/73/result	object	-
/rows/73/result/correctness	string	passed
/rows/73/result/filesystem	object	-
/rows/73/result/filesystem/cargo	object	-
/rows/73/result/filesystem/cargo/check	object	-
/rows/73/result/filesystem/cargo/check/modules	integer	64
/rows/73/result/filesystem/cargo/check/result	string	2016
/rows/73/result/filesystem/cargo/python	string	3.14.7
/rows/73/result/filesystem/cargo/worker_ms	float	53.829441
/rows/73/result/filesystem/cargo/workload	string	cargo
/rows/73/result/filesystem/git	object	-
/rows/73/result/filesystem/git/check	object	-
/rows/73/result/filesystem/git/check/git_clean	boolean	true
/rows/73/result/filesystem/git/python	string	3.14.7
/rows/73/result/filesystem/git/worker_ms	float	14.843635
/rows/73/result/filesystem/git/workload	string	git
/rows/73/result/filesystem/metadata	object	-
/rows/73/result/filesystem/metadata/check	object	-
/rows/73/result/filesystem/metadata/check/bytes	integer	2095104
/rows/73/result/filesystem/metadata/check/files	integer	2048
/rows/73/result/filesystem/metadata/python	string	3.14.7
/rows/73/result/filesystem/metadata/worker_ms	float	5.115598
/rows/73/result/filesystem/metadata/workload	string	metadata
/rows/73/result/filesystem/npm	object	-
/rows/73/result/filesystem/npm/check	object	-
/rows/73/result/filesystem/npm/check/local_packages	integer	32
/rows/73/result/filesystem/npm/python	string	3.14.7
/rows/73/result/filesystem/npm/worker_ms	float	177.490142
/rows/73/result/filesystem/npm/workload	string	npm
/rows/73/result/filesystem/read	object	-
/rows/73/result/filesystem/read/check	object	-
/rows/73/result/filesystem/read/check/bytes	integer	67108864
/rows/73/result/filesystem/read/check/sha256	string	42ef3a50fe506ced865473b082c8b28f6ce254e6e2b01266b6a563531a6267bc
/rows/73/result/filesystem/read/python	string	3.14.7
/rows/73/result/filesystem/read/worker_ms	float	32.638539
/rows/73/result/filesystem/read/workload	string	read
/rows/73/result/filesystem/rg	object	-
/rows/73/result/filesystem/rg/check	object	-
/rows/73/result/filesystem/rg/check/matches	integer	2048
/rows/73/result/filesystem/rg/python	string	3.14.7
/rows/73/result/filesystem/rg/worker_ms	float	8.19165
/rows/73/result/filesystem/rg/workload	string	rg
/rows/73/result/filesystem/write	object	-
/rows/73/result/filesystem/write/check	object	-
/rows/73/result/filesystem/write/check/bytes	integer	16777216
/rows/73/result/filesystem/write/check/files	integer	256
/rows/73/result/filesystem/write/python	string	3.14.7
/rows/73/result/filesystem/write/worker_ms	float	3.928202
/rows/73/result/filesystem/write/workload	string	write
/rows/73/result/mode	string	filesystem
/rows/73/result/worker_ms	float	412.76083
/rows/73/result_ms	float	454.189465
/rows/73/trial	integer	14
/rows/73/variant	string	native
/rows/74	object	-
/rows/74/backend	string	pvisor-staged
/rows/74/completion_ms	float	1266.123292
/rows/74/correctness	string	passed
/rows/74/logs	string	/home/reiase/workspace/pvisor/target/p1-filesystem-final-full-20261005/baseline/trials/filesystem-pvisor-staged-014
/rows/74/memory_scope	string	owned launcher tree; Docker daemon/container RSS excluded
/rows/74/mode	string	filesystem
/rows/74/peak_tree_rss_kib	integer	178648
/rows/74/prepare_ms	float	36.513612
/rows/74/ready_ms	float	64.509375
/rows/74/result	object	-
/rows/74/result/correctness	string	passed
/rows/74/result/filesystem	object	-
/rows/74/result/filesystem/cargo	object	-
/rows/74/result/filesystem/cargo/check	object	-
/rows/74/result/filesystem/cargo/check/modules	integer	64
/rows/74/result/filesystem/cargo/check/result	string	2016
/rows/74/result/filesystem/cargo/python	string	3.14.7
/rows/74/result/filesystem/cargo/worker_ms	float	112.917288
/rows/74/result/filesystem/cargo/workload	string	cargo
/rows/74/result/filesystem/git	object	-
/rows/74/result/filesystem/git/check	object	-
/rows/74/result/filesystem/git/check/git_clean	boolean	true
/rows/74/result/filesystem/git/python	string	3.14.7
/rows/74/result/filesystem/git/worker_ms	float	170.563072
/rows/74/result/filesystem/git/workload	string	git
/rows/74/result/filesystem/metadata	object	-
/rows/74/result/filesystem/metadata/check	object	-
/rows/74/result/filesystem/metadata/check/bytes	integer	2095104
/rows/74/result/filesystem/metadata/check/files	integer	2048
/rows/74/result/filesystem/metadata/python	string	3.14.7
/rows/74/result/filesystem/metadata/worker_ms	float	76.281948
/rows/74/result/filesystem/metadata/workload	string	metadata
/rows/74/result/filesystem/npm	object	-
/rows/74/result/filesystem/npm/check	object	-
/rows/74/result/filesystem/npm/check/local_packages	integer	32
/rows/74/result/filesystem/npm/python	string	3.14.7
/rows/74/result/filesystem/npm/worker_ms	float	258.766512
/rows/74/result/filesystem/npm/workload	string	npm
/rows/74/result/filesystem/read	object	-
/rows/74/result/filesystem/read/check	object	-
/rows/74/result/filesystem/read/check/bytes	integer	67108864
/rows/74/result/filesystem/read/check/sha256	string	42ef3a50fe506ced865473b082c8b28f6ce254e6e2b01266b6a563531a6267bc
/rows/74/result/filesystem/read/python	string	3.14.7
/rows/74/result/filesystem/read/worker_ms	float	66.787838
/rows/74/result/filesystem/read/workload	string	read
/rows/74/result/filesystem/rg	object	-
/rows/74/result/filesystem/rg/check	object	-
/rows/74/result/filesystem/rg/check/matches	integer	2048
/rows/74/result/filesystem/rg/python	string	3.14.7
/rows/74/result/filesystem/rg/worker_ms	float	88.363609
/rows/74/result/filesystem/rg/workload	string	rg
/rows/74/result/filesystem/write	object	-
/rows/74/result/filesystem/write/check	object	-
/rows/74/result/filesystem/write/check/bytes	integer	16777216
/rows/74/result/filesystem/write/check/files	integer	256
/rows/74/result/filesystem/write/python	string	3.14.7
/rows/74/result/filesystem/write/worker_ms	float	194.425631
/rows/74/result/filesystem/write/workload	string	write
/rows/74/result/mode	string	filesystem
/rows/74/result/worker_ms	float	1092.19072
/rows/74/result_ms	float	1156.744328
/rows/74/trial	integer	14
/rows/74/variant	string	baseline
/rows/75	object	-
/rows/75/backend	string	pvisor-staged
/rows/75/completion_ms	float	1289.399517
/rows/75/correctness	string	passed
/rows/75/logs	string	/home/reiase/workspace/pvisor/target/p1-filesystem-final-full-20261005/candidate/trials/filesystem-pvisor-staged-015
/rows/75/memory_scope	string	owned launcher tree; Docker daemon/container RSS excluded
/rows/75/mode	string	filesystem
/rows/75/peak_tree_rss_kib	integer	177596
/rows/75/prepare_ms	float	36.950858
/rows/75/ready_ms	float	62.791258
/rows/75/result	object	-
/rows/75/result/correctness	string	passed
/rows/75/result/filesystem	object	-
/rows/75/result/filesystem/cargo	object	-
/rows/75/result/filesystem/cargo/check	object	-
/rows/75/result/filesystem/cargo/check/modules	integer	64
/rows/75/result/filesystem/cargo/check/result	string	2016
/rows/75/result/filesystem/cargo/python	string	3.14.7
/rows/75/result/filesystem/cargo/worker_ms	float	111.348339
/rows/75/result/filesystem/cargo/workload	string	cargo
/rows/75/result/filesystem/git	object	-
/rows/75/result/filesystem/git/check	object	-
/rows/75/result/filesystem/git/check/git_clean	boolean	true
/rows/75/result/filesystem/git/python	string	3.14.7
/rows/75/result/filesystem/git/worker_ms	float	180.049238
/rows/75/result/filesystem/git/workload	string	git
/rows/75/result/filesystem/metadata	object	-
/rows/75/result/filesystem/metadata/check	object	-
/rows/75/result/filesystem/metadata/check/bytes	integer	2095104
/rows/75/result/filesystem/metadata/check/files	integer	2048
/rows/75/result/filesystem/metadata/python	string	3.14.7
/rows/75/result/filesystem/metadata/worker_ms	float	77.522013
/rows/75/result/filesystem/metadata/workload	string	metadata
/rows/75/result/filesystem/npm	object	-
/rows/75/result/filesystem/npm/check	object	-
/rows/75/result/filesystem/npm/check/local_packages	integer	32
/rows/75/result/filesystem/npm/python	string	3.14.7
/rows/75/result/filesystem/npm/worker_ms	float	260.654055
/rows/75/result/filesystem/npm/workload	string	npm
/rows/75/result/filesystem/read	object	-
/rows/75/result/filesystem/read/check	object	-
/rows/75/result/filesystem/read/check/bytes	integer	67108864
/rows/75/result/filesystem/read/check/sha256	string	42ef3a50fe506ced865473b082c8b28f6ce254e6e2b01266b6a563531a6267bc
/rows/75/result/filesystem/read/python	string	3.14.7
/rows/75/result/filesystem/read/worker_ms	float	67.540553
/rows/75/result/filesystem/read/workload	string	read
/rows/75/result/filesystem/rg	object	-
/rows/75/result/filesystem/rg/check	object	-
/rows/75/result/filesystem/rg/check/matches	integer	2048
/rows/75/result/filesystem/rg/python	string	3.14.7
/rows/75/result/filesystem/rg/worker_ms	float	89.739697
/rows/75/result/filesystem/rg/workload	string	rg
/rows/75/result/filesystem/write	object	-
/rows/75/result/filesystem/write/check	object	-
/rows/75/result/filesystem/write/check/bytes	integer	16777216
/rows/75/result/filesystem/write/check/files	integer	256
/rows/75/result/filesystem/write/python	string	3.14.7
/rows/75/result/filesystem/write/worker_ms	float	198.498143
/rows/75/result/filesystem/write/workload	string	write
/rows/75/result/mode	string	filesystem
/rows/75/result/worker_ms	float	1108.694435
/rows/75/result_ms	float	1171.560282
/rows/75/trial	integer	15
/rows/75/variant	string	candidate
/rows/76	object	-
/rows/76/backend	string	pvisor-staged
/rows/76/completion_ms	float	1284.013093
/rows/76/correctness	string	passed
/rows/76/logs	string	/home/reiase/workspace/pvisor/target/p1-filesystem-final-full-20261005/baseline/trials/filesystem-pvisor-staged-015
/rows/76/memory_scope	string	owned launcher tree; Docker daemon/container RSS excluded
/rows/76/mode	string	filesystem
/rows/76/peak_tree_rss_kib	integer	174072
/rows/76/prepare_ms	float	38.699873
/rows/76/ready_ms	float	61.133555
/rows/76/result	object	-
/rows/76/result/correctness	string	passed
/rows/76/result/filesystem	object	-
/rows/76/result/filesystem/cargo	object	-
/rows/76/result/filesystem/cargo/check	object	-
/rows/76/result/filesystem/cargo/check/modules	integer	64
/rows/76/result/filesystem/cargo/check/result	string	2016
/rows/76/result/filesystem/cargo/python	string	3.14.7
/rows/76/result/filesystem/cargo/worker_ms	float	112.312118
/rows/76/result/filesystem/cargo/workload	string	cargo
/rows/76/result/filesystem/git	object	-
/rows/76/result/filesystem/git/check	object	-
/rows/76/result/filesystem/git/check/git_clean	boolean	true
/rows/76/result/filesystem/git/python	string	3.14.7
/rows/76/result/filesystem/git/worker_ms	float	171.354771
/rows/76/result/filesystem/git/workload	string	git
/rows/76/result/filesystem/metadata	object	-
/rows/76/result/filesystem/metadata/check	object	-
/rows/76/result/filesystem/metadata/check/bytes	integer	2095104
/rows/76/result/filesystem/metadata/check/files	integer	2048
/rows/76/result/filesystem/metadata/python	string	3.14.7
/rows/76/result/filesystem/metadata/worker_ms	float	78.158551
/rows/76/result/filesystem/metadata/workload	string	metadata
/rows/76/result/filesystem/npm	object	-
/rows/76/result/filesystem/npm/check	object	-
/rows/76/result/filesystem/npm/check/local_packages	integer	32
/rows/76/result/filesystem/npm/python	string	3.14.7
/rows/76/result/filesystem/npm/worker_ms	float	259.570112
/rows/76/result/filesystem/npm/workload	string	npm
/rows/76/result/filesystem/read	object	-
/rows/76/result/filesystem/read/check	object	-
/rows/76/result/filesystem/read/check/bytes	integer	67108864
/rows/76/result/filesystem/read/check/sha256	string	42ef3a50fe506ced865473b082c8b28f6ce254e6e2b01266b6a563531a6267bc
/rows/76/result/filesystem/read/python	string	3.14.7
/rows/76/result/filesystem/read/worker_ms	float	68.175638
/rows/76/result/filesystem/read/workload	string	read
/rows/76/result/filesystem/rg	object	-
/rows/76/result/filesystem/rg/check	object	-
/rows/76/result/filesystem/rg/check/matches	integer	2048
/rows/76/result/filesystem/rg/python	string	3.14.7
/rows/76/result/filesystem/rg/worker_ms	float	87.829612
/rows/76/result/filesystem/rg/workload	string	rg
/rows/76/result/filesystem/write	object	-
/rows/76/result/filesystem/write/check	object	-
/rows/76/result/filesystem/write/check/bytes	integer	16777216
/rows/76/result/filesystem/write/check/files	integer	256
/rows/76/result/filesystem/write/python	string	3.14.7
/rows/76/result/filesystem/write/worker_ms	float	200.172548
/rows/76/result/filesystem/write/workload	string	write
/rows/76/result/mode	string	filesystem
/rows/76/result/worker_ms	float	1102.68602
/rows/76/result_ms	float	1163.884185
/rows/76/trial	integer	15
/rows/76/variant	string	baseline
/rows/77	object	-
/rows/77/backend	string	native
/rows/77/completion_ms	float	497.644733
/rows/77/correctness	string	passed
/rows/77/logs	string	/home/reiase/workspace/pvisor/target/p1-filesystem-final-full-20261005/native/trials/filesystem-native-015
/rows/77/memory_scope	string	owned launcher tree; Docker daemon/container RSS excluded
/rows/77/mode	string	filesystem
/rows/77/peak_tree_rss_kib	integer	137156
/rows/77/prepare_ms	float	37.987082
/rows/77/ready_ms	float	38.916016
/rows/77/result	object	-
/rows/77/result/correctness	string	passed
/rows/77/result/filesystem	object	-
/rows/77/result/filesystem/cargo	object	-
/rows/77/result/filesystem/cargo/check	object	-
/rows/77/result/filesystem/cargo/check/modules	integer	64
/rows/77/result/filesystem/cargo/check/result	string	2016
/rows/77/result/filesystem/cargo/python	string	3.14.7
/rows/77/result/filesystem/cargo/worker_ms	float	53.540582
/rows/77/result/filesystem/cargo/workload	string	cargo
/rows/77/result/filesystem/git	object	-
/rows/77/result/filesystem/git/check	object	-
/rows/77/result/filesystem/git/check/git_clean	boolean	true
/rows/77/result/filesystem/git/python	string	3.14.7
/rows/77/result/filesystem/git/worker_ms	float	18.586161
/rows/77/result/filesystem/git/workload	string	git
/rows/77/result/filesystem/metadata	object	-
/rows/77/result/filesystem/metadata/check	object	-
/rows/77/result/filesystem/metadata/check/bytes	integer	2095104
/rows/77/result/filesystem/metadata/check/files	integer	2048
/rows/77/result/filesystem/metadata/python	string	3.14.7
/rows/77/result/filesystem/metadata/worker_ms	float	4.687219
/rows/77/result/filesystem/metadata/workload	string	metadata
/rows/77/result/filesystem/npm	object	-
/rows/77/result/filesystem/npm/check	object	-
/rows/77/result/filesystem/npm/check/local_packages	integer	32
/rows/77/result/filesystem/npm/python	string	3.14.7
/rows/77/result/filesystem/npm/worker_ms	float	178.407254
/rows/77/result/filesystem/npm/workload	string	npm
/rows/77/result/filesystem/read	object	-
/rows/77/result/filesystem/read/check	object	-
/rows/77/result/filesystem/read/check/bytes	integer	67108864
/rows/77/result/filesystem/read/check/sha256	string	42ef3a50fe506ced865473b082c8b28f6ce254e6e2b01266b6a563531a6267bc
/rows/77/result/filesystem/read/python	string	3.14.7
/rows/77/result/filesystem/read/worker_ms	float	65.584251
/rows/77/result/filesystem/read/workload	string	read
/rows/77/result/filesystem/rg	object	-
/rows/77/result/filesystem/rg/check	object	-
/rows/77/result/filesystem/rg/check/matches	integer	2048
/rows/77/result/filesystem/rg/python	string	3.14.7
/rows/77/result/filesystem/rg/worker_ms	float	9.907932
/rows/77/result/filesystem/rg/workload	string	rg
/rows/77/result/filesystem/write	object	-
/rows/77/result/filesystem/write/check	object	-
/rows/77/result/filesystem/write/check/bytes	integer	16777216
/rows/77/result/filesystem/write/check/files	integer	256
/rows/77/result/filesystem/write/python	string	3.14.7
/rows/77/result/filesystem/write/worker_ms	float	4.494208
/rows/77/result/filesystem/write/workload	string	write
/rows/77/result/mode	string	filesystem
/rows/77/result/worker_ms	float	450.805188
/rows/77/result_ms	float	489.769625
/rows/77/trial	integer	15
/rows/77/variant	string	native
/rows/78	object	-
/rows/78/backend	string	pvisor-vm
/rows/78/completion_ms	float	5343.658335
/rows/78/correctness	string	passed
/rows/78/logs	string	/home/reiase/workspace/pvisor/target/p1-filesystem-final-full-20261005/baseline/trials/filesystem-pvisor-vm-015
/rows/78/memory_scope	string	owned launcher tree; Docker daemon/container RSS excluded
/rows/78/mode	string	filesystem
/rows/78/peak_tree_rss_kib	integer	828884
/rows/78/prepare_ms	float	37.555245
/rows/78/ready_ms	float	562.185348
/rows/78/result	object	-
/rows/78/result/correctness	string	passed
/rows/78/result/filesystem	object	-
/rows/78/result/filesystem/cargo	object	-
/rows/78/result/filesystem/cargo/check	object	-
/rows/78/result/filesystem/cargo/check/modules	integer	64
/rows/78/result/filesystem/cargo/check/result	string	2016
/rows/78/result/filesystem/cargo/python	string	3.14.7
/rows/78/result/filesystem/cargo/worker_ms	float	743.145761
/rows/78/result/filesystem/cargo/workload	string	cargo
/rows/78/result/filesystem/git	object	-
/rows/78/result/filesystem/git/check	object	-
/rows/78/result/filesystem/git/check/git_clean	boolean	true
/rows/78/result/filesystem/git/python	string	3.14.7
/rows/78/result/filesystem/git/worker_ms	float	769.486912
/rows/78/result/filesystem/git/workload	string	git
/rows/78/result/filesystem/metadata	object	-
/rows/78/result/filesystem/metadata/check	object	-
/rows/78/result/filesystem/metadata/check/bytes	integer	2095104
/rows/78/result/filesystem/metadata/check/files	integer	2048
/rows/78/result/filesystem/metadata/python	string	3.14.7
/rows/78/result/filesystem/metadata/worker_ms	float	231.020056
/rows/78/result/filesystem/metadata/workload	string	metadata
/rows/78/result/filesystem/npm	object	-
/rows/78/result/filesystem/npm/check	object	-
/rows/78/result/filesystem/npm/check/local_packages	integer	32
/rows/78/result/filesystem/npm/python	string	3.14.7
/rows/78/result/filesystem/npm/worker_ms	float	1516.594185
/rows/78/result/filesystem/npm/workload	string	npm
/rows/78/result/filesystem/read	object	-
/rows/78/result/filesystem/read/check	object	-
/rows/78/result/filesystem/read/check/bytes	integer	67108864
/rows/78/result/filesystem/read/check/sha256	string	42ef3a50fe506ced865473b082c8b28f6ce254e6e2b01266b6a563531a6267bc
/rows/78/result/filesystem/read/python	string	3.14.7
/rows/78/result/filesystem/read/worker_ms	float	116.319302
/rows/78/result/filesystem/read/workload	string	read
/rows/78/result/filesystem/rg	object	-
/rows/78/result/filesystem/rg/check	object	-
/rows/78/result/filesystem/rg/check/matches	integer	2048
/rows/78/result/filesystem/rg/python	string	3.14.7
/rows/78/result/filesystem/rg/worker_ms	float	414.77092
/rows/78/result/filesystem/rg/workload	string	rg
/rows/78/result/filesystem/write	object	-
/rows/78/result/filesystem/write/check	object	-
/rows/78/result/filesystem/write/check/bytes	integer	16777216
/rows/78/result/filesystem/write/check/files	integer	256
/rows/78/result/filesystem/write/python	string	3.14.7
/rows/78/result/filesystem/write/worker_ms	float	272.278541
/rows/78/result/filesystem/write/workload	string	write
/rows/78/result/mode	string	filesystem
/rows/78/result/worker_ms	float	4662.230493
/rows/78/result_ms	float	5225.064522
/rows/78/trial	integer	15
/rows/78/variant	string	baseline
/rows/79	object	-
/rows/79/backend	string	pvisor-vm
/rows/79/completion_ms	float	4943.995252
/rows/79/correctness	string	passed
/rows/79/logs	string	/home/reiase/workspace/pvisor/target/p1-filesystem-final-full-20261005/candidate/trials/filesystem-pvisor-vm-015
/rows/79/memory_scope	string	owned launcher tree; Docker daemon/container RSS excluded
/rows/79/mode	string	filesystem
/rows/79/peak_tree_rss_kib	integer	836480
/rows/79/prepare_ms	float	36.386585
/rows/79/ready_ms	float	561.876962
/rows/79/result	object	-
/rows/79/result/correctness	string	passed
/rows/79/result/filesystem	object	-
/rows/79/result/filesystem/cargo	object	-
/rows/79/result/filesystem/cargo/check	object	-
/rows/79/result/filesystem/cargo/check/modules	integer	64
/rows/79/result/filesystem/cargo/check/result	string	2016
/rows/79/result/filesystem/cargo/python	string	3.14.7
/rows/79/result/filesystem/cargo/worker_ms	float	665.465141
/rows/79/result/filesystem/cargo/workload	string	cargo
/rows/79/result/filesystem/git	object	-
/rows/79/result/filesystem/git/check	object	-
/rows/79/result/filesystem/git/check/git_clean	boolean	true
/rows/79/result/filesystem/git/python	string	3.14.7
/rows/79/result/filesystem/git/worker_ms	float	385.067567
/rows/79/result/filesystem/git/workload	string	git
/rows/79/result/filesystem/metadata	object	-
/rows/79/result/filesystem/metadata/check	object	-
/rows/79/result/filesystem/metadata/check/bytes	integer	2095104
/rows/79/result/filesystem/metadata/check/files	integer	2048
/rows/79/result/filesystem/metadata/python	string	3.14.7
/rows/79/result/filesystem/metadata/worker_ms	float	144.234278
/rows/79/result/filesystem/metadata/workload	string	metadata
/rows/79/result/filesystem/npm	object	-
/rows/79/result/filesystem/npm/check	object	-
/rows/79/result/filesystem/npm/check/local_packages	integer	32
/rows/79/result/filesystem/npm/python	string	3.14.7
/rows/79/result/filesystem/npm/worker_ms	float	1618.44914
/rows/79/result/filesystem/npm/workload	string	npm
/rows/79/result/filesystem/read	object	-
/rows/79/result/filesystem/read/check	object	-
/rows/79/result/filesystem/read/check/bytes	integer	67108864
/rows/79/result/filesystem/read/check/sha256	string	42ef3a50fe506ced865473b082c8b28f6ce254e6e2b01266b6a563531a6267bc
/rows/79/result/filesystem/read/python	string	3.14.7
/rows/79/result/filesystem/read/worker_ms	float	115.594677
/rows/79/result/filesystem/read/workload	string	read
/rows/79/result/filesystem/rg	object	-
/rows/79/result/filesystem/rg/check	object	-
/rows/79/result/filesystem/rg/check/matches	integer	2048
/rows/79/result/filesystem/rg/python	string	3.14.7
/rows/79/result/filesystem/rg/worker_ms	float	458.120107
/rows/79/result/filesystem/rg/workload	string	rg
/rows/79/result/filesystem/write	object	-
/rows/79/result/filesystem/write/check	object	-
/rows/79/result/filesystem/write/check/bytes	integer	16777216
/rows/79/result/filesystem/write/check/files	integer	256
/rows/79/result/filesystem/write/python	string	3.14.7
/rows/79/result/filesystem/write/worker_ms	float	268.049788
/rows/79/result/filesystem/write/workload	string	write
/rows/79/result/mode	string	filesystem
/rows/79/result/worker_ms	float	4277.438441
/rows/79/result_ms	float	4840.984064
/rows/79/trial	integer	15
/rows/79/variant	string	candidate
/rows/80	object	-
/rows/80/backend	string	pvisor-vm
/rows/80/completion_ms	float	4757.619306
/rows/80/correctness	string	passed
/rows/80/logs	string	/home/reiase/workspace/pvisor/target/p1-filesystem-final-full-20261005/candidate/trials/filesystem-pvisor-vm-016
/rows/80/memory_scope	string	owned launcher tree; Docker daemon/container RSS excluded
/rows/80/mode	string	filesystem
/rows/80/peak_tree_rss_kib	integer	831348
/rows/80/prepare_ms	float	37.003286
/rows/80/ready_ms	float	556.438712
/rows/80/result	object	-
/rows/80/result/correctness	string	passed
/rows/80/result/filesystem	object	-
/rows/80/result/filesystem/cargo	object	-
/rows/80/result/filesystem/cargo/check	object	-
/rows/80/result/filesystem/cargo/check/modules	integer	64
/rows/80/result/filesystem/cargo/check/result	string	2016
/rows/80/result/filesystem/cargo/python	string	3.14.7
/rows/80/result/filesystem/cargo/worker_ms	float	687.46561
/rows/80/result/filesystem/cargo/workload	string	cargo
/rows/80/result/filesystem/git	object	-
/rows/80/result/filesystem/git/check	object	-
/rows/80/result/filesystem/git/check/git_clean	boolean	true
/rows/80/result/filesystem/git/python	string	3.14.7
/rows/80/result/filesystem/git/worker_ms	float	385.552314
/rows/80/result/filesystem/git/workload	string	git
/rows/80/result/filesystem/metadata	object	-
/rows/80/result/filesystem/metadata/check	object	-
/rows/80/result/filesystem/metadata/check/bytes	integer	2095104
/rows/80/result/filesystem/metadata/check/files	integer	2048
/rows/80/result/filesystem/metadata/python	string	3.14.7
/rows/80/result/filesystem/metadata/worker_ms	float	182.337969
/rows/80/result/filesystem/metadata/workload	string	metadata
/rows/80/result/filesystem/npm	object	-
/rows/80/result/filesystem/npm/check	object	-
/rows/80/result/filesystem/npm/check/local_packages	integer	32
/rows/80/result/filesystem/npm/python	string	3.14.7
/rows/80/result/filesystem/npm/worker_ms	float	1456.271225
/rows/80/result/filesystem/npm/workload	string	npm
/rows/80/result/filesystem/read	object	-
/rows/80/result/filesystem/read/check	object	-
/rows/80/result/filesystem/read/check/bytes	integer	67108864
/rows/80/result/filesystem/read/check/sha256	string	42ef3a50fe506ced865473b082c8b28f6ce254e6e2b01266b6a563531a6267bc
/rows/80/result/filesystem/read/python	string	3.14.7
/rows/80/result/filesystem/read/worker_ms	float	117.094182
/rows/80/result/filesystem/read/workload	string	read
/rows/80/result/filesystem/rg	object	-
/rows/80/result/filesystem/rg/check	object	-
/rows/80/result/filesystem/rg/check/matches	integer	2048
/rows/80/result/filesystem/rg/python	string	3.14.7
/rows/80/result/filesystem/rg/worker_ms	float	455.579072
/rows/80/result/filesystem/rg/workload	string	rg
/rows/80/result/filesystem/write	object	-
/rows/80/result/filesystem/write/check	object	-
/rows/80/result/filesystem/write/check/bytes	integer	16777216
/rows/80/result/filesystem/write/check/files	integer	256
/rows/80/result/filesystem/write/python	string	3.14.7
/rows/80/result/filesystem/write/worker_ms	float	274.550653
/rows/80/result/filesystem/write/workload	string	write
/rows/80/result/mode	string	filesystem
/rows/80/result/worker_ms	float	4062.364755
/rows/80/result_ms	float	4619.407717
/rows/80/trial	integer	16
/rows/80/variant	string	candidate
/rows/81	object	-
/rows/81/backend	string	pvisor-staged
/rows/81/completion_ms	float	1350.217873
/rows/81/correctness	string	passed
/rows/81/logs	string	/home/reiase/workspace/pvisor/target/p1-filesystem-final-full-20261005/candidate/trials/filesystem-pvisor-staged-016
/rows/81/memory_scope	string	owned launcher tree; Docker daemon/container RSS excluded
/rows/81/mode	string	filesystem
/rows/81/peak_tree_rss_kib	integer	176796
/rows/81/prepare_ms	float	36.848668
/rows/81/ready_ms	float	60.842161
/rows/81/result	object	-
/rows/81/result/correctness	string	passed
/rows/81/result/filesystem	object	-
/rows/81/result/filesystem/cargo	object	-
/rows/81/result/filesystem/cargo/check	object	-
/rows/81/result/filesystem/cargo/check/modules	integer	64
/rows/81/result/filesystem/cargo/check/result	string	2016
/rows/81/result/filesystem/cargo/python	string	3.14.7
/rows/81/result/filesystem/cargo/worker_ms	float	131.589329
/rows/81/result/filesystem/cargo/workload	string	cargo
/rows/81/result/filesystem/git	object	-
/rows/81/result/filesystem/git/check	object	-
/rows/81/result/filesystem/git/check/git_clean	boolean	true
/rows/81/result/filesystem/git/python	string	3.14.7
/rows/81/result/filesystem/git/worker_ms	float	191.836669
/rows/81/result/filesystem/git/workload	string	git
/rows/81/result/filesystem/metadata	object	-
/rows/81/result/filesystem/metadata/check	object	-
/rows/81/result/filesystem/metadata/check/bytes	integer	2095104
/rows/81/result/filesystem/metadata/check/files	integer	2048
/rows/81/result/filesystem/metadata/python	string	3.14.7
/rows/81/result/filesystem/metadata/worker_ms	float	76.511416
/rows/81/result/filesystem/metadata/workload	string	metadata
/rows/81/result/filesystem/npm	object	-
/rows/81/result/filesystem/npm/check	object	-
/rows/81/result/filesystem/npm/check/local_packages	integer	32
/rows/81/result/filesystem/npm/python	string	3.14.7
/rows/81/result/filesystem/npm/worker_ms	float	275.849888
/rows/81/result/filesystem/npm/workload	string	npm
/rows/81/result/filesystem/read	object	-
/rows/81/result/filesystem/read/check	object	-
/rows/81/result/filesystem/read/check/bytes	integer	67108864
/rows/81/result/filesystem/read/check/sha256	string	42ef3a50fe506ced865473b082c8b28f6ce254e6e2b01266b6a563531a6267bc
/rows/81/result/filesystem/read/python	string	3.14.7
/rows/81/result/filesystem/read/worker_ms	float	86.428468
/rows/81/result/filesystem/read/workload	string	read
/rows/81/result/filesystem/rg	object	-
/rows/81/result/filesystem/rg/check	object	-
/rows/81/result/filesystem/rg/check/matches	integer	2048
/rows/81/result/filesystem/rg/python	string	3.14.7
/rows/81/result/filesystem/rg/worker_ms	float	87.395972
/rows/81/result/filesystem/rg/workload	string	rg
/rows/81/result/filesystem/write	object	-
/rows/81/result/filesystem/write/check	object	-
/rows/81/result/filesystem/write/check/bytes	integer	16777216
/rows/81/result/filesystem/write/check/files	integer	256
/rows/81/result/filesystem/write/python	string	3.14.7
/rows/81/result/filesystem/write/worker_ms	float	199.894208
/rows/81/result/filesystem/write/workload	string	write
/rows/81/result/mode	string	filesystem
/rows/81/result/worker_ms	float	1174.620203
/rows/81/result_ms	float	1235.534269
/rows/81/trial	integer	16
/rows/81/variant	string	candidate
/rows/82	object	-
/rows/82/backend	string	native
/rows/82/completion_ms	float	477.527545
/rows/82/correctness	string	passed
/rows/82/logs	string	/home/reiase/workspace/pvisor/target/p1-filesystem-final-full-20261005/native/trials/filesystem-native-016
/rows/82/memory_scope	string	owned launcher tree; Docker daemon/container RSS excluded
/rows/82/mode	string	filesystem
/rows/82/peak_tree_rss_kib	integer	138292
/rows/82/prepare_ms	float	36.909641
/rows/82/ready_ms	float	38.733856
/rows/82/result	object	-
/rows/82/result/correctness	string	passed
/rows/82/result/filesystem	object	-
/rows/82/result/filesystem/cargo	object	-
/rows/82/result/filesystem/cargo/check	object	-
/rows/82/result/filesystem/cargo/check/modules	integer	64
/rows/82/result/filesystem/cargo/check/result	string	2016
/rows/82/result/filesystem/cargo/python	string	3.14.7
/rows/82/result/filesystem/cargo/worker_ms	float	54.722419
/rows/82/result/filesystem/cargo/workload	string	cargo
/rows/82/result/filesystem/git	object	-
/rows/82/result/filesystem/git/check	object	-
/rows/82/result/filesystem/git/check/git_clean	boolean	true
/rows/82/result/filesystem/git/python	string	3.14.7
/rows/82/result/filesystem/git/worker_ms	float	15.446861
/rows/82/result/filesystem/git/workload	string	git
/rows/82/result/filesystem/metadata	object	-
/rows/82/result/filesystem/metadata/check	object	-
/rows/82/result/filesystem/metadata/check/bytes	integer	2095104
/rows/82/result/filesystem/metadata/check/files	integer	2048
/rows/82/result/filesystem/metadata/python	string	3.14.7
/rows/82/result/filesystem/metadata/worker_ms	float	4.947695
/rows/82/result/filesystem/metadata/workload	string	metadata
/rows/82/result/filesystem/npm	object	-
/rows/82/result/filesystem/npm/check	object	-
/rows/82/result/filesystem/npm/check/local_packages	integer	32
/rows/82/result/filesystem/npm/python	string	3.14.7
/rows/82/result/filesystem/npm/worker_ms	float	175.459181
/rows/82/result/filesystem/npm/workload	string	npm
/rows/82/result/filesystem/read	object	-
/rows/82/result/filesystem/read/check	object	-
/rows/82/result/filesystem/read/check/bytes	integer	67108864
/rows/82/result/filesystem/read/check/sha256	string	42ef3a50fe506ced865473b082c8b28f6ce254e6e2b01266b6a563531a6267bc
/rows/82/result/filesystem/read/python	string	3.14.7
/rows/82/result/filesystem/read/worker_ms	float	51.25717
/rows/82/result/filesystem/read/workload	string	read
/rows/82/result/filesystem/rg	object	-
/rows/82/result/filesystem/rg/check	object	-
/rows/82/result/filesystem/rg/check/matches	integer	2048
/rows/82/result/filesystem/rg/python	string	3.14.7
/rows/82/result/filesystem/rg/worker_ms	float	7.621345
/rows/82/result/filesystem/rg/workload	string	rg
/rows/82/result/filesystem/write	object	-
/rows/82/result/filesystem/write/check	object	-
/rows/82/result/filesystem/write/check/bytes	integer	16777216
/rows/82/result/filesystem/write/check/files	integer	256
/rows/82/result/filesystem/write/python	string	3.14.7
/rows/82/result/filesystem/write/worker_ms	float	3.968527
/rows/82/result/filesystem/write/workload	string	write
/rows/82/result/mode	string	filesystem
/rows/82/result/worker_ms	float	430.52194
/rows/82/result_ms	float	469.303305
/rows/82/trial	integer	16
/rows/82/variant	string	native
/rows/83	object	-
/rows/83/backend	string	pvisor-vm
/rows/83/completion_ms	float	5480.879204
/rows/83/correctness	string	passed
/rows/83/logs	string	/home/reiase/workspace/pvisor/target/p1-filesystem-final-full-20261005/baseline/trials/filesystem-pvisor-vm-016
/rows/83/memory_scope	string	owned launcher tree; Docker daemon/container RSS excluded
/rows/83/mode	string	filesystem
/rows/83/peak_tree_rss_kib	integer	830564
/rows/83/prepare_ms	float	38.129247
/rows/83/ready_ms	float	582.710797
/rows/83/result	object	-
/rows/83/result/correctness	string	passed
/rows/83/result/filesystem	object	-
/rows/83/result/filesystem/cargo	object	-
/rows/83/result/filesystem/cargo/check	object	-
/rows/83/result/filesystem/cargo/check/modules	integer	64
/rows/83/result/filesystem/cargo/check/result	string	2016
/rows/83/result/filesystem/cargo/python	string	3.14.7
/rows/83/result/filesystem/cargo/worker_ms	float	738.089529
/rows/83/result/filesystem/cargo/workload	string	cargo
/rows/83/result/filesystem/git	object	-
/rows/83/result/filesystem/git/check	object	-
/rows/83/result/filesystem/git/check/git_clean	boolean	true
/rows/83/result/filesystem/git/python	string	3.14.7
/rows/83/result/filesystem/git/worker_ms	float	778.60299
/rows/83/result/filesystem/git/workload	string	git
/rows/83/result/filesystem/metadata	object	-
/rows/83/result/filesystem/metadata/check	object	-
/rows/83/result/filesystem/metadata/check/bytes	integer	2095104
/rows/83/result/filesystem/metadata/check/files	integer	2048
/rows/83/result/filesystem/metadata/python	string	3.14.7
/rows/83/result/filesystem/metadata/worker_ms	float	225.56048
/rows/83/result/filesystem/metadata/workload	string	metadata
/rows/83/result/filesystem/npm	object	-
/rows/83/result/filesystem/npm/check	object	-
/rows/83/result/filesystem/npm/check/local_packages	integer	32
/rows/83/result/filesystem/npm/python	string	3.14.7
/rows/83/result/filesystem/npm/worker_ms	float	1576.78152
/rows/83/result/filesystem/npm/workload	string	npm
/rows/83/result/filesystem/read	object	-
/rows/83/result/filesystem/read/check	object	-
/rows/83/result/filesystem/read/check/bytes	integer	67108864
/rows/83/result/filesystem/read/check/sha256	string	42ef3a50fe506ced865473b082c8b28f6ce254e6e2b01266b6a563531a6267bc
/rows/83/result/filesystem/read/python	string	3.14.7
/rows/83/result/filesystem/read/worker_ms	float	137.5235
/rows/83/result/filesystem/read/workload	string	read
/rows/83/result/filesystem/rg	object	-
/rows/83/result/filesystem/rg/check	object	-
/rows/83/result/filesystem/rg/check/matches	integer	2048
/rows/83/result/filesystem/rg/python	string	3.14.7
/rows/83/result/filesystem/rg/worker_ms	float	415.603077
/rows/83/result/filesystem/rg/workload	string	rg
/rows/83/result/filesystem/write	object	-
/rows/83/result/filesystem/write/check	object	-
/rows/83/result/filesystem/write/check/bytes	integer	16777216
/rows/83/result/filesystem/write/check/files	integer	256
/rows/83/result/filesystem/write/python	string	3.14.7
/rows/83/result/filesystem/write/worker_ms	float	272.303358
/rows/83/result/filesystem/write/workload	string	write
/rows/83/result/mode	string	filesystem
/rows/83/result/worker_ms	float	4758.440295
/rows/83/result_ms	float	5341.823791
/rows/83/trial	integer	16
/rows/83/variant	string	baseline
/rows/84	object	-
/rows/84/backend	string	pvisor-staged
/rows/84/completion_ms	float	1370.005225
/rows/84/correctness	string	passed
/rows/84/logs	string	/home/reiase/workspace/pvisor/target/p1-filesystem-final-full-20261005/baseline/trials/filesystem-pvisor-staged-016
/rows/84/memory_scope	string	owned launcher tree; Docker daemon/container RSS excluded
/rows/84/mode	string	filesystem
/rows/84/peak_tree_rss_kib	integer	177572
/rows/84/prepare_ms	float	38.801272
/rows/84/ready_ms	float	60.16684
/rows/84/result	object	-
/rows/84/result/correctness	string	passed
/rows/84/result/filesystem	object	-
/rows/84/result/filesystem/cargo	object	-
/rows/84/result/filesystem/cargo/check	object	-
/rows/84/result/filesystem/cargo/check/modules	integer	64
/rows/84/result/filesystem/cargo/check/result	string	2016
/rows/84/result/filesystem/cargo/python	string	3.14.7
/rows/84/result/filesystem/cargo/worker_ms	float	121.914832
/rows/84/result/filesystem/cargo/workload	string	cargo
/rows/84/result/filesystem/git	object	-
/rows/84/result/filesystem/git/check	object	-
/rows/84/result/filesystem/git/check/git_clean	boolean	true
/rows/84/result/filesystem/git/python	string	3.14.7
/rows/84/result/filesystem/git/worker_ms	float	227.623314
/rows/84/result/filesystem/git/workload	string	git
/rows/84/result/filesystem/metadata	object	-
/rows/84/result/filesystem/metadata/check	object	-
/rows/84/result/filesystem/metadata/check/bytes	integer	2095104
/rows/84/result/filesystem/metadata/check/files	integer	2048
/rows/84/result/filesystem/metadata/python	string	3.14.7
/rows/84/result/filesystem/metadata/worker_ms	float	78.276902
/rows/84/result/filesystem/metadata/workload	string	metadata
/rows/84/result/filesystem/npm	object	-
/rows/84/result/filesystem/npm/check	object	-
/rows/84/result/filesystem/npm/check/local_packages	integer	32
/rows/84/result/filesystem/npm/python	string	3.14.7
/rows/84/result/filesystem/npm/worker_ms	float	264.472232
/rows/84/result/filesystem/npm/workload	string	npm
/rows/84/result/filesystem/read	object	-
/rows/84/result/filesystem/read/check	object	-
/rows/84/result/filesystem/read/check/bytes	integer	67108864
/rows/84/result/filesystem/read/check/sha256	string	42ef3a50fe506ced865473b082c8b28f6ce254e6e2b01266b6a563531a6267bc
/rows/84/result/filesystem/read/python	string	3.14.7
/rows/84/result/filesystem/read/worker_ms	float	81.946661
/rows/84/result/filesystem/read/workload	string	read
/rows/84/result/filesystem/rg	object	-
/rows/84/result/filesystem/rg/check	object	-
/rows/84/result/filesystem/rg/check/matches	integer	2048
/rows/84/result/filesystem/rg/python	string	3.14.7
/rows/84/result/filesystem/rg/worker_ms	float	90.364694
/rows/84/result/filesystem/rg/workload	string	rg
/rows/84/result/filesystem/write	object	-
/rows/84/result/filesystem/write/check	object	-
/rows/84/result/filesystem/write/check/bytes	integer	16777216
/rows/84/result/filesystem/write/check/files	integer	256
/rows/84/result/filesystem/write/python	string	3.14.7
/rows/84/result/filesystem/write/worker_ms	float	201.914699
/rows/84/result/filesystem/write/workload	string	write
/rows/84/result/mode	string	filesystem
/rows/84/result/worker_ms	float	1192.239289
/rows/84/result_ms	float	1252.508009
/rows/84/trial	integer	16
/rows/84/variant	string	baseline
/rows/85	object	-
/rows/85/backend	string	pvisor-vm
/rows/85/completion_ms	float	5193.232658
/rows/85/correctness	string	passed
/rows/85/logs	string	/home/reiase/workspace/pvisor/target/p1-filesystem-final-full-20261005/baseline/trials/filesystem-pvisor-vm-017
/rows/85/memory_scope	string	owned launcher tree; Docker daemon/container RSS excluded
/rows/85/mode	string	filesystem
/rows/85/peak_tree_rss_kib	integer	829980
/rows/85/prepare_ms	float	37.216003
/rows/85/ready_ms	float	566.306198
/rows/85/result	object	-
/rows/85/result/correctness	string	passed
/rows/85/result/filesystem	object	-
/rows/85/result/filesystem/cargo	object	-
/rows/85/result/filesystem/cargo/check	object	-
/rows/85/result/filesystem/cargo/check/modules	integer	64
/rows/85/result/filesystem/cargo/check/result	string	2016
/rows/85/result/filesystem/cargo/python	string	3.14.7
/rows/85/result/filesystem/cargo/worker_ms	float	625.757128
/rows/85/result/filesystem/cargo/workload	string	cargo
/rows/85/result/filesystem/git	object	-
/rows/85/result/filesystem/git/check	object	-
/rows/85/result/filesystem/git/check/git_clean	boolean	true
/rows/85/result/filesystem/git/python	string	3.14.7
/rows/85/result/filesystem/git/worker_ms	float	511.166069
/rows/85/result/filesystem/git/workload	string	git
/rows/85/result/filesystem/metadata	object	-
/rows/85/result/filesystem/metadata/check	object	-
/rows/85/result/filesystem/metadata/check/bytes	integer	2095104
/rows/85/result/filesystem/metadata/check/files	integer	2048
/rows/85/result/filesystem/metadata/python	string	3.14.7
/rows/85/result/filesystem/metadata/worker_ms	float	217.322334
/rows/85/result/filesystem/metadata/workload	string	metadata
/rows/85/result/filesystem/npm	object	-
/rows/85/result/filesystem/npm/check	object	-
/rows/85/result/filesystem/npm/check/local_packages	integer	32
/rows/85/result/filesystem/npm/python	string	3.14.7
/rows/85/result/filesystem/npm/worker_ms	float	1595.427452
/rows/85/result/filesystem/npm/workload	string	npm
/rows/85/result/filesystem/read	object	-
/rows/85/result/filesystem/read/check	object	-
/rows/85/result/filesystem/read/check/bytes	integer	67108864
/rows/85/result/filesystem/read/check/sha256	string	42ef3a50fe506ced865473b082c8b28f6ce254e6e2b01266b6a563531a6267bc
/rows/85/result/filesystem/read/python	string	3.14.7
/rows/85/result/filesystem/read/worker_ms	float	115.476966
/rows/85/result/filesystem/read/workload	string	read
/rows/85/result/filesystem/rg	object	-
/rows/85/result/filesystem/rg/check	object	-
/rows/85/result/filesystem/rg/check/matches	integer	2048
/rows/85/result/filesystem/rg/python	string	3.14.7
/rows/85/result/filesystem/rg/worker_ms	float	455.237272
/rows/85/result/filesystem/rg/workload	string	rg
/rows/85/result/filesystem/write	object	-
/rows/85/result/filesystem/write/check	object	-
/rows/85/result/filesystem/write/check/bytes	integer	16777216
/rows/85/result/filesystem/write/check/files	integer	256
/rows/85/result/filesystem/write/python	string	3.14.7
/rows/85/result/filesystem/write/worker_ms	float	260.514708
/rows/85/result/filesystem/write/workload	string	write
/rows/85/result/mode	string	filesystem
/rows/85/result/worker_ms	float	4500.760252
/rows/85/result_ms	float	5067.921247
/rows/85/trial	integer	17
/rows/85/variant	string	baseline
/rows/86	object	-
/rows/86/backend	string	pvisor-vm
/rows/86/completion_ms	float	4915.997745
/rows/86/correctness	string	passed
/rows/86/logs	string	/home/reiase/workspace/pvisor/target/p1-filesystem-final-full-20261005/candidate/trials/filesystem-pvisor-vm-017
/rows/86/memory_scope	string	owned launcher tree; Docker daemon/container RSS excluded
/rows/86/mode	string	filesystem
/rows/86/peak_tree_rss_kib	integer	842704
/rows/86/prepare_ms	float	37.104294
/rows/86/ready_ms	float	566.214918
/rows/86/result	object	-
/rows/86/result/correctness	string	passed
/rows/86/result/filesystem	object	-
/rows/86/result/filesystem/cargo	object	-
/rows/86/result/filesystem/cargo/check	object	-
/rows/86/result/filesystem/cargo/check/modules	integer	64
/rows/86/result/filesystem/cargo/check/result	string	2016
/rows/86/result/filesystem/cargo/python	string	3.14.7
/rows/86/result/filesystem/cargo/worker_ms	float	751.74944
/rows/86/result/filesystem/cargo/workload	string	cargo
/rows/86/result/filesystem/git	object	-
/rows/86/result/filesystem/git/check	object	-
/rows/86/result/filesystem/git/check/git_clean	boolean	true
/rows/86/result/filesystem/git/python	string	3.14.7
/rows/86/result/filesystem/git/worker_ms	float	372.603844
/rows/86/result/filesystem/git/workload	string	git
/rows/86/result/filesystem/metadata	object	-
/rows/86/result/filesystem/metadata/check	object	-
/rows/86/result/filesystem/metadata/check/bytes	integer	2095104
/rows/86/result/filesystem/metadata/check/files	integer	2048
/rows/86/result/filesystem/metadata/python	string	3.14.7
/rows/86/result/filesystem/metadata/worker_ms	float	187.801363
/rows/86/result/filesystem/metadata/workload	string	metadata
/rows/86/result/filesystem/npm	object	-
/rows/86/result/filesystem/npm/check	object	-
/rows/86/result/filesystem/npm/check/local_packages	integer	32
/rows/86/result/filesystem/npm/python	string	3.14.7
/rows/86/result/filesystem/npm/worker_ms	float	1589.345311
/rows/86/result/filesystem/npm/workload	string	npm
/rows/86/result/filesystem/read	object	-
/rows/86/result/filesystem/read/check	object	-
/rows/86/result/filesystem/read/check/bytes	integer	67108864
/rows/86/result/filesystem/read/check/sha256	string	42ef3a50fe506ced865473b082c8b28f6ce254e6e2b01266b6a563531a6267bc
/rows/86/result/filesystem/read/python	string	3.14.7
/rows/86/result/filesystem/read/worker_ms	float	162.602139
/rows/86/result/filesystem/read/workload	string	read
/rows/86/result/filesystem/rg	object	-
/rows/86/result/filesystem/rg/check	object	-
/rows/86/result/filesystem/rg/check/matches	integer	2048
/rows/86/result/filesystem/rg/python	string	3.14.7
/rows/86/result/filesystem/rg/worker_ms	float	457.851514
/rows/86/result/filesystem/rg/workload	string	rg
/rows/86/result/filesystem/write	object	-
/rows/86/result/filesystem/write/check	object	-
/rows/86/result/filesystem/write/check/bytes	integer	16777216
/rows/86/result/filesystem/write/check/files	integer	256
/rows/86/result/filesystem/write/python	string	3.14.7
/rows/86/result/filesystem/write/worker_ms	float	198.331067
/rows/86/result/filesystem/write/workload	string	write
/rows/86/result/mode	string	filesystem
/rows/86/result/worker_ms	float	4205.272731
/rows/86/result_ms	float	4772.151649
/rows/86/trial	integer	17
/rows/86/variant	string	candidate
/rows/87	object	-
/rows/87/backend	string	native
/rows/87/completion_ms	float	468.687335
/rows/87/correctness	string	passed
/rows/87/logs	string	/home/reiase/workspace/pvisor/target/p1-filesystem-final-full-20261005/native/trials/filesystem-native-017
/rows/87/memory_scope	string	owned launcher tree; Docker daemon/container RSS excluded
/rows/87/mode	string	filesystem
/rows/87/peak_tree_rss_kib	integer	147880
/rows/87/prepare_ms	float	37.329064
/rows/87/ready_ms	float	40.591212
/rows/87/result	object	-
/rows/87/result/correctness	string	passed
/rows/87/result/filesystem	object	-
/rows/87/result/filesystem/cargo	object	-
/rows/87/result/filesystem/cargo/check	object	-
/rows/87/result/filesystem/cargo/check/modules	integer	64
/rows/87/result/filesystem/cargo/check/result	string	2016
/rows/87/result/filesystem/cargo/python	string	3.14.7
/rows/87/result/filesystem/cargo/worker_ms	float	56.660095
/rows/87/result/filesystem/cargo/workload	string	cargo
/rows/87/result/filesystem/git	object	-
/rows/87/result/filesystem/git/check	object	-
/rows/87/result/filesystem/git/check/git_clean	boolean	true
/rows/87/result/filesystem/git/python	string	3.14.7
/rows/87/result/filesystem/git/worker_ms	float	15.928501
/rows/87/result/filesystem/git/workload	string	git
/rows/87/result/filesystem/metadata	object	-
/rows/87/result/filesystem/metadata/check	object	-
/rows/87/result/filesystem/metadata/check/bytes	integer	2095104
/rows/87/result/filesystem/metadata/check/files	integer	2048
/rows/87/result/filesystem/metadata/python	string	3.14.7
/rows/87/result/filesystem/metadata/worker_ms	float	5.253456
/rows/87/result/filesystem/metadata/workload	string	metadata
/rows/87/result/filesystem/npm	object	-
/rows/87/result/filesystem/npm/check	object	-
/rows/87/result/filesystem/npm/check/local_packages	integer	32
/rows/87/result/filesystem/npm/python	string	3.14.7
/rows/87/result/filesystem/npm/worker_ms	float	173.559185
/rows/87/result/filesystem/npm/workload	string	npm
/rows/87/result/filesystem/read	object	-
/rows/87/result/filesystem/read/check	object	-
/rows/87/result/filesystem/read/check/bytes	integer	67108864
/rows/87/result/filesystem/read/check/sha256	string	42ef3a50fe506ced865473b082c8b28f6ce254e6e2b01266b6a563531a6267bc
/rows/87/result/filesystem/read/python	string	3.14.7
/rows/87/result/filesystem/read/worker_ms	float	38.926134
/rows/87/result/filesystem/read/workload	string	read
/rows/87/result/filesystem/rg	object	-
/rows/87/result/filesystem/rg/check	object	-
/rows/87/result/filesystem/rg/check/matches	integer	2048
/rows/87/result/filesystem/rg/python	string	3.14.7
/rows/87/result/filesystem/rg/worker_ms	float	8.039536
/rows/87/result/filesystem/rg/workload	string	rg
/rows/87/result/filesystem/write	object	-
/rows/87/result/filesystem/write/check	object	-
/rows/87/result/filesystem/write/check/bytes	integer	16777216
/rows/87/result/filesystem/write/check/files	integer	256
/rows/87/result/filesystem/write/python	string	3.14.7
/rows/87/result/filesystem/write/worker_ms	float	3.773042
/rows/87/result/filesystem/write/workload	string	write
/rows/87/result/mode	string	filesystem
/rows/87/result/worker_ms	float	420.210755
/rows/87/result_ms	float	460.861658
/rows/87/trial	integer	17
/rows/87/variant	string	native
/rows/88	object	-
/rows/88/backend	string	pvisor-staged
/rows/88/completion_ms	float	1344.625866
/rows/88/correctness	string	passed
/rows/88/logs	string	/home/reiase/workspace/pvisor/target/p1-filesystem-final-full-20261005/baseline/trials/filesystem-pvisor-staged-017
/rows/88/memory_scope	string	owned launcher tree; Docker daemon/container RSS excluded
/rows/88/mode	string	filesystem
/rows/88/peak_tree_rss_kib	integer	176372
/rows/88/prepare_ms	float	37.014788
/rows/88/ready_ms	float	62.383658
/rows/88/result	object	-
/rows/88/result/correctness	string	passed
/rows/88/result/filesystem	object	-
/rows/88/result/filesystem/cargo	object	-
/rows/88/result/filesystem/cargo/check	object	-
/rows/88/result/filesystem/cargo/check/modules	integer	64
/rows/88/result/filesystem/cargo/check/result	string	2016
/rows/88/result/filesystem/cargo/python	string	3.14.7
/rows/88/result/filesystem/cargo/worker_ms	float	121.577171
/rows/88/result/filesystem/cargo/workload	string	cargo
/rows/88/result/filesystem/git	object	-
/rows/88/result/filesystem/git/check	object	-
/rows/88/result/filesystem/git/check/git_clean	boolean	true
/rows/88/result/filesystem/git/python	string	3.14.7
/rows/88/result/filesystem/git/worker_ms	float	184.521305
/rows/88/result/filesystem/git/workload	string	git
/rows/88/result/filesystem/metadata	object	-
/rows/88/result/filesystem/metadata/check	object	-
/rows/88/result/filesystem/metadata/check/bytes	integer	2095104
/rows/88/result/filesystem/metadata/check/files	integer	2048
/rows/88/result/filesystem/metadata/python	string	3.14.7
/rows/88/result/filesystem/metadata/worker_ms	float	78.515197
/rows/88/result/filesystem/metadata/workload	string	metadata
/rows/88/result/filesystem/npm	object	-
/rows/88/result/filesystem/npm/check	object	-
/rows/88/result/filesystem/npm/check/local_packages	integer	32
/rows/88/result/filesystem/npm/python	string	3.14.7
/rows/88/result/filesystem/npm/worker_ms	float	283.159431
/rows/88/result/filesystem/npm/workload	string	npm
/rows/88/result/filesystem/read	object	-
/rows/88/result/filesystem/read/check	object	-
/rows/88/result/filesystem/read/check/bytes	integer	67108864
/rows/88/result/filesystem/read/check/sha256	string	42ef3a50fe506ced865473b082c8b28f6ce254e6e2b01266b6a563531a6267bc
/rows/88/result/filesystem/read/python	string	3.14.7
/rows/88/result/filesystem/read/worker_ms	float	67.369554
/rows/88/result/filesystem/read/workload	string	read
/rows/88/result/filesystem/rg	object	-
/rows/88/result/filesystem/rg/check	object	-
/rows/88/result/filesystem/rg/check/matches	integer	2048
/rows/88/result/filesystem/rg/python	string	3.14.7
/rows/88/result/filesystem/rg/worker_ms	float	91.371904
/rows/88/result/filesystem/rg/workload	string	rg
/rows/88/result/filesystem/write	object	-
/rows/88/result/filesystem/write/check	object	-
/rows/88/result/filesystem/write/check/bytes	integer	16777216
/rows/88/result/filesystem/write/check/files	integer	256
/rows/88/result/filesystem/write/python	string	3.14.7
/rows/88/result/filesystem/write/worker_ms	float	201.948302
/rows/88/result/filesystem/write/workload	string	write
/rows/88/result/mode	string	filesystem
/rows/88/result/worker_ms	float	1155.802059
/rows/88/result_ms	float	1218.238897
/rows/88/trial	integer	17
/rows/88/variant	string	baseline
/rows/89	object	-
/rows/89/backend	string	pvisor-staged
/rows/89/completion_ms	float	1349.688435
/rows/89/correctness	string	passed
/rows/89/logs	string	/home/reiase/workspace/pvisor/target/p1-filesystem-final-full-20261005/candidate/trials/filesystem-pvisor-staged-017
/rows/89/memory_scope	string	owned launcher tree; Docker daemon/container RSS excluded
/rows/89/mode	string	filesystem
/rows/89/peak_tree_rss_kib	integer	177044
/rows/89/prepare_ms	float	36.91405
/rows/89/ready_ms	float	61.760414
/rows/89/result	object	-
/rows/89/result/correctness	string	passed
/rows/89/result/filesystem	object	-
/rows/89/result/filesystem/cargo	object	-
/rows/89/result/filesystem/cargo/check	object	-
/rows/89/result/filesystem/cargo/check/modules	integer	64
/rows/89/result/filesystem/cargo/check/result	string	2016
/rows/89/result/filesystem/cargo/python	string	3.14.7
/rows/89/result/filesystem/cargo/worker_ms	float	117.822684
/rows/89/result/filesystem/cargo/workload	string	cargo
/rows/89/result/filesystem/git	object	-
/rows/89/result/filesystem/git/check	object	-
/rows/89/result/filesystem/git/check/git_clean	boolean	true
/rows/89/result/filesystem/git/python	string	3.14.7
/rows/89/result/filesystem/git/worker_ms	float	176.240359
/rows/89/result/filesystem/git/workload	string	git
/rows/89/result/filesystem/metadata	object	-
/rows/89/result/filesystem/metadata/check	object	-
/rows/89/result/filesystem/metadata/check/bytes	integer	2095104
/rows/89/result/filesystem/metadata/check/files	integer	2048
/rows/89/result/filesystem/metadata/python	string	3.14.7
/rows/89/result/filesystem/metadata/worker_ms	float	79.53475
/rows/89/result/filesystem/metadata/workload	string	metadata
/rows/89/result/filesystem/npm	object	-
/rows/89/result/filesystem/npm/check	object	-
/rows/89/result/filesystem/npm/check/local_packages	integer	32
/rows/89/result/filesystem/npm/python	string	3.14.7
/rows/89/result/filesystem/npm/worker_ms	float	273.371553
/rows/89/result/filesystem/npm/workload	string	npm
/rows/89/result/filesystem/read	object	-
/rows/89/result/filesystem/read/check	object	-
/rows/89/result/filesystem/read/check/bytes	integer	67108864
/rows/89/result/filesystem/read/check/sha256	string	42ef3a50fe506ced865473b082c8b28f6ce254e6e2b01266b6a563531a6267bc
/rows/89/result/filesystem/read/python	string	3.14.7
/rows/89/result/filesystem/read/worker_ms	float	80.612502
/rows/89/result/filesystem/read/workload	string	read
/rows/89/result/filesystem/rg	object	-
/rows/89/result/filesystem/rg/check	object	-
/rows/89/result/filesystem/rg/check/matches	integer	2048
/rows/89/result/filesystem/rg/python	string	3.14.7
/rows/89/result/filesystem/rg/worker_ms	float	91.15026
/rows/89/result/filesystem/rg/workload	string	rg
/rows/89/result/filesystem/write	object	-
/rows/89/result/filesystem/write/check	object	-
/rows/89/result/filesystem/write/check/bytes	integer	16777216
/rows/89/result/filesystem/write/check/files	integer	256
/rows/89/result/filesystem/write/python	string	3.14.7
/rows/89/result/filesystem/write/worker_ms	float	210.772532
/rows/89/result/filesystem/write/workload	string	write
/rows/89/result/mode	string	filesystem
/rows/89/result/worker_ms	float	1156.694075
/rows/89/result_ms	float	1218.500525
/rows/89/trial	integer	17
/rows/89/variant	string	candidate
/rows/90	object	-
/rows/90/backend	string	native
/rows/90/completion_ms	float	462.624268
/rows/90/correctness	string	passed
/rows/90/logs	string	/home/reiase/workspace/pvisor/target/p1-filesystem-final-full-20261005/native/trials/filesystem-native-018
/rows/90/memory_scope	string	owned launcher tree; Docker daemon/container RSS excluded
/rows/90/mode	string	filesystem
/rows/90/peak_tree_rss_kib	integer	135468
/rows/90/prepare_ms	float	38.006358
/rows/90/ready_ms	float	39.023646
/rows/90/result	object	-
/rows/90/result/correctness	string	passed
/rows/90/result/filesystem	object	-
/rows/90/result/filesystem/cargo	object	-
/rows/90/result/filesystem/cargo/check	object	-
/rows/90/result/filesystem/cargo/check/modules	integer	64
/rows/90/result/filesystem/cargo/check/result	string	2016
/rows/90/result/filesystem/cargo/python	string	3.14.7
/rows/90/result/filesystem/cargo/worker_ms	float	54.373406
/rows/90/result/filesystem/cargo/workload	string	cargo
/rows/90/result/filesystem/git	object	-
/rows/90/result/filesystem/git/check	object	-
/rows/90/result/filesystem/git/check/git_clean	boolean	true
/rows/90/result/filesystem/git/python	string	3.14.7
/rows/90/result/filesystem/git/worker_ms	float	15.534475
/rows/90/result/filesystem/git/workload	string	git
/rows/90/result/filesystem/metadata	object	-
/rows/90/result/filesystem/metadata/check	object	-
/rows/90/result/filesystem/metadata/check/bytes	integer	2095104
/rows/90/result/filesystem/metadata/check/files	integer	2048
/rows/90/result/filesystem/metadata/python	string	3.14.7
/rows/90/result/filesystem/metadata/worker_ms	float	4.881702
/rows/90/result/filesystem/metadata/workload	string	metadata
/rows/90/result/filesystem/npm	object	-
/rows/90/result/filesystem/npm/check	object	-
/rows/90/result/filesystem/npm/check/local_packages	integer	32
/rows/90/result/filesystem/npm/python	string	3.14.7
/rows/90/result/filesystem/npm/worker_ms	float	175.697766
/rows/90/result/filesystem/npm/workload	string	npm
/rows/90/result/filesystem/read	object	-
/rows/90/result/filesystem/read/check	object	-
/rows/90/result/filesystem/read/check/bytes	integer	67108864
/rows/90/result/filesystem/read/check/sha256	string	42ef3a50fe506ced865473b082c8b28f6ce254e6e2b01266b6a563531a6267bc
/rows/90/result/filesystem/read/python	string	3.14.7
/rows/90/result/filesystem/read/worker_ms	float	32.120793
/rows/90/result/filesystem/read/workload	string	read
/rows/90/result/filesystem/rg	object	-
/rows/90/result/filesystem/rg/check	object	-
/rows/90/result/filesystem/rg/check/matches	integer	2048
/rows/90/result/filesystem/rg/python	string	3.14.7
/rows/90/result/filesystem/rg/worker_ms	float	8.144281
/rows/90/result/filesystem/rg/workload	string	rg
/rows/90/result/filesystem/write	object	-
/rows/90/result/filesystem/write/check	object	-
/rows/90/result/filesystem/write/check/bytes	integer	16777216
/rows/90/result/filesystem/write/check/files	integer	256
/rows/90/result/filesystem/write/python	string	3.14.7
/rows/90/result/filesystem/write/worker_ms	float	4.160085
/rows/90/result/filesystem/write/workload	string	write
/rows/90/result/mode	string	filesystem
/rows/90/result/worker_ms	float	415.441773
/rows/90/result_ms	float	454.540861
/rows/90/trial	integer	18
/rows/90/variant	string	native
/rows/91	object	-
/rows/91/backend	string	pvisor-staged
/rows/91/completion_ms	float	1367.88612
/rows/91/correctness	string	passed
/rows/91/logs	string	/home/reiase/workspace/pvisor/target/p1-filesystem-final-full-20261005/baseline/trials/filesystem-pvisor-staged-018
/rows/91/memory_scope	string	owned launcher tree; Docker daemon/container RSS excluded
/rows/91/mode	string	filesystem
/rows/91/peak_tree_rss_kib	integer	181396
/rows/91/prepare_ms	float	35.812914
/rows/91/ready_ms	float	61.370647
/rows/91/result	object	-
/rows/91/result/correctness	string	passed
/rows/91/result/filesystem	object	-
/rows/91/result/filesystem/cargo	object	-
/rows/91/result/filesystem/cargo/check	object	-
/rows/91/result/filesystem/cargo/check/modules	integer	64
/rows/91/result/filesystem/cargo/check/result	string	2016
/rows/91/result/filesystem/cargo/python	string	3.14.7
/rows/91/result/filesystem/cargo/worker_ms	float	153.530121
/rows/91/result/filesystem/cargo/workload	string	cargo
/rows/91/result/filesystem/git	object	-
/rows/91/result/filesystem/git/check	object	-
/rows/91/result/filesystem/git/check/git_clean	boolean	true
/rows/91/result/filesystem/git/python	string	3.14.7
/rows/91/result/filesystem/git/worker_ms	float	170.810534
/rows/91/result/filesystem/git/workload	string	git
/rows/91/result/filesystem/metadata	object	-
/rows/91/result/filesystem/metadata/check	object	-
/rows/91/result/filesystem/metadata/check/bytes	integer	2095104
/rows/91/result/filesystem/metadata/check/files	integer	2048
/rows/91/result/filesystem/metadata/python	string	3.14.7
/rows/91/result/filesystem/metadata/worker_ms	float	76.359894
/rows/91/result/filesystem/metadata/workload	string	metadata
/rows/91/result/filesystem/npm	object	-
/rows/91/result/filesystem/npm/check	object	-
/rows/91/result/filesystem/npm/check/local_packages	integer	32
/rows/91/result/filesystem/npm/python	string	3.14.7
/rows/91/result/filesystem/npm/worker_ms	float	283.756345
/rows/91/result/filesystem/npm/workload	string	npm
/rows/91/result/filesystem/read	object	-
/rows/91/result/filesystem/read/check	object	-
/rows/91/result/filesystem/read/check/bytes	integer	67108864
/rows/91/result/filesystem/read/check/sha256	string	42ef3a50fe506ced865473b082c8b28f6ce254e6e2b01266b6a563531a6267bc
/rows/91/result/filesystem/read/python	string	3.14.7
/rows/91/result/filesystem/read/worker_ms	float	77.715073
/rows/91/result/filesystem/read/workload	string	read
/rows/91/result/filesystem/rg	object	-
/rows/91/result/filesystem/rg/check	object	-
/rows/91/result/filesystem/rg/check/matches	integer	2048
/rows/91/result/filesystem/rg/python	string	3.14.7
/rows/91/result/filesystem/rg/worker_ms	float	89.227411
/rows/91/result/filesystem/rg/workload	string	rg
/rows/91/result/filesystem/write	object	-
/rows/91/result/filesystem/write/check	object	-
/rows/91/result/filesystem/write/check/bytes	integer	16777216
/rows/91/result/filesystem/write/check/files	integer	256
/rows/91/result/filesystem/write/python	string	3.14.7
/rows/91/result/filesystem/write/worker_ms	float	202.325075
/rows/91/result/filesystem/write/workload	string	write
/rows/91/result/mode	string	filesystem
/rows/91/result/worker_ms	float	1179.89582
/rows/91/result_ms	float	1241.31605
/rows/91/trial	integer	18
/rows/91/variant	string	baseline
/rows/92	object	-
/rows/92/backend	string	pvisor-staged
/rows/92/completion_ms	float	1334.269796
/rows/92/correctness	string	passed
/rows/92/logs	string	/home/reiase/workspace/pvisor/target/p1-filesystem-final-full-20261005/candidate/trials/filesystem-pvisor-staged-018
/rows/92/memory_scope	string	owned launcher tree; Docker daemon/container RSS excluded
/rows/92/mode	string	filesystem
/rows/92/peak_tree_rss_kib	integer	188668
/rows/92/prepare_ms	float	39.183795
/rows/92/ready_ms	float	63.81554
/rows/92/result	object	-
/rows/92/result/correctness	string	passed
/rows/92/result/filesystem	object	-
/rows/92/result/filesystem/cargo	object	-
/rows/92/result/filesystem/cargo/check	object	-
/rows/92/result/filesystem/cargo/check/modules	integer	64
/rows/92/result/filesystem/cargo/check/result	string	2016
/rows/92/result/filesystem/cargo/python	string	3.14.7
/rows/92/result/filesystem/cargo/worker_ms	float	142.285232
/rows/92/result/filesystem/cargo/workload	string	cargo
/rows/92/result/filesystem/git	object	-
/rows/92/result/filesystem/git/check	object	-
/rows/92/result/filesystem/git/check/git_clean	boolean	true
/rows/92/result/filesystem/git/python	string	3.14.7
/rows/92/result/filesystem/git/worker_ms	float	173.264494
/rows/92/result/filesystem/git/workload	string	git
/rows/92/result/filesystem/metadata	object	-
/rows/92/result/filesystem/metadata/check	object	-
/rows/92/result/filesystem/metadata/check/bytes	integer	2095104
/rows/92/result/filesystem/metadata/check/files	integer	2048
/rows/92/result/filesystem/metadata/python	string	3.14.7
/rows/92/result/filesystem/metadata/worker_ms	float	77.979317
/rows/92/result/filesystem/metadata/workload	string	metadata
/rows/92/result/filesystem/npm	object	-
/rows/92/result/filesystem/npm/check	object	-
/rows/92/result/filesystem/npm/check/local_packages	integer	32
/rows/92/result/filesystem/npm/python	string	3.14.7
/rows/92/result/filesystem/npm/worker_ms	float	257.552326
/rows/92/result/filesystem/npm/workload	string	npm
/rows/92/result/filesystem/read	object	-
/rows/92/result/filesystem/read/check	object	-
/rows/92/result/filesystem/read/check/bytes	integer	67108864
/rows/92/result/filesystem/read/check/sha256	string	42ef3a50fe506ced865473b082c8b28f6ce254e6e2b01266b6a563531a6267bc
/rows/92/result/filesystem/read/python	string	3.14.7
/rows/92/result/filesystem/read/worker_ms	float	69.134117
/rows/92/result/filesystem/read/workload	string	read
/rows/92/result/filesystem/rg	object	-
/rows/92/result/filesystem/rg/check	object	-
/rows/92/result/filesystem/rg/check/matches	integer	2048
/rows/92/result/filesystem/rg/python	string	3.14.7
/rows/92/result/filesystem/rg/worker_ms	float	91.260456
/rows/92/result/filesystem/rg/workload	string	rg
/rows/92/result/filesystem/write	object	-
/rows/92/result/filesystem/write/check	object	-
/rows/92/result/filesystem/write/check/bytes	integer	16777216
/rows/92/result/filesystem/write/check/files	integer	256
/rows/92/result/filesystem/write/python	string	3.14.7
/rows/92/result/filesystem/write/worker_ms	float	203.034199
/rows/92/result/filesystem/write/workload	string	write
/rows/92/result/mode	string	filesystem
/rows/92/result/worker_ms	float	1140.383832
/rows/92/result_ms	float	1204.240529
/rows/92/trial	integer	18
/rows/92/variant	string	candidate
/rows/93	object	-
/rows/93/backend	string	pvisor-vm
/rows/93/completion_ms	float	5274.752082
/rows/93/correctness	string	passed
/rows/93/logs	string	/home/reiase/workspace/pvisor/target/p1-filesystem-final-full-20261005/candidate/trials/filesystem-pvisor-vm-018
/rows/93/memory_scope	string	owned launcher tree; Docker daemon/container RSS excluded
/rows/93/mode	string	filesystem
/rows/93/peak_tree_rss_kib	integer	829408
/rows/93/prepare_ms	float	37.49254
/rows/93/ready_ms	float	580.741732
/rows/93/result	object	-
/rows/93/result/correctness	string	passed
/rows/93/result/filesystem	object	-
/rows/93/result/filesystem/cargo	object	-
/rows/93/result/filesystem/cargo/check	object	-
/rows/93/result/filesystem/cargo/check/modules	integer	64
/rows/93/result/filesystem/cargo/check/result	string	2016
/rows/93/result/filesystem/cargo/python	string	3.14.7
/rows/93/result/filesystem/cargo/worker_ms	float	659.589876
/rows/93/result/filesystem/cargo/workload	string	cargo
/rows/93/result/filesystem/git	object	-
/rows/93/result/filesystem/git/check	object	-
/rows/93/result/filesystem/git/check/git_clean	boolean	true
/rows/93/result/filesystem/git/python	string	3.14.7
/rows/93/result/filesystem/git/worker_ms	float	431.687304
/rows/93/result/filesystem/git/workload	string	git
/rows/93/result/filesystem/metadata	object	-
/rows/93/result/filesystem/metadata/check	object	-
/rows/93/result/filesystem/metadata/check/bytes	integer	2095104
/rows/93/result/filesystem/metadata/check/files	integer	2048
/rows/93/result/filesystem/metadata/python	string	3.14.7
/rows/93/result/filesystem/metadata/worker_ms	float	194.385875
/rows/93/result/filesystem/metadata/workload	string	metadata
/rows/93/result/filesystem/npm	object	-
/rows/93/result/filesystem/npm/check	object	-
/rows/93/result/filesystem/npm/check/local_packages	integer	32
/rows/93/result/filesystem/npm/python	string	3.14.7
/rows/93/result/filesystem/npm/worker_ms	float	1775.111435
/rows/93/result/filesystem/npm/workload	string	npm
/rows/93/result/filesystem/read	object	-
/rows/93/result/filesystem/read/check	object	-
/rows/93/result/filesystem/read/check/bytes	integer	67108864
/rows/93/result/filesystem/read/check/sha256	string	42ef3a50fe506ced865473b082c8b28f6ce254e6e2b01266b6a563531a6267bc
/rows/93/result/filesystem/read/python	string	3.14.7
/rows/93/result/filesystem/read/worker_ms	float	214.209249
/rows/93/result/filesystem/read/workload	string	read
/rows/93/result/filesystem/rg	object	-
/rows/93/result/filesystem/rg/check	object	-
/rows/93/result/filesystem/rg/check/matches	integer	2048
/rows/93/result/filesystem/rg/python	string	3.14.7
/rows/93/result/filesystem/rg/worker_ms	float	423.36461
/rows/93/result/filesystem/rg/workload	string	rg
/rows/93/result/filesystem/write	object	-
/rows/93/result/filesystem/write/check	object	-
/rows/93/result/filesystem/write/check/bytes	integer	16777216
/rows/93/result/filesystem/write/check/files	integer	256
/rows/93/result/filesystem/write/python	string	3.14.7
/rows/93/result/filesystem/write/worker_ms	float	263.981986
/rows/93/result/filesystem/write/workload	string	write
/rows/93/result/mode	string	filesystem
/rows/93/result/worker_ms	float	4564.17119
/rows/93/result_ms	float	5145.741807
/rows/93/trial	integer	18
/rows/93/variant	string	candidate
/rows/94	object	-
/rows/94/backend	string	pvisor-vm
/rows/94/completion_ms	float	4858.666207
/rows/94/correctness	string	passed
/rows/94/logs	string	/home/reiase/workspace/pvisor/target/p1-filesystem-final-full-20261005/baseline/trials/filesystem-pvisor-vm-018
/rows/94/memory_scope	string	owned launcher tree; Docker daemon/container RSS excluded
/rows/94/mode	string	filesystem
/rows/94/peak_tree_rss_kib	integer	830020
/rows/94/prepare_ms	float	37.012583
/rows/94/ready_ms	float	585.125745
/rows/94/result	object	-
/rows/94/result/correctness	string	passed
/rows/94/result/filesystem	object	-
/rows/94/result/filesystem/cargo	object	-
/rows/94/result/filesystem/cargo/check	object	-
/rows/94/result/filesystem/cargo/check/modules	integer	64
/rows/94/result/filesystem/cargo/check/result	string	2016
/rows/94/result/filesystem/cargo/python	string	3.14.7
/rows/94/result/filesystem/cargo/worker_ms	float	706.560651
/rows/94/result/filesystem/cargo/workload	string	cargo
/rows/94/result/filesystem/git	object	-
/rows/94/result/filesystem/git/check	object	-
/rows/94/result/filesystem/git/check/git_clean	boolean	true
/rows/94/result/filesystem/git/python	string	3.14.7
/rows/94/result/filesystem/git/worker_ms	float	372.955232
/rows/94/result/filesystem/git/workload	string	git
/rows/94/result/filesystem/metadata	object	-
/rows/94/result/filesystem/metadata/check	object	-
/rows/94/result/filesystem/metadata/check/bytes	integer	2095104
/rows/94/result/filesystem/metadata/check/files	integer	2048
/rows/94/result/filesystem/metadata/python	string	3.14.7
/rows/94/result/filesystem/metadata/worker_ms	float	154.949268
/rows/94/result/filesystem/metadata/workload	string	metadata
/rows/94/result/filesystem/npm	object	-
/rows/94/result/filesystem/npm/check	object	-
/rows/94/result/filesystem/npm/check/local_packages	integer	32
/rows/94/result/filesystem/npm/python	string	3.14.7
/rows/94/result/filesystem/npm/worker_ms	float	1562.905745
/rows/94/result/filesystem/npm/workload	string	npm
/rows/94/result/filesystem/read	object	-
/rows/94/result/filesystem/read/check	object	-
/rows/94/result/filesystem/read/check/bytes	integer	67108864
/rows/94/result/filesystem/read/check/sha256	string	42ef3a50fe506ced865473b082c8b28f6ce254e6e2b01266b6a563531a6267bc
/rows/94/result/filesystem/read/python	string	3.14.7
/rows/94/result/filesystem/read/worker_ms	float	164.405083
/rows/94/result/filesystem/read/workload	string	read
/rows/94/result/filesystem/rg	object	-
/rows/94/result/filesystem/rg/check	object	-
/rows/94/result/filesystem/rg/check/matches	integer	2048
/rows/94/result/filesystem/rg/python	string	3.14.7
/rows/94/result/filesystem/rg/worker_ms	float	471.816836
/rows/94/result/filesystem/rg/workload	string	rg
/rows/94/result/filesystem/write	object	-
/rows/94/result/filesystem/write/check	object	-
/rows/94/result/filesystem/write/check/bytes	integer	16777216
/rows/94/result/filesystem/write/check/files	integer	256
/rows/94/result/filesystem/write/python	string	3.14.7
/rows/94/result/filesystem/write/worker_ms	float	209.989021
/rows/94/result/filesystem/write/workload	string	write
/rows/94/result/mode	string	filesystem
/rows/94/result/worker_ms	float	4135.255541
/rows/94/result_ms	float	4720.976763
/rows/94/trial	integer	18
/rows/94/variant	string	baseline
/rows/95	object	-
/rows/95/backend	string	pvisor-staged
/rows/95/completion_ms	float	1310.862317
/rows/95/correctness	string	passed
/rows/95/logs	string	/home/reiase/workspace/pvisor/target/p1-filesystem-final-full-20261005/baseline/trials/filesystem-pvisor-staged-019
/rows/95/memory_scope	string	owned launcher tree; Docker daemon/container RSS excluded
/rows/95/mode	string	filesystem
/rows/95/peak_tree_rss_kib	integer	176784
/rows/95/prepare_ms	float	37.527223
/rows/95/ready_ms	float	64.601568
/rows/95/result	object	-
/rows/95/result/correctness	string	passed
/rows/95/result/filesystem	object	-
/rows/95/result/filesystem/cargo	object	-
/rows/95/result/filesystem/cargo/check	object	-
/rows/95/result/filesystem/cargo/check/modules	integer	64
/rows/95/result/filesystem/cargo/check/result	string	2016
/rows/95/result/filesystem/cargo/python	string	3.14.7
/rows/95/result/filesystem/cargo/worker_ms	float	113.418823
/rows/95/result/filesystem/cargo/workload	string	cargo
/rows/95/result/filesystem/git	object	-
/rows/95/result/filesystem/git/check	object	-
/rows/95/result/filesystem/git/check/git_clean	boolean	true
/rows/95/result/filesystem/git/python	string	3.14.7
/rows/95/result/filesystem/git/worker_ms	float	167.718032
/rows/95/result/filesystem/git/workload	string	git
/rows/95/result/filesystem/metadata	object	-
/rows/95/result/filesystem/metadata/check	object	-
/rows/95/result/filesystem/metadata/check/bytes	integer	2095104
/rows/95/result/filesystem/metadata/check/files	integer	2048
/rows/95/result/filesystem/metadata/python	string	3.14.7
/rows/95/result/filesystem/metadata/worker_ms	float	77.160889
/rows/95/result/filesystem/metadata/workload	string	metadata
/rows/95/result/filesystem/npm	object	-
/rows/95/result/filesystem/npm/check	object	-
/rows/95/result/filesystem/npm/check/local_packages	integer	32
/rows/95/result/filesystem/npm/python	string	3.14.7
/rows/95/result/filesystem/npm/worker_ms	float	274.207883
/rows/95/result/filesystem/npm/workload	string	npm
/rows/95/result/filesystem/read	object	-
/rows/95/result/filesystem/read/check	object	-
/rows/95/result/filesystem/read/check/bytes	integer	67108864
/rows/95/result/filesystem/read/check/sha256	string	42ef3a50fe506ced865473b082c8b28f6ce254e6e2b01266b6a563531a6267bc
/rows/95/result/filesystem/read/python	string	3.14.7
/rows/95/result/filesystem/read/worker_ms	float	75.872806
/rows/95/result/filesystem/read/workload	string	read
/rows/95/result/filesystem/rg	object	-
/rows/95/result/filesystem/rg/check	object	-
/rows/95/result/filesystem/rg/check/matches	integer	2048
/rows/95/result/filesystem/rg/python	string	3.14.7
/rows/95/result/filesystem/rg/worker_ms	float	89.735049
/rows/95/result/filesystem/rg/workload	string	rg
/rows/95/result/filesystem/write	object	-
/rows/95/result/filesystem/write/check	object	-
/rows/95/result/filesystem/write/check/bytes	integer	16777216
/rows/95/result/filesystem/write/check/files	integer	256
/rows/95/result/filesystem/write/python	string	3.14.7
/rows/95/result/filesystem/write/worker_ms	float	205.386861
/rows/95/result/filesystem/write/workload	string	write
/rows/95/result/mode	string	filesystem
/rows/95/result/worker_ms	float	1127.094678
/rows/95/result_ms	float	1191.745809
/rows/95/trial	integer	19
/rows/95/variant	string	baseline
/rows/96	object	-
/rows/96/backend	string	pvisor-staged
/rows/96/completion_ms	float	1293.676018
/rows/96/correctness	string	passed
/rows/96/logs	string	/home/reiase/workspace/pvisor/target/p1-filesystem-final-full-20261005/candidate/trials/filesystem-pvisor-staged-019
/rows/96/memory_scope	string	owned launcher tree; Docker daemon/container RSS excluded
/rows/96/mode	string	filesystem
/rows/96/peak_tree_rss_kib	integer	177548
/rows/96/prepare_ms	float	36.623036
/rows/96/ready_ms	float	61.988119
/rows/96/result	object	-
/rows/96/result/correctness	string	passed
/rows/96/result/filesystem	object	-
/rows/96/result/filesystem/cargo	object	-
/rows/96/result/filesystem/cargo/check	object	-
/rows/96/result/filesystem/cargo/check/modules	integer	64
/rows/96/result/filesystem/cargo/check/result	string	2016
/rows/96/result/filesystem/cargo/python	string	3.14.7
/rows/96/result/filesystem/cargo/worker_ms	float	115.864028
/rows/96/result/filesystem/cargo/workload	string	cargo
/rows/96/result/filesystem/git	object	-
/rows/96/result/filesystem/git/check	object	-
/rows/96/result/filesystem/git/check/git_clean	boolean	true
/rows/96/result/filesystem/git/python	string	3.14.7
/rows/96/result/filesystem/git/worker_ms	float	166.579557
/rows/96/result/filesystem/git/workload	string	git
/rows/96/result/filesystem/metadata	object	-
/rows/96/result/filesystem/metadata/check	object	-
/rows/96/result/filesystem/metadata/check/bytes	integer	2095104
/rows/96/result/filesystem/metadata/check/files	integer	2048
/rows/96/result/filesystem/metadata/python	string	3.14.7
/rows/96/result/filesystem/metadata/worker_ms	float	79.317575
/rows/96/result/filesystem/metadata/workload	string	metadata
/rows/96/result/filesystem/npm	object	-
/rows/96/result/filesystem/npm/check	object	-
/rows/96/result/filesystem/npm/check/local_packages	integer	32
/rows/96/result/filesystem/npm/python	string	3.14.7
/rows/96/result/filesystem/npm/worker_ms	float	257.551955
/rows/96/result/filesystem/npm/workload	string	npm
/rows/96/result/filesystem/read	object	-
/rows/96/result/filesystem/read/check	object	-
/rows/96/result/filesystem/read/check/bytes	integer	67108864
/rows/96/result/filesystem/read/check/sha256	string	42ef3a50fe506ced865473b082c8b28f6ce254e6e2b01266b6a563531a6267bc
/rows/96/result/filesystem/read/python	string	3.14.7
/rows/96/result/filesystem/read/worker_ms	float	73.905803
/rows/96/result/filesystem/read/workload	string	read
/rows/96/result/filesystem/rg	object	-
/rows/96/result/filesystem/rg/check	object	-
/rows/96/result/filesystem/rg/check/matches	integer	2048
/rows/96/result/filesystem/rg/python	string	3.14.7
/rows/96/result/filesystem/rg/worker_ms	float	92.001099
/rows/96/result/filesystem/rg/workload	string	rg
/rows/96/result/filesystem/write	object	-
/rows/96/result/filesystem/write/check	object	-
/rows/96/result/filesystem/write/check/bytes	integer	16777216
/rows/96/result/filesystem/write/check/files	integer	256
/rows/96/result/filesystem/write/python	string	3.14.7
/rows/96/result/filesystem/write/worker_ms	float	199.511945
/rows/96/result/filesystem/write/workload	string	write
/rows/96/result/mode	string	filesystem
/rows/96/result/worker_ms	float	1110.39029
/rows/96/result_ms	float	1172.437118
/rows/96/trial	integer	19
/rows/96/variant	string	candidate
/rows/97	object	-
/rows/97/backend	string	pvisor-vm
/rows/97/completion_ms	float	5181.329741
/rows/97/correctness	string	passed
/rows/97/logs	string	/home/reiase/workspace/pvisor/target/p1-filesystem-final-full-20261005/baseline/trials/filesystem-pvisor-vm-019
/rows/97/memory_scope	string	owned launcher tree; Docker daemon/container RSS excluded
/rows/97/mode	string	filesystem
/rows/97/peak_tree_rss_kib	integer	829592
/rows/97/prepare_ms	float	37.998564
/rows/97/ready_ms	float	590.503091
/rows/97/result	object	-
/rows/97/result/correctness	string	passed
/rows/97/result/filesystem	object	-
/rows/97/result/filesystem/cargo	object	-
/rows/97/result/filesystem/cargo/check	object	-
/rows/97/result/filesystem/cargo/check/modules	integer	64
/rows/97/result/filesystem/cargo/check/result	string	2016
/rows/97/result/filesystem/cargo/python	string	3.14.7
/rows/97/result/filesystem/cargo/worker_ms	float	718.743378
/rows/97/result/filesystem/cargo/workload	string	cargo
/rows/97/result/filesystem/git	object	-
/rows/97/result/filesystem/git/check	object	-
/rows/97/result/filesystem/git/check/git_clean	boolean	true
/rows/97/result/filesystem/git/python	string	3.14.7
/rows/97/result/filesystem/git/worker_ms	float	720.098212
/rows/97/result/filesystem/git/workload	string	git
/rows/97/result/filesystem/metadata	object	-
/rows/97/result/filesystem/metadata/check	object	-
/rows/97/result/filesystem/metadata/check/bytes	integer	2095104
/rows/97/result/filesystem/metadata/check/files	integer	2048
/rows/97/result/filesystem/metadata/python	string	3.14.7
/rows/97/result/filesystem/metadata/worker_ms	float	178.703168
/rows/97/result/filesystem/metadata/workload	string	metadata
/rows/97/result/filesystem/npm	object	-
/rows/97/result/filesystem/npm/check	object	-
/rows/97/result/filesystem/npm/check/local_packages	integer	32
/rows/97/result/filesystem/npm/python	string	3.14.7
/rows/97/result/filesystem/npm/worker_ms	float	1561.253784
/rows/97/result/filesystem/npm/workload	string	npm
/rows/97/result/filesystem/read	object	-
/rows/97/result/filesystem/read/check	object	-
/rows/97/result/filesystem/read/check/bytes	integer	67108864
/rows/97/result/filesystem/read/check/sha256	string	42ef3a50fe506ced865473b082c8b28f6ce254e6e2b01266b6a563531a6267bc
/rows/97/result/filesystem/read/python	string	3.14.7
/rows/97/result/filesystem/read/worker_ms	float	117.350382
/rows/97/result/filesystem/read/workload	string	read
/rows/97/result/filesystem/rg	object	-
/rows/97/result/filesystem/rg/check	object	-
/rows/97/result/filesystem/rg/check/matches	integer	2048
/rows/97/result/filesystem/rg/python	string	3.14.7
/rows/97/result/filesystem/rg/worker_ms	float	438.877619
/rows/97/result/filesystem/rg/workload	string	rg
/rows/97/result/filesystem/write	object	-
/rows/97/result/filesystem/write/check	object	-
/rows/97/result/filesystem/write/check/bytes	integer	16777216
/rows/97/result/filesystem/write/check/files	integer	256
/rows/97/result/filesystem/write/python	string	3.14.7
/rows/97/result/filesystem/write/worker_ms	float	238.078054
/rows/97/result/filesystem/write/workload	string	write
/rows/97/result/mode	string	filesystem
/rows/97/result/worker_ms	float	4456.761369
/rows/97/result_ms	float	5047.815069
/rows/97/trial	integer	19
/rows/97/variant	string	baseline
/rows/98	object	-
/rows/98/backend	string	native
/rows/98/completion_ms	float	452.742895
/rows/98/correctness	string	passed
/rows/98/logs	string	/home/reiase/workspace/pvisor/target/p1-filesystem-final-full-20261005/native/trials/filesystem-native-019
/rows/98/memory_scope	string	owned launcher tree; Docker daemon/container RSS excluded
/rows/98/mode	string	filesystem
/rows/98/peak_tree_rss_kib	integer	137180
/rows/98/prepare_ms	float	36.664324
/rows/98/ready_ms	float	39.060456
/rows/98/result	object	-
/rows/98/result/correctness	string	passed
/rows/98/result/filesystem	object	-
/rows/98/result/filesystem/cargo	object	-
/rows/98/result/filesystem/cargo/check	object	-
/rows/98/result/filesystem/cargo/check/modules	integer	64
/rows/98/result/filesystem/cargo/check/result	string	2016
/rows/98/result/filesystem/cargo/python	string	3.14.7
/rows/98/result/filesystem/cargo/worker_ms	float	54.477222
/rows/98/result/filesystem/cargo/workload	string	cargo
/rows/98/result/filesystem/git	object	-
/rows/98/result/filesystem/git/check	object	-
/rows/98/result/filesystem/git/check/git_clean	boolean	true
/rows/98/result/filesystem/git/python	string	3.14.7
/rows/98/result/filesystem/git/worker_ms	float	14.496587
/rows/98/result/filesystem/git/workload	string	git
/rows/98/result/filesystem/metadata	object	-
/rows/98/result/filesystem/metadata/check	object	-
/rows/98/result/filesystem/metadata/check/bytes	integer	2095104
/rows/98/result/filesystem/metadata/check/files	integer	2048
/rows/98/result/filesystem/metadata/python	string	3.14.7
/rows/98/result/filesystem/metadata/worker_ms	float	4.855633
/rows/98/result/filesystem/metadata/workload	string	metadata
/rows/98/result/filesystem/npm	object	-
/rows/98/result/filesystem/npm/check	object	-
/rows/98/result/filesystem/npm/check/local_packages	integer	32
/rows/98/result/filesystem/npm/python	string	3.14.7
/rows/98/result/filesystem/npm/worker_ms	float	170.673739
/rows/98/result/filesystem/npm/workload	string	npm
/rows/98/result/filesystem/read	object	-
/rows/98/result/filesystem/read/check	object	-
/rows/98/result/filesystem/read/check/bytes	integer	67108864
/rows/98/result/filesystem/read/check/sha256	string	42ef3a50fe506ced865473b082c8b28f6ce254e6e2b01266b6a563531a6267bc
/rows/98/result/filesystem/read/python	string	3.14.7
/rows/98/result/filesystem/read/worker_ms	float	32.135791
/rows/98/result/filesystem/read/workload	string	read
/rows/98/result/filesystem/rg	object	-
/rows/98/result/filesystem/rg/check	object	-
/rows/98/result/filesystem/rg/check/matches	integer	2048
/rows/98/result/filesystem/rg/python	string	3.14.7
/rows/98/result/filesystem/rg/worker_ms	float	7.392158
/rows/98/result/filesystem/rg/workload	string	rg
/rows/98/result/filesystem/write	object	-
/rows/98/result/filesystem/write/check	object	-
/rows/98/result/filesystem/write/check/bytes	integer	16777216
/rows/98/result/filesystem/write/check/files	integer	256
/rows/98/result/filesystem/write/python	string	3.14.7
/rows/98/result/filesystem/write/worker_ms	float	3.740321
/rows/98/result/filesystem/write/workload	string	write
/rows/98/result/mode	string	filesystem
/rows/98/result/worker_ms	float	405.529332
/rows/98/result_ms	float	444.639299
/rows/98/trial	integer	19
/rows/98/variant	string	native
/rows/99	object	-
/rows/99/backend	string	pvisor-vm
/rows/99/completion_ms	float	4938.623676
/rows/99/correctness	string	passed
/rows/99/logs	string	/home/reiase/workspace/pvisor/target/p1-filesystem-final-full-20261005/candidate/trials/filesystem-pvisor-vm-019
/rows/99/memory_scope	string	owned launcher tree; Docker daemon/container RSS excluded
/rows/99/mode	string	filesystem
/rows/99/peak_tree_rss_kib	integer	830092
/rows/99/prepare_ms	float	37.103863
/rows/99/ready_ms	float	562.319638
/rows/99/result	object	-
/rows/99/result/correctness	string	passed
/rows/99/result/filesystem	object	-
/rows/99/result/filesystem/cargo	object	-
/rows/99/result/filesystem/cargo/check	object	-
/rows/99/result/filesystem/cargo/check/modules	integer	64
/rows/99/result/filesystem/cargo/check/result	string	2016
/rows/99/result/filesystem/cargo/python	string	3.14.7
/rows/99/result/filesystem/cargo/worker_ms	float	761.960808
/rows/99/result/filesystem/cargo/workload	string	cargo
/rows/99/result/filesystem/git	object	-
/rows/99/result/filesystem/git/check	object	-
/rows/99/result/filesystem/git/check/git_clean	boolean	true
/rows/99/result/filesystem/git/python	string	3.14.7
/rows/99/result/filesystem/git/worker_ms	float	434.924361
/rows/99/result/filesystem/git/workload	string	git
/rows/99/result/filesystem/metadata	object	-
/rows/99/result/filesystem/metadata/check	object	-
/rows/99/result/filesystem/metadata/check/bytes	integer	2095104
/rows/99/result/filesystem/metadata/check/files	integer	2048
/rows/99/result/filesystem/metadata/python	string	3.14.7
/rows/99/result/filesystem/metadata/worker_ms	float	163.94387
/rows/99/result/filesystem/metadata/workload	string	metadata
/rows/99/result/filesystem/npm	object	-
/rows/99/result/filesystem/npm/check	object	-
/rows/99/result/filesystem/npm/check/local_packages	integer	32
/rows/99/result/filesystem/npm/python	string	3.14.7
/rows/99/result/filesystem/npm/worker_ms	float	1572.535646
/rows/99/result/filesystem/npm/workload	string	npm
/rows/99/result/filesystem/read	object	-
/rows/99/result/filesystem/read/check	object	-
/rows/99/result/filesystem/read/check/bytes	integer	67108864
/rows/99/result/filesystem/read/check/sha256	string	42ef3a50fe506ced865473b082c8b28f6ce254e6e2b01266b6a563531a6267bc
/rows/99/result/filesystem/read/python	string	3.14.7
/rows/99/result/filesystem/read/worker_ms	float	160.537756
/rows/99/result/filesystem/read/workload	string	read
/rows/99/result/filesystem/rg	object	-
/rows/99/result/filesystem/rg/check	object	-
/rows/99/result/filesystem/rg/check/matches	integer	2048
/rows/99/result/filesystem/rg/python	string	3.14.7
/rows/99/result/filesystem/rg/worker_ms	float	448.48094
/rows/99/result/filesystem/rg/workload	string	rg
/rows/99/result/filesystem/write	object	-
/rows/99/result/filesystem/write/check	object	-
/rows/99/result/filesystem/write/check/bytes	integer	16777216
/rows/99/result/filesystem/write/check/files	integer	256
/rows/99/result/filesystem/write/python	string	3.14.7
/rows/99/result/filesystem/write/worker_ms	float	228.625064
/rows/99/result/filesystem/write/workload	string	write
/rows/99/result/mode	string	filesystem
/rows/99/result/worker_ms	float	4257.069586
/rows/99/result_ms	float	4820.085857
/rows/99/trial	integer	19
/rows/99/variant	string	candidate
/rows/100	object	-
/rows/100/backend	string	native
/rows/100/completion_ms	float	454.205074
/rows/100/correctness	string	passed
/rows/100/logs	string	/home/reiase/workspace/pvisor/target/p1-filesystem-final-full-20261005/native/trials/filesystem-native-020
/rows/100/memory_scope	string	owned launcher tree; Docker daemon/container RSS excluded
/rows/100/mode	string	filesystem
/rows/100/peak_tree_rss_kib	integer	136868
/rows/100/prepare_ms	float	37.082884
/rows/100/ready_ms	float	39.215204
/rows/100/result	object	-
/rows/100/result/correctness	string	passed
/rows/100/result/filesystem	object	-
/rows/100/result/filesystem/cargo	object	-
/rows/100/result/filesystem/cargo/check	object	-
/rows/100/result/filesystem/cargo/check/modules	integer	64
/rows/100/result/filesystem/cargo/check/result	string	2016
/rows/100/result/filesystem/cargo/python	string	3.14.7
/rows/100/result/filesystem/cargo/worker_ms	float	56.40013
/rows/100/result/filesystem/cargo/workload	string	cargo
/rows/100/result/filesystem/git	object	-
/rows/100/result/filesystem/git/check	object	-
/rows/100/result/filesystem/git/check/git_clean	boolean	true
/rows/100/result/filesystem/git/python	string	3.14.7
/rows/100/result/filesystem/git/worker_ms	float	15.048378
/rows/100/result/filesystem/git/workload	string	git
/rows/100/result/filesystem/metadata	object	-
/rows/100/result/filesystem/metadata/check	object	-
/rows/100/result/filesystem/metadata/check/bytes	integer	2095104
/rows/100/result/filesystem/metadata/check/files	integer	2048
/rows/100/result/filesystem/metadata/python	string	3.14.7
/rows/100/result/filesystem/metadata/worker_ms	float	4.781194
/rows/100/result/filesystem/metadata/workload	string	metadata
/rows/100/result/filesystem/npm	object	-
/rows/100/result/filesystem/npm/check	object	-
/rows/100/result/filesystem/npm/check/local_packages	integer	32
/rows/100/result/filesystem/npm/python	string	3.14.7
/rows/100/result/filesystem/npm/worker_ms	float	170.010962
/rows/100/result/filesystem/npm/workload	string	npm
/rows/100/result/filesystem/read	object	-
/rows/100/result/filesystem/read/check	object	-
/rows/100/result/filesystem/read/check/bytes	integer	67108864
/rows/100/result/filesystem/read/check/sha256	string	42ef3a50fe506ced865473b082c8b28f6ce254e6e2b01266b6a563531a6267bc
/rows/100/result/filesystem/read/python	string	3.14.7
/rows/100/result/filesystem/read/worker_ms	float	32.465566
/rows/100/result/filesystem/read/workload	string	read
/rows/100/result/filesystem/rg	object	-
/rows/100/result/filesystem/rg/check	object	-
/rows/100/result/filesystem/rg/check/matches	integer	2048
/rows/100/result/filesystem/rg/python	string	3.14.7
/rows/100/result/filesystem/rg/worker_ms	float	7.930543
/rows/100/result/filesystem/rg/workload	string	rg
/rows/100/result/filesystem/write	object	-
/rows/100/result/filesystem/write/check	object	-
/rows/100/result/filesystem/write/check/bytes	integer	16777216
/rows/100/result/filesystem/write/check/files	integer	256
/rows/100/result/filesystem/write/python	string	3.14.7
/rows/100/result/filesystem/write/worker_ms	float	4.147912
/rows/100/result/filesystem/write/workload	string	write
/rows/100/result/mode	string	filesystem
/rows/100/result/worker_ms	float	407.267096
/rows/100/result_ms	float	446.564223
/rows/100/trial	integer	20
/rows/100/variant	string	native
/rows/101	object	-
/rows/101/backend	string	pvisor-vm
/rows/101/completion_ms	float	5379.209671
/rows/101/correctness	string	passed
/rows/101/logs	string	/home/reiase/workspace/pvisor/target/p1-filesystem-final-full-20261005/baseline/trials/filesystem-pvisor-vm-020
/rows/101/memory_scope	string	owned launcher tree; Docker daemon/container RSS excluded
/rows/101/mode	string	filesystem
/rows/101/peak_tree_rss_kib	integer	835636
/rows/101/prepare_ms	float	36.267933
/rows/101/ready_ms	float	559.493924
/rows/101/result	object	-
/rows/101/result/correctness	string	passed
/rows/101/result/filesystem	object	-
/rows/101/result/filesystem/cargo	object	-
/rows/101/result/filesystem/cargo/check	object	-
/rows/101/result/filesystem/cargo/check/modules	integer	64
/rows/101/result/filesystem/cargo/check/result	string	2016
/rows/101/result/filesystem/cargo/python	string	3.14.7
/rows/101/result/filesystem/cargo/worker_ms	float	777.392715
/rows/101/result/filesystem/cargo/workload	string	cargo
/rows/101/result/filesystem/git	object	-
/rows/101/result/filesystem/git/check	object	-
/rows/101/result/filesystem/git/check/git_clean	boolean	true
/rows/101/result/filesystem/git/python	string	3.14.7
/rows/101/result/filesystem/git/worker_ms	float	770.065504
/rows/101/result/filesystem/git/workload	string	git
/rows/101/result/filesystem/metadata	object	-
/rows/101/result/filesystem/metadata/check	object	-
/rows/101/result/filesystem/metadata/check/bytes	integer	2095104
/rows/101/result/filesystem/metadata/check/files	integer	2048
/rows/101/result/filesystem/metadata/python	string	3.14.7
/rows/101/result/filesystem/metadata/worker_ms	float	215.13455
/rows/101/result/filesystem/metadata/workload	string	metadata
/rows/101/result/filesystem/npm	object	-
/rows/101/result/filesystem/npm/check	object	-
/rows/101/result/filesystem/npm/check/local_packages	integer	32
/rows/101/result/filesystem/npm/python	string	3.14.7
/rows/101/result/filesystem/npm/worker_ms	float	1578.208451
/rows/101/result/filesystem/npm/workload	string	npm
/rows/101/result/filesystem/read	object	-
/rows/101/result/filesystem/read/check	object	-
/rows/101/result/filesystem/read/check/bytes	integer	67108864
/rows/101/result/filesystem/read/check/sha256	string	42ef3a50fe506ced865473b082c8b28f6ce254e6e2b01266b6a563531a6267bc
/rows/101/result/filesystem/read/python	string	3.14.7
/rows/101/result/filesystem/read/worker_ms	float	159.461943
/rows/101/result/filesystem/read/workload	string	read
/rows/101/result/filesystem/rg	object	-
/rows/101/result/filesystem/rg/check	object	-
/rows/101/result/filesystem/rg/check/matches	integer	2048
/rows/101/result/filesystem/rg/python	string	3.14.7
/rows/101/result/filesystem/rg/worker_ms	float	430.678447
/rows/101/result/filesystem/rg/workload	string	rg
/rows/101/result/filesystem/write	object	-
/rows/101/result/filesystem/write/check	object	-
/rows/101/result/filesystem/write/check/bytes	integer	16777216
/rows/101/result/filesystem/write/check/files	integer	256
/rows/101/result/filesystem/write/python	string	3.14.7
/rows/101/result/filesystem/write/worker_ms	float	266.022915
/rows/101/result/filesystem/write/workload	string	write
/rows/101/result/mode	string	filesystem
/rows/101/result/worker_ms	float	4704.760387
/rows/101/result_ms	float	5264.855321
/rows/101/trial	integer	20
/rows/101/variant	string	baseline
/rows/102	object	-
/rows/102/backend	string	pvisor-vm
/rows/102/completion_ms	float	4935.784367
/rows/102/correctness	string	passed
/rows/102/logs	string	/home/reiase/workspace/pvisor/target/p1-filesystem-final-full-20261005/candidate/trials/filesystem-pvisor-vm-020
/rows/102/memory_scope	string	owned launcher tree; Docker daemon/container RSS excluded
/rows/102/mode	string	filesystem
/rows/102/peak_tree_rss_kib	integer	829264
/rows/102/prepare_ms	float	36.145675
/rows/102/ready_ms	float	557.04868
/rows/102/result	object	-
/rows/102/result/correctness	string	passed
/rows/102/result/filesystem	object	-
/rows/102/result/filesystem/cargo	object	-
/rows/102/result/filesystem/cargo/check	object	-
/rows/102/result/filesystem/cargo/check/modules	integer	64
/rows/102/result/filesystem/cargo/check/result	string	2016
/rows/102/result/filesystem/cargo/python	string	3.14.7
/rows/102/result/filesystem/cargo/worker_ms	float	721.715148
/rows/102/result/filesystem/cargo/workload	string	cargo
/rows/102/result/filesystem/git	object	-
/rows/102/result/filesystem/git/check	object	-
/rows/102/result/filesystem/git/check/git_clean	boolean	true
/rows/102/result/filesystem/git/python	string	3.14.7
/rows/102/result/filesystem/git/worker_ms	float	403.598914
/rows/102/result/filesystem/git/workload	string	git
/rows/102/result/filesystem/metadata	object	-
/rows/102/result/filesystem/metadata/check	object	-
/rows/102/result/filesystem/metadata/check/bytes	integer	2095104
/rows/102/result/filesystem/metadata/check/files	integer	2048
/rows/102/result/filesystem/metadata/python	string	3.14.7
/rows/102/result/filesystem/metadata/worker_ms	float	194.304241
/rows/102/result/filesystem/metadata/workload	string	metadata
/rows/102/result/filesystem/npm	object	-
/rows/102/result/filesystem/npm/check	object	-
/rows/102/result/filesystem/npm/check/local_packages	integer	32
/rows/102/result/filesystem/npm/python	string	3.14.7
/rows/102/result/filesystem/npm/worker_ms	float	1526.651665
/rows/102/result/filesystem/npm/workload	string	npm
/rows/102/result/filesystem/read	object	-
/rows/102/result/filesystem/read/check	object	-
/rows/102/result/filesystem/read/check/bytes	integer	67108864
/rows/102/result/filesystem/read/check/sha256	string	42ef3a50fe506ced865473b082c8b28f6ce254e6e2b01266b6a563531a6267bc
/rows/102/result/filesystem/read/python	string	3.14.7
/rows/102/result/filesystem/read/worker_ms	float	182.358929
/rows/102/result/filesystem/read/workload	string	read
/rows/102/result/filesystem/rg	object	-
/rows/102/result/filesystem/rg/check	object	-
/rows/102/result/filesystem/rg/check/matches	integer	2048
/rows/102/result/filesystem/rg/python	string	3.14.7
/rows/102/result/filesystem/rg/worker_ms	float	439.708534
/rows/102/result/filesystem/rg/workload	string	rg
/rows/102/result/filesystem/write	object	-
/rows/102/result/filesystem/write/check	object	-
/rows/102/result/filesystem/write/check/bytes	integer	16777216
/rows/102/result/filesystem/write/check/files	integer	256
/rows/102/result/filesystem/write/python	string	3.14.7
/rows/102/result/filesystem/write/worker_ms	float	251.718518
/rows/102/result/filesystem/write/workload	string	write
/rows/102/result/mode	string	filesystem
/rows/102/result/worker_ms	float	4249.058765
/rows/102/result_ms	float	4806.720452
/rows/102/trial	integer	20
/rows/102/variant	string	candidate
/rows/103	object	-
/rows/103/backend	string	pvisor-staged
/rows/103/completion_ms	float	1282.96124
/rows/103/correctness	string	passed
/rows/103/logs	string	/home/reiase/workspace/pvisor/target/p1-filesystem-final-full-20261005/baseline/trials/filesystem-pvisor-staged-020
/rows/103/memory_scope	string	owned launcher tree; Docker daemon/container RSS excluded
/rows/103/mode	string	filesystem
/rows/103/peak_tree_rss_kib	integer	177308
/rows/103/prepare_ms	float	36.882641
/rows/103/ready_ms	float	63.666322
/rows/103/result	object	-
/rows/103/result/correctness	string	passed
/rows/103/result/filesystem	object	-
/rows/103/result/filesystem/cargo	object	-
/rows/103/result/filesystem/cargo/check	object	-
/rows/103/result/filesystem/cargo/check/modules	integer	64
/rows/103/result/filesystem/cargo/check/result	string	2016
/rows/103/result/filesystem/cargo/python	string	3.14.7
/rows/103/result/filesystem/cargo/worker_ms	float	113.370213
/rows/103/result/filesystem/cargo/workload	string	cargo
/rows/103/result/filesystem/git	object	-
/rows/103/result/filesystem/git/check	object	-
/rows/103/result/filesystem/git/check/git_clean	boolean	true
/rows/103/result/filesystem/git/python	string	3.14.7
/rows/103/result/filesystem/git/worker_ms	float	166.722945
/rows/103/result/filesystem/git/workload	string	git
/rows/103/result/filesystem/metadata	object	-
/rows/103/result/filesystem/metadata/check	object	-
/rows/103/result/filesystem/metadata/check/bytes	integer	2095104
/rows/103/result/filesystem/metadata/check/files	integer	2048
/rows/103/result/filesystem/metadata/python	string	3.14.7
/rows/103/result/filesystem/metadata/worker_ms	float	77.088714
/rows/103/result/filesystem/metadata/workload	string	metadata
/rows/103/result/filesystem/npm	object	-
/rows/103/result/filesystem/npm/check	object	-
/rows/103/result/filesystem/npm/check/local_packages	integer	32
/rows/103/result/filesystem/npm/python	string	3.14.7
/rows/103/result/filesystem/npm/worker_ms	float	259.244614
/rows/103/result/filesystem/npm/workload	string	npm
/rows/103/result/filesystem/read	object	-
/rows/103/result/filesystem/read/check	object	-
/rows/103/result/filesystem/read/check/bytes	integer	67108864
/rows/103/result/filesystem/read/check/sha256	string	42ef3a50fe506ced865473b082c8b28f6ce254e6e2b01266b6a563531a6267bc
/rows/103/result/filesystem/read/python	string	3.14.7
/rows/103/result/filesystem/read/worker_ms	float	69.310566
/rows/103/result/filesystem/read/workload	string	read
/rows/103/result/filesystem/rg	object	-
/rows/103/result/filesystem/rg/check	object	-
/rows/103/result/filesystem/rg/check/matches	integer	2048
/rows/103/result/filesystem/rg/python	string	3.14.7
/rows/103/result/filesystem/rg/worker_ms	float	87.263806
/rows/103/result/filesystem/rg/workload	string	rg
/rows/103/result/filesystem/write	object	-
/rows/103/result/filesystem/write/check	object	-
/rows/103/result/filesystem/write/check/bytes	integer	16777216
/rows/103/result/filesystem/write/check/files	integer	256
/rows/103/result/filesystem/write/python	string	3.14.7
/rows/103/result/filesystem/write/worker_ms	float	195.657701
/rows/103/result/filesystem/write/workload	string	write
/rows/103/result/mode	string	filesystem
/rows/103/result/worker_ms	float	1091.780436
/rows/103/result_ms	float	1155.483045
/rows/103/trial	integer	20
/rows/103/variant	string	baseline
/rows/104	object	-
/rows/104/backend	string	pvisor-staged
/rows/104/completion_ms	float	1308.706793
/rows/104/correctness	string	passed
/rows/104/logs	string	/home/reiase/workspace/pvisor/target/p1-filesystem-final-full-20261005/candidate/trials/filesystem-pvisor-staged-020
/rows/104/memory_scope	string	owned launcher tree; Docker daemon/container RSS excluded
/rows/104/mode	string	filesystem
/rows/104/peak_tree_rss_kib	integer	177564
/rows/104/prepare_ms	float	35.99845
/rows/104/ready_ms	float	62.000292
/rows/104/result	object	-
/rows/104/result/correctness	string	passed
/rows/104/result/filesystem	object	-
/rows/104/result/filesystem/cargo	object	-
/rows/104/result/filesystem/cargo/check	object	-
/rows/104/result/filesystem/cargo/check/modules	integer	64
/rows/104/result/filesystem/cargo/check/result	string	2016
/rows/104/result/filesystem/cargo/python	string	3.14.7
/rows/104/result/filesystem/cargo/worker_ms	float	117.278477
/rows/104/result/filesystem/cargo/workload	string	cargo
/rows/104/result/filesystem/git	object	-
/rows/104/result/filesystem/git/check	object	-
/rows/104/result/filesystem/git/check/git_clean	boolean	true
/rows/104/result/filesystem/git/python	string	3.14.7
/rows/104/result/filesystem/git/worker_ms	float	174.577054
/rows/104/result/filesystem/git/workload	string	git
/rows/104/result/filesystem/metadata	object	-
/rows/104/result/filesystem/metadata/check	object	-
/rows/104/result/filesystem/metadata/check/bytes	integer	2095104
/rows/104/result/filesystem/metadata/check/files	integer	2048
/rows/104/result/filesystem/metadata/python	string	3.14.7
/rows/104/result/filesystem/metadata/worker_ms	float	76.618667
/rows/104/result/filesystem/metadata/workload	string	metadata
/rows/104/result/filesystem/npm	object	-
/rows/104/result/filesystem/npm/check	object	-
/rows/104/result/filesystem/npm/check/local_packages	integer	32
/rows/104/result/filesystem/npm/python	string	3.14.7
/rows/104/result/filesystem/npm/worker_ms	float	268.882583
/rows/104/result/filesystem/npm/workload	string	npm
/rows/104/result/filesystem/read	object	-
/rows/104/result/filesystem/read/check	object	-
/rows/104/result/filesystem/read/check/bytes	integer	67108864
/rows/104/result/filesystem/read/check/sha256	string	42ef3a50fe506ced865473b082c8b28f6ce254e6e2b01266b6a563531a6267bc
/rows/104/result/filesystem/read/python	string	3.14.7
/rows/104/result/filesystem/read/worker_ms	float	67.428844
/rows/104/result/filesystem/read/workload	string	read
/rows/104/result/filesystem/rg	object	-
/rows/104/result/filesystem/rg/check	object	-
/rows/104/result/filesystem/rg/check/matches	integer	2048
/rows/104/result/filesystem/rg/python	string	3.14.7
/rows/104/result/filesystem/rg/worker_ms	float	89.323631
/rows/104/result/filesystem/rg/workload	string	rg
/rows/104/result/filesystem/write	object	-
/rows/104/result/filesystem/write/check	object	-
/rows/104/result/filesystem/write/check/bytes	integer	16777216
/rows/104/result/filesystem/write/check/files	integer	256
/rows/104/result/filesystem/write/python	string	3.14.7
/rows/104/result/filesystem/write/worker_ms	float	202.836169
/rows/104/result/filesystem/write/workload	string	write
/rows/104/result/mode	string	filesystem
/rows/104/result/worker_ms	float	1120.742032
/rows/104/result_ms	float	1182.798098
/rows/104/trial	integer	20
/rows/104/variant	string	candidate
/rows/105	object	-
/rows/105/backend	string	pvisor-vm
/rows/105/completion_ms	float	5766.275711
/rows/105/correctness	string	passed
/rows/105/logs	string	/home/reiase/workspace/pvisor/target/p1-filesystem-final-full-20261005/candidate/trials/filesystem-pvisor-vm-021
/rows/105/memory_scope	string	owned launcher tree; Docker daemon/container RSS excluded
/rows/105/mode	string	filesystem
/rows/105/peak_tree_rss_kib	integer	830180
/rows/105/prepare_ms	float	36.80729
/rows/105/ready_ms	float	642.659741
/rows/105/result	object	-
/rows/105/result/correctness	string	passed
/rows/105/result/filesystem	object	-
/rows/105/result/filesystem/cargo	object	-
/rows/105/result/filesystem/cargo/check	object	-
/rows/105/result/filesystem/cargo/check/modules	integer	64
/rows/105/result/filesystem/cargo/check/result	string	2016
/rows/105/result/filesystem/cargo/python	string	3.14.7
/rows/105/result/filesystem/cargo/worker_ms	float	622.682374
/rows/105/result/filesystem/cargo/workload	string	cargo
/rows/105/result/filesystem/git	object	-
/rows/105/result/filesystem/git/check	object	-
/rows/105/result/filesystem/git/check/git_clean	boolean	true
/rows/105/result/filesystem/git/python	string	3.14.7
/rows/105/result/filesystem/git/worker_ms	float	592.878002
/rows/105/result/filesystem/git/workload	string	git
/rows/105/result/filesystem/metadata	object	-
/rows/105/result/filesystem/metadata/check	object	-
/rows/105/result/filesystem/metadata/check/bytes	integer	2095104
/rows/105/result/filesystem/metadata/check/files	integer	2048
/rows/105/result/filesystem/metadata/python	string	3.14.7
/rows/105/result/filesystem/metadata/worker_ms	float	299.330442
/rows/105/result/filesystem/metadata/workload	string	metadata
/rows/105/result/filesystem/npm	object	-
/rows/105/result/filesystem/npm/check	object	-
/rows/105/result/filesystem/npm/check/local_packages	integer	32
/rows/105/result/filesystem/npm/python	string	3.14.7
/rows/105/result/filesystem/npm/worker_ms	float	1951.301821
/rows/105/result/filesystem/npm/workload	string	npm
/rows/105/result/filesystem/read	object	-
/rows/105/result/filesystem/read/check	object	-
/rows/105/result/filesystem/read/check/bytes	integer	67108864
/rows/105/result/filesystem/read/check/sha256	string	42ef3a50fe506ced865473b082c8b28f6ce254e6e2b01266b6a563531a6267bc
/rows/105/result/filesystem/read/python	string	3.14.7
/rows/105/result/filesystem/read/worker_ms	float	141.690178
/rows/105/result/filesystem/read/workload	string	read
/rows/105/result/filesystem/rg	object	-
/rows/105/result/filesystem/rg/check	object	-
/rows/105/result/filesystem/rg/check/matches	integer	2048
/rows/105/result/filesystem/rg/python	string	3.14.7
/rows/105/result/filesystem/rg/worker_ms	float	415.447124
/rows/105/result/filesystem/rg/workload	string	rg
/rows/105/result/filesystem/write	object	-
/rows/105/result/filesystem/write/check	object	-
/rows/105/result/filesystem/write/check/bytes	integer	16777216
/rows/105/result/filesystem/write/check/files	integer	256
/rows/105/result/filesystem/write/python	string	3.14.7
/rows/105/result/filesystem/write/worker_ms	float	350.863343
/rows/105/result/filesystem/write/workload	string	write
/rows/105/result/mode	string	filesystem
/rows/105/result/worker_ms	float	4992.307529
/rows/105/result_ms	float	5635.788419
/rows/105/trial	integer	21
/rows/105/variant	string	candidate
/rows/106	object	-
/rows/106/backend	string	pvisor-staged
/rows/106/completion_ms	float	1492.163792
/rows/106/correctness	string	passed
/rows/106/logs	string	/home/reiase/workspace/pvisor/target/p1-filesystem-final-full-20261005/candidate/trials/filesystem-pvisor-staged-021
/rows/106/memory_scope	string	owned launcher tree; Docker daemon/container RSS excluded
/rows/106/mode	string	filesystem
/rows/106/peak_tree_rss_kib	integer	177448
/rows/106/prepare_ms	float	37.328754
/rows/106/ready_ms	float	69.800732
/rows/106/result	object	-
/rows/106/result/correctness	string	passed
/rows/106/result/filesystem	object	-
/rows/106/result/filesystem/cargo	object	-
/rows/106/result/filesystem/cargo/check	object	-
/rows/106/result/filesystem/cargo/check/modules	integer	64
/rows/106/result/filesystem/cargo/check/result	string	2016
/rows/106/result/filesystem/cargo/python	string	3.14.7
/rows/106/result/filesystem/cargo/worker_ms	float	145.090708
/rows/106/result/filesystem/cargo/workload	string	cargo
/rows/106/result/filesystem/git	object	-
/rows/106/result/filesystem/git/check	object	-
/rows/106/result/filesystem/git/check/git_clean	boolean	true
/rows/106/result/filesystem/git/python	string	3.14.7
/rows/106/result/filesystem/git/worker_ms	float	200.674725
/rows/106/result/filesystem/git/workload	string	git
/rows/106/result/filesystem/metadata	object	-
/rows/106/result/filesystem/metadata/check	object	-
/rows/106/result/filesystem/metadata/check/bytes	integer	2095104
/rows/106/result/filesystem/metadata/check/files	integer	2048
/rows/106/result/filesystem/metadata/python	string	3.14.7
/rows/106/result/filesystem/metadata/worker_ms	float	90.000454
/rows/106/result/filesystem/metadata/workload	string	metadata
/rows/106/result/filesystem/npm	object	-
/rows/106/result/filesystem/npm/check	object	-
/rows/106/result/filesystem/npm/check/local_packages	integer	32
/rows/106/result/filesystem/npm/python	string	3.14.7
/rows/106/result/filesystem/npm/worker_ms	float	311.452149
/rows/106/result/filesystem/npm/workload	string	npm
/rows/106/result/filesystem/read	object	-
/rows/106/result/filesystem/read/check	object	-
/rows/106/result/filesystem/read/check/bytes	integer	67108864
/rows/106/result/filesystem/read/check/sha256	string	42ef3a50fe506ced865473b082c8b28f6ce254e6e2b01266b6a563531a6267bc
/rows/106/result/filesystem/read/python	string	3.14.7
/rows/106/result/filesystem/read/worker_ms	float	69.806582
/rows/106/result/filesystem/read/workload	string	read
/rows/106/result/filesystem/rg	object	-
/rows/106/result/filesystem/rg/check	object	-
/rows/106/result/filesystem/rg/check/matches	integer	2048
/rows/106/result/filesystem/rg/python	string	3.14.7
/rows/106/result/filesystem/rg/worker_ms	float	102.222135
/rows/106/result/filesystem/rg/workload	string	rg
/rows/106/result/filesystem/write	object	-
/rows/106/result/filesystem/write/check	object	-
/rows/106/result/filesystem/write/check/bytes	integer	16777216
/rows/106/result/filesystem/write/check/files	integer	256
/rows/106/result/filesystem/write/python	string	3.14.7
/rows/106/result/filesystem/write/worker_ms	float	210.102081
/rows/106/result/filesystem/write/workload	string	write
/rows/106/result/mode	string	filesystem
/rows/106/result/worker_ms	float	1276.029923
/rows/106/result_ms	float	1345.898511
/rows/106/trial	integer	21
/rows/106/variant	string	candidate
/rows/107	object	-
/rows/107/backend	string	native
/rows/107/completion_ms	float	507.970225
/rows/107/correctness	string	passed
/rows/107/logs	string	/home/reiase/workspace/pvisor/target/p1-filesystem-final-full-20261005/native/trials/filesystem-native-021
/rows/107/memory_scope	string	owned launcher tree; Docker daemon/container RSS excluded
/rows/107/mode	string	filesystem
/rows/107/peak_tree_rss_kib	integer	137512
/rows/107/prepare_ms	float	39.43798
/rows/107/ready_ms	float	43.933411
/rows/107/result	object	-
/rows/107/result/correctness	string	passed
/rows/107/result/filesystem	object	-
/rows/107/result/filesystem/cargo	object	-
/rows/107/result/filesystem/cargo/check	object	-
/rows/107/result/filesystem/cargo/check/modules	integer	64
/rows/107/result/filesystem/cargo/check/result	string	2016
/rows/107/result/filesystem/cargo/python	string	3.14.7
/rows/107/result/filesystem/cargo/worker_ms	float	65.350836
/rows/107/result/filesystem/cargo/workload	string	cargo
/rows/107/result/filesystem/git	object	-
/rows/107/result/filesystem/git/check	object	-
/rows/107/result/filesystem/git/check/git_clean	boolean	true
/rows/107/result/filesystem/git/python	string	3.14.7
/rows/107/result/filesystem/git/worker_ms	float	14.757104
/rows/107/result/filesystem/git/workload	string	git
/rows/107/result/filesystem/metadata	object	-
/rows/107/result/filesystem/metadata/check	object	-
/rows/107/result/filesystem/metadata/check/bytes	integer	2095104
/rows/107/result/filesystem/metadata/check/files	integer	2048
/rows/107/result/filesystem/metadata/python	string	3.14.7
/rows/107/result/filesystem/metadata/worker_ms	float	4.74712
/rows/107/result/filesystem/metadata/workload	string	metadata
/rows/107/result/filesystem/npm	object	-
/rows/107/result/filesystem/npm/check	object	-
/rows/107/result/filesystem/npm/check/local_packages	integer	32
/rows/107/result/filesystem/npm/python	string	3.14.7
/rows/107/result/filesystem/npm/worker_ms	float	195.430466
/rows/107/result/filesystem/npm/workload	string	npm
/rows/107/result/filesystem/read	object	-
/rows/107/result/filesystem/read/check	object	-
/rows/107/result/filesystem/read/check/bytes	integer	67108864
/rows/107/result/filesystem/read/check/sha256	string	42ef3a50fe506ced865473b082c8b28f6ce254e6e2b01266b6a563531a6267bc
/rows/107/result/filesystem/read/python	string	3.14.7
/rows/107/result/filesystem/read/worker_ms	float	32.477739
/rows/107/result/filesystem/read/workload	string	read
/rows/107/result/filesystem/rg	object	-
/rows/107/result/filesystem/rg/check	object	-
/rows/107/result/filesystem/rg/check/matches	integer	2048
/rows/107/result/filesystem/rg/python	string	3.14.7
/rows/107/result/filesystem/rg/worker_ms	float	7.823593
/rows/107/result/filesystem/rg/workload	string	rg
/rows/107/result/filesystem/write	object	-
/rows/107/result/filesystem/write/check	object	-
/rows/107/result/filesystem/write/check/bytes	integer	16777216
/rows/107/result/filesystem/write/check/files	integer	256
/rows/107/result/filesystem/write/python	string	3.14.7
/rows/107/result/filesystem/write/worker_ms	float	3.83592
/rows/107/result/filesystem/write/workload	string	write
/rows/107/result/mode	string	filesystem
/rows/107/result/worker_ms	float	454.237905
/rows/107/result_ms	float	498.239283
/rows/107/trial	integer	21
/rows/107/variant	string	native
/rows/108	object	-
/rows/108/backend	string	pvisor-staged
/rows/108/completion_ms	float	1398.372963
/rows/108/correctness	string	passed
/rows/108/logs	string	/home/reiase/workspace/pvisor/target/p1-filesystem-final-full-20261005/baseline/trials/filesystem-pvisor-staged-021
/rows/108/memory_scope	string	owned launcher tree; Docker daemon/container RSS excluded
/rows/108/mode	string	filesystem
/rows/108/peak_tree_rss_kib	integer	177712
/rows/108/prepare_ms	float	39.927284
/rows/108/ready_ms	float	72.618761
/rows/108/result	object	-
/rows/108/result/correctness	string	passed
/rows/108/result/filesystem	object	-
/rows/108/result/filesystem/cargo	object	-
/rows/108/result/filesystem/cargo/check	object	-
/rows/108/result/filesystem/cargo/check/modules	integer	64
/rows/108/result/filesystem/cargo/check/result	string	2016
/rows/108/result/filesystem/cargo/python	string	3.14.7
/rows/108/result/filesystem/cargo/worker_ms	float	127.414657
/rows/108/result/filesystem/cargo/workload	string	cargo
/rows/108/result/filesystem/git	object	-
/rows/108/result/filesystem/git/check	object	-
/rows/108/result/filesystem/git/check/git_clean	boolean	true
/rows/108/result/filesystem/git/python	string	3.14.7
/rows/108/result/filesystem/git/worker_ms	float	177.830687
/rows/108/result/filesystem/git/workload	string	git
/rows/108/result/filesystem/metadata	object	-
/rows/108/result/filesystem/metadata/check	object	-
/rows/108/result/filesystem/metadata/check/bytes	integer	2095104
/rows/108/result/filesystem/metadata/check/files	integer	2048
/rows/108/result/filesystem/metadata/python	string	3.14.7
/rows/108/result/filesystem/metadata/worker_ms	float	84.178688
/rows/108/result/filesystem/metadata/workload	string	metadata
/rows/108/result/filesystem/npm	object	-
/rows/108/result/filesystem/npm/check	object	-
/rows/108/result/filesystem/npm/check/local_packages	integer	32
/rows/108/result/filesystem/npm/python	string	3.14.7
/rows/108/result/filesystem/npm/worker_ms	float	284.931188
/rows/108/result/filesystem/npm/workload	string	npm
/rows/108/result/filesystem/read	object	-
/rows/108/result/filesystem/read/check	object	-
/rows/108/result/filesystem/read/check/bytes	integer	67108864
/rows/108/result/filesystem/read/check/sha256	string	42ef3a50fe506ced865473b082c8b28f6ce254e6e2b01266b6a563531a6267bc
/rows/108/result/filesystem/read/python	string	3.14.7
/rows/108/result/filesystem/read/worker_ms	float	72.526469
/rows/108/result/filesystem/read/workload	string	read
/rows/108/result/filesystem/rg	object	-
/rows/108/result/filesystem/rg/check	object	-
/rows/108/result/filesystem/rg/check/matches	integer	2048
/rows/108/result/filesystem/rg/python	string	3.14.7
/rows/108/result/filesystem/rg/worker_ms	float	92.22162
/rows/108/result/filesystem/rg/workload	string	rg
/rows/108/result/filesystem/write	object	-
/rows/108/result/filesystem/write/check	object	-
/rows/108/result/filesystem/write/check/bytes	integer	16777216
/rows/108/result/filesystem/write/check/files	integer	256
/rows/108/result/filesystem/write/python	string	3.14.7
/rows/108/result/filesystem/write/worker_ms	float	212.215555
/rows/108/result/filesystem/write/workload	string	write
/rows/108/result/mode	string	filesystem
/rows/108/result/worker_ms	float	1186.355426
/rows/108/result_ms	float	1259.050871
/rows/108/trial	integer	21
/rows/108/variant	string	baseline
/rows/109	object	-
/rows/109/backend	string	pvisor-vm
/rows/109/completion_ms	float	5576.025914
/rows/109/correctness	string	passed
/rows/109/logs	string	/home/reiase/workspace/pvisor/target/p1-filesystem-final-full-20261005/baseline/trials/filesystem-pvisor-vm-021
/rows/109/memory_scope	string	owned launcher tree; Docker daemon/container RSS excluded
/rows/109/mode	string	filesystem
/rows/109/peak_tree_rss_kib	integer	829160
/rows/109/prepare_ms	float	38.667482
/rows/109/ready_ms	float	686.639548
/rows/109/result	object	-
/rows/109/result/correctness	string	passed
/rows/109/result/filesystem	object	-
/rows/109/result/filesystem/cargo	object	-
/rows/109/result/filesystem/cargo/check	object	-
/rows/109/result/filesystem/cargo/check/modules	integer	64
/rows/109/result/filesystem/cargo/check/result	string	2016
/rows/109/result/filesystem/cargo/python	string	3.14.7
/rows/109/result/filesystem/cargo/worker_ms	float	716.827072
/rows/109/result/filesystem/cargo/workload	string	cargo
/rows/109/result/filesystem/git	object	-
/rows/109/result/filesystem/git/check	object	-
/rows/109/result/filesystem/git/check/git_clean	boolean	true
/rows/109/result/filesystem/git/python	string	3.14.7
/rows/109/result/filesystem/git/worker_ms	float	813.353767
/rows/109/result/filesystem/git/workload	string	git
/rows/109/result/filesystem/metadata	object	-
/rows/109/result/filesystem/metadata/check	object	-
/rows/109/result/filesystem/metadata/check/bytes	integer	2095104
/rows/109/result/filesystem/metadata/check/files	integer	2048
/rows/109/result/filesystem/metadata/python	string	3.14.7
/rows/109/result/filesystem/metadata/worker_ms	float	231.781751
/rows/109/result/filesystem/metadata/workload	string	metadata
/rows/109/result/filesystem/npm	object	-
/rows/109/result/filesystem/npm/check	object	-
/rows/109/result/filesystem/npm/check/local_packages	integer	32
/rows/109/result/filesystem/npm/python	string	3.14.7
/rows/109/result/filesystem/npm/worker_ms	float	1583.21039
/rows/109/result/filesystem/npm/workload	string	npm
/rows/109/result/filesystem/read	object	-
/rows/109/result/filesystem/read/check	object	-
/rows/109/result/filesystem/read/check/bytes	integer	67108864
/rows/109/result/filesystem/read/check/sha256	string	42ef3a50fe506ced865473b082c8b28f6ce254e6e2b01266b6a563531a6267bc
/rows/109/result/filesystem/read/python	string	3.14.7
/rows/109/result/filesystem/read/worker_ms	float	126.656004
/rows/109/result/filesystem/read/workload	string	read
/rows/109/result/filesystem/rg	object	-
/rows/109/result/filesystem/rg/check	object	-
/rows/109/result/filesystem/rg/check/matches	integer	2048
/rows/109/result/filesystem/rg/python	string	3.14.7
/rows/109/result/filesystem/rg/worker_ms	float	423.255847
/rows/109/result/filesystem/rg/workload	string	rg
/rows/109/result/filesystem/write	object	-
/rows/109/result/filesystem/write/check	object	-
/rows/109/result/filesystem/write/check/bytes	integer	16777216
/rows/109/result/filesystem/write/check/files	integer	256
/rows/109/result/filesystem/write/python	string	3.14.7
/rows/109/result/filesystem/write/worker_ms	float	309.322389
/rows/109/result/filesystem/write/workload	string	write
/rows/109/result/mode	string	filesystem
/rows/109/result/worker_ms	float	4767.065745
/rows/109/result_ms	float	5454.162619
/rows/109/trial	integer	21
/rows/109/variant	string	baseline
/rows/110	object	-
/rows/110/backend	string	pvisor-vm
/rows/110/completion_ms	float	5377.764643
/rows/110/correctness	string	passed
/rows/110/logs	string	/home/reiase/workspace/pvisor/target/p1-filesystem-final-full-20261005/candidate/trials/filesystem-pvisor-vm-022
/rows/110/memory_scope	string	owned launcher tree; Docker daemon/container RSS excluded
/rows/110/mode	string	filesystem
/rows/110/peak_tree_rss_kib	integer	825176
/rows/110/prepare_ms	float	37.387994
/rows/110/ready_ms	float	559.721098
/rows/110/result	object	-
/rows/110/result/correctness	string	passed
/rows/110/result/filesystem	object	-
/rows/110/result/filesystem/cargo	object	-
/rows/110/result/filesystem/cargo/check	object	-
/rows/110/result/filesystem/cargo/check/modules	integer	64
/rows/110/result/filesystem/cargo/check/result	string	2016
/rows/110/result/filesystem/cargo/python	string	3.14.7
/rows/110/result/filesystem/cargo/worker_ms	float	692.578476
/rows/110/result/filesystem/cargo/workload	string	cargo
/rows/110/result/filesystem/git	object	-
/rows/110/result/filesystem/git/check	object	-
/rows/110/result/filesystem/git/check/git_clean	boolean	true
/rows/110/result/filesystem/git/python	string	3.14.7
/rows/110/result/filesystem/git/worker_ms	float	662.316388
/rows/110/result/filesystem/git/workload	string	git
/rows/110/result/filesystem/metadata	object	-
/rows/110/result/filesystem/metadata/check	object	-
/rows/110/result/filesystem/metadata/check/bytes	integer	2095104
/rows/110/result/filesystem/metadata/check/files	integer	2048
/rows/110/result/filesystem/metadata/python	string	3.14.7
/rows/110/result/filesystem/metadata/worker_ms	float	166.614287
/rows/110/result/filesystem/metadata/workload	string	metadata
/rows/110/result/filesystem/npm	object	-
/rows/110/result/filesystem/npm/check	object	-
/rows/110/result/filesystem/npm/check/local_packages	integer	32
/rows/110/result/filesystem/npm/python	string	3.14.7
/rows/110/result/filesystem/npm/worker_ms	float	1748.968295
/rows/110/result/filesystem/npm/workload	string	npm
/rows/110/result/filesystem/read	object	-
/rows/110/result/filesystem/read/check	object	-
/rows/110/result/filesystem/read/check/bytes	integer	67108864
/rows/110/result/filesystem/read/check/sha256	string	42ef3a50fe506ced865473b082c8b28f6ce254e6e2b01266b6a563531a6267bc
/rows/110/result/filesystem/read/python	string	3.14.7
/rows/110/result/filesystem/read/worker_ms	float	157.881104
/rows/110/result/filesystem/read/workload	string	read
/rows/110/result/filesystem/rg	object	-
/rows/110/result/filesystem/rg/check	object	-
/rows/110/result/filesystem/rg/check/matches	integer	2048
/rows/110/result/filesystem/rg/python	string	3.14.7
/rows/110/result/filesystem/rg/worker_ms	float	429.964671
/rows/110/result/filesystem/rg/workload	string	rg
/rows/110/result/filesystem/write	object	-
/rows/110/result/filesystem/write/check	object	-
/rows/110/result/filesystem/write/check/bytes	integer	16777216
/rows/110/result/filesystem/write/check/files	integer	256
/rows/110/result/filesystem/write/python	string	3.14.7
/rows/110/result/filesystem/write/worker_ms	float	279.243985
/rows/110/result/filesystem/write/workload	string	write
/rows/110/result/mode	string	filesystem
/rows/110/result/worker_ms	float	4693.896638
/rows/110/result_ms	float	5254.483923
/rows/110/trial	integer	22
/rows/110/variant	string	candidate
/rows/111	object	-
/rows/111/backend	string	pvisor-staged
/rows/111/completion_ms	float	1290.917339
/rows/111/correctness	string	passed
/rows/111/logs	string	/home/reiase/workspace/pvisor/target/p1-filesystem-final-full-20261005/baseline/trials/filesystem-pvisor-staged-022
/rows/111/memory_scope	string	owned launcher tree; Docker daemon/container RSS excluded
/rows/111/mode	string	filesystem
/rows/111/peak_tree_rss_kib	integer	177572
/rows/111/prepare_ms	float	39.755753
/rows/111/ready_ms	float	60.737646
/rows/111/result	object	-
/rows/111/result/correctness	string	passed
/rows/111/result/filesystem	object	-
/rows/111/result/filesystem/cargo	object	-
/rows/111/result/filesystem/cargo/check	object	-
/rows/111/result/filesystem/cargo/check/modules	integer	64
/rows/111/result/filesystem/cargo/check/result	string	2016
/rows/111/result/filesystem/cargo/python	string	3.14.7
/rows/111/result/filesystem/cargo/worker_ms	float	109.092008
/rows/111/result/filesystem/cargo/workload	string	cargo
/rows/111/result/filesystem/git	object	-
/rows/111/result/filesystem/git/check	object	-
/rows/111/result/filesystem/git/check/git_clean	boolean	true
/rows/111/result/filesystem/git/python	string	3.14.7
/rows/111/result/filesystem/git/worker_ms	float	168.497988
/rows/111/result/filesystem/git/workload	string	git
/rows/111/result/filesystem/metadata	object	-
/rows/111/result/filesystem/metadata/check	object	-
/rows/111/result/filesystem/metadata/check/bytes	integer	2095104
/rows/111/result/filesystem/metadata/check/files	integer	2048
/rows/111/result/filesystem/metadata/python	string	3.14.7
/rows/111/result/filesystem/metadata/worker_ms	float	76.819662
/rows/111/result/filesystem/metadata/workload	string	metadata
/rows/111/result/filesystem/npm	object	-
/rows/111/result/filesystem/npm/check	object	-
/rows/111/result/filesystem/npm/check/local_packages	integer	32
/rows/111/result/filesystem/npm/python	string	3.14.7
/rows/111/result/filesystem/npm/worker_ms	float	257.931533
/rows/111/result/filesystem/npm/workload	string	npm
/rows/111/result/filesystem/read	object	-
/rows/111/result/filesystem/read/check	object	-
/rows/111/result/filesystem/read/check/bytes	integer	67108864
/rows/111/result/filesystem/read/check/sha256	string	42ef3a50fe506ced865473b082c8b28f6ce254e6e2b01266b6a563531a6267bc
/rows/111/result/filesystem/read/python	string	3.14.7
/rows/111/result/filesystem/read/worker_ms	float	69.650291
/rows/111/result/filesystem/read/workload	string	read
/rows/111/result/filesystem/rg	object	-
/rows/111/result/filesystem/rg/check	object	-
/rows/111/result/filesystem/rg/check/matches	integer	2048
/rows/111/result/filesystem/rg/python	string	3.14.7
/rows/111/result/filesystem/rg/worker_ms	float	87.96803
/rows/111/result/filesystem/rg/workload	string	rg
/rows/111/result/filesystem/write	object	-
/rows/111/result/filesystem/write/check	object	-
/rows/111/result/filesystem/write/check/bytes	integer	16777216
/rows/111/result/filesystem/write/check/files	integer	256
/rows/111/result/filesystem/write/python	string	3.14.7
/rows/111/result/filesystem/write/worker_ms	float	199.696109
/rows/111/result/filesystem/write/workload	string	write
/rows/111/result/mode	string	filesystem
/rows/111/result/worker_ms	float	1097.378263
/rows/111/result_ms	float	1158.219162
/rows/111/trial	integer	22
/rows/111/variant	string	baseline
/rows/112	object	-
/rows/112/backend	string	pvisor-vm
/rows/112/completion_ms	float	4960.529884
/rows/112/correctness	string	passed
/rows/112/logs	string	/home/reiase/workspace/pvisor/target/p1-filesystem-final-full-20261005/baseline/trials/filesystem-pvisor-vm-022
/rows/112/memory_scope	string	owned launcher tree; Docker daemon/container RSS excluded
/rows/112/mode	string	filesystem
/rows/112/peak_tree_rss_kib	integer	830284
/rows/112/prepare_ms	float	37.738288
/rows/112/ready_ms	float	561.729206
/rows/112/result	object	-
/rows/112/result/correctness	string	passed
/rows/112/result/filesystem	object	-
/rows/112/result/filesystem/cargo	object	-
/rows/112/result/filesystem/cargo/check	object	-
/rows/112/result/filesystem/cargo/check/modules	integer	64
/rows/112/result/filesystem/cargo/check/result	string	2016
/rows/112/result/filesystem/cargo/python	string	3.14.7
/rows/112/result/filesystem/cargo/worker_ms	float	679.095858
/rows/112/result/filesystem/cargo/workload	string	cargo
/rows/112/result/filesystem/git	object	-
/rows/112/result/filesystem/git/check	object	-
/rows/112/result/filesystem/git/check/git_clean	boolean	true
/rows/112/result/filesystem/git/python	string	3.14.7
/rows/112/result/filesystem/git/worker_ms	float	383.453327
/rows/112/result/filesystem/git/workload	string	git
/rows/112/result/filesystem/metadata	object	-
/rows/112/result/filesystem/metadata/check	object	-
/rows/112/result/filesystem/metadata/check/bytes	integer	2095104
/rows/112/result/filesystem/metadata/check/files	integer	2048
/rows/112/result/filesystem/metadata/python	string	3.14.7
/rows/112/result/filesystem/metadata/worker_ms	float	198.910301
/rows/112/result/filesystem/metadata/workload	string	metadata
/rows/112/result/filesystem/npm	object	-
/rows/112/result/filesystem/npm/check	object	-
/rows/112/result/filesystem/npm/check/local_packages	integer	32
/rows/112/result/filesystem/npm/python	string	3.14.7
/rows/112/result/filesystem/npm/worker_ms	float	1573.519336
/rows/112/result/filesystem/npm/workload	string	npm
/rows/112/result/filesystem/read	object	-
/rows/112/result/filesystem/read/check	object	-
/rows/112/result/filesystem/read/check/bytes	integer	67108864
/rows/112/result/filesystem/read/check/sha256	string	42ef3a50fe506ced865473b082c8b28f6ce254e6e2b01266b6a563531a6267bc
/rows/112/result/filesystem/read/python	string	3.14.7
/rows/112/result/filesystem/read/worker_ms	float	116.951335
/rows/112/result/filesystem/read/workload	string	read
/rows/112/result/filesystem/rg	object	-
/rows/112/result/filesystem/rg/check	object	-
/rows/112/result/filesystem/rg/check/matches	integer	2048
/rows/112/result/filesystem/rg/python	string	3.14.7
/rows/112/result/filesystem/rg/worker_ms	float	474.956271
/rows/112/result/filesystem/rg/workload	string	rg
/rows/112/result/filesystem/write	object	-
/rows/112/result/filesystem/write/check	object	-
/rows/112/result/filesystem/write/check/bytes	integer	16777216
/rows/112/result/filesystem/write/check/files	integer	256
/rows/112/result/filesystem/write/python	string	3.14.7
/rows/112/result/filesystem/write/worker_ms	float	257.017724
/rows/112/result/filesystem/write/workload	string	write
/rows/112/result/mode	string	filesystem
/rows/112/result/worker_ms	float	4274.20506
/rows/112/result_ms	float	4836.605101
/rows/112/trial	integer	22
/rows/112/variant	string	baseline
/rows/113	object	-
/rows/113/backend	string	native
/rows/113/completion_ms	float	452.601932
/rows/113/correctness	string	passed
/rows/113/logs	string	/home/reiase/workspace/pvisor/target/p1-filesystem-final-full-20261005/native/trials/filesystem-native-022
/rows/113/memory_scope	string	owned launcher tree; Docker daemon/container RSS excluded
/rows/113/mode	string	filesystem
/rows/113/peak_tree_rss_kib	integer	135276
/rows/113/prepare_ms	float	36.971547
/rows/113/ready_ms	float	39.769269
/rows/113/result	object	-
/rows/113/result/correctness	string	passed
/rows/113/result/filesystem	object	-
/rows/113/result/filesystem/cargo	object	-
/rows/113/result/filesystem/cargo/check	object	-
/rows/113/result/filesystem/cargo/check/modules	integer	64
/rows/113/result/filesystem/cargo/check/result	string	2016
/rows/113/result/filesystem/cargo/python	string	3.14.7
/rows/113/result/filesystem/cargo/worker_ms	float	54.458826
/rows/113/result/filesystem/cargo/workload	string	cargo
/rows/113/result/filesystem/git	object	-
/rows/113/result/filesystem/git/check	object	-
/rows/113/result/filesystem/git/check/git_clean	boolean	true
/rows/113/result/filesystem/git/python	string	3.14.7
/rows/113/result/filesystem/git/worker_ms	float	14.411448
/rows/113/result/filesystem/git/workload	string	git
/rows/113/result/filesystem/metadata	object	-
/rows/113/result/filesystem/metadata/check	object	-
/rows/113/result/filesystem/metadata/check/bytes	integer	2095104
/rows/113/result/filesystem/metadata/check/files	integer	2048
/rows/113/result/filesystem/metadata/python	string	3.14.7
/rows/113/result/filesystem/metadata/worker_ms	float	4.695313
/rows/113/result/filesystem/metadata/workload	string	metadata
/rows/113/result/filesystem/npm	object	-
/rows/113/result/filesystem/npm/check	object	-
/rows/113/result/filesystem/npm/check/local_packages	integer	32
/rows/113/result/filesystem/npm/python	string	3.14.7
/rows/113/result/filesystem/npm/worker_ms	float	172.511219
/rows/113/result/filesystem/npm/workload	string	npm
/rows/113/result/filesystem/read	object	-
/rows/113/result/filesystem/read/check	object	-
/rows/113/result/filesystem/read/check/bytes	integer	67108864
/rows/113/result/filesystem/read/check/sha256	string	42ef3a50fe506ced865473b082c8b28f6ce254e6e2b01266b6a563531a6267bc
/rows/113/result/filesystem/read/python	string	3.14.7
/rows/113/result/filesystem/read/worker_ms	float	32.605808
/rows/113/result/filesystem/read/workload	string	read
/rows/113/result/filesystem/rg	object	-
/rows/113/result/filesystem/rg/check	object	-
/rows/113/result/filesystem/rg/check/matches	integer	2048
/rows/113/result/filesystem/rg/python	string	3.14.7
/rows/113/result/filesystem/rg/worker_ms	float	6.94908
/rows/113/result/filesystem/rg/workload	string	rg
/rows/113/result/filesystem/write	object	-
/rows/113/result/filesystem/write/check	object	-
/rows/113/result/filesystem/write/check/bytes	integer	16777216
/rows/113/result/filesystem/write/check/files	integer	256
/rows/113/result/filesystem/write/python	string	3.14.7
/rows/113/result/filesystem/write/worker_ms	float	3.728469
/rows/113/result/filesystem/write/workload	string	write
/rows/113/result/mode	string	filesystem
/rows/113/result/worker_ms	float	404.345292
/rows/113/result_ms	float	444.151019
/rows/113/trial	integer	22
/rows/113/variant	string	native
/rows/114	object	-
/rows/114/backend	string	pvisor-staged
/rows/114/completion_ms	float	1287.41349
/rows/114/correctness	string	passed
/rows/114/logs	string	/home/reiase/workspace/pvisor/target/p1-filesystem-final-full-20261005/candidate/trials/filesystem-pvisor-staged-022
/rows/114/memory_scope	string	owned launcher tree; Docker daemon/container RSS excluded
/rows/114/mode	string	filesystem
/rows/114/peak_tree_rss_kib	integer	177192
/rows/114/prepare_ms	float	36.811158
/rows/114/ready_ms	float	62.938974
/rows/114/result	object	-
/rows/114/result/correctness	string	passed
/rows/114/result/filesystem	object	-
/rows/114/result/filesystem/cargo	object	-
/rows/114/result/filesystem/cargo/check	object	-
/rows/114/result/filesystem/cargo/check/modules	integer	64
/rows/114/result/filesystem/cargo/check/result	string	2016
/rows/114/result/filesystem/cargo/python	string	3.14.7
/rows/114/result/filesystem/cargo/worker_ms	float	113.148379
/rows/114/result/filesystem/cargo/workload	string	cargo
/rows/114/result/filesystem/git	object	-
/rows/114/result/filesystem/git/check	object	-
/rows/114/result/filesystem/git/check/git_clean	boolean	true
/rows/114/result/filesystem/git/python	string	3.14.7
/rows/114/result/filesystem/git/worker_ms	float	165.894649
/rows/114/result/filesystem/git/workload	string	git
/rows/114/result/filesystem/metadata	object	-
/rows/114/result/filesystem/metadata/check	object	-
/rows/114/result/filesystem/metadata/check/bytes	integer	2095104
/rows/114/result/filesystem/metadata/check/files	integer	2048
/rows/114/result/filesystem/metadata/python	string	3.14.7
/rows/114/result/filesystem/metadata/worker_ms	float	76.538899
/rows/114/result/filesystem/metadata/workload	string	metadata
/rows/114/result/filesystem/npm	object	-
/rows/114/result/filesystem/npm/check	object	-
/rows/114/result/filesystem/npm/check/local_packages	integer	32
/rows/114/result/filesystem/npm/python	string	3.14.7
/rows/114/result/filesystem/npm/worker_ms	float	261.055504
/rows/114/result/filesystem/npm/workload	string	npm
/rows/114/result/filesystem/read	object	-
/rows/114/result/filesystem/read/check	object	-
/rows/114/result/filesystem/read/check/bytes	integer	67108864
/rows/114/result/filesystem/read/check/sha256	string	42ef3a50fe506ced865473b082c8b28f6ce254e6e2b01266b6a563531a6267bc
/rows/114/result/filesystem/read/python	string	3.14.7
/rows/114/result/filesystem/read/worker_ms	float	69.525137
/rows/114/result/filesystem/read/workload	string	read
/rows/114/result/filesystem/rg	object	-
/rows/114/result/filesystem/rg/check	object	-
/rows/114/result/filesystem/rg/check/matches	integer	2048
/rows/114/result/filesystem/rg/python	string	3.14.7
/rows/114/result/filesystem/rg/worker_ms	float	89.246517
/rows/114/result/filesystem/rg/workload	string	rg
/rows/114/result/filesystem/write	object	-
/rows/114/result/filesystem/write/check	object	-
/rows/114/result/filesystem/write/check/bytes	integer	16777216
/rows/114/result/filesystem/write/check/files	integer	256
/rows/114/result/filesystem/write/python	string	3.14.7
/rows/114/result/filesystem/write/worker_ms	float	205.323212
/rows/114/result/filesystem/write/workload	string	write
/rows/114/result/mode	string	filesystem
/rows/114/result/worker_ms	float	1106.368202
/rows/114/result_ms	float	1169.367319
/rows/114/trial	integer	22
/rows/114/variant	string	candidate
/rows/115	object	-
/rows/115/backend	string	pvisor-vm
/rows/115/completion_ms	float	4850.748309
/rows/115/correctness	string	passed
/rows/115/logs	string	/home/reiase/workspace/pvisor/target/p1-filesystem-final-full-20261005/candidate/trials/filesystem-pvisor-vm-023
/rows/115/memory_scope	string	owned launcher tree; Docker daemon/container RSS excluded
/rows/115/mode	string	filesystem
/rows/115/peak_tree_rss_kib	integer	831256
/rows/115/prepare_ms	float	37.627922
/rows/115/ready_ms	float	557.085028
/rows/115/result	object	-
/rows/115/result/correctness	string	passed
/rows/115/result/filesystem	object	-
/rows/115/result/filesystem/cargo	object	-
/rows/115/result/filesystem/cargo/check	object	-
/rows/115/result/filesystem/cargo/check/modules	integer	64
/rows/115/result/filesystem/cargo/check/result	string	2016
/rows/115/result/filesystem/cargo/python	string	3.14.7
/rows/115/result/filesystem/cargo/worker_ms	float	784.474557
/rows/115/result/filesystem/cargo/workload	string	cargo
/rows/115/result/filesystem/git	object	-
/rows/115/result/filesystem/git/check	object	-
/rows/115/result/filesystem/git/check/git_clean	boolean	true
/rows/115/result/filesystem/git/python	string	3.14.7
/rows/115/result/filesystem/git/worker_ms	float	388.60133
/rows/115/result/filesystem/git/workload	string	git
/rows/115/result/filesystem/metadata	object	-
/rows/115/result/filesystem/metadata/check	object	-
/rows/115/result/filesystem/metadata/check/bytes	integer	2095104
/rows/115/result/filesystem/metadata/check/files	integer	2048
/rows/115/result/filesystem/metadata/python	string	3.14.7
/rows/115/result/filesystem/metadata/worker_ms	float	289.631402
/rows/115/result/filesystem/metadata/workload	string	metadata
/rows/115/result/filesystem/npm	object	-
/rows/115/result/filesystem/npm/check	object	-
/rows/115/result/filesystem/npm/check/local_packages	integer	32
/rows/115/result/filesystem/npm/python	string	3.14.7
/rows/115/result/filesystem/npm/worker_ms	float	1387.325641
/rows/115/result/filesystem/npm/workload	string	npm
/rows/115/result/filesystem/read	object	-
/rows/115/result/filesystem/read/check	object	-
/rows/115/result/filesystem/read/check/bytes	integer	67108864
/rows/115/result/filesystem/read/check/sha256	string	42ef3a50fe506ced865473b082c8b28f6ce254e6e2b01266b6a563531a6267bc
/rows/115/result/filesystem/read/python	string	3.14.7
/rows/115/result/filesystem/read/worker_ms	float	116.139065
/rows/115/result/filesystem/read/workload	string	read
/rows/115/result/filesystem/rg	object	-
/rows/115/result/filesystem/rg/check	object	-
/rows/115/result/filesystem/rg/check/matches	integer	2048
/rows/115/result/filesystem/rg/python	string	3.14.7
/rows/115/result/filesystem/rg/worker_ms	float	462.130221
/rows/115/result/filesystem/rg/workload	string	rg
/rows/115/result/filesystem/write	object	-
/rows/115/result/filesystem/write/check	object	-
/rows/115/result/filesystem/write/check/bytes	integer	16777216
/rows/115/result/filesystem/write/check/files	integer	256
/rows/115/result/filesystem/write/python	string	3.14.7
/rows/115/result/filesystem/write/worker_ms	float	219.856656
/rows/115/result/filesystem/write/workload	string	write
/rows/115/result/mode	string	filesystem
/rows/115/result/worker_ms	float	4175.122964
/rows/115/result_ms	float	4732.843262
/rows/115/trial	integer	23
/rows/115/variant	string	candidate
/rows/116	object	-
/rows/116/backend	string	pvisor-staged
/rows/116/completion_ms	float	1291.309201
/rows/116/correctness	string	passed
/rows/116/logs	string	/home/reiase/workspace/pvisor/target/p1-filesystem-final-full-20261005/candidate/trials/filesystem-pvisor-staged-023
/rows/116/memory_scope	string	owned launcher tree; Docker daemon/container RSS excluded
/rows/116/mode	string	filesystem
/rows/116/peak_tree_rss_kib	integer	176016
/rows/116/prepare_ms	float	37.318604
/rows/116/ready_ms	float	75.733274
/rows/116/result	object	-
/rows/116/result/correctness	string	passed
/rows/116/result/filesystem	object	-
/rows/116/result/filesystem/cargo	object	-
/rows/116/result/filesystem/cargo/check	object	-
/rows/116/result/filesystem/cargo/check/modules	integer	64
/rows/116/result/filesystem/cargo/check/result	string	2016
/rows/116/result/filesystem/cargo/python	string	3.14.7
/rows/116/result/filesystem/cargo/worker_ms	float	111.036438
/rows/116/result/filesystem/cargo/workload	string	cargo
/rows/116/result/filesystem/git	object	-
/rows/116/result/filesystem/git/check	object	-
/rows/116/result/filesystem/git/check/git_clean	boolean	true
/rows/116/result/filesystem/git/python	string	3.14.7
/rows/116/result/filesystem/git/worker_ms	float	167.773416
/rows/116/result/filesystem/git/workload	string	git
/rows/116/result/filesystem/metadata	object	-
/rows/116/result/filesystem/metadata/check	object	-
/rows/116/result/filesystem/metadata/check/bytes	integer	2095104
/rows/116/result/filesystem/metadata/check/files	integer	2048
/rows/116/result/filesystem/metadata/python	string	3.14.7
/rows/116/result/filesystem/metadata/worker_ms	float	80.073716
/rows/116/result/filesystem/metadata/workload	string	metadata
/rows/116/result/filesystem/npm	object	-
/rows/116/result/filesystem/npm/check	object	-
/rows/116/result/filesystem/npm/check/local_packages	integer	32
/rows/116/result/filesystem/npm/python	string	3.14.7
/rows/116/result/filesystem/npm/worker_ms	float	258.082095
/rows/116/result/filesystem/npm/workload	string	npm
/rows/116/result/filesystem/read	object	-
/rows/116/result/filesystem/read/check	object	-
/rows/116/result/filesystem/read/check/bytes	integer	67108864
/rows/116/result/filesystem/read/check/sha256	string	42ef3a50fe506ced865473b082c8b28f6ce254e6e2b01266b6a563531a6267bc
/rows/116/result/filesystem/read/python	string	3.14.7
/rows/116/result/filesystem/read/worker_ms	float	68.124693
/rows/116/result/filesystem/read/workload	string	read
/rows/116/result/filesystem/rg	object	-
/rows/116/result/filesystem/rg/check	object	-
/rows/116/result/filesystem/rg/check/matches	integer	2048
/rows/116/result/filesystem/rg/python	string	3.14.7
/rows/116/result/filesystem/rg/worker_ms	float	88.221453
/rows/116/result/filesystem/rg/workload	string	rg
/rows/116/result/filesystem/write	object	-
/rows/116/result/filesystem/write/check	object	-
/rows/116/result/filesystem/write/check/bytes	integer	16777216
/rows/116/result/filesystem/write/check/files	integer	256
/rows/116/result/filesystem/write/python	string	3.14.7
/rows/116/result/filesystem/write/worker_ms	float	190.042921
/rows/116/result/filesystem/write/workload	string	write
/rows/116/result/mode	string	filesystem
/rows/116/result/worker_ms	float	1091.924884
/rows/116/result_ms	float	1167.720665
/rows/116/trial	integer	23
/rows/116/variant	string	candidate
/rows/117	object	-
/rows/117/backend	string	native
/rows/117/completion_ms	float	459.489658
/rows/117/correctness	string	passed
/rows/117/logs	string	/home/reiase/workspace/pvisor/target/p1-filesystem-final-full-20261005/native/trials/filesystem-native-023
/rows/117/memory_scope	string	owned launcher tree; Docker daemon/container RSS excluded
/rows/117/mode	string	filesystem
/rows/117/peak_tree_rss_kib	integer	147484
/rows/117/prepare_ms	float	38.102578
/rows/117/ready_ms	float	39.380623
/rows/117/result	object	-
/rows/117/result/correctness	string	passed
/rows/117/result/filesystem	object	-
/rows/117/result/filesystem/cargo	object	-
/rows/117/result/filesystem/cargo/check	object	-
/rows/117/result/filesystem/cargo/check/modules	integer	64
/rows/117/result/filesystem/cargo/check/result	string	2016
/rows/117/result/filesystem/cargo/python	string	3.14.7
/rows/117/result/filesystem/cargo/worker_ms	float	53.198404
/rows/117/result/filesystem/cargo/workload	string	cargo
/rows/117/result/filesystem/git	object	-
/rows/117/result/filesystem/git/check	object	-
/rows/117/result/filesystem/git/check/git_clean	boolean	true
/rows/117/result/filesystem/git/python	string	3.14.7
/rows/117/result/filesystem/git/worker_ms	float	15.599507
/rows/117/result/filesystem/git/workload	string	git
/rows/117/result/filesystem/metadata	object	-
/rows/117/result/filesystem/metadata/check	object	-
/rows/117/result/filesystem/metadata/check/bytes	integer	2095104
/rows/117/result/filesystem/metadata/check/files	integer	2048
/rows/117/result/filesystem/metadata/python	string	3.14.7
/rows/117/result/filesystem/metadata/worker_ms	float	4.640131
/rows/117/result/filesystem/metadata/workload	string	metadata
/rows/117/result/filesystem/npm	object	-
/rows/117/result/filesystem/npm/check	object	-
/rows/117/result/filesystem/npm/check/local_packages	integer	32
/rows/117/result/filesystem/npm/python	string	3.14.7
/rows/117/result/filesystem/npm/worker_ms	float	174.977421
/rows/117/result/filesystem/npm/workload	string	npm
/rows/117/result/filesystem/read	object	-
/rows/117/result/filesystem/read/check	object	-
/rows/117/result/filesystem/read/check/bytes	integer	67108864
/rows/117/result/filesystem/read/check/sha256	string	42ef3a50fe506ced865473b082c8b28f6ce254e6e2b01266b6a563531a6267bc
/rows/117/result/filesystem/read/python	string	3.14.7
/rows/117/result/filesystem/read/worker_ms	float	32.429439
/rows/117/result/filesystem/read/workload	string	read
/rows/117/result/filesystem/rg	object	-
/rows/117/result/filesystem/rg/check	object	-
/rows/117/result/filesystem/rg/check/matches	integer	2048
/rows/117/result/filesystem/rg/python	string	3.14.7
/rows/117/result/filesystem/rg/worker_ms	float	10.032445
/rows/117/result/filesystem/rg/workload	string	rg
/rows/117/result/filesystem/write	object	-
/rows/117/result/filesystem/write/check	object	-
/rows/117/result/filesystem/write/check/bytes	integer	16777216
/rows/117/result/filesystem/write/check/files	integer	256
/rows/117/result/filesystem/write/python	string	3.14.7
/rows/117/result/filesystem/write/worker_ms	float	3.705466
/rows/117/result/filesystem/write/workload	string	write
/rows/117/result/mode	string	filesystem
/rows/117/result/worker_ms	float	412.200103
/rows/117/result_ms	float	451.650646
/rows/117/trial	integer	23
/rows/117/variant	string	native
/rows/118	object	-
/rows/118/backend	string	pvisor-staged
/rows/118/completion_ms	float	1264.184624
/rows/118/correctness	string	passed
/rows/118/logs	string	/home/reiase/workspace/pvisor/target/p1-filesystem-final-full-20261005/baseline/trials/filesystem-pvisor-staged-023
/rows/118/memory_scope	string	owned launcher tree; Docker daemon/container RSS excluded
/rows/118/mode	string	filesystem
/rows/118/peak_tree_rss_kib	integer	177240
/rows/118/prepare_ms	float	37.096109
/rows/118/ready_ms	float	63.217614
/rows/118/result	object	-
/rows/118/result/correctness	string	passed
/rows/118/result/filesystem	object	-
/rows/118/result/filesystem/cargo	object	-
/rows/118/result/filesystem/cargo/check	object	-
/rows/118/result/filesystem/cargo/check/modules	integer	64
/rows/118/result/filesystem/cargo/check/result	string	2016
/rows/118/result/filesystem/cargo/python	string	3.14.7
/rows/118/result/filesystem/cargo/worker_ms	float	113.649955
/rows/118/result/filesystem/cargo/workload	string	cargo
/rows/118/result/filesystem/git	object	-
/rows/118/result/filesystem/git/check	object	-
/rows/118/result/filesystem/git/check/git_clean	boolean	true
/rows/118/result/filesystem/git/python	string	3.14.7
/rows/118/result/filesystem/git/worker_ms	float	166.307209
/rows/118/result/filesystem/git/workload	string	git
/rows/118/result/filesystem/metadata	object	-
/rows/118/result/filesystem/metadata/check	object	-
/rows/118/result/filesystem/metadata/check/bytes	integer	2095104
/rows/118/result/filesystem/metadata/check/files	integer	2048
/rows/118/result/filesystem/metadata/python	string	3.14.7
/rows/118/result/filesystem/metadata/worker_ms	float	76.228469
/rows/118/result/filesystem/metadata/workload	string	metadata
/rows/118/result/filesystem/npm	object	-
/rows/118/result/filesystem/npm/check	object	-
/rows/118/result/filesystem/npm/check/local_packages	integer	32
/rows/118/result/filesystem/npm/python	string	3.14.7
/rows/118/result/filesystem/npm/worker_ms	float	255.655255
/rows/118/result/filesystem/npm/workload	string	npm
/rows/118/result/filesystem/read	object	-
/rows/118/result/filesystem/read/check	object	-
/rows/118/result/filesystem/read/check/bytes	integer	67108864
/rows/118/result/filesystem/read/check/sha256	string	42ef3a50fe506ced865473b082c8b28f6ce254e6e2b01266b6a563531a6267bc
/rows/118/result/filesystem/read/python	string	3.14.7
/rows/118/result/filesystem/read/worker_ms	float	67.721461
/rows/118/result/filesystem/read/workload	string	read
/rows/118/result/filesystem/rg	object	-
/rows/118/result/filesystem/rg/check	object	-
/rows/118/result/filesystem/rg/check/matches	integer	2048
/rows/118/result/filesystem/rg/python	string	3.14.7
/rows/118/result/filesystem/rg/worker_ms	float	89.727725
/rows/118/result/filesystem/rg/workload	string	rg
/rows/118/result/filesystem/write	object	-
/rows/118/result/filesystem/write/check	object	-
/rows/118/result/filesystem/write/check/bytes	integer	16777216
/rows/118/result/filesystem/write/check/files	integer	256
/rows/118/result/filesystem/write/python	string	3.14.7
/rows/118/result/filesystem/write/worker_ms	float	195.826556
/rows/118/result/filesystem/write/workload	string	write
/rows/118/result/mode	string	filesystem
/rows/118/result/worker_ms	float	1090.066226
/rows/118/result_ms	float	1153.369169
/rows/118/trial	integer	23
/rows/118/variant	string	baseline
/rows/119	object	-
/rows/119/backend	string	pvisor-vm
/rows/119/completion_ms	float	5273.223479
/rows/119/correctness	string	passed
/rows/119/logs	string	/home/reiase/workspace/pvisor/target/p1-filesystem-final-full-20261005/baseline/trials/filesystem-pvisor-vm-023
/rows/119/memory_scope	string	owned launcher tree; Docker daemon/container RSS excluded
/rows/119/mode	string	filesystem
/rows/119/peak_tree_rss_kib	integer	820432
/rows/119/prepare_ms	float	37.819058
/rows/119/ready_ms	float	566.898975
/rows/119/result	object	-
/rows/119/result/correctness	string	passed
/rows/119/result/filesystem	object	-
/rows/119/result/filesystem/cargo	object	-
/rows/119/result/filesystem/cargo/check	object	-
/rows/119/result/filesystem/cargo/check/modules	integer	64
/rows/119/result/filesystem/cargo/check/result	string	2016
/rows/119/result/filesystem/cargo/python	string	3.14.7
/rows/119/result/filesystem/cargo/worker_ms	float	813.142191
/rows/119/result/filesystem/cargo/workload	string	cargo
/rows/119/result/filesystem/git	object	-
/rows/119/result/filesystem/git/check	object	-
/rows/119/result/filesystem/git/check/git_clean	boolean	true
/rows/119/result/filesystem/git/python	string	3.14.7
/rows/119/result/filesystem/git/worker_ms	float	405.282314
/rows/119/result/filesystem/git/workload	string	git
/rows/119/result/filesystem/metadata	object	-
/rows/119/result/filesystem/metadata/check	object	-
/rows/119/result/filesystem/metadata/check/bytes	integer	2095104
/rows/119/result/filesystem/metadata/check/files	integer	2048
/rows/119/result/filesystem/metadata/python	string	3.14.7
/rows/119/result/filesystem/metadata/worker_ms	float	157.106044
/rows/119/result/filesystem/metadata/workload	string	metadata
/rows/119/result/filesystem/npm	object	-
/rows/119/result/filesystem/npm/check	object	-
/rows/119/result/filesystem/npm/check/local_packages	integer	32
/rows/119/result/filesystem/npm/python	string	3.14.7
/rows/119/result/filesystem/npm/worker_ms	float	1709.504629
/rows/119/result/filesystem/npm/workload	string	npm
/rows/119/result/filesystem/read	object	-
/rows/119/result/filesystem/read/check	object	-
/rows/119/result/filesystem/read/check/bytes	integer	67108864
/rows/119/result/filesystem/read/check/sha256	string	42ef3a50fe506ced865473b082c8b28f6ce254e6e2b01266b6a563531a6267bc
/rows/119/result/filesystem/read/python	string	3.14.7
/rows/119/result/filesystem/read/worker_ms	float	189.033158
/rows/119/result/filesystem/read/workload	string	read
/rows/119/result/filesystem/rg	object	-
/rows/119/result/filesystem/rg/check	object	-
/rows/119/result/filesystem/rg/check/matches	integer	2048
/rows/119/result/filesystem/rg/python	string	3.14.7
/rows/119/result/filesystem/rg/worker_ms	float	468.110441
/rows/119/result/filesystem/rg/workload	string	rg
/rows/119/result/filesystem/write	object	-
/rows/119/result/filesystem/write/check	object	-
/rows/119/result/filesystem/write/check/bytes	integer	16777216
/rows/119/result/filesystem/write/check/files	integer	256
/rows/119/result/filesystem/write/python	string	3.14.7
/rows/119/result/filesystem/write/worker_ms	float	242.045668
/rows/119/result/filesystem/write/workload	string	write
/rows/119/result/mode	string	filesystem
/rows/119/result/worker_ms	float	4577.542129
/rows/119/result_ms	float	5145.3947
/rows/119/trial	integer	23
/rows/119/variant	string	baseline
/rows/120	object	-
/rows/120/backend	string	native
/rows/120/completion_ms	float	455.388102
/rows/120/correctness	string	passed
/rows/120/logs	string	/home/reiase/workspace/pvisor/target/p1-filesystem-final-full-20261005/native/trials/filesystem-native-024
/rows/120/memory_scope	string	owned launcher tree; Docker daemon/container RSS excluded
/rows/120/mode	string	filesystem
/rows/120/peak_tree_rss_kib	integer	148304
/rows/120/prepare_ms	float	36.802671
/rows/120/ready_ms	float	38.860392
/rows/120/result	object	-
/rows/120/result/correctness	string	passed
/rows/120/result/filesystem	object	-
/rows/120/result/filesystem/cargo	object	-
/rows/120/result/filesystem/cargo/check	object	-
/rows/120/result/filesystem/cargo/check/modules	integer	64
/rows/120/result/filesystem/cargo/check/result	string	2016
/rows/120/result/filesystem/cargo/python	string	3.14.7
/rows/120/result/filesystem/cargo/worker_ms	float	55.584988
/rows/120/result/filesystem/cargo/workload	string	cargo
/rows/120/result/filesystem/git	object	-
/rows/120/result/filesystem/git/check	object	-
/rows/120/result/filesystem/git/check/git_clean	boolean	true
/rows/120/result/filesystem/git/python	string	3.14.7
/rows/120/result/filesystem/git/worker_ms	float	15.272836
/rows/120/result/filesystem/git/workload	string	git
/rows/120/result/filesystem/metadata	object	-
/rows/120/result/filesystem/metadata/check	object	-
/rows/120/result/filesystem/metadata/check/bytes	integer	2095104
/rows/120/result/filesystem/metadata/check/files	integer	2048
/rows/120/result/filesystem/metadata/python	string	3.14.7
/rows/120/result/filesystem/metadata/worker_ms	float	4.791574
/rows/120/result/filesystem/metadata/workload	string	metadata
/rows/120/result/filesystem/npm	object	-
/rows/120/result/filesystem/npm/check	object	-
/rows/120/result/filesystem/npm/check/local_packages	integer	32
/rows/120/result/filesystem/npm/python	string	3.14.7
/rows/120/result/filesystem/npm/worker_ms	float	171.546938
/rows/120/result/filesystem/npm/workload	string	npm
/rows/120/result/filesystem/read	object	-
/rows/120/result/filesystem/read/check	object	-
/rows/120/result/filesystem/read/check/bytes	integer	67108864
/rows/120/result/filesystem/read/check/sha256	string	42ef3a50fe506ced865473b082c8b28f6ce254e6e2b01266b6a563531a6267bc
/rows/120/result/filesystem/read/python	string	3.14.7
/rows/120/result/filesystem/read/worker_ms	float	32.453244
/rows/120/result/filesystem/read/workload	string	read
/rows/120/result/filesystem/rg	object	-
/rows/120/result/filesystem/rg/check	object	-
/rows/120/result/filesystem/rg/check/matches	integer	2048
/rows/120/result/filesystem/rg/python	string	3.14.7
/rows/120/result/filesystem/rg/worker_ms	float	8.3045
/rows/120/result/filesystem/rg/workload	string	rg
/rows/120/result/filesystem/write	object	-
/rows/120/result/filesystem/write/check	object	-
/rows/120/result/filesystem/write/check/bytes	integer	16777216
/rows/120/result/filesystem/write/check/files	integer	256
/rows/120/result/filesystem/write/python	string	3.14.7
/rows/120/result/filesystem/write/worker_ms	float	4.127454
/rows/120/result/filesystem/write/workload	string	write
/rows/120/result/mode	string	filesystem
/rows/120/result/worker_ms	float	408.409168
/rows/120/result_ms	float	447.322408
/rows/120/trial	integer	24
/rows/120/variant	string	native
/rows/121	object	-
/rows/121/backend	string	pvisor-vm
/rows/121/completion_ms	float	5019.927958
/rows/121/correctness	string	passed
/rows/121/logs	string	/home/reiase/workspace/pvisor/target/p1-filesystem-final-full-20261005/baseline/trials/filesystem-pvisor-vm-024
/rows/121/memory_scope	string	owned launcher tree; Docker daemon/container RSS excluded
/rows/121/mode	string	filesystem
/rows/121/peak_tree_rss_kib	integer	840472
/rows/121/prepare_ms	float	38.697018
/rows/121/ready_ms	float	566.579097
/rows/121/result	object	-
/rows/121/result/correctness	string	passed
/rows/121/result/filesystem	object	-
/rows/121/result/filesystem/cargo	object	-
/rows/121/result/filesystem/cargo/check	object	-
/rows/121/result/filesystem/cargo/check/modules	integer	64
/rows/121/result/filesystem/cargo/check/result	string	2016
/rows/121/result/filesystem/cargo/python	string	3.14.7
/rows/121/result/filesystem/cargo/worker_ms	float	783.388705
/rows/121/result/filesystem/cargo/workload	string	cargo
/rows/121/result/filesystem/git	object	-
/rows/121/result/filesystem/git/check	object	-
/rows/121/result/filesystem/git/check/git_clean	boolean	true
/rows/121/result/filesystem/git/python	string	3.14.7
/rows/121/result/filesystem/git/worker_ms	float	394.254088
/rows/121/result/filesystem/git/workload	string	git
/rows/121/result/filesystem/metadata	object	-
/rows/121/result/filesystem/metadata/check	object	-
/rows/121/result/filesystem/metadata/check/bytes	integer	2095104
/rows/121/result/filesystem/metadata/check/files	integer	2048
/rows/121/result/filesystem/metadata/python	string	3.14.7
/rows/121/result/filesystem/metadata/worker_ms	float	151.168263
/rows/121/result/filesystem/metadata/workload	string	metadata
/rows/121/result/filesystem/npm	object	-
/rows/121/result/filesystem/npm/check	object	-
/rows/121/result/filesystem/npm/check/local_packages	integer	32
/rows/121/result/filesystem/npm/python	string	3.14.7
/rows/121/result/filesystem/npm/worker_ms	float	1602.256871
/rows/121/result/filesystem/npm/workload	string	npm
/rows/121/result/filesystem/read	object	-
/rows/121/result/filesystem/read/check	object	-
/rows/121/result/filesystem/read/check/bytes	integer	67108864
/rows/121/result/filesystem/read/check/sha256	string	42ef3a50fe506ced865473b082c8b28f6ce254e6e2b01266b6a563531a6267bc
/rows/121/result/filesystem/read/python	string	3.14.7
/rows/121/result/filesystem/read/worker_ms	float	181.361212
/rows/121/result/filesystem/read/workload	string	read
/rows/121/result/filesystem/rg	object	-
/rows/121/result/filesystem/rg/check	object	-
/rows/121/result/filesystem/rg/check/matches	integer	2048
/rows/121/result/filesystem/rg/python	string	3.14.7
/rows/121/result/filesystem/rg/worker_ms	float	458.92385
/rows/121/result/filesystem/rg/workload	string	rg
/rows/121/result/filesystem/write	object	-
/rows/121/result/filesystem/write/check	object	-
/rows/121/result/filesystem/write/check/bytes	integer	16777216
/rows/121/result/filesystem/write/check/files	integer	256
/rows/121/result/filesystem/write/python	string	3.14.7
/rows/121/result/filesystem/write/worker_ms	float	230.143166
/rows/121/result/filesystem/write/workload	string	write
/rows/121/result/mode	string	filesystem
/rows/121/result/worker_ms	float	4335.258337
/rows/121/result_ms	float	4902.4351
/rows/121/trial	integer	24
/rows/121/variant	string	baseline
/rows/122	object	-
/rows/122/backend	string	pvisor-vm
/rows/122/completion_ms	float	5138.672111
/rows/122/correctness	string	passed
/rows/122/logs	string	/home/reiase/workspace/pvisor/target/p1-filesystem-final-full-20261005/candidate/trials/filesystem-pvisor-vm-024
/rows/122/memory_scope	string	owned launcher tree; Docker daemon/container RSS excluded
/rows/122/mode	string	filesystem
/rows/122/peak_tree_rss_kib	integer	828724
/rows/122/prepare_ms	float	36.467035
/rows/122/ready_ms	float	557.62783
/rows/122/result	object	-
/rows/122/result/correctness	string	passed
/rows/122/result/filesystem	object	-
/rows/122/result/filesystem/cargo	object	-
/rows/122/result/filesystem/cargo/check	object	-
/rows/122/result/filesystem/cargo/check/modules	integer	64
/rows/122/result/filesystem/cargo/check/result	string	2016
/rows/122/result/filesystem/cargo/python	string	3.14.7
/rows/122/result/filesystem/cargo/worker_ms	float	661.867229
/rows/122/result/filesystem/cargo/workload	string	cargo
/rows/122/result/filesystem/git	object	-
/rows/122/result/filesystem/git/check	object	-
/rows/122/result/filesystem/git/check/git_clean	boolean	true
/rows/122/result/filesystem/git/python	string	3.14.7
/rows/122/result/filesystem/git/worker_ms	float	411.301257
/rows/122/result/filesystem/git/workload	string	git
/rows/122/result/filesystem/metadata	object	-
/rows/122/result/filesystem/metadata/check	object	-
/rows/122/result/filesystem/metadata/check/bytes	integer	2095104
/rows/122/result/filesystem/metadata/check/files	integer	2048
/rows/122/result/filesystem/metadata/python	string	3.14.7
/rows/122/result/filesystem/metadata/worker_ms	float	203.18525
/rows/122/result/filesystem/metadata/workload	string	metadata
/rows/122/result/filesystem/npm	object	-
/rows/122/result/filesystem/npm/check	object	-
/rows/122/result/filesystem/npm/check/local_packages	integer	32
/rows/122/result/filesystem/npm/python	string	3.14.7
/rows/122/result/filesystem/npm/worker_ms	float	1589.165403
/rows/122/result/filesystem/npm/workload	string	npm
/rows/122/result/filesystem/read	object	-
/rows/122/result/filesystem/read/check	object	-
/rows/122/result/filesystem/read/check/bytes	integer	67108864
/rows/122/result/filesystem/read/check/sha256	string	42ef3a50fe506ced865473b082c8b28f6ce254e6e2b01266b6a563531a6267bc
/rows/122/result/filesystem/read/python	string	3.14.7
/rows/122/result/filesystem/read/worker_ms	float	161.313738
/rows/122/result/filesystem/read/workload	string	read
/rows/122/result/filesystem/rg	object	-
/rows/122/result/filesystem/rg/check	object	-
/rows/122/result/filesystem/rg/check/matches	integer	2048
/rows/122/result/filesystem/rg/python	string	3.14.7
/rows/122/result/filesystem/rg/worker_ms	float	532.770406
/rows/122/result/filesystem/rg/workload	string	rg
/rows/122/result/filesystem/write	object	-
/rows/122/result/filesystem/write/check	object	-
/rows/122/result/filesystem/write/check/bytes	integer	16777216
/rows/122/result/filesystem/write/check/files	integer	256
/rows/122/result/filesystem/write/python	string	3.14.7
/rows/122/result/filesystem/write/worker_ms	float	245.468011
/rows/122/result/filesystem/write/workload	string	write
/rows/122/result/mode	string	filesystem
/rows/122/result/worker_ms	float	4449.459485
/rows/122/result_ms	float	5007.874811
/rows/122/trial	integer	24
/rows/122/variant	string	candidate
/rows/123	object	-
/rows/123/backend	string	pvisor-staged
/rows/123/completion_ms	float	1280.116059
/rows/123/correctness	string	passed
/rows/123/logs	string	/home/reiase/workspace/pvisor/target/p1-filesystem-final-full-20261005/candidate/trials/filesystem-pvisor-staged-024
/rows/123/memory_scope	string	owned launcher tree; Docker daemon/container RSS excluded
/rows/123/mode	string	filesystem
/rows/123/peak_tree_rss_kib	integer	177280
/rows/123/prepare_ms	float	38.398891
/rows/123/ready_ms	float	68.847141
/rows/123/result	object	-
/rows/123/result/correctness	string	passed
/rows/123/result/filesystem	object	-
/rows/123/result/filesystem/cargo	object	-
/rows/123/result/filesystem/cargo/check	object	-
/rows/123/result/filesystem/cargo/check/modules	integer	64
/rows/123/result/filesystem/cargo/check/result	string	2016
/rows/123/result/filesystem/cargo/python	string	3.14.7
/rows/123/result/filesystem/cargo/worker_ms	float	114.301341
/rows/123/result/filesystem/cargo/workload	string	cargo
/rows/123/result/filesystem/git	object	-
/rows/123/result/filesystem/git/check	object	-
/rows/123/result/filesystem/git/check/git_clean	boolean	true
/rows/123/result/filesystem/git/python	string	3.14.7
/rows/123/result/filesystem/git/worker_ms	float	166.909312
/rows/123/result/filesystem/git/workload	string	git
/rows/123/result/filesystem/metadata	object	-
/rows/123/result/filesystem/metadata/check	object	-
/rows/123/result/filesystem/metadata/check/bytes	integer	2095104
/rows/123/result/filesystem/metadata/check/files	integer	2048
/rows/123/result/filesystem/metadata/python	string	3.14.7
/rows/123/result/filesystem/metadata/worker_ms	float	79.427269
/rows/123/result/filesystem/metadata/workload	string	metadata
/rows/123/result/filesystem/npm	object	-
/rows/123/result/filesystem/npm/check	object	-
/rows/123/result/filesystem/npm/check/local_packages	integer	32
/rows/123/result/filesystem/npm/python	string	3.14.7
/rows/123/result/filesystem/npm/worker_ms	float	259.898585
/rows/123/result/filesystem/npm/workload	string	npm
/rows/123/result/filesystem/read	object	-
/rows/123/result/filesystem/read/check	object	-
/rows/123/result/filesystem/read/check/bytes	integer	67108864
/rows/123/result/filesystem/read/check/sha256	string	42ef3a50fe506ced865473b082c8b28f6ce254e6e2b01266b6a563531a6267bc
/rows/123/result/filesystem/read/python	string	3.14.7
/rows/123/result/filesystem/read/worker_ms	float	66.326817
/rows/123/result/filesystem/read/workload	string	read
/rows/123/result/filesystem/rg	object	-
/rows/123/result/filesystem/rg/check	object	-
/rows/123/result/filesystem/rg/check/matches	integer	2048
/rows/123/result/filesystem/rg/python	string	3.14.7
/rows/123/result/filesystem/rg/worker_ms	float	92.700023
/rows/123/result/filesystem/rg/workload	string	rg
/rows/123/result/filesystem/write	object	-
/rows/123/result/filesystem/write/check	object	-
/rows/123/result/filesystem/write/check/bytes	integer	16777216
/rows/123/result/filesystem/write/check/files	integer	256
/rows/123/result/filesystem/write/python	string	3.14.7
/rows/123/result/filesystem/write/worker_ms	float	198.511507
/rows/123/result/filesystem/write/workload	string	write
/rows/123/result/mode	string	filesystem
/rows/123/result/worker_ms	float	1103.495521
/rows/123/result_ms	float	1172.386153
/rows/123/trial	integer	24
/rows/123/variant	string	candidate
/rows/124	object	-
/rows/124/backend	string	pvisor-staged
/rows/124/completion_ms	float	1300.000934
/rows/124/correctness	string	passed
/rows/124/logs	string	/home/reiase/workspace/pvisor/target/p1-filesystem-final-full-20261005/baseline/trials/filesystem-pvisor-staged-024
/rows/124/memory_scope	string	owned launcher tree; Docker daemon/container RSS excluded
/rows/124/mode	string	filesystem
/rows/124/peak_tree_rss_kib	integer	174516
/rows/124/prepare_ms	float	36.790389
/rows/124/ready_ms	float	62.834229
/rows/124/result	object	-
/rows/124/result/correctness	string	passed
/rows/124/result/filesystem	object	-
/rows/124/result/filesystem/cargo	object	-
/rows/124/result/filesystem/cargo/check	object	-
/rows/124/result/filesystem/cargo/check/modules	integer	64
/rows/124/result/filesystem/cargo/check/result	string	2016
/rows/124/result/filesystem/cargo/python	string	3.14.7
/rows/124/result/filesystem/cargo/worker_ms	float	115.100573
/rows/124/result/filesystem/cargo/workload	string	cargo
/rows/124/result/filesystem/git	object	-
/rows/124/result/filesystem/git/check	object	-
/rows/124/result/filesystem/git/check/git_clean	boolean	true
/rows/124/result/filesystem/git/python	string	3.14.7
/rows/124/result/filesystem/git/worker_ms	float	170.10604
/rows/124/result/filesystem/git/workload	string	git
/rows/124/result/filesystem/metadata	object	-
/rows/124/result/filesystem/metadata/check	object	-
/rows/124/result/filesystem/metadata/check/bytes	integer	2095104
/rows/124/result/filesystem/metadata/check/files	integer	2048
/rows/124/result/filesystem/metadata/python	string	3.14.7
/rows/124/result/filesystem/metadata/worker_ms	float	78.375115
/rows/124/result/filesystem/metadata/workload	string	metadata
/rows/124/result/filesystem/npm	object	-
/rows/124/result/filesystem/npm/check	object	-
/rows/124/result/filesystem/npm/check/local_packages	integer	32
/rows/124/result/filesystem/npm/python	string	3.14.7
/rows/124/result/filesystem/npm/worker_ms	float	275.367678
/rows/124/result/filesystem/npm/workload	string	npm
/rows/124/result/filesystem/read	object	-
/rows/124/result/filesystem/read/check	object	-
/rows/124/result/filesystem/read/check/bytes	integer	67108864
/rows/124/result/filesystem/read/check/sha256	string	42ef3a50fe506ced865473b082c8b28f6ce254e6e2b01266b6a563531a6267bc
/rows/124/result/filesystem/read/python	string	3.14.7
/rows/124/result/filesystem/read/worker_ms	float	72.727905
/rows/124/result/filesystem/read/workload	string	read
/rows/124/result/filesystem/rg	object	-
/rows/124/result/filesystem/rg/check	object	-
/rows/124/result/filesystem/rg/check/matches	integer	2048
/rows/124/result/filesystem/rg/python	string	3.14.7
/rows/124/result/filesystem/rg/worker_ms	float	89.511702
/rows/124/result/filesystem/rg/workload	string	rg
/rows/124/result/filesystem/write	object	-
/rows/124/result/filesystem/write/check	object	-
/rows/124/result/filesystem/write/check/bytes	integer	16777216
/rows/124/result/filesystem/write/check/files	integer	256
/rows/124/result/filesystem/write/python	string	3.14.7
/rows/124/result/filesystem/write/worker_ms	float	204.839058
/rows/124/result/filesystem/write/workload	string	write
/rows/124/result/mode	string	filesystem
/rows/124/result/worker_ms	float	1130.314808
/rows/124/result_ms	float	1193.210281
/rows/124/trial	integer	24
/rows/124/variant	string	baseline
/rows/125	object	-
/rows/125/backend	string	pvisor-vm
/rows/125/completion_ms	float	5144.154254
/rows/125/correctness	string	passed
/rows/125/logs	string	/home/reiase/workspace/pvisor/target/p1-filesystem-final-full-20261005/candidate/trials/filesystem-pvisor-vm-025
/rows/125/memory_scope	string	owned launcher tree; Docker daemon/container RSS excluded
/rows/125/mode	string	filesystem
/rows/125/peak_tree_rss_kib	integer	830776
/rows/125/prepare_ms	float	36.858485
/rows/125/ready_ms	float	709.165031
/rows/125/result	object	-
/rows/125/result/correctness	string	passed
/rows/125/result/filesystem	object	-
/rows/125/result/filesystem/cargo	object	-
/rows/125/result/filesystem/cargo/check	object	-
/rows/125/result/filesystem/cargo/check/modules	integer	64
/rows/125/result/filesystem/cargo/check/result	string	2016
/rows/125/result/filesystem/cargo/python	string	3.14.7
/rows/125/result/filesystem/cargo/worker_ms	float	672.148838
/rows/125/result/filesystem/cargo/workload	string	cargo
/rows/125/result/filesystem/git	object	-
/rows/125/result/filesystem/git/check	object	-
/rows/125/result/filesystem/git/check/git_clean	boolean	true
/rows/125/result/filesystem/git/python	string	3.14.7
/rows/125/result/filesystem/git/worker_ms	float	409.668432
/rows/125/result/filesystem/git/workload	string	git
/rows/125/result/filesystem/metadata	object	-
/rows/125/result/filesystem/metadata/check	object	-
/rows/125/result/filesystem/metadata/check/bytes	integer	2095104
/rows/125/result/filesystem/metadata/check/files	integer	2048
/rows/125/result/filesystem/metadata/python	string	3.14.7
/rows/125/result/filesystem/metadata/worker_ms	float	240.30492
/rows/125/result/filesystem/metadata/workload	string	metadata
/rows/125/result/filesystem/npm	object	-
/rows/125/result/filesystem/npm/check	object	-
/rows/125/result/filesystem/npm/check/local_packages	integer	32
/rows/125/result/filesystem/npm/python	string	3.14.7
/rows/125/result/filesystem/npm/worker_ms	float	1515.674424
/rows/125/result/filesystem/npm/workload	string	npm
/rows/125/result/filesystem/read	object	-
/rows/125/result/filesystem/read/check	object	-
/rows/125/result/filesystem/read/check/bytes	integer	67108864
/rows/125/result/filesystem/read/check/sha256	string	42ef3a50fe506ced865473b082c8b28f6ce254e6e2b01266b6a563531a6267bc
/rows/125/result/filesystem/read/python	string	3.14.7
/rows/125/result/filesystem/read/worker_ms	float	130.048233
/rows/125/result/filesystem/read/workload	string	read
/rows/125/result/filesystem/rg	object	-
/rows/125/result/filesystem/rg/check	object	-
/rows/125/result/filesystem/rg/check/matches	integer	2048
/rows/125/result/filesystem/rg/python	string	3.14.7
/rows/125/result/filesystem/rg/worker_ms	float	471.656967
/rows/125/result/filesystem/rg/workload	string	rg
/rows/125/result/filesystem/write	object	-
/rows/125/result/filesystem/write/check	object	-
/rows/125/result/filesystem/write/check/bytes	integer	16777216
/rows/125/result/filesystem/write/check/files	integer	256
/rows/125/result/filesystem/write/python	string	3.14.7
/rows/125/result/filesystem/write/worker_ms	float	276.064355
/rows/125/result/filesystem/write/workload	string	write
/rows/125/result/mode	string	filesystem
/rows/125/result/worker_ms	float	4287.652334
/rows/125/result_ms	float	4997.430457
/rows/125/trial	integer	25
/rows/125/variant	string	candidate
/rows/126	object	-
/rows/126/backend	string	native
/rows/126/completion_ms	float	454.792802
/rows/126/correctness	string	passed
/rows/126/logs	string	/home/reiase/workspace/pvisor/target/p1-filesystem-final-full-20261005/native/trials/filesystem-native-025
/rows/126/memory_scope	string	owned launcher tree; Docker daemon/container RSS excluded
/rows/126/mode	string	filesystem
/rows/126/peak_tree_rss_kib	integer	143020
/rows/126/prepare_ms	float	40.157032
/rows/126/ready_ms	float	38.779812
/rows/126/result	object	-
/rows/126/result/correctness	string	passed
/rows/126/result/filesystem	object	-
/rows/126/result/filesystem/cargo	object	-
/rows/126/result/filesystem/cargo/check	object	-
/rows/126/result/filesystem/cargo/check/modules	integer	64
/rows/126/result/filesystem/cargo/check/result	string	2016
/rows/126/result/filesystem/cargo/python	string	3.14.7
/rows/126/result/filesystem/cargo/worker_ms	float	54.915047
/rows/126/result/filesystem/cargo/workload	string	cargo
/rows/126/result/filesystem/git	object	-
/rows/126/result/filesystem/git/check	object	-
/rows/126/result/filesystem/git/check/git_clean	boolean	true
/rows/126/result/filesystem/git/python	string	3.14.7
/rows/126/result/filesystem/git/worker_ms	float	13.898711
/rows/126/result/filesystem/git/workload	string	git
/rows/126/result/filesystem/metadata	object	-
/rows/126/result/filesystem/metadata/check	object	-
/rows/126/result/filesystem/metadata/check/bytes	integer	2095104
/rows/126/result/filesystem/metadata/check/files	integer	2048
/rows/126/result/filesystem/metadata/python	string	3.14.7
/rows/126/result/filesystem/metadata/worker_ms	float	4.743283
/rows/126/result/filesystem/metadata/workload	string	metadata
/rows/126/result/filesystem/npm	object	-
/rows/126/result/filesystem/npm/check	object	-
/rows/126/result/filesystem/npm/check/local_packages	integer	32
/rows/126/result/filesystem/npm/python	string	3.14.7
/rows/126/result/filesystem/npm/worker_ms	float	173.071504
/rows/126/result/filesystem/npm/workload	string	npm
/rows/126/result/filesystem/read	object	-
/rows/126/result/filesystem/read/check	object	-
/rows/126/result/filesystem/read/check/bytes	integer	67108864
/rows/126/result/filesystem/read/check/sha256	string	42ef3a50fe506ced865473b082c8b28f6ce254e6e2b01266b6a563531a6267bc
/rows/126/result/filesystem/read/python	string	3.14.7
/rows/126/result/filesystem/read/worker_ms	float	31.769988
/rows/126/result/filesystem/read/workload	string	read
/rows/126/result/filesystem/rg	object	-
/rows/126/result/filesystem/rg/check	object	-
/rows/126/result/filesystem/rg/check/matches	integer	2048
/rows/126/result/filesystem/rg/python	string	3.14.7
/rows/126/result/filesystem/rg/worker_ms	float	7.767488
/rows/126/result/filesystem/rg/workload	string	rg
/rows/126/result/filesystem/write	object	-
/rows/126/result/filesystem/write/check	object	-
/rows/126/result/filesystem/write/check/bytes	integer	16777216
/rows/126/result/filesystem/write/check/files	integer	256
/rows/126/result/filesystem/write/python	string	3.14.7
/rows/126/result/filesystem/write/worker_ms	float	7.020875
/rows/126/result/filesystem/write/workload	string	write
/rows/126/result/mode	string	filesystem
/rows/126/result/worker_ms	float	407.847268
/rows/126/result_ms	float	446.673567
/rows/126/trial	integer	25
/rows/126/variant	string	native
/rows/127	object	-
/rows/127/backend	string	pvisor-staged
/rows/127/completion_ms	float	1346.628272
/rows/127/correctness	string	passed
/rows/127/logs	string	/home/reiase/workspace/pvisor/target/p1-filesystem-final-full-20261005/baseline/trials/filesystem-pvisor-staged-025
/rows/127/memory_scope	string	owned launcher tree; Docker daemon/container RSS excluded
/rows/127/mode	string	filesystem
/rows/127/peak_tree_rss_kib	integer	177212
/rows/127/prepare_ms	float	40.33276
/rows/127/ready_ms	float	60.306871
/rows/127/result	object	-
/rows/127/result/correctness	string	passed
/rows/127/result/filesystem	object	-
/rows/127/result/filesystem/cargo	object	-
/rows/127/result/filesystem/cargo/check	object	-
/rows/127/result/filesystem/cargo/check/modules	integer	64
/rows/127/result/filesystem/cargo/check/result	string	2016
/rows/127/result/filesystem/cargo/python	string	3.14.7
/rows/127/result/filesystem/cargo/worker_ms	float	118.497323
/rows/127/result/filesystem/cargo/workload	string	cargo
/rows/127/result/filesystem/git	object	-
/rows/127/result/filesystem/git/check	object	-
/rows/127/result/filesystem/git/check/git_clean	boolean	true
/rows/127/result/filesystem/git/python	string	3.14.7
/rows/127/result/filesystem/git/worker_ms	float	171.408451
/rows/127/result/filesystem/git/workload	string	git
/rows/127/result/filesystem/metadata	object	-
/rows/127/result/filesystem/metadata/check	object	-
/rows/127/result/filesystem/metadata/check/bytes	integer	2095104
/rows/127/result/filesystem/metadata/check/files	integer	2048
/rows/127/result/filesystem/metadata/python	string	3.14.7
/rows/127/result/filesystem/metadata/worker_ms	float	75.204889
/rows/127/result/filesystem/metadata/workload	string	metadata
/rows/127/result/filesystem/npm	object	-
/rows/127/result/filesystem/npm/check	object	-
/rows/127/result/filesystem/npm/check/local_packages	integer	32
/rows/127/result/filesystem/npm/python	string	3.14.7
/rows/127/result/filesystem/npm/worker_ms	float	288.164473
/rows/127/result/filesystem/npm/workload	string	npm
/rows/127/result/filesystem/read	object	-
/rows/127/result/filesystem/read/check	object	-
/rows/127/result/filesystem/read/check/bytes	integer	67108864
/rows/127/result/filesystem/read/check/sha256	string	42ef3a50fe506ced865473b082c8b28f6ce254e6e2b01266b6a563531a6267bc
/rows/127/result/filesystem/read/python	string	3.14.7
/rows/127/result/filesystem/read/worker_ms	float	93.935799
/rows/127/result/filesystem/read/workload	string	read
/rows/127/result/filesystem/rg	object	-
/rows/127/result/filesystem/rg/check	object	-
/rows/127/result/filesystem/rg/check/matches	integer	2048
/rows/127/result/filesystem/rg/python	string	3.14.7
/rows/127/result/filesystem/rg/worker_ms	float	93.988047
/rows/127/result/filesystem/rg/workload	string	rg
/rows/127/result/filesystem/write	object	-
/rows/127/result/filesystem/write/check	object	-
/rows/127/result/filesystem/write/check/bytes	integer	16777216
/rows/127/result/filesystem/write/check/files	integer	256
/rows/127/result/filesystem/write/python	string	3.14.7
/rows/127/result/filesystem/write/worker_ms	float	207.348151
/rows/127/result/filesystem/write/workload	string	write
/rows/127/result/mode	string	filesystem
/rows/127/result/worker_ms	float	1175.960124
/rows/127/result_ms	float	1236.319584
/rows/127/trial	integer	25
/rows/127/variant	string	baseline
/rows/128	object	-
/rows/128/backend	string	pvisor-vm
/rows/128/completion_ms	float	5797.717957
/rows/128/correctness	string	passed
/rows/128/logs	string	/home/reiase/workspace/pvisor/target/p1-filesystem-final-full-20261005/baseline/trials/filesystem-pvisor-vm-025
/rows/128/memory_scope	string	owned launcher tree; Docker daemon/container RSS excluded
/rows/128/mode	string	filesystem
/rows/128/peak_tree_rss_kib	integer	830168
/rows/128/prepare_ms	float	37.757124
/rows/128/ready_ms	float	630.607204
/rows/128/result	object	-
/rows/128/result/correctness	string	passed
/rows/128/result/filesystem	object	-
/rows/128/result/filesystem/cargo	object	-
/rows/128/result/filesystem/cargo/check	object	-
/rows/128/result/filesystem/cargo/check/modules	integer	64
/rows/128/result/filesystem/cargo/check/result	string	2016
/rows/128/result/filesystem/cargo/python	string	3.14.7
/rows/128/result/filesystem/cargo/worker_ms	float	746.724717
/rows/128/result/filesystem/cargo/workload	string	cargo
/rows/128/result/filesystem/git	object	-
/rows/128/result/filesystem/git/check	object	-
/rows/128/result/filesystem/git/check/git_clean	boolean	true
/rows/128/result/filesystem/git/python	string	3.14.7
/rows/128/result/filesystem/git/worker_ms	float	832.61525
/rows/128/result/filesystem/git/workload	string	git
/rows/128/result/filesystem/metadata	object	-
/rows/128/result/filesystem/metadata/check	object	-
/rows/128/result/filesystem/metadata/check/bytes	integer	2095104
/rows/128/result/filesystem/metadata/check/files	integer	2048
/rows/128/result/filesystem/metadata/python	string	3.14.7
/rows/128/result/filesystem/metadata/worker_ms	float	234.803646
/rows/128/result/filesystem/metadata/workload	string	metadata
/rows/128/result/filesystem/npm	object	-
/rows/128/result/filesystem/npm/check	object	-
/rows/128/result/filesystem/npm/check/local_packages	integer	32
/rows/128/result/filesystem/npm/python	string	3.14.7
/rows/128/result/filesystem/npm/worker_ms	float	1765.67102
/rows/128/result/filesystem/npm/workload	string	npm
/rows/128/result/filesystem/read	object	-
/rows/128/result/filesystem/read/check	object	-
/rows/128/result/filesystem/read/check/bytes	integer	67108864
/rows/128/result/filesystem/read/check/sha256	string	42ef3a50fe506ced865473b082c8b28f6ce254e6e2b01266b6a563531a6267bc
/rows/128/result/filesystem/read/python	string	3.14.7
/rows/128/result/filesystem/read/worker_ms	float	171.445798
/rows/128/result/filesystem/read/workload	string	read
/rows/128/result/filesystem/rg	object	-
/rows/128/result/filesystem/rg/check	object	-
/rows/128/result/filesystem/rg/check/matches	integer	2048
/rows/128/result/filesystem/rg/python	string	3.14.7
/rows/128/result/filesystem/rg/worker_ms	float	412.522963
/rows/128/result/filesystem/rg/workload	string	rg
/rows/128/result/filesystem/write	object	-
/rows/128/result/filesystem/write/check	object	-
/rows/128/result/filesystem/write/check/bytes	integer	16777216
/rows/128/result/filesystem/write/check/files	integer	256
/rows/128/result/filesystem/write/python	string	3.14.7
/rows/128/result/filesystem/write/worker_ms	float	278.196495
/rows/128/result/filesystem/write/workload	string	write
/rows/128/result/mode	string	filesystem
/rows/128/result/worker_ms	float	5063.30367
/rows/128/result_ms	float	5694.610048
/rows/128/trial	integer	25
/rows/128/variant	string	baseline
/rows/129	object	-
/rows/129/backend	string	pvisor-staged
/rows/129/completion_ms	float	1300.600603
/rows/129/correctness	string	passed
/rows/129/logs	string	/home/reiase/workspace/pvisor/target/p1-filesystem-final-full-20261005/candidate/trials/filesystem-pvisor-staged-025
/rows/129/memory_scope	string	owned launcher tree; Docker daemon/container RSS excluded
/rows/129/mode	string	filesystem
/rows/129/peak_tree_rss_kib	integer	176516
/rows/129/prepare_ms	float	37.739139
/rows/129/ready_ms	float	61.28153
/rows/129/result	object	-
/rows/129/result/correctness	string	passed
/rows/129/result/filesystem	object	-
/rows/129/result/filesystem/cargo	object	-
/rows/129/result/filesystem/cargo/check	object	-
/rows/129/result/filesystem/cargo/check/modules	integer	64
/rows/129/result/filesystem/cargo/check/result	string	2016
/rows/129/result/filesystem/cargo/python	string	3.14.7
/rows/129/result/filesystem/cargo/worker_ms	float	112.281741
/rows/129/result/filesystem/cargo/workload	string	cargo
/rows/129/result/filesystem/git	object	-
/rows/129/result/filesystem/git/check	object	-
/rows/129/result/filesystem/git/check/git_clean	boolean	true
/rows/129/result/filesystem/git/python	string	3.14.7
/rows/129/result/filesystem/git/worker_ms	float	168.823154
/rows/129/result/filesystem/git/workload	string	git
/rows/129/result/filesystem/metadata	object	-
/rows/129/result/filesystem/metadata/check	object	-
/rows/129/result/filesystem/metadata/check/bytes	integer	2095104
/rows/129/result/filesystem/metadata/check/files	integer	2048
/rows/129/result/filesystem/metadata/python	string	3.14.7
/rows/129/result/filesystem/metadata/worker_ms	float	77.089266
/rows/129/result/filesystem/metadata/workload	string	metadata
/rows/129/result/filesystem/npm	object	-
/rows/129/result/filesystem/npm/check	object	-
/rows/129/result/filesystem/npm/check/local_packages	integer	32
/rows/129/result/filesystem/npm/python	string	3.14.7
/rows/129/result/filesystem/npm/worker_ms	float	264.241281
/rows/129/result/filesystem/npm/workload	string	npm
/rows/129/result/filesystem/read	object	-
/rows/129/result/filesystem/read/check	object	-
/rows/129/result/filesystem/read/check/bytes	integer	67108864
/rows/129/result/filesystem/read/check/sha256	string	42ef3a50fe506ced865473b082c8b28f6ce254e6e2b01266b6a563531a6267bc
/rows/129/result/filesystem/read/python	string	3.14.7
/rows/129/result/filesystem/read/worker_ms	float	70.438231
/rows/129/result/filesystem/read/workload	string	read
/rows/129/result/filesystem/rg	object	-
/rows/129/result/filesystem/rg/check	object	-
/rows/129/result/filesystem/rg/check/matches	integer	2048
/rows/129/result/filesystem/rg/python	string	3.14.7
/rows/129/result/filesystem/rg/worker_ms	float	90.464159
/rows/129/result/filesystem/rg/workload	string	rg
/rows/129/result/filesystem/write	object	-
/rows/129/result/filesystem/write/check	object	-
/rows/129/result/filesystem/write/check/bytes	integer	16777216
/rows/129/result/filesystem/write/check/files	integer	256
/rows/129/result/filesystem/write/python	string	3.14.7
/rows/129/result/filesystem/write/worker_ms	float	200.20579
/rows/129/result/filesystem/write/workload	string	write
/rows/129/result/mode	string	filesystem
/rows/129/result/worker_ms	float	1112.450104
/rows/129/result_ms	float	1173.80949
/rows/129/trial	integer	25
/rows/129/variant	string	candidate
/rows/130	object	-
/rows/130/backend	string	pvisor-vm
/rows/130/completion_ms	float	5394.759414
/rows/130/correctness	string	passed
/rows/130/logs	string	/home/reiase/workspace/pvisor/target/p1-filesystem-final-full-20261005/candidate/trials/filesystem-pvisor-vm-026
/rows/130/memory_scope	string	owned launcher tree; Docker daemon/container RSS excluded
/rows/130/mode	string	filesystem
/rows/130/peak_tree_rss_kib	integer	828196
/rows/130/prepare_ms	float	36.443401
/rows/130/ready_ms	float	558.882302
/rows/130/result	object	-
/rows/130/result/correctness	string	passed
/rows/130/result/filesystem	object	-
/rows/130/result/filesystem/cargo	object	-
/rows/130/result/filesystem/cargo/check	object	-
/rows/130/result/filesystem/cargo/check/modules	integer	64
/rows/130/result/filesystem/cargo/check/result	string	2016
/rows/130/result/filesystem/cargo/python	string	3.14.7
/rows/130/result/filesystem/cargo/worker_ms	float	604.641574
/rows/130/result/filesystem/cargo/workload	string	cargo
/rows/130/result/filesystem/git	object	-
/rows/130/result/filesystem/git/check	object	-
/rows/130/result/filesystem/git/check/git_clean	boolean	true
/rows/130/result/filesystem/git/python	string	3.14.7
/rows/130/result/filesystem/git/worker_ms	float	634.092645
/rows/130/result/filesystem/git/workload	string	git
/rows/130/result/filesystem/metadata	object	-
/rows/130/result/filesystem/metadata/check	object	-
/rows/130/result/filesystem/metadata/check/bytes	integer	2095104
/rows/130/result/filesystem/metadata/check/files	integer	2048
/rows/130/result/filesystem/metadata/python	string	3.14.7
/rows/130/result/filesystem/metadata/worker_ms	float	154.443462
/rows/130/result/filesystem/metadata/workload	string	metadata
/rows/130/result/filesystem/npm	object	-
/rows/130/result/filesystem/npm/check	object	-
/rows/130/result/filesystem/npm/check/local_packages	integer	32
/rows/130/result/filesystem/npm/python	string	3.14.7
/rows/130/result/filesystem/npm/worker_ms	float	1891.641632
/rows/130/result/filesystem/npm/workload	string	npm
/rows/130/result/filesystem/read	object	-
/rows/130/result/filesystem/read/check	object	-
/rows/130/result/filesystem/read/check/bytes	integer	67108864
/rows/130/result/filesystem/read/check/sha256	string	42ef3a50fe506ced865473b082c8b28f6ce254e6e2b01266b6a563531a6267bc
/rows/130/result/filesystem/read/python	string	3.14.7
/rows/130/result/filesystem/read/worker_ms	float	124.997802
/rows/130/result/filesystem/read/workload	string	read
/rows/130/result/filesystem/rg	object	-
/rows/130/result/filesystem/rg/check	object	-
/rows/130/result/filesystem/rg/check/matches	integer	2048
/rows/130/result/filesystem/rg/python	string	3.14.7
/rows/130/result/filesystem/rg/worker_ms	float	436.116012
/rows/130/result/filesystem/rg/workload	string	rg
/rows/130/result/filesystem/write	object	-
/rows/130/result/filesystem/write/check	object	-
/rows/130/result/filesystem/write/check/bytes	integer	16777216
/rows/130/result/filesystem/write/check/files	integer	256
/rows/130/result/filesystem/write/python	string	3.14.7
/rows/130/result/filesystem/write/worker_ms	float	256.759911
/rows/130/result/filesystem/write/workload	string	write
/rows/130/result/mode	string	filesystem
/rows/130/result/worker_ms	float	4731.389536
/rows/130/result_ms	float	5291.141333
/rows/130/trial	integer	26
/rows/130/variant	string	candidate
/rows/131	object	-
/rows/131/backend	string	native
/rows/131/completion_ms	float	455.420193
/rows/131/correctness	string	passed
/rows/131/logs	string	/home/reiase/workspace/pvisor/target/p1-filesystem-final-full-20261005/native/trials/filesystem-native-026
/rows/131/memory_scope	string	owned launcher tree; Docker daemon/container RSS excluded
/rows/131/mode	string	filesystem
/rows/131/peak_tree_rss_kib	integer	147780
/rows/131/prepare_ms	float	39.308218
/rows/131/ready_ms	float	39.410489
/rows/131/result	object	-
/rows/131/result/correctness	string	passed
/rows/131/result/filesystem	object	-
/rows/131/result/filesystem/cargo	object	-
/rows/131/result/filesystem/cargo/check	object	-
/rows/131/result/filesystem/cargo/check/modules	integer	64
/rows/131/result/filesystem/cargo/check/result	string	2016
/rows/131/result/filesystem/cargo/python	string	3.14.7
/rows/131/result/filesystem/cargo/worker_ms	float	53.108857
/rows/131/result/filesystem/cargo/workload	string	cargo
/rows/131/result/filesystem/git	object	-
/rows/131/result/filesystem/git/check	object	-
/rows/131/result/filesystem/git/check/git_clean	boolean	true
/rows/131/result/filesystem/git/python	string	3.14.7
/rows/131/result/filesystem/git/worker_ms	float	14.934916
/rows/131/result/filesystem/git/workload	string	git
/rows/131/result/filesystem/metadata	object	-
/rows/131/result/filesystem/metadata/check	object	-
/rows/131/result/filesystem/metadata/check/bytes	integer	2095104
/rows/131/result/filesystem/metadata/check/files	integer	2048
/rows/131/result/filesystem/metadata/python	string	3.14.7
/rows/131/result/filesystem/metadata/worker_ms	float	4.904123
/rows/131/result/filesystem/metadata/workload	string	metadata
/rows/131/result/filesystem/npm	object	-
/rows/131/result/filesystem/npm/check	object	-
/rows/131/result/filesystem/npm/check/local_packages	integer	32
/rows/131/result/filesystem/npm/python	string	3.14.7
/rows/131/result/filesystem/npm/worker_ms	float	173.333493
/rows/131/result/filesystem/npm/workload	string	npm
/rows/131/result/filesystem/read	object	-
/rows/131/result/filesystem/read/check	object	-
/rows/131/result/filesystem/read/check/bytes	integer	67108864
/rows/131/result/filesystem/read/check/sha256	string	42ef3a50fe506ced865473b082c8b28f6ce254e6e2b01266b6a563531a6267bc
/rows/131/result/filesystem/read/python	string	3.14.7
/rows/131/result/filesystem/read/worker_ms	float	32.562798
/rows/131/result/filesystem/read/workload	string	read
/rows/131/result/filesystem/rg	object	-
/rows/131/result/filesystem/rg/check	object	-
/rows/131/result/filesystem/rg/check/matches	integer	2048
/rows/131/result/filesystem/rg/python	string	3.14.7
/rows/131/result/filesystem/rg/worker_ms	float	7.42031
/rows/131/result/filesystem/rg/workload	string	rg
/rows/131/result/filesystem/write	object	-
/rows/131/result/filesystem/write/check	object	-
/rows/131/result/filesystem/write/check/bytes	integer	16777216
/rows/131/result/filesystem/write/check/files	integer	256
/rows/131/result/filesystem/write/python	string	3.14.7
/rows/131/result/filesystem/write/worker_ms	float	3.596653
/rows/131/result/filesystem/write/workload	string	write
/rows/131/result/mode	string	filesystem
/rows/131/result/worker_ms	float	407.52657
/rows/131/result_ms	float	446.935276
/rows/131/trial	integer	26
/rows/131/variant	string	native
/rows/132	object	-
/rows/132/backend	string	pvisor-staged
/rows/132/completion_ms	float	1306.387134
/rows/132/correctness	string	passed
/rows/132/logs	string	/home/reiase/workspace/pvisor/target/p1-filesystem-final-full-20261005/candidate/trials/filesystem-pvisor-staged-026
/rows/132/memory_scope	string	owned launcher tree; Docker daemon/container RSS excluded
/rows/132/mode	string	filesystem
/rows/132/peak_tree_rss_kib	integer	176376
/rows/132/prepare_ms	float	37.714934
/rows/132/ready_ms	float	59.839629
/rows/132/result	object	-
/rows/132/result/correctness	string	passed
/rows/132/result/filesystem	object	-
/rows/132/result/filesystem/cargo	object	-
/rows/132/result/filesystem/cargo/check	object	-
/rows/132/result/filesystem/cargo/check/modules	integer	64
/rows/132/result/filesystem/cargo/check/result	string	2016
/rows/132/result/filesystem/cargo/python	string	3.14.7
/rows/132/result/filesystem/cargo/worker_ms	float	111.863531
/rows/132/result/filesystem/cargo/workload	string	cargo
/rows/132/result/filesystem/git	object	-
/rows/132/result/filesystem/git/check	object	-
/rows/132/result/filesystem/git/check/git_clean	boolean	true
/rows/132/result/filesystem/git/python	string	3.14.7
/rows/132/result/filesystem/git/worker_ms	float	170.936028
/rows/132/result/filesystem/git/workload	string	git
/rows/132/result/filesystem/metadata	object	-
/rows/132/result/filesystem/metadata/check	object	-
/rows/132/result/filesystem/metadata/check/bytes	integer	2095104
/rows/132/result/filesystem/metadata/check/files	integer	2048
/rows/132/result/filesystem/metadata/python	string	3.14.7
/rows/132/result/filesystem/metadata/worker_ms	float	77.23094
/rows/132/result/filesystem/metadata/workload	string	metadata
/rows/132/result/filesystem/npm	object	-
/rows/132/result/filesystem/npm/check	object	-
/rows/132/result/filesystem/npm/check/local_packages	integer	32
/rows/132/result/filesystem/npm/python	string	3.14.7
/rows/132/result/filesystem/npm/worker_ms	float	263.315182
/rows/132/result/filesystem/npm/workload	string	npm
/rows/132/result/filesystem/read	object	-
/rows/132/result/filesystem/read/check	object	-
/rows/132/result/filesystem/read/check/bytes	integer	67108864
/rows/132/result/filesystem/read/check/sha256	string	42ef3a50fe506ced865473b082c8b28f6ce254e6e2b01266b6a563531a6267bc
/rows/132/result/filesystem/read/python	string	3.14.7
/rows/132/result/filesystem/read/worker_ms	float	68.728219
/rows/132/result/filesystem/read/workload	string	read
/rows/132/result/filesystem/rg	object	-
/rows/132/result/filesystem/rg/check	object	-
/rows/132/result/filesystem/rg/check/matches	integer	2048
/rows/132/result/filesystem/rg/python	string	3.14.7
/rows/132/result/filesystem/rg/worker_ms	float	97.732165
/rows/132/result/filesystem/rg/workload	string	rg
/rows/132/result/filesystem/write	object	-
/rows/132/result/filesystem/write/check	object	-
/rows/132/result/filesystem/write/check/bytes	integer	16777216
/rows/132/result/filesystem/write/check/files	integer	256
/rows/132/result/filesystem/write/python	string	3.14.7
/rows/132/result/filesystem/write/worker_ms	float	203.100652
/rows/132/result/filesystem/write/workload	string	write
/rows/132/result/mode	string	filesystem
/rows/132/result/worker_ms	float	1120.111594
/rows/132/result_ms	float	1180.008621
/rows/132/trial	integer	26
/rows/132/variant	string	candidate
/rows/133	object	-
/rows/133/backend	string	pvisor-vm
/rows/133/completion_ms	float	4799.121979
/rows/133/correctness	string	passed
/rows/133/logs	string	/home/reiase/workspace/pvisor/target/p1-filesystem-final-full-20261005/baseline/trials/filesystem-pvisor-vm-026
/rows/133/memory_scope	string	owned launcher tree; Docker daemon/container RSS excluded
/rows/133/mode	string	filesystem
/rows/133/peak_tree_rss_kib	integer	830884
/rows/133/prepare_ms	float	37.758476
/rows/133/ready_ms	float	557.730542
/rows/133/result	object	-
/rows/133/result/correctness	string	passed
/rows/133/result/filesystem	object	-
/rows/133/result/filesystem/cargo	object	-
/rows/133/result/filesystem/cargo/check	object	-
/rows/133/result/filesystem/cargo/check/modules	integer	64
/rows/133/result/filesystem/cargo/check/result	string	2016
/rows/133/result/filesystem/cargo/python	string	3.14.7
/rows/133/result/filesystem/cargo/worker_ms	float	652.057341
/rows/133/result/filesystem/cargo/workload	string	cargo
/rows/133/result/filesystem/git	object	-
/rows/133/result/filesystem/git/check	object	-
/rows/133/result/filesystem/git/check/git_clean	boolean	true
/rows/133/result/filesystem/git/python	string	3.14.7
/rows/133/result/filesystem/git/worker_ms	float	420.778381
/rows/133/result/filesystem/git/workload	string	git
/rows/133/result/filesystem/metadata	object	-
/rows/133/result/filesystem/metadata/check	object	-
/rows/133/result/filesystem/metadata/check/bytes	integer	2095104
/rows/133/result/filesystem/metadata/check/files	integer	2048
/rows/133/result/filesystem/metadata/python	string	3.14.7
/rows/133/result/filesystem/metadata/worker_ms	float	192.717572
/rows/133/result/filesystem/metadata/workload	string	metadata
/rows/133/result/filesystem/npm	object	-
/rows/133/result/filesystem/npm/check	object	-
/rows/133/result/filesystem/npm/check/local_packages	integer	32
/rows/133/result/filesystem/npm/python	string	3.14.7
/rows/133/result/filesystem/npm/worker_ms	float	1425.131696
/rows/133/result/filesystem/npm/workload	string	npm
/rows/133/result/filesystem/read	object	-
/rows/133/result/filesystem/read/check	object	-
/rows/133/result/filesystem/read/check/bytes	integer	67108864
/rows/133/result/filesystem/read/check/sha256	string	42ef3a50fe506ced865473b082c8b28f6ce254e6e2b01266b6a563531a6267bc
/rows/133/result/filesystem/read/python	string	3.14.7
/rows/133/result/filesystem/read/worker_ms	float	116.918163
/rows/133/result/filesystem/read/workload	string	read
/rows/133/result/filesystem/rg	object	-
/rows/133/result/filesystem/rg/check	object	-
/rows/133/result/filesystem/rg/check/matches	integer	2048
/rows/133/result/filesystem/rg/python	string	3.14.7
/rows/133/result/filesystem/rg/worker_ms	float	458.957163
/rows/133/result/filesystem/rg/workload	string	rg
/rows/133/result/filesystem/write	object	-
/rows/133/result/filesystem/write/check	object	-
/rows/133/result/filesystem/write/check/bytes	integer	16777216
/rows/133/result/filesystem/write/check/files	integer	256
/rows/133/result/filesystem/write/python	string	3.14.7
/rows/133/result/filesystem/write/worker_ms	float	324.997611
/rows/133/result/filesystem/write/workload	string	write
/rows/133/result/mode	string	filesystem
/rows/133/result/worker_ms	float	4126.514104
/rows/133/result_ms	float	4684.878556
/rows/133/trial	integer	26
/rows/133/variant	string	baseline
/rows/134	object	-
/rows/134/backend	string	pvisor-staged
/rows/134/completion_ms	float	1283.300964
/rows/134/correctness	string	passed
/rows/134/logs	string	/home/reiase/workspace/pvisor/target/p1-filesystem-final-full-20261005/baseline/trials/filesystem-pvisor-staged-026
/rows/134/memory_scope	string	owned launcher tree; Docker daemon/container RSS excluded
/rows/134/mode	string	filesystem
/rows/134/peak_tree_rss_kib	integer	177088
/rows/134/prepare_ms	float	38.685356
/rows/134/ready_ms	float	63.056724
/rows/134/result	object	-
/rows/134/result/correctness	string	passed
/rows/134/result/filesystem	object	-
/rows/134/result/filesystem/cargo	object	-
/rows/134/result/filesystem/cargo/check	object	-
/rows/134/result/filesystem/cargo/check/modules	integer	64
/rows/134/result/filesystem/cargo/check/result	string	2016
/rows/134/result/filesystem/cargo/python	string	3.14.7
/rows/134/result/filesystem/cargo/worker_ms	float	108.779815
/rows/134/result/filesystem/cargo/workload	string	cargo
/rows/134/result/filesystem/git	object	-
/rows/134/result/filesystem/git/check	object	-
/rows/134/result/filesystem/git/check/git_clean	boolean	true
/rows/134/result/filesystem/git/python	string	3.14.7
/rows/134/result/filesystem/git/worker_ms	float	170.047379
/rows/134/result/filesystem/git/workload	string	git
/rows/134/result/filesystem/metadata	object	-
/rows/134/result/filesystem/metadata/check	object	-
/rows/134/result/filesystem/metadata/check/bytes	integer	2095104
/rows/134/result/filesystem/metadata/check/files	integer	2048
/rows/134/result/filesystem/metadata/python	string	3.14.7
/rows/134/result/filesystem/metadata/worker_ms	float	77.018924
/rows/134/result/filesystem/metadata/workload	string	metadata
/rows/134/result/filesystem/npm	object	-
/rows/134/result/filesystem/npm/check	object	-
/rows/134/result/filesystem/npm/check/local_packages	integer	32
/rows/134/result/filesystem/npm/python	string	3.14.7
/rows/134/result/filesystem/npm/worker_ms	float	257.691585
/rows/134/result/filesystem/npm/workload	string	npm
/rows/134/result/filesystem/read	object	-
/rows/134/result/filesystem/read/check	object	-
/rows/134/result/filesystem/read/check/bytes	integer	67108864
/rows/134/result/filesystem/read/check/sha256	string	42ef3a50fe506ced865473b082c8b28f6ce254e6e2b01266b6a563531a6267bc
/rows/134/result/filesystem/read/python	string	3.14.7
/rows/134/result/filesystem/read/worker_ms	float	69.124148
/rows/134/result/filesystem/read/workload	string	read
/rows/134/result/filesystem/rg	object	-
/rows/134/result/filesystem/rg/check	object	-
/rows/134/result/filesystem/rg/check/matches	integer	2048
/rows/134/result/filesystem/rg/python	string	3.14.7
/rows/134/result/filesystem/rg/worker_ms	float	91.932611
/rows/134/result/filesystem/rg/workload	string	rg
/rows/134/result/filesystem/write	object	-
/rows/134/result/filesystem/write/check	object	-
/rows/134/result/filesystem/write/check/bytes	integer	16777216
/rows/134/result/filesystem/write/check/files	integer	256
/rows/134/result/filesystem/write/python	string	3.14.7
/rows/134/result/filesystem/write/worker_ms	float	198.502621
/rows/134/result/filesystem/write/workload	string	write
/rows/134/result/mode	string	filesystem
/rows/134/result/worker_ms	float	1098.465251
/rows/134/result_ms	float	1161.562001
/rows/134/trial	integer	26
/rows/134/variant	string	baseline
/rows/135	object	-
/rows/135/backend	string	pvisor-staged
/rows/135/completion_ms	float	1271.097176
/rows/135/correctness	string	passed
/rows/135/logs	string	/home/reiase/workspace/pvisor/target/p1-filesystem-final-full-20261005/candidate/trials/filesystem-pvisor-staged-027
/rows/135/memory_scope	string	owned launcher tree; Docker daemon/container RSS excluded
/rows/135/mode	string	filesystem
/rows/135/peak_tree_rss_kib	integer	177080
/rows/135/prepare_ms	float	36.961608
/rows/135/ready_ms	float	61.76867
/rows/135/result	object	-
/rows/135/result/correctness	string	passed
/rows/135/result/filesystem	object	-
/rows/135/result/filesystem/cargo	object	-
/rows/135/result/filesystem/cargo/check	object	-
/rows/135/result/filesystem/cargo/check/modules	integer	64
/rows/135/result/filesystem/cargo/check/result	string	2016
/rows/135/result/filesystem/cargo/python	string	3.14.7
/rows/135/result/filesystem/cargo/worker_ms	float	108.054442
/rows/135/result/filesystem/cargo/workload	string	cargo
/rows/135/result/filesystem/git	object	-
/rows/135/result/filesystem/git/check	object	-
/rows/135/result/filesystem/git/check/git_clean	boolean	true
/rows/135/result/filesystem/git/python	string	3.14.7
/rows/135/result/filesystem/git/worker_ms	float	167.763206
/rows/135/result/filesystem/git/workload	string	git
/rows/135/result/filesystem/metadata	object	-
/rows/135/result/filesystem/metadata/check	object	-
/rows/135/result/filesystem/metadata/check/bytes	integer	2095104
/rows/135/result/filesystem/metadata/check/files	integer	2048
/rows/135/result/filesystem/metadata/python	string	3.14.7
/rows/135/result/filesystem/metadata/worker_ms	float	76.907957
/rows/135/result/filesystem/metadata/workload	string	metadata
/rows/135/result/filesystem/npm	object	-
/rows/135/result/filesystem/npm/check	object	-
/rows/135/result/filesystem/npm/check/local_packages	integer	32
/rows/135/result/filesystem/npm/python	string	3.14.7
/rows/135/result/filesystem/npm/worker_ms	float	262.411566
/rows/135/result/filesystem/npm/workload	string	npm
/rows/135/result/filesystem/read	object	-
/rows/135/result/filesystem/read/check	object	-
/rows/135/result/filesystem/read/check/bytes	integer	67108864
/rows/135/result/filesystem/read/check/sha256	string	42ef3a50fe506ced865473b082c8b28f6ce254e6e2b01266b6a563531a6267bc
/rows/135/result/filesystem/read/python	string	3.14.7
/rows/135/result/filesystem/read/worker_ms	float	67.561522
/rows/135/result/filesystem/read/workload	string	read
/rows/135/result/filesystem/rg	object	-
/rows/135/result/filesystem/rg/check	object	-
/rows/135/result/filesystem/rg/check/matches	integer	2048
/rows/135/result/filesystem/rg/python	string	3.14.7
/rows/135/result/filesystem/rg/worker_ms	float	89.110442
/rows/135/result/filesystem/rg/workload	string	rg
/rows/135/result/filesystem/write	object	-
/rows/135/result/filesystem/write/check	object	-
/rows/135/result/filesystem/write/check/bytes	integer	16777216
/rows/135/result/filesystem/write/check/files	integer	256
/rows/135/result/filesystem/write/python	string	3.14.7
/rows/135/result/filesystem/write/worker_ms	float	195.827588
/rows/135/result/filesystem/write/workload	string	write
/rows/135/result/mode	string	filesystem
/rows/135/result/worker_ms	float	1092.400272
/rows/135/result_ms	float	1154.219025
/rows/135/trial	integer	27
/rows/135/variant	string	candidate
/rows/136	object	-
/rows/136/backend	string	pvisor-staged
/rows/136/completion_ms	float	1270.138566
/rows/136/correctness	string	passed
/rows/136/logs	string	/home/reiase/workspace/pvisor/target/p1-filesystem-final-full-20261005/baseline/trials/filesystem-pvisor-staged-027
/rows/136/memory_scope	string	owned launcher tree; Docker daemon/container RSS excluded
/rows/136/mode	string	filesystem
/rows/136/peak_tree_rss_kib	integer	177880
/rows/136/prepare_ms	float	36.627815
/rows/136/ready_ms	float	61.28096
/rows/136/result	object	-
/rows/136/result/correctness	string	passed
/rows/136/result/filesystem	object	-
/rows/136/result/filesystem/cargo	object	-
/rows/136/result/filesystem/cargo/check	object	-
/rows/136/result/filesystem/cargo/check/modules	integer	64
/rows/136/result/filesystem/cargo/check/result	string	2016
/rows/136/result/filesystem/cargo/python	string	3.14.7
/rows/136/result/filesystem/cargo/worker_ms	float	111.927981
/rows/136/result/filesystem/cargo/workload	string	cargo
/rows/136/result/filesystem/git	object	-
/rows/136/result/filesystem/git/check	object	-
/rows/136/result/filesystem/git/check/git_clean	boolean	true
/rows/136/result/filesystem/git/python	string	3.14.7
/rows/136/result/filesystem/git/worker_ms	float	167.777964
/rows/136/result/filesystem/git/workload	string	git
/rows/136/result/filesystem/metadata	object	-
/rows/136/result/filesystem/metadata/check	object	-
/rows/136/result/filesystem/metadata/check/bytes	integer	2095104
/rows/136/result/filesystem/metadata/check/files	integer	2048
/rows/136/result/filesystem/metadata/python	string	3.14.7
/rows/136/result/filesystem/metadata/worker_ms	float	76.434192
/rows/136/result/filesystem/metadata/workload	string	metadata
/rows/136/result/filesystem/npm	object	-
/rows/136/result/filesystem/npm/check	object	-
/rows/136/result/filesystem/npm/check/local_packages	integer	32
/rows/136/result/filesystem/npm/python	string	3.14.7
/rows/136/result/filesystem/npm/worker_ms	float	256.151682
/rows/136/result/filesystem/npm/workload	string	npm
/rows/136/result/filesystem/read	object	-
/rows/136/result/filesystem/read/check	object	-
/rows/136/result/filesystem/read/check/bytes	integer	67108864
/rows/136/result/filesystem/read/check/sha256	string	42ef3a50fe506ced865473b082c8b28f6ce254e6e2b01266b6a563531a6267bc
/rows/136/result/filesystem/read/python	string	3.14.7
/rows/136/result/filesystem/read/worker_ms	float	68.425475
/rows/136/result/filesystem/read/workload	string	read
/rows/136/result/filesystem/rg	object	-
/rows/136/result/filesystem/rg/check	object	-
/rows/136/result/filesystem/rg/check/matches	integer	2048
/rows/136/result/filesystem/rg/python	string	3.14.7
/rows/136/result/filesystem/rg/worker_ms	float	90.8499
/rows/136/result/filesystem/rg/workload	string	rg
/rows/136/result/filesystem/write	object	-
/rows/136/result/filesystem/write/check	object	-
/rows/136/result/filesystem/write/check/bytes	integer	16777216
/rows/136/result/filesystem/write/check/files	integer	256
/rows/136/result/filesystem/write/python	string	3.14.7
/rows/136/result/filesystem/write/worker_ms	float	192.650507
/rows/136/result/filesystem/write/workload	string	write
/rows/136/result/mode	string	filesystem
/rows/136/result/worker_ms	float	1087.174248
/rows/136/result_ms	float	1148.500872
/rows/136/trial	integer	27
/rows/136/variant	string	baseline
/rows/137	object	-
/rows/137/backend	string	pvisor-vm
/rows/137/completion_ms	float	4900.116132
/rows/137/correctness	string	passed
/rows/137/logs	string	/home/reiase/workspace/pvisor/target/p1-filesystem-final-full-20261005/candidate/trials/filesystem-pvisor-vm-027
/rows/137/memory_scope	string	owned launcher tree; Docker daemon/container RSS excluded
/rows/137/mode	string	filesystem
/rows/137/peak_tree_rss_kib	integer	829668
/rows/137/prepare_ms	float	39.166934
/rows/137/ready_ms	float	630.560567
/rows/137/result	object	-
/rows/137/result/correctness	string	passed
/rows/137/result/filesystem	object	-
/rows/137/result/filesystem/cargo	object	-
/rows/137/result/filesystem/cargo/check	object	-
/rows/137/result/filesystem/cargo/check/modules	integer	64
/rows/137/result/filesystem/cargo/check/result	string	2016
/rows/137/result/filesystem/cargo/python	string	3.14.7
/rows/137/result/filesystem/cargo/worker_ms	float	591.386811
/rows/137/result/filesystem/cargo/workload	string	cargo
/rows/137/result/filesystem/git	object	-
/rows/137/result/filesystem/git/check	object	-
/rows/137/result/filesystem/git/check/git_clean	boolean	true
/rows/137/result/filesystem/git/python	string	3.14.7
/rows/137/result/filesystem/git/worker_ms	float	401.312015
/rows/137/result/filesystem/git/workload	string	git
/rows/137/result/filesystem/metadata	object	-
/rows/137/result/filesystem/metadata/check	object	-
/rows/137/result/filesystem/metadata/check/bytes	integer	2095104
/rows/137/result/filesystem/metadata/check/files	integer	2048
/rows/137/result/filesystem/metadata/python	string	3.14.7
/rows/137/result/filesystem/metadata/worker_ms	float	230.74945
/rows/137/result/filesystem/metadata/workload	string	metadata
/rows/137/result/filesystem/npm	object	-
/rows/137/result/filesystem/npm/check	object	-
/rows/137/result/filesystem/npm/check/local_packages	integer	32
/rows/137/result/filesystem/npm/python	string	3.14.7
/rows/137/result/filesystem/npm/worker_ms	float	1470.799212
/rows/137/result/filesystem/npm/workload	string	npm
/rows/137/result/filesystem/read	object	-
/rows/137/result/filesystem/read/check	object	-
/rows/137/result/filesystem/read/check/bytes	integer	67108864
/rows/137/result/filesystem/read/check/sha256	string	42ef3a50fe506ced865473b082c8b28f6ce254e6e2b01266b6a563531a6267bc
/rows/137/result/filesystem/read/python	string	3.14.7
/rows/137/result/filesystem/read/worker_ms	float	116.634793
/rows/137/result/filesystem/read/workload	string	read
/rows/137/result/filesystem/rg	object	-
/rows/137/result/filesystem/rg/check	object	-
/rows/137/result/filesystem/rg/check/matches	integer	2048
/rows/137/result/filesystem/rg/python	string	3.14.7
/rows/137/result/filesystem/rg/worker_ms	float	482.848699
/rows/137/result/filesystem/rg/workload	string	rg
/rows/137/result/filesystem/write	object	-
/rows/137/result/filesystem/write/check	object	-
/rows/137/result/filesystem/write/check/bytes	integer	16777216
/rows/137/result/filesystem/write/check/files	integer	256
/rows/137/result/filesystem/write/python	string	3.14.7
/rows/137/result/filesystem/write/worker_ms	float	291.929683
/rows/137/result/filesystem/write/workload	string	write
/rows/137/result/mode	string	filesystem
/rows/137/result/worker_ms	float	4146.077873
/rows/137/result_ms	float	4777.088143
/rows/137/trial	integer	27
/rows/137/variant	string	candidate
/rows/138	object	-
/rows/138/backend	string	pvisor-vm
/rows/138/completion_ms	float	5075.747555
/rows/138/correctness	string	passed
/rows/138/logs	string	/home/reiase/workspace/pvisor/target/p1-filesystem-final-full-20261005/baseline/trials/filesystem-pvisor-vm-027
/rows/138/memory_scope	string	owned launcher tree; Docker daemon/container RSS excluded
/rows/138/mode	string	filesystem
/rows/138/peak_tree_rss_kib	integer	836516
/rows/138/prepare_ms	float	36.37924
/rows/138/ready_ms	float	573.592399
/rows/138/result	object	-
/rows/138/result/correctness	string	passed
/rows/138/result/filesystem	object	-
/rows/138/result/filesystem/cargo	object	-
/rows/138/result/filesystem/cargo/check	object	-
/rows/138/result/filesystem/cargo/check/modules	integer	64
/rows/138/result/filesystem/cargo/check/result	string	2016
/rows/138/result/filesystem/cargo/python	string	3.14.7
/rows/138/result/filesystem/cargo/worker_ms	float	758.140469
/rows/138/result/filesystem/cargo/workload	string	cargo
/rows/138/result/filesystem/git	object	-
/rows/138/result/filesystem/git/check	object	-
/rows/138/result/filesystem/git/check/git_clean	boolean	true
/rows/138/result/filesystem/git/python	string	3.14.7
/rows/138/result/filesystem/git/worker_ms	float	428.334671
/rows/138/result/filesystem/git/workload	string	git
/rows/138/result/filesystem/metadata	object	-
/rows/138/result/filesystem/metadata/check	object	-
/rows/138/result/filesystem/metadata/check/bytes	integer	2095104
/rows/138/result/filesystem/metadata/check/files	integer	2048
/rows/138/result/filesystem/metadata/python	string	3.14.7
/rows/138/result/filesystem/metadata/worker_ms	float	185.994441
/rows/138/result/filesystem/metadata/workload	string	metadata
/rows/138/result/filesystem/npm	object	-
/rows/138/result/filesystem/npm/check	object	-
/rows/138/result/filesystem/npm/check/local_packages	integer	32
/rows/138/result/filesystem/npm/python	string	3.14.7
/rows/138/result/filesystem/npm/worker_ms	float	1595.285957
/rows/138/result/filesystem/npm/workload	string	npm
/rows/138/result/filesystem/read	object	-
/rows/138/result/filesystem/read/check	object	-
/rows/138/result/filesystem/read/check/bytes	integer	67108864
/rows/138/result/filesystem/read/check/sha256	string	42ef3a50fe506ced865473b082c8b28f6ce254e6e2b01266b6a563531a6267bc
/rows/138/result/filesystem/read/python	string	3.14.7
/rows/138/result/filesystem/read/worker_ms	float	188.242499
/rows/138/result/filesystem/read/workload	string	read
/rows/138/result/filesystem/rg	object	-
/rows/138/result/filesystem/rg/check	object	-
/rows/138/result/filesystem/rg/check/matches	integer	2048
/rows/138/result/filesystem/rg/python	string	3.14.7
/rows/138/result/filesystem/rg/worker_ms	float	456.680954
/rows/138/result/filesystem/rg/workload	string	rg
/rows/138/result/filesystem/write	object	-
/rows/138/result/filesystem/write/check	object	-
/rows/138/result/filesystem/write/check/bytes	integer	16777216
/rows/138/result/filesystem/write/check/files	integer	256
/rows/138/result/filesystem/write/python	string	3.14.7
/rows/138/result/filesystem/write/worker_ms	float	221.709003
/rows/138/result/filesystem/write/workload	string	write
/rows/138/result/mode	string	filesystem
/rows/138/result/worker_ms	float	4387.754229
/rows/138/result_ms	float	4962.002583
/rows/138/trial	integer	27
/rows/138/variant	string	baseline
/rows/139	object	-
/rows/139/backend	string	native
/rows/139/completion_ms	float	457.490516
/rows/139/correctness	string	passed
/rows/139/logs	string	/home/reiase/workspace/pvisor/target/p1-filesystem-final-full-20261005/native/trials/filesystem-native-027
/rows/139/memory_scope	string	owned launcher tree; Docker daemon/container RSS excluded
/rows/139/mode	string	filesystem
/rows/139/peak_tree_rss_kib	integer	148636
/rows/139/prepare_ms	float	37.765739
/rows/139/ready_ms	float	39.971085
/rows/139/result	object	-
/rows/139/result/correctness	string	passed
/rows/139/result/filesystem	object	-
/rows/139/result/filesystem/cargo	object	-
/rows/139/result/filesystem/cargo/check	object	-
/rows/139/result/filesystem/cargo/check/modules	integer	64
/rows/139/result/filesystem/cargo/check/result	string	2016
/rows/139/result/filesystem/cargo/python	string	3.14.7
/rows/139/result/filesystem/cargo/worker_ms	float	53.958984
/rows/139/result/filesystem/cargo/workload	string	cargo
/rows/139/result/filesystem/git	object	-
/rows/139/result/filesystem/git/check	object	-
/rows/139/result/filesystem/git/check/git_clean	boolean	true
/rows/139/result/filesystem/git/python	string	3.14.7
/rows/139/result/filesystem/git/worker_ms	float	15.160367
/rows/139/result/filesystem/git/workload	string	git
/rows/139/result/filesystem/metadata	object	-
/rows/139/result/filesystem/metadata/check	object	-
/rows/139/result/filesystem/metadata/check/bytes	integer	2095104
/rows/139/result/filesystem/metadata/check/files	integer	2048
/rows/139/result/filesystem/metadata/python	string	3.14.7
/rows/139/result/filesystem/metadata/worker_ms	float	4.978773
/rows/139/result/filesystem/metadata/workload	string	metadata
/rows/139/result/filesystem/npm	object	-
/rows/139/result/filesystem/npm/check	object	-
/rows/139/result/filesystem/npm/check/local_packages	integer	32
/rows/139/result/filesystem/npm/python	string	3.14.7
/rows/139/result/filesystem/npm/worker_ms	float	174.305989
/rows/139/result/filesystem/npm/workload	string	npm
/rows/139/result/filesystem/read	object	-
/rows/139/result/filesystem/read/check	object	-
/rows/139/result/filesystem/read/check/bytes	integer	67108864
/rows/139/result/filesystem/read/check/sha256	string	42ef3a50fe506ced865473b082c8b28f6ce254e6e2b01266b6a563531a6267bc
/rows/139/result/filesystem/read/python	string	3.14.7
/rows/139/result/filesystem/read/worker_ms	float	31.193602
/rows/139/result/filesystem/read/workload	string	read
/rows/139/result/filesystem/rg	object	-
/rows/139/result/filesystem/rg/check	object	-
/rows/139/result/filesystem/rg/check/matches	integer	2048
/rows/139/result/filesystem/rg/python	string	3.14.7
/rows/139/result/filesystem/rg/worker_ms	float	7.50608
/rows/139/result/filesystem/rg/workload	string	rg
/rows/139/result/filesystem/write	object	-
/rows/139/result/filesystem/write/check	object	-
/rows/139/result/filesystem/write/check/bytes	integer	16777216
/rows/139/result/filesystem/write/check/files	integer	256
/rows/139/result/filesystem/write/python	string	3.14.7
/rows/139/result/filesystem/write/worker_ms	float	3.7449
/rows/139/result/filesystem/write/workload	string	write
/rows/139/result/mode	string	filesystem
/rows/139/result/worker_ms	float	409.097272
/rows/139/result_ms	float	449.113841
/rows/139/trial	integer	27
/rows/139/variant	string	native
/rows/140	object	-
/rows/140/backend	string	pvisor-vm
/rows/140/completion_ms	float	5482.59663
/rows/140/correctness	string	passed
/rows/140/logs	string	/home/reiase/workspace/pvisor/target/p1-filesystem-final-full-20261005/candidate/trials/filesystem-pvisor-vm-028
/rows/140/memory_scope	string	owned launcher tree; Docker daemon/container RSS excluded
/rows/140/mode	string	filesystem
/rows/140/peak_tree_rss_kib	integer	830620
/rows/140/prepare_ms	float	38.829275
/rows/140/ready_ms	float	555.010525
/rows/140/result	object	-
/rows/140/result/correctness	string	passed
/rows/140/result/filesystem	object	-
/rows/140/result/filesystem/cargo	object	-
/rows/140/result/filesystem/cargo/check	object	-
/rows/140/result/filesystem/cargo/check/modules	integer	64
/rows/140/result/filesystem/cargo/check/result	string	2016
/rows/140/result/filesystem/cargo/python	string	3.14.7
/rows/140/result/filesystem/cargo/worker_ms	float	636.262145
/rows/140/result/filesystem/cargo/workload	string	cargo
/rows/140/result/filesystem/git	object	-
/rows/140/result/filesystem/git/check	object	-
/rows/140/result/filesystem/git/check/git_clean	boolean	true
/rows/140/result/filesystem/git/python	string	3.14.7
/rows/140/result/filesystem/git/worker_ms	float	763.10504
/rows/140/result/filesystem/git/workload	string	git
/rows/140/result/filesystem/metadata	object	-
/rows/140/result/filesystem/metadata/check	object	-
/rows/140/result/filesystem/metadata/check/bytes	integer	2095104
/rows/140/result/filesystem/metadata/check/files	integer	2048
/rows/140/result/filesystem/metadata/python	string	3.14.7
/rows/140/result/filesystem/metadata/worker_ms	float	179.541276
/rows/140/result/filesystem/metadata/workload	string	metadata
/rows/140/result/filesystem/npm	object	-
/rows/140/result/filesystem/npm/check	object	-
/rows/140/result/filesystem/npm/check/local_packages	integer	32
/rows/140/result/filesystem/npm/python	string	3.14.7
/rows/140/result/filesystem/npm/worker_ms	float	1869.213433
/rows/140/result/filesystem/npm/workload	string	npm
/rows/140/result/filesystem/read	object	-
/rows/140/result/filesystem/read/check	object	-
/rows/140/result/filesystem/read/check/bytes	integer	67108864
/rows/140/result/filesystem/read/check/sha256	string	42ef3a50fe506ced865473b082c8b28f6ce254e6e2b01266b6a563531a6267bc
/rows/140/result/filesystem/read/python	string	3.14.7
/rows/140/result/filesystem/read/worker_ms	float	156.754747
/rows/140/result/filesystem/read/workload	string	read
/rows/140/result/filesystem/rg	object	-
/rows/140/result/filesystem/rg/check	object	-
/rows/140/result/filesystem/rg/check/matches	integer	2048
/rows/140/result/filesystem/rg/python	string	3.14.7
/rows/140/result/filesystem/rg/worker_ms	float	416.104355
/rows/140/result/filesystem/rg/workload	string	rg
/rows/140/result/filesystem/write	object	-
/rows/140/result/filesystem/write/check	object	-
/rows/140/result/filesystem/write/check/bytes	integer	16777216
/rows/140/result/filesystem/write/check/files	integer	256
/rows/140/result/filesystem/write/python	string	3.14.7
/rows/140/result/filesystem/write/worker_ms	float	286.362726
/rows/140/result/filesystem/write/workload	string	write
/rows/140/result/mode	string	filesystem
/rows/140/result/worker_ms	float	4813.748581
/rows/140/result_ms	float	5369.616925
/rows/140/trial	integer	28
/rows/140/variant	string	candidate
/rows/141	object	-
/rows/141/backend	string	pvisor-staged
/rows/141/completion_ms	float	1289.401441
/rows/141/correctness	string	passed
/rows/141/logs	string	/home/reiase/workspace/pvisor/target/p1-filesystem-final-full-20261005/baseline/trials/filesystem-pvisor-staged-028
/rows/141/memory_scope	string	owned launcher tree; Docker daemon/container RSS excluded
/rows/141/mode	string	filesystem
/rows/141/peak_tree_rss_kib	integer	177336
/rows/141/prepare_ms	float	36.857313
/rows/141/ready_ms	float	64.438183
/rows/141/result	object	-
/rows/141/result/correctness	string	passed
/rows/141/result/filesystem	object	-
/rows/141/result/filesystem/cargo	object	-
/rows/141/result/filesystem/cargo/check	object	-
/rows/141/result/filesystem/cargo/check/modules	integer	64
/rows/141/result/filesystem/cargo/check/result	string	2016
/rows/141/result/filesystem/cargo/python	string	3.14.7
/rows/141/result/filesystem/cargo/worker_ms	float	111.413401
/rows/141/result/filesystem/cargo/workload	string	cargo
/rows/141/result/filesystem/git	object	-
/rows/141/result/filesystem/git/check	object	-
/rows/141/result/filesystem/git/check/git_clean	boolean	true
/rows/141/result/filesystem/git/python	string	3.14.7
/rows/141/result/filesystem/git/worker_ms	float	170.366615
/rows/141/result/filesystem/git/workload	string	git
/rows/141/result/filesystem/metadata	object	-
/rows/141/result/filesystem/metadata/check	object	-
/rows/141/result/filesystem/metadata/check/bytes	integer	2095104
/rows/141/result/filesystem/metadata/check/files	integer	2048
/rows/141/result/filesystem/metadata/python	string	3.14.7
/rows/141/result/filesystem/metadata/worker_ms	float	77.463404
/rows/141/result/filesystem/metadata/workload	string	metadata
/rows/141/result/filesystem/npm	object	-
/rows/141/result/filesystem/npm/check	object	-
/rows/141/result/filesystem/npm/check/local_packages	integer	32
/rows/141/result/filesystem/npm/python	string	3.14.7
/rows/141/result/filesystem/npm/worker_ms	float	256.554654
/rows/141/result/filesystem/npm/workload	string	npm
/rows/141/result/filesystem/read	object	-
/rows/141/result/filesystem/read/check	object	-
/rows/141/result/filesystem/read/check/bytes	integer	67108864
/rows/141/result/filesystem/read/check/sha256	string	42ef3a50fe506ced865473b082c8b28f6ce254e6e2b01266b6a563531a6267bc
/rows/141/result/filesystem/read/python	string	3.14.7
/rows/141/result/filesystem/read/worker_ms	float	69.478561
/rows/141/result/filesystem/read/workload	string	read
/rows/141/result/filesystem/rg	object	-
/rows/141/result/filesystem/rg/check	object	-
/rows/141/result/filesystem/rg/check/matches	integer	2048
/rows/141/result/filesystem/rg/python	string	3.14.7
/rows/141/result/filesystem/rg/worker_ms	float	90.665385
/rows/141/result/filesystem/rg/workload	string	rg
/rows/141/result/filesystem/write	object	-
/rows/141/result/filesystem/write/check	object	-
/rows/141/result/filesystem/write/check/bytes	integer	16777216
/rows/141/result/filesystem/write/check/files	integer	256
/rows/141/result/filesystem/write/python	string	3.14.7
/rows/141/result/filesystem/write/worker_ms	float	196.273129
/rows/141/result/filesystem/write/workload	string	write
/rows/141/result/mode	string	filesystem
/rows/141/result/worker_ms	float	1096.665543
/rows/141/result_ms	float	1161.147207
/rows/141/trial	integer	28
/rows/141/variant	string	baseline
/rows/142	object	-
/rows/142/backend	string	native
/rows/142/completion_ms	float	450.205028
/rows/142/correctness	string	passed
/rows/142/logs	string	/home/reiase/workspace/pvisor/target/p1-filesystem-final-full-20261005/native/trials/filesystem-native-028
/rows/142/memory_scope	string	owned launcher tree; Docker daemon/container RSS excluded
/rows/142/mode	string	filesystem
/rows/142/peak_tree_rss_kib	integer	136076
/rows/142/prepare_ms	float	36.817789
/rows/142/ready_ms	float	38.623921
/rows/142/result	object	-
/rows/142/result/correctness	string	passed
/rows/142/result/filesystem	object	-
/rows/142/result/filesystem/cargo	object	-
/rows/142/result/filesystem/cargo/check	object	-
/rows/142/result/filesystem/cargo/check/modules	integer	64
/rows/142/result/filesystem/cargo/check/result	string	2016
/rows/142/result/filesystem/cargo/python	string	3.14.7
/rows/142/result/filesystem/cargo/worker_ms	float	53.176513
/rows/142/result/filesystem/cargo/workload	string	cargo
/rows/142/result/filesystem/git	object	-
/rows/142/result/filesystem/git/check	object	-
/rows/142/result/filesystem/git/check/git_clean	boolean	true
/rows/142/result/filesystem/git/python	string	3.14.7
/rows/142/result/filesystem/git/worker_ms	float	14.86214
/rows/142/result/filesystem/git/workload	string	git
/rows/142/result/filesystem/metadata	object	-
/rows/142/result/filesystem/metadata/check	object	-
/rows/142/result/filesystem/metadata/check/bytes	integer	2095104
/rows/142/result/filesystem/metadata/check/files	integer	2048
/rows/142/result/filesystem/metadata/python	string	3.14.7
/rows/142/result/filesystem/metadata/worker_ms	float	4.821429
/rows/142/result/filesystem/metadata/workload	string	metadata
/rows/142/result/filesystem/npm	object	-
/rows/142/result/filesystem/npm/check	object	-
/rows/142/result/filesystem/npm/check/local_packages	integer	32
/rows/142/result/filesystem/npm/python	string	3.14.7
/rows/142/result/filesystem/npm/worker_ms	float	172.88141
/rows/142/result/filesystem/npm/workload	string	npm
/rows/142/result/filesystem/read	object	-
/rows/142/result/filesystem/read/check	object	-
/rows/142/result/filesystem/read/check/bytes	integer	67108864
/rows/142/result/filesystem/read/check/sha256	string	42ef3a50fe506ced865473b082c8b28f6ce254e6e2b01266b6a563531a6267bc
/rows/142/result/filesystem/read/python	string	3.14.7
/rows/142/result/filesystem/read/worker_ms	float	31.774827
/rows/142/result/filesystem/read/workload	string	read
/rows/142/result/filesystem/rg	object	-
/rows/142/result/filesystem/rg/check	object	-
/rows/142/result/filesystem/rg/check/matches	integer	2048
/rows/142/result/filesystem/rg/python	string	3.14.7
/rows/142/result/filesystem/rg/worker_ms	float	7.363293
/rows/142/result/filesystem/rg/workload	string	rg
/rows/142/result/filesystem/write	object	-
/rows/142/result/filesystem/write/check	object	-
/rows/142/result/filesystem/write/check/bytes	integer	16777216
/rows/142/result/filesystem/write/check/files	integer	256
/rows/142/result/filesystem/write/python	string	3.14.7
/rows/142/result/filesystem/write/worker_ms	float	3.817555
/rows/142/result/filesystem/write/workload	string	write
/rows/142/result/mode	string	filesystem
/rows/142/result/worker_ms	float	403.97417
/rows/142/result_ms	float	442.656248
/rows/142/trial	integer	28
/rows/142/variant	string	native
/rows/143	object	-
/rows/143/backend	string	pvisor-vm
/rows/143/completion_ms	float	5435.994247
/rows/143/correctness	string	passed
/rows/143/logs	string	/home/reiase/workspace/pvisor/target/p1-filesystem-final-full-20261005/baseline/trials/filesystem-pvisor-vm-028
/rows/143/memory_scope	string	owned launcher tree; Docker daemon/container RSS excluded
/rows/143/mode	string	filesystem
/rows/143/peak_tree_rss_kib	integer	832104
/rows/143/prepare_ms	float	37.788311
/rows/143/ready_ms	float	555.973933
/rows/143/result	object	-
/rows/143/result/correctness	string	passed
/rows/143/result/filesystem	object	-
/rows/143/result/filesystem/cargo	object	-
/rows/143/result/filesystem/cargo/check	object	-
/rows/143/result/filesystem/cargo/check/modules	integer	64
/rows/143/result/filesystem/cargo/check/result	string	2016
/rows/143/result/filesystem/cargo/python	string	3.14.7
/rows/143/result/filesystem/cargo/worker_ms	float	683.708258
/rows/143/result/filesystem/cargo/workload	string	cargo
/rows/143/result/filesystem/git	object	-
/rows/143/result/filesystem/git/check	object	-
/rows/143/result/filesystem/git/check/git_clean	boolean	true
/rows/143/result/filesystem/git/python	string	3.14.7
/rows/143/result/filesystem/git/worker_ms	float	756.484681
/rows/143/result/filesystem/git/workload	string	git
/rows/143/result/filesystem/metadata	object	-
/rows/143/result/filesystem/metadata/check	object	-
/rows/143/result/filesystem/metadata/check/bytes	integer	2095104
/rows/143/result/filesystem/metadata/check/files	integer	2048
/rows/143/result/filesystem/metadata/python	string	3.14.7
/rows/143/result/filesystem/metadata/worker_ms	float	157.993205
/rows/143/result/filesystem/metadata/workload	string	metadata
/rows/143/result/filesystem/npm	object	-
/rows/143/result/filesystem/npm/check	object	-
/rows/143/result/filesystem/npm/check/local_packages	integer	32
/rows/143/result/filesystem/npm/python	string	3.14.7
/rows/143/result/filesystem/npm/worker_ms	float	1753.315109
/rows/143/result/filesystem/npm/workload	string	npm
/rows/143/result/filesystem/read	object	-
/rows/143/result/filesystem/read/check	object	-
/rows/143/result/filesystem/read/check/bytes	integer	67108864
/rows/143/result/filesystem/read/check/sha256	string	42ef3a50fe506ced865473b082c8b28f6ce254e6e2b01266b6a563531a6267bc
/rows/143/result/filesystem/read/python	string	3.14.7
/rows/143/result/filesystem/read/worker_ms	float	198.599789
/rows/143/result/filesystem/read/workload	string	read
/rows/143/result/filesystem/rg	object	-
/rows/143/result/filesystem/rg/check	object	-
/rows/143/result/filesystem/rg/check/matches	integer	2048
/rows/143/result/filesystem/rg/python	string	3.14.7
/rows/143/result/filesystem/rg/worker_ms	float	418.402726
/rows/143/result/filesystem/rg/workload	string	rg
/rows/143/result/filesystem/write	object	-
/rows/143/result/filesystem/write/check	object	-
/rows/143/result/filesystem/write/check/bytes	integer	16777216
/rows/143/result/filesystem/write/check/files	integer	256
/rows/143/result/filesystem/write/python	string	3.14.7
/rows/143/result/filesystem/write/worker_ms	float	230.582006
/rows/143/result/filesystem/write/workload	string	write
/rows/143/result/mode	string	filesystem
/rows/143/result/worker_ms	float	4744.103898
/rows/143/result_ms	float	5300.855033
/rows/143/trial	integer	28
/rows/143/variant	string	baseline
/rows/144	object	-
/rows/144/backend	string	pvisor-staged
/rows/144/completion_ms	float	1262.310275
/rows/144/correctness	string	passed
/rows/144/logs	string	/home/reiase/workspace/pvisor/target/p1-filesystem-final-full-20261005/candidate/trials/filesystem-pvisor-staged-028
/rows/144/memory_scope	string	owned launcher tree; Docker daemon/container RSS excluded
/rows/144/mode	string	filesystem
/rows/144/peak_tree_rss_kib	integer	177064
/rows/144/prepare_ms	float	38.363515
/rows/144/ready_ms	float	60.77755
/rows/144/result	object	-
/rows/144/result/correctness	string	passed
/rows/144/result/filesystem	object	-
/rows/144/result/filesystem/cargo	object	-
/rows/144/result/filesystem/cargo/check	object	-
/rows/144/result/filesystem/cargo/check/modules	integer	64
/rows/144/result/filesystem/cargo/check/result	string	2016
/rows/144/result/filesystem/cargo/python	string	3.14.7
/rows/144/result/filesystem/cargo/worker_ms	float	112.799278
/rows/144/result/filesystem/cargo/workload	string	cargo
/rows/144/result/filesystem/git	object	-
/rows/144/result/filesystem/git/check	object	-
/rows/144/result/filesystem/git/check/git_clean	boolean	true
/rows/144/result/filesystem/git/python	string	3.14.7
/rows/144/result/filesystem/git/worker_ms	float	165.924715
/rows/144/result/filesystem/git/workload	string	git
/rows/144/result/filesystem/metadata	object	-
/rows/144/result/filesystem/metadata/check	object	-
/rows/144/result/filesystem/metadata/check/bytes	integer	2095104
/rows/144/result/filesystem/metadata/check/files	integer	2048
/rows/144/result/filesystem/metadata/python	string	3.14.7
/rows/144/result/filesystem/metadata/worker_ms	float	76.106701
/rows/144/result/filesystem/metadata/workload	string	metadata
/rows/144/result/filesystem/npm	object	-
/rows/144/result/filesystem/npm/check	object	-
/rows/144/result/filesystem/npm/check/local_packages	integer	32
/rows/144/result/filesystem/npm/python	string	3.14.7
/rows/144/result/filesystem/npm/worker_ms	float	253.337018
/rows/144/result/filesystem/npm/workload	string	npm
/rows/144/result/filesystem/read	object	-
/rows/144/result/filesystem/read/check	object	-
/rows/144/result/filesystem/read/check/bytes	integer	67108864
/rows/144/result/filesystem/read/check/sha256	string	42ef3a50fe506ced865473b082c8b28f6ce254e6e2b01266b6a563531a6267bc
/rows/144/result/filesystem/read/python	string	3.14.7
/rows/144/result/filesystem/read/worker_ms	float	65.933803
/rows/144/result/filesystem/read/workload	string	read
/rows/144/result/filesystem/rg	object	-
/rows/144/result/filesystem/rg/check	object	-
/rows/144/result/filesystem/rg/check/matches	integer	2048
/rows/144/result/filesystem/rg/python	string	3.14.7
/rows/144/result/filesystem/rg/worker_ms	float	87.129506
/rows/144/result/filesystem/rg/workload	string	rg
/rows/144/result/filesystem/write	object	-
/rows/144/result/filesystem/write/check	object	-
/rows/144/result/filesystem/write/check/bytes	integer	16777216
/rows/144/result/filesystem/write/check/files	integer	256
/rows/144/result/filesystem/write/python	string	3.14.7
/rows/144/result/filesystem/write/worker_ms	float	197.315375
/rows/144/result/filesystem/write/workload	string	write
/rows/144/result/mode	string	filesystem
/rows/144/result/worker_ms	float	1084.816697
/rows/144/result_ms	float	1145.680849
/rows/144/trial	integer	28
/rows/144/variant	string	candidate
/rows/145	object	-
/rows/145/backend	string	native
/rows/145/completion_ms	float	473.878354
/rows/145/correctness	string	passed
/rows/145/logs	string	/home/reiase/workspace/pvisor/target/p1-filesystem-final-full-20261005/native/trials/filesystem-native-029
/rows/145/memory_scope	string	owned launcher tree; Docker daemon/container RSS excluded
/rows/145/mode	string	filesystem
/rows/145/peak_tree_rss_kib	integer	138828
/rows/145/prepare_ms	float	37.143969
/rows/145/ready_ms	float	39.333735
/rows/145/result	object	-
/rows/145/result/correctness	string	passed
/rows/145/result/filesystem	object	-
/rows/145/result/filesystem/cargo	object	-
/rows/145/result/filesystem/cargo/check	object	-
/rows/145/result/filesystem/cargo/check/modules	integer	64
/rows/145/result/filesystem/cargo/check/result	string	2016
/rows/145/result/filesystem/cargo/python	string	3.14.7
/rows/145/result/filesystem/cargo/worker_ms	float	57.791647
/rows/145/result/filesystem/cargo/workload	string	cargo
/rows/145/result/filesystem/git	object	-
/rows/145/result/filesystem/git/check	object	-
/rows/145/result/filesystem/git/check/git_clean	boolean	true
/rows/145/result/filesystem/git/python	string	3.14.7
/rows/145/result/filesystem/git/worker_ms	float	14.113833
/rows/145/result/filesystem/git/workload	string	git
/rows/145/result/filesystem/metadata	object	-
/rows/145/result/filesystem/metadata/check	object	-
/rows/145/result/filesystem/metadata/check/bytes	integer	2095104
/rows/145/result/filesystem/metadata/check/files	integer	2048
/rows/145/result/filesystem/metadata/python	string	3.14.7
/rows/145/result/filesystem/metadata/worker_ms	float	4.724989
/rows/145/result/filesystem/metadata/workload	string	metadata
/rows/145/result/filesystem/npm	object	-
/rows/145/result/filesystem/npm/check	object	-
/rows/145/result/filesystem/npm/check/local_packages	integer	32
/rows/145/result/filesystem/npm/python	string	3.14.7
/rows/145/result/filesystem/npm/worker_ms	float	172.85518
/rows/145/result/filesystem/npm/workload	string	npm
/rows/145/result/filesystem/read	object	-
/rows/145/result/filesystem/read/check	object	-
/rows/145/result/filesystem/read/check/bytes	integer	67108864
/rows/145/result/filesystem/read/check/sha256	string	42ef3a50fe506ced865473b082c8b28f6ce254e6e2b01266b6a563531a6267bc
/rows/145/result/filesystem/read/python	string	3.14.7
/rows/145/result/filesystem/read/worker_ms	float	32.48932
/rows/145/result/filesystem/read/workload	string	read
/rows/145/result/filesystem/rg	object	-
/rows/145/result/filesystem/rg/check	object	-
/rows/145/result/filesystem/rg/check/matches	integer	2048
/rows/145/result/filesystem/rg/python	string	3.14.7
/rows/145/result/filesystem/rg/worker_ms	float	6.784884
/rows/145/result/filesystem/rg/workload	string	rg
/rows/145/result/filesystem/write	object	-
/rows/145/result/filesystem/write/check	object	-
/rows/145/result/filesystem/write/check/bytes	integer	16777216
/rows/145/result/filesystem/write/check/files	integer	256
/rows/145/result/filesystem/write/python	string	3.14.7
/rows/145/result/filesystem/write/worker_ms	float	6.912091
/rows/145/result/filesystem/write/workload	string	write
/rows/145/result/mode	string	filesystem
/rows/145/result/worker_ms	float	427.267405
/rows/145/result_ms	float	466.655803
/rows/145/trial	integer	29
/rows/145/variant	string	native
/rows/146	object	-
/rows/146/backend	string	pvisor-staged
/rows/146/completion_ms	float	1292.735523
/rows/146/correctness	string	passed
/rows/146/logs	string	/home/reiase/workspace/pvisor/target/p1-filesystem-final-full-20261005/baseline/trials/filesystem-pvisor-staged-029
/rows/146/memory_scope	string	owned launcher tree; Docker daemon/container RSS excluded
/rows/146/mode	string	filesystem
/rows/146/peak_tree_rss_kib	integer	177052
/rows/146/prepare_ms	float	37.718941
/rows/146/ready_ms	float	60.369629
/rows/146/result	object	-
/rows/146/result/correctness	string	passed
/rows/146/result/filesystem	object	-
/rows/146/result/filesystem/cargo	object	-
/rows/146/result/filesystem/cargo/check	object	-
/rows/146/result/filesystem/cargo/check/modules	integer	64
/rows/146/result/filesystem/cargo/check/result	string	2016
/rows/146/result/filesystem/cargo/python	string	3.14.7
/rows/146/result/filesystem/cargo/worker_ms	float	107.474619
/rows/146/result/filesystem/cargo/workload	string	cargo
/rows/146/result/filesystem/git	object	-
/rows/146/result/filesystem/git/check	object	-
/rows/146/result/filesystem/git/check/git_clean	boolean	true
/rows/146/result/filesystem/git/python	string	3.14.7
/rows/146/result/filesystem/git/worker_ms	float	173.909599
/rows/146/result/filesystem/git/workload	string	git
/rows/146/result/filesystem/metadata	object	-
/rows/146/result/filesystem/metadata/check	object	-
/rows/146/result/filesystem/metadata/check/bytes	integer	2095104
/rows/146/result/filesystem/metadata/check/files	integer	2048
/rows/146/result/filesystem/metadata/python	string	3.14.7
/rows/146/result/filesystem/metadata/worker_ms	float	76.161885
/rows/146/result/filesystem/metadata/workload	string	metadata
/rows/146/result/filesystem/npm	object	-
/rows/146/result/filesystem/npm/check	object	-
/rows/146/result/filesystem/npm/check/local_packages	integer	32
/rows/146/result/filesystem/npm/python	string	3.14.7
/rows/146/result/filesystem/npm/worker_ms	float	256.901942
/rows/146/result/filesystem/npm/workload	string	npm
/rows/146/result/filesystem/read	object	-
/rows/146/result/filesystem/read/check	object	-
/rows/146/result/filesystem/read/check/bytes	integer	67108864
/rows/146/result/filesystem/read/check/sha256	string	42ef3a50fe506ced865473b082c8b28f6ce254e6e2b01266b6a563531a6267bc
/rows/146/result/filesystem/read/python	string	3.14.7
/rows/146/result/filesystem/read/worker_ms	float	67.328057
/rows/146/result/filesystem/read/workload	string	read
/rows/146/result/filesystem/rg	object	-
/rows/146/result/filesystem/rg/check	object	-
/rows/146/result/filesystem/rg/check/matches	integer	2048
/rows/146/result/filesystem/rg/python	string	3.14.7
/rows/146/result/filesystem/rg/worker_ms	float	87.35168
/rows/146/result/filesystem/rg/workload	string	rg
/rows/146/result/filesystem/write	object	-
/rows/146/result/filesystem/write/check	object	-
/rows/146/result/filesystem/write/check/bytes	integer	16777216
/rows/146/result/filesystem/write/check/files	integer	256
/rows/146/result/filesystem/write/python	string	3.14.7
/rows/146/result/filesystem/write/worker_ms	float	210.119484
/rows/146/result/filesystem/write/workload	string	write
/rows/146/result/mode	string	filesystem
/rows/146/result/worker_ms	float	1103.985636
/rows/146/result_ms	float	1164.397644
/rows/146/trial	integer	29
/rows/146/variant	string	baseline
/rows/147	object	-
/rows/147/backend	string	pvisor-vm
/rows/147/completion_ms	float	5273.103876
/rows/147/correctness	string	passed
/rows/147/logs	string	/home/reiase/workspace/pvisor/target/p1-filesystem-final-full-20261005/candidate/trials/filesystem-pvisor-vm-029
/rows/147/memory_scope	string	owned launcher tree; Docker daemon/container RSS excluded
/rows/147/mode	string	filesystem
/rows/147/peak_tree_rss_kib	integer	836160
/rows/147/prepare_ms	float	37.834157
/rows/147/ready_ms	float	552.262546
/rows/147/result	object	-
/rows/147/result/correctness	string	passed
/rows/147/result/filesystem	object	-
/rows/147/result/filesystem/cargo	object	-
/rows/147/result/filesystem/cargo/check	object	-
/rows/147/result/filesystem/cargo/check/modules	integer	64
/rows/147/result/filesystem/cargo/check/result	string	2016
/rows/147/result/filesystem/cargo/python	string	3.14.7
/rows/147/result/filesystem/cargo/worker_ms	float	724.226318
/rows/147/result/filesystem/cargo/workload	string	cargo
/rows/147/result/filesystem/git	object	-
/rows/147/result/filesystem/git/check	object	-
/rows/147/result/filesystem/git/check/git_clean	boolean	true
/rows/147/result/filesystem/git/python	string	3.14.7
/rows/147/result/filesystem/git/worker_ms	float	760.682196
/rows/147/result/filesystem/git/workload	string	git
/rows/147/result/filesystem/metadata	object	-
/rows/147/result/filesystem/metadata/check	object	-
/rows/147/result/filesystem/metadata/check/bytes	integer	2095104
/rows/147/result/filesystem/metadata/check/files	integer	2048
/rows/147/result/filesystem/metadata/python	string	3.14.7
/rows/147/result/filesystem/metadata/worker_ms	float	152.867153
/rows/147/result/filesystem/metadata/workload	string	metadata
/rows/147/result/filesystem/npm	object	-
/rows/147/result/filesystem/npm/check	object	-
/rows/147/result/filesystem/npm/check/local_packages	integer	32
/rows/147/result/filesystem/npm/python	string	3.14.7
/rows/147/result/filesystem/npm/worker_ms	float	1572.128523
/rows/147/result/filesystem/npm/workload	string	npm
/rows/147/result/filesystem/read	object	-
/rows/147/result/filesystem/read/check	object	-
/rows/147/result/filesystem/read/check/bytes	integer	67108864
/rows/147/result/filesystem/read/check/sha256	string	42ef3a50fe506ced865473b082c8b28f6ce254e6e2b01266b6a563531a6267bc
/rows/147/result/filesystem/read/python	string	3.14.7
/rows/147/result/filesystem/read/worker_ms	float	182.357606
/rows/147/result/filesystem/read/workload	string	read
/rows/147/result/filesystem/rg	object	-
/rows/147/result/filesystem/rg/check	object	-
/rows/147/result/filesystem/rg/check/matches	integer	2048
/rows/147/result/filesystem/rg/python	string	3.14.7
/rows/147/result/filesystem/rg/worker_ms	float	430.131753
/rows/147/result/filesystem/rg/workload	string	rg
/rows/147/result/filesystem/write	object	-
/rows/147/result/filesystem/write/check	object	-
/rows/147/result/filesystem/write/check/bytes	integer	16777216
/rows/147/result/filesystem/write/check/files	integer	256
/rows/147/result/filesystem/write/python	string	3.14.7
/rows/147/result/filesystem/write/worker_ms	float	234.705823
/rows/147/result/filesystem/write/workload	string	write
/rows/147/result/mode	string	filesystem
/rows/147/result/worker_ms	float	4603.479866
/rows/147/result_ms	float	5156.445816
/rows/147/trial	integer	29
/rows/147/variant	string	candidate
/rows/148	object	-
/rows/148/backend	string	pvisor-vm
/rows/148/completion_ms	float	5496.224927
/rows/148/correctness	string	passed
/rows/148/logs	string	/home/reiase/workspace/pvisor/target/p1-filesystem-final-full-20261005/baseline/trials/filesystem-pvisor-vm-029
/rows/148/memory_scope	string	owned launcher tree; Docker daemon/container RSS excluded
/rows/148/mode	string	filesystem
/rows/148/peak_tree_rss_kib	integer	819004
/rows/148/prepare_ms	float	36.908108
/rows/148/ready_ms	float	562.421868
/rows/148/result	object	-
/rows/148/result/correctness	string	passed
/rows/148/result/filesystem	object	-
/rows/148/result/filesystem/cargo	object	-
/rows/148/result/filesystem/cargo/check	object	-
/rows/148/result/filesystem/cargo/check/modules	integer	64
/rows/148/result/filesystem/cargo/check/result	string	2016
/rows/148/result/filesystem/cargo/python	string	3.14.7
/rows/148/result/filesystem/cargo/worker_ms	float	678.438998
/rows/148/result/filesystem/cargo/workload	string	cargo
/rows/148/result/filesystem/git	object	-
/rows/148/result/filesystem/git/check	object	-
/rows/148/result/filesystem/git/check/git_clean	boolean	true
/rows/148/result/filesystem/git/python	string	3.14.7
/rows/148/result/filesystem/git/worker_ms	float	746.866723
/rows/148/result/filesystem/git/workload	string	git
/rows/148/result/filesystem/metadata	object	-
/rows/148/result/filesystem/metadata/check	object	-
/rows/148/result/filesystem/metadata/check/bytes	integer	2095104
/rows/148/result/filesystem/metadata/check/files	integer	2048
/rows/148/result/filesystem/metadata/python	string	3.14.7
/rows/148/result/filesystem/metadata/worker_ms	float	154.807693
/rows/148/result/filesystem/metadata/workload	string	metadata
/rows/148/result/filesystem/npm	object	-
/rows/148/result/filesystem/npm/check	object	-
/rows/148/result/filesystem/npm/check/local_packages	integer	32
/rows/148/result/filesystem/npm/python	string	3.14.7
/rows/148/result/filesystem/npm/worker_ms	float	1883.435206
/rows/148/result/filesystem/npm/workload	string	npm
/rows/148/result/filesystem/read	object	-
/rows/148/result/filesystem/read/check	object	-
/rows/148/result/filesystem/read/check/bytes	integer	67108864
/rows/148/result/filesystem/read/check/sha256	string	42ef3a50fe506ced865473b082c8b28f6ce254e6e2b01266b6a563531a6267bc
/rows/148/result/filesystem/read/python	string	3.14.7
/rows/148/result/filesystem/read/worker_ms	float	156.275761
/rows/148/result/filesystem/read/workload	string	read
/rows/148/result/filesystem/rg	object	-
/rows/148/result/filesystem/rg/check	object	-
/rows/148/result/filesystem/rg/check/matches	integer	2048
/rows/148/result/filesystem/rg/python	string	3.14.7
/rows/148/result/filesystem/rg/worker_ms	float	427.944972
/rows/148/result/filesystem/rg/workload	string	rg
/rows/148/result/filesystem/write	object	-
/rows/148/result/filesystem/write/check	object	-
/rows/148/result/filesystem/write/check/bytes	integer	16777216
/rows/148/result/filesystem/write/check/files	integer	256
/rows/148/result/filesystem/write/python	string	3.14.7
/rows/148/result/filesystem/write/worker_ms	float	250.972883
/rows/148/result/filesystem/write/workload	string	write
/rows/148/result/mode	string	filesystem
/rows/148/result/worker_ms	float	4823.447951
/rows/148/result_ms	float	5386.741709
/rows/148/trial	integer	29
/rows/148/variant	string	baseline
/rows/149	object	-
/rows/149/backend	string	pvisor-staged
/rows/149/completion_ms	float	1286.328845
/rows/149/correctness	string	passed
/rows/149/logs	string	/home/reiase/workspace/pvisor/target/p1-filesystem-final-full-20261005/candidate/trials/filesystem-pvisor-staged-029
/rows/149/memory_scope	string	owned launcher tree; Docker daemon/container RSS excluded
/rows/149/mode	string	filesystem
/rows/149/peak_tree_rss_kib	integer	177668
/rows/149/prepare_ms	float	37.20898
/rows/149/ready_ms	float	60.967464
/rows/149/result	object	-
/rows/149/result/correctness	string	passed
/rows/149/result/filesystem	object	-
/rows/149/result/filesystem/cargo	object	-
/rows/149/result/filesystem/cargo/check	object	-
/rows/149/result/filesystem/cargo/check/modules	integer	64
/rows/149/result/filesystem/cargo/check/result	string	2016
/rows/149/result/filesystem/cargo/python	string	3.14.7
/rows/149/result/filesystem/cargo/worker_ms	float	114.740039
/rows/149/result/filesystem/cargo/workload	string	cargo
/rows/149/result/filesystem/git	object	-
/rows/149/result/filesystem/git/check	object	-
/rows/149/result/filesystem/git/check/git_clean	boolean	true
/rows/149/result/filesystem/git/python	string	3.14.7
/rows/149/result/filesystem/git/worker_ms	float	169.263907
/rows/149/result/filesystem/git/workload	string	git
/rows/149/result/filesystem/metadata	object	-
/rows/149/result/filesystem/metadata/check	object	-
/rows/149/result/filesystem/metadata/check/bytes	integer	2095104
/rows/149/result/filesystem/metadata/check/files	integer	2048
/rows/149/result/filesystem/metadata/python	string	3.14.7
/rows/149/result/filesystem/metadata/worker_ms	float	75.383652
/rows/149/result/filesystem/metadata/workload	string	metadata
/rows/149/result/filesystem/npm	object	-
/rows/149/result/filesystem/npm/check	object	-
/rows/149/result/filesystem/npm/check/local_packages	integer	32
/rows/149/result/filesystem/npm/python	string	3.14.7
/rows/149/result/filesystem/npm/worker_ms	float	261.884943
/rows/149/result/filesystem/npm/workload	string	npm
/rows/149/result/filesystem/read	object	-
/rows/149/result/filesystem/read/check	object	-
/rows/149/result/filesystem/read/check/bytes	integer	67108864
/rows/149/result/filesystem/read/check/sha256	string	42ef3a50fe506ced865473b082c8b28f6ce254e6e2b01266b6a563531a6267bc
/rows/149/result/filesystem/read/python	string	3.14.7
/rows/149/result/filesystem/read/worker_ms	float	71.08582
/rows/149/result/filesystem/read/workload	string	read
/rows/149/result/filesystem/rg	object	-
/rows/149/result/filesystem/rg/check	object	-
/rows/149/result/filesystem/rg/check/matches	integer	2048
/rows/149/result/filesystem/rg/python	string	3.14.7
/rows/149/result/filesystem/rg/worker_ms	float	87.063102
/rows/149/result/filesystem/rg/workload	string	rg
/rows/149/result/filesystem/write	object	-
/rows/149/result/filesystem/write/check	object	-
/rows/149/result/filesystem/write/check/bytes	integer	16777216
/rows/149/result/filesystem/write/check/files	integer	256
/rows/149/result/filesystem/write/python	string	3.14.7
/rows/149/result/filesystem/write/worker_ms	float	195.460613
/rows/149/result/filesystem/write/workload	string	write
/rows/149/result/mode	string	filesystem
/rows/149/result/worker_ms	float	1101.258746
/rows/149/result_ms	float	1162.306671
/rows/149/trial	integer	29
/rows/149/variant	string	candidate
/schema	string	pvisor-filesystem-ab/v1
/source_commit	string	87402078a327cbdb011a0675f6e9d659e10c9979
/source_status	string	 M benchmark/pvisor/FILESYSTEM_PROFILING.md\n M benchmark/pvisor/filesystem_ab.py\n M benchmark/pvisor/reference_baselines.py\n M benchmark/pvisor/test_filesystem_ab.py\n M crates/pvisor-cluster/README.md\n M crates/pvisor-cluster/src/main.rs\n M crates/pvisor-cluster/src/scheduler.rs\n M crates/pvisor-cluster/src/scheduler/inference.rs\n M crates/pvisor-cluster/src/server.rs\n M crates/pvisor-cluster/src/server/dispatcher.rs\n M crates/pvisor-cluster/tests/inference_wait.rs\n M crates/pvisor-cluster/tests/scheduler.rs\n M crates/pvisor-gateway/README.md\n M crates/pvisor-overlay-core/src/core.rs\n M crates/pvisor-overlay-core/src/profile.rs\n M crates/pvisor-overlay-core/src/sys.rs\n M crates/pvisor-vm/src/devices/virtio/fs/overlay.rs\n M crates/pvisor-vm/src/devices/virtio/fs/worker.rs\n M crates/pvisor/tests/cluster_gateway_vm.rs\n M docs/README.md\n M docs/src/en/design/index.md\n M docs/src/en/design/research/cluster-execution.md\n M docs/src/zh/design/index.md\n M docs/src/zh/design/research/cluster-execution.md\n M docs/translations.json\n M docs/zensical.toml\n M justfile\n M scripts/build-docs.py\n?? benchmark/pvisor/filesystem_kernel_probe.py\n?? crates/pvisor-cluster/measurements/agent-inference-density-20261005.json\n?? crates/pvisor/tests/cluster_inference_benchmark.rs\n?? crates/pvisor/tests/common/agent_fixture.rs\n?? crates/pvisor/tests/common/controller_process.rs\n?? docs/src/en/design/cluster/\n?? docs/src/zh/design/cluster/\n?? docs/src/zh/guides/cluster/\n?? scripts/cluster-quickstart.py\n
/summary	object	-
/summary/baseline~1pvisor-staged	object	-
/summary/baseline~1pvisor-staged/n	integer	30
/summary/baseline~1pvisor-staged/timings_ms	object	-
/summary/baseline~1pvisor-staged/timings_ms/cargo	object	-
/summary/baseline~1pvisor-staged/timings_ms/cargo/p50	float	116.53771499999999
/summary/baseline~1pvisor-staged/timings_ms/cargo/p95	float	147.3696921
/summary/baseline~1pvisor-staged/timings_ms/cargo/p99	float	168.45203267000002
/summary/baseline~1pvisor-staged/timings_ms/completion_ms	object	-
/summary/baseline~1pvisor-staged/timings_ms/completion_ms/p50	float	1345.2888885000002
/summary/baseline~1pvisor-staged/timings_ms/completion_ms/p95	float	5633.022910150001
/summary/baseline~1pvisor-staged/timings_ms/completion_ms/p99	float	6035.07195493
/summary/baseline~1pvisor-staged/timings_ms/git	object	-
/summary/baseline~1pvisor-staged/timings_ms/git/p50	float	172.4434325
/summary/baseline~1pvisor-staged/timings_ms/git/p95	float	206.07802650000002
/summary/baseline~1pvisor-staged/timings_ms/git/p99	float	222.82534491
/summary/baseline~1pvisor-staged/timings_ms/metadata	object	-
/summary/baseline~1pvisor-staged/timings_ms/metadata/p50	float	77.95950450000001
/summary/baseline~1pvisor-staged/timings_ms/metadata/p95	float	84.63171034999999
/summary/baseline~1pvisor-staged/timings_ms/metadata/p99	float	88.58080547
/summary/baseline~1pvisor-staged/timings_ms/npm	object	-
/summary/baseline~1pvisor-staged/timings_ms/npm/p50	float	267.1976035
/summary/baseline~1pvisor-staged/timings_ms/npm/p95	float	297.8957447
/summary/baseline~1pvisor-staged/timings_ms/npm/p99	float	308.71208967
/summary/baseline~1pvisor-staged/timings_ms/read	object	-
/summary/baseline~1pvisor-staged/timings_ms/read/p50	float	69.3945635
/summary/baseline~1pvisor-staged/timings_ms/read/p95	float	85.2182141
/summary/baseline~1pvisor-staged/timings_ms/read/p99	float	91.44989290000001
/summary/baseline~1pvisor-staged/timings_ms/rg	object	-
/summary/baseline~1pvisor-staged/timings_ms/rg/p50	float	90.78439750000001
/summary/baseline~1pvisor-staged/timings_ms/rg/p95	float	96.04130204999998
/summary/baseline~1pvisor-staged/timings_ms/rg/p99	float	96.19918515
/summary/baseline~1pvisor-staged/timings_ms/write	object	-
/summary/baseline~1pvisor-staged/timings_ms/write/p50	float	202.636662
/summary/baseline~1pvisor-staged/timings_ms/write/p95	float	222.86007945
/summary/baseline~1pvisor-staged/timings_ms/write/p99	float	228.73198419000002
/summary/baseline~1pvisor-vm	object	-
/summary/baseline~1pvisor-vm/n	integer	30
/summary/baseline~1pvisor-vm/timings_ms	object	-
/summary/baseline~1pvisor-vm/timings_ms/cargo	object	-
/summary/baseline~1pvisor-vm/timings_ms/cargo/p50	float	734.07133
/summary/baseline~1pvisor-vm/timings_ms/cargo/p95	float	812.4387807
/summary/baseline~1pvisor-vm/timings_ms/cargo/p99	float	821.5465107
/summary/baseline~1pvisor-vm/timings_ms/completion_ms	object	-
/summary/baseline~1pvisor-vm/timings_ms/completion_ms/p50	float	5298.8034235
/summary/baseline~1pvisor-vm/timings_ms/completion_ms/p95	float	5812.3566626
/summary/baseline~1pvisor-vm/timings_ms/completion_ms/p99	float	5917.4216279
/summary/baseline~1pvisor-vm/timings_ms/git	object	-
/summary/baseline~1pvisor-vm/timings_ms/git/p50	float	493.0184845
/summary/baseline~1pvisor-vm/timings_ms/git/p95	float	814.8245132
/summary/baseline~1pvisor-vm/timings_ms/git/p99	float	827.80490429
/summary/baseline~1pvisor-vm/timings_ms/metadata	object	-
/summary/baseline~1pvisor-vm/timings_ms/metadata/p50	float	188.379229
/summary/baseline~1pvisor-vm/timings_ms/metadata/p95	float	254.1516978
/summary/baseline~1pvisor-vm/timings_ms/metadata/p99	float	292.34664782000004
/summary/baseline~1pvisor-vm/timings_ms/npm	object	-
/summary/baseline~1pvisor-vm/timings_ms/npm/p50	float	1631.3874365000001
/summary/baseline~1pvisor-vm/timings_ms/npm/p95	float	1909.1668817500001
/summary/baseline~1pvisor-vm/timings_ms/npm/p99	float	2000.8527865800002
/summary/baseline~1pvisor-vm/timings_ms/read	object	-
/summary/baseline~1pvisor-vm/timings_ms/read/p50	float	154.1386215
/summary/baseline~1pvisor-vm/timings_ms/read/p95	float	197.53449095
/summary/baseline~1pvisor-vm/timings_ms/read/p99	float	215.84715657
/summary/baseline~1pvisor-vm/timings_ms/rg	object	-
/summary/baseline~1pvisor-vm/timings_ms/rg/p50	float	457.08975899999996
/summary/baseline~1pvisor-vm/timings_ms/rg/p95	float	478.6284087
/summary/baseline~1pvisor-vm/timings_ms/rg/p99	float	526.3674155100001
/summary/baseline~1pvisor-vm/timings_ms/write	object	-
/summary/baseline~1pvisor-vm/timings_ms/write/p50	float	252.4967495
/summary/baseline~1pvisor-vm/timings_ms/write/p95	float	330.1533561
/summary/baseline~1pvisor-vm/timings_ms/write/p99	float	366.88696305
/summary/candidate~1pvisor-staged	object	-
/summary/candidate~1pvisor-staged/n	integer	30
/summary/candidate~1pvisor-staged/timings_ms	object	-
/summary/candidate~1pvisor-staged/timings_ms/cargo	object	-
/summary/candidate~1pvisor-staged/timings_ms/cargo/p50	float	114.56368
/summary/candidate~1pvisor-staged/timings_ms/cargo/p95	float	144.05032375000002
/summary/candidate~1pvisor-staged/timings_ms/cargo/p99	float	150.24564312
/summary/candidate~1pvisor-staged/timings_ms/completion_ms	object	-
/summary/candidate~1pvisor-staged/timings_ms/completion_ms/p50	float	1310.0528255
/summary/candidate~1pvisor-staged/timings_ms/completion_ms/p95	float	3808.255489500001
/summary/candidate~1pvisor-staged/timings_ms/completion_ms/p99	float	5321.949871300001
/summary/candidate~1pvisor-staged/timings_ms/git	object	-
/summary/candidate~1pvisor-staged/timings_ms/git/p50	float	173.352869
/summary/candidate~1pvisor-staged/timings_ms/git/p95	float	197.2666068
/summary/candidate~1pvisor-staged/timings_ms/git/p99	float	226.71474535000004
/summary/candidate~1pvisor-staged/timings_ms/metadata	object	-
/summary/candidate~1pvisor-staged/timings_ms/metadata/p50	float	78.1355585
/summary/candidate~1pvisor-staged/timings_ms/metadata/p95	float	88.97726020000002
/summary/candidate~1pvisor-staged/timings_ms/metadata/p99	float	97.67897975000002
/summary/candidate~1pvisor-staged/timings_ms/npm	object	-
/summary/candidate~1pvisor-staged/timings_ms/npm/p50	float	263.2164225
/summary/candidate~1pvisor-staged/timings_ms/npm/p95	float	294.31441305
/summary/candidate~1pvisor-staged/timings_ms/npm/p99	float	306.96338661000004
/summary/candidate~1pvisor-staged/timings_ms/read	object	-
/summary/candidate~1pvisor-staged/timings_ms/read/p50	float	68.937861
/summary/candidate~1pvisor-staged/timings_ms/read/p95	float	85.02449730000001
/summary/candidate~1pvisor-staged/timings_ms/read/p99	float	86.04484120999999
/summary/candidate~1pvisor-staged/timings_ms/rg	object	-
/summary/candidate~1pvisor-staged/timings_ms/rg/p50	float	91.6307775
/summary/candidate~1pvisor-staged/timings_ms/rg/p95	float	98.05496825
/summary/candidate~1pvisor-staged/timings_ms/rg/p99	float	101.09024905000001
/summary/candidate~1pvisor-staged/timings_ms/write	object	-
/summary/candidate~1pvisor-staged/timings_ms/write/p50	float	202.9199255
/summary/candidate~1pvisor-staged/timings_ms/write/p95	float	222.08982525
/summary/candidate~1pvisor-staged/timings_ms/write/p99	float	228.30867753
/summary/candidate~1pvisor-vm	object	-
/summary/candidate~1pvisor-vm/n	integer	30
/summary/candidate~1pvisor-vm/timings_ms	object	-
/summary/candidate~1pvisor-vm/timings_ms/cargo	object	-
/summary/candidate~1pvisor-vm/timings_ms/cargo/p50	float	719.1784465000001
/summary/candidate~1pvisor-vm/timings_ms/cargo/p95	float	831.75887045
/summary/candidate~1pvisor-vm/timings_ms/cargo/p99	float	846.6447663399999
/summary/candidate~1pvisor-vm/timings_ms/completion_ms	object	-
/summary/candidate~1pvisor-vm/timings_ms/completion_ms/p50	float	5273.927979
/summary/candidate~1pvisor-vm/timings_ms/completion_ms/p95	float	5766.302540000001
/summary/candidate~1pvisor-vm/timings_ms/completion_ms/p99	float	6031.75727532
/summary/candidate~1pvisor-vm/timings_ms/git	object	-
/summary/candidate~1pvisor-vm/timings_ms/git/p50	float	433.30583249999995
/summary/candidate~1pvisor-vm/timings_ms/git/p95	float	776.8719214
/summary/candidate~1pvisor-vm/timings_ms/git/p99	float	796.3414251900001
/summary/candidate~1pvisor-vm/timings_ms/metadata	object	-
/summary/candidate~1pvisor-vm/timings_ms/metadata/p50	float	194.345058
/summary/candidate~1pvisor-vm/timings_ms/metadata/p95	float	270.13154480000003
/summary/candidate~1pvisor-vm/timings_ms/metadata/p99	float	296.51772040000003
/summary/candidate~1pvisor-vm/timings_ms/npm	object	-
/summary/candidate~1pvisor-vm/timings_ms/npm/p50	float	1625.4522
/summary/candidate~1pvisor-vm/timings_ms/npm/p95	float	1947.0697114
/summary/candidate~1pvisor-vm/timings_ms/npm/p99	float	2093.7722102
/summary/candidate~1pvisor-vm/timings_ms/read	object	-
/summary/candidate~1pvisor-vm/timings_ms/read/p50	float	156.153537
/summary/candidate~1pvisor-vm/timings_ms/read/p95	float	201.65386450000003
/summary/candidate~1pvisor-vm/timings_ms/read/p99	float	214.19250788
/summary/candidate~1pvisor-vm/timings_ms/rg	object	-
/summary/candidate~1pvisor-vm/timings_ms/rg/p50	float	452.03000599999996
/summary/candidate~1pvisor-vm/timings_ms/rg/p95	float	531.8272186
/summary/candidate~1pvisor-vm/timings_ms/rg/p99	float	660.2955650000001
/summary/candidate~1pvisor-vm/timings_ms/write	object	-
/summary/candidate~1pvisor-vm/timings_ms/write/p50	float	254.6228625
/summary/candidate~1pvisor-vm/timings_ms/write/p95	float	295.797679
/summary/candidate~1pvisor-vm/timings_ms/write/p99	float	335.81207040000004
/summary/native~1native	object	-
/summary/native~1native/n	integer	30
/summary/native~1native/timings_ms	object	-
/summary/native~1native/timings_ms/cargo	object	-
/summary/native~1native/timings_ms/cargo/p50	float	55.2500175
/summary/native~1native/timings_ms/cargo/p95	float	59.992738100000004
/summary/native~1native/timings_ms/cargo/p99	float	63.827903320000004
/summary/native~1native/timings_ms/completion_ms	object	-
/summary/native~1native/timings_ms/completion_ms/p50	float	468.52171599999997
/summary/native~1native/timings_ms/completion_ms/p95	float	505.78348785000003
/summary/native~1native/timings_ms/completion_ms/p99	float	507.84623057
/summary/native~1native/timings_ms/git	object	-
/summary/native~1native/timings_ms/git/p50	float	15.12739
/summary/native~1native/timings_ms/git/p95	float	16.41497415
/summary/native~1native/timings_ms/git/p99	float	18.055296570000003
/summary/native~1native/timings_ms/metadata	object	-
/summary/native~1native/timings_ms/metadata/p50	float	4.881016
/summary/native~1native/timings_ms/metadata/p95	float	5.4716457
/summary/native~1native/timings_ms/metadata/p99	float	6.917915800000001
/summary/native~1native/timings_ms/npm	object	-
/summary/native~1native/timings_ms/npm/p50	float	175.5784735
/summary/native~1native/timings_ms/npm/p95	float	192.9152441
/summary/native~1native/timings_ms/npm/p99	float	197.86935363
/summary/native~1native/timings_ms/read	object	-
/summary/native~1native/timings_ms/read/p50	float	32.6221735
/summary/native~1native/timings_ms/read/p95	float	54.235299350000005
/summary/native~1native/timings_ms/read/p99	float	62.51020663000001
/summary/native~1native/timings_ms/rg	object	-
/summary/native~1native/timings_ms/rg/p50	float	7.760835500000001
/summary/native~1native/timings_ms/rg/p95	float	10.053857
/summary/native~1native/timings_ms/rg/p99	float	10.1561836
/summary/native~1native/timings_ms/write	object	-
/summary/native~1native/timings_ms/write/p50	float	3.8944385
/summary/native~1native/timings_ms/write/p95	float	6.6968776000000005
/summary/native~1native/timings_ms/write/p99	float	6.98932764
