path	type	value
	object	-
/arguments	object	-
/arguments/assets	string	/home/reiase/workspace/pvisor/target/reference-env-final-20261004
/arguments/baseline	string	/home/reiase/workspace/pvisor/target/p0-filesystem-artifacts-20261005/pvisor-stdio-candidate
/arguments/baseline_staged_isolation	string	host_process
/arguments/candidate	string	/home/reiase/workspace/pvisor/target/p1-filesystem-artifacts-20261005/pvisor-final
/arguments/candidate_staged_isolation	string	rootless_process
/arguments/cpu_affinity	string	0,1
/arguments/firmware	string	/home/reiase/workspace/pvisor/target/p0-filesystem-artifacts-20261005/firmware
/arguments/memory_mib	integer	16384
/arguments/output	string	/home/reiase/workspace/pvisor/target/p1-filesystem-historical-full-20261005
/arguments/profile	boolean	false
/arguments/provenance	string	target/p1-filesystem-artifacts-20261005/historical-provenance.json
/arguments/samples	integer	30
/arguments/warmups	integer	3
/assets	object	-
/assets/disk	string	/home/reiase/workspace/pvisor/target/reference-env-final-20261004/agent-env.ext4
/assets/docker_image	string	sha256:4a379f54216364021da005dccde6edad3c1ae64dff222588425e5f2fc181ad95
/assets/files	integer	75540
/assets/fixture_git_commit	string	1bf3d4896439bb6a2bc89daa94f22cc037c27737
/assets/init_sha256	string	c94b00e2b96f5c7403b985f269e90e8512467d927a92b9db2d2b7fc8fde58cc7
/assets/kernel	string	/home/reiase/workspace/pvisor/target/reference-env-final-20261004/vmlinux
/assets/kernel_config_sha256	string	aee73a94bfba4fe057e472e2ba05d2125fbdea20bef89a6eedf5e160d0e7616e
/assets/preparation_scope	string	offline copying installed tools, image import and ext4 creation; excludes package download and kernel compilation
/assets/rootfs	string	/home/reiase/workspace/pvisor/target/reference-env-final-20261004/rootfs
/assets/rootfs_file_bytes	integer	3827107007
/assets/setup_wall_ms	float	108381.35316
/assets/workload_sha256	string	403eab78571c26ea5e1ba1ab10fa1fa930ac18bb39487749563b264a4a0b9040
/assets_fs_workload_sha256	string	484e661b91720d03119998cca082db6fe57d5d40591957af1840e872066b61cc
/assets_workload_sha256	string	ff6c391b623e12351cf3dbca19e15af33c6162b8b8134748f13d86b30dde400e
/binary_sha256	object	-
/binary_sha256/baseline	string	a2a75e040ee1d2f74afb2c27ee4b1ef64e58e650de37f3f43395a489892eb703
/binary_sha256/candidate	string	189b4de50bd2cc283f49c779a09c7b95887b64d1420bdfae0ac2c20927f23802
/binary_sha256/native	string	189b4de50bd2cc283f49c779a09c7b95887b64d1420bdfae0ac2c20927f23802
/build_provenance	object	-
/build_provenance/baseline_provenance	object	-
/build_provenance/baseline_provenance/binary_sha256	object	-
/build_provenance/baseline_provenance/binary_sha256/baseline	string	bf9bf236a5aeb1eba2bf866f34a05660f8e4e017e47ba3454416de1f23e5852f
/build_provenance/baseline_provenance/binary_sha256/candidate	string	a2a75e040ee1d2f74afb2c27ee4b1ef64e58e650de37f3f43395a489892eb703
/build_provenance/baseline_provenance/build	string	Both GNU/Linux release binaries were built from source.tar plus stdio-readiness.patch, in the same isolated source and target directories. Only crates/pvisor-overlay-core/src/core.rs was replaced between builds. The separately captured source.patch was not applied.
/build_provenance/baseline_provenance/build_command	string	cargo build --locked --release --manifest-path target/p0-filesystem-source-20261005/Cargo.toml --target-dir target/p0-filesystem-build-20261005 -p pvisor --bin pvisor
/build_provenance/baseline_provenance/cargo_lock_sha256	string	d6d3bc08c0e619d861368f7f9db3bf7a77fe807f4c85691b139814536135ad88
/build_provenance/baseline_provenance/core_blob	object	-
/build_provenance/baseline_provenance/core_blob/baseline	string	a747ab22
/build_provenance/baseline_provenance/core_blob/candidate	string	53a1fcb730b46f70b776e8fa5dcf741ce13bbe43
/build_provenance/baseline_provenance/scope	string	Both include the same guest stdio readiness fix. Baseline core restores the resolver before unavailable-upper marker optimization; candidate core is the optimized resolver. Both use archived statx implementation.
/build_provenance/baseline_provenance/shared_patch_sha256	string	1cc8a841c95c06433df1d4f214505b4010e0c5c92bba9a6a8fc71baf78b02ded
/build_provenance/baseline_provenance/source_archive_sha256	string	7669ce9f783c9156871d4fb3631778b409fcfcdf2cfca4de8640df514235181c
/build_provenance/baseline_provenance/source_commit	string	a1020d4b
/build_provenance/baseline_provenance/source_patch_applied	boolean	false
/build_provenance/baseline_provenance/source_patch_sha256	string	eedae3c44ef067f4f2c35b33edb17ccef1be67fce649c9d03ca17eaad2dcee61
/build_provenance/binary_sha256	object	-
/build_provenance/binary_sha256/baseline	string	a2a75e040ee1d2f74afb2c27ee4b1ef64e58e650de37f3f43395a489892eb703
/build_provenance/binary_sha256/candidate	string	189b4de50bd2cc283f49c779a09c7b95887b64d1420bdfae0ac2c20927f23802
/build_provenance/build_command	string	cargo build --locked --release --manifest-path target/p1-filesystem-source-20261005/Cargo.toml --target-dir target/p1-filesystem-build-20261005 -p pvisor --bin pvisor
/build_provenance/change	string	Fused parent statx with direct ENOENT/ENOTDIR results, shared read-only OPEN lock and opt-in operation-lock/request-pool diagnostic timing. Original metadata dispatch and READDIRPLUS_AUTO retained.
/build_provenance/comparison	string	Published pinned P0 candidate (a1020d4b + stdio readiness patch) versus bc08f457 + final P1 patch. Different source bases and host-stage isolation; not single-change attribution.
/build_provenance/patch_sha256	string	09fc1815991e75bbaa35a386147da5e0336c9fceebb4e09c83a5480f5e3b52c0
/build_provenance/source_archive_sha256	string	7773d4952e543c3d9ac1b6a133212faf7cf91fd7dfe9333d54cd42bdf467b5eb
/build_provenance/source_commit	string	bc08f457
/build_provenance/source_sha256	object	-
/build_provenance/source_sha256/crates~1pvisor-overlay-core~1src~1core.rs	string	86a8013f18124f62edf2c78f49ec5a4d39e111600703e29d92fcfaac23788784
/build_provenance/source_sha256/crates~1pvisor-overlay-core~1src~1profile.rs	string	1f1476034a66fb34b4708f005c8f1935c2d99cada75c57639d4f62776e3a9dcd
/build_provenance/source_sha256/crates~1pvisor-overlay-core~1src~1sys.rs	string	2a87fb3acfd9a7c692191955a5310bdafb789a0ceff318290e58aa9c4646bbb4
/build_provenance/source_sha256/crates~1pvisor-vm~1src~1devices~1virtio~1fs~1overlay.rs	string	ff1ceb4301bc8e244794c0ed6be9f608672397410ce35a1d7fe33aa4b80a88b7
/build_provenance/source_sha256/crates~1pvisor-vm~1src~1devices~1virtio~1fs~1worker.rs	string	2463ff456a21fe8533e23777af3f20688c1d317720c5f8d13cf2a05839a25bcd
/capabilities	object	-
/capabilities/baseline~1pvisor-staged	object	-
/capabilities/baseline~1pvisor-staged/state	string	available
/capabilities/baseline~1pvisor-vm	object	-
/capabilities/baseline~1pvisor-vm/state	string	available
/capabilities/candidate~1pvisor-staged	object	-
/capabilities/candidate~1pvisor-staged/state	string	available
/capabilities/candidate~1pvisor-vm	object	-
/capabilities/candidate~1pvisor-vm/state	string	available
/capabilities/native~1native	object	-
/capabilities/native~1native/state	string	available
/cpu	string	AMD Ryzen 7 9700X 8-Core Processor
/firmware_sha256	string	b61f68dac3ef20a88e1ee387733e4baed2f7c02edac940c8882e0b549dac95e4
/harness_sha256	object	-
/harness_sha256/bench.py	string	ef814d8f4002e8a653edf50030dc145ace3c881f80afd5bca20d711bbaff0608
/harness_sha256/filesystem_ab.py	string	c6ffa8b0ea8802517600dc36b608930426613b1731d8d922de9f31f0c23bc439
/harness_sha256/filesystem_diagnostic.py	string	da4f3efc3e8581e9ba5f287735d63e2f6bcf6620da18e6e3cd7dcb42846b23cc
/harness_sha256/filesystem_kernel_probe.py	string	c15bc977da19cf38a9e316d6941284a914cbc307bdd2696c4cfbc4810c6a7e89
/harness_sha256/firmware_boot.py	string	277cdcb479271c5e3d9683769cd4332236c53744a5389ca76f94c44d37d28284
/harness_sha256/guest_init.py	string	e6ef21cf45781c58f8a9162d61f1ca1ef6046b4913ec76cfa2fc15d708a7b6b9
/harness_sha256/linux_vm_ready.py	string	dfc980b6d804588f758f0424ab1e12a2534b59dbd09faad1297df4c7fc6281b0
/harness_sha256/macos_cold_ram.py	string	75146963b1b7b5dd7da65923fa86ee7630afa0990b3f2059b7352eb1bc6a0944
/harness_sha256/macos_docker_tools.py	string	47aab2ba8d9d6bdf0019541da9f589159a32e9390312731863549120055ec327
/harness_sha256/macos_migration.py	string	66a81a73b1168206128a1717713c5b6720bb8abba31232641be5d5a1f2baf738
/harness_sha256/plot_startup.py	string	f4432080e61419666dd3a11790ec9a2bd334b5377a4397c0ea018292f4b1580b
/harness_sha256/prepare_reference_env.py	string	865313e5940bc7a66ef22028342a78f7bd9abcc88df521c5a9df6ac29ba115ff
/harness_sha256/prepare_ubuntu_reference.py	string	422d7f10ac8c9d9153778801ee012e84274ebf932078c2bde8e63295fcc3f1dc
/harness_sha256/product_v1.py	string	da261b063a7356cc98601bbafac9db069a2a7ecb9de5def6f836c3aea0ce9056
/harness_sha256/reference_baselines.py	string	d77e072acc3cb85218fba8a6a615c4bd26860a2b33853e3c9b47c7fd786afe62
/harness_sha256/reference_fixture.py	string	46f64cb8eaef80c1c885d3449368f21d217609f8a58efdd4d776f2c5f2634978
/harness_sha256/reference_workload.py	string	a3b120813d58746e9da8594d71a45cdc093ac9bdbad9f4cf0edc741bb9b30fd8
/harness_sha256/render_reference_baselines.py	string	6cd1682f36cc554574a6e9e08a005ea6ea6d6ae1dd0abae3b84bb280e3dafe8b
/harness_sha256/render_ubuntu_baselines.py	string	9376188f0309c562fcca1d3ad499996c5b7362c0a2a027daa9f9635a91021ae0
/harness_sha256/run_all.py	string	ef45a6a8120f3d4734ae2fee2674848eacc6b583a68839adaede49552ae11da2
/harness_sha256/startup.py	string	5dfac911d447a3562c095fe5acddcc2acb4bae93af78db0491eee02b6d199cee
/harness_sha256/summarize_product_v1.py	string	cfa6d67111b738030290cbee2c58033bc7444aeea16bd7b82eccc15c11c9e80e
/harness_sha256/test_bench.py	string	d9dcea3319ad50da4f8fd7f12befed87f53bd68bd07456c71d27f103c1d18602
/harness_sha256/test_filesystem_ab.py	string	6f1df19e65309f329117fa3c072c195106cc48bef948bee81eb7cdaa8c2e42cd
/harness_sha256/test_macos_docker_tools.py	string	defa4f7442496729f295efb9468d949672b8302160530ace22b78602de89a657
/harness_sha256/test_macos_migration.py	string	920e362e3ffa4da7d10a3e5fa1901712a056c059b8443bb1ada85255572af243
/harness_sha256/test_product_v1.py	string	12c34aea8a7df1da1218d761f3d44cf170dfd76fd39eaf949c31e887fbf57a2b
/harness_sha256/test_reference_baselines.py	string	bba2e955bd4da2cd592b4340cb7537e4c91b2b51653235df17258a10aaa9696a
/harness_sha256/test_run_all.py	string	76ec448980e0ea0afece9037e9af6c273c90c0cb6ee81d93ebe85659acd6a08c
/harness_sha256/test_startup.py	string	a19f0e3c8a9fa47f4f8116c6415a7ace363ebbcee1a672e8f002ca48144d5b43
/harness_sha256/test_ubuntu_baselines.py	string	cf0a30d779d3f408e92310c08a4c65cf79fce38e321f721aadc276115144c98c
/harness_sha256/test_vm_ready.py	string	510e171d9af9a4e64085f70f983036709e2c41c3303974b7af319c142df313bc
/harness_sha256/test_vm_stress.py	string	0180a4383dd4878e754e148d7c137232519ffdb423a2185c856ce5dd6ab446f3
/harness_sha256/ubuntu_baselines.py	string	04b240d48c20e14ab5773cdf76adf4e576ba3ae40ba44d327a1e9ab4cdf76c36
/harness_sha256/ubuntu_vm_network.py	string	e1920f47d603a117ec5b14cdb6cf93e2816bc9321f8bc9c59c97b8f9e0052be1
/harness_sha256/v1~1agent.py	string	ecc8eda0af6812d3df4c59f61ada6122b7e3a95e2b5c971af88b83856425e656
/harness_sha256/v1~1apply.py	string	fd6b5e42c2cfec99bdf605d06adb9dbcfa561d49d3803856553766af12f8311a
/harness_sha256/v1~1apply_worker.py	string	0b6c542251721fa948245ba021a8695d6e0fd375ec6d72bd2d1f118fd12957f6
/harness_sha256/v1~1baselines.py	string	fd8f9acc32e7e470c3686a5cd9580be946331338c28fedb7ea1c0378047b9e2d
/harness_sha256/v1~1common.py	string	8a1a7eea32f62bf9217df58299f299550d645d5ed66de163347d0aed325d8c08
/harness_sha256/v1~1density.py	string	df0b2dd3246e1c23b7dcd3b185807ff6afe12c92639b842be1186223e51d2c7e
/harness_sha256/v1~1filesystem.py	string	22bb9a0137a252e85a347ffd19d1d6b3161008ff13d67f793f6118ad1c3a034c
/harness_sha256/v1~1isolation.py	string	13a82608320ccc2d98e93e5a9eb8229f33c3433a5fa8cbfb2274a16df428e943
/harness_sha256/v1~1isolation_worker.py	string	ee0c710c8b9d4ebc2339387b323b33b699d74c430092f13986b5d26be7bfd9f8
/harness_sha256/v1~1network.py	string	743d37fe8eddf9d417672d1f1ffae0e040c2e4de8670fbf2894608bd473823f9
/harness_sha256/v1~1network_worker.py	string	6ad52b1fc76789e3560f4853576c4ac70faec8f22666de8ae74ba4956fb547be
/harness_sha256/v1~1oci.py	string	ebf40f2cd6b74573a78fdc06266ae25d92ce230c94275afa44b87bd1350642f3
/harness_sha256/v1~1replay.py	string	cffe049650e0137e789dbc236a4f0589c02e62c9bfe5096070438cb52d1f7c4c
/harness_sha256/v1~1supervision.py	string	cb685d7e289c23a9b254e08929f307e70bd273ef18e653222fa3d896285f685a
/harness_sha256/v1~1workload.py	string	484e661b91720d03119998cca082db6fe57d5d40591957af1840e872066b61cc
/harness_sha256/vm_ready.py	string	b3bc5aede44b1c42000a97754cc4500b55a5d629428218cf4e7e58435985f0f2
/harness_sha256/vm_snapshot.py	string	e677a9cf3857c5b3ea0e4c98f6066cb7d7203b0e83d49046276ab91b65565cba
/harness_sha256/vm_snapshot_lazy.py	string	78451a89ffafcde1d552dbd0a6dbf170995aca308b5c305507bc0f6a21384923
/harness_sha256/vm_stage_snapshot.py	string	7f6c0ea3b37935dd704987750bc2d10034b69accd75a91a6f1545df31cc76b7a
/harness_sha256/vm_stress.py	string	0f036789de811a40fc6e4469de6ffd553bd41aa70fd5fc7229c032f38f2e375a
/host_kernel	string	7.2.8-200.fc44.x86_64
/load_after	array	-
/load_after/0	float	3.4423828125
/load_after/1	float	2.54736328125
/load_after/2	float	1.47314453125
/load_before	array	-
/load_before/0	float	0.451171875
/load_before/1	float	0.3623046875
/load_before/2	float	0.42529296875
/protocol	object	-
/protocol/cache	string	warm; no eviction; fresh workspace and stage for every job
/protocol/completion_timing	string	launch to process exit; preparation excluded
/protocol/correctness	string	all workload checks, Run Bundle isolation, lower write absence and upper file count/size required
/protocol/cpu_affinity	string	0,1
/protocol/filesystem_profile	boolean	false
/protocol/order	string	all five cells shuffled each round; seed 20261005
/protocol/percentile	string	linear interpolation
/protocol/samples	integer	30
/protocol/staged_isolation	object	-
/protocol/staged_isolation/baseline	string	host_process
/protocol/staged_isolation/candidate	string	rootless_process
/protocol/vm_memory_mib	integer	16384
/protocol/vm_vcpus	integer	2
/protocol/warmups	integer	3
/protocol/worker_timing	string	operation and correctness check; all seven workloads run in order per job
/recorded_at	string	2026-10-05T14:08:18.127674+08:00
/rows	array	-
/rows/0	object	-
/rows/0/backend	string	pvisor-staged
/rows/0/completion_ms	float	1203.300104
/rows/0/correctness	string	passed
/rows/0/logs	string	/home/reiase/workspace/pvisor/target/p1-filesystem-historical-full-20261005/baseline/trials/filesystem-pvisor-staged-000
/rows/0/memory_scope	string	owned launcher tree; Docker daemon/container RSS excluded
/rows/0/mode	string	filesystem
/rows/0/peak_tree_rss_kib	integer	165196
/rows/0/prepare_ms	float	36.917045
/rows/0/ready_ms	float	47.049243
/rows/0/result	object	-
/rows/0/result/correctness	string	passed
/rows/0/result/filesystem	object	-
/rows/0/result/filesystem/cargo	object	-
/rows/0/result/filesystem/cargo/check	object	-
/rows/0/result/filesystem/cargo/check/modules	integer	64
/rows/0/result/filesystem/cargo/check/result	string	2016
/rows/0/result/filesystem/cargo/python	string	3.14.7
/rows/0/result/filesystem/cargo/worker_ms	float	108.402009
/rows/0/result/filesystem/cargo/workload	string	cargo
/rows/0/result/filesystem/git	object	-
/rows/0/result/filesystem/git/check	object	-
/rows/0/result/filesystem/git/check/git_clean	boolean	true
/rows/0/result/filesystem/git/python	string	3.14.7
/rows/0/result/filesystem/git/worker_ms	float	161.930354
/rows/0/result/filesystem/git/workload	string	git
/rows/0/result/filesystem/metadata	object	-
/rows/0/result/filesystem/metadata/check	object	-
/rows/0/result/filesystem/metadata/check/bytes	integer	2095104
/rows/0/result/filesystem/metadata/check/files	integer	2048
/rows/0/result/filesystem/metadata/python	string	3.14.7
/rows/0/result/filesystem/metadata/worker_ms	float	76.321591
/rows/0/result/filesystem/metadata/workload	string	metadata
/rows/0/result/filesystem/npm	object	-
/rows/0/result/filesystem/npm/check	object	-
/rows/0/result/filesystem/npm/check/local_packages	integer	32
/rows/0/result/filesystem/npm/python	string	3.14.7
/rows/0/result/filesystem/npm/worker_ms	float	215.454791
/rows/0/result/filesystem/npm/workload	string	npm
/rows/0/result/filesystem/read	object	-
/rows/0/result/filesystem/read/check	object	-
/rows/0/result/filesystem/read/check/bytes	integer	67108864
/rows/0/result/filesystem/read/check/sha256	string	42ef3a50fe506ced865473b082c8b28f6ce254e6e2b01266b6a563531a6267bc
/rows/0/result/filesystem/read/python	string	3.14.7
/rows/0/result/filesystem/read/worker_ms	float	67.376848
/rows/0/result/filesystem/read/workload	string	read
/rows/0/result/filesystem/rg	object	-
/rows/0/result/filesystem/rg/check	object	-
/rows/0/result/filesystem/rg/check/matches	integer	2048
/rows/0/result/filesystem/rg/python	string	3.14.7
/rows/0/result/filesystem/rg/worker_ms	float	88.829383
/rows/0/result/filesystem/rg/workload	string	rg
/rows/0/result/filesystem/write	object	-
/rows/0/result/filesystem/write/check	object	-
/rows/0/result/filesystem/write/check/bytes	integer	16777216
/rows/0/result/filesystem/write/check/files	integer	256
/rows/0/result/filesystem/write/python	string	3.14.7
/rows/0/result/filesystem/write/worker_ms	float	192.920818
/rows/0/result/filesystem/write/workload	string	write
/rows/0/result/mode	string	filesystem
/rows/0/result/worker_ms	float	1036.410466
/rows/0/result_ms	float	1083.512787
/rows/0/trial	integer	0
/rows/0/variant	string	baseline
/rows/1	object	-
/rows/1/backend	string	pvisor-vm
/rows/1/completion_ms	float	5179.13391
/rows/1/correctness	string	passed
/rows/1/logs	string	/home/reiase/workspace/pvisor/target/p1-filesystem-historical-full-20261005/baseline/trials/filesystem-pvisor-vm-000
/rows/1/memory_scope	string	owned launcher tree; Docker daemon/container RSS excluded
/rows/1/mode	string	filesystem
/rows/1/peak_tree_rss_kib	integer	831728
/rows/1/prepare_ms	float	36.820184
/rows/1/ready_ms	float	678.9266
/rows/1/result	object	-
/rows/1/result/correctness	string	passed
/rows/1/result/filesystem	object	-
/rows/1/result/filesystem/cargo	object	-
/rows/1/result/filesystem/cargo/check	object	-
/rows/1/result/filesystem/cargo/check/modules	integer	64
/rows/1/result/filesystem/cargo/check/result	string	2016
/rows/1/result/filesystem/cargo/python	string	3.14.7
/rows/1/result/filesystem/cargo/worker_ms	float	679.459127
/rows/1/result/filesystem/cargo/workload	string	cargo
/rows/1/result/filesystem/git	object	-
/rows/1/result/filesystem/git/check	object	-
/rows/1/result/filesystem/git/check/git_clean	boolean	true
/rows/1/result/filesystem/git/python	string	3.14.7
/rows/1/result/filesystem/git/worker_ms	float	561.792794
/rows/1/result/filesystem/git/workload	string	git
/rows/1/result/filesystem/metadata	object	-
/rows/1/result/filesystem/metadata/check	object	-
/rows/1/result/filesystem/metadata/check/bytes	integer	2095104
/rows/1/result/filesystem/metadata/check/files	integer	2048
/rows/1/result/filesystem/metadata/python	string	3.14.7
/rows/1/result/filesystem/metadata/worker_ms	float	231.530381
/rows/1/result/filesystem/metadata/workload	string	metadata
/rows/1/result/filesystem/npm	object	-
/rows/1/result/filesystem/npm/check	object	-
/rows/1/result/filesystem/npm/check/local_packages	integer	32
/rows/1/result/filesystem/npm/python	string	3.14.7
/rows/1/result/filesystem/npm/worker_ms	float	1567.246448
/rows/1/result/filesystem/npm/workload	string	npm
/rows/1/result/filesystem/read	object	-
/rows/1/result/filesystem/read/check	object	-
/rows/1/result/filesystem/read/check/bytes	integer	67108864
/rows/1/result/filesystem/read/check/sha256	string	42ef3a50fe506ced865473b082c8b28f6ce254e6e2b01266b6a563531a6267bc
/rows/1/result/filesystem/read/python	string	3.14.7
/rows/1/result/filesystem/read/worker_ms	float	121.359404
/rows/1/result/filesystem/read/workload	string	read
/rows/1/result/filesystem/rg	object	-
/rows/1/result/filesystem/rg/check	object	-
/rows/1/result/filesystem/rg/check/matches	integer	2048
/rows/1/result/filesystem/rg/python	string	3.14.7
/rows/1/result/filesystem/rg/worker_ms	float	463.616451
/rows/1/result/filesystem/rg/workload	string	rg
/rows/1/result/filesystem/write	object	-
/rows/1/result/filesystem/write/check	object	-
/rows/1/result/filesystem/write/check/bytes	integer	16777216
/rows/1/result/filesystem/write/check/files	integer	256
/rows/1/result/filesystem/write/python	string	3.14.7
/rows/1/result/filesystem/write/worker_ms	float	242.887213
/rows/1/result/filesystem/write/workload	string	write
/rows/1/result/mode	string	filesystem
/rows/1/result/worker_ms	float	4378.3813
/rows/1/result_ms	float	5057.896978
/rows/1/trial	integer	0
/rows/1/variant	string	baseline
/rows/2	object	-
/rows/2/backend	string	native
/rows/2/completion_ms	float	461.069667
/rows/2/correctness	string	passed
/rows/2/logs	string	/home/reiase/workspace/pvisor/target/p1-filesystem-historical-full-20261005/native/trials/filesystem-native-000
/rows/2/memory_scope	string	owned launcher tree; Docker daemon/container RSS excluded
/rows/2/mode	string	filesystem
/rows/2/peak_tree_rss_kib	integer	139656
/rows/2/prepare_ms	float	36.319008
/rows/2/ready_ms	float	39.155072
/rows/2/result	object	-
/rows/2/result/correctness	string	passed
/rows/2/result/filesystem	object	-
/rows/2/result/filesystem/cargo	object	-
/rows/2/result/filesystem/cargo/check	object	-
/rows/2/result/filesystem/cargo/check/modules	integer	64
/rows/2/result/filesystem/cargo/check/result	string	2016
/rows/2/result/filesystem/cargo/python	string	3.14.7
/rows/2/result/filesystem/cargo/worker_ms	float	56.141451
/rows/2/result/filesystem/cargo/workload	string	cargo
/rows/2/result/filesystem/git	object	-
/rows/2/result/filesystem/git/check	object	-
/rows/2/result/filesystem/git/check/git_clean	boolean	true
/rows/2/result/filesystem/git/python	string	3.14.7
/rows/2/result/filesystem/git/worker_ms	float	16.102651
/rows/2/result/filesystem/git/workload	string	git
/rows/2/result/filesystem/metadata	object	-
/rows/2/result/filesystem/metadata/check	object	-
/rows/2/result/filesystem/metadata/check/bytes	integer	2095104
/rows/2/result/filesystem/metadata/check/files	integer	2048
/rows/2/result/filesystem/metadata/python	string	3.14.7
/rows/2/result/filesystem/metadata/worker_ms	float	5.212939
/rows/2/result/filesystem/metadata/workload	string	metadata
/rows/2/result/filesystem/npm	object	-
/rows/2/result/filesystem/npm/check	object	-
/rows/2/result/filesystem/npm/check/local_packages	integer	32
/rows/2/result/filesystem/npm/python	string	3.14.7
/rows/2/result/filesystem/npm/worker_ms	float	172.509536
/rows/2/result/filesystem/npm/workload	string	npm
/rows/2/result/filesystem/read	object	-
/rows/2/result/filesystem/read/check	object	-
/rows/2/result/filesystem/read/check/bytes	integer	67108864
/rows/2/result/filesystem/read/check/sha256	string	42ef3a50fe506ced865473b082c8b28f6ce254e6e2b01266b6a563531a6267bc
/rows/2/result/filesystem/read/python	string	3.14.7
/rows/2/result/filesystem/read/worker_ms	float	32.54238
/rows/2/result/filesystem/read/workload	string	read
/rows/2/result/filesystem/rg	object	-
/rows/2/result/filesystem/rg/check	object	-
/rows/2/result/filesystem/rg/check/matches	integer	2048
/rows/2/result/filesystem/rg/python	string	3.14.7
/rows/2/result/filesystem/rg/worker_ms	float	8.748827
/rows/2/result/filesystem/rg/workload	string	rg
/rows/2/result/filesystem/write	object	-
/rows/2/result/filesystem/write/check	object	-
/rows/2/result/filesystem/write/check/bytes	integer	16777216
/rows/2/result/filesystem/write/check/files	integer	256
/rows/2/result/filesystem/write/python	string	3.14.7
/rows/2/result/filesystem/write/worker_ms	float	3.967384
/rows/2/result/filesystem/write/workload	string	write
/rows/2/result/mode	string	filesystem
/rows/2/result/worker_ms	float	412.985632
/rows/2/result_ms	float	452.250449
/rows/2/trial	integer	0
/rows/2/variant	string	native
/rows/3	object	-
/rows/3/backend	string	pvisor-vm
/rows/3/completion_ms	float	5293.984614
/rows/3/correctness	string	passed
/rows/3/logs	string	/home/reiase/workspace/pvisor/target/p1-filesystem-historical-full-20261005/candidate/trials/filesystem-pvisor-vm-000
/rows/3/memory_scope	string	owned launcher tree; Docker daemon/container RSS excluded
/rows/3/mode	string	filesystem
/rows/3/peak_tree_rss_kib	integer	833120
/rows/3/prepare_ms	float	37.084427
/rows/3/ready_ms	float	757.974339
/rows/3/result	object	-
/rows/3/result/correctness	string	passed
/rows/3/result/filesystem	object	-
/rows/3/result/filesystem/cargo	object	-
/rows/3/result/filesystem/cargo/check	object	-
/rows/3/result/filesystem/cargo/check/modules	integer	64
/rows/3/result/filesystem/cargo/check/result	string	2016
/rows/3/result/filesystem/cargo/python	string	3.14.7
/rows/3/result/filesystem/cargo/worker_ms	float	632.472403
/rows/3/result/filesystem/cargo/workload	string	cargo
/rows/3/result/filesystem/git	object	-
/rows/3/result/filesystem/git/check	object	-
/rows/3/result/filesystem/git/check/git_clean	boolean	true
/rows/3/result/filesystem/git/python	string	3.14.7
/rows/3/result/filesystem/git/worker_ms	float	444.251194
/rows/3/result/filesystem/git/workload	string	git
/rows/3/result/filesystem/metadata	object	-
/rows/3/result/filesystem/metadata/check	object	-
/rows/3/result/filesystem/metadata/check/bytes	integer	2095104
/rows/3/result/filesystem/metadata/check/files	integer	2048
/rows/3/result/filesystem/metadata/python	string	3.14.7
/rows/3/result/filesystem/metadata/worker_ms	float	226.959017
/rows/3/result/filesystem/metadata/workload	string	metadata
/rows/3/result/filesystem/npm	object	-
/rows/3/result/filesystem/npm/check	object	-
/rows/3/result/filesystem/npm/check/local_packages	integer	32
/rows/3/result/filesystem/npm/python	string	3.14.7
/rows/3/result/filesystem/npm/worker_ms	float	1577.621752
/rows/3/result/filesystem/npm/workload	string	npm
/rows/3/result/filesystem/read	object	-
/rows/3/result/filesystem/read/check	object	-
/rows/3/result/filesystem/read/check/bytes	integer	67108864
/rows/3/result/filesystem/read/check/sha256	string	42ef3a50fe506ced865473b082c8b28f6ce254e6e2b01266b6a563531a6267bc
/rows/3/result/filesystem/read/python	string	3.14.7
/rows/3/result/filesystem/read/worker_ms	float	141.574932
/rows/3/result/filesystem/read/workload	string	read
/rows/3/result/filesystem/rg	object	-
/rows/3/result/filesystem/rg/check	object	-
/rows/3/result/filesystem/rg/check/matches	integer	2048
/rows/3/result/filesystem/rg/python	string	3.14.7
/rows/3/result/filesystem/rg/worker_ms	float	415.898891
/rows/3/result/filesystem/rg/workload	string	rg
/rows/3/result/filesystem/write	object	-
/rows/3/result/filesystem/write/check	object	-
/rows/3/result/filesystem/write/check/bytes	integer	16777216
/rows/3/result/filesystem/write/check/files	integer	256
/rows/3/result/filesystem/write/python	string	3.14.7
/rows/3/result/filesystem/write/worker_ms	float	257.364833
/rows/3/result/filesystem/write/workload	string	write
/rows/3/result/mode	string	filesystem
/rows/3/result/worker_ms	float	4416.419158
/rows/3/result_ms	float	5174.914095
/rows/3/trial	integer	0
/rows/3/variant	string	candidate
/rows/4	object	-
/rows/4/backend	string	pvisor-staged
/rows/4/completion_ms	float	1270.818787
/rows/4/correctness	string	passed
/rows/4/logs	string	/home/reiase/workspace/pvisor/target/p1-filesystem-historical-full-20261005/candidate/trials/filesystem-pvisor-staged-000
/rows/4/memory_scope	string	owned launcher tree; Docker daemon/container RSS excluded
/rows/4/mode	string	filesystem
/rows/4/peak_tree_rss_kib	integer	177280
/rows/4/prepare_ms	float	36.183685
/rows/4/ready_ms	float	62.41016
/rows/4/result	object	-
/rows/4/result/correctness	string	passed
/rows/4/result/filesystem	object	-
/rows/4/result/filesystem/cargo	object	-
/rows/4/result/filesystem/cargo/check	object	-
/rows/4/result/filesystem/cargo/check/modules	integer	64
/rows/4/result/filesystem/cargo/check/result	string	2016
/rows/4/result/filesystem/cargo/python	string	3.14.7
/rows/4/result/filesystem/cargo/worker_ms	float	108.335085
/rows/4/result/filesystem/cargo/workload	string	cargo
/rows/4/result/filesystem/git	object	-
/rows/4/result/filesystem/git/check	object	-
/rows/4/result/filesystem/git/check/git_clean	boolean	true
/rows/4/result/filesystem/git/python	string	3.14.7
/rows/4/result/filesystem/git/worker_ms	float	165.980372
/rows/4/result/filesystem/git/workload	string	git
/rows/4/result/filesystem/metadata	object	-
/rows/4/result/filesystem/metadata/check	object	-
/rows/4/result/filesystem/metadata/check/bytes	integer	2095104
/rows/4/result/filesystem/metadata/check/files	integer	2048
/rows/4/result/filesystem/metadata/python	string	3.14.7
/rows/4/result/filesystem/metadata/worker_ms	float	78.010463
/rows/4/result/filesystem/metadata/workload	string	metadata
/rows/4/result/filesystem/npm	object	-
/rows/4/result/filesystem/npm/check	object	-
/rows/4/result/filesystem/npm/check/local_packages	integer	32
/rows/4/result/filesystem/npm/python	string	3.14.7
/rows/4/result/filesystem/npm/worker_ms	float	255.794383
/rows/4/result/filesystem/npm/workload	string	npm
/rows/4/result/filesystem/read	object	-
/rows/4/result/filesystem/read/check	object	-
/rows/4/result/filesystem/read/check/bytes	integer	67108864
/rows/4/result/filesystem/read/check/sha256	string	42ef3a50fe506ced865473b082c8b28f6ce254e6e2b01266b6a563531a6267bc
/rows/4/result/filesystem/read/python	string	3.14.7
/rows/4/result/filesystem/read/worker_ms	float	67.0884
/rows/4/result/filesystem/read/workload	string	read
/rows/4/result/filesystem/rg	object	-
/rows/4/result/filesystem/rg/check	object	-
/rows/4/result/filesystem/rg/check/matches	integer	2048
/rows/4/result/filesystem/rg/python	string	3.14.7
/rows/4/result/filesystem/rg/worker_ms	float	92.071724
/rows/4/result/filesystem/rg/workload	string	rg
/rows/4/result/filesystem/write	object	-
/rows/4/result/filesystem/write/check	object	-
/rows/4/result/filesystem/write/check/bytes	integer	16777216
/rows/4/result/filesystem/write/check/files	integer	256
/rows/4/result/filesystem/write/python	string	3.14.7
/rows/4/result/filesystem/write/worker_ms	float	197.380991
/rows/4/result/filesystem/write/workload	string	write
/rows/4/result/mode	string	filesystem
/rows/4/result/worker_ms	float	1091.191828
/rows/4/result_ms	float	1153.652131
/rows/4/trial	integer	0
/rows/4/variant	string	candidate
/rows/5	object	-
/rows/5/backend	string	native
/rows/5/completion_ms	float	455.006472
/rows/5/correctness	string	passed
/rows/5/logs	string	/home/reiase/workspace/pvisor/target/p1-filesystem-historical-full-20261005/native/trials/filesystem-native-001
/rows/5/memory_scope	string	owned launcher tree; Docker daemon/container RSS excluded
/rows/5/mode	string	filesystem
/rows/5/peak_tree_rss_kib	integer	144356
/rows/5/prepare_ms	float	36.874104
/rows/5/ready_ms	float	38.469322
/rows/5/result	object	-
/rows/5/result/correctness	string	passed
/rows/5/result/filesystem	object	-
/rows/5/result/filesystem/cargo	object	-
/rows/5/result/filesystem/cargo/check	object	-
/rows/5/result/filesystem/cargo/check/modules	integer	64
/rows/5/result/filesystem/cargo/check/result	string	2016
/rows/5/result/filesystem/cargo/python	string	3.14.7
/rows/5/result/filesystem/cargo/worker_ms	float	55.232225
/rows/5/result/filesystem/cargo/workload	string	cargo
/rows/5/result/filesystem/git	object	-
/rows/5/result/filesystem/git/check	object	-
/rows/5/result/filesystem/git/check/git_clean	boolean	true
/rows/5/result/filesystem/git/python	string	3.14.7
/rows/5/result/filesystem/git/worker_ms	float	14.453242
/rows/5/result/filesystem/git/workload	string	git
/rows/5/result/filesystem/metadata	object	-
/rows/5/result/filesystem/metadata/check	object	-
/rows/5/result/filesystem/metadata/check/bytes	integer	2095104
/rows/5/result/filesystem/metadata/check/files	integer	2048
/rows/5/result/filesystem/metadata/python	string	3.14.7
/rows/5/result/filesystem/metadata/worker_ms	float	4.688108
/rows/5/result/filesystem/metadata/workload	string	metadata
/rows/5/result/filesystem/npm	object	-
/rows/5/result/filesystem/npm/check	object	-
/rows/5/result/filesystem/npm/check/local_packages	integer	32
/rows/5/result/filesystem/npm/python	string	3.14.7
/rows/5/result/filesystem/npm/worker_ms	float	175.375956
/rows/5/result/filesystem/npm/workload	string	npm
/rows/5/result/filesystem/read	object	-
/rows/5/result/filesystem/read/check	object	-
/rows/5/result/filesystem/read/check/bytes	integer	67108864
/rows/5/result/filesystem/read/check/sha256	string	42ef3a50fe506ced865473b082c8b28f6ce254e6e2b01266b6a563531a6267bc
/rows/5/result/filesystem/read/python	string	3.14.7
/rows/5/result/filesystem/read/worker_ms	float	32.014025
/rows/5/result/filesystem/read/workload	string	read
/rows/5/result/filesystem/rg	object	-
/rows/5/result/filesystem/rg/check	object	-
/rows/5/result/filesystem/rg/check/matches	integer	2048
/rows/5/result/filesystem/rg/python	string	3.14.7
/rows/5/result/filesystem/rg/worker_ms	float	8.269452
/rows/5/result/filesystem/rg/workload	string	rg
/rows/5/result/filesystem/write	object	-
/rows/5/result/filesystem/write/check	object	-
/rows/5/result/filesystem/write/check/bytes	integer	16777216
/rows/5/result/filesystem/write/check/files	integer	256
/rows/5/result/filesystem/write/python	string	3.14.7
/rows/5/result/filesystem/write/worker_ms	float	3.599347
/rows/5/result/filesystem/write/workload	string	write
/rows/5/result/mode	string	filesystem
/rows/5/result/worker_ms	float	407.890173
/rows/5/result_ms	float	446.430888
/rows/5/trial	integer	1
/rows/5/variant	string	native
/rows/6	object	-
/rows/6/backend	string	pvisor-staged
/rows/6/completion_ms	float	1288.225912
/rows/6/correctness	string	passed
/rows/6/logs	string	/home/reiase/workspace/pvisor/target/p1-filesystem-historical-full-20261005/candidate/trials/filesystem-pvisor-staged-001
/rows/6/memory_scope	string	owned launcher tree; Docker daemon/container RSS excluded
/rows/6/mode	string	filesystem
/rows/6/peak_tree_rss_kib	integer	180492
/rows/6/prepare_ms	float	39.741436
/rows/6/ready_ms	float	61.576454
/rows/6/result	object	-
/rows/6/result/correctness	string	passed
/rows/6/result/filesystem	object	-
/rows/6/result/filesystem/cargo	object	-
/rows/6/result/filesystem/cargo/check	object	-
/rows/6/result/filesystem/cargo/check/modules	integer	64
/rows/6/result/filesystem/cargo/check/result	string	2016
/rows/6/result/filesystem/cargo/python	string	3.14.7
/rows/6/result/filesystem/cargo/worker_ms	float	113.716387
/rows/6/result/filesystem/cargo/workload	string	cargo
/rows/6/result/filesystem/git	object	-
/rows/6/result/filesystem/git/check	object	-
/rows/6/result/filesystem/git/check/git_clean	boolean	true
/rows/6/result/filesystem/git/python	string	3.14.7
/rows/6/result/filesystem/git/worker_ms	float	166.115875
/rows/6/result/filesystem/git/workload	string	git
/rows/6/result/filesystem/metadata	object	-
/rows/6/result/filesystem/metadata/check	object	-
/rows/6/result/filesystem/metadata/check/bytes	integer	2095104
/rows/6/result/filesystem/metadata/check/files	integer	2048
/rows/6/result/filesystem/metadata/python	string	3.14.7
/rows/6/result/filesystem/metadata/worker_ms	float	77.323952
/rows/6/result/filesystem/metadata/workload	string	metadata
/rows/6/result/filesystem/npm	object	-
/rows/6/result/filesystem/npm/check	object	-
/rows/6/result/filesystem/npm/check/local_packages	integer	32
/rows/6/result/filesystem/npm/python	string	3.14.7
/rows/6/result/filesystem/npm/worker_ms	float	263.454457
/rows/6/result/filesystem/npm/workload	string	npm
/rows/6/result/filesystem/read	object	-
/rows/6/result/filesystem/read/check	object	-
/rows/6/result/filesystem/read/check/bytes	integer	67108864
/rows/6/result/filesystem/read/check/sha256	string	42ef3a50fe506ced865473b082c8b28f6ce254e6e2b01266b6a563531a6267bc
/rows/6/result/filesystem/read/python	string	3.14.7
/rows/6/result/filesystem/read/worker_ms	float	67.476144
/rows/6/result/filesystem/read/workload	string	read
/rows/6/result/filesystem/rg	object	-
/rows/6/result/filesystem/rg/check	object	-
/rows/6/result/filesystem/rg/check/matches	integer	2048
/rows/6/result/filesystem/rg/python	string	3.14.7
/rows/6/result/filesystem/rg/worker_ms	float	89.738099
/rows/6/result/filesystem/rg/workload	string	rg
/rows/6/result/filesystem/write	object	-
/rows/6/result/filesystem/write/check	object	-
/rows/6/result/filesystem/write/check/bytes	integer	16777216
/rows/6/result/filesystem/write/check/files	integer	256
/rows/6/result/filesystem/write/python	string	3.14.7
/rows/6/result/filesystem/write/worker_ms	float	204.075335
/rows/6/result/filesystem/write/workload	string	write
/rows/6/result/mode	string	filesystem
/rows/6/result/worker_ms	float	1105.07108
/rows/6/result_ms	float	1166.709779
/rows/6/trial	integer	1
/rows/6/variant	string	candidate
/rows/7	object	-
/rows/7/backend	string	pvisor-vm
/rows/7/completion_ms	float	5138.14691
/rows/7/correctness	string	passed
/rows/7/logs	string	/home/reiase/workspace/pvisor/target/p1-filesystem-historical-full-20261005/candidate/trials/filesystem-pvisor-vm-001
/rows/7/memory_scope	string	owned launcher tree; Docker daemon/container RSS excluded
/rows/7/mode	string	filesystem
/rows/7/peak_tree_rss_kib	integer	821644
/rows/7/prepare_ms	float	36.68415
/rows/7/ready_ms	float	670.109716
/rows/7/result	object	-
/rows/7/result/correctness	string	passed
/rows/7/result/filesystem	object	-
/rows/7/result/filesystem/cargo	object	-
/rows/7/result/filesystem/cargo/check	object	-
/rows/7/result/filesystem/cargo/check/modules	integer	64
/rows/7/result/filesystem/cargo/check/result	string	2016
/rows/7/result/filesystem/cargo/python	string	3.14.7
/rows/7/result/filesystem/cargo/worker_ms	float	540.678554
/rows/7/result/filesystem/cargo/workload	string	cargo
/rows/7/result/filesystem/git	object	-
/rows/7/result/filesystem/git/check	object	-
/rows/7/result/filesystem/git/check/git_clean	boolean	true
/rows/7/result/filesystem/git/python	string	3.14.7
/rows/7/result/filesystem/git/worker_ms	float	386.379042
/rows/7/result/filesystem/git/workload	string	git
/rows/7/result/filesystem/metadata	object	-
/rows/7/result/filesystem/metadata/check	object	-
/rows/7/result/filesystem/metadata/check/bytes	integer	2095104
/rows/7/result/filesystem/metadata/check/files	integer	2048
/rows/7/result/filesystem/metadata/python	string	3.14.7
/rows/7/result/filesystem/metadata/worker_ms	float	257.735006
/rows/7/result/filesystem/metadata/workload	string	metadata
/rows/7/result/filesystem/npm	object	-
/rows/7/result/filesystem/npm/check	object	-
/rows/7/result/filesystem/npm/check/local_packages	integer	32
/rows/7/result/filesystem/npm/python	string	3.14.7
/rows/7/result/filesystem/npm/worker_ms	float	1676.114988
/rows/7/result/filesystem/npm/workload	string	npm
/rows/7/result/filesystem/read	object	-
/rows/7/result/filesystem/read/check	object	-
/rows/7/result/filesystem/read/check/bytes	integer	67108864
/rows/7/result/filesystem/read/check/sha256	string	42ef3a50fe506ced865473b082c8b28f6ce254e6e2b01266b6a563531a6267bc
/rows/7/result/filesystem/read/python	string	3.14.7
/rows/7/result/filesystem/read/worker_ms	float	118.901735
/rows/7/result/filesystem/read/workload	string	read
/rows/7/result/filesystem/rg	object	-
/rows/7/result/filesystem/rg/check	object	-
/rows/7/result/filesystem/rg/check/matches	integer	2048
/rows/7/result/filesystem/rg/python	string	3.14.7
/rows/7/result/filesystem/rg/worker_ms	float	503.526724
/rows/7/result/filesystem/rg/workload	string	rg
/rows/7/result/filesystem/write	object	-
/rows/7/result/filesystem/write/check	object	-
/rows/7/result/filesystem/write/check/bytes	integer	16777216
/rows/7/result/filesystem/write/check/files	integer	256
/rows/7/result/filesystem/write/python	string	3.14.7
/rows/7/result/filesystem/write/worker_ms	float	258.086594
/rows/7/result/filesystem/write/workload	string	write
/rows/7/result/mode	string	filesystem
/rows/7/result/worker_ms	float	4336.21681
/rows/7/result_ms	float	5007.11564
/rows/7/trial	integer	1
/rows/7/variant	string	candidate
/rows/8	object	-
/rows/8/backend	string	pvisor-vm
/rows/8/completion_ms	float	5300.2089
/rows/8/correctness	string	passed
/rows/8/logs	string	/home/reiase/workspace/pvisor/target/p1-filesystem-historical-full-20261005/baseline/trials/filesystem-pvisor-vm-001
/rows/8/memory_scope	string	owned launcher tree; Docker daemon/container RSS excluded
/rows/8/mode	string	filesystem
/rows/8/peak_tree_rss_kib	integer	829736
/rows/8/prepare_ms	float	37.098463
/rows/8/ready_ms	float	649.995699
/rows/8/result	object	-
/rows/8/result/correctness	string	passed
/rows/8/result/filesystem	object	-
/rows/8/result/filesystem/cargo	object	-
/rows/8/result/filesystem/cargo/check	object	-
/rows/8/result/filesystem/cargo/check/modules	integer	64
/rows/8/result/filesystem/cargo/check/result	string	2016
/rows/8/result/filesystem/cargo/python	string	3.14.7
/rows/8/result/filesystem/cargo/worker_ms	float	704.169457
/rows/8/result/filesystem/cargo/workload	string	cargo
/rows/8/result/filesystem/git	object	-
/rows/8/result/filesystem/git/check	object	-
/rows/8/result/filesystem/git/check/git_clean	boolean	true
/rows/8/result/filesystem/git/python	string	3.14.7
/rows/8/result/filesystem/git/worker_ms	float	635.160703
/rows/8/result/filesystem/git/workload	string	git
/rows/8/result/filesystem/metadata	object	-
/rows/8/result/filesystem/metadata/check	object	-
/rows/8/result/filesystem/metadata/check/bytes	integer	2095104
/rows/8/result/filesystem/metadata/check/files	integer	2048
/rows/8/result/filesystem/metadata/python	string	3.14.7
/rows/8/result/filesystem/metadata/worker_ms	float	269.816524
/rows/8/result/filesystem/metadata/workload	string	metadata
/rows/8/result/filesystem/npm	object	-
/rows/8/result/filesystem/npm/check	object	-
/rows/8/result/filesystem/npm/check/local_packages	integer	32
/rows/8/result/filesystem/npm/python	string	3.14.7
/rows/8/result/filesystem/npm/worker_ms	float	1591.543343
/rows/8/result/filesystem/npm/workload	string	npm
/rows/8/result/filesystem/read	object	-
/rows/8/result/filesystem/read/check	object	-
/rows/8/result/filesystem/read/check/bytes	integer	67108864
/rows/8/result/filesystem/read/check/sha256	string	42ef3a50fe506ced865473b082c8b28f6ce254e6e2b01266b6a563531a6267bc
/rows/8/result/filesystem/read/python	string	3.14.7
/rows/8/result/filesystem/read/worker_ms	float	120.044693
/rows/8/result/filesystem/read/workload	string	read
/rows/8/result/filesystem/rg	object	-
/rows/8/result/filesystem/rg/check	object	-
/rows/8/result/filesystem/rg/check/matches	integer	2048
/rows/8/result/filesystem/rg/python	string	3.14.7
/rows/8/result/filesystem/rg/worker_ms	float	451.405813
/rows/8/result/filesystem/rg/workload	string	rg
/rows/8/result/filesystem/write	object	-
/rows/8/result/filesystem/write/check	object	-
/rows/8/result/filesystem/write/check/bytes	integer	16777216
/rows/8/result/filesystem/write/check/files	integer	256
/rows/8/result/filesystem/write/python	string	3.14.7
/rows/8/result/filesystem/write/worker_ms	float	268.273105
/rows/8/result/filesystem/write/workload	string	write
/rows/8/result/mode	string	filesystem
/rows/8/result/worker_ms	float	4533.323816
/rows/8/result_ms	float	5185.778911
/rows/8/trial	integer	1
/rows/8/variant	string	baseline
/rows/9	object	-
/rows/9/backend	string	pvisor-staged
/rows/9/completion_ms	float	1207.883658
/rows/9/correctness	string	passed
/rows/9/logs	string	/home/reiase/workspace/pvisor/target/p1-filesystem-historical-full-20261005/baseline/trials/filesystem-pvisor-staged-001
/rows/9/memory_scope	string	owned launcher tree; Docker daemon/container RSS excluded
/rows/9/mode	string	filesystem
/rows/9/peak_tree_rss_kib	integer	164508
/rows/9/prepare_ms	float	37.469645
/rows/9/ready_ms	float	47.153577
/rows/9/result	object	-
/rows/9/result/correctness	string	passed
/rows/9/result/filesystem	object	-
/rows/9/result/filesystem/cargo	object	-
/rows/9/result/filesystem/cargo/check	object	-
/rows/9/result/filesystem/cargo/check/modules	integer	64
/rows/9/result/filesystem/cargo/check/result	string	2016
/rows/9/result/filesystem/cargo/python	string	3.14.7
/rows/9/result/filesystem/cargo/worker_ms	float	113.382434
/rows/9/result/filesystem/cargo/workload	string	cargo
/rows/9/result/filesystem/git	object	-
/rows/9/result/filesystem/git/check	object	-
/rows/9/result/filesystem/git/check/git_clean	boolean	true
/rows/9/result/filesystem/git/python	string	3.14.7
/rows/9/result/filesystem/git/worker_ms	float	164.024772
/rows/9/result/filesystem/git/workload	string	git
/rows/9/result/filesystem/metadata	object	-
/rows/9/result/filesystem/metadata/check	object	-
/rows/9/result/filesystem/metadata/check/bytes	integer	2095104
/rows/9/result/filesystem/metadata/check/files	integer	2048
/rows/9/result/filesystem/metadata/python	string	3.14.7
/rows/9/result/filesystem/metadata/worker_ms	float	75.426641
/rows/9/result/filesystem/metadata/workload	string	metadata
/rows/9/result/filesystem/npm	object	-
/rows/9/result/filesystem/npm/check	object	-
/rows/9/result/filesystem/npm/check/local_packages	integer	32
/rows/9/result/filesystem/npm/python	string	3.14.7
/rows/9/result/filesystem/npm/worker_ms	float	215.237726
/rows/9/result/filesystem/npm/workload	string	npm
/rows/9/result/filesystem/read	object	-
/rows/9/result/filesystem/read/check	object	-
/rows/9/result/filesystem/read/check/bytes	integer	67108864
/rows/9/result/filesystem/read/check/sha256	string	42ef3a50fe506ced865473b082c8b28f6ce254e6e2b01266b6a563531a6267bc
/rows/9/result/filesystem/read/python	string	3.14.7
/rows/9/result/filesystem/read/worker_ms	float	67.99404
/rows/9/result/filesystem/read/workload	string	read
/rows/9/result/filesystem/rg	object	-
/rows/9/result/filesystem/rg/check	object	-
/rows/9/result/filesystem/rg/check/matches	integer	2048
/rows/9/result/filesystem/rg/python	string	3.14.7
/rows/9/result/filesystem/rg/worker_ms	float	88.051461
/rows/9/result/filesystem/rg/workload	string	rg
/rows/9/result/filesystem/write	object	-
/rows/9/result/filesystem/write/check	object	-
/rows/9/result/filesystem/write/check/bytes	integer	16777216
/rows/9/result/filesystem/write/check/files	integer	256
/rows/9/result/filesystem/write/python	string	3.14.7
/rows/9/result/filesystem/write/worker_ms	float	191.238328
/rows/9/result/filesystem/write/workload	string	write
/rows/9/result/mode	string	filesystem
/rows/9/result/worker_ms	float	1038.472814
/rows/9/result_ms	float	1085.664543
/rows/9/trial	integer	1
/rows/9/variant	string	baseline
/rows/10	object	-
/rows/10/backend	string	native
/rows/10/completion_ms	float	454.147939
/rows/10/correctness	string	passed
/rows/10/logs	string	/home/reiase/workspace/pvisor/target/p1-filesystem-historical-full-20261005/native/trials/filesystem-native-002
/rows/10/memory_scope	string	owned launcher tree; Docker daemon/container RSS excluded
/rows/10/mode	string	filesystem
/rows/10/peak_tree_rss_kib	integer	135408
/rows/10/prepare_ms	float	37.287927
/rows/10/ready_ms	float	38.11514
/rows/10/result	object	-
/rows/10/result/correctness	string	passed
/rows/10/result/filesystem	object	-
/rows/10/result/filesystem/cargo	object	-
/rows/10/result/filesystem/cargo/check	object	-
/rows/10/result/filesystem/cargo/check/modules	integer	64
/rows/10/result/filesystem/cargo/check/result	string	2016
/rows/10/result/filesystem/cargo/python	string	3.14.7
/rows/10/result/filesystem/cargo/worker_ms	float	56.529916
/rows/10/result/filesystem/cargo/workload	string	cargo
/rows/10/result/filesystem/git	object	-
/rows/10/result/filesystem/git/check	object	-
/rows/10/result/filesystem/git/check/git_clean	boolean	true
/rows/10/result/filesystem/git/python	string	3.14.7
/rows/10/result/filesystem/git/worker_ms	float	15.55585
/rows/10/result/filesystem/git/workload	string	git
/rows/10/result/filesystem/metadata	object	-
/rows/10/result/filesystem/metadata/check	object	-
/rows/10/result/filesystem/metadata/check/bytes	integer	2095104
/rows/10/result/filesystem/metadata/check/files	integer	2048
/rows/10/result/filesystem/metadata/python	string	3.14.7
/rows/10/result/filesystem/metadata/worker_ms	float	4.759552
/rows/10/result/filesystem/metadata/workload	string	metadata
/rows/10/result/filesystem/npm	object	-
/rows/10/result/filesystem/npm/check	object	-
/rows/10/result/filesystem/npm/check/local_packages	integer	32
/rows/10/result/filesystem/npm/python	string	3.14.7
/rows/10/result/filesystem/npm/worker_ms	float	170.607467
/rows/10/result/filesystem/npm/workload	string	npm
/rows/10/result/filesystem/read	object	-
/rows/10/result/filesystem/read/check	object	-
/rows/10/result/filesystem/read/check/bytes	integer	67108864
/rows/10/result/filesystem/read/check/sha256	string	42ef3a50fe506ced865473b082c8b28f6ce254e6e2b01266b6a563531a6267bc
/rows/10/result/filesystem/read/python	string	3.14.7
/rows/10/result/filesystem/read/worker_ms	float	32.129189
/rows/10/result/filesystem/read/workload	string	read
/rows/10/result/filesystem/rg	object	-
/rows/10/result/filesystem/rg/check	object	-
/rows/10/result/filesystem/rg/check/matches	integer	2048
/rows/10/result/filesystem/rg/python	string	3.14.7
/rows/10/result/filesystem/rg/worker_ms	float	7.809244
/rows/10/result/filesystem/rg/workload	string	rg
/rows/10/result/filesystem/write	object	-
/rows/10/result/filesystem/write/check	object	-
/rows/10/result/filesystem/write/check/bytes	integer	16777216
/rows/10/result/filesystem/write/check/files	integer	256
/rows/10/result/filesystem/write/python	string	3.14.7
/rows/10/result/filesystem/write/worker_ms	float	3.654561
/rows/10/result/filesystem/write/workload	string	write
/rows/10/result/mode	string	filesystem
/rows/10/result/worker_ms	float	408.079706
/rows/10/result_ms	float	446.243327
/rows/10/trial	integer	2
/rows/10/variant	string	native
/rows/11	object	-
/rows/11/backend	string	pvisor-vm
/rows/11/completion_ms	float	4939.36288
/rows/11/correctness	string	passed
/rows/11/logs	string	/home/reiase/workspace/pvisor/target/p1-filesystem-historical-full-20261005/candidate/trials/filesystem-pvisor-vm-002
/rows/11/memory_scope	string	owned launcher tree; Docker daemon/container RSS excluded
/rows/11/mode	string	filesystem
/rows/11/peak_tree_rss_kib	integer	828864
/rows/11/prepare_ms	float	39.203722
/rows/11/ready_ms	float	641.19765
/rows/11/result	object	-
/rows/11/result/correctness	string	passed
/rows/11/result/filesystem	object	-
/rows/11/result/filesystem/cargo	object	-
/rows/11/result/filesystem/cargo/check	object	-
/rows/11/result/filesystem/cargo/check/modules	integer	64
/rows/11/result/filesystem/cargo/check/result	string	2016
/rows/11/result/filesystem/cargo/python	string	3.14.7
/rows/11/result/filesystem/cargo/worker_ms	float	540.310436
/rows/11/result/filesystem/cargo/workload	string	cargo
/rows/11/result/filesystem/git	object	-
/rows/11/result/filesystem/git/check	object	-
/rows/11/result/filesystem/git/check/git_clean	boolean	true
/rows/11/result/filesystem/git/python	string	3.14.7
/rows/11/result/filesystem/git/worker_ms	float	389.578929
/rows/11/result/filesystem/git/workload	string	git
/rows/11/result/filesystem/metadata	object	-
/rows/11/result/filesystem/metadata/check	object	-
/rows/11/result/filesystem/metadata/check/bytes	integer	2095104
/rows/11/result/filesystem/metadata/check/files	integer	2048
/rows/11/result/filesystem/metadata/python	string	3.14.7
/rows/11/result/filesystem/metadata/worker_ms	float	256.070873
/rows/11/result/filesystem/metadata/workload	string	metadata
/rows/11/result/filesystem/npm	object	-
/rows/11/result/filesystem/npm/check	object	-
/rows/11/result/filesystem/npm/check/local_packages	integer	32
/rows/11/result/filesystem/npm/python	string	3.14.7
/rows/11/result/filesystem/npm/worker_ms	float	1569.103923
/rows/11/result/filesystem/npm/workload	string	npm
/rows/11/result/filesystem/read	object	-
/rows/11/result/filesystem/read/check	object	-
/rows/11/result/filesystem/read/check/bytes	integer	67108864
/rows/11/result/filesystem/read/check/sha256	string	42ef3a50fe506ced865473b082c8b28f6ce254e6e2b01266b6a563531a6267bc
/rows/11/result/filesystem/read/python	string	3.14.7
/rows/11/result/filesystem/read/worker_ms	float	117.570664
/rows/11/result/filesystem/read/workload	string	read
/rows/11/result/filesystem/rg	object	-
/rows/11/result/filesystem/rg/check	object	-
/rows/11/result/filesystem/rg/check/matches	integer	2048
/rows/11/result/filesystem/rg/python	string	3.14.7
/rows/11/result/filesystem/rg/worker_ms	float	540.464884
/rows/11/result/filesystem/rg/workload	string	rg
/rows/11/result/filesystem/write	object	-
/rows/11/result/filesystem/write/check	object	-
/rows/11/result/filesystem/write/check/bytes	integer	16777216
/rows/11/result/filesystem/write/check/files	integer	256
/rows/11/result/filesystem/write/python	string	3.14.7
/rows/11/result/filesystem/write/worker_ms	float	247.917686
/rows/11/result/filesystem/write/workload	string	write
/rows/11/result/mode	string	filesystem
/rows/11/result/worker_ms	float	4156.712273
/rows/11/result_ms	float	4798.440561
/rows/11/trial	integer	2
/rows/11/variant	string	candidate
/rows/12	object	-
/rows/12/backend	string	pvisor-staged
/rows/12/completion_ms	float	1225.679048
/rows/12/correctness	string	passed
/rows/12/logs	string	/home/reiase/workspace/pvisor/target/p1-filesystem-historical-full-20261005/baseline/trials/filesystem-pvisor-staged-002
/rows/12/memory_scope	string	owned launcher tree; Docker daemon/container RSS excluded
/rows/12/mode	string	filesystem
/rows/12/peak_tree_rss_kib	integer	161732
/rows/12/prepare_ms	float	37.880061
/rows/12/ready_ms	float	48.604997
/rows/12/result	object	-
/rows/12/result/correctness	string	passed
/rows/12/result/filesystem	object	-
/rows/12/result/filesystem/cargo	object	-
/rows/12/result/filesystem/cargo/check	object	-
/rows/12/result/filesystem/cargo/check/modules	integer	64
/rows/12/result/filesystem/cargo/check/result	string	2016
/rows/12/result/filesystem/cargo/python	string	3.14.7
/rows/12/result/filesystem/cargo/worker_ms	float	109.96653
/rows/12/result/filesystem/cargo/workload	string	cargo
/rows/12/result/filesystem/git	object	-
/rows/12/result/filesystem/git/check	object	-
/rows/12/result/filesystem/git/check/git_clean	boolean	true
/rows/12/result/filesystem/git/python	string	3.14.7
/rows/12/result/filesystem/git/worker_ms	float	165.144773
/rows/12/result/filesystem/git/workload	string	git
/rows/12/result/filesystem/metadata	object	-
/rows/12/result/filesystem/metadata/check	object	-
/rows/12/result/filesystem/metadata/check/bytes	integer	2095104
/rows/12/result/filesystem/metadata/check/files	integer	2048
/rows/12/result/filesystem/metadata/python	string	3.14.7
/rows/12/result/filesystem/metadata/worker_ms	float	75.834973
/rows/12/result/filesystem/metadata/workload	string	metadata
/rows/12/result/filesystem/npm	object	-
/rows/12/result/filesystem/npm/check	object	-
/rows/12/result/filesystem/npm/check/local_packages	integer	32
/rows/12/result/filesystem/npm/python	string	3.14.7
/rows/12/result/filesystem/npm/worker_ms	float	213.866507
/rows/12/result/filesystem/npm/workload	string	npm
/rows/12/result/filesystem/read	object	-
/rows/12/result/filesystem/read/check	object	-
/rows/12/result/filesystem/read/check/bytes	integer	67108864
/rows/12/result/filesystem/read/check/sha256	string	42ef3a50fe506ced865473b082c8b28f6ce254e6e2b01266b6a563531a6267bc
/rows/12/result/filesystem/read/python	string	3.14.7
/rows/12/result/filesystem/read/worker_ms	float	69.080798
/rows/12/result/filesystem/read/workload	string	read
/rows/12/result/filesystem/rg	object	-
/rows/12/result/filesystem/rg/check	object	-
/rows/12/result/filesystem/rg/check/matches	integer	2048
/rows/12/result/filesystem/rg/python	string	3.14.7
/rows/12/result/filesystem/rg/worker_ms	float	89.480618
/rows/12/result/filesystem/rg/workload	string	rg
/rows/12/result/filesystem/write	object	-
/rows/12/result/filesystem/write/check	object	-
/rows/12/result/filesystem/write/check/bytes	integer	16777216
/rows/12/result/filesystem/write/check/files	integer	256
/rows/12/result/filesystem/write/python	string	3.14.7
/rows/12/result/filesystem/write/worker_ms	float	199.154431
/rows/12/result/filesystem/write/workload	string	write
/rows/12/result/mode	string	filesystem
/rows/12/result/worker_ms	float	1046.85123
/rows/12/result_ms	float	1095.502423
/rows/12/trial	integer	2
/rows/12/variant	string	baseline
/rows/13	object	-
/rows/13/backend	string	pvisor-staged
/rows/13/completion_ms	float	1283.069219
/rows/13/correctness	string	passed
/rows/13/logs	string	/home/reiase/workspace/pvisor/target/p1-filesystem-historical-full-20261005/candidate/trials/filesystem-pvisor-staged-002
/rows/13/memory_scope	string	owned launcher tree; Docker daemon/container RSS excluded
/rows/13/mode	string	filesystem
/rows/13/peak_tree_rss_kib	integer	177268
/rows/13/prepare_ms	float	38.289607
/rows/13/ready_ms	float	61.967744
/rows/13/result	object	-
/rows/13/result/correctness	string	passed
/rows/13/result/filesystem	object	-
/rows/13/result/filesystem/cargo	object	-
/rows/13/result/filesystem/cargo/check	object	-
/rows/13/result/filesystem/cargo/check/modules	integer	64
/rows/13/result/filesystem/cargo/check/result	string	2016
/rows/13/result/filesystem/cargo/python	string	3.14.7
/rows/13/result/filesystem/cargo/worker_ms	float	109.547737
/rows/13/result/filesystem/cargo/workload	string	cargo
/rows/13/result/filesystem/git	object	-
/rows/13/result/filesystem/git/check	object	-
/rows/13/result/filesystem/git/check/git_clean	boolean	true
/rows/13/result/filesystem/git/python	string	3.14.7
/rows/13/result/filesystem/git/worker_ms	float	177.435529
/rows/13/result/filesystem/git/workload	string	git
/rows/13/result/filesystem/metadata	object	-
/rows/13/result/filesystem/metadata/check	object	-
/rows/13/result/filesystem/metadata/check/bytes	integer	2095104
/rows/13/result/filesystem/metadata/check/files	integer	2048
/rows/13/result/filesystem/metadata/python	string	3.14.7
/rows/13/result/filesystem/metadata/worker_ms	float	77.28041
/rows/13/result/filesystem/metadata/workload	string	metadata
/rows/13/result/filesystem/npm	object	-
/rows/13/result/filesystem/npm/check	object	-
/rows/13/result/filesystem/npm/check/local_packages	integer	32
/rows/13/result/filesystem/npm/python	string	3.14.7
/rows/13/result/filesystem/npm/worker_ms	float	255.164617
/rows/13/result/filesystem/npm/workload	string	npm
/rows/13/result/filesystem/read	object	-
/rows/13/result/filesystem/read/check	object	-
/rows/13/result/filesystem/read/check/bytes	integer	67108864
/rows/13/result/filesystem/read/check/sha256	string	42ef3a50fe506ced865473b082c8b28f6ce254e6e2b01266b6a563531a6267bc
/rows/13/result/filesystem/read/python	string	3.14.7
/rows/13/result/filesystem/read/worker_ms	float	67.606627
/rows/13/result/filesystem/read/workload	string	read
/rows/13/result/filesystem/rg	object	-
/rows/13/result/filesystem/rg/check	object	-
/rows/13/result/filesystem/rg/check/matches	integer	2048
/rows/13/result/filesystem/rg/python	string	3.14.7
/rows/13/result/filesystem/rg/worker_ms	float	87.87927
/rows/13/result/filesystem/rg/workload	string	rg
/rows/13/result/filesystem/write	object	-
/rows/13/result/filesystem/write/check	object	-
/rows/13/result/filesystem/write/check/bytes	integer	16777216
/rows/13/result/filesystem/write/check/files	integer	256
/rows/13/result/filesystem/write/python	string	3.14.7
/rows/13/result/filesystem/write/worker_ms	float	197.880033
/rows/13/result/filesystem/write/workload	string	write
/rows/13/result/mode	string	filesystem
/rows/13/result/worker_ms	float	1099.171299
/rows/13/result_ms	float	1161.17499
/rows/13/trial	integer	2
/rows/13/variant	string	candidate
/rows/14	object	-
/rows/14/backend	string	pvisor-vm
/rows/14/completion_ms	float	5423.665093
/rows/14/correctness	string	passed
/rows/14/logs	string	/home/reiase/workspace/pvisor/target/p1-filesystem-historical-full-20261005/baseline/trials/filesystem-pvisor-vm-002
/rows/14/memory_scope	string	owned launcher tree; Docker daemon/container RSS excluded
/rows/14/mode	string	filesystem
/rows/14/peak_tree_rss_kib	integer	835488
/rows/14/prepare_ms	float	37.50381
/rows/14/ready_ms	float	700.897873
/rows/14/result	object	-
/rows/14/result/correctness	string	passed
/rows/14/result/filesystem	object	-
/rows/14/result/filesystem/cargo	object	-
/rows/14/result/filesystem/cargo/check	object	-
/rows/14/result/filesystem/cargo/check/modules	integer	64
/rows/14/result/filesystem/cargo/check/result	string	2016
/rows/14/result/filesystem/cargo/python	string	3.14.7
/rows/14/result/filesystem/cargo/worker_ms	float	708.987642
/rows/14/result/filesystem/cargo/workload	string	cargo
/rows/14/result/filesystem/git	object	-
/rows/14/result/filesystem/git/check	object	-
/rows/14/result/filesystem/git/check/git_clean	boolean	true
/rows/14/result/filesystem/git/python	string	3.14.7
/rows/14/result/filesystem/git/worker_ms	float	471.875577
/rows/14/result/filesystem/git/workload	string	git
/rows/14/result/filesystem/metadata	object	-
/rows/14/result/filesystem/metadata/check	object	-
/rows/14/result/filesystem/metadata/check/bytes	integer	2095104
/rows/14/result/filesystem/metadata/check/files	integer	2048
/rows/14/result/filesystem/metadata/python	string	3.14.7
/rows/14/result/filesystem/metadata/worker_ms	float	269.040782
/rows/14/result/filesystem/metadata/workload	string	metadata
/rows/14/result/filesystem/npm	object	-
/rows/14/result/filesystem/npm/check	object	-
/rows/14/result/filesystem/npm/check/local_packages	integer	32
/rows/14/result/filesystem/npm/python	string	3.14.7
/rows/14/result/filesystem/npm/worker_ms	float	1782.378313
/rows/14/result/filesystem/npm/workload	string	npm
/rows/14/result/filesystem/read	object	-
/rows/14/result/filesystem/read/check	object	-
/rows/14/result/filesystem/read/check/bytes	integer	67108864
/rows/14/result/filesystem/read/check/sha256	string	42ef3a50fe506ced865473b082c8b28f6ce254e6e2b01266b6a563531a6267bc
/rows/14/result/filesystem/read/python	string	3.14.7
/rows/14/result/filesystem/read/worker_ms	float	119.607204
/rows/14/result/filesystem/read/workload	string	read
/rows/14/result/filesystem/rg	object	-
/rows/14/result/filesystem/rg/check	object	-
/rows/14/result/filesystem/rg/check/matches	integer	2048
/rows/14/result/filesystem/rg/python	string	3.14.7
/rows/14/result/filesystem/rg/worker_ms	float	471.887599
/rows/14/result/filesystem/rg/workload	string	rg
/rows/14/result/filesystem/write	object	-
/rows/14/result/filesystem/write/check	object	-
/rows/14/result/filesystem/write/check/bytes	integer	16777216
/rows/14/result/filesystem/write/check/files	integer	256
/rows/14/result/filesystem/write/python	string	3.14.7
/rows/14/result/filesystem/write/worker_ms	float	219.588525
/rows/14/result/filesystem/write/workload	string	write
/rows/14/result/mode	string	filesystem
/rows/14/result/worker_ms	float	4589.04218
/rows/14/result_ms	float	5290.763463
/rows/14/trial	integer	2
/rows/14/variant	string	baseline
/rows/15	object	-
/rows/15/backend	string	pvisor-vm
/rows/15/completion_ms	float	5150.633212
/rows/15/correctness	string	passed
/rows/15/logs	string	/home/reiase/workspace/pvisor/target/p1-filesystem-historical-full-20261005/candidate/trials/filesystem-pvisor-vm-003
/rows/15/memory_scope	string	owned launcher tree; Docker daemon/container RSS excluded
/rows/15/mode	string	filesystem
/rows/15/peak_tree_rss_kib	integer	830624
/rows/15/prepare_ms	float	36.547785
/rows/15/ready_ms	float	667.131628
/rows/15/result	object	-
/rows/15/result/correctness	string	passed
/rows/15/result/filesystem	object	-
/rows/15/result/filesystem/cargo	object	-
/rows/15/result/filesystem/cargo/check	object	-
/rows/15/result/filesystem/cargo/check/modules	integer	64
/rows/15/result/filesystem/cargo/check/result	string	2016
/rows/15/result/filesystem/cargo/python	string	3.14.7
/rows/15/result/filesystem/cargo/worker_ms	float	756.077349
/rows/15/result/filesystem/cargo/workload	string	cargo
/rows/15/result/filesystem/git	object	-
/rows/15/result/filesystem/git/check	object	-
/rows/15/result/filesystem/git/check/git_clean	boolean	true
/rows/15/result/filesystem/git/python	string	3.14.7
/rows/15/result/filesystem/git/worker_ms	float	437.48334
/rows/15/result/filesystem/git/workload	string	git
/rows/15/result/filesystem/metadata	object	-
/rows/15/result/filesystem/metadata/check	object	-
/rows/15/result/filesystem/metadata/check/bytes	integer	2095104
/rows/15/result/filesystem/metadata/check/files	integer	2048
/rows/15/result/filesystem/metadata/python	string	3.14.7
/rows/15/result/filesystem/metadata/worker_ms	float	256.84433
/rows/15/result/filesystem/metadata/workload	string	metadata
/rows/15/result/filesystem/npm	object	-
/rows/15/result/filesystem/npm/check	object	-
/rows/15/result/filesystem/npm/check/local_packages	integer	32
/rows/15/result/filesystem/npm/python	string	3.14.7
/rows/15/result/filesystem/npm/worker_ms	float	1577.329516
/rows/15/result/filesystem/npm/workload	string	npm
/rows/15/result/filesystem/read	object	-
/rows/15/result/filesystem/read/check	object	-
/rows/15/result/filesystem/read/check/bytes	integer	67108864
/rows/15/result/filesystem/read/check/sha256	string	42ef3a50fe506ced865473b082c8b28f6ce254e6e2b01266b6a563531a6267bc
/rows/15/result/filesystem/read/python	string	3.14.7
/rows/15/result/filesystem/read/worker_ms	float	119.96273
/rows/15/result/filesystem/read/workload	string	read
/rows/15/result/filesystem/rg	object	-
/rows/15/result/filesystem/rg/check	object	-
/rows/15/result/filesystem/rg/check/matches	integer	2048
/rows/15/result/filesystem/rg/python	string	3.14.7
/rows/15/result/filesystem/rg/worker_ms	float	472.639195
/rows/15/result/filesystem/rg/workload	string	rg
/rows/15/result/filesystem/write	object	-
/rows/15/result/filesystem/write/check	object	-
/rows/15/result/filesystem/write/check/bytes	integer	16777216
/rows/15/result/filesystem/write/check/files	integer	256
/rows/15/result/filesystem/write/python	string	3.14.7
/rows/15/result/filesystem/write/worker_ms	float	238.149517
/rows/15/result/filesystem/write/workload	string	write
/rows/15/result/mode	string	filesystem
/rows/15/result/worker_ms	float	4370.540608
/rows/15/result_ms	float	5038.182998
/rows/15/trial	integer	3
/rows/15/variant	string	candidate
/rows/16	object	-
/rows/16/backend	string	pvisor-vm
/rows/16/completion_ms	float	5237.165248
/rows/16/correctness	string	passed
/rows/16/logs	string	/home/reiase/workspace/pvisor/target/p1-filesystem-historical-full-20261005/baseline/trials/filesystem-pvisor-vm-003
/rows/16/memory_scope	string	owned launcher tree; Docker daemon/container RSS excluded
/rows/16/mode	string	filesystem
/rows/16/peak_tree_rss_kib	integer	832044
/rows/16/prepare_ms	float	36.877911
/rows/16/ready_ms	float	604.708354
/rows/16/result	object	-
/rows/16/result/correctness	string	passed
/rows/16/result/filesystem	object	-
/rows/16/result/filesystem/cargo	object	-
/rows/16/result/filesystem/cargo/check	object	-
/rows/16/result/filesystem/cargo/check/modules	integer	64
/rows/16/result/filesystem/cargo/check/result	string	2016
/rows/16/result/filesystem/cargo/python	string	3.14.7
/rows/16/result/filesystem/cargo/worker_ms	float	688.916905
/rows/16/result/filesystem/cargo/workload	string	cargo
/rows/16/result/filesystem/git	object	-
/rows/16/result/filesystem/git/check	object	-
/rows/16/result/filesystem/git/check/git_clean	boolean	true
/rows/16/result/filesystem/git/python	string	3.14.7
/rows/16/result/filesystem/git/worker_ms	float	473.124103
/rows/16/result/filesystem/git/workload	string	git
/rows/16/result/filesystem/metadata	object	-
/rows/16/result/filesystem/metadata/check	object	-
/rows/16/result/filesystem/metadata/check/bytes	integer	2095104
/rows/16/result/filesystem/metadata/check/files	integer	2048
/rows/16/result/filesystem/metadata/python	string	3.14.7
/rows/16/result/filesystem/metadata/worker_ms	float	190.50904
/rows/16/result/filesystem/metadata/workload	string	metadata
/rows/16/result/filesystem/npm	object	-
/rows/16/result/filesystem/npm/check	object	-
/rows/16/result/filesystem/npm/check/local_packages	integer	32
/rows/16/result/filesystem/npm/python	string	3.14.7
/rows/16/result/filesystem/npm/worker_ms	float	1699.355988
/rows/16/result/filesystem/npm/workload	string	npm
/rows/16/result/filesystem/read	object	-
/rows/16/result/filesystem/read/check	object	-
/rows/16/result/filesystem/read/check/bytes	integer	67108864
/rows/16/result/filesystem/read/check/sha256	string	42ef3a50fe506ced865473b082c8b28f6ce254e6e2b01266b6a563531a6267bc
/rows/16/result/filesystem/read/python	string	3.14.7
/rows/16/result/filesystem/read/worker_ms	float	148.918053
/rows/16/result/filesystem/read/workload	string	read
/rows/16/result/filesystem/rg	object	-
/rows/16/result/filesystem/rg/check	object	-
/rows/16/result/filesystem/rg/check/matches	integer	2048
/rows/16/result/filesystem/rg/python	string	3.14.7
/rows/16/result/filesystem/rg/worker_ms	float	454.488952
/rows/16/result/filesystem/rg/workload	string	rg
/rows/16/result/filesystem/write	object	-
/rows/16/result/filesystem/write/check	object	-
/rows/16/result/filesystem/write/check/bytes	integer	16777216
/rows/16/result/filesystem/write/check/files	integer	256
/rows/16/result/filesystem/write/python	string	3.14.7
/rows/16/result/filesystem/write/worker_ms	float	249.804977
/rows/16/result/filesystem/write/workload	string	write
/rows/16/result/mode	string	filesystem
/rows/16/result/worker_ms	float	4505.213836
/rows/16/result_ms	float	5110.667408
/rows/16/trial	integer	3
/rows/16/variant	string	baseline
/rows/17	object	-
/rows/17/backend	string	pvisor-staged
/rows/17/completion_ms	float	1310.671651
/rows/17/correctness	string	passed
/rows/17/logs	string	/home/reiase/workspace/pvisor/target/p1-filesystem-historical-full-20261005/candidate/trials/filesystem-pvisor-staged-003
/rows/17/memory_scope	string	owned launcher tree; Docker daemon/container RSS excluded
/rows/17/mode	string	filesystem
/rows/17/peak_tree_rss_kib	integer	182600
/rows/17/prepare_ms	float	36.653102
/rows/17/ready_ms	float	64.474702
/rows/17/result	object	-
/rows/17/result/correctness	string	passed
/rows/17/result/filesystem	object	-
/rows/17/result/filesystem/cargo	object	-
/rows/17/result/filesystem/cargo/check	object	-
/rows/17/result/filesystem/cargo/check/modules	integer	64
/rows/17/result/filesystem/cargo/check/result	string	2016
/rows/17/result/filesystem/cargo/python	string	3.14.7
/rows/17/result/filesystem/cargo/worker_ms	float	110.800856
/rows/17/result/filesystem/cargo/workload	string	cargo
/rows/17/result/filesystem/git	object	-
/rows/17/result/filesystem/git/check	object	-
/rows/17/result/filesystem/git/check/git_clean	boolean	true
/rows/17/result/filesystem/git/python	string	3.14.7
/rows/17/result/filesystem/git/worker_ms	float	176.067406
/rows/17/result/filesystem/git/workload	string	git
/rows/17/result/filesystem/metadata	object	-
/rows/17/result/filesystem/metadata/check	object	-
/rows/17/result/filesystem/metadata/check/bytes	integer	2095104
/rows/17/result/filesystem/metadata/check/files	integer	2048
/rows/17/result/filesystem/metadata/python	string	3.14.7
/rows/17/result/filesystem/metadata/worker_ms	float	84.290052
/rows/17/result/filesystem/metadata/workload	string	metadata
/rows/17/result/filesystem/npm	object	-
/rows/17/result/filesystem/npm/check	object	-
/rows/17/result/filesystem/npm/check/local_packages	integer	32
/rows/17/result/filesystem/npm/python	string	3.14.7
/rows/17/result/filesystem/npm/worker_ms	float	264.547498
/rows/17/result/filesystem/npm/workload	string	npm
/rows/17/result/filesystem/read	object	-
/rows/17/result/filesystem/read/check	object	-
/rows/17/result/filesystem/read/check/bytes	integer	67108864
/rows/17/result/filesystem/read/check/sha256	string	42ef3a50fe506ced865473b082c8b28f6ce254e6e2b01266b6a563531a6267bc
/rows/17/result/filesystem/read/python	string	3.14.7
/rows/17/result/filesystem/read/worker_ms	float	71.315699
/rows/17/result/filesystem/read/workload	string	read
/rows/17/result/filesystem/rg	object	-
/rows/17/result/filesystem/rg/check	object	-
/rows/17/result/filesystem/rg/check/matches	integer	2048
/rows/17/result/filesystem/rg/python	string	3.14.7
/rows/17/result/filesystem/rg/worker_ms	float	90.393351
/rows/17/result/filesystem/rg/workload	string	rg
/rows/17/result/filesystem/write	object	-
/rows/17/result/filesystem/write/check	object	-
/rows/17/result/filesystem/write/check/bytes	integer	16777216
/rows/17/result/filesystem/write/check/files	integer	256
/rows/17/result/filesystem/write/python	string	3.14.7
/rows/17/result/filesystem/write/worker_ms	float	196.930742
/rows/17/result/filesystem/write/workload	string	write
/rows/17/result/mode	string	filesystem
/rows/17/result/worker_ms	float	1118.712107
/rows/17/result_ms	float	1183.234338
/rows/17/trial	integer	3
/rows/17/variant	string	candidate
/rows/18	object	-
/rows/18/backend	string	native
/rows/18/completion_ms	float	456.908772
/rows/18/correctness	string	passed
/rows/18/logs	string	/home/reiase/workspace/pvisor/target/p1-filesystem-historical-full-20261005/native/trials/filesystem-native-003
/rows/18/memory_scope	string	owned launcher tree; Docker daemon/container RSS excluded
/rows/18/mode	string	filesystem
/rows/18/peak_tree_rss_kib	integer	142904
/rows/18/prepare_ms	float	37.10781
/rows/18/ready_ms	float	39.162796
/rows/18/result	object	-
/rows/18/result/correctness	string	passed
/rows/18/result/filesystem	object	-
/rows/18/result/filesystem/cargo	object	-
/rows/18/result/filesystem/cargo/check	object	-
/rows/18/result/filesystem/cargo/check/modules	integer	64
/rows/18/result/filesystem/cargo/check/result	string	2016
/rows/18/result/filesystem/cargo/python	string	3.14.7
/rows/18/result/filesystem/cargo/worker_ms	float	56.749927
/rows/18/result/filesystem/cargo/workload	string	cargo
/rows/18/result/filesystem/git	object	-
/rows/18/result/filesystem/git/check	object	-
/rows/18/result/filesystem/git/check/git_clean	boolean	true
/rows/18/result/filesystem/git/python	string	3.14.7
/rows/18/result/filesystem/git/worker_ms	float	14.921727
/rows/18/result/filesystem/git/workload	string	git
/rows/18/result/filesystem/metadata	object	-
/rows/18/result/filesystem/metadata/check	object	-
/rows/18/result/filesystem/metadata/check/bytes	integer	2095104
/rows/18/result/filesystem/metadata/check/files	integer	2048
/rows/18/result/filesystem/metadata/python	string	3.14.7
/rows/18/result/filesystem/metadata/worker_ms	float	4.737511
/rows/18/result/filesystem/metadata/workload	string	metadata
/rows/18/result/filesystem/npm	object	-
/rows/18/result/filesystem/npm/check	object	-
/rows/18/result/filesystem/npm/check/local_packages	integer	32
/rows/18/result/filesystem/npm/python	string	3.14.7
/rows/18/result/filesystem/npm/worker_ms	float	174.270573
/rows/18/result/filesystem/npm/workload	string	npm
/rows/18/result/filesystem/read	object	-
/rows/18/result/filesystem/read/check	object	-
/rows/18/result/filesystem/read/check/bytes	integer	67108864
/rows/18/result/filesystem/read/check/sha256	string	42ef3a50fe506ced865473b082c8b28f6ce254e6e2b01266b6a563531a6267bc
/rows/18/result/filesystem/read/python	string	3.14.7
/rows/18/result/filesystem/read/worker_ms	float	31.440855
/rows/18/result/filesystem/read/workload	string	read
/rows/18/result/filesystem/rg	object	-
/rows/18/result/filesystem/rg/check	object	-
/rows/18/result/filesystem/rg/check/matches	integer	2048
/rows/18/result/filesystem/rg/python	string	3.14.7
/rows/18/result/filesystem/rg/worker_ms	float	7.679312
/rows/18/result/filesystem/rg/workload	string	rg
/rows/18/result/filesystem/write	object	-
/rows/18/result/filesystem/write/check	object	-
/rows/18/result/filesystem/write/check/bytes	integer	16777216
/rows/18/result/filesystem/write/check/files	integer	256
/rows/18/result/filesystem/write/python	string	3.14.7
/rows/18/result/filesystem/write/worker_ms	float	3.619074
/rows/18/result/filesystem/write/workload	string	write
/rows/18/result/mode	string	filesystem
/rows/18/result/worker_ms	float	409.210468
/rows/18/result_ms	float	448.428526
/rows/18/trial	integer	3
/rows/18/variant	string	native
/rows/19	object	-
/rows/19/backend	string	pvisor-staged
/rows/19/completion_ms	float	1223.209008
/rows/19/correctness	string	passed
/rows/19/logs	string	/home/reiase/workspace/pvisor/target/p1-filesystem-historical-full-20261005/baseline/trials/filesystem-pvisor-staged-003
/rows/19/memory_scope	string	owned launcher tree; Docker daemon/container RSS excluded
/rows/19/mode	string	filesystem
/rows/19/peak_tree_rss_kib	integer	171820
/rows/19/prepare_ms	float	37.165078
/rows/19/ready_ms	float	47.39548
/rows/19/result	object	-
/rows/19/result/correctness	string	passed
/rows/19/result/filesystem	object	-
/rows/19/result/filesystem/cargo	object	-
/rows/19/result/filesystem/cargo/check	object	-
/rows/19/result/filesystem/cargo/check/modules	integer	64
/rows/19/result/filesystem/cargo/check/result	string	2016
/rows/19/result/filesystem/cargo/python	string	3.14.7
/rows/19/result/filesystem/cargo/worker_ms	float	113.516774
/rows/19/result/filesystem/cargo/workload	string	cargo
/rows/19/result/filesystem/git	object	-
/rows/19/result/filesystem/git/check	object	-
/rows/19/result/filesystem/git/check/git_clean	boolean	true
/rows/19/result/filesystem/git/python	string	3.14.7
/rows/19/result/filesystem/git/worker_ms	float	171.416767
/rows/19/result/filesystem/git/workload	string	git
/rows/19/result/filesystem/metadata	object	-
/rows/19/result/filesystem/metadata/check	object	-
/rows/19/result/filesystem/metadata/check/bytes	integer	2095104
/rows/19/result/filesystem/metadata/check/files	integer	2048
/rows/19/result/filesystem/metadata/python	string	3.14.7
/rows/19/result/filesystem/metadata/worker_ms	float	77.904204
/rows/19/result/filesystem/metadata/workload	string	metadata
/rows/19/result/filesystem/npm	object	-
/rows/19/result/filesystem/npm/check	object	-
/rows/19/result/filesystem/npm/check/local_packages	integer	32
/rows/19/result/filesystem/npm/python	string	3.14.7
/rows/19/result/filesystem/npm/worker_ms	float	211.695887
/rows/19/result/filesystem/npm/workload	string	npm
/rows/19/result/filesystem/read	object	-
/rows/19/result/filesystem/read/check	object	-
/rows/19/result/filesystem/read/check/bytes	integer	67108864
/rows/19/result/filesystem/read/check/sha256	string	42ef3a50fe506ced865473b082c8b28f6ce254e6e2b01266b6a563531a6267bc
/rows/19/result/filesystem/read/python	string	3.14.7
/rows/19/result/filesystem/read/worker_ms	float	67.343726
/rows/19/result/filesystem/read/workload	string	read
/rows/19/result/filesystem/rg	object	-
/rows/19/result/filesystem/rg/check	object	-
/rows/19/result/filesystem/rg/check/matches	integer	2048
/rows/19/result/filesystem/rg/python	string	3.14.7
/rows/19/result/filesystem/rg/worker_ms	float	89.24628
/rows/19/result/filesystem/rg/workload	string	rg
/rows/19/result/filesystem/write	object	-
/rows/19/result/filesystem/write/check	object	-
/rows/19/result/filesystem/write/check/bytes	integer	16777216
/rows/19/result/filesystem/write/check/files	integer	256
/rows/19/result/filesystem/write/python	string	3.14.7
/rows/19/result/filesystem/write/worker_ms	float	193.797684
/rows/19/result/filesystem/write/workload	string	write
/rows/19/result/mode	string	filesystem
/rows/19/result/worker_ms	float	1051.203231
/rows/19/result_ms	float	1098.640288
/rows/19/trial	integer	3
/rows/19/variant	string	baseline
/rows/20	object	-
/rows/20/backend	string	native
/rows/20/completion_ms	float	459.990393
/rows/20/correctness	string	passed
/rows/20/logs	string	/home/reiase/workspace/pvisor/target/p1-filesystem-historical-full-20261005/native/trials/filesystem-native-004
/rows/20/memory_scope	string	owned launcher tree; Docker daemon/container RSS excluded
/rows/20/mode	string	filesystem
/rows/20/peak_tree_rss_kib	integer	140924
/rows/20/prepare_ms	float	36.7002
/rows/20/ready_ms	float	39.056998
/rows/20/result	object	-
/rows/20/result/correctness	string	passed
/rows/20/result/filesystem	object	-
/rows/20/result/filesystem/cargo	object	-
/rows/20/result/filesystem/cargo/check	object	-
/rows/20/result/filesystem/cargo/check/modules	integer	64
/rows/20/result/filesystem/cargo/check/result	string	2016
/rows/20/result/filesystem/cargo/python	string	3.14.7
/rows/20/result/filesystem/cargo/worker_ms	float	59.813985
/rows/20/result/filesystem/cargo/workload	string	cargo
/rows/20/result/filesystem/git	object	-
/rows/20/result/filesystem/git/check	object	-
/rows/20/result/filesystem/git/check/git_clean	boolean	true
/rows/20/result/filesystem/git/python	string	3.14.7
/rows/20/result/filesystem/git/worker_ms	float	15.166243
/rows/20/result/filesystem/git/workload	string	git
/rows/20/result/filesystem/metadata	object	-
/rows/20/result/filesystem/metadata/check	object	-
/rows/20/result/filesystem/metadata/check/bytes	integer	2095104
/rows/20/result/filesystem/metadata/check/files	integer	2048
/rows/20/result/filesystem/metadata/python	string	3.14.7
/rows/20/result/filesystem/metadata/worker_ms	float	5.036028
/rows/20/result/filesystem/metadata/workload	string	metadata
/rows/20/result/filesystem/npm	object	-
/rows/20/result/filesystem/npm/check	object	-
/rows/20/result/filesystem/npm/check/local_packages	integer	32
/rows/20/result/filesystem/npm/python	string	3.14.7
/rows/20/result/filesystem/npm/worker_ms	float	170.326182
/rows/20/result/filesystem/npm/workload	string	npm
/rows/20/result/filesystem/read	object	-
/rows/20/result/filesystem/read/check	object	-
/rows/20/result/filesystem/read/check/bytes	integer	67108864
/rows/20/result/filesystem/read/check/sha256	string	42ef3a50fe506ced865473b082c8b28f6ce254e6e2b01266b6a563531a6267bc
/rows/20/result/filesystem/read/python	string	3.14.7
/rows/20/result/filesystem/read/worker_ms	float	32.573299
/rows/20/result/filesystem/read/workload	string	read
/rows/20/result/filesystem/rg	object	-
/rows/20/result/filesystem/rg/check	object	-
/rows/20/result/filesystem/rg/check/matches	integer	2048
/rows/20/result/filesystem/rg/python	string	3.14.7
/rows/20/result/filesystem/rg/worker_ms	float	7.607237
/rows/20/result/filesystem/rg/workload	string	rg
/rows/20/result/filesystem/write	object	-
/rows/20/result/filesystem/write/check	object	-
/rows/20/result/filesystem/write/check/bytes	integer	16777216
/rows/20/result/filesystem/write/check/files	integer	256
/rows/20/result/filesystem/write/python	string	3.14.7
/rows/20/result/filesystem/write/worker_ms	float	4.197974
/rows/20/result/filesystem/write/workload	string	write
/rows/20/result/mode	string	filesystem
/rows/20/result/worker_ms	float	413.543283
/rows/20/result_ms	float	452.655364
/rows/20/trial	integer	4
/rows/20/variant	string	native
/rows/21	object	-
/rows/21/backend	string	pvisor-staged
/rows/21/completion_ms	float	1222.221695
/rows/21/correctness	string	passed
/rows/21/logs	string	/home/reiase/workspace/pvisor/target/p1-filesystem-historical-full-20261005/baseline/trials/filesystem-pvisor-staged-004
/rows/21/memory_scope	string	owned launcher tree; Docker daemon/container RSS excluded
/rows/21/mode	string	filesystem
/rows/21/peak_tree_rss_kib	integer	161144
/rows/21/prepare_ms	float	36.89876
/rows/21/ready_ms	float	48.276143
/rows/21/result	object	-
/rows/21/result/correctness	string	passed
/rows/21/result/filesystem	object	-
/rows/21/result/filesystem/cargo	object	-
/rows/21/result/filesystem/cargo/check	object	-
/rows/21/result/filesystem/cargo/check/modules	integer	64
/rows/21/result/filesystem/cargo/check/result	string	2016
/rows/21/result/filesystem/cargo/python	string	3.14.7
/rows/21/result/filesystem/cargo/worker_ms	float	109.269709
/rows/21/result/filesystem/cargo/workload	string	cargo
/rows/21/result/filesystem/git	object	-
/rows/21/result/filesystem/git/check	object	-
/rows/21/result/filesystem/git/check/git_clean	boolean	true
/rows/21/result/filesystem/git/python	string	3.14.7
/rows/21/result/filesystem/git/worker_ms	float	167.54944
/rows/21/result/filesystem/git/workload	string	git
/rows/21/result/filesystem/metadata	object	-
/rows/21/result/filesystem/metadata/check	object	-
/rows/21/result/filesystem/metadata/check/bytes	integer	2095104
/rows/21/result/filesystem/metadata/check/files	integer	2048
/rows/21/result/filesystem/metadata/python	string	3.14.7
/rows/21/result/filesystem/metadata/worker_ms	float	77.211361
/rows/21/result/filesystem/metadata/workload	string	metadata
/rows/21/result/filesystem/npm	object	-
/rows/21/result/filesystem/npm/check	object	-
/rows/21/result/filesystem/npm/check/local_packages	integer	32
/rows/21/result/filesystem/npm/python	string	3.14.7
/rows/21/result/filesystem/npm/worker_ms	float	216.581694
/rows/21/result/filesystem/npm/workload	string	npm
/rows/21/result/filesystem/read	object	-
/rows/21/result/filesystem/read/check	object	-
/rows/21/result/filesystem/read/check/bytes	integer	67108864
/rows/21/result/filesystem/read/check/sha256	string	42ef3a50fe506ced865473b082c8b28f6ce254e6e2b01266b6a563531a6267bc
/rows/21/result/filesystem/read/python	string	3.14.7
/rows/21/result/filesystem/read/worker_ms	float	67.674834
/rows/21/result/filesystem/read/workload	string	read
/rows/21/result/filesystem/rg	object	-
/rows/21/result/filesystem/rg/check	object	-
/rows/21/result/filesystem/rg/check/matches	integer	2048
/rows/21/result/filesystem/rg/python	string	3.14.7
/rows/21/result/filesystem/rg/worker_ms	float	90.755718
/rows/21/result/filesystem/rg/workload	string	rg
/rows/21/result/filesystem/write	object	-
/rows/21/result/filesystem/write/check	object	-
/rows/21/result/filesystem/write/check/bytes	integer	16777216
/rows/21/result/filesystem/write/check/files	integer	256
/rows/21/result/filesystem/write/python	string	3.14.7
/rows/21/result/filesystem/write/worker_ms	float	198.332889
/rows/21/result/filesystem/write/workload	string	write
/rows/21/result/mode	string	filesystem
/rows/21/result/worker_ms	float	1052.96514
/rows/21/result_ms	float	1101.278421
/rows/21/trial	integer	4
/rows/21/variant	string	baseline
/rows/22	object	-
/rows/22/backend	string	pvisor-staged
/rows/22/completion_ms	float	1289.031155
/rows/22/correctness	string	passed
/rows/22/logs	string	/home/reiase/workspace/pvisor/target/p1-filesystem-historical-full-20261005/candidate/trials/filesystem-pvisor-staged-004
/rows/22/memory_scope	string	owned launcher tree; Docker daemon/container RSS excluded
/rows/22/mode	string	filesystem
/rows/22/peak_tree_rss_kib	integer	176592
/rows/22/prepare_ms	float	37.533745
/rows/22/ready_ms	float	59.852105
/rows/22/result	object	-
/rows/22/result/correctness	string	passed
/rows/22/result/filesystem	object	-
/rows/22/result/filesystem/cargo	object	-
/rows/22/result/filesystem/cargo/check	object	-
/rows/22/result/filesystem/cargo/check/modules	integer	64
/rows/22/result/filesystem/cargo/check/result	string	2016
/rows/22/result/filesystem/cargo/python	string	3.14.7
/rows/22/result/filesystem/cargo/worker_ms	float	111.824958
/rows/22/result/filesystem/cargo/workload	string	cargo
/rows/22/result/filesystem/git	object	-
/rows/22/result/filesystem/git/check	object	-
/rows/22/result/filesystem/git/check/git_clean	boolean	true
/rows/22/result/filesystem/git/python	string	3.14.7
/rows/22/result/filesystem/git/worker_ms	float	174.227002
/rows/22/result/filesystem/git/workload	string	git
/rows/22/result/filesystem/metadata	object	-
/rows/22/result/filesystem/metadata/check	object	-
/rows/22/result/filesystem/metadata/check/bytes	integer	2095104
/rows/22/result/filesystem/metadata/check/files	integer	2048
/rows/22/result/filesystem/metadata/python	string	3.14.7
/rows/22/result/filesystem/metadata/worker_ms	float	76.841201
/rows/22/result/filesystem/metadata/workload	string	metadata
/rows/22/result/filesystem/npm	object	-
/rows/22/result/filesystem/npm/check	object	-
/rows/22/result/filesystem/npm/check/local_packages	integer	32
/rows/22/result/filesystem/npm/python	string	3.14.7
/rows/22/result/filesystem/npm/worker_ms	float	261.848671
/rows/22/result/filesystem/npm/workload	string	npm
/rows/22/result/filesystem/read	object	-
/rows/22/result/filesystem/read/check	object	-
/rows/22/result/filesystem/read/check/bytes	integer	67108864
/rows/22/result/filesystem/read/check/sha256	string	42ef3a50fe506ced865473b082c8b28f6ce254e6e2b01266b6a563531a6267bc
/rows/22/result/filesystem/read/python	string	3.14.7
/rows/22/result/filesystem/read/worker_ms	float	67.924029
/rows/22/result/filesystem/read/workload	string	read
/rows/22/result/filesystem/rg	object	-
/rows/22/result/filesystem/rg/check	object	-
/rows/22/result/filesystem/rg/check/matches	integer	2048
/rows/22/result/filesystem/rg/python	string	3.14.7
/rows/22/result/filesystem/rg/worker_ms	float	88.019301
/rows/22/result/filesystem/rg/workload	string	rg
/rows/22/result/filesystem/write	object	-
/rows/22/result/filesystem/write/check	object	-
/rows/22/result/filesystem/write/check/bytes	integer	16777216
/rows/22/result/filesystem/write/check/files	integer	256
/rows/22/result/filesystem/write/python	string	3.14.7
/rows/22/result/filesystem/write/worker_ms	float	202.929937
/rows/22/result/filesystem/write/workload	string	write
/rows/22/result/mode	string	filesystem
/rows/22/result/worker_ms	float	1108.828562
/rows/22/result_ms	float	1168.720301
/rows/22/trial	integer	4
/rows/22/variant	string	candidate
/rows/23	object	-
/rows/23/backend	string	pvisor-vm
/rows/23/completion_ms	float	5358.783953
/rows/23/correctness	string	passed
/rows/23/logs	string	/home/reiase/workspace/pvisor/target/p1-filesystem-historical-full-20261005/candidate/trials/filesystem-pvisor-vm-004
/rows/23/memory_scope	string	owned launcher tree; Docker daemon/container RSS excluded
/rows/23/mode	string	filesystem
/rows/23/peak_tree_rss_kib	integer	830928
/rows/23/prepare_ms	float	37.045234
/rows/23/ready_ms	float	728.234979
/rows/23/result	object	-
/rows/23/result/correctness	string	passed
/rows/23/result/filesystem	object	-
/rows/23/result/filesystem/cargo	object	-
/rows/23/result/filesystem/cargo/check	object	-
/rows/23/result/filesystem/cargo/check/modules	integer	64
/rows/23/result/filesystem/cargo/check/result	string	2016
/rows/23/result/filesystem/cargo/python	string	3.14.7
/rows/23/result/filesystem/cargo/worker_ms	float	570.976299
/rows/23/result/filesystem/cargo/workload	string	cargo
/rows/23/result/filesystem/git	object	-
/rows/23/result/filesystem/git/check	object	-
/rows/23/result/filesystem/git/check/git_clean	boolean	true
/rows/23/result/filesystem/git/python	string	3.14.7
/rows/23/result/filesystem/git/worker_ms	float	381.246587
/rows/23/result/filesystem/git/workload	string	git
/rows/23/result/filesystem/metadata	object	-
/rows/23/result/filesystem/metadata/check	object	-
/rows/23/result/filesystem/metadata/check/bytes	integer	2095104
/rows/23/result/filesystem/metadata/check/files	integer	2048
/rows/23/result/filesystem/metadata/python	string	3.14.7
/rows/23/result/filesystem/metadata/worker_ms	float	254.806737
/rows/23/result/filesystem/metadata/workload	string	metadata
/rows/23/result/filesystem/npm	object	-
/rows/23/result/filesystem/npm/check	object	-
/rows/23/result/filesystem/npm/check/local_packages	integer	32
/rows/23/result/filesystem/npm/python	string	3.14.7
/rows/23/result/filesystem/npm/worker_ms	float	1971.852146
/rows/23/result/filesystem/npm/workload	string	npm
/rows/23/result/filesystem/read	object	-
/rows/23/result/filesystem/read/check	object	-
/rows/23/result/filesystem/read/check/bytes	integer	67108864
/rows/23/result/filesystem/read/check/sha256	string	42ef3a50fe506ced865473b082c8b28f6ce254e6e2b01266b6a563531a6267bc
/rows/23/result/filesystem/read/python	string	3.14.7
/rows/23/result/filesystem/read/worker_ms	float	120.714187
/rows/23/result/filesystem/read/workload	string	read
/rows/23/result/filesystem/rg	object	-
/rows/23/result/filesystem/rg/check	object	-
/rows/23/result/filesystem/rg/check/matches	integer	2048
/rows/23/result/filesystem/rg/python	string	3.14.7
/rows/23/result/filesystem/rg/worker_ms	float	472.558184
/rows/23/result/filesystem/rg/workload	string	rg
/rows/23/result/filesystem/write	object	-
/rows/23/result/filesystem/write/check	object	-
/rows/23/result/filesystem/write/check/bytes	integer	16777216
/rows/23/result/filesystem/write/check/files	integer	256
/rows/23/result/filesystem/write/python	string	3.14.7
/rows/23/result/filesystem/write/worker_ms	float	240.573593
/rows/23/result/filesystem/write/workload	string	write
/rows/23/result/mode	string	filesystem
/rows/23/result/worker_ms	float	4506.343439
/rows/23/result_ms	float	5235.324102
/rows/23/trial	integer	4
/rows/23/variant	string	candidate
/rows/24	object	-
/rows/24/backend	string	pvisor-vm
/rows/24/completion_ms	float	5134.037081
/rows/24/correctness	string	passed
/rows/24/logs	string	/home/reiase/workspace/pvisor/target/p1-filesystem-historical-full-20261005/baseline/trials/filesystem-pvisor-vm-004
/rows/24/memory_scope	string	owned launcher tree; Docker daemon/container RSS excluded
/rows/24/mode	string	filesystem
/rows/24/peak_tree_rss_kib	integer	836796
/rows/24/prepare_ms	float	38.010555
/rows/24/ready_ms	float	668.590581
/rows/24/result	object	-
/rows/24/result/correctness	string	passed
/rows/24/result/filesystem	object	-
/rows/24/result/filesystem/cargo	object	-
/rows/24/result/filesystem/cargo/check	object	-
/rows/24/result/filesystem/cargo/check/modules	integer	64
/rows/24/result/filesystem/cargo/check/result	string	2016
/rows/24/result/filesystem/cargo/python	string	3.14.7
/rows/24/result/filesystem/cargo/worker_ms	float	739.995756
/rows/24/result/filesystem/cargo/workload	string	cargo
/rows/24/result/filesystem/git	object	-
/rows/24/result/filesystem/git/check	object	-
/rows/24/result/filesystem/git/check/git_clean	boolean	true
/rows/24/result/filesystem/git/python	string	3.14.7
/rows/24/result/filesystem/git/worker_ms	float	402.823323
/rows/24/result/filesystem/git/workload	string	git
/rows/24/result/filesystem/metadata	object	-
/rows/24/result/filesystem/metadata/check	object	-
/rows/24/result/filesystem/metadata/check/bytes	integer	2095104
/rows/24/result/filesystem/metadata/check/files	integer	2048
/rows/24/result/filesystem/metadata/python	string	3.14.7
/rows/24/result/filesystem/metadata/worker_ms	float	270.469957
/rows/24/result/filesystem/metadata/workload	string	metadata
/rows/24/result/filesystem/npm	object	-
/rows/24/result/filesystem/npm/check	object	-
/rows/24/result/filesystem/npm/check/local_packages	integer	32
/rows/24/result/filesystem/npm/python	string	3.14.7
/rows/24/result/filesystem/npm/worker_ms	float	1569.944427
/rows/24/result/filesystem/npm/workload	string	npm
/rows/24/result/filesystem/read	object	-
/rows/24/result/filesystem/read/check	object	-
/rows/24/result/filesystem/read/check/bytes	integer	67108864
/rows/24/result/filesystem/read/check/sha256	string	42ef3a50fe506ced865473b082c8b28f6ce254e6e2b01266b6a563531a6267bc
/rows/24/result/filesystem/read/python	string	3.14.7
/rows/24/result/filesystem/read/worker_ms	float	120.763689
/rows/24/result/filesystem/read/workload	string	read
/rows/24/result/filesystem/rg	object	-
/rows/24/result/filesystem/rg/check	object	-
/rows/24/result/filesystem/rg/check/matches	integer	2048
/rows/24/result/filesystem/rg/python	string	3.14.7
/rows/24/result/filesystem/rg/worker_ms	float	477.75562
/rows/24/result/filesystem/rg/workload	string	rg
/rows/24/result/filesystem/write	object	-
/rows/24/result/filesystem/write/check	object	-
/rows/24/result/filesystem/write/check/bytes	integer	16777216
/rows/24/result/filesystem/write/check/files	integer	256
/rows/24/result/filesystem/write/python	string	3.14.7
/rows/24/result/filesystem/write/worker_ms	float	248.498873
/rows/24/result/filesystem/write/workload	string	write
/rows/24/result/mode	string	filesystem
/rows/24/result/worker_ms	float	4333.738302
/rows/24/result_ms	float	5002.853697
/rows/24/trial	integer	4
/rows/24/variant	string	baseline
/rows/25	object	-
/rows/25/backend	string	pvisor-vm
/rows/25/completion_ms	float	5052.487042
/rows/25/correctness	string	passed
/rows/25/logs	string	/home/reiase/workspace/pvisor/target/p1-filesystem-historical-full-20261005/candidate/trials/filesystem-pvisor-vm-005
/rows/25/memory_scope	string	owned launcher tree; Docker daemon/container RSS excluded
/rows/25/mode	string	filesystem
/rows/25/peak_tree_rss_kib	integer	829432
/rows/25/prepare_ms	float	37.013143
/rows/25/ready_ms	float	607.17634
/rows/25/result	object	-
/rows/25/result/correctness	string	passed
/rows/25/result/filesystem	object	-
/rows/25/result/filesystem/cargo	object	-
/rows/25/result/filesystem/cargo/check	object	-
/rows/25/result/filesystem/cargo/check/modules	integer	64
/rows/25/result/filesystem/cargo/check/result	string	2016
/rows/25/result/filesystem/cargo/python	string	3.14.7
/rows/25/result/filesystem/cargo/worker_ms	float	697.099506
/rows/25/result/filesystem/cargo/workload	string	cargo
/rows/25/result/filesystem/git	object	-
/rows/25/result/filesystem/git/check	object	-
/rows/25/result/filesystem/git/check/git_clean	boolean	true
/rows/25/result/filesystem/git/python	string	3.14.7
/rows/25/result/filesystem/git/worker_ms	float	419.447731
/rows/25/result/filesystem/git/workload	string	git
/rows/25/result/filesystem/metadata	object	-
/rows/25/result/filesystem/metadata/check	object	-
/rows/25/result/filesystem/metadata/check/bytes	integer	2095104
/rows/25/result/filesystem/metadata/check/files	integer	2048
/rows/25/result/filesystem/metadata/python	string	3.14.7
/rows/25/result/filesystem/metadata/worker_ms	float	158.263931
/rows/25/result/filesystem/metadata/workload	string	metadata
/rows/25/result/filesystem/npm	object	-
/rows/25/result/filesystem/npm/check	object	-
/rows/25/result/filesystem/npm/check/local_packages	integer	32
/rows/25/result/filesystem/npm/python	string	3.14.7
/rows/25/result/filesystem/npm/worker_ms	float	1576.795717
/rows/25/result/filesystem/npm/workload	string	npm
/rows/25/result/filesystem/read	object	-
/rows/25/result/filesystem/read/check	object	-
/rows/25/result/filesystem/read/check/bytes	integer	67108864
/rows/25/result/filesystem/read/check/sha256	string	42ef3a50fe506ced865473b082c8b28f6ce254e6e2b01266b6a563531a6267bc
/rows/25/result/filesystem/read/python	string	3.14.7
/rows/25/result/filesystem/read/worker_ms	float	159.640487
/rows/25/result/filesystem/read/workload	string	read
/rows/25/result/filesystem/rg	object	-
/rows/25/result/filesystem/rg/check	object	-
/rows/25/result/filesystem/rg/check/matches	integer	2048
/rows/25/result/filesystem/rg/python	string	3.14.7
/rows/25/result/filesystem/rg/worker_ms	float	436.807666
/rows/25/result/filesystem/rg/workload	string	rg
/rows/25/result/filesystem/write	object	-
/rows/25/result/filesystem/write/check	object	-
/rows/25/result/filesystem/write/check/bytes	integer	16777216
/rows/25/result/filesystem/write/check/files	integer	256
/rows/25/result/filesystem/write/python	string	3.14.7
/rows/25/result/filesystem/write/worker_ms	float	297.825676
/rows/25/result/filesystem/write/workload	string	write
/rows/25/result/mode	string	filesystem
/rows/25/result/worker_ms	float	4329.437053
/rows/25/result_ms	float	4937.178223
/rows/25/trial	integer	5
/rows/25/variant	string	candidate
/rows/26	object	-
/rows/26/backend	string	pvisor-staged
/rows/26/completion_ms	float	1291.423009
/rows/26/correctness	string	passed
/rows/26/logs	string	/home/reiase/workspace/pvisor/target/p1-filesystem-historical-full-20261005/candidate/trials/filesystem-pvisor-staged-005
/rows/26/memory_scope	string	owned launcher tree; Docker daemon/container RSS excluded
/rows/26/mode	string	filesystem
/rows/26/peak_tree_rss_kib	integer	177056
/rows/26/prepare_ms	float	37.286163
/rows/26/ready_ms	float	62.131961
/rows/26/result	object	-
/rows/26/result/correctness	string	passed
/rows/26/result/filesystem	object	-
/rows/26/result/filesystem/cargo	object	-
/rows/26/result/filesystem/cargo/check	object	-
/rows/26/result/filesystem/cargo/check/modules	integer	64
/rows/26/result/filesystem/cargo/check/result	string	2016
/rows/26/result/filesystem/cargo/python	string	3.14.7
/rows/26/result/filesystem/cargo/worker_ms	float	112.485951
/rows/26/result/filesystem/cargo/workload	string	cargo
/rows/26/result/filesystem/git	object	-
/rows/26/result/filesystem/git/check	object	-
/rows/26/result/filesystem/git/check/git_clean	boolean	true
/rows/26/result/filesystem/git/python	string	3.14.7
/rows/26/result/filesystem/git/worker_ms	float	167.072901
/rows/26/result/filesystem/git/workload	string	git
/rows/26/result/filesystem/metadata	object	-
/rows/26/result/filesystem/metadata/check	object	-
/rows/26/result/filesystem/metadata/check/bytes	integer	2095104
/rows/26/result/filesystem/metadata/check/files	integer	2048
/rows/26/result/filesystem/metadata/python	string	3.14.7
/rows/26/result/filesystem/metadata/worker_ms	float	75.931353
/rows/26/result/filesystem/metadata/workload	string	metadata
/rows/26/result/filesystem/npm	object	-
/rows/26/result/filesystem/npm/check	object	-
/rows/26/result/filesystem/npm/check/local_packages	integer	32
/rows/26/result/filesystem/npm/python	string	3.14.7
/rows/26/result/filesystem/npm/worker_ms	float	259.014461
/rows/26/result/filesystem/npm/workload	string	npm
/rows/26/result/filesystem/read	object	-
/rows/26/result/filesystem/read/check	object	-
/rows/26/result/filesystem/read/check/bytes	integer	67108864
/rows/26/result/filesystem/read/check/sha256	string	42ef3a50fe506ced865473b082c8b28f6ce254e6e2b01266b6a563531a6267bc
/rows/26/result/filesystem/read/python	string	3.14.7
/rows/26/result/filesystem/read/worker_ms	float	69.110844
/rows/26/result/filesystem/read/workload	string	read
/rows/26/result/filesystem/rg	object	-
/rows/26/result/filesystem/rg/check	object	-
/rows/26/result/filesystem/rg/check/matches	integer	2048
/rows/26/result/filesystem/rg/python	string	3.14.7
/rows/26/result/filesystem/rg/worker_ms	float	88.762198
/rows/26/result/filesystem/rg/workload	string	rg
/rows/26/result/filesystem/write	object	-
/rows/26/result/filesystem/write/check	object	-
/rows/26/result/filesystem/write/check/bytes	integer	16777216
/rows/26/result/filesystem/write/check/files	integer	256
/rows/26/result/filesystem/write/python	string	3.14.7
/rows/26/result/filesystem/write/worker_ms	float	202.283451
/rows/26/result/filesystem/write/workload	string	write
/rows/26/result/mode	string	filesystem
/rows/26/result/worker_ms	float	1099.331889
/rows/26/result_ms	float	1161.523891
/rows/26/trial	integer	5
/rows/26/variant	string	candidate
/rows/27	object	-
/rows/27/backend	string	pvisor-vm
/rows/27/completion_ms	float	4917.983242
/rows/27/correctness	string	passed
/rows/27/logs	string	/home/reiase/workspace/pvisor/target/p1-filesystem-historical-full-20261005/baseline/trials/filesystem-pvisor-vm-005
/rows/27/memory_scope	string	owned launcher tree; Docker daemon/container RSS excluded
/rows/27/mode	string	filesystem
/rows/27/peak_tree_rss_kib	integer	834032
/rows/27/prepare_ms	float	38.077931
/rows/27/ready_ms	float	607.780618
/rows/27/result	object	-
/rows/27/result/correctness	string	passed
/rows/27/result/filesystem	object	-
/rows/27/result/filesystem/cargo	object	-
/rows/27/result/filesystem/cargo/check	object	-
/rows/27/result/filesystem/cargo/check/modules	integer	64
/rows/27/result/filesystem/cargo/check/result	string	2016
/rows/27/result/filesystem/cargo/python	string	3.14.7
/rows/27/result/filesystem/cargo/worker_ms	float	758.853734
/rows/27/result/filesystem/cargo/workload	string	cargo
/rows/27/result/filesystem/git	object	-
/rows/27/result/filesystem/git/check	object	-
/rows/27/result/filesystem/git/check/git_clean	boolean	true
/rows/27/result/filesystem/git/python	string	3.14.7
/rows/27/result/filesystem/git/worker_ms	float	372.091586
/rows/27/result/filesystem/git/workload	string	git
/rows/27/result/filesystem/metadata	object	-
/rows/27/result/filesystem/metadata/check	object	-
/rows/27/result/filesystem/metadata/check/bytes	integer	2095104
/rows/27/result/filesystem/metadata/check/files	integer	2048
/rows/27/result/filesystem/metadata/python	string	3.14.7
/rows/27/result/filesystem/metadata/worker_ms	float	187.889428
/rows/27/result/filesystem/metadata/workload	string	metadata
/rows/27/result/filesystem/npm	object	-
/rows/27/result/filesystem/npm/check	object	-
/rows/27/result/filesystem/npm/check/local_packages	integer	32
/rows/27/result/filesystem/npm/python	string	3.14.7
/rows/27/result/filesystem/npm/worker_ms	float	1583.310527
/rows/27/result/filesystem/npm/workload	string	npm
/rows/27/result/filesystem/read	object	-
/rows/27/result/filesystem/read/check	object	-
/rows/27/result/filesystem/read/check/bytes	integer	67108864
/rows/27/result/filesystem/read/check/sha256	string	42ef3a50fe506ced865473b082c8b28f6ce254e6e2b01266b6a563531a6267bc
/rows/27/result/filesystem/read/python	string	3.14.7
/rows/27/result/filesystem/read/worker_ms	float	122.195648
/rows/27/result/filesystem/read/workload	string	read
/rows/27/result/filesystem/rg	object	-
/rows/27/result/filesystem/rg/check	object	-
/rows/27/result/filesystem/rg/check/matches	integer	2048
/rows/27/result/filesystem/rg/python	string	3.14.7
/rows/27/result/filesystem/rg/worker_ms	float	463.537654
/rows/27/result/filesystem/rg/workload	string	rg
/rows/27/result/filesystem/write	object	-
/rows/27/result/filesystem/write/check	object	-
/rows/27/result/filesystem/write/check/bytes	integer	16777216
/rows/27/result/filesystem/write/check/files	integer	256
/rows/27/result/filesystem/write/python	string	3.14.7
/rows/27/result/filesystem/write/worker_ms	float	202.481664
/rows/27/result/filesystem/write/workload	string	write
/rows/27/result/mode	string	filesystem
/rows/27/result/worker_ms	float	4175.713197
/rows/27/result_ms	float	4784.051158
/rows/27/trial	integer	5
/rows/27/variant	string	baseline
/rows/28	object	-
/rows/28/backend	string	native
/rows/28/completion_ms	float	453.021106
/rows/28/correctness	string	passed
/rows/28/logs	string	/home/reiase/workspace/pvisor/target/p1-filesystem-historical-full-20261005/native/trials/filesystem-native-005
/rows/28/memory_scope	string	owned launcher tree; Docker daemon/container RSS excluded
/rows/28/mode	string	filesystem
/rows/28/peak_tree_rss_kib	integer	136708
/rows/28/prepare_ms	float	36.812359
/rows/28/ready_ms	float	38.834353
/rows/28/result	object	-
/rows/28/result/correctness	string	passed
/rows/28/result/filesystem	object	-
/rows/28/result/filesystem/cargo	object	-
/rows/28/result/filesystem/cargo/check	object	-
/rows/28/result/filesystem/cargo/check/modules	integer	64
/rows/28/result/filesystem/cargo/check/result	string	2016
/rows/28/result/filesystem/cargo/python	string	3.14.7
/rows/28/result/filesystem/cargo/worker_ms	float	54.12624
/rows/28/result/filesystem/cargo/workload	string	cargo
/rows/28/result/filesystem/git	object	-
/rows/28/result/filesystem/git/check	object	-
/rows/28/result/filesystem/git/check/git_clean	boolean	true
/rows/28/result/filesystem/git/python	string	3.14.7
/rows/28/result/filesystem/git/worker_ms	float	14.144927
/rows/28/result/filesystem/git/workload	string	git
/rows/28/result/filesystem/metadata	object	-
/rows/28/result/filesystem/metadata/check	object	-
/rows/28/result/filesystem/metadata/check/bytes	integer	2095104
/rows/28/result/filesystem/metadata/check/files	integer	2048
/rows/28/result/filesystem/metadata/python	string	3.14.7
/rows/28/result/filesystem/metadata/worker_ms	float	4.784589
/rows/28/result/filesystem/metadata/workload	string	metadata
/rows/28/result/filesystem/npm	object	-
/rows/28/result/filesystem/npm/check	object	-
/rows/28/result/filesystem/npm/check/local_packages	integer	32
/rows/28/result/filesystem/npm/python	string	3.14.7
/rows/28/result/filesystem/npm/worker_ms	float	171.542332
/rows/28/result/filesystem/npm/workload	string	npm
/rows/28/result/filesystem/read	object	-
/rows/28/result/filesystem/read/check	object	-
/rows/28/result/filesystem/read/check/bytes	integer	67108864
/rows/28/result/filesystem/read/check/sha256	string	42ef3a50fe506ced865473b082c8b28f6ce254e6e2b01266b6a563531a6267bc
/rows/28/result/filesystem/read/python	string	3.14.7
/rows/28/result/filesystem/read/worker_ms	float	32.643729
/rows/28/result/filesystem/read/workload	string	read
/rows/28/result/filesystem/rg	object	-
/rows/28/result/filesystem/rg/check	object	-
/rows/28/result/filesystem/rg/check/matches	integer	2048
/rows/28/result/filesystem/rg/python	string	3.14.7
/rows/28/result/filesystem/rg/worker_ms	float	7.317506
/rows/28/result/filesystem/rg/workload	string	rg
/rows/28/result/filesystem/write	object	-
/rows/28/result/filesystem/write/check	object	-
/rows/28/result/filesystem/write/check/bytes	integer	16777216
/rows/28/result/filesystem/write/check/files	integer	256
/rows/28/result/filesystem/write/python	string	3.14.7
/rows/28/result/filesystem/write/worker_ms	float	4.196171
/rows/28/result/filesystem/write/workload	string	write
/rows/28/result/mode	string	filesystem
/rows/28/result/worker_ms	float	405.765999
/rows/28/result_ms	float	444.650155
/rows/28/trial	integer	5
/rows/28/variant	string	native
/rows/29	object	-
/rows/29/backend	string	pvisor-staged
/rows/29/completion_ms	float	1204.233045
/rows/29/correctness	string	passed
/rows/29/logs	string	/home/reiase/workspace/pvisor/target/p1-filesystem-historical-full-20261005/baseline/trials/filesystem-pvisor-staged-005
/rows/29/memory_scope	string	owned launcher tree; Docker daemon/container RSS excluded
/rows/29/mode	string	filesystem
/rows/29/peak_tree_rss_kib	integer	165736
/rows/29/prepare_ms	float	39.712912
/rows/29/ready_ms	float	48.868217
/rows/29/result	object	-
/rows/29/result/correctness	string	passed
/rows/29/result/filesystem	object	-
/rows/29/result/filesystem/cargo	object	-
/rows/29/result/filesystem/cargo/check	object	-
/rows/29/result/filesystem/cargo/check/modules	integer	64
/rows/29/result/filesystem/cargo/check/result	string	2016
/rows/29/result/filesystem/cargo/python	string	3.14.7
/rows/29/result/filesystem/cargo/worker_ms	float	111.855675
/rows/29/result/filesystem/cargo/workload	string	cargo
/rows/29/result/filesystem/git	object	-
/rows/29/result/filesystem/git/check	object	-
/rows/29/result/filesystem/git/check/git_clean	boolean	true
/rows/29/result/filesystem/git/python	string	3.14.7
/rows/29/result/filesystem/git/worker_ms	float	166.338911
/rows/29/result/filesystem/git/workload	string	git
/rows/29/result/filesystem/metadata	object	-
/rows/29/result/filesystem/metadata/check	object	-
/rows/29/result/filesystem/metadata/check/bytes	integer	2095104
/rows/29/result/filesystem/metadata/check/files	integer	2048
/rows/29/result/filesystem/metadata/python	string	3.14.7
/rows/29/result/filesystem/metadata/worker_ms	float	77.330504
/rows/29/result/filesystem/metadata/workload	string	metadata
/rows/29/result/filesystem/npm	object	-
/rows/29/result/filesystem/npm/check	object	-
/rows/29/result/filesystem/npm/check/local_packages	integer	32
/rows/29/result/filesystem/npm/python	string	3.14.7
/rows/29/result/filesystem/npm/worker_ms	float	212.281399
/rows/29/result/filesystem/npm/workload	string	npm
/rows/29/result/filesystem/read	object	-
/rows/29/result/filesystem/read/check	object	-
/rows/29/result/filesystem/read/check/bytes	integer	67108864
/rows/29/result/filesystem/read/check/sha256	string	42ef3a50fe506ced865473b082c8b28f6ce254e6e2b01266b6a563531a6267bc
/rows/29/result/filesystem/read/python	string	3.14.7
/rows/29/result/filesystem/read/worker_ms	float	67.454674
/rows/29/result/filesystem/read/workload	string	read
/rows/29/result/filesystem/rg	object	-
/rows/29/result/filesystem/rg/check	object	-
/rows/29/result/filesystem/rg/check/matches	integer	2048
/rows/29/result/filesystem/rg/python	string	3.14.7
/rows/29/result/filesystem/rg/worker_ms	float	87.223756
/rows/29/result/filesystem/rg/workload	string	rg
/rows/29/result/filesystem/write	object	-
/rows/29/result/filesystem/write/check	object	-
/rows/29/result/filesystem/write/check/bytes	integer	16777216
/rows/29/result/filesystem/write/check/files	integer	256
/rows/29/result/filesystem/write/python	string	3.14.7
/rows/29/result/filesystem/write/worker_ms	float	197.99071
/rows/29/result/filesystem/write/workload	string	write
/rows/29/result/mode	string	filesystem
/rows/29/result/worker_ms	float	1045.362161
/rows/29/result_ms	float	1094.288206
/rows/29/trial	integer	5
/rows/29/variant	string	baseline
/rows/30	object	-
/rows/30/backend	string	pvisor-staged
/rows/30/completion_ms	float	1222.442888
/rows/30/correctness	string	passed
/rows/30/logs	string	/home/reiase/workspace/pvisor/target/p1-filesystem-historical-full-20261005/baseline/trials/filesystem-pvisor-staged-006
/rows/30/memory_scope	string	owned launcher tree; Docker daemon/container RSS excluded
/rows/30/mode	string	filesystem
/rows/30/peak_tree_rss_kib	integer	160320
/rows/30/prepare_ms	float	37.099676
/rows/30/ready_ms	float	48.480965
/rows/30/result	object	-
/rows/30/result/correctness	string	passed
/rows/30/result/filesystem	object	-
/rows/30/result/filesystem/cargo	object	-
/rows/30/result/filesystem/cargo/check	object	-
/rows/30/result/filesystem/cargo/check/modules	integer	64
/rows/30/result/filesystem/cargo/check/result	string	2016
/rows/30/result/filesystem/cargo/python	string	3.14.7
/rows/30/result/filesystem/cargo/worker_ms	float	113.832194
/rows/30/result/filesystem/cargo/workload	string	cargo
/rows/30/result/filesystem/git	object	-
/rows/30/result/filesystem/git/check	object	-
/rows/30/result/filesystem/git/check/git_clean	boolean	true
/rows/30/result/filesystem/git/python	string	3.14.7
/rows/30/result/filesystem/git/worker_ms	float	169.008313
/rows/30/result/filesystem/git/workload	string	git
/rows/30/result/filesystem/metadata	object	-
/rows/30/result/filesystem/metadata/check	object	-
/rows/30/result/filesystem/metadata/check/bytes	integer	2095104
/rows/30/result/filesystem/metadata/check/files	integer	2048
/rows/30/result/filesystem/metadata/python	string	3.14.7
/rows/30/result/filesystem/metadata/worker_ms	float	76.010741
/rows/30/result/filesystem/metadata/workload	string	metadata
/rows/30/result/filesystem/npm	object	-
/rows/30/result/filesystem/npm/check	object	-
/rows/30/result/filesystem/npm/check/local_packages	integer	32
/rows/30/result/filesystem/npm/python	string	3.14.7
/rows/30/result/filesystem/npm/worker_ms	float	212.375433
/rows/30/result/filesystem/npm/workload	string	npm
/rows/30/result/filesystem/read	object	-
/rows/30/result/filesystem/read/check	object	-
/rows/30/result/filesystem/read/check/bytes	integer	67108864
/rows/30/result/filesystem/read/check/sha256	string	42ef3a50fe506ced865473b082c8b28f6ce254e6e2b01266b6a563531a6267bc
/rows/30/result/filesystem/read/python	string	3.14.7
/rows/30/result/filesystem/read/worker_ms	float	69.976048
/rows/30/result/filesystem/read/workload	string	read
/rows/30/result/filesystem/rg	object	-
/rows/30/result/filesystem/rg/check	object	-
/rows/30/result/filesystem/rg/check/matches	integer	2048
/rows/30/result/filesystem/rg/python	string	3.14.7
/rows/30/result/filesystem/rg/worker_ms	float	88.037615
/rows/30/result/filesystem/rg/workload	string	rg
/rows/30/result/filesystem/write	object	-
/rows/30/result/filesystem/write/check	object	-
/rows/30/result/filesystem/write/check/bytes	integer	16777216
/rows/30/result/filesystem/write/check/files	integer	256
/rows/30/result/filesystem/write/python	string	3.14.7
/rows/30/result/filesystem/write/worker_ms	float	197.673948
/rows/30/result/filesystem/write/workload	string	write
/rows/30/result/mode	string	filesystem
/rows/30/result/worker_ms	float	1051.429564
/rows/30/result_ms	float	1099.965631
/rows/30/trial	integer	6
/rows/30/variant	string	baseline
/rows/31	object	-
/rows/31/backend	string	native
/rows/31/completion_ms	float	444.237905
/rows/31/correctness	string	passed
/rows/31/logs	string	/home/reiase/workspace/pvisor/target/p1-filesystem-historical-full-20261005/native/trials/filesystem-native-006
/rows/31/memory_scope	string	owned launcher tree; Docker daemon/container RSS excluded
/rows/31/mode	string	filesystem
/rows/31/peak_tree_rss_kib	integer	138344
/rows/31/prepare_ms	float	37.891082
/rows/31/ready_ms	float	38.500409
/rows/31/result	object	-
/rows/31/result/correctness	string	passed
/rows/31/result/filesystem	object	-
/rows/31/result/filesystem/cargo	object	-
/rows/31/result/filesystem/cargo/check	object	-
/rows/31/result/filesystem/cargo/check/modules	integer	64
/rows/31/result/filesystem/cargo/check/result	string	2016
/rows/31/result/filesystem/cargo/python	string	3.14.7
/rows/31/result/filesystem/cargo/worker_ms	float	52.619898
/rows/31/result/filesystem/cargo/workload	string	cargo
/rows/31/result/filesystem/git	object	-
/rows/31/result/filesystem/git/check	object	-
/rows/31/result/filesystem/git/check/git_clean	boolean	true
/rows/31/result/filesystem/git/python	string	3.14.7
/rows/31/result/filesystem/git/worker_ms	float	14.449916
/rows/31/result/filesystem/git/workload	string	git
/rows/31/result/filesystem/metadata	object	-
/rows/31/result/filesystem/metadata/check	object	-
/rows/31/result/filesystem/metadata/check/bytes	integer	2095104
/rows/31/result/filesystem/metadata/check/files	integer	2048
/rows/31/result/filesystem/metadata/python	string	3.14.7
/rows/31/result/filesystem/metadata/worker_ms	float	4.664444
/rows/31/result/filesystem/metadata/workload	string	metadata
/rows/31/result/filesystem/npm	object	-
/rows/31/result/filesystem/npm/check	object	-
/rows/31/result/filesystem/npm/check/local_packages	integer	32
/rows/31/result/filesystem/npm/python	string	3.14.7
/rows/31/result/filesystem/npm/worker_ms	float	168.17152
/rows/31/result/filesystem/npm/workload	string	npm
/rows/31/result/filesystem/read	object	-
/rows/31/result/filesystem/read/check	object	-
/rows/31/result/filesystem/read/check/bytes	integer	67108864
/rows/31/result/filesystem/read/check/sha256	string	42ef3a50fe506ced865473b082c8b28f6ce254e6e2b01266b6a563531a6267bc
/rows/31/result/filesystem/read/python	string	3.14.7
/rows/31/result/filesystem/read/worker_ms	float	32.451812
/rows/31/result/filesystem/read/workload	string	read
/rows/31/result/filesystem/rg	object	-
/rows/31/result/filesystem/rg/check	object	-
/rows/31/result/filesystem/rg/check/matches	integer	2048
/rows/31/result/filesystem/rg/python	string	3.14.7
/rows/31/result/filesystem/rg/worker_ms	float	7.938766
/rows/31/result/filesystem/rg/workload	string	rg
/rows/31/result/filesystem/write	object	-
/rows/31/result/filesystem/write/check	object	-
/rows/31/result/filesystem/write/check/bytes	integer	16777216
/rows/31/result/filesystem/write/check/files	integer	256
/rows/31/result/filesystem/write/python	string	3.14.7
/rows/31/result/filesystem/write/worker_ms	float	3.613423
/rows/31/result/filesystem/write/workload	string	write
/rows/31/result/mode	string	filesystem
/rows/31/result/worker_ms	float	398.397668
/rows/31/result_ms	float	436.948832
/rows/31/trial	integer	6
/rows/31/variant	string	native
/rows/32	object	-
/rows/32/backend	string	pvisor-vm
/rows/32/completion_ms	float	5556.187035
/rows/32/correctness	string	passed
/rows/32/logs	string	/home/reiase/workspace/pvisor/target/p1-filesystem-historical-full-20261005/baseline/trials/filesystem-pvisor-vm-006
/rows/32/memory_scope	string	owned launcher tree; Docker daemon/container RSS excluded
/rows/32/mode	string	filesystem
/rows/32/peak_tree_rss_kib	integer	831112
/rows/32/prepare_ms	float	37.890331
/rows/32/ready_ms	float	677.503524
/rows/32/result	object	-
/rows/32/result/correctness	string	passed
/rows/32/result/filesystem	object	-
/rows/32/result/filesystem/cargo	object	-
/rows/32/result/filesystem/cargo/check	object	-
/rows/32/result/filesystem/cargo/check/modules	integer	64
/rows/32/result/filesystem/cargo/check/result	string	2016
/rows/32/result/filesystem/cargo/python	string	3.14.7
/rows/32/result/filesystem/cargo/worker_ms	float	664.205493
/rows/32/result/filesystem/cargo/workload	string	cargo
/rows/32/result/filesystem/git	object	-
/rows/32/result/filesystem/git/check	object	-
/rows/32/result/filesystem/git/check/git_clean	boolean	true
/rows/32/result/filesystem/git/python	string	3.14.7
/rows/32/result/filesystem/git/worker_ms	float	796.380686
/rows/32/result/filesystem/git/workload	string	git
/rows/32/result/filesystem/metadata	object	-
/rows/32/result/filesystem/metadata/check	object	-
/rows/32/result/filesystem/metadata/check/bytes	integer	2095104
/rows/32/result/filesystem/metadata/check/files	integer	2048
/rows/32/result/filesystem/metadata/python	string	3.14.7
/rows/32/result/filesystem/metadata/worker_ms	float	260.027706
/rows/32/result/filesystem/metadata/workload	string	metadata
/rows/32/result/filesystem/npm	object	-
/rows/32/result/filesystem/npm/check	object	-
/rows/32/result/filesystem/npm/check/local_packages	integer	32
/rows/32/result/filesystem/npm/python	string	3.14.7
/rows/32/result/filesystem/npm/worker_ms	float	1593.852504
/rows/32/result/filesystem/npm/workload	string	npm
/rows/32/result/filesystem/read	object	-
/rows/32/result/filesystem/read/check	object	-
/rows/32/result/filesystem/read/check/bytes	integer	67108864
/rows/32/result/filesystem/read/check/sha256	string	42ef3a50fe506ced865473b082c8b28f6ce254e6e2b01266b6a563531a6267bc
/rows/32/result/filesystem/read/python	string	3.14.7
/rows/32/result/filesystem/read/worker_ms	float	117.562379
/rows/32/result/filesystem/read/workload	string	read
/rows/32/result/filesystem/rg	object	-
/rows/32/result/filesystem/rg/check	object	-
/rows/32/result/filesystem/rg/check/matches	integer	2048
/rows/32/result/filesystem/rg/python	string	3.14.7
/rows/32/result/filesystem/rg/worker_ms	float	419.457699
/rows/32/result/filesystem/rg/workload	string	rg
/rows/32/result/filesystem/write	object	-
/rows/32/result/filesystem/write/check	object	-
/rows/32/result/filesystem/write/check/bytes	integer	16777216
/rows/32/result/filesystem/write/check/files	integer	256
/rows/32/result/filesystem/write/python	string	3.14.7
/rows/32/result/filesystem/write/worker_ms	float	354.566061
/rows/32/result/filesystem/write/workload	string	write
/rows/32/result/mode	string	filesystem
/rows/32/result/worker_ms	float	4771.618084
/rows/32/result_ms	float	5449.744192
/rows/32/trial	integer	6
/rows/32/variant	string	baseline
/rows/33	object	-
/rows/33/backend	string	pvisor-staged
/rows/33/completion_ms	float	1270.306662
/rows/33/correctness	string	passed
/rows/33/logs	string	/home/reiase/workspace/pvisor/target/p1-filesystem-historical-full-20261005/candidate/trials/filesystem-pvisor-staged-006
/rows/33/memory_scope	string	owned launcher tree; Docker daemon/container RSS excluded
/rows/33/mode	string	filesystem
/rows/33/peak_tree_rss_kib	integer	176996
/rows/33/prepare_ms	float	36.901947
/rows/33/ready_ms	float	62.716973
/rows/33/result	object	-
/rows/33/result/correctness	string	passed
/rows/33/result/filesystem	object	-
/rows/33/result/filesystem/cargo	object	-
/rows/33/result/filesystem/cargo/check	object	-
/rows/33/result/filesystem/cargo/check/modules	integer	64
/rows/33/result/filesystem/cargo/check/result	string	2016
/rows/33/result/filesystem/cargo/python	string	3.14.7
/rows/33/result/filesystem/cargo/worker_ms	float	112.156816
/rows/33/result/filesystem/cargo/workload	string	cargo
/rows/33/result/filesystem/git	object	-
/rows/33/result/filesystem/git/check	object	-
/rows/33/result/filesystem/git/check/git_clean	boolean	true
/rows/33/result/filesystem/git/python	string	3.14.7
/rows/33/result/filesystem/git/worker_ms	float	167.34069
/rows/33/result/filesystem/git/workload	string	git
/rows/33/result/filesystem/metadata	object	-
/rows/33/result/filesystem/metadata/check	object	-
/rows/33/result/filesystem/metadata/check/bytes	integer	2095104
/rows/33/result/filesystem/metadata/check/files	integer	2048
/rows/33/result/filesystem/metadata/python	string	3.14.7
/rows/33/result/filesystem/metadata/worker_ms	float	77.240456
/rows/33/result/filesystem/metadata/workload	string	metadata
/rows/33/result/filesystem/npm	object	-
/rows/33/result/filesystem/npm/check	object	-
/rows/33/result/filesystem/npm/check/local_packages	integer	32
/rows/33/result/filesystem/npm/python	string	3.14.7
/rows/33/result/filesystem/npm/worker_ms	float	260.898938
/rows/33/result/filesystem/npm/workload	string	npm
/rows/33/result/filesystem/read	object	-
/rows/33/result/filesystem/read/check	object	-
/rows/33/result/filesystem/read/check/bytes	integer	67108864
/rows/33/result/filesystem/read/check/sha256	string	42ef3a50fe506ced865473b082c8b28f6ce254e6e2b01266b6a563531a6267bc
/rows/33/result/filesystem/read/python	string	3.14.7
/rows/33/result/filesystem/read/worker_ms	float	68.827165
/rows/33/result/filesystem/read/workload	string	read
/rows/33/result/filesystem/rg	object	-
/rows/33/result/filesystem/rg/check	object	-
/rows/33/result/filesystem/rg/check/matches	integer	2048
/rows/33/result/filesystem/rg/python	string	3.14.7
/rows/33/result/filesystem/rg/worker_ms	float	89.963269
/rows/33/result/filesystem/rg/workload	string	rg
/rows/33/result/filesystem/write	object	-
/rows/33/result/filesystem/write/check	object	-
/rows/33/result/filesystem/write/check/bytes	integer	16777216
/rows/33/result/filesystem/write/check/files	integer	256
/rows/33/result/filesystem/write/python	string	3.14.7
/rows/33/result/filesystem/write/worker_ms	float	193.869789
/rows/33/result/filesystem/write/workload	string	write
/rows/33/result/mode	string	filesystem
/rows/33/result/worker_ms	float	1096.381223
/rows/33/result_ms	float	1159.205856
/rows/33/trial	integer	6
/rows/33/variant	string	candidate
/rows/34	object	-
/rows/34/backend	string	pvisor-vm
/rows/34/completion_ms	float	5023.020302
/rows/34/correctness	string	passed
/rows/34/logs	string	/home/reiase/workspace/pvisor/target/p1-filesystem-historical-full-20261005/candidate/trials/filesystem-pvisor-vm-006
/rows/34/memory_scope	string	owned launcher tree; Docker daemon/container RSS excluded
/rows/34/mode	string	filesystem
/rows/34/peak_tree_rss_kib	integer	832608
/rows/34/prepare_ms	float	37.291673
/rows/34/ready_ms	float	657.019458
/rows/34/result	object	-
/rows/34/result/correctness	string	passed
/rows/34/result/filesystem	object	-
/rows/34/result/filesystem/cargo	object	-
/rows/34/result/filesystem/cargo/check	object	-
/rows/34/result/filesystem/cargo/check/modules	integer	64
/rows/34/result/filesystem/cargo/check/result	string	2016
/rows/34/result/filesystem/cargo/python	string	3.14.7
/rows/34/result/filesystem/cargo/worker_ms	float	554.852006
/rows/34/result/filesystem/cargo/workload	string	cargo
/rows/34/result/filesystem/git	object	-
/rows/34/result/filesystem/git/check	object	-
/rows/34/result/filesystem/git/check/git_clean	boolean	true
/rows/34/result/filesystem/git/python	string	3.14.7
/rows/34/result/filesystem/git/worker_ms	float	379.536999
/rows/34/result/filesystem/git/workload	string	git
/rows/34/result/filesystem/metadata	object	-
/rows/34/result/filesystem/metadata/check	object	-
/rows/34/result/filesystem/metadata/check/bytes	integer	2095104
/rows/34/result/filesystem/metadata/check/files	integer	2048
/rows/34/result/filesystem/metadata/python	string	3.14.7
/rows/34/result/filesystem/metadata/worker_ms	float	202.878276
/rows/34/result/filesystem/metadata/workload	string	metadata
/rows/34/result/filesystem/npm	object	-
/rows/34/result/filesystem/npm/check	object	-
/rows/34/result/filesystem/npm/check/local_packages	integer	32
/rows/34/result/filesystem/npm/python	string	3.14.7
/rows/34/result/filesystem/npm/worker_ms	float	1547.732081
/rows/34/result/filesystem/npm/workload	string	npm
/rows/34/result/filesystem/read	object	-
/rows/34/result/filesystem/read/check	object	-
/rows/34/result/filesystem/read/check/bytes	integer	67108864
/rows/34/result/filesystem/read/check/sha256	string	42ef3a50fe506ced865473b082c8b28f6ce254e6e2b01266b6a563531a6267bc
/rows/34/result/filesystem/read/python	string	3.14.7
/rows/34/result/filesystem/read/worker_ms	float	117.86761
/rows/34/result/filesystem/read/workload	string	read
/rows/34/result/filesystem/rg	object	-
/rows/34/result/filesystem/rg/check	object	-
/rows/34/result/filesystem/rg/check/matches	integer	2048
/rows/34/result/filesystem/rg/python	string	3.14.7
/rows/34/result/filesystem/rg/worker_ms	float	459.288413
/rows/34/result/filesystem/rg/workload	string	rg
/rows/34/result/filesystem/write	object	-
/rows/34/result/filesystem/write/check	object	-
/rows/34/result/filesystem/write/check/bytes	integer	16777216
/rows/34/result/filesystem/write/check/files	integer	256
/rows/34/result/filesystem/write/python	string	3.14.7
/rows/34/result/filesystem/write/worker_ms	float	256.532135
/rows/34/result/filesystem/write/workload	string	write
/rows/34/result/mode	string	filesystem
/rows/34/result/worker_ms	float	4085.665376
/rows/34/result_ms	float	4743.196416
/rows/34/trial	integer	6
/rows/34/variant	string	candidate
/rows/35	object	-
/rows/35/backend	string	pvisor-vm
/rows/35/completion_ms	float	5057.175822
/rows/35/correctness	string	passed
/rows/35/logs	string	/home/reiase/workspace/pvisor/target/p1-filesystem-historical-full-20261005/candidate/trials/filesystem-pvisor-vm-007
/rows/35/memory_scope	string	owned launcher tree; Docker daemon/container RSS excluded
/rows/35/mode	string	filesystem
/rows/35/peak_tree_rss_kib	integer	830560
/rows/35/prepare_ms	float	36.900805
/rows/35/ready_ms	float	670.063109
/rows/35/result	object	-
/rows/35/result/correctness	string	passed
/rows/35/result/filesystem	object	-
/rows/35/result/filesystem/cargo	object	-
/rows/35/result/filesystem/cargo/check	object	-
/rows/35/result/filesystem/cargo/check/modules	integer	64
/rows/35/result/filesystem/cargo/check/result	string	2016
/rows/35/result/filesystem/cargo/python	string	3.14.7
/rows/35/result/filesystem/cargo/worker_ms	float	716.305626
/rows/35/result/filesystem/cargo/workload	string	cargo
/rows/35/result/filesystem/git	object	-
/rows/35/result/filesystem/git/check	object	-
/rows/35/result/filesystem/git/check/git_clean	boolean	true
/rows/35/result/filesystem/git/python	string	3.14.7
/rows/35/result/filesystem/git/worker_ms	float	385.61392
/rows/35/result/filesystem/git/workload	string	git
/rows/35/result/filesystem/metadata	object	-
/rows/35/result/filesystem/metadata/check	object	-
/rows/35/result/filesystem/metadata/check/bytes	integer	2095104
/rows/35/result/filesystem/metadata/check/files	integer	2048
/rows/35/result/filesystem/metadata/python	string	3.14.7
/rows/35/result/filesystem/metadata/worker_ms	float	263.817849
/rows/35/result/filesystem/metadata/workload	string	metadata
/rows/35/result/filesystem/npm	object	-
/rows/35/result/filesystem/npm/check	object	-
/rows/35/result/filesystem/npm/check/local_packages	integer	32
/rows/35/result/filesystem/npm/python	string	3.14.7
/rows/35/result/filesystem/npm/worker_ms	float	1558.019251
/rows/35/result/filesystem/npm/workload	string	npm
/rows/35/result/filesystem/read	object	-
/rows/35/result/filesystem/read/check	object	-
/rows/35/result/filesystem/read/check/bytes	integer	67108864
/rows/35/result/filesystem/read/check/sha256	string	42ef3a50fe506ced865473b082c8b28f6ce254e6e2b01266b6a563531a6267bc
/rows/35/result/filesystem/read/python	string	3.14.7
/rows/35/result/filesystem/read/worker_ms	float	122.75229
/rows/35/result/filesystem/read/workload	string	read
/rows/35/result/filesystem/rg	object	-
/rows/35/result/filesystem/rg/check	object	-
/rows/35/result/filesystem/rg/check/matches	integer	2048
/rows/35/result/filesystem/rg/python	string	3.14.7
/rows/35/result/filesystem/rg/worker_ms	float	466.665117
/rows/35/result/filesystem/rg/workload	string	rg
/rows/35/result/filesystem/write	object	-
/rows/35/result/filesystem/write/check	object	-
/rows/35/result/filesystem/write/check/bytes	integer	16777216
/rows/35/result/filesystem/write/check/files	integer	256
/rows/35/result/filesystem/write/python	string	3.14.7
/rows/35/result/filesystem/write/worker_ms	float	249.673411
/rows/35/result/filesystem/write/workload	string	write
/rows/35/result/mode	string	filesystem
/rows/35/result/worker_ms	float	4272.166495
/rows/35/result_ms	float	4942.67933
/rows/35/trial	integer	7
/rows/35/variant	string	candidate
/rows/36	object	-
/rows/36/backend	string	native
/rows/36/completion_ms	float	461.636694
/rows/36/correctness	string	passed
/rows/36/logs	string	/home/reiase/workspace/pvisor/target/p1-filesystem-historical-full-20261005/native/trials/filesystem-native-007
/rows/36/memory_scope	string	owned launcher tree; Docker daemon/container RSS excluded
/rows/36/mode	string	filesystem
/rows/36/peak_tree_rss_kib	integer	140752
/rows/36/prepare_ms	float	39.054813
/rows/36/ready_ms	float	41.490209
/rows/36/result	object	-
/rows/36/result/correctness	string	passed
/rows/36/result/filesystem	object	-
/rows/36/result/filesystem/cargo	object	-
/rows/36/result/filesystem/cargo/check	object	-
/rows/36/result/filesystem/cargo/check/modules	integer	64
/rows/36/result/filesystem/cargo/check/result	string	2016
/rows/36/result/filesystem/cargo/python	string	3.14.7
/rows/36/result/filesystem/cargo/worker_ms	float	56.93384
/rows/36/result/filesystem/cargo/workload	string	cargo
/rows/36/result/filesystem/git	object	-
/rows/36/result/filesystem/git/check	object	-
/rows/36/result/filesystem/git/check/git_clean	boolean	true
/rows/36/result/filesystem/git/python	string	3.14.7
/rows/36/result/filesystem/git/worker_ms	float	15.440805
/rows/36/result/filesystem/git/workload	string	git
/rows/36/result/filesystem/metadata	object	-
/rows/36/result/filesystem/metadata/check	object	-
/rows/36/result/filesystem/metadata/check/bytes	integer	2095104
/rows/36/result/filesystem/metadata/check/files	integer	2048
/rows/36/result/filesystem/metadata/python	string	3.14.7
/rows/36/result/filesystem/metadata/worker_ms	float	5.093095
/rows/36/result/filesystem/metadata/workload	string	metadata
/rows/36/result/filesystem/npm	object	-
/rows/36/result/filesystem/npm/check	object	-
/rows/36/result/filesystem/npm/check/local_packages	integer	32
/rows/36/result/filesystem/npm/python	string	3.14.7
/rows/36/result/filesystem/npm/worker_ms	float	172.887672
/rows/36/result/filesystem/npm/workload	string	npm
/rows/36/result/filesystem/read	object	-
/rows/36/result/filesystem/read/check	object	-
/rows/36/result/filesystem/read/check/bytes	integer	67108864
/rows/36/result/filesystem/read/check/sha256	string	42ef3a50fe506ced865473b082c8b28f6ce254e6e2b01266b6a563531a6267bc
/rows/36/result/filesystem/read/python	string	3.14.7
/rows/36/result/filesystem/read/worker_ms	float	32.032299
/rows/36/result/filesystem/read/workload	string	read
/rows/36/result/filesystem/rg	object	-
/rows/36/result/filesystem/rg/check	object	-
/rows/36/result/filesystem/rg/check/matches	integer	2048
/rows/36/result/filesystem/rg/python	string	3.14.7
/rows/36/result/filesystem/rg/worker_ms	float	7.418494
/rows/36/result/filesystem/rg/workload	string	rg
/rows/36/result/filesystem/write	object	-
/rows/36/result/filesystem/write/check	object	-
/rows/36/result/filesystem/write/check/bytes	integer	16777216
/rows/36/result/filesystem/write/check/files	integer	256
/rows/36/result/filesystem/write/python	string	3.14.7
/rows/36/result/filesystem/write/worker_ms	float	4.214906
/rows/36/result/filesystem/write/workload	string	write
/rows/36/result/mode	string	filesystem
/rows/36/result/worker_ms	float	411.611708
/rows/36/result_ms	float	453.155727
/rows/36/trial	integer	7
/rows/36/variant	string	native
/rows/37	object	-
/rows/37/backend	string	pvisor-staged
/rows/37/completion_ms	float	1215.062686
/rows/37/correctness	string	passed
/rows/37/logs	string	/home/reiase/workspace/pvisor/target/p1-filesystem-historical-full-20261005/baseline/trials/filesystem-pvisor-staged-007
/rows/37/memory_scope	string	owned launcher tree; Docker daemon/container RSS excluded
/rows/37/mode	string	filesystem
/rows/37/peak_tree_rss_kib	integer	164836
/rows/37/prepare_ms	float	37.831851
/rows/37/ready_ms	float	48.346124
/rows/37/result	object	-
/rows/37/result/correctness	string	passed
/rows/37/result/filesystem	object	-
/rows/37/result/filesystem/cargo	object	-
/rows/37/result/filesystem/cargo/check	object	-
/rows/37/result/filesystem/cargo/check/modules	integer	64
/rows/37/result/filesystem/cargo/check/result	string	2016
/rows/37/result/filesystem/cargo/python	string	3.14.7
/rows/37/result/filesystem/cargo/worker_ms	float	110.455822
/rows/37/result/filesystem/cargo/workload	string	cargo
/rows/37/result/filesystem/git	object	-
/rows/37/result/filesystem/git/check	object	-
/rows/37/result/filesystem/git/check/git_clean	boolean	true
/rows/37/result/filesystem/git/python	string	3.14.7
/rows/37/result/filesystem/git/worker_ms	float	164.597481
/rows/37/result/filesystem/git/workload	string	git
/rows/37/result/filesystem/metadata	object	-
/rows/37/result/filesystem/metadata/check	object	-
/rows/37/result/filesystem/metadata/check/bytes	integer	2095104
/rows/37/result/filesystem/metadata/check/files	integer	2048
/rows/37/result/filesystem/metadata/python	string	3.14.7
/rows/37/result/filesystem/metadata/worker_ms	float	75.820887
/rows/37/result/filesystem/metadata/workload	string	metadata
/rows/37/result/filesystem/npm	object	-
/rows/37/result/filesystem/npm/check	object	-
/rows/37/result/filesystem/npm/check/local_packages	integer	32
/rows/37/result/filesystem/npm/python	string	3.14.7
/rows/37/result/filesystem/npm/worker_ms	float	210.834309
/rows/37/result/filesystem/npm/workload	string	npm
/rows/37/result/filesystem/read	object	-
/rows/37/result/filesystem/read/check	object	-
/rows/37/result/filesystem/read/check/bytes	integer	67108864
/rows/37/result/filesystem/read/check/sha256	string	42ef3a50fe506ced865473b082c8b28f6ce254e6e2b01266b6a563531a6267bc
/rows/37/result/filesystem/read/python	string	3.14.7
/rows/37/result/filesystem/read/worker_ms	float	68.221254
/rows/37/result/filesystem/read/workload	string	read
/rows/37/result/filesystem/rg	object	-
/rows/37/result/filesystem/rg/check	object	-
/rows/37/result/filesystem/rg/check/matches	integer	2048
/rows/37/result/filesystem/rg/python	string	3.14.7
/rows/37/result/filesystem/rg/worker_ms	float	87.567779
/rows/37/result/filesystem/rg/workload	string	rg
/rows/37/result/filesystem/write	object	-
/rows/37/result/filesystem/write/check	object	-
/rows/37/result/filesystem/write/check/bytes	integer	16777216
/rows/37/result/filesystem/write/check/files	integer	256
/rows/37/result/filesystem/write/python	string	3.14.7
/rows/37/result/filesystem/write/worker_ms	float	194.016914
/rows/37/result/filesystem/write/workload	string	write
/rows/37/result/mode	string	filesystem
/rows/37/result/worker_ms	float	1035.427912
/rows/37/result_ms	float	1083.823518
/rows/37/trial	integer	7
/rows/37/variant	string	baseline
/rows/38	object	-
/rows/38/backend	string	pvisor-vm
/rows/38/completion_ms	float	4836.286069
/rows/38/correctness	string	passed
/rows/38/logs	string	/home/reiase/workspace/pvisor/target/p1-filesystem-historical-full-20261005/baseline/trials/filesystem-pvisor-vm-007
/rows/38/memory_scope	string	owned launcher tree; Docker daemon/container RSS excluded
/rows/38/mode	string	filesystem
/rows/38/peak_tree_rss_kib	integer	830328
/rows/38/prepare_ms	float	36.998927
/rows/38/ready_ms	float	605.137065
/rows/38/result	object	-
/rows/38/result/correctness	string	passed
/rows/38/result/filesystem	object	-
/rows/38/result/filesystem/cargo	object	-
/rows/38/result/filesystem/cargo/check	object	-
/rows/38/result/filesystem/cargo/check/modules	integer	64
/rows/38/result/filesystem/cargo/check/result	string	2016
/rows/38/result/filesystem/cargo/python	string	3.14.7
/rows/38/result/filesystem/cargo/worker_ms	float	493.153303
/rows/38/result/filesystem/cargo/workload	string	cargo
/rows/38/result/filesystem/git	object	-
/rows/38/result/filesystem/git/check	object	-
/rows/38/result/filesystem/git/check/git_clean	boolean	true
/rows/38/result/filesystem/git/python	string	3.14.7
/rows/38/result/filesystem/git/worker_ms	float	448.174115
/rows/38/result/filesystem/git/workload	string	git
/rows/38/result/filesystem/metadata	object	-
/rows/38/result/filesystem/metadata/check	object	-
/rows/38/result/filesystem/metadata/check/bytes	integer	2095104
/rows/38/result/filesystem/metadata/check/files	integer	2048
/rows/38/result/filesystem/metadata/python	string	3.14.7
/rows/38/result/filesystem/metadata/worker_ms	float	149.270662
/rows/38/result/filesystem/metadata/workload	string	metadata
/rows/38/result/filesystem/npm	object	-
/rows/38/result/filesystem/npm/check	object	-
/rows/38/result/filesystem/npm/check/local_packages	integer	32
/rows/38/result/filesystem/npm/python	string	3.14.7
/rows/38/result/filesystem/npm/worker_ms	float	1544.680151
/rows/38/result/filesystem/npm/workload	string	npm
/rows/38/result/filesystem/read	object	-
/rows/38/result/filesystem/read/check	object	-
/rows/38/result/filesystem/read/check/bytes	integer	67108864
/rows/38/result/filesystem/read/check/sha256	string	42ef3a50fe506ced865473b082c8b28f6ce254e6e2b01266b6a563531a6267bc
/rows/38/result/filesystem/read/python	string	3.14.7
/rows/38/result/filesystem/read/worker_ms	float	231.607315
/rows/38/result/filesystem/read/workload	string	read
/rows/38/result/filesystem/rg	object	-
/rows/38/result/filesystem/rg/check	object	-
/rows/38/result/filesystem/rg/check/matches	integer	2048
/rows/38/result/filesystem/rg/python	string	3.14.7
/rows/38/result/filesystem/rg/worker_ms	float	466.796833
/rows/38/result/filesystem/rg/workload	string	rg
/rows/38/result/filesystem/write	object	-
/rows/38/result/filesystem/write/check	object	-
/rows/38/result/filesystem/write/check/bytes	integer	16777216
/rows/38/result/filesystem/write/check/files	integer	256
/rows/38/result/filesystem/write/python	string	3.14.7
/rows/38/result/filesystem/write/worker_ms	float	260.1522
/rows/38/result/filesystem/write/workload	string	write
/rows/38/result/mode	string	filesystem
/rows/38/result/worker_ms	float	4111.488277
/rows/38/result_ms	float	4717.400806
/rows/38/trial	integer	7
/rows/38/variant	string	baseline
/rows/39	object	-
/rows/39/backend	string	pvisor-staged
/rows/39/completion_ms	float	1308.295436
/rows/39/correctness	string	passed
/rows/39/logs	string	/home/reiase/workspace/pvisor/target/p1-filesystem-historical-full-20261005/candidate/trials/filesystem-pvisor-staged-007
/rows/39/memory_scope	string	owned launcher tree; Docker daemon/container RSS excluded
/rows/39/mode	string	filesystem
/rows/39/peak_tree_rss_kib	integer	173696
/rows/39/prepare_ms	float	37.392862
/rows/39/ready_ms	float	62.644067
/rows/39/result	object	-
/rows/39/result/correctness	string	passed
/rows/39/result/filesystem	object	-
/rows/39/result/filesystem/cargo	object	-
/rows/39/result/filesystem/cargo/check	object	-
/rows/39/result/filesystem/cargo/check/modules	integer	64
/rows/39/result/filesystem/cargo/check/result	string	2016
/rows/39/result/filesystem/cargo/python	string	3.14.7
/rows/39/result/filesystem/cargo/worker_ms	float	108.960161
/rows/39/result/filesystem/cargo/workload	string	cargo
/rows/39/result/filesystem/git	object	-
/rows/39/result/filesystem/git/check	object	-
/rows/39/result/filesystem/git/check/git_clean	boolean	true
/rows/39/result/filesystem/git/python	string	3.14.7
/rows/39/result/filesystem/git/worker_ms	float	183.857785
/rows/39/result/filesystem/git/workload	string	git
/rows/39/result/filesystem/metadata	object	-
/rows/39/result/filesystem/metadata/check	object	-
/rows/39/result/filesystem/metadata/check/bytes	integer	2095104
/rows/39/result/filesystem/metadata/check/files	integer	2048
/rows/39/result/filesystem/metadata/python	string	3.14.7
/rows/39/result/filesystem/metadata/worker_ms	float	76.167424
/rows/39/result/filesystem/metadata/workload	string	metadata
/rows/39/result/filesystem/npm	object	-
/rows/39/result/filesystem/npm/check	object	-
/rows/39/result/filesystem/npm/check/local_packages	integer	32
/rows/39/result/filesystem/npm/python	string	3.14.7
/rows/39/result/filesystem/npm/worker_ms	float	266.275181
/rows/39/result/filesystem/npm/workload	string	npm
/rows/39/result/filesystem/read	object	-
/rows/39/result/filesystem/read/check	object	-
/rows/39/result/filesystem/read/check/bytes	integer	67108864
/rows/39/result/filesystem/read/check/sha256	string	42ef3a50fe506ced865473b082c8b28f6ce254e6e2b01266b6a563531a6267bc
/rows/39/result/filesystem/read/python	string	3.14.7
/rows/39/result/filesystem/read/worker_ms	float	69.839505
/rows/39/result/filesystem/read/workload	string	read
/rows/39/result/filesystem/rg	object	-
/rows/39/result/filesystem/rg/check	object	-
/rows/39/result/filesystem/rg/check/matches	integer	2048
/rows/39/result/filesystem/rg/python	string	3.14.7
/rows/39/result/filesystem/rg/worker_ms	float	89.59396
/rows/39/result/filesystem/rg/workload	string	rg
/rows/39/result/filesystem/write	object	-
/rows/39/result/filesystem/write/check	object	-
/rows/39/result/filesystem/write/check/bytes	integer	16777216
/rows/39/result/filesystem/write/check/files	integer	256
/rows/39/result/filesystem/write/python	string	3.14.7
/rows/39/result/filesystem/write/worker_ms	float	196.901436
/rows/39/result/filesystem/write/workload	string	write
/rows/39/result/mode	string	filesystem
/rows/39/result/worker_ms	float	1115.011279
/rows/39/result_ms	float	1177.704047
/rows/39/trial	integer	7
/rows/39/variant	string	candidate
/rows/40	object	-
/rows/40/backend	string	pvisor-staged
/rows/40/completion_ms	float	1227.58203
/rows/40/correctness	string	passed
/rows/40/logs	string	/home/reiase/workspace/pvisor/target/p1-filesystem-historical-full-20261005/baseline/trials/filesystem-pvisor-staged-008
/rows/40/memory_scope	string	owned launcher tree; Docker daemon/container RSS excluded
/rows/40/mode	string	filesystem
/rows/40/peak_tree_rss_kib	integer	171768
/rows/40/prepare_ms	float	39.605081
/rows/40/ready_ms	float	47.962558
/rows/40/result	object	-
/rows/40/result/correctness	string	passed
/rows/40/result/filesystem	object	-
/rows/40/result/filesystem/cargo	object	-
/rows/40/result/filesystem/cargo/check	object	-
/rows/40/result/filesystem/cargo/check/modules	integer	64
/rows/40/result/filesystem/cargo/check/result	string	2016
/rows/40/result/filesystem/cargo/python	string	3.14.7
/rows/40/result/filesystem/cargo/worker_ms	float	110.655746
/rows/40/result/filesystem/cargo/workload	string	cargo
/rows/40/result/filesystem/git	object	-
/rows/40/result/filesystem/git/check	object	-
/rows/40/result/filesystem/git/check/git_clean	boolean	true
/rows/40/result/filesystem/git/python	string	3.14.7
/rows/40/result/filesystem/git/worker_ms	float	167.632585
/rows/40/result/filesystem/git/workload	string	git
/rows/40/result/filesystem/metadata	object	-
/rows/40/result/filesystem/metadata/check	object	-
/rows/40/result/filesystem/metadata/check/bytes	integer	2095104
/rows/40/result/filesystem/metadata/check/files	integer	2048
/rows/40/result/filesystem/metadata/python	string	3.14.7
/rows/40/result/filesystem/metadata/worker_ms	float	76.126528
/rows/40/result/filesystem/metadata/workload	string	metadata
/rows/40/result/filesystem/npm	object	-
/rows/40/result/filesystem/npm/check	object	-
/rows/40/result/filesystem/npm/check/local_packages	integer	32
/rows/40/result/filesystem/npm/python	string	3.14.7
/rows/40/result/filesystem/npm/worker_ms	float	214.166015
/rows/40/result/filesystem/npm/workload	string	npm
/rows/40/result/filesystem/read	object	-
/rows/40/result/filesystem/read/check	object	-
/rows/40/result/filesystem/read/check/bytes	integer	67108864
/rows/40/result/filesystem/read/check/sha256	string	42ef3a50fe506ced865473b082c8b28f6ce254e6e2b01266b6a563531a6267bc
/rows/40/result/filesystem/read/python	string	3.14.7
/rows/40/result/filesystem/read/worker_ms	float	73.55595
/rows/40/result/filesystem/read/workload	string	read
/rows/40/result/filesystem/rg	object	-
/rows/40/result/filesystem/rg/check	object	-
/rows/40/result/filesystem/rg/check/matches	integer	2048
/rows/40/result/filesystem/rg/python	string	3.14.7
/rows/40/result/filesystem/rg/worker_ms	float	88.494337
/rows/40/result/filesystem/rg/workload	string	rg
/rows/40/result/filesystem/write	object	-
/rows/40/result/filesystem/write/check	object	-
/rows/40/result/filesystem/write/check/bytes	integer	16777216
/rows/40/result/filesystem/write/check/files	integer	256
/rows/40/result/filesystem/write/python	string	3.14.7
/rows/40/result/filesystem/write/worker_ms	float	202.468876
/rows/40/result/filesystem/write/workload	string	write
/rows/40/result/mode	string	filesystem
/rows/40/result/worker_ms	float	1058.369986
/rows/40/result_ms	float	1106.426229
/rows/40/trial	integer	8
/rows/40/variant	string	baseline
/rows/41	object	-
/rows/41/backend	string	pvisor-staged
/rows/41/completion_ms	float	1311.261582
/rows/41/correctness	string	passed
/rows/41/logs	string	/home/reiase/workspace/pvisor/target/p1-filesystem-historical-full-20261005/candidate/trials/filesystem-pvisor-staged-008
/rows/41/memory_scope	string	owned launcher tree; Docker daemon/container RSS excluded
/rows/41/mode	string	filesystem
/rows/41/peak_tree_rss_kib	integer	174724
/rows/41/prepare_ms	float	36.038725
/rows/41/ready_ms	float	60.654333
/rows/41/result	object	-
/rows/41/result/correctness	string	passed
/rows/41/result/filesystem	object	-
/rows/41/result/filesystem/cargo	object	-
/rows/41/result/filesystem/cargo/check	object	-
/rows/41/result/filesystem/cargo/check/modules	integer	64
/rows/41/result/filesystem/cargo/check/result	string	2016
/rows/41/result/filesystem/cargo/python	string	3.14.7
/rows/41/result/filesystem/cargo/worker_ms	float	125.96224
/rows/41/result/filesystem/cargo/workload	string	cargo
/rows/41/result/filesystem/git	object	-
/rows/41/result/filesystem/git/check	object	-
/rows/41/result/filesystem/git/check/git_clean	boolean	true
/rows/41/result/filesystem/git/python	string	3.14.7
/rows/41/result/filesystem/git/worker_ms	float	167.718385
/rows/41/result/filesystem/git/workload	string	git
/rows/41/result/filesystem/metadata	object	-
/rows/41/result/filesystem/metadata/check	object	-
/rows/41/result/filesystem/metadata/check/bytes	integer	2095104
/rows/41/result/filesystem/metadata/check/files	integer	2048
/rows/41/result/filesystem/metadata/python	string	3.14.7
/rows/41/result/filesystem/metadata/worker_ms	float	75.961148
/rows/41/result/filesystem/metadata/workload	string	metadata
/rows/41/result/filesystem/npm	object	-
/rows/41/result/filesystem/npm/check	object	-
/rows/41/result/filesystem/npm/check/local_packages	integer	32
/rows/41/result/filesystem/npm/python	string	3.14.7
/rows/41/result/filesystem/npm/worker_ms	float	268.677996
/rows/41/result/filesystem/npm/workload	string	npm
/rows/41/result/filesystem/read	object	-
/rows/41/result/filesystem/read/check	object	-
/rows/41/result/filesystem/read/check/bytes	integer	67108864
/rows/41/result/filesystem/read/check/sha256	string	42ef3a50fe506ced865473b082c8b28f6ce254e6e2b01266b6a563531a6267bc
/rows/41/result/filesystem/read/python	string	3.14.7
/rows/41/result/filesystem/read/worker_ms	float	68.298688
/rows/41/result/filesystem/read/workload	string	read
/rows/41/result/filesystem/rg	object	-
/rows/41/result/filesystem/rg/check	object	-
/rows/41/result/filesystem/rg/check/matches	integer	2048
/rows/41/result/filesystem/rg/python	string	3.14.7
/rows/41/result/filesystem/rg/worker_ms	float	90.095426
/rows/41/result/filesystem/rg/workload	string	rg
/rows/41/result/filesystem/write	object	-
/rows/41/result/filesystem/write/check	object	-
/rows/41/result/filesystem/write/check/bytes	integer	16777216
/rows/41/result/filesystem/write/check/files	integer	256
/rows/41/result/filesystem/write/python	string	3.14.7
/rows/41/result/filesystem/write/worker_ms	float	202.282098
/rows/41/result/filesystem/write/workload	string	write
/rows/41/result/mode	string	filesystem
/rows/41/result/worker_ms	float	1123.382764
/rows/41/result_ms	float	1184.09786
/rows/41/trial	integer	8
/rows/41/variant	string	candidate
/rows/42	object	-
/rows/42/backend	string	pvisor-vm
/rows/42/completion_ms	float	5313.00994
/rows/42/correctness	string	passed
/rows/42/logs	string	/home/reiase/workspace/pvisor/target/p1-filesystem-historical-full-20261005/candidate/trials/filesystem-pvisor-vm-008
/rows/42/memory_scope	string	owned launcher tree; Docker daemon/container RSS excluded
/rows/42/mode	string	filesystem
/rows/42/peak_tree_rss_kib	integer	823920
/rows/42/prepare_ms	float	38.954336
/rows/42/ready_ms	float	708.732935
/rows/42/result	object	-
/rows/42/result/correctness	string	passed
/rows/42/result/filesystem	object	-
/rows/42/result/filesystem/cargo	object	-
/rows/42/result/filesystem/cargo/check	object	-
/rows/42/result/filesystem/cargo/check/modules	integer	64
/rows/42/result/filesystem/cargo/check/result	string	2016
/rows/42/result/filesystem/cargo/python	string	3.14.7
/rows/42/result/filesystem/cargo/worker_ms	float	561.328225
/rows/42/result/filesystem/cargo/workload	string	cargo
/rows/42/result/filesystem/git	object	-
/rows/42/result/filesystem/git/check	object	-
/rows/42/result/filesystem/git/check/git_clean	boolean	true
/rows/42/result/filesystem/git/python	string	3.14.7
/rows/42/result/filesystem/git/worker_ms	float	740.44149
/rows/42/result/filesystem/git/workload	string	git
/rows/42/result/filesystem/metadata	object	-
/rows/42/result/filesystem/metadata/check	object	-
/rows/42/result/filesystem/metadata/check/bytes	integer	2095104
/rows/42/result/filesystem/metadata/check/files	integer	2048
/rows/42/result/filesystem/metadata/python	string	3.14.7
/rows/42/result/filesystem/metadata/worker_ms	float	248.345286
/rows/42/result/filesystem/metadata/workload	string	metadata
/rows/42/result/filesystem/npm	object	-
/rows/42/result/filesystem/npm/check	object	-
/rows/42/result/filesystem/npm/check/local_packages	integer	32
/rows/42/result/filesystem/npm/python	string	3.14.7
/rows/42/result/filesystem/npm/worker_ms	float	1599.11394
/rows/42/result/filesystem/npm/workload	string	npm
/rows/42/result/filesystem/read	object	-
/rows/42/result/filesystem/read/check	object	-
/rows/42/result/filesystem/read/check/bytes	integer	67108864
/rows/42/result/filesystem/read/check/sha256	string	42ef3a50fe506ced865473b082c8b28f6ce254e6e2b01266b6a563531a6267bc
/rows/42/result/filesystem/read/python	string	3.14.7
/rows/42/result/filesystem/read/worker_ms	float	119.815695
/rows/42/result/filesystem/read/workload	string	read
/rows/42/result/filesystem/rg	object	-
/rows/42/result/filesystem/rg/check	object	-
/rows/42/result/filesystem/rg/check/matches	integer	2048
/rows/42/result/filesystem/rg/python	string	3.14.7
/rows/42/result/filesystem/rg/worker_ms	float	430.184302
/rows/42/result/filesystem/rg/workload	string	rg
/rows/42/result/filesystem/write	object	-
/rows/42/result/filesystem/write/check	object	-
/rows/42/result/filesystem/write/check/bytes	integer	16777216
/rows/42/result/filesystem/write/check/files	integer	256
/rows/42/result/filesystem/write/python	string	3.14.7
/rows/42/result/filesystem/write/worker_ms	float	259.777809
/rows/42/result/filesystem/write/workload	string	write
/rows/42/result/mode	string	filesystem
/rows/42/result/worker_ms	float	4432.351632
/rows/42/result_ms	float	5141.97815
/rows/42/trial	integer	8
/rows/42/variant	string	candidate
/rows/43	object	-
/rows/43/backend	string	native
/rows/43/completion_ms	float	461.15728
/rows/43/correctness	string	passed
/rows/43/logs	string	/home/reiase/workspace/pvisor/target/p1-filesystem-historical-full-20261005/native/trials/filesystem-native-008
/rows/43/memory_scope	string	owned launcher tree; Docker daemon/container RSS excluded
/rows/43/mode	string	filesystem
/rows/43/peak_tree_rss_kib	integer	142716
/rows/43/prepare_ms	float	36.518872
/rows/43/ready_ms	float	39.410047
/rows/43/result	object	-
/rows/43/result/correctness	string	passed
/rows/43/result/filesystem	object	-
/rows/43/result/filesystem/cargo	object	-
/rows/43/result/filesystem/cargo/check	object	-
/rows/43/result/filesystem/cargo/check/modules	integer	64
/rows/43/result/filesystem/cargo/check/result	string	2016
/rows/43/result/filesystem/cargo/python	string	3.14.7
/rows/43/result/filesystem/cargo/worker_ms	float	53.784773
/rows/43/result/filesystem/cargo/workload	string	cargo
/rows/43/result/filesystem/git	object	-
/rows/43/result/filesystem/git/check	object	-
/rows/43/result/filesystem/git/check/git_clean	boolean	true
/rows/43/result/filesystem/git/python	string	3.14.7
/rows/43/result/filesystem/git/worker_ms	float	15.561651
/rows/43/result/filesystem/git/workload	string	git
/rows/43/result/filesystem/metadata	object	-
/rows/43/result/filesystem/metadata/check	object	-
/rows/43/result/filesystem/metadata/check/bytes	integer	2095104
/rows/43/result/filesystem/metadata/check/files	integer	2048
/rows/43/result/filesystem/metadata/python	string	3.14.7
/rows/43/result/filesystem/metadata/worker_ms	float	5.194514
/rows/43/result/filesystem/metadata/workload	string	metadata
/rows/43/result/filesystem/npm	object	-
/rows/43/result/filesystem/npm/check	object	-
/rows/43/result/filesystem/npm/check/local_packages	integer	32
/rows/43/result/filesystem/npm/python	string	3.14.7
/rows/43/result/filesystem/npm/worker_ms	float	172.814525
/rows/43/result/filesystem/npm/workload	string	npm
/rows/43/result/filesystem/read	object	-
/rows/43/result/filesystem/read/check	object	-
/rows/43/result/filesystem/read/check/bytes	integer	67108864
/rows/43/result/filesystem/read/check/sha256	string	42ef3a50fe506ced865473b082c8b28f6ce254e6e2b01266b6a563531a6267bc
/rows/43/result/filesystem/read/python	string	3.14.7
/rows/43/result/filesystem/read/worker_ms	float	32.708971
/rows/43/result/filesystem/read/workload	string	read
/rows/43/result/filesystem/rg	object	-
/rows/43/result/filesystem/rg/check	object	-
/rows/43/result/filesystem/rg/check/matches	integer	2048
/rows/43/result/filesystem/rg/python	string	3.14.7
/rows/43/result/filesystem/rg/worker_ms	float	10.25114
/rows/43/result/filesystem/rg/workload	string	rg
/rows/43/result/filesystem/write	object	-
/rows/43/result/filesystem/write/check	object	-
/rows/43/result/filesystem/write/check/bytes	integer	16777216
/rows/43/result/filesystem/write/check/files	integer	256
/rows/43/result/filesystem/write/python	string	3.14.7
/rows/43/result/filesystem/write/worker_ms	float	3.995746
/rows/43/result/filesystem/write/workload	string	write
/rows/43/result/mode	string	filesystem
/rows/43/result/worker_ms	float	413.925506
/rows/43/result_ms	float	453.387811
/rows/43/trial	integer	8
/rows/43/variant	string	native
/rows/44	object	-
/rows/44/backend	string	pvisor-vm
/rows/44/completion_ms	float	4952.689651
/rows/44/correctness	string	passed
/rows/44/logs	string	/home/reiase/workspace/pvisor/target/p1-filesystem-historical-full-20261005/baseline/trials/filesystem-pvisor-vm-008
/rows/44/memory_scope	string	owned launcher tree; Docker daemon/container RSS excluded
/rows/44/mode	string	filesystem
/rows/44/peak_tree_rss_kib	integer	835860
/rows/44/prepare_ms	float	37.637068
/rows/44/ready_ms	float	610.885441
/rows/44/result	object	-
/rows/44/result/correctness	string	passed
/rows/44/result/filesystem	object	-
/rows/44/result/filesystem/cargo	object	-
/rows/44/result/filesystem/cargo/check	object	-
/rows/44/result/filesystem/cargo/check/modules	integer	64
/rows/44/result/filesystem/cargo/check/result	string	2016
/rows/44/result/filesystem/cargo/python	string	3.14.7
/rows/44/result/filesystem/cargo/worker_ms	float	516.560854
/rows/44/result/filesystem/cargo/workload	string	cargo
/rows/44/result/filesystem/git	object	-
/rows/44/result/filesystem/git/check	object	-
/rows/44/result/filesystem/git/check/git_clean	boolean	true
/rows/44/result/filesystem/git/python	string	3.14.7
/rows/44/result/filesystem/git/worker_ms	float	407.418351
/rows/44/result/filesystem/git/workload	string	git
/rows/44/result/filesystem/metadata	object	-
/rows/44/result/filesystem/metadata/check	object	-
/rows/44/result/filesystem/metadata/check/bytes	integer	2095104
/rows/44/result/filesystem/metadata/check/files	integer	2048
/rows/44/result/filesystem/metadata/python	string	3.14.7
/rows/44/result/filesystem/metadata/worker_ms	float	154.881261
/rows/44/result/filesystem/metadata/workload	string	metadata
/rows/44/result/filesystem/npm	object	-
/rows/44/result/filesystem/npm/check	object	-
/rows/44/result/filesystem/npm/check/local_packages	integer	32
/rows/44/result/filesystem/npm/python	string	3.14.7
/rows/44/result/filesystem/npm/worker_ms	float	1741.220807
/rows/44/result/filesystem/npm/workload	string	npm
/rows/44/result/filesystem/read	object	-
/rows/44/result/filesystem/read/check	object	-
/rows/44/result/filesystem/read/check/bytes	integer	67108864
/rows/44/result/filesystem/read/check/sha256	string	42ef3a50fe506ced865473b082c8b28f6ce254e6e2b01266b6a563531a6267bc
/rows/44/result/filesystem/read/python	string	3.14.7
/rows/44/result/filesystem/read/worker_ms	float	184.067296
/rows/44/result/filesystem/read/workload	string	read
/rows/44/result/filesystem/rg	object	-
/rows/44/result/filesystem/rg/check	object	-
/rows/44/result/filesystem/rg/check/matches	integer	2048
/rows/44/result/filesystem/rg/python	string	3.14.7
/rows/44/result/filesystem/rg/worker_ms	float	454.921812
/rows/44/result/filesystem/rg/workload	string	rg
/rows/44/result/filesystem/write	object	-
/rows/44/result/filesystem/write/check	object	-
/rows/44/result/filesystem/write/check/bytes	integer	16777216
/rows/44/result/filesystem/write/check/files	integer	256
/rows/44/result/filesystem/write/python	string	3.14.7
/rows/44/result/filesystem/write/worker_ms	float	230.494372
/rows/44/result/filesystem/write/workload	string	write
/rows/44/result/mode	string	filesystem
/rows/44/result/worker_ms	float	4228.263553
/rows/44/result_ms	float	4839.97852
/rows/44/trial	integer	8
/rows/44/variant	string	baseline
/rows/45	object	-
/rows/45/backend	string	pvisor-staged
/rows/45/completion_ms	float	1226.590137
/rows/45/correctness	string	passed
/rows/45/logs	string	/home/reiase/workspace/pvisor/target/p1-filesystem-historical-full-20261005/baseline/trials/filesystem-pvisor-staged-009
/rows/45/memory_scope	string	owned launcher tree; Docker daemon/container RSS excluded
/rows/45/mode	string	filesystem
/rows/45/peak_tree_rss_kib	integer	164952
/rows/45/prepare_ms	float	37.291653
/rows/45/ready_ms	float	49.364503
/rows/45/result	object	-
/rows/45/result/correctness	string	passed
/rows/45/result/filesystem	object	-
/rows/45/result/filesystem/cargo	object	-
/rows/45/result/filesystem/cargo/check	object	-
/rows/45/result/filesystem/cargo/check/modules	integer	64
/rows/45/result/filesystem/cargo/check/result	string	2016
/rows/45/result/filesystem/cargo/python	string	3.14.7
/rows/45/result/filesystem/cargo/worker_ms	float	109.191603
/rows/45/result/filesystem/cargo/workload	string	cargo
/rows/45/result/filesystem/git	object	-
/rows/45/result/filesystem/git/check	object	-
/rows/45/result/filesystem/git/check/git_clean	boolean	true
/rows/45/result/filesystem/git/python	string	3.14.7
/rows/45/result/filesystem/git/worker_ms	float	165.70608
/rows/45/result/filesystem/git/workload	string	git
/rows/45/result/filesystem/metadata	object	-
/rows/45/result/filesystem/metadata/check	object	-
/rows/45/result/filesystem/metadata/check/bytes	integer	2095104
/rows/45/result/filesystem/metadata/check/files	integer	2048
/rows/45/result/filesystem/metadata/python	string	3.14.7
/rows/45/result/filesystem/metadata/worker_ms	float	76.654802
/rows/45/result/filesystem/metadata/workload	string	metadata
/rows/45/result/filesystem/npm	object	-
/rows/45/result/filesystem/npm/check	object	-
/rows/45/result/filesystem/npm/check/local_packages	integer	32
/rows/45/result/filesystem/npm/python	string	3.14.7
/rows/45/result/filesystem/npm/worker_ms	float	216.996298
/rows/45/result/filesystem/npm/workload	string	npm
/rows/45/result/filesystem/read	object	-
/rows/45/result/filesystem/read/check	object	-
/rows/45/result/filesystem/read/check/bytes	integer	67108864
/rows/45/result/filesystem/read/check/sha256	string	42ef3a50fe506ced865473b082c8b28f6ce254e6e2b01266b6a563531a6267bc
/rows/45/result/filesystem/read/python	string	3.14.7
/rows/45/result/filesystem/read/worker_ms	float	68.878421
/rows/45/result/filesystem/read/workload	string	read
/rows/45/result/filesystem/rg	object	-
/rows/45/result/filesystem/rg/check	object	-
/rows/45/result/filesystem/rg/check/matches	integer	2048
/rows/45/result/filesystem/rg/python	string	3.14.7
/rows/45/result/filesystem/rg/worker_ms	float	88.836778
/rows/45/result/filesystem/rg/workload	string	rg
/rows/45/result/filesystem/write	object	-
/rows/45/result/filesystem/write/check	object	-
/rows/45/result/filesystem/write/check/bytes	integer	16777216
/rows/45/result/filesystem/write/check/files	integer	256
/rows/45/result/filesystem/write/python	string	3.14.7
/rows/45/result/filesystem/write/worker_ms	float	194.006835
/rows/45/result/filesystem/write/workload	string	write
/rows/45/result/mode	string	filesystem
/rows/45/result/worker_ms	float	1045.231137
/rows/45/result_ms	float	1094.660441
/rows/45/trial	integer	9
/rows/45/variant	string	baseline
/rows/46	object	-
/rows/46/backend	string	pvisor-vm
/rows/46/completion_ms	float	4918.456916
/rows/46/correctness	string	passed
/rows/46/logs	string	/home/reiase/workspace/pvisor/target/p1-filesystem-historical-full-20261005/baseline/trials/filesystem-pvisor-vm-009
/rows/46/memory_scope	string	owned launcher tree; Docker daemon/container RSS excluded
/rows/46/mode	string	filesystem
/rows/46/peak_tree_rss_kib	integer	830292
/rows/46/prepare_ms	float	38.391386
/rows/46/ready_ms	float	617.755393
/rows/46/result	object	-
/rows/46/result/correctness	string	passed
/rows/46/result/filesystem	object	-
/rows/46/result/filesystem/cargo	object	-
/rows/46/result/filesystem/cargo/check	object	-
/rows/46/result/filesystem/cargo/check/modules	integer	64
/rows/46/result/filesystem/cargo/check/result	string	2016
/rows/46/result/filesystem/cargo/python	string	3.14.7
/rows/46/result/filesystem/cargo/worker_ms	float	582.339812
/rows/46/result/filesystem/cargo/workload	string	cargo
/rows/46/result/filesystem/git	object	-
/rows/46/result/filesystem/git/check	object	-
/rows/46/result/filesystem/git/check/git_clean	boolean	true
/rows/46/result/filesystem/git/python	string	3.14.7
/rows/46/result/filesystem/git/worker_ms	float	427.595477
/rows/46/result/filesystem/git/workload	string	git
/rows/46/result/filesystem/metadata	object	-
/rows/46/result/filesystem/metadata/check	object	-
/rows/46/result/filesystem/metadata/check/bytes	integer	2095104
/rows/46/result/filesystem/metadata/check/files	integer	2048
/rows/46/result/filesystem/metadata/python	string	3.14.7
/rows/46/result/filesystem/metadata/worker_ms	float	207.059119
/rows/46/result/filesystem/metadata/workload	string	metadata
/rows/46/result/filesystem/npm	object	-
/rows/46/result/filesystem/npm/check	object	-
/rows/46/result/filesystem/npm/check/local_packages	integer	32
/rows/46/result/filesystem/npm/python	string	3.14.7
/rows/46/result/filesystem/npm/worker_ms	float	1491.722845
/rows/46/result/filesystem/npm/workload	string	npm
/rows/46/result/filesystem/read	object	-
/rows/46/result/filesystem/read/check	object	-
/rows/46/result/filesystem/read/check/bytes	integer	67108864
/rows/46/result/filesystem/read/check/sha256	string	42ef3a50fe506ced865473b082c8b28f6ce254e6e2b01266b6a563531a6267bc
/rows/46/result/filesystem/read/python	string	3.14.7
/rows/46/result/filesystem/read/worker_ms	float	193.141005
/rows/46/result/filesystem/read/workload	string	read
/rows/46/result/filesystem/rg	object	-
/rows/46/result/filesystem/rg/check	object	-
/rows/46/result/filesystem/rg/check/matches	integer	2048
/rows/46/result/filesystem/rg/python	string	3.14.7
/rows/46/result/filesystem/rg/worker_ms	float	463.377715
/rows/46/result/filesystem/rg/workload	string	rg
/rows/46/result/filesystem/write	object	-
/rows/46/result/filesystem/write/check	object	-
/rows/46/result/filesystem/write/check/bytes	integer	16777216
/rows/46/result/filesystem/write/check/files	integer	256
/rows/46/result/filesystem/write/python	string	3.14.7
/rows/46/result/filesystem/write/worker_ms	float	262.584551
/rows/46/result/filesystem/write/workload	string	write
/rows/46/result/mode	string	filesystem
/rows/46/result/worker_ms	float	4154.344482
/rows/46/result_ms	float	4773.086376
/rows/46/trial	integer	9
/rows/46/variant	string	baseline
/rows/47	object	-
/rows/47/backend	string	pvisor-vm
/rows/47/completion_ms	float	5061.165077
/rows/47/correctness	string	passed
/rows/47/logs	string	/home/reiase/workspace/pvisor/target/p1-filesystem-historical-full-20261005/candidate/trials/filesystem-pvisor-vm-009
/rows/47/memory_scope	string	owned launcher tree; Docker daemon/container RSS excluded
/rows/47/mode	string	filesystem
/rows/47/peak_tree_rss_kib	integer	828324
/rows/47/prepare_ms	float	37.092251
/rows/47/ready_ms	float	606.665566
/rows/47/result	object	-
/rows/47/result/correctness	string	passed
/rows/47/result/filesystem	object	-
/rows/47/result/filesystem/cargo	object	-
/rows/47/result/filesystem/cargo/check	object	-
/rows/47/result/filesystem/cargo/check/modules	integer	64
/rows/47/result/filesystem/cargo/check/result	string	2016
/rows/47/result/filesystem/cargo/python	string	3.14.7
/rows/47/result/filesystem/cargo/worker_ms	float	524.753434
/rows/47/result/filesystem/cargo/workload	string	cargo
/rows/47/result/filesystem/git	object	-
/rows/47/result/filesystem/git/check	object	-
/rows/47/result/filesystem/git/check/git_clean	boolean	true
/rows/47/result/filesystem/git/python	string	3.14.7
/rows/47/result/filesystem/git/worker_ms	float	423.002462
/rows/47/result/filesystem/git/workload	string	git
/rows/47/result/filesystem/metadata	object	-
/rows/47/result/filesystem/metadata/check	object	-
/rows/47/result/filesystem/metadata/check/bytes	integer	2095104
/rows/47/result/filesystem/metadata/check/files	integer	2048
/rows/47/result/filesystem/metadata/python	string	3.14.7
/rows/47/result/filesystem/metadata/worker_ms	float	217.980185
/rows/47/result/filesystem/metadata/workload	string	metadata
/rows/47/result/filesystem/npm	object	-
/rows/47/result/filesystem/npm/check	object	-
/rows/47/result/filesystem/npm/check/local_packages	integer	32
/rows/47/result/filesystem/npm/python	string	3.14.7
/rows/47/result/filesystem/npm/worker_ms	float	1667.808675
/rows/47/result/filesystem/npm/workload	string	npm
/rows/47/result/filesystem/read	object	-
/rows/47/result/filesystem/read/check	object	-
/rows/47/result/filesystem/read/check/bytes	integer	67108864
/rows/47/result/filesystem/read/check/sha256	string	42ef3a50fe506ced865473b082c8b28f6ce254e6e2b01266b6a563531a6267bc
/rows/47/result/filesystem/read/python	string	3.14.7
/rows/47/result/filesystem/read/worker_ms	float	146.675396
/rows/47/result/filesystem/read/workload	string	read
/rows/47/result/filesystem/rg	object	-
/rows/47/result/filesystem/rg/check	object	-
/rows/47/result/filesystem/rg/check/matches	integer	2048
/rows/47/result/filesystem/rg/python	string	3.14.7
/rows/47/result/filesystem/rg/worker_ms	float	505.126087
/rows/47/result/filesystem/rg/workload	string	rg
/rows/47/result/filesystem/write	object	-
/rows/47/result/filesystem/write/check	object	-
/rows/47/result/filesystem/write/check/bytes	integer	16777216
/rows/47/result/filesystem/write/check/files	integer	256
/rows/47/result/filesystem/write/python	string	3.14.7
/rows/47/result/filesystem/write/worker_ms	float	243.812324
/rows/47/result/filesystem/write/workload	string	write
/rows/47/result/mode	string	filesystem
/rows/47/result/worker_ms	float	4332.804314
/rows/47/result_ms	float	4940.354741
/rows/47/trial	integer	9
/rows/47/variant	string	candidate
/rows/48	object	-
/rows/48/backend	string	pvisor-staged
/rows/48/completion_ms	float	1293.778926
/rows/48/correctness	string	passed
/rows/48/logs	string	/home/reiase/workspace/pvisor/target/p1-filesystem-historical-full-20261005/candidate/trials/filesystem-pvisor-staged-009
/rows/48/memory_scope	string	owned launcher tree; Docker daemon/container RSS excluded
/rows/48/mode	string	filesystem
/rows/48/peak_tree_rss_kib	integer	177100
/rows/48/prepare_ms	float	36.43245
/rows/48/ready_ms	float	63.289181
/rows/48/result	object	-
/rows/48/result/correctness	string	passed
/rows/48/result/filesystem	object	-
/rows/48/result/filesystem/cargo	object	-
/rows/48/result/filesystem/cargo/check	object	-
/rows/48/result/filesystem/cargo/check/modules	integer	64
/rows/48/result/filesystem/cargo/check/result	string	2016
/rows/48/result/filesystem/cargo/python	string	3.14.7
/rows/48/result/filesystem/cargo/worker_ms	float	114.628189
/rows/48/result/filesystem/cargo/workload	string	cargo
/rows/48/result/filesystem/git	object	-
/rows/48/result/filesystem/git/check	object	-
/rows/48/result/filesystem/git/check/git_clean	boolean	true
/rows/48/result/filesystem/git/python	string	3.14.7
/rows/48/result/filesystem/git/worker_ms	float	167.441388
/rows/48/result/filesystem/git/workload	string	git
/rows/48/result/filesystem/metadata	object	-
/rows/48/result/filesystem/metadata/check	object	-
/rows/48/result/filesystem/metadata/check/bytes	integer	2095104
/rows/48/result/filesystem/metadata/check/files	integer	2048
/rows/48/result/filesystem/metadata/python	string	3.14.7
/rows/48/result/filesystem/metadata/worker_ms	float	77.560604
/rows/48/result/filesystem/metadata/workload	string	metadata
/rows/48/result/filesystem/npm	object	-
/rows/48/result/filesystem/npm/check	object	-
/rows/48/result/filesystem/npm/check/local_packages	integer	32
/rows/48/result/filesystem/npm/python	string	3.14.7
/rows/48/result/filesystem/npm/worker_ms	float	259.715891
/rows/48/result/filesystem/npm/workload	string	npm
/rows/48/result/filesystem/read	object	-
/rows/48/result/filesystem/read/check	object	-
/rows/48/result/filesystem/read/check/bytes	integer	67108864
/rows/48/result/filesystem/read/check/sha256	string	42ef3a50fe506ced865473b082c8b28f6ce254e6e2b01266b6a563531a6267bc
/rows/48/result/filesystem/read/python	string	3.14.7
/rows/48/result/filesystem/read/worker_ms	float	69.026447
/rows/48/result/filesystem/read/workload	string	read
/rows/48/result/filesystem/rg	object	-
/rows/48/result/filesystem/rg/check	object	-
/rows/48/result/filesystem/rg/check/matches	integer	2048
/rows/48/result/filesystem/rg/python	string	3.14.7
/rows/48/result/filesystem/rg/worker_ms	float	88.751227
/rows/48/result/filesystem/rg/workload	string	rg
/rows/48/result/filesystem/write	object	-
/rows/48/result/filesystem/write/check	object	-
/rows/48/result/filesystem/write/check/bytes	integer	16777216
/rows/48/result/filesystem/write/check/files	integer	256
/rows/48/result/filesystem/write/python	string	3.14.7
/rows/48/result/filesystem/write/worker_ms	float	198.904785
/rows/48/result/filesystem/write/workload	string	write
/rows/48/result/mode	string	filesystem
/rows/48/result/worker_ms	float	1102.818526
/rows/48/result_ms	float	1166.175442
/rows/48/trial	integer	9
/rows/48/variant	string	candidate
/rows/49	object	-
/rows/49/backend	string	native
/rows/49/completion_ms	float	460.102181
/rows/49/correctness	string	passed
/rows/49/logs	string	/home/reiase/workspace/pvisor/target/p1-filesystem-historical-full-20261005/native/trials/filesystem-native-009
/rows/49/memory_scope	string	owned launcher tree; Docker daemon/container RSS excluded
/rows/49/mode	string	filesystem
/rows/49/peak_tree_rss_kib	integer	140924
/rows/49/prepare_ms	float	38.347905
/rows/49/ready_ms	float	39.219802
/rows/49/result	object	-
/rows/49/result/correctness	string	passed
/rows/49/result/filesystem	object	-
/rows/49/result/filesystem/cargo	object	-
/rows/49/result/filesystem/cargo/check	object	-
/rows/49/result/filesystem/cargo/check/modules	integer	64
/rows/49/result/filesystem/cargo/check/result	string	2016
/rows/49/result/filesystem/cargo/python	string	3.14.7
/rows/49/result/filesystem/cargo/worker_ms	float	54.757779
/rows/49/result/filesystem/cargo/workload	string	cargo
/rows/49/result/filesystem/git	object	-
/rows/49/result/filesystem/git/check	object	-
/rows/49/result/filesystem/git/check/git_clean	boolean	true
/rows/49/result/filesystem/git/python	string	3.14.7
/rows/49/result/filesystem/git/worker_ms	float	14.653847
/rows/49/result/filesystem/git/workload	string	git
/rows/49/result/filesystem/metadata	object	-
/rows/49/result/filesystem/metadata/check	object	-
/rows/49/result/filesystem/metadata/check/bytes	integer	2095104
/rows/49/result/filesystem/metadata/check/files	integer	2048
/rows/49/result/filesystem/metadata/python	string	3.14.7
/rows/49/result/filesystem/metadata/worker_ms	float	4.755345
/rows/49/result/filesystem/metadata/workload	string	metadata
/rows/49/result/filesystem/npm	object	-
/rows/49/result/filesystem/npm/check	object	-
/rows/49/result/filesystem/npm/check/local_packages	integer	32
/rows/49/result/filesystem/npm/python	string	3.14.7
/rows/49/result/filesystem/npm/worker_ms	float	175.580498
/rows/49/result/filesystem/npm/workload	string	npm
/rows/49/result/filesystem/read	object	-
/rows/49/result/filesystem/read/check	object	-
/rows/49/result/filesystem/read/check/bytes	integer	67108864
/rows/49/result/filesystem/read/check/sha256	string	42ef3a50fe506ced865473b082c8b28f6ce254e6e2b01266b6a563531a6267bc
/rows/49/result/filesystem/read/python	string	3.14.7
/rows/49/result/filesystem/read/worker_ms	float	32.183772
/rows/49/result/filesystem/read/workload	string	read
/rows/49/result/filesystem/rg	object	-
/rows/49/result/filesystem/rg/check	object	-
/rows/49/result/filesystem/rg/check/matches	integer	2048
/rows/49/result/filesystem/rg/python	string	3.14.7
/rows/49/result/filesystem/rg/worker_ms	float	9.930742
/rows/49/result/filesystem/rg/workload	string	rg
/rows/49/result/filesystem/write	object	-
/rows/49/result/filesystem/write/check	object	-
/rows/49/result/filesystem/write/check/bytes	integer	16777216
/rows/49/result/filesystem/write/check/files	integer	256
/rows/49/result/filesystem/write/python	string	3.14.7
/rows/49/result/filesystem/write/worker_ms	float	3.990347
/rows/49/result/filesystem/write/workload	string	write
/rows/49/result/mode	string	filesystem
/rows/49/result/worker_ms	float	413.066844
/rows/49/result_ms	float	452.340346
/rows/49/trial	integer	9
/rows/49/variant	string	native
/rows/50	object	-
/rows/50/backend	string	pvisor-staged
/rows/50/completion_ms	float	1200.215557
/rows/50/correctness	string	passed
/rows/50/logs	string	/home/reiase/workspace/pvisor/target/p1-filesystem-historical-full-20261005/baseline/trials/filesystem-pvisor-staged-010
/rows/50/memory_scope	string	owned launcher tree; Docker daemon/container RSS excluded
/rows/50/mode	string	filesystem
/rows/50/peak_tree_rss_kib	integer	164576
/rows/50/prepare_ms	float	36.393949
/rows/50/ready_ms	float	49.208232
/rows/50/result	object	-
/rows/50/result/correctness	string	passed
/rows/50/result/filesystem	object	-
/rows/50/result/filesystem/cargo	object	-
/rows/50/result/filesystem/cargo/check	object	-
/rows/50/result/filesystem/cargo/check/modules	integer	64
/rows/50/result/filesystem/cargo/check/result	string	2016
/rows/50/result/filesystem/cargo/python	string	3.14.7
/rows/50/result/filesystem/cargo/worker_ms	float	114.217222
/rows/50/result/filesystem/cargo/workload	string	cargo
/rows/50/result/filesystem/git	object	-
/rows/50/result/filesystem/git/check	object	-
/rows/50/result/filesystem/git/check/git_clean	boolean	true
/rows/50/result/filesystem/git/python	string	3.14.7
/rows/50/result/filesystem/git/worker_ms	float	164.188227
/rows/50/result/filesystem/git/workload	string	git
/rows/50/result/filesystem/metadata	object	-
/rows/50/result/filesystem/metadata/check	object	-
/rows/50/result/filesystem/metadata/check/bytes	integer	2095104
/rows/50/result/filesystem/metadata/check/files	integer	2048
/rows/50/result/filesystem/metadata/python	string	3.14.7
/rows/50/result/filesystem/metadata/worker_ms	float	76.403595
/rows/50/result/filesystem/metadata/workload	string	metadata
/rows/50/result/filesystem/npm	object	-
/rows/50/result/filesystem/npm/check	object	-
/rows/50/result/filesystem/npm/check/local_packages	integer	32
/rows/50/result/filesystem/npm/python	string	3.14.7
/rows/50/result/filesystem/npm/worker_ms	float	210.822336
/rows/50/result/filesystem/npm/workload	string	npm
/rows/50/result/filesystem/read	object	-
/rows/50/result/filesystem/read/check	object	-
/rows/50/result/filesystem/read/check/bytes	integer	67108864
/rows/50/result/filesystem/read/check/sha256	string	42ef3a50fe506ced865473b082c8b28f6ce254e6e2b01266b6a563531a6267bc
/rows/50/result/filesystem/read/python	string	3.14.7
/rows/50/result/filesystem/read/worker_ms	float	67.290749
/rows/50/result/filesystem/read/workload	string	read
/rows/50/result/filesystem/rg	object	-
/rows/50/result/filesystem/rg/check	object	-
/rows/50/result/filesystem/rg/check/matches	integer	2048
/rows/50/result/filesystem/rg/python	string	3.14.7
/rows/50/result/filesystem/rg/worker_ms	float	89.418002
/rows/50/result/filesystem/rg/workload	string	rg
/rows/50/result/filesystem/write	object	-
/rows/50/result/filesystem/write/check	object	-
/rows/50/result/filesystem/write/check/bytes	integer	16777216
/rows/50/result/filesystem/write/check/files	integer	256
/rows/50/result/filesystem/write/python	string	3.14.7
/rows/50/result/filesystem/write/worker_ms	float	192.972825
/rows/50/result/filesystem/write/workload	string	write
/rows/50/result/mode	string	filesystem
/rows/50/result/worker_ms	float	1039.881684
/rows/50/result_ms	float	1089.126002
/rows/50/trial	integer	10
/rows/50/variant	string	baseline
/rows/51	object	-
/rows/51/backend	string	pvisor-vm
/rows/51/completion_ms	float	5139.565668
/rows/51/correctness	string	passed
/rows/51/logs	string	/home/reiase/workspace/pvisor/target/p1-filesystem-historical-full-20261005/candidate/trials/filesystem-pvisor-vm-010
/rows/51/memory_scope	string	owned launcher tree; Docker daemon/container RSS excluded
/rows/51/mode	string	filesystem
/rows/51/peak_tree_rss_kib	integer	844740
/rows/51/prepare_ms	float	37.222746
/rows/51/ready_ms	float	645.121353
/rows/51/result	object	-
/rows/51/result/correctness	string	passed
/rows/51/result/filesystem	object	-
/rows/51/result/filesystem/cargo	object	-
/rows/51/result/filesystem/cargo/check	object	-
/rows/51/result/filesystem/cargo/check/modules	integer	64
/rows/51/result/filesystem/cargo/check/result	string	2016
/rows/51/result/filesystem/cargo/python	string	3.14.7
/rows/51/result/filesystem/cargo/worker_ms	float	547.969487
/rows/51/result/filesystem/cargo/workload	string	cargo
/rows/51/result/filesystem/git	object	-
/rows/51/result/filesystem/git/check	object	-
/rows/51/result/filesystem/git/check/git_clean	boolean	true
/rows/51/result/filesystem/git/python	string	3.14.7
/rows/51/result/filesystem/git/worker_ms	float	380.595339
/rows/51/result/filesystem/git/workload	string	git
/rows/51/result/filesystem/metadata	object	-
/rows/51/result/filesystem/metadata/check	object	-
/rows/51/result/filesystem/metadata/check/bytes	integer	2095104
/rows/51/result/filesystem/metadata/check/files	integer	2048
/rows/51/result/filesystem/metadata/python	string	3.14.7
/rows/51/result/filesystem/metadata/worker_ms	float	260.16311
/rows/51/result/filesystem/metadata/workload	string	metadata
/rows/51/result/filesystem/npm	object	-
/rows/51/result/filesystem/npm/check	object	-
/rows/51/result/filesystem/npm/check/local_packages	integer	32
/rows/51/result/filesystem/npm/python	string	3.14.7
/rows/51/result/filesystem/npm/worker_ms	float	1719.628112
/rows/51/result/filesystem/npm/workload	string	npm
/rows/51/result/filesystem/read	object	-
/rows/51/result/filesystem/read/check	object	-
/rows/51/result/filesystem/read/check/bytes	integer	67108864
/rows/51/result/filesystem/read/check/sha256	string	42ef3a50fe506ced865473b082c8b28f6ce254e6e2b01266b6a563531a6267bc
/rows/51/result/filesystem/read/python	string	3.14.7
/rows/51/result/filesystem/read/worker_ms	float	119.0487
/rows/51/result/filesystem/read/workload	string	read
/rows/51/result/filesystem/rg	object	-
/rows/51/result/filesystem/rg/check	object	-
/rows/51/result/filesystem/rg/check/matches	integer	2048
/rows/51/result/filesystem/rg/python	string	3.14.7
/rows/51/result/filesystem/rg/worker_ms	float	557.464625
/rows/51/result/filesystem/rg/workload	string	rg
/rows/51/result/filesystem/write	object	-
/rows/51/result/filesystem/write/check	object	-
/rows/51/result/filesystem/write/check/bytes	integer	16777216
/rows/51/result/filesystem/write/check/files	integer	256
/rows/51/result/filesystem/write/python	string	3.14.7
/rows/51/result/filesystem/write/worker_ms	float	242.270879
/rows/51/result/filesystem/write/workload	string	write
/rows/51/result/mode	string	filesystem
/rows/51/result/worker_ms	float	4363.213297
/rows/51/result_ms	float	5009.283686
/rows/51/trial	integer	10
/rows/51/variant	string	candidate
/rows/52	object	-
/rows/52/backend	string	pvisor-vm
/rows/52/completion_ms	float	5294.273373
/rows/52/correctness	string	passed
/rows/52/logs	string	/home/reiase/workspace/pvisor/target/p1-filesystem-historical-full-20261005/baseline/trials/filesystem-pvisor-vm-010
/rows/52/memory_scope	string	owned launcher tree; Docker daemon/container RSS excluded
/rows/52/mode	string	filesystem
/rows/52/peak_tree_rss_kib	integer	812112
/rows/52/prepare_ms	float	37.344372
/rows/52/ready_ms	float	606.006467
/rows/52/result	object	-
/rows/52/result/correctness	string	passed
/rows/52/result/filesystem	object	-
/rows/52/result/filesystem/cargo	object	-
/rows/52/result/filesystem/cargo/check	object	-
/rows/52/result/filesystem/cargo/check/modules	integer	64
/rows/52/result/filesystem/cargo/check/result	string	2016
/rows/52/result/filesystem/cargo/python	string	3.14.7
/rows/52/result/filesystem/cargo/worker_ms	float	643.351881
/rows/52/result/filesystem/cargo/workload	string	cargo
/rows/52/result/filesystem/git	object	-
/rows/52/result/filesystem/git/check	object	-
/rows/52/result/filesystem/git/check/git_clean	boolean	true
/rows/52/result/filesystem/git/python	string	3.14.7
/rows/52/result/filesystem/git/worker_ms	float	454.195222
/rows/52/result/filesystem/git/workload	string	git
/rows/52/result/filesystem/metadata	object	-
/rows/52/result/filesystem/metadata/check	object	-
/rows/52/result/filesystem/metadata/check/bytes	integer	2095104
/rows/52/result/filesystem/metadata/check/files	integer	2048
/rows/52/result/filesystem/metadata/python	string	3.14.7
/rows/52/result/filesystem/metadata/worker_ms	float	157.067703
/rows/52/result/filesystem/metadata/workload	string	metadata
/rows/52/result/filesystem/npm	object	-
/rows/52/result/filesystem/npm/check	object	-
/rows/52/result/filesystem/npm/check/local_packages	integer	32
/rows/52/result/filesystem/npm/python	string	3.14.7
/rows/52/result/filesystem/npm/worker_ms	float	1870.40343
/rows/52/result/filesystem/npm/workload	string	npm
/rows/52/result/filesystem/read	object	-
/rows/52/result/filesystem/read/check	object	-
/rows/52/result/filesystem/read/check/bytes	integer	67108864
/rows/52/result/filesystem/read/check/sha256	string	42ef3a50fe506ced865473b082c8b28f6ce254e6e2b01266b6a563531a6267bc
/rows/52/result/filesystem/read/python	string	3.14.7
/rows/52/result/filesystem/read/worker_ms	float	170.740338
/rows/52/result/filesystem/read/workload	string	read
/rows/52/result/filesystem/rg	object	-
/rows/52/result/filesystem/rg/check	object	-
/rows/52/result/filesystem/rg/check/matches	integer	2048
/rows/52/result/filesystem/rg/python	string	3.14.7
/rows/52/result/filesystem/rg/worker_ms	float	490.039516
/rows/52/result/filesystem/rg/workload	string	rg
/rows/52/result/filesystem/write	object	-
/rows/52/result/filesystem/write/check	object	-
/rows/52/result/filesystem/write/check/bytes	integer	16777216
/rows/52/result/filesystem/write/check/files	integer	256
/rows/52/result/filesystem/write/python	string	3.14.7
/rows/52/result/filesystem/write/worker_ms	float	230.239716
/rows/52/result/filesystem/write/workload	string	write
/rows/52/result/mode	string	filesystem
/rows/52/result/worker_ms	float	4572.445423
/rows/52/result_ms	float	5179.266568
/rows/52/trial	integer	10
/rows/52/variant	string	baseline
/rows/53	object	-
/rows/53/backend	string	native
/rows/53/completion_ms	float	458.655841
/rows/53/correctness	string	passed
/rows/53/logs	string	/home/reiase/workspace/pvisor/target/p1-filesystem-historical-full-20261005/native/trials/filesystem-native-010
/rows/53/memory_scope	string	owned launcher tree; Docker daemon/container RSS excluded
/rows/53/mode	string	filesystem
/rows/53/peak_tree_rss_kib	integer	141516
/rows/53/prepare_ms	float	37.737336
/rows/53/ready_ms	float	40.52102
/rows/53/result	object	-
/rows/53/result/correctness	string	passed
/rows/53/result/filesystem	object	-
/rows/53/result/filesystem/cargo	object	-
/rows/53/result/filesystem/cargo/check	object	-
/rows/53/result/filesystem/cargo/check/modules	integer	64
/rows/53/result/filesystem/cargo/check/result	string	2016
/rows/53/result/filesystem/cargo/python	string	3.14.7
/rows/53/result/filesystem/cargo/worker_ms	float	54.017979
/rows/53/result/filesystem/cargo/workload	string	cargo
/rows/53/result/filesystem/git	object	-
/rows/53/result/filesystem/git/check	object	-
/rows/53/result/filesystem/git/check/git_clean	boolean	true
/rows/53/result/filesystem/git/python	string	3.14.7
/rows/53/result/filesystem/git/worker_ms	float	14.68258
/rows/53/result/filesystem/git/workload	string	git
/rows/53/result/filesystem/metadata	object	-
/rows/53/result/filesystem/metadata/check	object	-
/rows/53/result/filesystem/metadata/check/bytes	integer	2095104
/rows/53/result/filesystem/metadata/check/files	integer	2048
/rows/53/result/filesystem/metadata/python	string	3.14.7
/rows/53/result/filesystem/metadata/worker_ms	float	5.025509
/rows/53/result/filesystem/metadata/workload	string	metadata
/rows/53/result/filesystem/npm	object	-
/rows/53/result/filesystem/npm/check	object	-
/rows/53/result/filesystem/npm/check/local_packages	integer	32
/rows/53/result/filesystem/npm/python	string	3.14.7
/rows/53/result/filesystem/npm/worker_ms	float	174.093292
/rows/53/result/filesystem/npm/workload	string	npm
/rows/53/result/filesystem/read	object	-
/rows/53/result/filesystem/read/check	object	-
/rows/53/result/filesystem/read/check/bytes	integer	67108864
/rows/53/result/filesystem/read/check/sha256	string	42ef3a50fe506ced865473b082c8b28f6ce254e6e2b01266b6a563531a6267bc
/rows/53/result/filesystem/read/python	string	3.14.7
/rows/53/result/filesystem/read/worker_ms	float	32.650623
/rows/53/result/filesystem/read/workload	string	read
/rows/53/result/filesystem/rg	object	-
/rows/53/result/filesystem/rg/check	object	-
/rows/53/result/filesystem/rg/check/matches	integer	2048
/rows/53/result/filesystem/rg/python	string	3.14.7
/rows/53/result/filesystem/rg/worker_ms	float	8.024886
/rows/53/result/filesystem/rg/workload	string	rg
/rows/53/result/filesystem/write	object	-
/rows/53/result/filesystem/write/check	object	-
/rows/53/result/filesystem/write/check/bytes	integer	16777216
/rows/53/result/filesystem/write/check/files	integer	256
/rows/53/result/filesystem/write/python	string	3.14.7
/rows/53/result/filesystem/write/worker_ms	float	4.237649
/rows/53/result/filesystem/write/workload	string	write
/rows/53/result/mode	string	filesystem
/rows/53/result/worker_ms	float	409.747189
/rows/53/result_ms	float	450.369758
/rows/53/trial	integer	10
/rows/53/variant	string	native
/rows/54	object	-
/rows/54/backend	string	pvisor-staged
/rows/54/completion_ms	float	1282.077418
/rows/54/correctness	string	passed
/rows/54/logs	string	/home/reiase/workspace/pvisor/target/p1-filesystem-historical-full-20261005/candidate/trials/filesystem-pvisor-staged-010
/rows/54/memory_scope	string	owned launcher tree; Docker daemon/container RSS excluded
/rows/54/mode	string	filesystem
/rows/54/peak_tree_rss_kib	integer	180908
/rows/54/prepare_ms	float	36.181021
/rows/54/ready_ms	float	61.924283
/rows/54/result	object	-
/rows/54/result/correctness	string	passed
/rows/54/result/filesystem	object	-
/rows/54/result/filesystem/cargo	object	-
/rows/54/result/filesystem/cargo/check	object	-
/rows/54/result/filesystem/cargo/check/modules	integer	64
/rows/54/result/filesystem/cargo/check/result	string	2016
/rows/54/result/filesystem/cargo/python	string	3.14.7
/rows/54/result/filesystem/cargo/worker_ms	float	111.185995
/rows/54/result/filesystem/cargo/workload	string	cargo
/rows/54/result/filesystem/git	object	-
/rows/54/result/filesystem/git/check	object	-
/rows/54/result/filesystem/git/check/git_clean	boolean	true
/rows/54/result/filesystem/git/python	string	3.14.7
/rows/54/result/filesystem/git/worker_ms	float	164.824465
/rows/54/result/filesystem/git/workload	string	git
/rows/54/result/filesystem/metadata	object	-
/rows/54/result/filesystem/metadata/check	object	-
/rows/54/result/filesystem/metadata/check/bytes	integer	2095104
/rows/54/result/filesystem/metadata/check/files	integer	2048
/rows/54/result/filesystem/metadata/python	string	3.14.7
/rows/54/result/filesystem/metadata/worker_ms	float	77.431252
/rows/54/result/filesystem/metadata/workload	string	metadata
/rows/54/result/filesystem/npm	object	-
/rows/54/result/filesystem/npm/check	object	-
/rows/54/result/filesystem/npm/check/local_packages	integer	32
/rows/54/result/filesystem/npm/python	string	3.14.7
/rows/54/result/filesystem/npm/worker_ms	float	259.085094
/rows/54/result/filesystem/npm/workload	string	npm
/rows/54/result/filesystem/read	object	-
/rows/54/result/filesystem/read/check	object	-
/rows/54/result/filesystem/read/check/bytes	integer	67108864
/rows/54/result/filesystem/read/check/sha256	string	42ef3a50fe506ced865473b082c8b28f6ce254e6e2b01266b6a563531a6267bc
/rows/54/result/filesystem/read/python	string	3.14.7
/rows/54/result/filesystem/read/worker_ms	float	68.560176
/rows/54/result/filesystem/read/workload	string	read
/rows/54/result/filesystem/rg	object	-
/rows/54/result/filesystem/rg/check	object	-
/rows/54/result/filesystem/rg/check/matches	integer	2048
/rows/54/result/filesystem/rg/python	string	3.14.7
/rows/54/result/filesystem/rg/worker_ms	float	89.958952
/rows/54/result/filesystem/rg/workload	string	rg
/rows/54/result/filesystem/write	object	-
/rows/54/result/filesystem/write/check	object	-
/rows/54/result/filesystem/write/check/bytes	integer	16777216
/rows/54/result/filesystem/write/check/files	integer	256
/rows/54/result/filesystem/write/python	string	3.14.7
/rows/54/result/filesystem/write/worker_ms	float	196.839852
/rows/54/result/filesystem/write/workload	string	write
/rows/54/result/mode	string	filesystem
/rows/54/result/worker_ms	float	1092.456709
/rows/54/result_ms	float	1154.478053
/rows/54/trial	integer	10
/rows/54/variant	string	candidate
/rows/55	object	-
/rows/55/backend	string	pvisor-staged
/rows/55/completion_ms	float	1209.175729
/rows/55/correctness	string	passed
/rows/55/logs	string	/home/reiase/workspace/pvisor/target/p1-filesystem-historical-full-20261005/baseline/trials/filesystem-pvisor-staged-011
/rows/55/memory_scope	string	owned launcher tree; Docker daemon/container RSS excluded
/rows/55/mode	string	filesystem
/rows/55/peak_tree_rss_kib	integer	164968
/rows/55/prepare_ms	float	35.897562
/rows/55/ready_ms	float	47.769958
/rows/55/result	object	-
/rows/55/result/correctness	string	passed
/rows/55/result/filesystem	object	-
/rows/55/result/filesystem/cargo	object	-
/rows/55/result/filesystem/cargo/check	object	-
/rows/55/result/filesystem/cargo/check/modules	integer	64
/rows/55/result/filesystem/cargo/check/result	string	2016
/rows/55/result/filesystem/cargo/python	string	3.14.7
/rows/55/result/filesystem/cargo/worker_ms	float	110.153879
/rows/55/result/filesystem/cargo/workload	string	cargo
/rows/55/result/filesystem/git	object	-
/rows/55/result/filesystem/git/check	object	-
/rows/55/result/filesystem/git/check/git_clean	boolean	true
/rows/55/result/filesystem/git/python	string	3.14.7
/rows/55/result/filesystem/git/worker_ms	float	165.74912
/rows/55/result/filesystem/git/workload	string	git
/rows/55/result/filesystem/metadata	object	-
/rows/55/result/filesystem/metadata/check	object	-
/rows/55/result/filesystem/metadata/check/bytes	integer	2095104
/rows/55/result/filesystem/metadata/check/files	integer	2048
/rows/55/result/filesystem/metadata/python	string	3.14.7
/rows/55/result/filesystem/metadata/worker_ms	float	76.994317
/rows/55/result/filesystem/metadata/workload	string	metadata
/rows/55/result/filesystem/npm	object	-
/rows/55/result/filesystem/npm/check	object	-
/rows/55/result/filesystem/npm/check/local_packages	integer	32
/rows/55/result/filesystem/npm/python	string	3.14.7
/rows/55/result/filesystem/npm/worker_ms	float	213.014076
/rows/55/result/filesystem/npm/workload	string	npm
/rows/55/result/filesystem/read	object	-
/rows/55/result/filesystem/read/check	object	-
/rows/55/result/filesystem/read/check/bytes	integer	67108864
/rows/55/result/filesystem/read/check/sha256	string	42ef3a50fe506ced865473b082c8b28f6ce254e6e2b01266b6a563531a6267bc
/rows/55/result/filesystem/read/python	string	3.14.7
/rows/55/result/filesystem/read/worker_ms	float	67.778347
/rows/55/result/filesystem/read/workload	string	read
/rows/55/result/filesystem/rg	object	-
/rows/55/result/filesystem/rg/check	object	-
/rows/55/result/filesystem/rg/check/matches	integer	2048
/rows/55/result/filesystem/rg/python	string	3.14.7
/rows/55/result/filesystem/rg/worker_ms	float	87.649572
/rows/55/result/filesystem/rg/workload	string	rg
/rows/55/result/filesystem/write	object	-
/rows/55/result/filesystem/write/check	object	-
/rows/55/result/filesystem/write/check/bytes	integer	16777216
/rows/55/result/filesystem/write/check/files	integer	256
/rows/55/result/filesystem/write/python	string	3.14.7
/rows/55/result/filesystem/write/worker_ms	float	195.810892
/rows/55/result/filesystem/write/workload	string	write
/rows/55/result/mode	string	filesystem
/rows/55/result/worker_ms	float	1041.263812
/rows/55/result_ms	float	1089.07644
/rows/55/trial	integer	11
/rows/55/variant	string	baseline
/rows/56	object	-
/rows/56/backend	string	native
/rows/56/completion_ms	float	462.639967
/rows/56/correctness	string	passed
/rows/56/logs	string	/home/reiase/workspace/pvisor/target/p1-filesystem-historical-full-20261005/native/trials/filesystem-native-011
/rows/56/memory_scope	string	owned launcher tree; Docker daemon/container RSS excluded
/rows/56/mode	string	filesystem
/rows/56/peak_tree_rss_kib	integer	144484
/rows/56/prepare_ms	float	36.627594
/rows/56/ready_ms	float	39.144841
/rows/56/result	object	-
/rows/56/result/correctness	string	passed
/rows/56/result/filesystem	object	-
/rows/56/result/filesystem/cargo	object	-
/rows/56/result/filesystem/cargo/check	object	-
/rows/56/result/filesystem/cargo/check/modules	integer	64
/rows/56/result/filesystem/cargo/check/result	string	2016
/rows/56/result/filesystem/cargo/python	string	3.14.7
/rows/56/result/filesystem/cargo/worker_ms	float	55.174717
/rows/56/result/filesystem/cargo/workload	string	cargo
/rows/56/result/filesystem/git	object	-
/rows/56/result/filesystem/git/check	object	-
/rows/56/result/filesystem/git/check/git_clean	boolean	true
/rows/56/result/filesystem/git/python	string	3.14.7
/rows/56/result/filesystem/git/worker_ms	float	15.54497
/rows/56/result/filesystem/git/workload	string	git
/rows/56/result/filesystem/metadata	object	-
/rows/56/result/filesystem/metadata/check	object	-
/rows/56/result/filesystem/metadata/check/bytes	integer	2095104
/rows/56/result/filesystem/metadata/check/files	integer	2048
/rows/56/result/filesystem/metadata/python	string	3.14.7
/rows/56/result/filesystem/metadata/worker_ms	float	5.294922
/rows/56/result/filesystem/metadata/workload	string	metadata
/rows/56/result/filesystem/npm	object	-
/rows/56/result/filesystem/npm/check	object	-
/rows/56/result/filesystem/npm/check/local_packages	integer	32
/rows/56/result/filesystem/npm/python	string	3.14.7
/rows/56/result/filesystem/npm/worker_ms	float	176.035026
/rows/56/result/filesystem/npm/workload	string	npm
/rows/56/result/filesystem/read	object	-
/rows/56/result/filesystem/read/check	object	-
/rows/56/result/filesystem/read/check/bytes	integer	67108864
/rows/56/result/filesystem/read/check/sha256	string	42ef3a50fe506ced865473b082c8b28f6ce254e6e2b01266b6a563531a6267bc
/rows/56/result/filesystem/read/python	string	3.14.7
/rows/56/result/filesystem/read/worker_ms	float	32.276304
/rows/56/result/filesystem/read/workload	string	read
/rows/56/result/filesystem/rg	object	-
/rows/56/result/filesystem/rg/check	object	-
/rows/56/result/filesystem/rg/check/matches	integer	2048
/rows/56/result/filesystem/rg/python	string	3.14.7
/rows/56/result/filesystem/rg/worker_ms	float	7.996302
/rows/56/result/filesystem/rg/workload	string	rg
/rows/56/result/filesystem/write	object	-
/rows/56/result/filesystem/write/check	object	-
/rows/56/result/filesystem/write/check/bytes	integer	16777216
/rows/56/result/filesystem/write/check/files	integer	256
/rows/56/result/filesystem/write/python	string	3.14.7
/rows/56/result/filesystem/write/worker_ms	float	4.245974
/rows/56/result/filesystem/write/workload	string	write
/rows/56/result/mode	string	filesystem
/rows/56/result/worker_ms	float	415.172313
/rows/56/result_ms	float	454.376645
/rows/56/trial	integer	11
/rows/56/variant	string	native
/rows/57	object	-
/rows/57/backend	string	pvisor-vm
/rows/57/completion_ms	float	4992.624658
/rows/57/correctness	string	passed
/rows/57/logs	string	/home/reiase/workspace/pvisor/target/p1-filesystem-historical-full-20261005/baseline/trials/filesystem-pvisor-vm-011
/rows/57/memory_scope	string	owned launcher tree; Docker daemon/container RSS excluded
/rows/57/mode	string	filesystem
/rows/57/peak_tree_rss_kib	integer	830192
/rows/57/prepare_ms	float	36.818039
/rows/57/ready_ms	float	655.589519
/rows/57/result	object	-
/rows/57/result/correctness	string	passed
/rows/57/result/filesystem	object	-
/rows/57/result/filesystem/cargo	object	-
/rows/57/result/filesystem/cargo/check	object	-
/rows/57/result/filesystem/cargo/check/modules	integer	64
/rows/57/result/filesystem/cargo/check/result	string	2016
/rows/57/result/filesystem/cargo/python	string	3.14.7
/rows/57/result/filesystem/cargo/worker_ms	float	544.671396
/rows/57/result/filesystem/cargo/workload	string	cargo
/rows/57/result/filesystem/git	object	-
/rows/57/result/filesystem/git/check	object	-
/rows/57/result/filesystem/git/check/git_clean	boolean	true
/rows/57/result/filesystem/git/python	string	3.14.7
/rows/57/result/filesystem/git/worker_ms	float	378.186661
/rows/57/result/filesystem/git/workload	string	git
/rows/57/result/filesystem/metadata	object	-
/rows/57/result/filesystem/metadata/check	object	-
/rows/57/result/filesystem/metadata/check/bytes	integer	2095104
/rows/57/result/filesystem/metadata/check/files	integer	2048
/rows/57/result/filesystem/metadata/python	string	3.14.7
/rows/57/result/filesystem/metadata/worker_ms	float	217.706162
/rows/57/result/filesystem/metadata/workload	string	metadata
/rows/57/result/filesystem/npm	object	-
/rows/57/result/filesystem/npm/check	object	-
/rows/57/result/filesystem/npm/check/local_packages	integer	32
/rows/57/result/filesystem/npm/python	string	3.14.7
/rows/57/result/filesystem/npm/worker_ms	float	1522.876261
/rows/57/result/filesystem/npm/workload	string	npm
/rows/57/result/filesystem/read	object	-
/rows/57/result/filesystem/read/check	object	-
/rows/57/result/filesystem/read/check/bytes	integer	67108864
/rows/57/result/filesystem/read/check/sha256	string	42ef3a50fe506ced865473b082c8b28f6ce254e6e2b01266b6a563531a6267bc
/rows/57/result/filesystem/read/python	string	3.14.7
/rows/57/result/filesystem/read/worker_ms	float	116.991841
/rows/57/result/filesystem/read/workload	string	read
/rows/57/result/filesystem/rg	object	-
/rows/57/result/filesystem/rg/check	object	-
/rows/57/result/filesystem/rg/check/matches	integer	2048
/rows/57/result/filesystem/rg/python	string	3.14.7
/rows/57/result/filesystem/rg/worker_ms	float	549.613794
/rows/57/result/filesystem/rg/workload	string	rg
/rows/57/result/filesystem/write	object	-
/rows/57/result/filesystem/write/check	object	-
/rows/57/result/filesystem/write/check/bytes	integer	16777216
/rows/57/result/filesystem/write/check/files	integer	256
/rows/57/result/filesystem/write/python	string	3.14.7
/rows/57/result/filesystem/write/worker_ms	float	236.42496
/rows/57/result/filesystem/write/workload	string	write
/rows/57/result/mode	string	filesystem
/rows/57/result/worker_ms	float	4070.467477
/rows/57/result_ms	float	4726.615533
/rows/57/trial	integer	11
/rows/57/variant	string	baseline
/rows/58	object	-
/rows/58/backend	string	pvisor-staged
/rows/58/completion_ms	float	1293.905301
/rows/58/correctness	string	passed
/rows/58/logs	string	/home/reiase/workspace/pvisor/target/p1-filesystem-historical-full-20261005/candidate/trials/filesystem-pvisor-staged-011
/rows/58/memory_scope	string	owned launcher tree; Docker daemon/container RSS excluded
/rows/58/mode	string	filesystem
/rows/58/peak_tree_rss_kib	integer	176824
/rows/58/prepare_ms	float	39.280555
/rows/58/ready_ms	float	68.006624
/rows/58/result	object	-
/rows/58/result/correctness	string	passed
/rows/58/result/filesystem	object	-
/rows/58/result/filesystem/cargo	object	-
/rows/58/result/filesystem/cargo/check	object	-
/rows/58/result/filesystem/cargo/check/modules	integer	64
/rows/58/result/filesystem/cargo/check/result	string	2016
/rows/58/result/filesystem/cargo/python	string	3.14.7
/rows/58/result/filesystem/cargo/worker_ms	float	112.964724
/rows/58/result/filesystem/cargo/workload	string	cargo
/rows/58/result/filesystem/git	object	-
/rows/58/result/filesystem/git/check	object	-
/rows/58/result/filesystem/git/check/git_clean	boolean	true
/rows/58/result/filesystem/git/python	string	3.14.7
/rows/58/result/filesystem/git/worker_ms	float	167.688129
/rows/58/result/filesystem/git/workload	string	git
/rows/58/result/filesystem/metadata	object	-
/rows/58/result/filesystem/metadata/check	object	-
/rows/58/result/filesystem/metadata/check/bytes	integer	2095104
/rows/58/result/filesystem/metadata/check/files	integer	2048
/rows/58/result/filesystem/metadata/python	string	3.14.7
/rows/58/result/filesystem/metadata/worker_ms	float	77.118298
/rows/58/result/filesystem/metadata/workload	string	metadata
/rows/58/result/filesystem/npm	object	-
/rows/58/result/filesystem/npm/check	object	-
/rows/58/result/filesystem/npm/check/local_packages	integer	32
/rows/58/result/filesystem/npm/python	string	3.14.7
/rows/58/result/filesystem/npm/worker_ms	float	260.097333
/rows/58/result/filesystem/npm/workload	string	npm
/rows/58/result/filesystem/read	object	-
/rows/58/result/filesystem/read/check	object	-
/rows/58/result/filesystem/read/check/bytes	integer	67108864
/rows/58/result/filesystem/read/check/sha256	string	42ef3a50fe506ced865473b082c8b28f6ce254e6e2b01266b6a563531a6267bc
/rows/58/result/filesystem/read/python	string	3.14.7
/rows/58/result/filesystem/read/worker_ms	float	69.801483
/rows/58/result/filesystem/read/workload	string	read
/rows/58/result/filesystem/rg	object	-
/rows/58/result/filesystem/rg/check	object	-
/rows/58/result/filesystem/rg/check/matches	integer	2048
/rows/58/result/filesystem/rg/python	string	3.14.7
/rows/58/result/filesystem/rg/worker_ms	float	88.200299
/rows/58/result/filesystem/rg/workload	string	rg
/rows/58/result/filesystem/write	object	-
/rows/58/result/filesystem/write/check	object	-
/rows/58/result/filesystem/write/check/bytes	integer	16777216
/rows/58/result/filesystem/write/check/files	integer	256
/rows/58/result/filesystem/write/python	string	3.14.7
/rows/58/result/filesystem/write/worker_ms	float	198.342616
/rows/58/result/filesystem/write/workload	string	write
/rows/58/result/mode	string	filesystem
/rows/58/result/worker_ms	float	1097.81602
/rows/58/result_ms	float	1165.893536
/rows/58/trial	integer	11
/rows/58/variant	string	candidate
/rows/59	object	-
/rows/59/backend	string	pvisor-vm
/rows/59/completion_ms	float	4914.283728
/rows/59/correctness	string	passed
/rows/59/logs	string	/home/reiase/workspace/pvisor/target/p1-filesystem-historical-full-20261005/candidate/trials/filesystem-pvisor-vm-011
/rows/59/memory_scope	string	owned launcher tree; Docker daemon/container RSS excluded
/rows/59/mode	string	filesystem
/rows/59/peak_tree_rss_kib	integer	828676
/rows/59/prepare_ms	float	40.528114
/rows/59/ready_ms	float	612.134263
/rows/59/result	object	-
/rows/59/result/correctness	string	passed
/rows/59/result/filesystem	object	-
/rows/59/result/filesystem/cargo	object	-
/rows/59/result/filesystem/cargo/check	object	-
/rows/59/result/filesystem/cargo/check/modules	integer	64
/rows/59/result/filesystem/cargo/check/result	string	2016
/rows/59/result/filesystem/cargo/python	string	3.14.7
/rows/59/result/filesystem/cargo/worker_ms	float	525.591723
/rows/59/result/filesystem/cargo/workload	string	cargo
/rows/59/result/filesystem/git	object	-
/rows/59/result/filesystem/git/check	object	-
/rows/59/result/filesystem/git/check/git_clean	boolean	true
/rows/59/result/filesystem/git/python	string	3.14.7
/rows/59/result/filesystem/git/worker_ms	float	378.838
/rows/59/result/filesystem/git/workload	string	git
/rows/59/result/filesystem/metadata	object	-
/rows/59/result/filesystem/metadata/check	object	-
/rows/59/result/filesystem/metadata/check/bytes	integer	2095104
/rows/59/result/filesystem/metadata/check/files	integer	2048
/rows/59/result/filesystem/metadata/python	string	3.14.7
/rows/59/result/filesystem/metadata/worker_ms	float	168.959275
/rows/59/result/filesystem/metadata/workload	string	metadata
/rows/59/result/filesystem/npm	object	-
/rows/59/result/filesystem/npm/check	object	-
/rows/59/result/filesystem/npm/check/local_packages	integer	32
/rows/59/result/filesystem/npm/python	string	3.14.7
/rows/59/result/filesystem/npm/worker_ms	float	1753.464948
/rows/59/result/filesystem/npm/workload	string	npm
/rows/59/result/filesystem/read	object	-
/rows/59/result/filesystem/read/check	object	-
/rows/59/result/filesystem/read/check/bytes	integer	67108864
/rows/59/result/filesystem/read/check/sha256	string	42ef3a50fe506ced865473b082c8b28f6ce254e6e2b01266b6a563531a6267bc
/rows/59/result/filesystem/read/python	string	3.14.7
/rows/59/result/filesystem/read/worker_ms	float	139.755607
/rows/59/result/filesystem/read/workload	string	read
/rows/59/result/filesystem/rg	object	-
/rows/59/result/filesystem/rg/check	object	-
/rows/59/result/filesystem/rg/check/matches	integer	2048
/rows/59/result/filesystem/rg/python	string	3.14.7
/rows/59/result/filesystem/rg/worker_ms	float	457.169468
/rows/59/result/filesystem/rg/workload	string	rg
/rows/59/result/filesystem/write	object	-
/rows/59/result/filesystem/write/check	object	-
/rows/59/result/filesystem/write/check/bytes	integer	16777216
/rows/59/result/filesystem/write/check/files	integer	256
/rows/59/result/filesystem/write/python	string	3.14.7
/rows/59/result/filesystem/write/worker_ms	float	202.898083
/rows/59/result/filesystem/write/workload	string	write
/rows/59/result/mode	string	filesystem
/rows/59/result/worker_ms	float	4195.72805
/rows/59/result_ms	float	4808.605983
/rows/59/trial	integer	11
/rows/59/variant	string	candidate
/rows/60	object	-
/rows/60/backend	string	pvisor-staged
/rows/60/completion_ms	float	1289.962003
/rows/60/correctness	string	passed
/rows/60/logs	string	/home/reiase/workspace/pvisor/target/p1-filesystem-historical-full-20261005/candidate/trials/filesystem-pvisor-staged-012
/rows/60/memory_scope	string	owned launcher tree; Docker daemon/container RSS excluded
/rows/60/mode	string	filesystem
/rows/60/peak_tree_rss_kib	integer	176940
/rows/60/prepare_ms	float	37.961163
/rows/60/ready_ms	float	63.575545
/rows/60/result	object	-
/rows/60/result/correctness	string	passed
/rows/60/result/filesystem	object	-
/rows/60/result/filesystem/cargo	object	-
/rows/60/result/filesystem/cargo/check	object	-
/rows/60/result/filesystem/cargo/check/modules	integer	64
/rows/60/result/filesystem/cargo/check/result	string	2016
/rows/60/result/filesystem/cargo/python	string	3.14.7
/rows/60/result/filesystem/cargo/worker_ms	float	113.669038
/rows/60/result/filesystem/cargo/workload	string	cargo
/rows/60/result/filesystem/git	object	-
/rows/60/result/filesystem/git/check	object	-
/rows/60/result/filesystem/git/check/git_clean	boolean	true
/rows/60/result/filesystem/git/python	string	3.14.7
/rows/60/result/filesystem/git/worker_ms	float	168.412421
/rows/60/result/filesystem/git/workload	string	git
/rows/60/result/filesystem/metadata	object	-
/rows/60/result/filesystem/metadata/check	object	-
/rows/60/result/filesystem/metadata/check/bytes	integer	2095104
/rows/60/result/filesystem/metadata/check/files	integer	2048
/rows/60/result/filesystem/metadata/python	string	3.14.7
/rows/60/result/filesystem/metadata/worker_ms	float	77.341044
/rows/60/result/filesystem/metadata/workload	string	metadata
/rows/60/result/filesystem/npm	object	-
/rows/60/result/filesystem/npm/check	object	-
/rows/60/result/filesystem/npm/check/local_packages	integer	32
/rows/60/result/filesystem/npm/python	string	3.14.7
/rows/60/result/filesystem/npm/worker_ms	float	261.889598
/rows/60/result/filesystem/npm/workload	string	npm
/rows/60/result/filesystem/read	object	-
/rows/60/result/filesystem/read/check	object	-
/rows/60/result/filesystem/read/check/bytes	integer	67108864
/rows/60/result/filesystem/read/check/sha256	string	42ef3a50fe506ced865473b082c8b28f6ce254e6e2b01266b6a563531a6267bc
/rows/60/result/filesystem/read/python	string	3.14.7
/rows/60/result/filesystem/read/worker_ms	float	69.585641
/rows/60/result/filesystem/read/workload	string	read
/rows/60/result/filesystem/rg	object	-
/rows/60/result/filesystem/rg/check	object	-
/rows/60/result/filesystem/rg/check/matches	integer	2048
/rows/60/result/filesystem/rg/python	string	3.14.7
/rows/60/result/filesystem/rg/worker_ms	float	90.230016
/rows/60/result/filesystem/rg/workload	string	rg
/rows/60/result/filesystem/write	object	-
/rows/60/result/filesystem/write/check	object	-
/rows/60/result/filesystem/write/check/bytes	integer	16777216
/rows/60/result/filesystem/write/check/files	integer	256
/rows/60/result/filesystem/write/python	string	3.14.7
/rows/60/result/filesystem/write/worker_ms	float	199.361007
/rows/60/result/filesystem/write/workload	string	write
/rows/60/result/mode	string	filesystem
/rows/60/result/worker_ms	float	1105.201022
/rows/60/result_ms	float	1168.894988
/rows/60/trial	integer	12
/rows/60/variant	string	candidate
/rows/61	object	-
/rows/61/backend	string	pvisor-vm
/rows/61/completion_ms	float	4972.399252
/rows/61/correctness	string	passed
/rows/61/logs	string	/home/reiase/workspace/pvisor/target/p1-filesystem-historical-full-20261005/candidate/trials/filesystem-pvisor-vm-012
/rows/61/memory_scope	string	owned launcher tree; Docker daemon/container RSS excluded
/rows/61/mode	string	filesystem
/rows/61/peak_tree_rss_kib	integer	825676
/rows/61/prepare_ms	float	38.548329
/rows/61/ready_ms	float	618.417338
/rows/61/result	object	-
/rows/61/result/correctness	string	passed
/rows/61/result/filesystem	object	-
/rows/61/result/filesystem/cargo	object	-
/rows/61/result/filesystem/cargo/check	object	-
/rows/61/result/filesystem/cargo/check/modules	integer	64
/rows/61/result/filesystem/cargo/check/result	string	2016
/rows/61/result/filesystem/cargo/python	string	3.14.7
/rows/61/result/filesystem/cargo/worker_ms	float	618.568726
/rows/61/result/filesystem/cargo/workload	string	cargo
/rows/61/result/filesystem/git	object	-
/rows/61/result/filesystem/git/check	object	-
/rows/61/result/filesystem/git/check/git_clean	boolean	true
/rows/61/result/filesystem/git/python	string	3.14.7
/rows/61/result/filesystem/git/worker_ms	float	418.3892
/rows/61/result/filesystem/git/workload	string	git
/rows/61/result/filesystem/metadata	object	-
/rows/61/result/filesystem/metadata/check	object	-
/rows/61/result/filesystem/metadata/check/bytes	integer	2095104
/rows/61/result/filesystem/metadata/check/files	integer	2048
/rows/61/result/filesystem/metadata/python	string	3.14.7
/rows/61/result/filesystem/metadata/worker_ms	float	191.830383
/rows/61/result/filesystem/metadata/workload	string	metadata
/rows/61/result/filesystem/npm	object	-
/rows/61/result/filesystem/npm/check	object	-
/rows/61/result/filesystem/npm/check/local_packages	integer	32
/rows/61/result/filesystem/npm/python	string	3.14.7
/rows/61/result/filesystem/npm/worker_ms	float	1449.071523
/rows/61/result/filesystem/npm/workload	string	npm
/rows/61/result/filesystem/read	object	-
/rows/61/result/filesystem/read/check	object	-
/rows/61/result/filesystem/read/check/bytes	integer	67108864
/rows/61/result/filesystem/read/check/sha256	string	42ef3a50fe506ced865473b082c8b28f6ce254e6e2b01266b6a563531a6267bc
/rows/61/result/filesystem/read/python	string	3.14.7
/rows/61/result/filesystem/read/worker_ms	float	145.01563
/rows/61/result/filesystem/read/workload	string	read
/rows/61/result/filesystem/rg	object	-
/rows/61/result/filesystem/rg/check	object	-
/rows/61/result/filesystem/rg/check/matches	integer	2048
/rows/61/result/filesystem/rg/python	string	3.14.7
/rows/61/result/filesystem/rg/worker_ms	float	460.881424
/rows/61/result/filesystem/rg/workload	string	rg
/rows/61/result/filesystem/write	object	-
/rows/61/result/filesystem/write/check	object	-
/rows/61/result/filesystem/write/check/bytes	integer	16777216
/rows/61/result/filesystem/write/check/files	integer	256
/rows/61/result/filesystem/write/python	string	3.14.7
/rows/61/result/filesystem/write/worker_ms	float	283.206901
/rows/61/result/filesystem/write/workload	string	write
/rows/61/result/mode	string	filesystem
/rows/61/result/worker_ms	float	4221.608299
/rows/61/result_ms	float	4841.020634
/rows/61/trial	integer	12
/rows/61/variant	string	candidate
/rows/62	object	-
/rows/62/backend	string	pvisor-vm
/rows/62/completion_ms	float	5174.526772
/rows/62/correctness	string	passed
/rows/62/logs	string	/home/reiase/workspace/pvisor/target/p1-filesystem-historical-full-20261005/baseline/trials/filesystem-pvisor-vm-012
/rows/62/memory_scope	string	owned launcher tree; Docker daemon/container RSS excluded
/rows/62/mode	string	filesystem
/rows/62/peak_tree_rss_kib	integer	830448
/rows/62/prepare_ms	float	36.947281
/rows/62/ready_ms	float	672.785058
/rows/62/result	object	-
/rows/62/result/correctness	string	passed
/rows/62/result/filesystem	object	-
/rows/62/result/filesystem/cargo	object	-
/rows/62/result/filesystem/cargo/check	object	-
/rows/62/result/filesystem/cargo/check/modules	integer	64
/rows/62/result/filesystem/cargo/check/result	string	2016
/rows/62/result/filesystem/cargo/python	string	3.14.7
/rows/62/result/filesystem/cargo/worker_ms	float	687.87209
/rows/62/result/filesystem/cargo/workload	string	cargo
/rows/62/result/filesystem/git	object	-
/rows/62/result/filesystem/git/check	object	-
/rows/62/result/filesystem/git/check/git_clean	boolean	true
/rows/62/result/filesystem/git/python	string	3.14.7
/rows/62/result/filesystem/git/worker_ms	float	388.074243
/rows/62/result/filesystem/git/workload	string	git
/rows/62/result/filesystem/metadata	object	-
/rows/62/result/filesystem/metadata/check	object	-
/rows/62/result/filesystem/metadata/check/bytes	integer	2095104
/rows/62/result/filesystem/metadata/check/files	integer	2048
/rows/62/result/filesystem/metadata/python	string	3.14.7
/rows/62/result/filesystem/metadata/worker_ms	float	255.938304
/rows/62/result/filesystem/metadata/workload	string	metadata
/rows/62/result/filesystem/npm	object	-
/rows/62/result/filesystem/npm/check	object	-
/rows/62/result/filesystem/npm/check/local_packages	integer	32
/rows/62/result/filesystem/npm/python	string	3.14.7
/rows/62/result/filesystem/npm/worker_ms	float	1639.623423
/rows/62/result/filesystem/npm/workload	string	npm
/rows/62/result/filesystem/read	object	-
/rows/62/result/filesystem/read/check	object	-
/rows/62/result/filesystem/read/check/bytes	integer	67108864
/rows/62/result/filesystem/read/check/sha256	string	42ef3a50fe506ced865473b082c8b28f6ce254e6e2b01266b6a563531a6267bc
/rows/62/result/filesystem/read/python	string	3.14.7
/rows/62/result/filesystem/read/worker_ms	float	119.534078
/rows/62/result/filesystem/read/workload	string	read
/rows/62/result/filesystem/rg	object	-
/rows/62/result/filesystem/rg/check	object	-
/rows/62/result/filesystem/rg/check/matches	integer	2048
/rows/62/result/filesystem/rg/python	string	3.14.7
/rows/62/result/filesystem/rg/worker_ms	float	482.582552
/rows/62/result/filesystem/rg/workload	string	rg
/rows/62/result/filesystem/write	object	-
/rows/62/result/filesystem/write/check	object	-
/rows/62/result/filesystem/write/check/bytes	integer	16777216
/rows/62/result/filesystem/write/check/files	integer	256
/rows/62/result/filesystem/write/python	string	3.14.7
/rows/62/result/filesystem/write/worker_ms	float	252.109038
/rows/62/result/filesystem/write/workload	string	write
/rows/62/result/mode	string	filesystem
/rows/62/result/worker_ms	float	4382.887793
/rows/62/result_ms	float	5056.041425
/rows/62/trial	integer	12
/rows/62/variant	string	baseline
/rows/63	object	-
/rows/63/backend	string	native
/rows/63/completion_ms	float	462.360776
/rows/63/correctness	string	passed
/rows/63/logs	string	/home/reiase/workspace/pvisor/target/p1-filesystem-historical-full-20261005/native/trials/filesystem-native-012
/rows/63/memory_scope	string	owned launcher tree; Docker daemon/container RSS excluded
/rows/63/mode	string	filesystem
/rows/63/peak_tree_rss_kib	integer	145696
/rows/63/prepare_ms	float	37.223867
/rows/63/ready_ms	float	41.066599
/rows/63/result	object	-
/rows/63/result/correctness	string	passed
/rows/63/result/filesystem	object	-
/rows/63/result/filesystem/cargo	object	-
/rows/63/result/filesystem/cargo/check	object	-
/rows/63/result/filesystem/cargo/check/modules	integer	64
/rows/63/result/filesystem/cargo/check/result	string	2016
/rows/63/result/filesystem/cargo/python	string	3.14.7
/rows/63/result/filesystem/cargo/worker_ms	float	52.857012
/rows/63/result/filesystem/cargo/workload	string	cargo
/rows/63/result/filesystem/git	object	-
/rows/63/result/filesystem/git/check	object	-
/rows/63/result/filesystem/git/check/git_clean	boolean	true
/rows/63/result/filesystem/git/python	string	3.14.7
/rows/63/result/filesystem/git/worker_ms	float	14.687049
/rows/63/result/filesystem/git/workload	string	git
/rows/63/result/filesystem/metadata	object	-
/rows/63/result/filesystem/metadata/check	object	-
/rows/63/result/filesystem/metadata/check/bytes	integer	2095104
/rows/63/result/filesystem/metadata/check/files	integer	2048
/rows/63/result/filesystem/metadata/python	string	3.14.7
/rows/63/result/filesystem/metadata/worker_ms	float	5.065393
/rows/63/result/filesystem/metadata/workload	string	metadata
/rows/63/result/filesystem/npm	object	-
/rows/63/result/filesystem/npm/check	object	-
/rows/63/result/filesystem/npm/check/local_packages	integer	32
/rows/63/result/filesystem/npm/python	string	3.14.7
/rows/63/result/filesystem/npm/worker_ms	float	182.308363
/rows/63/result/filesystem/npm/workload	string	npm
/rows/63/result/filesystem/read	object	-
/rows/63/result/filesystem/read/check	object	-
/rows/63/result/filesystem/read/check/bytes	integer	67108864
/rows/63/result/filesystem/read/check/sha256	string	42ef3a50fe506ced865473b082c8b28f6ce254e6e2b01266b6a563531a6267bc
/rows/63/result/filesystem/read/python	string	3.14.7
/rows/63/result/filesystem/read/worker_ms	float	31.834209
/rows/63/result/filesystem/read/workload	string	read
/rows/63/result/filesystem/rg	object	-
/rows/63/result/filesystem/rg/check	object	-
/rows/63/result/filesystem/rg/check/matches	integer	2048
/rows/63/result/filesystem/rg/python	string	3.14.7
/rows/63/result/filesystem/rg/worker_ms	float	8.057767
/rows/63/result/filesystem/rg/workload	string	rg
/rows/63/result/filesystem/write	object	-
/rows/63/result/filesystem/write/check	object	-
/rows/63/result/filesystem/write/check/bytes	integer	16777216
/rows/63/result/filesystem/write/check/files	integer	256
/rows/63/result/filesystem/write/python	string	3.14.7
/rows/63/result/filesystem/write/worker_ms	float	3.671351
/rows/63/result/filesystem/write/workload	string	write
/rows/63/result/mode	string	filesystem
/rows/63/result/worker_ms	float	413.641868
/rows/63/result_ms	float	454.760944
/rows/63/trial	integer	12
/rows/63/variant	string	native
/rows/64	object	-
/rows/64/backend	string	pvisor-staged
/rows/64/completion_ms	float	1248.545902
/rows/64/correctness	string	passed
/rows/64/logs	string	/home/reiase/workspace/pvisor/target/p1-filesystem-historical-full-20261005/baseline/trials/filesystem-pvisor-staged-012
/rows/64/memory_scope	string	owned launcher tree; Docker daemon/container RSS excluded
/rows/64/mode	string	filesystem
/rows/64/peak_tree_rss_kib	integer	168052
/rows/64/prepare_ms	float	36.616724
/rows/64/ready_ms	float	47.996341
/rows/64/result	object	-
/rows/64/result/correctness	string	passed
/rows/64/result/filesystem	object	-
/rows/64/result/filesystem/cargo	object	-
/rows/64/result/filesystem/cargo/check	object	-
/rows/64/result/filesystem/cargo/check/modules	integer	64
/rows/64/result/filesystem/cargo/check/result	string	2016
/rows/64/result/filesystem/cargo/python	string	3.14.7
/rows/64/result/filesystem/cargo/worker_ms	float	112.376917
/rows/64/result/filesystem/cargo/workload	string	cargo
/rows/64/result/filesystem/git	object	-
/rows/64/result/filesystem/git/check	object	-
/rows/64/result/filesystem/git/check/git_clean	boolean	true
/rows/64/result/filesystem/git/python	string	3.14.7
/rows/64/result/filesystem/git/worker_ms	float	184.734901
/rows/64/result/filesystem/git/workload	string	git
/rows/64/result/filesystem/metadata	object	-
/rows/64/result/filesystem/metadata/check	object	-
/rows/64/result/filesystem/metadata/check/bytes	integer	2095104
/rows/64/result/filesystem/metadata/check/files	integer	2048
/rows/64/result/filesystem/metadata/python	string	3.14.7
/rows/64/result/filesystem/metadata/worker_ms	float	77.380046
/rows/64/result/filesystem/metadata/workload	string	metadata
/rows/64/result/filesystem/npm	object	-
/rows/64/result/filesystem/npm/check	object	-
/rows/64/result/filesystem/npm/check/local_packages	integer	32
/rows/64/result/filesystem/npm/python	string	3.14.7
/rows/64/result/filesystem/npm/worker_ms	float	220.463378
/rows/64/result/filesystem/npm/workload	string	npm
/rows/64/result/filesystem/read	object	-
/rows/64/result/filesystem/read/check	object	-
/rows/64/result/filesystem/read/check/bytes	integer	67108864
/rows/64/result/filesystem/read/check/sha256	string	42ef3a50fe506ced865473b082c8b28f6ce254e6e2b01266b6a563531a6267bc
/rows/64/result/filesystem/read/python	string	3.14.7
/rows/64/result/filesystem/read/worker_ms	float	67.755705
/rows/64/result/filesystem/read/workload	string	read
/rows/64/result/filesystem/rg	object	-
/rows/64/result/filesystem/rg/check	object	-
/rows/64/result/filesystem/rg/check/matches	integer	2048
/rows/64/result/filesystem/rg/python	string	3.14.7
/rows/64/result/filesystem/rg/worker_ms	float	88.130258
/rows/64/result/filesystem/rg/workload	string	rg
/rows/64/result/filesystem/write	object	-
/rows/64/result/filesystem/write/check	object	-
/rows/64/result/filesystem/write/check/bytes	integer	16777216
/rows/64/result/filesystem/write/check/files	integer	256
/rows/64/result/filesystem/write/python	string	3.14.7
/rows/64/result/filesystem/write/worker_ms	float	198.193087
/rows/64/result/filesystem/write/workload	string	write
/rows/64/result/mode	string	filesystem
/rows/64/result/worker_ms	float	1073.471999
/rows/64/result_ms	float	1121.504748
/rows/64/trial	integer	12
/rows/64/variant	string	baseline
/rows/65	object	-
/rows/65/backend	string	native
/rows/65/completion_ms	float	455.668647
/rows/65/correctness	string	passed
/rows/65/logs	string	/home/reiase/workspace/pvisor/target/p1-filesystem-historical-full-20261005/native/trials/filesystem-native-013
/rows/65/memory_scope	string	owned launcher tree; Docker daemon/container RSS excluded
/rows/65/mode	string	filesystem
/rows/65/peak_tree_rss_kib	integer	138292
/rows/65/prepare_ms	float	37.477761
/rows/65/ready_ms	float	39.2084
/rows/65/result	object	-
/rows/65/result/correctness	string	passed
/rows/65/result/filesystem	object	-
/rows/65/result/filesystem/cargo	object	-
/rows/65/result/filesystem/cargo/check	object	-
/rows/65/result/filesystem/cargo/check/modules	integer	64
/rows/65/result/filesystem/cargo/check/result	string	2016
/rows/65/result/filesystem/cargo/python	string	3.14.7
/rows/65/result/filesystem/cargo/worker_ms	float	55.771521
/rows/65/result/filesystem/cargo/workload	string	cargo
/rows/65/result/filesystem/git	object	-
/rows/65/result/filesystem/git/check	object	-
/rows/65/result/filesystem/git/check/git_clean	boolean	true
/rows/65/result/filesystem/git/python	string	3.14.7
/rows/65/result/filesystem/git/worker_ms	float	14.483549
/rows/65/result/filesystem/git/workload	string	git
/rows/65/result/filesystem/metadata	object	-
/rows/65/result/filesystem/metadata/check	object	-
/rows/65/result/filesystem/metadata/check/bytes	integer	2095104
/rows/65/result/filesystem/metadata/check/files	integer	2048
/rows/65/result/filesystem/metadata/python	string	3.14.7
/rows/65/result/filesystem/metadata/worker_ms	float	4.692918
/rows/65/result/filesystem/metadata/workload	string	metadata
/rows/65/result/filesystem/npm	object	-
/rows/65/result/filesystem/npm/check	object	-
/rows/65/result/filesystem/npm/check/local_packages	integer	32
/rows/65/result/filesystem/npm/python	string	3.14.7
/rows/65/result/filesystem/npm/worker_ms	float	174.001662
/rows/65/result/filesystem/npm/workload	string	npm
/rows/65/result/filesystem/read	object	-
/rows/65/result/filesystem/read/check	object	-
/rows/65/result/filesystem/read/check/bytes	integer	67108864
/rows/65/result/filesystem/read/check/sha256	string	42ef3a50fe506ced865473b082c8b28f6ce254e6e2b01266b6a563531a6267bc
/rows/65/result/filesystem/read/python	string	3.14.7
/rows/65/result/filesystem/read/worker_ms	float	31.560408
/rows/65/result/filesystem/read/workload	string	read
/rows/65/result/filesystem/rg	object	-
/rows/65/result/filesystem/rg/check	object	-
/rows/65/result/filesystem/rg/check/matches	integer	2048
/rows/65/result/filesystem/rg/python	string	3.14.7
/rows/65/result/filesystem/rg/worker_ms	float	8.206985
/rows/65/result/filesystem/rg/workload	string	rg
/rows/65/result/filesystem/write	object	-
/rows/65/result/filesystem/write/check	object	-
/rows/65/result/filesystem/write/check/bytes	integer	16777216
/rows/65/result/filesystem/write/check/files	integer	256
/rows/65/result/filesystem/write/python	string	3.14.7
/rows/65/result/filesystem/write/worker_ms	float	3.60678
/rows/65/result/filesystem/write/workload	string	write
/rows/65/result/mode	string	filesystem
/rows/65/result/worker_ms	float	408.970499
/rows/65/result_ms	float	448.224625
/rows/65/trial	integer	13
/rows/65/variant	string	native
/rows/66	object	-
/rows/66/backend	string	pvisor-staged
/rows/66/completion_ms	float	1319.865318
/rows/66/correctness	string	passed
/rows/66/logs	string	/home/reiase/workspace/pvisor/target/p1-filesystem-historical-full-20261005/candidate/trials/filesystem-pvisor-staged-013
/rows/66/memory_scope	string	owned launcher tree; Docker daemon/container RSS excluded
/rows/66/mode	string	filesystem
/rows/66/peak_tree_rss_kib	integer	176692
/rows/66/prepare_ms	float	37.773483
/rows/66/ready_ms	float	62.873926
/rows/66/result	object	-
/rows/66/result/correctness	string	passed
/rows/66/result/filesystem	object	-
/rows/66/result/filesystem/cargo	object	-
/rows/66/result/filesystem/cargo/check	object	-
/rows/66/result/filesystem/cargo/check/modules	integer	64
/rows/66/result/filesystem/cargo/check/result	string	2016
/rows/66/result/filesystem/cargo/python	string	3.14.7
/rows/66/result/filesystem/cargo/worker_ms	float	113.611552
/rows/66/result/filesystem/cargo/workload	string	cargo
/rows/66/result/filesystem/git	object	-
/rows/66/result/filesystem/git/check	object	-
/rows/66/result/filesystem/git/check/git_clean	boolean	true
/rows/66/result/filesystem/git/python	string	3.14.7
/rows/66/result/filesystem/git/worker_ms	float	178.623226
/rows/66/result/filesystem/git/workload	string	git
/rows/66/result/filesystem/metadata	object	-
/rows/66/result/filesystem/metadata/check	object	-
/rows/66/result/filesystem/metadata/check/bytes	integer	2095104
/rows/66/result/filesystem/metadata/check/files	integer	2048
/rows/66/result/filesystem/metadata/python	string	3.14.7
/rows/66/result/filesystem/metadata/worker_ms	float	77.143325
/rows/66/result/filesystem/metadata/workload	string	metadata
/rows/66/result/filesystem/npm	object	-
/rows/66/result/filesystem/npm/check	object	-
/rows/66/result/filesystem/npm/check/local_packages	integer	32
/rows/66/result/filesystem/npm/python	string	3.14.7
/rows/66/result/filesystem/npm/worker_ms	float	263.046757
/rows/66/result/filesystem/npm/workload	string	npm
/rows/66/result/filesystem/read	object	-
/rows/66/result/filesystem/read/check	object	-
/rows/66/result/filesystem/read/check/bytes	integer	67108864
/rows/66/result/filesystem/read/check/sha256	string	42ef3a50fe506ced865473b082c8b28f6ce254e6e2b01266b6a563531a6267bc
/rows/66/result/filesystem/read/python	string	3.14.7
/rows/66/result/filesystem/read/worker_ms	float	67.521127
/rows/66/result/filesystem/read/workload	string	read
/rows/66/result/filesystem/rg	object	-
/rows/66/result/filesystem/rg/check	object	-
/rows/66/result/filesystem/rg/check/matches	integer	2048
/rows/66/result/filesystem/rg/python	string	3.14.7
/rows/66/result/filesystem/rg/worker_ms	float	88.612138
/rows/66/result/filesystem/rg/workload	string	rg
/rows/66/result/filesystem/write	object	-
/rows/66/result/filesystem/write/check	object	-
/rows/66/result/filesystem/write/check/bytes	integer	16777216
/rows/66/result/filesystem/write/check/files	integer	256
/rows/66/result/filesystem/write/python	string	3.14.7
/rows/66/result/filesystem/write/worker_ms	float	202.930979
/rows/66/result/filesystem/write/workload	string	write
/rows/66/result/mode	string	filesystem
/rows/66/result/worker_ms	float	1117.643823
/rows/66/result_ms	float	1180.581738
/rows/66/trial	integer	13
/rows/66/variant	string	candidate
/rows/67	object	-
/rows/67/backend	string	pvisor-staged
/rows/67/completion_ms	float	1240.756806
/rows/67/correctness	string	passed
/rows/67/logs	string	/home/reiase/workspace/pvisor/target/p1-filesystem-historical-full-20261005/baseline/trials/filesystem-pvisor-staged-013
/rows/67/memory_scope	string	owned launcher tree; Docker daemon/container RSS excluded
/rows/67/mode	string	filesystem
/rows/67/peak_tree_rss_kib	integer	165760
/rows/67/prepare_ms	float	36.992205
/rows/67/ready_ms	float	49.363833
/rows/67/result	object	-
/rows/67/result/correctness	string	passed
/rows/67/result/filesystem	object	-
/rows/67/result/filesystem/cargo	object	-
/rows/67/result/filesystem/cargo/check	object	-
/rows/67/result/filesystem/cargo/check/modules	integer	64
/rows/67/result/filesystem/cargo/check/result	string	2016
/rows/67/result/filesystem/cargo/python	string	3.14.7
/rows/67/result/filesystem/cargo/worker_ms	float	111.211672
/rows/67/result/filesystem/cargo/workload	string	cargo
/rows/67/result/filesystem/git	object	-
/rows/67/result/filesystem/git/check	object	-
/rows/67/result/filesystem/git/check/git_clean	boolean	true
/rows/67/result/filesystem/git/python	string	3.14.7
/rows/67/result/filesystem/git/worker_ms	float	164.729668
/rows/67/result/filesystem/git/workload	string	git
/rows/67/result/filesystem/metadata	object	-
/rows/67/result/filesystem/metadata/check	object	-
/rows/67/result/filesystem/metadata/check/bytes	integer	2095104
/rows/67/result/filesystem/metadata/check/files	integer	2048
/rows/67/result/filesystem/metadata/python	string	3.14.7
/rows/67/result/filesystem/metadata/worker_ms	float	76.189404
/rows/67/result/filesystem/metadata/workload	string	metadata
/rows/67/result/filesystem/npm	object	-
/rows/67/result/filesystem/npm/check	object	-
/rows/67/result/filesystem/npm/check/local_packages	integer	32
/rows/67/result/filesystem/npm/python	string	3.14.7
/rows/67/result/filesystem/npm/worker_ms	float	238.824614
/rows/67/result/filesystem/npm/workload	string	npm
/rows/67/result/filesystem/read	object	-
/rows/67/result/filesystem/read/check	object	-
/rows/67/result/filesystem/read/check/bytes	integer	67108864
/rows/67/result/filesystem/read/check/sha256	string	42ef3a50fe506ced865473b082c8b28f6ce254e6e2b01266b6a563531a6267bc
/rows/67/result/filesystem/read/python	string	3.14.7
/rows/67/result/filesystem/read/worker_ms	float	67.866943
/rows/67/result/filesystem/read/workload	string	read
/rows/67/result/filesystem/rg	object	-
/rows/67/result/filesystem/rg/check	object	-
/rows/67/result/filesystem/rg/check/matches	integer	2048
/rows/67/result/filesystem/rg/python	string	3.14.7
/rows/67/result/filesystem/rg/worker_ms	float	91.206729
/rows/67/result/filesystem/rg/workload	string	rg
/rows/67/result/filesystem/write	object	-
/rows/67/result/filesystem/write/check	object	-
/rows/67/result/filesystem/write/check/bytes	integer	16777216
/rows/67/result/filesystem/write/check/files	integer	256
/rows/67/result/filesystem/write/python	string	3.14.7
/rows/67/result/filesystem/write/worker_ms	float	200.145952
/rows/67/result/filesystem/write/workload	string	write
/rows/67/result/mode	string	filesystem
/rows/67/result/worker_ms	float	1077.390853
/rows/67/result_ms	float	1126.810329
/rows/67/trial	integer	13
/rows/67/variant	string	baseline
/rows/68	object	-
/rows/68/backend	string	pvisor-vm
/rows/68/completion_ms	float	5499.942372
/rows/68/correctness	string	passed
/rows/68/logs	string	/home/reiase/workspace/pvisor/target/p1-filesystem-historical-full-20261005/candidate/trials/filesystem-pvisor-vm-013
/rows/68/memory_scope	string	owned launcher tree; Docker daemon/container RSS excluded
/rows/68/mode	string	filesystem
/rows/68/peak_tree_rss_kib	integer	830380
/rows/68/prepare_ms	float	39.774958
/rows/68/ready_ms	float	685.402446
/rows/68/result	object	-
/rows/68/result/correctness	string	passed
/rows/68/result/filesystem	object	-
/rows/68/result/filesystem/cargo	object	-
/rows/68/result/filesystem/cargo/check	object	-
/rows/68/result/filesystem/cargo/check/modules	integer	64
/rows/68/result/filesystem/cargo/check/result	string	2016
/rows/68/result/filesystem/cargo/python	string	3.14.7
/rows/68/result/filesystem/cargo/worker_ms	float	587.694633
/rows/68/result/filesystem/cargo/workload	string	cargo
/rows/68/result/filesystem/git	object	-
/rows/68/result/filesystem/git/check	object	-
/rows/68/result/filesystem/git/check/git_clean	boolean	true
/rows/68/result/filesystem/git/python	string	3.14.7
/rows/68/result/filesystem/git/worker_ms	float	396.851157
/rows/68/result/filesystem/git/workload	string	git
/rows/68/result/filesystem/metadata	object	-
/rows/68/result/filesystem/metadata/check	object	-
/rows/68/result/filesystem/metadata/check/bytes	integer	2095104
/rows/68/result/filesystem/metadata/check/files	integer	2048
/rows/68/result/filesystem/metadata/python	string	3.14.7
/rows/68/result/filesystem/metadata/worker_ms	float	267.464002
/rows/68/result/filesystem/metadata/workload	string	metadata
/rows/68/result/filesystem/npm	object	-
/rows/68/result/filesystem/npm/check	object	-
/rows/68/result/filesystem/npm/check/local_packages	integer	32
/rows/68/result/filesystem/npm/python	string	3.14.7
/rows/68/result/filesystem/npm/worker_ms	float	1972.708659
/rows/68/result/filesystem/npm/workload	string	npm
/rows/68/result/filesystem/read	object	-
/rows/68/result/filesystem/read/check	object	-
/rows/68/result/filesystem/read/check/bytes	integer	67108864
/rows/68/result/filesystem/read/check/sha256	string	42ef3a50fe506ced865473b082c8b28f6ce254e6e2b01266b6a563531a6267bc
/rows/68/result/filesystem/read/python	string	3.14.7
/rows/68/result/filesystem/read/worker_ms	float	121.144882
/rows/68/result/filesystem/read/workload	string	read
/rows/68/result/filesystem/rg	object	-
/rows/68/result/filesystem/rg/check	object	-
/rows/68/result/filesystem/rg/check/matches	integer	2048
/rows/68/result/filesystem/rg/python	string	3.14.7
/rows/68/result/filesystem/rg/worker_ms	float	604.937669
/rows/68/result/filesystem/rg/workload	string	rg
/rows/68/result/filesystem/write	object	-
/rows/68/result/filesystem/write/check	object	-
/rows/68/result/filesystem/write/check/bytes	integer	16777216
/rows/68/result/filesystem/write/check/files	integer	256
/rows/68/result/filesystem/write/python	string	3.14.7
/rows/68/result/filesystem/write/worker_ms	float	208.660195
/rows/68/result/filesystem/write/workload	string	write
/rows/68/result/mode	string	filesystem
/rows/68/result/worker_ms	float	4695.91237
/rows/68/result_ms	float	5382.024063
/rows/68/trial	integer	13
/rows/68/variant	string	candidate
/rows/69	object	-
/rows/69/backend	string	pvisor-vm
/rows/69/completion_ms	float	5851.511929
/rows/69/correctness	string	passed
/rows/69/logs	string	/home/reiase/workspace/pvisor/target/p1-filesystem-historical-full-20261005/baseline/trials/filesystem-pvisor-vm-013
/rows/69/memory_scope	string	owned launcher tree; Docker daemon/container RSS excluded
/rows/69/mode	string	filesystem
/rows/69/peak_tree_rss_kib	integer	832088
/rows/69/prepare_ms	float	37.797308
/rows/69/ready_ms	float	1094.53156
/rows/69/result	object	-
/rows/69/result/correctness	string	passed
/rows/69/result/filesystem	object	-
/rows/69/result/filesystem/cargo	object	-
/rows/69/result/filesystem/cargo/check	object	-
/rows/69/result/filesystem/cargo/check/modules	integer	64
/rows/69/result/filesystem/cargo/check/result	string	2016
/rows/69/result/filesystem/cargo/python	string	3.14.7
/rows/69/result/filesystem/cargo/worker_ms	float	592.056225
/rows/69/result/filesystem/cargo/workload	string	cargo
/rows/69/result/filesystem/git	object	-
/rows/69/result/filesystem/git/check	object	-
/rows/69/result/filesystem/git/check/git_clean	boolean	true
/rows/69/result/filesystem/git/python	string	3.14.7
/rows/69/result/filesystem/git/worker_ms	float	457.268723
/rows/69/result/filesystem/git/workload	string	git
/rows/69/result/filesystem/metadata	object	-
/rows/69/result/filesystem/metadata/check	object	-
/rows/69/result/filesystem/metadata/check/bytes	integer	2095104
/rows/69/result/filesystem/metadata/check/files	integer	2048
/rows/69/result/filesystem/metadata/python	string	3.14.7
/rows/69/result/filesystem/metadata/worker_ms	float	335.476339
/rows/69/result/filesystem/metadata/workload	string	metadata
/rows/69/result/filesystem/npm	object	-
/rows/69/result/filesystem/npm/check	object	-
/rows/69/result/filesystem/npm/check/local_packages	integer	32
/rows/69/result/filesystem/npm/python	string	3.14.7
/rows/69/result/filesystem/npm/worker_ms	float	1759.119089
/rows/69/result/filesystem/npm/workload	string	npm
/rows/69/result/filesystem/read	object	-
/rows/69/result/filesystem/read/check	object	-
/rows/69/result/filesystem/read/check/bytes	integer	67108864
/rows/69/result/filesystem/read/check/sha256	string	42ef3a50fe506ced865473b082c8b28f6ce254e6e2b01266b6a563531a6267bc
/rows/69/result/filesystem/read/python	string	3.14.7
/rows/69/result/filesystem/read/worker_ms	float	231.969533
/rows/69/result/filesystem/read/workload	string	read
/rows/69/result/filesystem/rg	object	-
/rows/69/result/filesystem/rg/check	object	-
/rows/69/result/filesystem/rg/check/matches	integer	2048
/rows/69/result/filesystem/rg/python	string	3.14.7
/rows/69/result/filesystem/rg/worker_ms	float	441.978021
/rows/69/result/filesystem/rg/workload	string	rg
/rows/69/result/filesystem/write	object	-
/rows/69/result/filesystem/write/check	object	-
/rows/69/result/filesystem/write/check/bytes	integer	16777216
/rows/69/result/filesystem/write/check/files	integer	256
/rows/69/result/filesystem/write/python	string	3.14.7
/rows/69/result/filesystem/write/worker_ms	float	222.100655
/rows/69/result/filesystem/write/workload	string	write
/rows/69/result/mode	string	filesystem
/rows/69/result/worker_ms	float	4626.887197
/rows/69/result_ms	float	5722.8226
/rows/69/trial	integer	13
/rows/69/variant	string	baseline
/rows/70	object	-
/rows/70/backend	string	pvisor-vm
/rows/70/completion_ms	float	5078.706723
/rows/70/correctness	string	passed
/rows/70/logs	string	/home/reiase/workspace/pvisor/target/p1-filesystem-historical-full-20261005/baseline/trials/filesystem-pvisor-vm-014
/rows/70/memory_scope	string	owned launcher tree; Docker daemon/container RSS excluded
/rows/70/mode	string	filesystem
/rows/70/peak_tree_rss_kib	integer	815488
/rows/70/prepare_ms	float	37.438577
/rows/70/ready_ms	float	620.935297
/rows/70/result	object	-
/rows/70/result/correctness	string	passed
/rows/70/result/filesystem	object	-
/rows/70/result/filesystem/cargo	object	-
/rows/70/result/filesystem/cargo/check	object	-
/rows/70/result/filesystem/cargo/check/modules	integer	64
/rows/70/result/filesystem/cargo/check/result	string	2016
/rows/70/result/filesystem/cargo/python	string	3.14.7
/rows/70/result/filesystem/cargo/worker_ms	float	525.716887
/rows/70/result/filesystem/cargo/workload	string	cargo
/rows/70/result/filesystem/git	object	-
/rows/70/result/filesystem/git/check	object	-
/rows/70/result/filesystem/git/check/git_clean	boolean	true
/rows/70/result/filesystem/git/python	string	3.14.7
/rows/70/result/filesystem/git/worker_ms	float	484.842181
/rows/70/result/filesystem/git/workload	string	git
/rows/70/result/filesystem/metadata	object	-
/rows/70/result/filesystem/metadata/check	object	-
/rows/70/result/filesystem/metadata/check/bytes	integer	2095104
/rows/70/result/filesystem/metadata/check/files	integer	2048
/rows/70/result/filesystem/metadata/python	string	3.14.7
/rows/70/result/filesystem/metadata/worker_ms	float	180.054847
/rows/70/result/filesystem/metadata/workload	string	metadata
/rows/70/result/filesystem/npm	object	-
/rows/70/result/filesystem/npm/check	object	-
/rows/70/result/filesystem/npm/check/local_packages	integer	32
/rows/70/result/filesystem/npm/python	string	3.14.7
/rows/70/result/filesystem/npm/worker_ms	float	1727.475817
/rows/70/result/filesystem/npm/workload	string	npm
/rows/70/result/filesystem/read	object	-
/rows/70/result/filesystem/read/check	object	-
/rows/70/result/filesystem/read/check/bytes	integer	67108864
/rows/70/result/filesystem/read/check/sha256	string	42ef3a50fe506ced865473b082c8b28f6ce254e6e2b01266b6a563531a6267bc
/rows/70/result/filesystem/read/python	string	3.14.7
/rows/70/result/filesystem/read/worker_ms	float	190.712661
/rows/70/result/filesystem/read/workload	string	read
/rows/70/result/filesystem/rg	object	-
/rows/70/result/filesystem/rg/check	object	-
/rows/70/result/filesystem/rg/check/matches	integer	2048
/rows/70/result/filesystem/rg/python	string	3.14.7
/rows/70/result/filesystem/rg/worker_ms	float	465.582581
/rows/70/result/filesystem/rg/workload	string	rg
/rows/70/result/filesystem/write	object	-
/rows/70/result/filesystem/write/check	object	-
/rows/70/result/filesystem/write/check/bytes	integer	16777216
/rows/70/result/filesystem/write/check/files	integer	256
/rows/70/result/filesystem/write/python	string	3.14.7
/rows/70/result/filesystem/write/worker_ms	float	239.143617
/rows/70/result/filesystem/write/workload	string	write
/rows/70/result/mode	string	filesystem
/rows/70/result/worker_ms	float	4339.752646
/rows/70/result_ms	float	4961.496155
/rows/70/trial	integer	14
/rows/70/variant	string	baseline
/rows/71	object	-
/rows/71/backend	string	pvisor-vm
/rows/71/completion_ms	float	5376.071925
/rows/71/correctness	string	passed
/rows/71/logs	string	/home/reiase/workspace/pvisor/target/p1-filesystem-historical-full-20261005/candidate/trials/filesystem-pvisor-vm-014
/rows/71/memory_scope	string	owned launcher tree; Docker daemon/container RSS excluded
/rows/71/mode	string	filesystem
/rows/71/peak_tree_rss_kib	integer	829680
/rows/71/prepare_ms	float	37.305039
/rows/71/ready_ms	float	607.284041
/rows/71/result	object	-
/rows/71/result/correctness	string	passed
/rows/71/result/filesystem	object	-
/rows/71/result/filesystem/cargo	object	-
/rows/71/result/filesystem/cargo/check	object	-
/rows/71/result/filesystem/cargo/check/modules	integer	64
/rows/71/result/filesystem/cargo/check/result	string	2016
/rows/71/result/filesystem/cargo/python	string	3.14.7
/rows/71/result/filesystem/cargo/worker_ms	float	642.2607
/rows/71/result/filesystem/cargo/workload	string	cargo
/rows/71/result/filesystem/git	object	-
/rows/71/result/filesystem/git/check	object	-
/rows/71/result/filesystem/git/check/git_clean	boolean	true
/rows/71/result/filesystem/git/python	string	3.14.7
/rows/71/result/filesystem/git/worker_ms	float	560.867883
/rows/71/result/filesystem/git/workload	string	git
/rows/71/result/filesystem/metadata	object	-
/rows/71/result/filesystem/metadata/check	object	-
/rows/71/result/filesystem/metadata/check/bytes	integer	2095104
/rows/71/result/filesystem/metadata/check/files	integer	2048
/rows/71/result/filesystem/metadata/python	string	3.14.7
/rows/71/result/filesystem/metadata/worker_ms	float	227.756199
/rows/71/result/filesystem/metadata/workload	string	metadata
/rows/71/result/filesystem/npm	object	-
/rows/71/result/filesystem/npm/check	object	-
/rows/71/result/filesystem/npm/check/local_packages	integer	32
/rows/71/result/filesystem/npm/python	string	3.14.7
/rows/71/result/filesystem/npm/worker_ms	float	1666.099997
/rows/71/result/filesystem/npm/workload	string	npm
/rows/71/result/filesystem/read	object	-
/rows/71/result/filesystem/read/check	object	-
/rows/71/result/filesystem/read/check/bytes	integer	67108864
/rows/71/result/filesystem/read/check/sha256	string	42ef3a50fe506ced865473b082c8b28f6ce254e6e2b01266b6a563531a6267bc
/rows/71/result/filesystem/read/python	string	3.14.7
/rows/71/result/filesystem/read/worker_ms	float	154.508553
/rows/71/result/filesystem/read/workload	string	read
/rows/71/result/filesystem/rg	object	-
/rows/71/result/filesystem/rg/check	object	-
/rows/71/result/filesystem/rg/check/matches	integer	2048
/rows/71/result/filesystem/rg/python	string	3.14.7
/rows/71/result/filesystem/rg/worker_ms	float	452.106414
/rows/71/result/filesystem/rg/workload	string	rg
/rows/71/result/filesystem/write	object	-
/rows/71/result/filesystem/write/check	object	-
/rows/71/result/filesystem/write/check/bytes	integer	16777216
/rows/71/result/filesystem/write/check/files	integer	256
/rows/71/result/filesystem/write/python	string	3.14.7
/rows/71/result/filesystem/write/worker_ms	float	302.487409
/rows/71/result/filesystem/write/workload	string	write
/rows/71/result/mode	string	filesystem
/rows/71/result/worker_ms	float	4644.741046
/rows/71/result_ms	float	5252.771402
/rows/71/trial	integer	14
/rows/71/variant	string	candidate
/rows/72	object	-
/rows/72/backend	string	pvisor-staged
/rows/72/completion_ms	float	1302.252669
/rows/72/correctness	string	passed
/rows/72/logs	string	/home/reiase/workspace/pvisor/target/p1-filesystem-historical-full-20261005/candidate/trials/filesystem-pvisor-staged-014
/rows/72/memory_scope	string	owned launcher tree; Docker daemon/container RSS excluded
/rows/72/mode	string	filesystem
/rows/72/peak_tree_rss_kib	integer	176740
/rows/72/prepare_ms	float	36.134595
/rows/72/ready_ms	float	63.606512
/rows/72/result	object	-
/rows/72/result/correctness	string	passed
/rows/72/result/filesystem	object	-
/rows/72/result/filesystem/cargo	object	-
/rows/72/result/filesystem/cargo/check	object	-
/rows/72/result/filesystem/cargo/check/modules	integer	64
/rows/72/result/filesystem/cargo/check/result	string	2016
/rows/72/result/filesystem/cargo/python	string	3.14.7
/rows/72/result/filesystem/cargo/worker_ms	float	115.43824
/rows/72/result/filesystem/cargo/workload	string	cargo
/rows/72/result/filesystem/git	object	-
/rows/72/result/filesystem/git/check	object	-
/rows/72/result/filesystem/git/check/git_clean	boolean	true
/rows/72/result/filesystem/git/python	string	3.14.7
/rows/72/result/filesystem/git/worker_ms	float	167.736539
/rows/72/result/filesystem/git/workload	string	git
/rows/72/result/filesystem/metadata	object	-
/rows/72/result/filesystem/metadata/check	object	-
/rows/72/result/filesystem/metadata/check/bytes	integer	2095104
/rows/72/result/filesystem/metadata/check/files	integer	2048
/rows/72/result/filesystem/metadata/python	string	3.14.7
/rows/72/result/filesystem/metadata/worker_ms	float	76.868212
/rows/72/result/filesystem/metadata/workload	string	metadata
/rows/72/result/filesystem/npm	object	-
/rows/72/result/filesystem/npm/check	object	-
/rows/72/result/filesystem/npm/check/local_packages	integer	32
/rows/72/result/filesystem/npm/python	string	3.14.7
/rows/72/result/filesystem/npm/worker_ms	float	263.747635
/rows/72/result/filesystem/npm/workload	string	npm
/rows/72/result/filesystem/read	object	-
/rows/72/result/filesystem/read/check	object	-
/rows/72/result/filesystem/read/check/bytes	integer	67108864
/rows/72/result/filesystem/read/check/sha256	string	42ef3a50fe506ced865473b082c8b28f6ce254e6e2b01266b6a563531a6267bc
/rows/72/result/filesystem/read/python	string	3.14.7
/rows/72/result/filesystem/read/worker_ms	float	70.058262
/rows/72/result/filesystem/read/workload	string	read
/rows/72/result/filesystem/rg	object	-
/rows/72/result/filesystem/rg/check	object	-
/rows/72/result/filesystem/rg/check/matches	integer	2048
/rows/72/result/filesystem/rg/python	string	3.14.7
/rows/72/result/filesystem/rg/worker_ms	float	90.425411
/rows/72/result/filesystem/rg/workload	string	rg
/rows/72/result/filesystem/write	object	-
/rows/72/result/filesystem/write/check	object	-
/rows/72/result/filesystem/write/check/bytes	integer	16777216
/rows/72/result/filesystem/write/check/files	integer	256
/rows/72/result/filesystem/write/python	string	3.14.7
/rows/72/result/filesystem/write/worker_ms	float	202.763657
/rows/72/result/filesystem/write/workload	string	write
/rows/72/result/mode	string	filesystem
/rows/72/result/worker_ms	float	1111.855771
/rows/72/result_ms	float	1175.514441
/rows/72/trial	integer	14
/rows/72/variant	string	candidate
/rows/73	object	-
/rows/73/backend	string	native
/rows/73/completion_ms	float	472.732191
/rows/73/correctness	string	passed
/rows/73/logs	string	/home/reiase/workspace/pvisor/target/p1-filesystem-historical-full-20261005/native/trials/filesystem-native-014
/rows/73/memory_scope	string	owned launcher tree; Docker daemon/container RSS excluded
/rows/73/mode	string	filesystem
/rows/73/peak_tree_rss_kib	integer	147796
/rows/73/prepare_ms	float	36.870287
/rows/73/ready_ms	float	42.667716
/rows/73/result	object	-
/rows/73/result/correctness	string	passed
/rows/73/result/filesystem	object	-
/rows/73/result/filesystem/cargo	object	-
/rows/73/result/filesystem/cargo/check	object	-
/rows/73/result/filesystem/cargo/check/modules	integer	64
/rows/73/result/filesystem/cargo/check/result	string	2016
/rows/73/result/filesystem/cargo/python	string	3.14.7
/rows/73/result/filesystem/cargo/worker_ms	float	55.546551
/rows/73/result/filesystem/cargo/workload	string	cargo
/rows/73/result/filesystem/git	object	-
/rows/73/result/filesystem/git/check	object	-
/rows/73/result/filesystem/git/check/git_clean	boolean	true
/rows/73/result/filesystem/git/python	string	3.14.7
/rows/73/result/filesystem/git/worker_ms	float	14.552046
/rows/73/result/filesystem/git/workload	string	git
/rows/73/result/filesystem/metadata	object	-
/rows/73/result/filesystem/metadata/check	object	-
/rows/73/result/filesystem/metadata/check/bytes	integer	2095104
/rows/73/result/filesystem/metadata/check/files	integer	2048
/rows/73/result/filesystem/metadata/python	string	3.14.7
/rows/73/result/filesystem/metadata/worker_ms	float	4.686837
/rows/73/result/filesystem/metadata/workload	string	metadata
/rows/73/result/filesystem/npm	object	-
/rows/73/result/filesystem/npm/check	object	-
/rows/73/result/filesystem/npm/check/local_packages	integer	32
/rows/73/result/filesystem/npm/python	string	3.14.7
/rows/73/result/filesystem/npm/worker_ms	float	171.306391
/rows/73/result/filesystem/npm/workload	string	npm
/rows/73/result/filesystem/read	object	-
/rows/73/result/filesystem/read/check	object	-
/rows/73/result/filesystem/read/check/bytes	integer	67108864
/rows/73/result/filesystem/read/check/sha256	string	42ef3a50fe506ced865473b082c8b28f6ce254e6e2b01266b6a563531a6267bc
/rows/73/result/filesystem/read/python	string	3.14.7
/rows/73/result/filesystem/read/worker_ms	float	33.082157
/rows/73/result/filesystem/read/workload	string	read
/rows/73/result/filesystem/rg	object	-
/rows/73/result/filesystem/rg/check	object	-
/rows/73/result/filesystem/rg/check/matches	integer	2048
/rows/73/result/filesystem/rg/python	string	3.14.7
/rows/73/result/filesystem/rg/worker_ms	float	6.967592
/rows/73/result/filesystem/rg/workload	string	rg
/rows/73/result/filesystem/write	object	-
/rows/73/result/filesystem/write/check	object	-
/rows/73/result/filesystem/write/check/bytes	integer	16777216
/rows/73/result/filesystem/write/check/files	integer	256
/rows/73/result/filesystem/write/python	string	3.14.7
/rows/73/result/filesystem/write/worker_ms	float	6.829165
/rows/73/result/filesystem/write/workload	string	write
/rows/73/result/mode	string	filesystem
/rows/73/result/worker_ms	float	420.905522
/rows/73/result_ms	float	463.631317
/rows/73/trial	integer	14
/rows/73/variant	string	native
/rows/74	object	-
/rows/74/backend	string	pvisor-staged
/rows/74/completion_ms	float	1207.083545
/rows/74/correctness	string	passed
/rows/74/logs	string	/home/reiase/workspace/pvisor/target/p1-filesystem-historical-full-20261005/baseline/trials/filesystem-pvisor-staged-014
/rows/74/memory_scope	string	owned launcher tree; Docker daemon/container RSS excluded
/rows/74/mode	string	filesystem
/rows/74/peak_tree_rss_kib	integer	165472
/rows/74/prepare_ms	float	37.986299
/rows/74/ready_ms	float	47.06901
/rows/74/result	object	-
/rows/74/result/correctness	string	passed
/rows/74/result/filesystem	object	-
/rows/74/result/filesystem/cargo	object	-
/rows/74/result/filesystem/cargo/check	object	-
/rows/74/result/filesystem/cargo/check/modules	integer	64
/rows/74/result/filesystem/cargo/check/result	string	2016
/rows/74/result/filesystem/cargo/python	string	3.14.7
/rows/74/result/filesystem/cargo/worker_ms	float	110.490246
/rows/74/result/filesystem/cargo/workload	string	cargo
/rows/74/result/filesystem/git	object	-
/rows/74/result/filesystem/git/check	object	-
/rows/74/result/filesystem/git/check/git_clean	boolean	true
/rows/74/result/filesystem/git/python	string	3.14.7
/rows/74/result/filesystem/git/worker_ms	float	168.42278
/rows/74/result/filesystem/git/workload	string	git
/rows/74/result/filesystem/metadata	object	-
/rows/74/result/filesystem/metadata/check	object	-
/rows/74/result/filesystem/metadata/check/bytes	integer	2095104
/rows/74/result/filesystem/metadata/check/files	integer	2048
/rows/74/result/filesystem/metadata/python	string	3.14.7
/rows/74/result/filesystem/metadata/worker_ms	float	76.103173
/rows/74/result/filesystem/metadata/workload	string	metadata
/rows/74/result/filesystem/npm	object	-
/rows/74/result/filesystem/npm/check	object	-
/rows/74/result/filesystem/npm/check/local_packages	integer	32
/rows/74/result/filesystem/npm/python	string	3.14.7
/rows/74/result/filesystem/npm/worker_ms	float	218.115477
/rows/74/result/filesystem/npm/workload	string	npm
/rows/74/result/filesystem/read	object	-
/rows/74/result/filesystem/read/check	object	-
/rows/74/result/filesystem/read/check/bytes	integer	67108864
/rows/74/result/filesystem/read/check/sha256	string	42ef3a50fe506ced865473b082c8b28f6ce254e6e2b01266b6a563531a6267bc
/rows/74/result/filesystem/read/python	string	3.14.7
/rows/74/result/filesystem/read/worker_ms	float	70.273925
/rows/74/result/filesystem/read/workload	string	read
/rows/74/result/filesystem/rg	object	-
/rows/74/result/filesystem/rg/check	object	-
/rows/74/result/filesystem/rg/check/matches	integer	2048
/rows/74/result/filesystem/rg/python	string	3.14.7
/rows/74/result/filesystem/rg/worker_ms	float	87.285692
/rows/74/result/filesystem/rg/workload	string	rg
/rows/74/result/filesystem/write	object	-
/rows/74/result/filesystem/write/check	object	-
/rows/74/result/filesystem/write/check/bytes	integer	16777216
/rows/74/result/filesystem/write/check/files	integer	256
/rows/74/result/filesystem/write/python	string	3.14.7
/rows/74/result/filesystem/write/worker_ms	float	194.025039
/rows/74/result/filesystem/write/workload	string	write
/rows/74/result/mode	string	filesystem
/rows/74/result/worker_ms	float	1046.441134
/rows/74/result_ms	float	1093.559286
/rows/74/trial	integer	14
/rows/74/variant	string	baseline
/rows/75	object	-
/rows/75/backend	string	pvisor-staged
/rows/75/completion_ms	float	1286.280322
/rows/75/correctness	string	passed
/rows/75/logs	string	/home/reiase/workspace/pvisor/target/p1-filesystem-historical-full-20261005/candidate/trials/filesystem-pvisor-staged-015
/rows/75/memory_scope	string	owned launcher tree; Docker daemon/container RSS excluded
/rows/75/mode	string	filesystem
/rows/75/peak_tree_rss_kib	integer	176124
/rows/75/prepare_ms	float	39.730515
/rows/75/ready_ms	float	60.736506
/rows/75/result	object	-
/rows/75/result/correctness	string	passed
/rows/75/result/filesystem	object	-
/rows/75/result/filesystem/cargo	object	-
/rows/75/result/filesystem/cargo/check	object	-
/rows/75/result/filesystem/cargo/check/modules	integer	64
/rows/75/result/filesystem/cargo/check/result	string	2016
/rows/75/result/filesystem/cargo/python	string	3.14.7
/rows/75/result/filesystem/cargo/worker_ms	float	110.95791
/rows/75/result/filesystem/cargo/workload	string	cargo
/rows/75/result/filesystem/git	object	-
/rows/75/result/filesystem/git/check	object	-
/rows/75/result/filesystem/git/check/git_clean	boolean	true
/rows/75/result/filesystem/git/python	string	3.14.7
/rows/75/result/filesystem/git/worker_ms	float	168.52455
/rows/75/result/filesystem/git/workload	string	git
/rows/75/result/filesystem/metadata	object	-
/rows/75/result/filesystem/metadata/check	object	-
/rows/75/result/filesystem/metadata/check/bytes	integer	2095104
/rows/75/result/filesystem/metadata/check/files	integer	2048
/rows/75/result/filesystem/metadata/python	string	3.14.7
/rows/75/result/filesystem/metadata/worker_ms	float	77.573287
/rows/75/result/filesystem/metadata/workload	string	metadata
/rows/75/result/filesystem/npm	object	-
/rows/75/result/filesystem/npm/check	object	-
/rows/75/result/filesystem/npm/check/local_packages	integer	32
/rows/75/result/filesystem/npm/python	string	3.14.7
/rows/75/result/filesystem/npm/worker_ms	float	259.407866
/rows/75/result/filesystem/npm/workload	string	npm
/rows/75/result/filesystem/read	object	-
/rows/75/result/filesystem/read/check	object	-
/rows/75/result/filesystem/read/check/bytes	integer	67108864
/rows/75/result/filesystem/read/check/sha256	string	42ef3a50fe506ced865473b082c8b28f6ce254e6e2b01266b6a563531a6267bc
/rows/75/result/filesystem/read/python	string	3.14.7
/rows/75/result/filesystem/read/worker_ms	float	67.631394
/rows/75/result/filesystem/read/workload	string	read
/rows/75/result/filesystem/rg	object	-
/rows/75/result/filesystem/rg/check	object	-
/rows/75/result/filesystem/rg/check/matches	integer	2048
/rows/75/result/filesystem/rg/python	string	3.14.7
/rows/75/result/filesystem/rg/worker_ms	float	91.559638
/rows/75/result/filesystem/rg/workload	string	rg
/rows/75/result/filesystem/write	object	-
/rows/75/result/filesystem/write/check	object	-
/rows/75/result/filesystem/write/check/bytes	integer	16777216
/rows/75/result/filesystem/write/check/files	integer	256
/rows/75/result/filesystem/write/python	string	3.14.7
/rows/75/result/filesystem/write/worker_ms	float	201.193176
/rows/75/result/filesystem/write/workload	string	write
/rows/75/result/mode	string	filesystem
/rows/75/result/worker_ms	float	1103.75305
/rows/75/result_ms	float	1164.518871
/rows/75/trial	integer	15
/rows/75/variant	string	candidate
/rows/76	object	-
/rows/76/backend	string	pvisor-staged
/rows/76/completion_ms	float	1223.729449
/rows/76/correctness	string	passed
/rows/76/logs	string	/home/reiase/workspace/pvisor/target/p1-filesystem-historical-full-20261005/baseline/trials/filesystem-pvisor-staged-015
/rows/76/memory_scope	string	owned launcher tree; Docker daemon/container RSS excluded
/rows/76/mode	string	filesystem
/rows/76/peak_tree_rss_kib	integer	166468
/rows/76/prepare_ms	float	37.562909
/rows/76/ready_ms	float	47.913226
/rows/76/result	object	-
/rows/76/result/correctness	string	passed
/rows/76/result/filesystem	object	-
/rows/76/result/filesystem/cargo	object	-
/rows/76/result/filesystem/cargo/check	object	-
/rows/76/result/filesystem/cargo/check/modules	integer	64
/rows/76/result/filesystem/cargo/check/result	string	2016
/rows/76/result/filesystem/cargo/python	string	3.14.7
/rows/76/result/filesystem/cargo/worker_ms	float	110.291315
/rows/76/result/filesystem/cargo/workload	string	cargo
/rows/76/result/filesystem/git	object	-
/rows/76/result/filesystem/git/check	object	-
/rows/76/result/filesystem/git/check/git_clean	boolean	true
/rows/76/result/filesystem/git/python	string	3.14.7
/rows/76/result/filesystem/git/worker_ms	float	171.673927
/rows/76/result/filesystem/git/workload	string	git
/rows/76/result/filesystem/metadata	object	-
/rows/76/result/filesystem/metadata/check	object	-
/rows/76/result/filesystem/metadata/check/bytes	integer	2095104
/rows/76/result/filesystem/metadata/check/files	integer	2048
/rows/76/result/filesystem/metadata/python	string	3.14.7
/rows/76/result/filesystem/metadata/worker_ms	float	75.476874
/rows/76/result/filesystem/metadata/workload	string	metadata
/rows/76/result/filesystem/npm	object	-
/rows/76/result/filesystem/npm/check	object	-
/rows/76/result/filesystem/npm/check/local_packages	integer	32
/rows/76/result/filesystem/npm/python	string	3.14.7
/rows/76/result/filesystem/npm/worker_ms	float	215.536603
/rows/76/result/filesystem/npm/workload	string	npm
/rows/76/result/filesystem/read	object	-
/rows/76/result/filesystem/read/check	object	-
/rows/76/result/filesystem/read/check/bytes	integer	67108864
/rows/76/result/filesystem/read/check/sha256	string	42ef3a50fe506ced865473b082c8b28f6ce254e6e2b01266b6a563531a6267bc
/rows/76/result/filesystem/read/python	string	3.14.7
/rows/76/result/filesystem/read/worker_ms	float	66.247982
/rows/76/result/filesystem/read/workload	string	read
/rows/76/result/filesystem/rg	object	-
/rows/76/result/filesystem/rg/check	object	-
/rows/76/result/filesystem/rg/check/matches	integer	2048
/rows/76/result/filesystem/rg/python	string	3.14.7
/rows/76/result/filesystem/rg/worker_ms	float	89.186579
/rows/76/result/filesystem/rg/workload	string	rg
/rows/76/result/filesystem/write	object	-
/rows/76/result/filesystem/write/check	object	-
/rows/76/result/filesystem/write/check/bytes	integer	16777216
/rows/76/result/filesystem/write/check/files	integer	256
/rows/76/result/filesystem/write/python	string	3.14.7
/rows/76/result/filesystem/write/worker_ms	float	199.909981
/rows/76/result/filesystem/write/workload	string	write
/rows/76/result/mode	string	filesystem
/rows/76/result/worker_ms	float	1054.774676
/rows/76/result_ms	float	1102.732385
/rows/76/trial	integer	15
/rows/76/variant	string	baseline
/rows/77	object	-
/rows/77/backend	string	native
/rows/77/completion_ms	float	455.959751
/rows/77/correctness	string	passed
/rows/77/logs	string	/home/reiase/workspace/pvisor/target/p1-filesystem-historical-full-20261005/native/trials/filesystem-native-015
/rows/77/memory_scope	string	owned launcher tree; Docker daemon/container RSS excluded
/rows/77/mode	string	filesystem
/rows/77/peak_tree_rss_kib	integer	138088
/rows/77/prepare_ms	float	38.348987
/rows/77/ready_ms	float	38.530306
/rows/77/result	object	-
/rows/77/result/correctness	string	passed
/rows/77/result/filesystem	object	-
/rows/77/result/filesystem/cargo	object	-
/rows/77/result/filesystem/cargo/check	object	-
/rows/77/result/filesystem/cargo/check/modules	integer	64
/rows/77/result/filesystem/cargo/check/result	string	2016
/rows/77/result/filesystem/cargo/python	string	3.14.7
/rows/77/result/filesystem/cargo/worker_ms	float	53.545456
/rows/77/result/filesystem/cargo/workload	string	cargo
/rows/77/result/filesystem/git	object	-
/rows/77/result/filesystem/git/check	object	-
/rows/77/result/filesystem/git/check/git_clean	boolean	true
/rows/77/result/filesystem/git/python	string	3.14.7
/rows/77/result/filesystem/git/worker_ms	float	15.63616
/rows/77/result/filesystem/git/workload	string	git
/rows/77/result/filesystem/metadata	object	-
/rows/77/result/filesystem/metadata/check	object	-
/rows/77/result/filesystem/metadata/check/bytes	integer	2095104
/rows/77/result/filesystem/metadata/check/files	integer	2048
/rows/77/result/filesystem/metadata/python	string	3.14.7
/rows/77/result/filesystem/metadata/worker_ms	float	4.702646
/rows/77/result/filesystem/metadata/workload	string	metadata
/rows/77/result/filesystem/npm	object	-
/rows/77/result/filesystem/npm/check	object	-
/rows/77/result/filesystem/npm/check/local_packages	integer	32
/rows/77/result/filesystem/npm/python	string	3.14.7
/rows/77/result/filesystem/npm/worker_ms	float	176.458185
/rows/77/result/filesystem/npm/workload	string	npm
/rows/77/result/filesystem/read	object	-
/rows/77/result/filesystem/read/check	object	-
/rows/77/result/filesystem/read/check/bytes	integer	67108864
/rows/77/result/filesystem/read/check/sha256	string	42ef3a50fe506ced865473b082c8b28f6ce254e6e2b01266b6a563531a6267bc
/rows/77/result/filesystem/read/python	string	3.14.7
/rows/77/result/filesystem/read/worker_ms	float	32.48861
/rows/77/result/filesystem/read/workload	string	read
/rows/77/result/filesystem/rg	object	-
/rows/77/result/filesystem/rg/check	object	-
/rows/77/result/filesystem/rg/check/matches	integer	2048
/rows/77/result/filesystem/rg/python	string	3.14.7
/rows/77/result/filesystem/rg/worker_ms	float	7.221987
/rows/77/result/filesystem/rg/workload	string	rg
/rows/77/result/filesystem/write	object	-
/rows/77/result/filesystem/write/check	object	-
/rows/77/result/filesystem/write/check/bytes	integer	16777216
/rows/77/result/filesystem/write/check/files	integer	256
/rows/77/result/filesystem/write/python	string	3.14.7
/rows/77/result/filesystem/write/worker_ms	float	4.091706
/rows/77/result/filesystem/write/workload	string	write
/rows/77/result/mode	string	filesystem
/rows/77/result/worker_ms	float	409.46899
/rows/77/result_ms	float	448.033188
/rows/77/trial	integer	15
/rows/77/variant	string	native
/rows/78	object	-
/rows/78/backend	string	pvisor-vm
/rows/78/completion_ms	float	5373.556231
/rows/78/correctness	string	passed
/rows/78/logs	string	/home/reiase/workspace/pvisor/target/p1-filesystem-historical-full-20261005/baseline/trials/filesystem-pvisor-vm-015
/rows/78/memory_scope	string	owned launcher tree; Docker daemon/container RSS excluded
/rows/78/mode	string	filesystem
/rows/78/peak_tree_rss_kib	integer	830808
/rows/78/prepare_ms	float	38.711313
/rows/78/ready_ms	float	860.95436
/rows/78/result	object	-
/rows/78/result/correctness	string	passed
/rows/78/result/filesystem	object	-
/rows/78/result/filesystem/cargo	object	-
/rows/78/result/filesystem/cargo/check	object	-
/rows/78/result/filesystem/cargo/check/modules	integer	64
/rows/78/result/filesystem/cargo/check/result	string	2016
/rows/78/result/filesystem/cargo/python	string	3.14.7
/rows/78/result/filesystem/cargo/worker_ms	float	654.224296
/rows/78/result/filesystem/cargo/workload	string	cargo
/rows/78/result/filesystem/git	object	-
/rows/78/result/filesystem/git/check	object	-
/rows/78/result/filesystem/git/check/git_clean	boolean	true
/rows/78/result/filesystem/git/python	string	3.14.7
/rows/78/result/filesystem/git/worker_ms	float	395.095923
/rows/78/result/filesystem/git/workload	string	git
/rows/78/result/filesystem/metadata	object	-
/rows/78/result/filesystem/metadata/check	object	-
/rows/78/result/filesystem/metadata/check/bytes	integer	2095104
/rows/78/result/filesystem/metadata/check/files	integer	2048
/rows/78/result/filesystem/metadata/python	string	3.14.7
/rows/78/result/filesystem/metadata/worker_ms	float	258.516378
/rows/78/result/filesystem/metadata/workload	string	metadata
/rows/78/result/filesystem/npm	object	-
/rows/78/result/filesystem/npm/check	object	-
/rows/78/result/filesystem/npm/check/local_packages	integer	32
/rows/78/result/filesystem/npm/python	string	3.14.7
/rows/78/result/filesystem/npm/worker_ms	float	1745.687486
/rows/78/result/filesystem/npm/workload	string	npm
/rows/78/result/filesystem/read	object	-
/rows/78/result/filesystem/read/check	object	-
/rows/78/result/filesystem/read/check/bytes	integer	67108864
/rows/78/result/filesystem/read/check/sha256	string	42ef3a50fe506ced865473b082c8b28f6ce254e6e2b01266b6a563531a6267bc
/rows/78/result/filesystem/read/python	string	3.14.7
/rows/78/result/filesystem/read/worker_ms	float	119.16673
/rows/78/result/filesystem/read/workload	string	read
/rows/78/result/filesystem/rg	object	-
/rows/78/result/filesystem/rg/check	object	-
/rows/78/result/filesystem/rg/check/matches	integer	2048
/rows/78/result/filesystem/rg/python	string	3.14.7
/rows/78/result/filesystem/rg/worker_ms	float	474.643246
/rows/78/result/filesystem/rg/workload	string	rg
/rows/78/result/filesystem/write	object	-
/rows/78/result/filesystem/write/check	object	-
/rows/78/result/filesystem/write/check/bytes	integer	16777216
/rows/78/result/filesystem/write/check/files	integer	256
/rows/78/result/filesystem/write/python	string	3.14.7
/rows/78/result/filesystem/write/worker_ms	float	260.609035
/rows/78/result/filesystem/write/workload	string	write
/rows/78/result/mode	string	filesystem
/rows/78/result/worker_ms	float	4398.985927
/rows/78/result_ms	float	5260.788925
/rows/78/trial	integer	15
/rows/78/variant	string	baseline
/rows/79	object	-
/rows/79/backend	string	pvisor-vm
/rows/79/completion_ms	float	5213.044594
/rows/79/correctness	string	passed
/rows/79/logs	string	/home/reiase/workspace/pvisor/target/p1-filesystem-historical-full-20261005/candidate/trials/filesystem-pvisor-vm-015
/rows/79/memory_scope	string	owned launcher tree; Docker daemon/container RSS excluded
/rows/79/mode	string	filesystem
/rows/79/peak_tree_rss_kib	integer	827848
/rows/79/prepare_ms	float	37.100206
/rows/79/ready_ms	float	648.012969
/rows/79/result	object	-
/rows/79/result/correctness	string	passed
/rows/79/result/filesystem	object	-
/rows/79/result/filesystem/cargo	object	-
/rows/79/result/filesystem/cargo/check	object	-
/rows/79/result/filesystem/cargo/check/modules	integer	64
/rows/79/result/filesystem/cargo/check/result	string	2016
/rows/79/result/filesystem/cargo/python	string	3.14.7
/rows/79/result/filesystem/cargo/worker_ms	float	768.820895
/rows/79/result/filesystem/cargo/workload	string	cargo
/rows/79/result/filesystem/git	object	-
/rows/79/result/filesystem/git/check	object	-
/rows/79/result/filesystem/git/check/git_clean	boolean	true
/rows/79/result/filesystem/git/python	string	3.14.7
/rows/79/result/filesystem/git/worker_ms	float	487.547463
/rows/79/result/filesystem/git/workload	string	git
/rows/79/result/filesystem/metadata	object	-
/rows/79/result/filesystem/metadata/check	object	-
/rows/79/result/filesystem/metadata/check/bytes	integer	2095104
/rows/79/result/filesystem/metadata/check/files	integer	2048
/rows/79/result/filesystem/metadata/python	string	3.14.7
/rows/79/result/filesystem/metadata/worker_ms	float	268.183789
/rows/79/result/filesystem/metadata/workload	string	metadata
/rows/79/result/filesystem/npm	object	-
/rows/79/result/filesystem/npm/check	object	-
/rows/79/result/filesystem/npm/check/local_packages	integer	32
/rows/79/result/filesystem/npm/python	string	3.14.7
/rows/79/result/filesystem/npm/worker_ms	float	1593.282648
/rows/79/result/filesystem/npm/workload	string	npm
/rows/79/result/filesystem/read	object	-
/rows/79/result/filesystem/read/check	object	-
/rows/79/result/filesystem/read/check/bytes	integer	67108864
/rows/79/result/filesystem/read/check/sha256	string	42ef3a50fe506ced865473b082c8b28f6ce254e6e2b01266b6a563531a6267bc
/rows/79/result/filesystem/read/python	string	3.14.7
/rows/79/result/filesystem/read/worker_ms	float	120.064961
/rows/79/result/filesystem/read/workload	string	read
/rows/79/result/filesystem/rg	object	-
/rows/79/result/filesystem/rg/check	object	-
/rows/79/result/filesystem/rg/check/matches	integer	2048
/rows/79/result/filesystem/rg/python	string	3.14.7
/rows/79/result/filesystem/rg/worker_ms	float	470.467611
/rows/79/result/filesystem/rg/workload	string	rg
/rows/79/result/filesystem/write	object	-
/rows/79/result/filesystem/write/check	object	-
/rows/79/result/filesystem/write/check/bytes	integer	16777216
/rows/79/result/filesystem/write/check/files	integer	256
/rows/79/result/filesystem/write/python	string	3.14.7
/rows/79/result/filesystem/write/worker_ms	float	239.913468
/rows/79/result/filesystem/write/workload	string	write
/rows/79/result/mode	string	filesystem
/rows/79/result/worker_ms	float	4449.099281
/rows/79/result_ms	float	5097.628174
/rows/79/trial	integer	15
/rows/79/variant	string	candidate
/rows/80	object	-
/rows/80/backend	string	pvisor-vm
/rows/80/completion_ms	float	5175.96147
/rows/80/correctness	string	passed
/rows/80/logs	string	/home/reiase/workspace/pvisor/target/p1-filesystem-historical-full-20261005/candidate/trials/filesystem-pvisor-vm-016
/rows/80/memory_scope	string	owned launcher tree; Docker daemon/container RSS excluded
/rows/80/mode	string	filesystem
/rows/80/peak_tree_rss_kib	integer	829684
/rows/80/prepare_ms	float	37.067916
/rows/80/ready_ms	float	604.540401
/rows/80/result	object	-
/rows/80/result/correctness	string	passed
/rows/80/result/filesystem	object	-
/rows/80/result/filesystem/cargo	object	-
/rows/80/result/filesystem/cargo/check	object	-
/rows/80/result/filesystem/cargo/check/modules	integer	64
/rows/80/result/filesystem/cargo/check/result	string	2016
/rows/80/result/filesystem/cargo/python	string	3.14.7
/rows/80/result/filesystem/cargo/worker_ms	float	709.488349
/rows/80/result/filesystem/cargo/workload	string	cargo
/rows/80/result/filesystem/git	object	-
/rows/80/result/filesystem/git/check	object	-
/rows/80/result/filesystem/git/check/git_clean	boolean	true
/rows/80/result/filesystem/git/python	string	3.14.7
/rows/80/result/filesystem/git/worker_ms	float	472.111408
/rows/80/result/filesystem/git/workload	string	git
/rows/80/result/filesystem/metadata	object	-
/rows/80/result/filesystem/metadata/check	object	-
/rows/80/result/filesystem/metadata/check/bytes	integer	2095104
/rows/80/result/filesystem/metadata/check/files	integer	2048
/rows/80/result/filesystem/metadata/python	string	3.14.7
/rows/80/result/filesystem/metadata/worker_ms	float	200.314889
/rows/80/result/filesystem/metadata/workload	string	metadata
/rows/80/result/filesystem/npm	object	-
/rows/80/result/filesystem/npm/check	object	-
/rows/80/result/filesystem/npm/check/local_packages	integer	32
/rows/80/result/filesystem/npm/python	string	3.14.7
/rows/80/result/filesystem/npm/worker_ms	float	1574.986542
/rows/80/result/filesystem/npm/workload	string	npm
/rows/80/result/filesystem/read	object	-
/rows/80/result/filesystem/read/check	object	-
/rows/80/result/filesystem/read/check/bytes	integer	67108864
/rows/80/result/filesystem/read/check/sha256	string	42ef3a50fe506ced865473b082c8b28f6ce254e6e2b01266b6a563531a6267bc
/rows/80/result/filesystem/read/python	string	3.14.7
/rows/80/result/filesystem/read/worker_ms	float	147.659187
/rows/80/result/filesystem/read/workload	string	read
/rows/80/result/filesystem/rg	object	-
/rows/80/result/filesystem/rg/check	object	-
/rows/80/result/filesystem/rg/check/matches	integer	2048
/rows/80/result/filesystem/rg/python	string	3.14.7
/rows/80/result/filesystem/rg/worker_ms	float	456.712332
/rows/80/result/filesystem/rg/workload	string	rg
/rows/80/result/filesystem/write	object	-
/rows/80/result/filesystem/write/check	object	-
/rows/80/result/filesystem/write/check/bytes	integer	16777216
/rows/80/result/filesystem/write/check/files	integer	256
/rows/80/result/filesystem/write/python	string	3.14.7
/rows/80/result/filesystem/write/worker_ms	float	281.761556
/rows/80/result/filesystem/write/workload	string	write
/rows/80/result/mode	string	filesystem
/rows/80/result/worker_ms	float	4452.611303
/rows/80/result_ms	float	5057.79586
/rows/80/trial	integer	16
/rows/80/variant	string	candidate
/rows/81	object	-
/rows/81/backend	string	pvisor-staged
/rows/81/completion_ms	float	1272.734632
/rows/81/correctness	string	passed
/rows/81/logs	string	/home/reiase/workspace/pvisor/target/p1-filesystem-historical-full-20261005/candidate/trials/filesystem-pvisor-staged-016
/rows/81/memory_scope	string	owned launcher tree; Docker daemon/container RSS excluded
/rows/81/mode	string	filesystem
/rows/81/peak_tree_rss_kib	integer	180332
/rows/81/prepare_ms	float	37.195514
/rows/81/ready_ms	float	61.919514
/rows/81/result	object	-
/rows/81/result/correctness	string	passed
/rows/81/result/filesystem	object	-
/rows/81/result/filesystem/cargo	object	-
/rows/81/result/filesystem/cargo/check	object	-
/rows/81/result/filesystem/cargo/check/modules	integer	64
/rows/81/result/filesystem/cargo/check/result	string	2016
/rows/81/result/filesystem/cargo/python	string	3.14.7
/rows/81/result/filesystem/cargo/worker_ms	float	109.957643
/rows/81/result/filesystem/cargo/workload	string	cargo
/rows/81/result/filesystem/git	object	-
/rows/81/result/filesystem/git/check	object	-
/rows/81/result/filesystem/git/check/git_clean	boolean	true
/rows/81/result/filesystem/git/python	string	3.14.7
/rows/81/result/filesystem/git/worker_ms	float	165.469268
/rows/81/result/filesystem/git/workload	string	git
/rows/81/result/filesystem/metadata	object	-
/rows/81/result/filesystem/metadata/check	object	-
/rows/81/result/filesystem/metadata/check/bytes	integer	2095104
/rows/81/result/filesystem/metadata/check/files	integer	2048
/rows/81/result/filesystem/metadata/python	string	3.14.7
/rows/81/result/filesystem/metadata/worker_ms	float	76.200685
/rows/81/result/filesystem/metadata/workload	string	metadata
/rows/81/result/filesystem/npm	object	-
/rows/81/result/filesystem/npm/check	object	-
/rows/81/result/filesystem/npm/check/local_packages	integer	32
/rows/81/result/filesystem/npm/python	string	3.14.7
/rows/81/result/filesystem/npm/worker_ms	float	258.907872
/rows/81/result/filesystem/npm/workload	string	npm
/rows/81/result/filesystem/read	object	-
/rows/81/result/filesystem/read/check	object	-
/rows/81/result/filesystem/read/check/bytes	integer	67108864
/rows/81/result/filesystem/read/check/sha256	string	42ef3a50fe506ced865473b082c8b28f6ce254e6e2b01266b6a563531a6267bc
/rows/81/result/filesystem/read/python	string	3.14.7
/rows/81/result/filesystem/read/worker_ms	float	70.041962
/rows/81/result/filesystem/read/workload	string	read
/rows/81/result/filesystem/rg	object	-
/rows/81/result/filesystem/rg/check	object	-
/rows/81/result/filesystem/rg/check/matches	integer	2048
/rows/81/result/filesystem/rg/python	string	3.14.7
/rows/81/result/filesystem/rg/worker_ms	float	88.762949
/rows/81/result/filesystem/rg/workload	string	rg
/rows/81/result/filesystem/write	object	-
/rows/81/result/filesystem/write/check	object	-
/rows/81/result/filesystem/write/check/bytes	integer	16777216
/rows/81/result/filesystem/write/check/files	integer	256
/rows/81/result/filesystem/write/python	string	3.14.7
/rows/81/result/filesystem/write/worker_ms	float	199.992795
/rows/81/result/filesystem/write/workload	string	write
/rows/81/result/mode	string	filesystem
/rows/81/result/worker_ms	float	1092.880239
/rows/81/result_ms	float	1154.839387
/rows/81/trial	integer	16
/rows/81/variant	string	candidate
/rows/82	object	-
/rows/82/backend	string	native
/rows/82/completion_ms	float	463.470456
/rows/82/correctness	string	passed
/rows/82/logs	string	/home/reiase/workspace/pvisor/target/p1-filesystem-historical-full-20261005/native/trials/filesystem-native-016
/rows/82/memory_scope	string	owned launcher tree; Docker daemon/container RSS excluded
/rows/82/mode	string	filesystem
/rows/82/peak_tree_rss_kib	integer	142040
/rows/82/prepare_ms	float	37.29469
/rows/82/ready_ms	float	39.124594
/rows/82/result	object	-
/rows/82/result/correctness	string	passed
/rows/82/result/filesystem	object	-
/rows/82/result/filesystem/cargo	object	-
/rows/82/result/filesystem/cargo/check	object	-
/rows/82/result/filesystem/cargo/check/modules	integer	64
/rows/82/result/filesystem/cargo/check/result	string	2016
/rows/82/result/filesystem/cargo/python	string	3.14.7
/rows/82/result/filesystem/cargo/worker_ms	float	59.54841
/rows/82/result/filesystem/cargo/workload	string	cargo
/rows/82/result/filesystem/git	object	-
/rows/82/result/filesystem/git/check	object	-
/rows/82/result/filesystem/git/check/git_clean	boolean	true
/rows/82/result/filesystem/git/python	string	3.14.7
/rows/82/result/filesystem/git/worker_ms	float	15.063422
/rows/82/result/filesystem/git/workload	string	git
/rows/82/result/filesystem/metadata	object	-
/rows/82/result/filesystem/metadata/check	object	-
/rows/82/result/filesystem/metadata/check/bytes	integer	2095104
/rows/82/result/filesystem/metadata/check/files	integer	2048
/rows/82/result/filesystem/metadata/python	string	3.14.7
/rows/82/result/filesystem/metadata/worker_ms	float	4.753661
/rows/82/result/filesystem/metadata/workload	string	metadata
/rows/82/result/filesystem/npm	object	-
/rows/82/result/filesystem/npm/check	object	-
/rows/82/result/filesystem/npm/check/local_packages	integer	32
/rows/82/result/filesystem/npm/python	string	3.14.7
/rows/82/result/filesystem/npm/worker_ms	float	177.888054
/rows/82/result/filesystem/npm/workload	string	npm
/rows/82/result/filesystem/read	object	-
/rows/82/result/filesystem/read/check	object	-
/rows/82/result/filesystem/read/check/bytes	integer	67108864
/rows/82/result/filesystem/read/check/sha256	string	42ef3a50fe506ced865473b082c8b28f6ce254e6e2b01266b6a563531a6267bc
/rows/82/result/filesystem/read/python	string	3.14.7
/rows/82/result/filesystem/read/worker_ms	float	32.355642
/rows/82/result/filesystem/read/workload	string	read
/rows/82/result/filesystem/rg	object	-
/rows/82/result/filesystem/rg/check	object	-
/rows/82/result/filesystem/rg/check/matches	integer	2048
/rows/82/result/filesystem/rg/python	string	3.14.7
/rows/82/result/filesystem/rg/worker_ms	float	8.02213
/rows/82/result/filesystem/rg/workload	string	rg
/rows/82/result/filesystem/write	object	-
/rows/82/result/filesystem/write/check	object	-
/rows/82/result/filesystem/write/check/bytes	integer	16777216
/rows/82/result/filesystem/write/check/files	integer	256
/rows/82/result/filesystem/write/python	string	3.14.7
/rows/82/result/filesystem/write/worker_ms	float	3.676801
/rows/82/result/filesystem/write/workload	string	write
/rows/82/result/mode	string	filesystem
/rows/82/result/worker_ms	float	416.712608
/rows/82/result_ms	float	455.89561
/rows/82/trial	integer	16
/rows/82/variant	string	native
/rows/83	object	-
/rows/83/backend	string	pvisor-vm
/rows/83/completion_ms	float	5134.732418
/rows/83/correctness	string	passed
/rows/83/logs	string	/home/reiase/workspace/pvisor/target/p1-filesystem-historical-full-20261005/baseline/trials/filesystem-pvisor-vm-016
/rows/83/memory_scope	string	owned launcher tree; Docker daemon/container RSS excluded
/rows/83/mode	string	filesystem
/rows/83/peak_tree_rss_kib	integer	830048
/rows/83/prepare_ms	float	37.910569
/rows/83/ready_ms	float	655.431965
/rows/83/result	object	-
/rows/83/result/correctness	string	passed
/rows/83/result/filesystem	object	-
/rows/83/result/filesystem/cargo	object	-
/rows/83/result/filesystem/cargo/check	object	-
/rows/83/result/filesystem/cargo/check/modules	integer	64
/rows/83/result/filesystem/cargo/check/result	string	2016
/rows/83/result/filesystem/cargo/python	string	3.14.7
/rows/83/result/filesystem/cargo/worker_ms	float	551.70664
/rows/83/result/filesystem/cargo/workload	string	cargo
/rows/83/result/filesystem/git	object	-
/rows/83/result/filesystem/git/check	object	-
/rows/83/result/filesystem/git/check/git_clean	boolean	true
/rows/83/result/filesystem/git/python	string	3.14.7
/rows/83/result/filesystem/git/worker_ms	float	374.863162
/rows/83/result/filesystem/git/workload	string	git
/rows/83/result/filesystem/metadata	object	-
/rows/83/result/filesystem/metadata/check	object	-
/rows/83/result/filesystem/metadata/check/bytes	integer	2095104
/rows/83/result/filesystem/metadata/check/files	integer	2048
/rows/83/result/filesystem/metadata/python	string	3.14.7
/rows/83/result/filesystem/metadata/worker_ms	float	209.71539
/rows/83/result/filesystem/metadata/workload	string	metadata
/rows/83/result/filesystem/npm	object	-
/rows/83/result/filesystem/npm/check	object	-
/rows/83/result/filesystem/npm/check/local_packages	integer	32
/rows/83/result/filesystem/npm/python	string	3.14.7
/rows/83/result/filesystem/npm/worker_ms	float	1729.508851
/rows/83/result/filesystem/npm/workload	string	npm
/rows/83/result/filesystem/read	object	-
/rows/83/result/filesystem/read/check	object	-
/rows/83/result/filesystem/read/check/bytes	integer	67108864
/rows/83/result/filesystem/read/check/sha256	string	42ef3a50fe506ced865473b082c8b28f6ce254e6e2b01266b6a563531a6267bc
/rows/83/result/filesystem/read/python	string	3.14.7
/rows/83/result/filesystem/read/worker_ms	float	118.708613
/rows/83/result/filesystem/read/workload	string	read
/rows/83/result/filesystem/rg	object	-
/rows/83/result/filesystem/rg/check	object	-
/rows/83/result/filesystem/rg/check/matches	integer	2048
/rows/83/result/filesystem/rg/python	string	3.14.7
/rows/83/result/filesystem/rg/worker_ms	float	629.251926
/rows/83/result/filesystem/rg/workload	string	rg
/rows/83/result/filesystem/write	object	-
/rows/83/result/filesystem/write/check	object	-
/rows/83/result/filesystem/write/check/bytes	integer	16777216
/rows/83/result/filesystem/write/check/files	integer	256
/rows/83/result/filesystem/write/python	string	3.14.7
/rows/83/result/filesystem/write/worker_ms	float	233.662751
/rows/83/result/filesystem/write/workload	string	write
/rows/83/result/mode	string	filesystem
/rows/83/result/worker_ms	float	4370.731135
/rows/83/result_ms	float	5026.886146
/rows/83/trial	integer	16
/rows/83/variant	string	baseline
/rows/84	object	-
/rows/84/backend	string	pvisor-staged
/rows/84/completion_ms	float	1228.523476
/rows/84/correctness	string	passed
/rows/84/logs	string	/home/reiase/workspace/pvisor/target/p1-filesystem-historical-full-20261005/baseline/trials/filesystem-pvisor-staged-016
/rows/84/memory_scope	string	owned launcher tree; Docker daemon/container RSS excluded
/rows/84/mode	string	filesystem
/rows/84/peak_tree_rss_kib	integer	161964
/rows/84/prepare_ms	float	36.728543
/rows/84/ready_ms	float	49.034779
/rows/84/result	object	-
/rows/84/result/correctness	string	passed
/rows/84/result/filesystem	object	-
/rows/84/result/filesystem/cargo	object	-
/rows/84/result/filesystem/cargo/check	object	-
/rows/84/result/filesystem/cargo/check/modules	integer	64
/rows/84/result/filesystem/cargo/check/result	string	2016
/rows/84/result/filesystem/cargo/python	string	3.14.7
/rows/84/result/filesystem/cargo/worker_ms	float	110.220503
/rows/84/result/filesystem/cargo/workload	string	cargo
/rows/84/result/filesystem/git	object	-
/rows/84/result/filesystem/git/check	object	-
/rows/84/result/filesystem/git/check/git_clean	boolean	true
/rows/84/result/filesystem/git/python	string	3.14.7
/rows/84/result/filesystem/git/worker_ms	float	166.350662
/rows/84/result/filesystem/git/workload	string	git
/rows/84/result/filesystem/metadata	object	-
/rows/84/result/filesystem/metadata/check	object	-
/rows/84/result/filesystem/metadata/check/bytes	integer	2095104
/rows/84/result/filesystem/metadata/check/files	integer	2048
/rows/84/result/filesystem/metadata/python	string	3.14.7
/rows/84/result/filesystem/metadata/worker_ms	float	75.727342
/rows/84/result/filesystem/metadata/workload	string	metadata
/rows/84/result/filesystem/npm	object	-
/rows/84/result/filesystem/npm/check	object	-
/rows/84/result/filesystem/npm/check/local_packages	integer	32
/rows/84/result/filesystem/npm/python	string	3.14.7
/rows/84/result/filesystem/npm/worker_ms	float	216.27956
/rows/84/result/filesystem/npm/workload	string	npm
/rows/84/result/filesystem/read	object	-
/rows/84/result/filesystem/read/check	object	-
/rows/84/result/filesystem/read/check/bytes	integer	67108864
/rows/84/result/filesystem/read/check/sha256	string	42ef3a50fe506ced865473b082c8b28f6ce254e6e2b01266b6a563531a6267bc
/rows/84/result/filesystem/read/python	string	3.14.7
/rows/84/result/filesystem/read/worker_ms	float	68.953862
/rows/84/result/filesystem/read/workload	string	read
/rows/84/result/filesystem/rg	object	-
/rows/84/result/filesystem/rg/check	object	-
/rows/84/result/filesystem/rg/check/matches	integer	2048
/rows/84/result/filesystem/rg/python	string	3.14.7
/rows/84/result/filesystem/rg/worker_ms	float	89.297376
/rows/84/result/filesystem/rg/workload	string	rg
/rows/84/result/filesystem/write	object	-
/rows/84/result/filesystem/write/check	object	-
/rows/84/result/filesystem/write/check/bytes	integer	16777216
/rows/84/result/filesystem/write/check/files	integer	256
/rows/84/result/filesystem/write/python	string	3.14.7
/rows/84/result/filesystem/write/worker_ms	float	204.052222
/rows/84/result/filesystem/write/workload	string	write
/rows/84/result/mode	string	filesystem
/rows/84/result/worker_ms	float	1056.422452
/rows/84/result_ms	float	1105.496283
/rows/84/trial	integer	16
/rows/84/variant	string	baseline
/rows/85	object	-
/rows/85/backend	string	pvisor-vm
/rows/85/completion_ms	float	5155.028925
/rows/85/correctness	string	passed
/rows/85/logs	string	/home/reiase/workspace/pvisor/target/p1-filesystem-historical-full-20261005/baseline/trials/filesystem-pvisor-vm-017
/rows/85/memory_scope	string	owned launcher tree; Docker daemon/container RSS excluded
/rows/85/mode	string	filesystem
/rows/85/peak_tree_rss_kib	integer	825972
/rows/85/prepare_ms	float	37.677133
/rows/85/ready_ms	float	617.797771
/rows/85/result	object	-
/rows/85/result/correctness	string	passed
/rows/85/result/filesystem	object	-
/rows/85/result/filesystem/cargo	object	-
/rows/85/result/filesystem/cargo/check	object	-
/rows/85/result/filesystem/cargo/check/modules	integer	64
/rows/85/result/filesystem/cargo/check/result	string	2016
/rows/85/result/filesystem/cargo/python	string	3.14.7
/rows/85/result/filesystem/cargo/worker_ms	float	654.324544
/rows/85/result/filesystem/cargo/workload	string	cargo
/rows/85/result/filesystem/git	object	-
/rows/85/result/filesystem/git/check	object	-
/rows/85/result/filesystem/git/check/git_clean	boolean	true
/rows/85/result/filesystem/git/python	string	3.14.7
/rows/85/result/filesystem/git/worker_ms	float	423.996012
/rows/85/result/filesystem/git/workload	string	git
/rows/85/result/filesystem/metadata	object	-
/rows/85/result/filesystem/metadata/check	object	-
/rows/85/result/filesystem/metadata/check/bytes	integer	2095104
/rows/85/result/filesystem/metadata/check/files	integer	2048
/rows/85/result/filesystem/metadata/python	string	3.14.7
/rows/85/result/filesystem/metadata/worker_ms	float	204.634953
/rows/85/result/filesystem/metadata/workload	string	metadata
/rows/85/result/filesystem/npm	object	-
/rows/85/result/filesystem/npm/check	object	-
/rows/85/result/filesystem/npm/check/local_packages	integer	32
/rows/85/result/filesystem/npm/python	string	3.14.7
/rows/85/result/filesystem/npm/worker_ms	float	1585.927625
/rows/85/result/filesystem/npm/workload	string	npm
/rows/85/result/filesystem/read	object	-
/rows/85/result/filesystem/read/check	object	-
/rows/85/result/filesystem/read/check/bytes	integer	67108864
/rows/85/result/filesystem/read/check/sha256	string	42ef3a50fe506ced865473b082c8b28f6ce254e6e2b01266b6a563531a6267bc
/rows/85/result/filesystem/read/python	string	3.14.7
/rows/85/result/filesystem/read/worker_ms	float	161.426068
/rows/85/result/filesystem/read/workload	string	read
/rows/85/result/filesystem/rg	object	-
/rows/85/result/filesystem/rg/check	object	-
/rows/85/result/filesystem/rg/check/matches	integer	2048
/rows/85/result/filesystem/rg/python	string	3.14.7
/rows/85/result/filesystem/rg/worker_ms	float	453.528364
/rows/85/result/filesystem/rg/workload	string	rg
/rows/85/result/filesystem/write	object	-
/rows/85/result/filesystem/write/check	object	-
/rows/85/result/filesystem/write/check/bytes	integer	16777216
/rows/85/result/filesystem/write/check/files	integer	256
/rows/85/result/filesystem/write/python	string	3.14.7
/rows/85/result/filesystem/write/worker_ms	float	282.145254
/rows/85/result/filesystem/write/workload	string	write
/rows/85/result/mode	string	filesystem
/rows/85/result/worker_ms	float	4415.310203
/rows/85/result_ms	float	5035.537481
/rows/85/trial	integer	17
/rows/85/variant	string	baseline
/rows/86	object	-
/rows/86/backend	string	pvisor-vm
/rows/86/completion_ms	float	5198.954499
/rows/86/correctness	string	passed
/rows/86/logs	string	/home/reiase/workspace/pvisor/target/p1-filesystem-historical-full-20261005/candidate/trials/filesystem-pvisor-vm-017
/rows/86/memory_scope	string	owned launcher tree; Docker daemon/container RSS excluded
/rows/86/mode	string	filesystem
/rows/86/peak_tree_rss_kib	integer	829964
/rows/86/prepare_ms	float	37.348901
/rows/86/ready_ms	float	611.585197
/rows/86/result	object	-
/rows/86/result/correctness	string	passed
/rows/86/result/filesystem	object	-
/rows/86/result/filesystem/cargo	object	-
/rows/86/result/filesystem/cargo/check	object	-
/rows/86/result/filesystem/cargo/check/modules	integer	64
/rows/86/result/filesystem/cargo/check/result	string	2016
/rows/86/result/filesystem/cargo/python	string	3.14.7
/rows/86/result/filesystem/cargo/worker_ms	float	519.08628
/rows/86/result/filesystem/cargo/workload	string	cargo
/rows/86/result/filesystem/git	object	-
/rows/86/result/filesystem/git/check	object	-
/rows/86/result/filesystem/git/check/git_clean	boolean	true
/rows/86/result/filesystem/git/python	string	3.14.7
/rows/86/result/filesystem/git/worker_ms	float	579.828733
/rows/86/result/filesystem/git/workload	string	git
/rows/86/result/filesystem/metadata	object	-
/rows/86/result/filesystem/metadata/check	object	-
/rows/86/result/filesystem/metadata/check/bytes	integer	2095104
/rows/86/result/filesystem/metadata/check/files	integer	2048
/rows/86/result/filesystem/metadata/python	string	3.14.7
/rows/86/result/filesystem/metadata/worker_ms	float	170.59736
/rows/86/result/filesystem/metadata/workload	string	metadata
/rows/86/result/filesystem/npm	object	-
/rows/86/result/filesystem/npm/check	object	-
/rows/86/result/filesystem/npm/check/local_packages	integer	32
/rows/86/result/filesystem/npm/python	string	3.14.7
/rows/86/result/filesystem/npm/worker_ms	float	1755.733724
/rows/86/result/filesystem/npm/workload	string	npm
/rows/86/result/filesystem/read	object	-
/rows/86/result/filesystem/read/check	object	-
/rows/86/result/filesystem/read/check/bytes	integer	67108864
/rows/86/result/filesystem/read/check/sha256	string	42ef3a50fe506ced865473b082c8b28f6ce254e6e2b01266b6a563531a6267bc
/rows/86/result/filesystem/read/python	string	3.14.7
/rows/86/result/filesystem/read/worker_ms	float	147.074844
/rows/86/result/filesystem/read/workload	string	read
/rows/86/result/filesystem/rg	object	-
/rows/86/result/filesystem/rg/check	object	-
/rows/86/result/filesystem/rg/check/matches	integer	2048
/rows/86/result/filesystem/rg/python	string	3.14.7
/rows/86/result/filesystem/rg/worker_ms	float	440.216836
/rows/86/result/filesystem/rg/workload	string	rg
/rows/86/result/filesystem/write	object	-
/rows/86/result/filesystem/write/check	object	-
/rows/86/result/filesystem/write/check/bytes	integer	16777216
/rows/86/result/filesystem/write/check/files	integer	256
/rows/86/result/filesystem/write/python	string	3.14.7
/rows/86/result/filesystem/write/worker_ms	float	259.883206
/rows/86/result/filesystem/write/workload	string	write
/rows/86/result/mode	string	filesystem
/rows/86/result/worker_ms	float	4462.974245
/rows/86/result_ms	float	5075.362221
/rows/86/trial	integer	17
/rows/86/variant	string	candidate
/rows/87	object	-
/rows/87/backend	string	native
/rows/87/completion_ms	float	456.628037
/rows/87/correctness	string	passed
/rows/87/logs	string	/home/reiase/workspace/pvisor/target/p1-filesystem-historical-full-20261005/native/trials/filesystem-native-017
/rows/87/memory_scope	string	owned launcher tree; Docker daemon/container RSS excluded
/rows/87/mode	string	filesystem
/rows/87/peak_tree_rss_kib	integer	140232
/rows/87/prepare_ms	float	37.396569
/rows/87/ready_ms	float	39.483964
/rows/87/result	object	-
/rows/87/result/correctness	string	passed
/rows/87/result/filesystem	object	-
/rows/87/result/filesystem/cargo	object	-
/rows/87/result/filesystem/cargo/check	object	-
/rows/87/result/filesystem/cargo/check/modules	integer	64
/rows/87/result/filesystem/cargo/check/result	string	2016
/rows/87/result/filesystem/cargo/python	string	3.14.7
/rows/87/result/filesystem/cargo/worker_ms	float	54.642874
/rows/87/result/filesystem/cargo/workload	string	cargo
/rows/87/result/filesystem/git	object	-
/rows/87/result/filesystem/git/check	object	-
/rows/87/result/filesystem/git/check/git_clean	boolean	true
/rows/87/result/filesystem/git/python	string	3.14.7
/rows/87/result/filesystem/git/worker_ms	float	15.337834
/rows/87/result/filesystem/git/workload	string	git
/rows/87/result/filesystem/metadata	object	-
/rows/87/result/filesystem/metadata/check	object	-
/rows/87/result/filesystem/metadata/check/bytes	integer	2095104
/rows/87/result/filesystem/metadata/check/files	integer	2048
/rows/87/result/filesystem/metadata/python	string	3.14.7
/rows/87/result/filesystem/metadata/worker_ms	float	5.156593
/rows/87/result/filesystem/metadata/workload	string	metadata
/rows/87/result/filesystem/npm	object	-
/rows/87/result/filesystem/npm/check	object	-
/rows/87/result/filesystem/npm/check/local_packages	integer	32
/rows/87/result/filesystem/npm/python	string	3.14.7
/rows/87/result/filesystem/npm/worker_ms	float	170.927484
/rows/87/result/filesystem/npm/workload	string	npm
/rows/87/result/filesystem/read	object	-
/rows/87/result/filesystem/read/check	object	-
/rows/87/result/filesystem/read/check/bytes	integer	67108864
/rows/87/result/filesystem/read/check/sha256	string	42ef3a50fe506ced865473b082c8b28f6ce254e6e2b01266b6a563531a6267bc
/rows/87/result/filesystem/read/python	string	3.14.7
/rows/87/result/filesystem/read/worker_ms	float	33.091606
/rows/87/result/filesystem/read/workload	string	read
/rows/87/result/filesystem/rg	object	-
/rows/87/result/filesystem/rg/check	object	-
/rows/87/result/filesystem/rg/check/matches	integer	2048
/rows/87/result/filesystem/rg/python	string	3.14.7
/rows/87/result/filesystem/rg/worker_ms	float	8.564834
/rows/87/result/filesystem/rg/workload	string	rg
/rows/87/result/filesystem/write	object	-
/rows/87/result/filesystem/write/check	object	-
/rows/87/result/filesystem/write/check/bytes	integer	16777216
/rows/87/result/filesystem/write/check/files	integer	256
/rows/87/result/filesystem/write/python	string	3.14.7
/rows/87/result/filesystem/write/worker_ms	float	3.768763
/rows/87/result/filesystem/write/workload	string	write
/rows/87/result/mode	string	filesystem
/rows/87/result/worker_ms	float	409.723184
/rows/87/result_ms	float	449.257071
/rows/87/trial	integer	17
/rows/87/variant	string	native
/rows/88	object	-
/rows/88/backend	string	pvisor-staged
/rows/88/completion_ms	float	1202.281312
/rows/88/correctness	string	passed
/rows/88/logs	string	/home/reiase/workspace/pvisor/target/p1-filesystem-historical-full-20261005/baseline/trials/filesystem-pvisor-staged-017
/rows/88/memory_scope	string	owned launcher tree; Docker daemon/container RSS excluded
/rows/88/mode	string	filesystem
/rows/88/peak_tree_rss_kib	integer	161544
/rows/88/prepare_ms	float	36.522659
/rows/88/ready_ms	float	48.860673
/rows/88/result	object	-
/rows/88/result/correctness	string	passed
/rows/88/result/filesystem	object	-
/rows/88/result/filesystem/cargo	object	-
/rows/88/result/filesystem/cargo/check	object	-
/rows/88/result/filesystem/cargo/check/modules	integer	64
/rows/88/result/filesystem/cargo/check/result	string	2016
/rows/88/result/filesystem/cargo/python	string	3.14.7
/rows/88/result/filesystem/cargo/worker_ms	float	112.393899
/rows/88/result/filesystem/cargo/workload	string	cargo
/rows/88/result/filesystem/git	object	-
/rows/88/result/filesystem/git/check	object	-
/rows/88/result/filesystem/git/check/git_clean	boolean	true
/rows/88/result/filesystem/git/python	string	3.14.7
/rows/88/result/filesystem/git/worker_ms	float	165.313598
/rows/88/result/filesystem/git/workload	string	git
/rows/88/result/filesystem/metadata	object	-
/rows/88/result/filesystem/metadata/check	object	-
/rows/88/result/filesystem/metadata/check/bytes	integer	2095104
/rows/88/result/filesystem/metadata/check/files	integer	2048
/rows/88/result/filesystem/metadata/python	string	3.14.7
/rows/88/result/filesystem/metadata/worker_ms	float	75.229953
/rows/88/result/filesystem/metadata/workload	string	metadata
/rows/88/result/filesystem/npm	object	-
/rows/88/result/filesystem/npm/check	object	-
/rows/88/result/filesystem/npm/check/local_packages	integer	32
/rows/88/result/filesystem/npm/python	string	3.14.7
/rows/88/result/filesystem/npm/worker_ms	float	217.495118
/rows/88/result/filesystem/npm/workload	string	npm
/rows/88/result/filesystem/read	object	-
/rows/88/result/filesystem/read/check	object	-
/rows/88/result/filesystem/read/check/bytes	integer	67108864
/rows/88/result/filesystem/read/check/sha256	string	42ef3a50fe506ced865473b082c8b28f6ce254e6e2b01266b6a563531a6267bc
/rows/88/result/filesystem/read/python	string	3.14.7
/rows/88/result/filesystem/read/worker_ms	float	68.363419
/rows/88/result/filesystem/read/workload	string	read
/rows/88/result/filesystem/rg	object	-
/rows/88/result/filesystem/rg/check	object	-
/rows/88/result/filesystem/rg/check/matches	integer	2048
/rows/88/result/filesystem/rg/python	string	3.14.7
/rows/88/result/filesystem/rg/worker_ms	float	90.031296
/rows/88/result/filesystem/rg/workload	string	rg
/rows/88/result/filesystem/write	object	-
/rows/88/result/filesystem/write/check	object	-
/rows/88/result/filesystem/write/check/bytes	integer	16777216
/rows/88/result/filesystem/write/check/files	integer	256
/rows/88/result/filesystem/write/python	string	3.14.7
/rows/88/result/filesystem/write/worker_ms	float	193.494639
/rows/88/result/filesystem/write/workload	string	write
/rows/88/result/mode	string	filesystem
/rows/88/result/worker_ms	float	1046.247243
/rows/88/result_ms	float	1095.145586
/rows/88/trial	integer	17
/rows/88/variant	string	baseline
/rows/89	object	-
/rows/89/backend	string	pvisor-staged
/rows/89/completion_ms	float	1283.334435
/rows/89/correctness	string	passed
/rows/89/logs	string	/home/reiase/workspace/pvisor/target/p1-filesystem-historical-full-20261005/candidate/trials/filesystem-pvisor-staged-017
/rows/89/memory_scope	string	owned launcher tree; Docker daemon/container RSS excluded
/rows/89/mode	string	filesystem
/rows/89/peak_tree_rss_kib	integer	176864
/rows/89/prepare_ms	float	36.664753
/rows/89/ready_ms	float	60.682817
/rows/89/result	object	-
/rows/89/result/correctness	string	passed
/rows/89/result/filesystem	object	-
/rows/89/result/filesystem/cargo	object	-
/rows/89/result/filesystem/cargo/check	object	-
/rows/89/result/filesystem/cargo/check/modules	integer	64
/rows/89/result/filesystem/cargo/check/result	string	2016
/rows/89/result/filesystem/cargo/python	string	3.14.7
/rows/89/result/filesystem/cargo/worker_ms	float	111.276163
/rows/89/result/filesystem/cargo/workload	string	cargo
/rows/89/result/filesystem/git	object	-
/rows/89/result/filesystem/git/check	object	-
/rows/89/result/filesystem/git/check/git_clean	boolean	true
/rows/89/result/filesystem/git/python	string	3.14.7
/rows/89/result/filesystem/git/worker_ms	float	168.95895
/rows/89/result/filesystem/git/workload	string	git
/rows/89/result/filesystem/metadata	object	-
/rows/89/result/filesystem/metadata/check	object	-
/rows/89/result/filesystem/metadata/check/bytes	integer	2095104
/rows/89/result/filesystem/metadata/check/files	integer	2048
/rows/89/result/filesystem/metadata/python	string	3.14.7
/rows/89/result/filesystem/metadata/worker_ms	float	75.728765
/rows/89/result/filesystem/metadata/workload	string	metadata
/rows/89/result/filesystem/npm	object	-
/rows/89/result/filesystem/npm/check	object	-
/rows/89/result/filesystem/npm/check/local_packages	integer	32
/rows/89/result/filesystem/npm/python	string	3.14.7
/rows/89/result/filesystem/npm/worker_ms	float	260.15519
/rows/89/result/filesystem/npm/workload	string	npm
/rows/89/result/filesystem/read	object	-
/rows/89/result/filesystem/read/check	object	-
/rows/89/result/filesystem/read/check/bytes	integer	67108864
/rows/89/result/filesystem/read/check/sha256	string	42ef3a50fe506ced865473b082c8b28f6ce254e6e2b01266b6a563531a6267bc
/rows/89/result/filesystem/read/python	string	3.14.7
/rows/89/result/filesystem/read/worker_ms	float	67.495901
/rows/89/result/filesystem/read/workload	string	read
/rows/89/result/filesystem/rg	object	-
/rows/89/result/filesystem/rg/check	object	-
/rows/89/result/filesystem/rg/check/matches	integer	2048
/rows/89/result/filesystem/rg/python	string	3.14.7
/rows/89/result/filesystem/rg/worker_ms	float	86.851312
/rows/89/result/filesystem/rg/workload	string	rg
/rows/89/result/filesystem/write	object	-
/rows/89/result/filesystem/write/check	object	-
/rows/89/result/filesystem/write/check/bytes	integer	16777216
/rows/89/result/filesystem/write/check/files	integer	256
/rows/89/result/filesystem/write/python	string	3.14.7
/rows/89/result/filesystem/write/worker_ms	float	197.92658
/rows/89/result/filesystem/write/workload	string	write
/rows/89/result/mode	string	filesystem
/rows/89/result/worker_ms	float	1095.465533
/rows/89/result_ms	float	1156.215095
/rows/89/trial	integer	17
/rows/89/variant	string	candidate
/rows/90	object	-
/rows/90/backend	string	native
/rows/90/completion_ms	float	451.303871
/rows/90/correctness	string	passed
/rows/90/logs	string	/home/reiase/workspace/pvisor/target/p1-filesystem-historical-full-20261005/native/trials/filesystem-native-018
/rows/90/memory_scope	string	owned launcher tree; Docker daemon/container RSS excluded
/rows/90/mode	string	filesystem
/rows/90/peak_tree_rss_kib	integer	135168
/rows/90/prepare_ms	float	37.86806
/rows/90/ready_ms	float	39.079089
/rows/90/result	object	-
/rows/90/result/correctness	string	passed
/rows/90/result/filesystem	object	-
/rows/90/result/filesystem/cargo	object	-
/rows/90/result/filesystem/cargo/check	object	-
/rows/90/result/filesystem/cargo/check/modules	integer	64
/rows/90/result/filesystem/cargo/check/result	string	2016
/rows/90/result/filesystem/cargo/python	string	3.14.7
/rows/90/result/filesystem/cargo/worker_ms	float	52.680141
/rows/90/result/filesystem/cargo/workload	string	cargo
/rows/90/result/filesystem/git	object	-
/rows/90/result/filesystem/git/check	object	-
/rows/90/result/filesystem/git/check/git_clean	boolean	true
/rows/90/result/filesystem/git/python	string	3.14.7
/rows/90/result/filesystem/git/worker_ms	float	13.656346
/rows/90/result/filesystem/git/workload	string	git
/rows/90/result/filesystem/metadata	object	-
/rows/90/result/filesystem/metadata/check	object	-
/rows/90/result/filesystem/metadata/check/bytes	integer	2095104
/rows/90/result/filesystem/metadata/check/files	integer	2048
/rows/90/result/filesystem/metadata/python	string	3.14.7
/rows/90/result/filesystem/metadata/worker_ms	float	4.838941
/rows/90/result/filesystem/metadata/workload	string	metadata
/rows/90/result/filesystem/npm	object	-
/rows/90/result/filesystem/npm/check	object	-
/rows/90/result/filesystem/npm/check/local_packages	integer	32
/rows/90/result/filesystem/npm/python	string	3.14.7
/rows/90/result/filesystem/npm/worker_ms	float	172.705082
/rows/90/result/filesystem/npm/workload	string	npm
/rows/90/result/filesystem/read	object	-
/rows/90/result/filesystem/read/check	object	-
/rows/90/result/filesystem/read/check/bytes	integer	67108864
/rows/90/result/filesystem/read/check/sha256	string	42ef3a50fe506ced865473b082c8b28f6ce254e6e2b01266b6a563531a6267bc
/rows/90/result/filesystem/read/python	string	3.14.7
/rows/90/result/filesystem/read/worker_ms	float	32.557119
/rows/90/result/filesystem/read/workload	string	read
/rows/90/result/filesystem/rg	object	-
/rows/90/result/filesystem/rg/check	object	-
/rows/90/result/filesystem/rg/check/matches	integer	2048
/rows/90/result/filesystem/rg/python	string	3.14.7
/rows/90/result/filesystem/rg/worker_ms	float	6.745999
/rows/90/result/filesystem/rg/workload	string	rg
/rows/90/result/filesystem/write	object	-
/rows/90/result/filesystem/write/check	object	-
/rows/90/result/filesystem/write/check/bytes	integer	16777216
/rows/90/result/filesystem/write/check/files	integer	256
/rows/90/result/filesystem/write/python	string	3.14.7
/rows/90/result/filesystem/write/worker_ms	float	5.049634
/rows/90/result/filesystem/write/workload	string	write
/rows/90/result/mode	string	filesystem
/rows/90/result/worker_ms	float	404.830443
/rows/90/result_ms	float	443.954546
/rows/90/trial	integer	18
/rows/90/variant	string	native
/rows/91	object	-
/rows/91/backend	string	pvisor-staged
/rows/91/completion_ms	float	1203.679923
/rows/91/correctness	string	passed
/rows/91/logs	string	/home/reiase/workspace/pvisor/target/p1-filesystem-historical-full-20261005/baseline/trials/filesystem-pvisor-staged-018
/rows/91/memory_scope	string	owned launcher tree; Docker daemon/container RSS excluded
/rows/91/mode	string	filesystem
/rows/91/peak_tree_rss_kib	integer	161664
/rows/91/prepare_ms	float	36.234661
/rows/91/ready_ms	float	47.255177
/rows/91/result	object	-
/rows/91/result/correctness	string	passed
/rows/91/result/filesystem	object	-
/rows/91/result/filesystem/cargo	object	-
/rows/91/result/filesystem/cargo/check	object	-
/rows/91/result/filesystem/cargo/check/modules	integer	64
/rows/91/result/filesystem/cargo/check/result	string	2016
/rows/91/result/filesystem/cargo/python	string	3.14.7
/rows/91/result/filesystem/cargo/worker_ms	float	109.209156
/rows/91/result/filesystem/cargo/workload	string	cargo
/rows/91/result/filesystem/git	object	-
/rows/91/result/filesystem/git/check	object	-
/rows/91/result/filesystem/git/check/git_clean	boolean	true
/rows/91/result/filesystem/git/python	string	3.14.7
/rows/91/result/filesystem/git/worker_ms	float	167.447661
/rows/91/result/filesystem/git/workload	string	git
/rows/91/result/filesystem/metadata	object	-
/rows/91/result/filesystem/metadata/check	object	-
/rows/91/result/filesystem/metadata/check/bytes	integer	2095104
/rows/91/result/filesystem/metadata/check/files	integer	2048
/rows/91/result/filesystem/metadata/python	string	3.14.7
/rows/91/result/filesystem/metadata/worker_ms	float	78.246484
/rows/91/result/filesystem/metadata/workload	string	metadata
/rows/91/result/filesystem/npm	object	-
/rows/91/result/filesystem/npm/check	object	-
/rows/91/result/filesystem/npm/check/local_packages	integer	32
/rows/91/result/filesystem/npm/python	string	3.14.7
/rows/91/result/filesystem/npm/worker_ms	float	213.325237
/rows/91/result/filesystem/npm/workload	string	npm
/rows/91/result/filesystem/read	object	-
/rows/91/result/filesystem/read/check	object	-
/rows/91/result/filesystem/read/check/bytes	integer	67108864
/rows/91/result/filesystem/read/check/sha256	string	42ef3a50fe506ced865473b082c8b28f6ce254e6e2b01266b6a563531a6267bc
/rows/91/result/filesystem/read/python	string	3.14.7
/rows/91/result/filesystem/read/worker_ms	float	66.79862
/rows/91/result/filesystem/read/workload	string	read
/rows/91/result/filesystem/rg	object	-
/rows/91/result/filesystem/rg/check	object	-
/rows/91/result/filesystem/rg/check/matches	integer	2048
/rows/91/result/filesystem/rg/python	string	3.14.7
/rows/91/result/filesystem/rg/worker_ms	float	87.125012
/rows/91/result/filesystem/rg/workload	string	rg
/rows/91/result/filesystem/write	object	-
/rows/91/result/filesystem/write/check	object	-
/rows/91/result/filesystem/write/check/bytes	integer	16777216
/rows/91/result/filesystem/write/check/files	integer	256
/rows/91/result/filesystem/write/python	string	3.14.7
/rows/91/result/filesystem/write/worker_ms	float	199.775981
/rows/91/result/filesystem/write/workload	string	write
/rows/91/result/mode	string	filesystem
/rows/91/result/worker_ms	float	1045.923519
/rows/91/result_ms	float	1093.237726
/rows/91/trial	integer	18
/rows/91/variant	string	baseline
/rows/92	object	-
/rows/92/backend	string	pvisor-staged
/rows/92/completion_ms	float	1274.726219
/rows/92/correctness	string	passed
/rows/92/logs	string	/home/reiase/workspace/pvisor/target/p1-filesystem-historical-full-20261005/candidate/trials/filesystem-pvisor-staged-018
/rows/92/memory_scope	string	owned launcher tree; Docker daemon/container RSS excluded
/rows/92/mode	string	filesystem
/rows/92/peak_tree_rss_kib	integer	176592
/rows/92/prepare_ms	float	37.354582
/rows/92/ready_ms	float	61.684956
/rows/92/result	object	-
/rows/92/result/correctness	string	passed
/rows/92/result/filesystem	object	-
/rows/92/result/filesystem/cargo	object	-
/rows/92/result/filesystem/cargo/check	object	-
/rows/92/result/filesystem/cargo/check/modules	integer	64
/rows/92/result/filesystem/cargo/check/result	string	2016
/rows/92/result/filesystem/cargo/python	string	3.14.7
/rows/92/result/filesystem/cargo/worker_ms	float	110.768345
/rows/92/result/filesystem/cargo/workload	string	cargo
/rows/92/result/filesystem/git	object	-
/rows/92/result/filesystem/git/check	object	-
/rows/92/result/filesystem/git/check/git_clean	boolean	true
/rows/92/result/filesystem/git/python	string	3.14.7
/rows/92/result/filesystem/git/worker_ms	float	171.361875
/rows/92/result/filesystem/git/workload	string	git
/rows/92/result/filesystem/metadata	object	-
/rows/92/result/filesystem/metadata/check	object	-
/rows/92/result/filesystem/metadata/check/bytes	integer	2095104
/rows/92/result/filesystem/metadata/check/files	integer	2048
/rows/92/result/filesystem/metadata/python	string	3.14.7
/rows/92/result/filesystem/metadata/worker_ms	float	77.712086
/rows/92/result/filesystem/metadata/workload	string	metadata
/rows/92/result/filesystem/npm	object	-
/rows/92/result/filesystem/npm/check	object	-
/rows/92/result/filesystem/npm/check/local_packages	integer	32
/rows/92/result/filesystem/npm/python	string	3.14.7
/rows/92/result/filesystem/npm/worker_ms	float	255.929294
/rows/92/result/filesystem/npm/workload	string	npm
/rows/92/result/filesystem/read	object	-
/rows/92/result/filesystem/read/check	object	-
/rows/92/result/filesystem/read/check/bytes	integer	67108864
/rows/92/result/filesystem/read/check/sha256	string	42ef3a50fe506ced865473b082c8b28f6ce254e6e2b01266b6a563531a6267bc
/rows/92/result/filesystem/read/python	string	3.14.7
/rows/92/result/filesystem/read/worker_ms	float	67.262706
/rows/92/result/filesystem/read/workload	string	read
/rows/92/result/filesystem/rg	object	-
/rows/92/result/filesystem/rg/check	object	-
/rows/92/result/filesystem/rg/check/matches	integer	2048
/rows/92/result/filesystem/rg/python	string	3.14.7
/rows/92/result/filesystem/rg/worker_ms	float	89.182923
/rows/92/result/filesystem/rg/workload	string	rg
/rows/92/result/filesystem/write	object	-
/rows/92/result/filesystem/write/check	object	-
/rows/92/result/filesystem/write/check/bytes	integer	16777216
/rows/92/result/filesystem/write/check/files	integer	256
/rows/92/result/filesystem/write/python	string	3.14.7
/rows/92/result/filesystem/write/worker_ms	float	197.625588
/rows/92/result/filesystem/write/workload	string	write
/rows/92/result/mode	string	filesystem
/rows/92/result/worker_ms	float	1093.292809
/rows/92/result_ms	float	1155.041494
/rows/92/trial	integer	18
/rows/92/variant	string	candidate
/rows/93	object	-
/rows/93/backend	string	pvisor-vm
/rows/93/completion_ms	float	5542.065652
/rows/93/correctness	string	passed
/rows/93/logs	string	/home/reiase/workspace/pvisor/target/p1-filesystem-historical-full-20261005/candidate/trials/filesystem-pvisor-vm-018
/rows/93/memory_scope	string	owned launcher tree; Docker daemon/container RSS excluded
/rows/93/mode	string	filesystem
/rows/93/peak_tree_rss_kib	integer	824220
/rows/93/prepare_ms	float	37.11268
/rows/93/ready_ms	float	738.239891
/rows/93/result	object	-
/rows/93/result/correctness	string	passed
/rows/93/result/filesystem	object	-
/rows/93/result/filesystem/cargo	object	-
/rows/93/result/filesystem/cargo/check	object	-
/rows/93/result/filesystem/cargo/check/modules	integer	64
/rows/93/result/filesystem/cargo/check/result	string	2016
/rows/93/result/filesystem/cargo/python	string	3.14.7
/rows/93/result/filesystem/cargo/worker_ms	float	689.260438
/rows/93/result/filesystem/cargo/workload	string	cargo
/rows/93/result/filesystem/git	object	-
/rows/93/result/filesystem/git/check	object	-
/rows/93/result/filesystem/git/check/git_clean	boolean	true
/rows/93/result/filesystem/git/python	string	3.14.7
/rows/93/result/filesystem/git/worker_ms	float	727.447706
/rows/93/result/filesystem/git/workload	string	git
/rows/93/result/filesystem/metadata	object	-
/rows/93/result/filesystem/metadata/check	object	-
/rows/93/result/filesystem/metadata/check/bytes	integer	2095104
/rows/93/result/filesystem/metadata/check/files	integer	2048
/rows/93/result/filesystem/metadata/python	string	3.14.7
/rows/93/result/filesystem/metadata/worker_ms	float	248.303077
/rows/93/result/filesystem/metadata/workload	string	metadata
/rows/93/result/filesystem/npm	object	-
/rows/93/result/filesystem/npm/check	object	-
/rows/93/result/filesystem/npm/check/local_packages	integer	32
/rows/93/result/filesystem/npm/python	string	3.14.7
/rows/93/result/filesystem/npm/worker_ms	float	1706.015359
/rows/93/result/filesystem/npm/workload	string	npm
/rows/93/result/filesystem/read	object	-
/rows/93/result/filesystem/read/check	object	-
/rows/93/result/filesystem/read/check/bytes	integer	67108864
/rows/93/result/filesystem/read/check/sha256	string	42ef3a50fe506ced865473b082c8b28f6ce254e6e2b01266b6a563531a6267bc
/rows/93/result/filesystem/read/python	string	3.14.7
/rows/93/result/filesystem/read/worker_ms	float	117.159194
/rows/93/result/filesystem/read/workload	string	read
/rows/93/result/filesystem/rg	object	-
/rows/93/result/filesystem/rg/check	object	-
/rows/93/result/filesystem/rg/check/matches	integer	2048
/rows/93/result/filesystem/rg/python	string	3.14.7
/rows/93/result/filesystem/rg/worker_ms	float	441.053962
/rows/93/result/filesystem/rg/workload	string	rg
/rows/93/result/filesystem/write	object	-
/rows/93/result/filesystem/write/check	object	-
/rows/93/result/filesystem/write/check/bytes	integer	16777216
/rows/93/result/filesystem/write/check/files	integer	256
/rows/93/result/filesystem/write/python	string	3.14.7
/rows/93/result/filesystem/write/worker_ms	float	244.936858
/rows/93/result/filesystem/write/workload	string	write
/rows/93/result/mode	string	filesystem
/rows/93/result/worker_ms	float	4688.473159
/rows/93/result_ms	float	5427.49468
/rows/93/trial	integer	18
/rows/93/variant	string	candidate
/rows/94	object	-
/rows/94/backend	string	pvisor-vm
/rows/94/completion_ms	float	5099.219124
/rows/94/correctness	string	passed
/rows/94/logs	string	/home/reiase/workspace/pvisor/target/p1-filesystem-historical-full-20261005/baseline/trials/filesystem-pvisor-vm-018
/rows/94/memory_scope	string	owned launcher tree; Docker daemon/container RSS excluded
/rows/94/mode	string	filesystem
/rows/94/peak_tree_rss_kib	integer	830396
/rows/94/prepare_ms	float	38.182646
/rows/94/ready_ms	float	682.818924
/rows/94/result	object	-
/rows/94/result/correctness	string	passed
/rows/94/result/filesystem	object	-
/rows/94/result/filesystem/cargo	object	-
/rows/94/result/filesystem/cargo/check	object	-
/rows/94/result/filesystem/cargo/check/modules	integer	64
/rows/94/result/filesystem/cargo/check/result	string	2016
/rows/94/result/filesystem/cargo/python	string	3.14.7
/rows/94/result/filesystem/cargo/worker_ms	float	800.998958
/rows/94/result/filesystem/cargo/workload	string	cargo
/rows/94/result/filesystem/git	object	-
/rows/94/result/filesystem/git/check	object	-
/rows/94/result/filesystem/git/check/git_clean	boolean	true
/rows/94/result/filesystem/git/python	string	3.14.7
/rows/94/result/filesystem/git/worker_ms	float	379.625324
/rows/94/result/filesystem/git/workload	string	git
/rows/94/result/filesystem/metadata	object	-
/rows/94/result/filesystem/metadata/check	object	-
/rows/94/result/filesystem/metadata/check/bytes	integer	2095104
/rows/94/result/filesystem/metadata/check/files	integer	2048
/rows/94/result/filesystem/metadata/python	string	3.14.7
/rows/94/result/filesystem/metadata/worker_ms	float	191.163284
/rows/94/result/filesystem/metadata/workload	string	metadata
/rows/94/result/filesystem/npm	object	-
/rows/94/result/filesystem/npm/check	object	-
/rows/94/result/filesystem/npm/check/local_packages	integer	32
/rows/94/result/filesystem/npm/python	string	3.14.7
/rows/94/result/filesystem/npm/worker_ms	float	1586.269304
/rows/94/result/filesystem/npm/workload	string	npm
/rows/94/result/filesystem/read	object	-
/rows/94/result/filesystem/read/check	object	-
/rows/94/result/filesystem/read/check/bytes	integer	67108864
/rows/94/result/filesystem/read/check/sha256	string	42ef3a50fe506ced865473b082c8b28f6ce254e6e2b01266b6a563531a6267bc
/rows/94/result/filesystem/read/python	string	3.14.7
/rows/94/result/filesystem/read/worker_ms	float	116.549864
/rows/94/result/filesystem/read/workload	string	read
/rows/94/result/filesystem/rg	object	-
/rows/94/result/filesystem/rg/check	object	-
/rows/94/result/filesystem/rg/check/matches	integer	2048
/rows/94/result/filesystem/rg/python	string	3.14.7
/rows/94/result/filesystem/rg/worker_ms	float	482.552075
/rows/94/result/filesystem/rg/workload	string	rg
/rows/94/result/filesystem/write	object	-
/rows/94/result/filesystem/write/check	object	-
/rows/94/result/filesystem/write/check/bytes	integer	16777216
/rows/94/result/filesystem/write/check/files	integer	256
/rows/94/result/filesystem/write/python	string	3.14.7
/rows/94/result/filesystem/write/worker_ms	float	236.394172
/rows/94/result/filesystem/write/workload	string	write
/rows/94/result/mode	string	filesystem
/rows/94/result/worker_ms	float	4301.185357
/rows/94/result_ms	float	4984.602326
/rows/94/trial	integer	18
/rows/94/variant	string	baseline
/rows/95	object	-
/rows/95/backend	string	pvisor-staged
/rows/95/completion_ms	float	1208.339308
/rows/95/correctness	string	passed
/rows/95/logs	string	/home/reiase/workspace/pvisor/target/p1-filesystem-historical-full-20261005/baseline/trials/filesystem-pvisor-staged-019
/rows/95/memory_scope	string	owned launcher tree; Docker daemon/container RSS excluded
/rows/95/mode	string	filesystem
/rows/95/peak_tree_rss_kib	integer	165552
/rows/95/prepare_ms	float	37.308004
/rows/95/ready_ms	float	46.540914
/rows/95/result	object	-
/rows/95/result/correctness	string	passed
/rows/95/result/filesystem	object	-
/rows/95/result/filesystem/cargo	object	-
/rows/95/result/filesystem/cargo/check	object	-
/rows/95/result/filesystem/cargo/check/modules	integer	64
/rows/95/result/filesystem/cargo/check/result	string	2016
/rows/95/result/filesystem/cargo/python	string	3.14.7
/rows/95/result/filesystem/cargo/worker_ms	float	109.204948
/rows/95/result/filesystem/cargo/workload	string	cargo
/rows/95/result/filesystem/git	object	-
/rows/95/result/filesystem/git/check	object	-
/rows/95/result/filesystem/git/check/git_clean	boolean	true
/rows/95/result/filesystem/git/python	string	3.14.7
/rows/95/result/filesystem/git/worker_ms	float	167.921244
/rows/95/result/filesystem/git/workload	string	git
/rows/95/result/filesystem/metadata	object	-
/rows/95/result/filesystem/metadata/check	object	-
/rows/95/result/filesystem/metadata/check/bytes	integer	2095104
/rows/95/result/filesystem/metadata/check/files	integer	2048
/rows/95/result/filesystem/metadata/python	string	3.14.7
/rows/95/result/filesystem/metadata/worker_ms	float	75.44236
/rows/95/result/filesystem/metadata/workload	string	metadata
/rows/95/result/filesystem/npm	object	-
/rows/95/result/filesystem/npm/check	object	-
/rows/95/result/filesystem/npm/check/local_packages	integer	32
/rows/95/result/filesystem/npm/python	string	3.14.7
/rows/95/result/filesystem/npm/worker_ms	float	211.259071
/rows/95/result/filesystem/npm/workload	string	npm
/rows/95/result/filesystem/read	object	-
/rows/95/result/filesystem/read/check	object	-
/rows/95/result/filesystem/read/check/bytes	integer	67108864
/rows/95/result/filesystem/read/check/sha256	string	42ef3a50fe506ced865473b082c8b28f6ce254e6e2b01266b6a563531a6267bc
/rows/95/result/filesystem/read/python	string	3.14.7
/rows/95/result/filesystem/read/worker_ms	float	69.241968
/rows/95/result/filesystem/read/workload	string	read
/rows/95/result/filesystem/rg	object	-
/rows/95/result/filesystem/rg/check	object	-
/rows/95/result/filesystem/rg/check/matches	integer	2048
/rows/95/result/filesystem/rg/python	string	3.14.7
/rows/95/result/filesystem/rg/worker_ms	float	87.647297
/rows/95/result/filesystem/rg/workload	string	rg
/rows/95/result/filesystem/write	object	-
/rows/95/result/filesystem/write/check	object	-
/rows/95/result/filesystem/write/check/bytes	integer	16777216
/rows/95/result/filesystem/write/check/files	integer	256
/rows/95/result/filesystem/write/python	string	3.14.7
/rows/95/result/filesystem/write/worker_ms	float	192.231822
/rows/95/result/filesystem/write/workload	string	write
/rows/95/result/mode	string	filesystem
/rows/95/result/worker_ms	float	1039.538032
/rows/95/result_ms	float	1086.118239
/rows/95/trial	integer	19
/rows/95/variant	string	baseline
/rows/96	object	-
/rows/96/backend	string	pvisor-staged
/rows/96/completion_ms	float	1284.271753
/rows/96/correctness	string	passed
/rows/96/logs	string	/home/reiase/workspace/pvisor/target/p1-filesystem-historical-full-20261005/candidate/trials/filesystem-pvisor-staged-019
/rows/96/memory_scope	string	owned launcher tree; Docker daemon/container RSS excluded
/rows/96/mode	string	filesystem
/rows/96/peak_tree_rss_kib	integer	181200
/rows/96/prepare_ms	float	36.677317
/rows/96/ready_ms	float	61.388593
/rows/96/result	object	-
/rows/96/result/correctness	string	passed
/rows/96/result/filesystem	object	-
/rows/96/result/filesystem/cargo	object	-
/rows/96/result/filesystem/cargo/check	object	-
/rows/96/result/filesystem/cargo/check/modules	integer	64
/rows/96/result/filesystem/cargo/check/result	string	2016
/rows/96/result/filesystem/cargo/python	string	3.14.7
/rows/96/result/filesystem/cargo/worker_ms	float	110.166783
/rows/96/result/filesystem/cargo/workload	string	cargo
/rows/96/result/filesystem/git	object	-
/rows/96/result/filesystem/git/check	object	-
/rows/96/result/filesystem/git/check/git_clean	boolean	true
/rows/96/result/filesystem/git/python	string	3.14.7
/rows/96/result/filesystem/git/worker_ms	float	170.720508
/rows/96/result/filesystem/git/workload	string	git
/rows/96/result/filesystem/metadata	object	-
/rows/96/result/filesystem/metadata/check	object	-
/rows/96/result/filesystem/metadata/check/bytes	integer	2095104
/rows/96/result/filesystem/metadata/check/files	integer	2048
/rows/96/result/filesystem/metadata/python	string	3.14.7
/rows/96/result/filesystem/metadata/worker_ms	float	76.129012
/rows/96/result/filesystem/metadata/workload	string	metadata
/rows/96/result/filesystem/npm	object	-
/rows/96/result/filesystem/npm/check	object	-
/rows/96/result/filesystem/npm/check/local_packages	integer	32
/rows/96/result/filesystem/npm/python	string	3.14.7
/rows/96/result/filesystem/npm/worker_ms	float	258.983705
/rows/96/result/filesystem/npm/workload	string	npm
/rows/96/result/filesystem/read	object	-
/rows/96/result/filesystem/read/check	object	-
/rows/96/result/filesystem/read/check/bytes	integer	67108864
/rows/96/result/filesystem/read/check/sha256	string	42ef3a50fe506ced865473b082c8b28f6ce254e6e2b01266b6a563531a6267bc
/rows/96/result/filesystem/read/python	string	3.14.7
/rows/96/result/filesystem/read/worker_ms	float	67.662632
/rows/96/result/filesystem/read/workload	string	read
/rows/96/result/filesystem/rg	object	-
/rows/96/result/filesystem/rg/check	object	-
/rows/96/result/filesystem/rg/check/matches	integer	2048
/rows/96/result/filesystem/rg/python	string	3.14.7
/rows/96/result/filesystem/rg/worker_ms	float	88.265281
/rows/96/result/filesystem/rg/workload	string	rg
/rows/96/result/filesystem/write	object	-
/rows/96/result/filesystem/write/check	object	-
/rows/96/result/filesystem/write/check/bytes	integer	16777216
/rows/96/result/filesystem/write/check/files	integer	256
/rows/96/result/filesystem/write/python	string	3.14.7
/rows/96/result/filesystem/write/worker_ms	float	197.698985
/rows/96/result/filesystem/write/workload	string	write
/rows/96/result/mode	string	filesystem
/rows/96/result/worker_ms	float	1093.504233
/rows/96/result_ms	float	1154.931108
/rows/96/trial	integer	19
/rows/96/variant	string	candidate
/rows/97	object	-
/rows/97/backend	string	pvisor-vm
/rows/97/completion_ms	float	5607.247364
/rows/97/correctness	string	passed
/rows/97/logs	string	/home/reiase/workspace/pvisor/target/p1-filesystem-historical-full-20261005/baseline/trials/filesystem-pvisor-vm-019
/rows/97/memory_scope	string	owned launcher tree; Docker daemon/container RSS excluded
/rows/97/mode	string	filesystem
/rows/97/peak_tree_rss_kib	integer	814684
/rows/97/prepare_ms	float	37.654831
/rows/97/ready_ms	float	671.494831
/rows/97/result	object	-
/rows/97/result/correctness	string	passed
/rows/97/result/filesystem	object	-
/rows/97/result/filesystem/cargo	object	-
/rows/97/result/filesystem/cargo/check	object	-
/rows/97/result/filesystem/cargo/check/modules	integer	64
/rows/97/result/filesystem/cargo/check/result	string	2016
/rows/97/result/filesystem/cargo/python	string	3.14.7
/rows/97/result/filesystem/cargo/worker_ms	float	792.68469
/rows/97/result/filesystem/cargo/workload	string	cargo
/rows/97/result/filesystem/git	object	-
/rows/97/result/filesystem/git/check	object	-
/rows/97/result/filesystem/git/check/git_clean	boolean	true
/rows/97/result/filesystem/git/python	string	3.14.7
/rows/97/result/filesystem/git/worker_ms	float	757.875132
/rows/97/result/filesystem/git/workload	string	git
/rows/97/result/filesystem/metadata	object	-
/rows/97/result/filesystem/metadata/check	object	-
/rows/97/result/filesystem/metadata/check/bytes	integer	2095104
/rows/97/result/filesystem/metadata/check/files	integer	2048
/rows/97/result/filesystem/metadata/python	string	3.14.7
/rows/97/result/filesystem/metadata/worker_ms	float	245.167229
/rows/97/result/filesystem/metadata/workload	string	metadata
/rows/97/result/filesystem/npm	object	-
/rows/97/result/filesystem/npm/check	object	-
/rows/97/result/filesystem/npm/check/local_packages	integer	32
/rows/97/result/filesystem/npm/python	string	3.14.7
/rows/97/result/filesystem/npm/worker_ms	float	1684.691476
/rows/97/result/filesystem/npm/workload	string	npm
/rows/97/result/filesystem/read	object	-
/rows/97/result/filesystem/read/check	object	-
/rows/97/result/filesystem/read/check/bytes	integer	67108864
/rows/97/result/filesystem/read/check/sha256	string	42ef3a50fe506ced865473b082c8b28f6ce254e6e2b01266b6a563531a6267bc
/rows/97/result/filesystem/read/python	string	3.14.7
/rows/97/result/filesystem/read/worker_ms	float	119.587609
/rows/97/result/filesystem/read/workload	string	read
/rows/97/result/filesystem/rg	object	-
/rows/97/result/filesystem/rg/check	object	-
/rows/97/result/filesystem/rg/check/matches	integer	2048
/rows/97/result/filesystem/rg/python	string	3.14.7
/rows/97/result/filesystem/rg/worker_ms	float	439.493221
/rows/97/result/filesystem/rg/workload	string	rg
/rows/97/result/filesystem/write	object	-
/rows/97/result/filesystem/write/check	object	-
/rows/97/result/filesystem/write/check/bytes	integer	16777216
/rows/97/result/filesystem/write/check/files	integer	256
/rows/97/result/filesystem/write/python	string	3.14.7
/rows/97/result/filesystem/write/worker_ms	float	220.66011
/rows/97/result/filesystem/write/workload	string	write
/rows/97/result/mode	string	filesystem
/rows/97/result/worker_ms	float	4821.295182
/rows/97/result_ms	float	5493.631164
/rows/97/trial	integer	19
/rows/97/variant	string	baseline
/rows/98	object	-
/rows/98/backend	string	native
/rows/98/completion_ms	float	455.909356
/rows/98/correctness	string	passed
/rows/98/logs	string	/home/reiase/workspace/pvisor/target/p1-filesystem-historical-full-20261005/native/trials/filesystem-native-019
/rows/98/memory_scope	string	owned launcher tree; Docker daemon/container RSS excluded
/rows/98/mode	string	filesystem
/rows/98/peak_tree_rss_kib	integer	142712
/rows/98/prepare_ms	float	37.090278
/rows/98/ready_ms	float	39.857722
/rows/98/result	object	-
/rows/98/result/correctness	string	passed
/rows/98/result/filesystem	object	-
/rows/98/result/filesystem/cargo	object	-
/rows/98/result/filesystem/cargo/check	object	-
/rows/98/result/filesystem/cargo/check/modules	integer	64
/rows/98/result/filesystem/cargo/check/result	string	2016
/rows/98/result/filesystem/cargo/python	string	3.14.7
/rows/98/result/filesystem/cargo/worker_ms	float	54.639678
/rows/98/result/filesystem/cargo/workload	string	cargo
/rows/98/result/filesystem/git	object	-
/rows/98/result/filesystem/git/check	object	-
/rows/98/result/filesystem/git/check/git_clean	boolean	true
/rows/98/result/filesystem/git/python	string	3.14.7
/rows/98/result/filesystem/git/worker_ms	float	16.368658
/rows/98/result/filesystem/git/workload	string	git
/rows/98/result/filesystem/metadata	object	-
/rows/98/result/filesystem/metadata/check	object	-
/rows/98/result/filesystem/metadata/check/bytes	integer	2095104
/rows/98/result/filesystem/metadata/check/files	integer	2048
/rows/98/result/filesystem/metadata/python	string	3.14.7
/rows/98/result/filesystem/metadata/worker_ms	float	4.816779
/rows/98/result/filesystem/metadata/workload	string	metadata
/rows/98/result/filesystem/npm	object	-
/rows/98/result/filesystem/npm/check	object	-
/rows/98/result/filesystem/npm/check/local_packages	integer	32
/rows/98/result/filesystem/npm/python	string	3.14.7
/rows/98/result/filesystem/npm/worker_ms	float	172.725931
/rows/98/result/filesystem/npm/workload	string	npm
/rows/98/result/filesystem/read	object	-
/rows/98/result/filesystem/read/check	object	-
/rows/98/result/filesystem/read/check/bytes	integer	67108864
/rows/98/result/filesystem/read/check/sha256	string	42ef3a50fe506ced865473b082c8b28f6ce254e6e2b01266b6a563531a6267bc
/rows/98/result/filesystem/read/python	string	3.14.7
/rows/98/result/filesystem/read/worker_ms	float	32.454426
/rows/98/result/filesystem/read/workload	string	read
/rows/98/result/filesystem/rg	object	-
/rows/98/result/filesystem/rg/check	object	-
/rows/98/result/filesystem/rg/check/matches	integer	2048
/rows/98/result/filesystem/rg/python	string	3.14.7
/rows/98/result/filesystem/rg/worker_ms	float	7.985062
/rows/98/result/filesystem/rg/workload	string	rg
/rows/98/result/filesystem/write	object	-
/rows/98/result/filesystem/write/check	object	-
/rows/98/result/filesystem/write/check/bytes	integer	16777216
/rows/98/result/filesystem/write/check/files	integer	256
/rows/98/result/filesystem/write/python	string	3.14.7
/rows/98/result/filesystem/write/worker_ms	float	3.781848
/rows/98/result/filesystem/write/workload	string	write
/rows/98/result/mode	string	filesystem
/rows/98/result/worker_ms	float	408.868068
/rows/98/result_ms	float	448.752039
/rows/98/trial	integer	19
/rows/98/variant	string	native
/rows/99	object	-
/rows/99/backend	string	pvisor-vm
/rows/99/completion_ms	float	5311.685307
/rows/99/correctness	string	passed
/rows/99/logs	string	/home/reiase/workspace/pvisor/target/p1-filesystem-historical-full-20261005/candidate/trials/filesystem-pvisor-vm-019
/rows/99/memory_scope	string	owned launcher tree; Docker daemon/container RSS excluded
/rows/99/mode	string	filesystem
/rows/99/peak_tree_rss_kib	integer	827464
/rows/99/prepare_ms	float	37.2572
/rows/99/ready_ms	float	653.498907
/rows/99/result	object	-
/rows/99/result/correctness	string	passed
/rows/99/result/filesystem	object	-
/rows/99/result/filesystem/cargo	object	-
/rows/99/result/filesystem/cargo/check	object	-
/rows/99/result/filesystem/cargo/check/modules	integer	64
/rows/99/result/filesystem/cargo/check/result	string	2016
/rows/99/result/filesystem/cargo/python	string	3.14.7
/rows/99/result/filesystem/cargo/worker_ms	float	679.473324
/rows/99/result/filesystem/cargo/workload	string	cargo
/rows/99/result/filesystem/git	object	-
/rows/99/result/filesystem/git/check	object	-
/rows/99/result/filesystem/git/check/git_clean	boolean	true
/rows/99/result/filesystem/git/python	string	3.14.7
/rows/99/result/filesystem/git/worker_ms	float	384.584093
/rows/99/result/filesystem/git/workload	string	git
/rows/99/result/filesystem/metadata	object	-
/rows/99/result/filesystem/metadata/check	object	-
/rows/99/result/filesystem/metadata/check/bytes	integer	2095104
/rows/99/result/filesystem/metadata/check/files	integer	2048
/rows/99/result/filesystem/metadata/python	string	3.14.7
/rows/99/result/filesystem/metadata/worker_ms	float	259.201972
/rows/99/result/filesystem/metadata/workload	string	metadata
/rows/99/result/filesystem/npm	object	-
/rows/99/result/filesystem/npm/check	object	-
/rows/99/result/filesystem/npm/check/local_packages	integer	32
/rows/99/result/filesystem/npm/python	string	3.14.7
/rows/99/result/filesystem/npm/worker_ms	float	1724.226276
/rows/99/result/filesystem/npm/workload	string	npm
/rows/99/result/filesystem/read	object	-
/rows/99/result/filesystem/read/check	object	-
/rows/99/result/filesystem/read/check/bytes	integer	67108864
/rows/99/result/filesystem/read/check/sha256	string	42ef3a50fe506ced865473b082c8b28f6ce254e6e2b01266b6a563531a6267bc
/rows/99/result/filesystem/read/python	string	3.14.7
/rows/99/result/filesystem/read/worker_ms	float	118.878692
/rows/99/result/filesystem/read/workload	string	read
/rows/99/result/filesystem/rg	object	-
/rows/99/result/filesystem/rg/check	object	-
/rows/99/result/filesystem/rg/check/matches	integer	2048
/rows/99/result/filesystem/rg/python	string	3.14.7
/rows/99/result/filesystem/rg/worker_ms	float	485.466849
/rows/99/result/filesystem/rg/workload	string	rg
/rows/99/result/filesystem/write	object	-
/rows/99/result/filesystem/write/check	object	-
/rows/99/result/filesystem/write/check/bytes	integer	16777216
/rows/99/result/filesystem/write/check/files	integer	256
/rows/99/result/filesystem/write/python	string	3.14.7
/rows/99/result/filesystem/write/worker_ms	float	240.308677
/rows/99/result/filesystem/write/workload	string	write
/rows/99/result/mode	string	filesystem
/rows/99/result/worker_ms	float	4525.079509
/rows/99/result_ms	float	5179.236121
/rows/99/trial	integer	19
/rows/99/variant	string	candidate
/rows/100	object	-
/rows/100/backend	string	native
/rows/100/completion_ms	float	456.52249
/rows/100/correctness	string	passed
/rows/100/logs	string	/home/reiase/workspace/pvisor/target/p1-filesystem-historical-full-20261005/native/trials/filesystem-native-020
/rows/100/memory_scope	string	owned launcher tree; Docker daemon/container RSS excluded
/rows/100/mode	string	filesystem
/rows/100/peak_tree_rss_kib	integer	143608
/rows/100/prepare_ms	float	37.276325
/rows/100/ready_ms	float	39.634926
/rows/100/result	object	-
/rows/100/result/correctness	string	passed
/rows/100/result/filesystem	object	-
/rows/100/result/filesystem/cargo	object	-
/rows/100/result/filesystem/cargo/check	object	-
/rows/100/result/filesystem/cargo/check/modules	integer	64
/rows/100/result/filesystem/cargo/check/result	string	2016
/rows/100/result/filesystem/cargo/python	string	3.14.7
/rows/100/result/filesystem/cargo/worker_ms	float	54.757519
/rows/100/result/filesystem/cargo/workload	string	cargo
/rows/100/result/filesystem/git	object	-
/rows/100/result/filesystem/git/check	object	-
/rows/100/result/filesystem/git/check/git_clean	boolean	true
/rows/100/result/filesystem/git/python	string	3.14.7
/rows/100/result/filesystem/git/worker_ms	float	15.24493
/rows/100/result/filesystem/git/workload	string	git
/rows/100/result/filesystem/metadata	object	-
/rows/100/result/filesystem/metadata/check	object	-
/rows/100/result/filesystem/metadata/check/bytes	integer	2095104
/rows/100/result/filesystem/metadata/check/files	integer	2048
/rows/100/result/filesystem/metadata/python	string	3.14.7
/rows/100/result/filesystem/metadata/worker_ms	float	4.728775
/rows/100/result/filesystem/metadata/workload	string	metadata
/rows/100/result/filesystem/npm	object	-
/rows/100/result/filesystem/npm/check	object	-
/rows/100/result/filesystem/npm/check/local_packages	integer	32
/rows/100/result/filesystem/npm/python	string	3.14.7
/rows/100/result/filesystem/npm/worker_ms	float	174.21544
/rows/100/result/filesystem/npm/workload	string	npm
/rows/100/result/filesystem/read	object	-
/rows/100/result/filesystem/read/check	object	-
/rows/100/result/filesystem/read/check/bytes	integer	67108864
/rows/100/result/filesystem/read/check/sha256	string	42ef3a50fe506ced865473b082c8b28f6ce254e6e2b01266b6a563531a6267bc
/rows/100/result/filesystem/read/python	string	3.14.7
/rows/100/result/filesystem/read/worker_ms	float	31.097724
/rows/100/result/filesystem/read/workload	string	read
/rows/100/result/filesystem/rg	object	-
/rows/100/result/filesystem/rg/check	object	-
/rows/100/result/filesystem/rg/check/matches	integer	2048
/rows/100/result/filesystem/rg/python	string	3.14.7
/rows/100/result/filesystem/rg/worker_ms	float	7.889162
/rows/100/result/filesystem/rg/workload	string	rg
/rows/100/result/filesystem/write	object	-
/rows/100/result/filesystem/write/check	object	-
/rows/100/result/filesystem/write/check/bytes	integer	16777216
/rows/100/result/filesystem/write/check/files	integer	256
/rows/100/result/filesystem/write/python	string	3.14.7
/rows/100/result/filesystem/write/worker_ms	float	3.754907
/rows/100/result/filesystem/write/workload	string	write
/rows/100/result/mode	string	filesystem
/rows/100/result/worker_ms	float	408.28551
/rows/100/result_ms	float	447.95409
/rows/100/trial	integer	20
/rows/100/variant	string	native
/rows/101	object	-
/rows/101/backend	string	pvisor-vm
/rows/101/completion_ms	float	5578.839419
/rows/101/correctness	string	passed
/rows/101/logs	string	/home/reiase/workspace/pvisor/target/p1-filesystem-historical-full-20261005/baseline/trials/filesystem-pvisor-vm-020
/rows/101/memory_scope	string	owned launcher tree; Docker daemon/container RSS excluded
/rows/101/mode	string	filesystem
/rows/101/peak_tree_rss_kib	integer	830044
/rows/101/prepare_ms	float	37.289459
/rows/101/ready_ms	float	625.171282
/rows/101/result	object	-
/rows/101/result/correctness	string	passed
/rows/101/result/filesystem	object	-
/rows/101/result/filesystem/cargo	object	-
/rows/101/result/filesystem/cargo/check	object	-
/rows/101/result/filesystem/cargo/check/modules	integer	64
/rows/101/result/filesystem/cargo/check/result	string	2016
/rows/101/result/filesystem/cargo/python	string	3.14.7
/rows/101/result/filesystem/cargo/worker_ms	float	547.76785
/rows/101/result/filesystem/cargo/workload	string	cargo
/rows/101/result/filesystem/git	object	-
/rows/101/result/filesystem/git/check	object	-
/rows/101/result/filesystem/git/check/git_clean	boolean	true
/rows/101/result/filesystem/git/python	string	3.14.7
/rows/101/result/filesystem/git/worker_ms	float	800.040424
/rows/101/result/filesystem/git/workload	string	git
/rows/101/result/filesystem/metadata	object	-
/rows/101/result/filesystem/metadata/check	object	-
/rows/101/result/filesystem/metadata/check/bytes	integer	2095104
/rows/101/result/filesystem/metadata/check/files	integer	2048
/rows/101/result/filesystem/metadata/python	string	3.14.7
/rows/101/result/filesystem/metadata/worker_ms	float	149.679117
/rows/101/result/filesystem/metadata/workload	string	metadata
/rows/101/result/filesystem/npm	object	-
/rows/101/result/filesystem/npm/check	object	-
/rows/101/result/filesystem/npm/check/local_packages	integer	32
/rows/101/result/filesystem/npm/python	string	3.14.7
/rows/101/result/filesystem/npm/worker_ms	float	1823.466549
/rows/101/result/filesystem/npm/workload	string	npm
/rows/101/result/filesystem/read	object	-
/rows/101/result/filesystem/read/check	object	-
/rows/101/result/filesystem/read/check/bytes	integer	67108864
/rows/101/result/filesystem/read/check/sha256	string	42ef3a50fe506ced865473b082c8b28f6ce254e6e2b01266b6a563531a6267bc
/rows/101/result/filesystem/read/python	string	3.14.7
/rows/101/result/filesystem/read/worker_ms	float	171.245402
/rows/101/result/filesystem/read/workload	string	read
/rows/101/result/filesystem/rg	object	-
/rows/101/result/filesystem/rg/check	object	-
/rows/101/result/filesystem/rg/check/matches	integer	2048
/rows/101/result/filesystem/rg/python	string	3.14.7
/rows/101/result/filesystem/rg/worker_ms	float	402.522791
/rows/101/result/filesystem/rg/workload	string	rg
/rows/101/result/filesystem/write	object	-
/rows/101/result/filesystem/write/check	object	-
/rows/101/result/filesystem/write/check/bytes	integer	16777216
/rows/101/result/filesystem/write/check/files	integer	256
/rows/101/result/filesystem/write/python	string	3.14.7
/rows/101/result/filesystem/write/worker_ms	float	271.050102
/rows/101/result/filesystem/write/workload	string	write
/rows/101/result/mode	string	filesystem
/rows/101/result/worker_ms	float	4825.463933
/rows/101/result_ms	float	5451.386577
/rows/101/trial	integer	20
/rows/101/variant	string	baseline
/rows/102	object	-
/rows/102/backend	string	pvisor-vm
/rows/102/completion_ms	float	5421.401208
/rows/102/correctness	string	passed
/rows/102/logs	string	/home/reiase/workspace/pvisor/target/p1-filesystem-historical-full-20261005/candidate/trials/filesystem-pvisor-vm-020
/rows/102/memory_scope	string	owned launcher tree; Docker daemon/container RSS excluded
/rows/102/mode	string	filesystem
/rows/102/peak_tree_rss_kib	integer	829620
/rows/102/prepare_ms	float	37.586293
/rows/102/ready_ms	float	617.789958
/rows/102/result	object	-
/rows/102/result/correctness	string	passed
/rows/102/result/filesystem	object	-
/rows/102/result/filesystem/cargo	object	-
/rows/102/result/filesystem/cargo/check	object	-
/rows/102/result/filesystem/cargo/check/modules	integer	64
/rows/102/result/filesystem/cargo/check/result	string	2016
/rows/102/result/filesystem/cargo/python	string	3.14.7
/rows/102/result/filesystem/cargo/worker_ms	float	641.456265
/rows/102/result/filesystem/cargo/workload	string	cargo
/rows/102/result/filesystem/git	object	-
/rows/102/result/filesystem/git/check	object	-
/rows/102/result/filesystem/git/check/git_clean	boolean	true
/rows/102/result/filesystem/git/python	string	3.14.7
/rows/102/result/filesystem/git/worker_ms	float	604.456469
/rows/102/result/filesystem/git/workload	string	git
/rows/102/result/filesystem/metadata	object	-
/rows/102/result/filesystem/metadata/check	object	-
/rows/102/result/filesystem/metadata/check/bytes	integer	2095104
/rows/102/result/filesystem/metadata/check/files	integer	2048
/rows/102/result/filesystem/metadata/python	string	3.14.7
/rows/102/result/filesystem/metadata/worker_ms	float	190.973139
/rows/102/result/filesystem/metadata/workload	string	metadata
/rows/102/result/filesystem/npm	object	-
/rows/102/result/filesystem/npm/check	object	-
/rows/102/result/filesystem/npm/check/local_packages	integer	32
/rows/102/result/filesystem/npm/python	string	3.14.7
/rows/102/result/filesystem/npm/worker_ms	float	1717.515188
/rows/102/result/filesystem/npm/workload	string	npm
/rows/102/result/filesystem/read	object	-
/rows/102/result/filesystem/read/check	object	-
/rows/102/result/filesystem/read/check/bytes	integer	67108864
/rows/102/result/filesystem/read/check/sha256	string	42ef3a50fe506ced865473b082c8b28f6ce254e6e2b01266b6a563531a6267bc
/rows/102/result/filesystem/read/python	string	3.14.7
/rows/102/result/filesystem/read/worker_ms	float	150.628673
/rows/102/result/filesystem/read/workload	string	read
/rows/102/result/filesystem/rg	object	-
/rows/102/result/filesystem/rg/check	object	-
/rows/102/result/filesystem/rg/check/matches	integer	2048
/rows/102/result/filesystem/rg/python	string	3.14.7
/rows/102/result/filesystem/rg/worker_ms	float	469.67059
/rows/102/result/filesystem/rg/workload	string	rg
/rows/102/result/filesystem/write	object	-
/rows/102/result/filesystem/write/check	object	-
/rows/102/result/filesystem/write/check/bytes	integer	16777216
/rows/102/result/filesystem/write/check/files	integer	256
/rows/102/result/filesystem/write/python	string	3.14.7
/rows/102/result/filesystem/write/worker_ms	float	295.425084
/rows/102/result/filesystem/write/workload	string	write
/rows/102/result/mode	string	filesystem
/rows/102/result/worker_ms	float	4676.985132
/rows/102/result_ms	float	5295.572147
/rows/102/trial	integer	20
/rows/102/variant	string	candidate
/rows/103	object	-
/rows/103/backend	string	pvisor-staged
/rows/103/completion_ms	float	1209.088336
/rows/103/correctness	string	passed
/rows/103/logs	string	/home/reiase/workspace/pvisor/target/p1-filesystem-historical-full-20261005/baseline/trials/filesystem-pvisor-staged-020
/rows/103/memory_scope	string	owned launcher tree; Docker daemon/container RSS excluded
/rows/103/mode	string	filesystem
/rows/103/peak_tree_rss_kib	integer	164456
/rows/103/prepare_ms	float	37.653949
/rows/103/ready_ms	float	48.487176
/rows/103/result	object	-
/rows/103/result/correctness	string	passed
/rows/103/result/filesystem	object	-
/rows/103/result/filesystem/cargo	object	-
/rows/103/result/filesystem/cargo/check	object	-
/rows/103/result/filesystem/cargo/check/modules	integer	64
/rows/103/result/filesystem/cargo/check/result	string	2016
/rows/103/result/filesystem/cargo/python	string	3.14.7
/rows/103/result/filesystem/cargo/worker_ms	float	109.437142
/rows/103/result/filesystem/cargo/workload	string	cargo
/rows/103/result/filesystem/git	object	-
/rows/103/result/filesystem/git/check	object	-
/rows/103/result/filesystem/git/check/git_clean	boolean	true
/rows/103/result/filesystem/git/python	string	3.14.7
/rows/103/result/filesystem/git/worker_ms	float	162.410369
/rows/103/result/filesystem/git/workload	string	git
/rows/103/result/filesystem/metadata	object	-
/rows/103/result/filesystem/metadata/check	object	-
/rows/103/result/filesystem/metadata/check/bytes	integer	2095104
/rows/103/result/filesystem/metadata/check/files	integer	2048
/rows/103/result/filesystem/metadata/python	string	3.14.7
/rows/103/result/filesystem/metadata/worker_ms	float	77.386949
/rows/103/result/filesystem/metadata/workload	string	metadata
/rows/103/result/filesystem/npm	object	-
/rows/103/result/filesystem/npm/check	object	-
/rows/103/result/filesystem/npm/check/local_packages	integer	32
/rows/103/result/filesystem/npm/python	string	3.14.7
/rows/103/result/filesystem/npm/worker_ms	float	213.341988
/rows/103/result/filesystem/npm/workload	string	npm
/rows/103/result/filesystem/read	object	-
/rows/103/result/filesystem/read/check	object	-
/rows/103/result/filesystem/read/check/bytes	integer	67108864
/rows/103/result/filesystem/read/check/sha256	string	42ef3a50fe506ced865473b082c8b28f6ce254e6e2b01266b6a563531a6267bc
/rows/103/result/filesystem/read/python	string	3.14.7
/rows/103/result/filesystem/read/worker_ms	float	69.707177
/rows/103/result/filesystem/read/workload	string	read
/rows/103/result/filesystem/rg	object	-
/rows/103/result/filesystem/rg/check	object	-
/rows/103/result/filesystem/rg/check/matches	integer	2048
/rows/103/result/filesystem/rg/python	string	3.14.7
/rows/103/result/filesystem/rg/worker_ms	float	87.318825
/rows/103/result/filesystem/rg/workload	string	rg
/rows/103/result/filesystem/write	object	-
/rows/103/result/filesystem/write/check	object	-
/rows/103/result/filesystem/write/check/bytes	integer	16777216
/rows/103/result/filesystem/write/check/files	integer	256
/rows/103/result/filesystem/write/python	string	3.14.7
/rows/103/result/filesystem/write/worker_ms	float	194.209924
/rows/103/result/filesystem/write/workload	string	write
/rows/103/result/mode	string	filesystem
/rows/103/result/worker_ms	float	1039.116055
/rows/103/result_ms	float	1087.643647
/rows/103/trial	integer	20
/rows/103/variant	string	baseline
/rows/104	object	-
/rows/104/backend	string	pvisor-staged
/rows/104/completion_ms	float	1261.283964
/rows/104/correctness	string	passed
/rows/104/logs	string	/home/reiase/workspace/pvisor/target/p1-filesystem-historical-full-20261005/candidate/trials/filesystem-pvisor-staged-020
/rows/104/memory_scope	string	owned launcher tree; Docker daemon/container RSS excluded
/rows/104/mode	string	filesystem
/rows/104/peak_tree_rss_kib	integer	180840
/rows/104/prepare_ms	float	36.970655
/rows/104/ready_ms	float	61.56354
/rows/104/result	object	-
/rows/104/result/correctness	string	passed
/rows/104/result/filesystem	object	-
/rows/104/result/filesystem/cargo	object	-
/rows/104/result/filesystem/cargo/check	object	-
/rows/104/result/filesystem/cargo/check/modules	integer	64
/rows/104/result/filesystem/cargo/check/result	string	2016
/rows/104/result/filesystem/cargo/python	string	3.14.7
/rows/104/result/filesystem/cargo/worker_ms	float	110.220453
/rows/104/result/filesystem/cargo/workload	string	cargo
/rows/104/result/filesystem/git	object	-
/rows/104/result/filesystem/git/check	object	-
/rows/104/result/filesystem/git/check/git_clean	boolean	true
/rows/104/result/filesystem/git/python	string	3.14.7
/rows/104/result/filesystem/git/worker_ms	float	169.367022
/rows/104/result/filesystem/git/workload	string	git
/rows/104/result/filesystem/metadata	object	-
/rows/104/result/filesystem/metadata/check	object	-
/rows/104/result/filesystem/metadata/check/bytes	integer	2095104
/rows/104/result/filesystem/metadata/check/files	integer	2048
/rows/104/result/filesystem/metadata/python	string	3.14.7
/rows/104/result/filesystem/metadata/worker_ms	float	76.191879
/rows/104/result/filesystem/metadata/workload	string	metadata
/rows/104/result/filesystem/npm	object	-
/rows/104/result/filesystem/npm/check	object	-
/rows/104/result/filesystem/npm/check/local_packages	integer	32
/rows/104/result/filesystem/npm/python	string	3.14.7
/rows/104/result/filesystem/npm/worker_ms	float	256.161578
/rows/104/result/filesystem/npm/workload	string	npm
/rows/104/result/filesystem/read	object	-
/rows/104/result/filesystem/read/check	object	-
/rows/104/result/filesystem/read/check/bytes	integer	67108864
/rows/104/result/filesystem/read/check/sha256	string	42ef3a50fe506ced865473b082c8b28f6ce254e6e2b01266b6a563531a6267bc
/rows/104/result/filesystem/read/python	string	3.14.7
/rows/104/result/filesystem/read/worker_ms	float	65.959683
/rows/104/result/filesystem/read/workload	string	read
/rows/104/result/filesystem/rg	object	-
/rows/104/result/filesystem/rg/check	object	-
/rows/104/result/filesystem/rg/check/matches	integer	2048
/rows/104/result/filesystem/rg/python	string	3.14.7
/rows/104/result/filesystem/rg/worker_ms	float	90.284608
/rows/104/result/filesystem/rg/workload	string	rg
/rows/104/result/filesystem/write	object	-
/rows/104/result/filesystem/write/check	object	-
/rows/104/result/filesystem/write/check/bytes	integer	16777216
/rows/104/result/filesystem/write/check/files	integer	256
/rows/104/result/filesystem/write/python	string	3.14.7
/rows/104/result/filesystem/write/worker_ms	float	196.863195
/rows/104/result/filesystem/write/workload	string	write
/rows/104/result/mode	string	filesystem
/rows/104/result/worker_ms	float	1090.209545
/rows/104/result_ms	float	1151.821786
/rows/104/trial	integer	20
/rows/104/variant	string	candidate
/rows/105	object	-
/rows/105/backend	string	pvisor-vm
/rows/105/completion_ms	float	5517.304292
/rows/105/correctness	string	passed
/rows/105/logs	string	/home/reiase/workspace/pvisor/target/p1-filesystem-historical-full-20261005/candidate/trials/filesystem-pvisor-vm-021
/rows/105/memory_scope	string	owned launcher tree; Docker daemon/container RSS excluded
/rows/105/mode	string	filesystem
/rows/105/peak_tree_rss_kib	integer	831472
/rows/105/prepare_ms	float	36.98939
/rows/105/ready_ms	float	662.457766
/rows/105/result	object	-
/rows/105/result/correctness	string	passed
/rows/105/result/filesystem	object	-
/rows/105/result/filesystem/cargo	object	-
/rows/105/result/filesystem/cargo/check	object	-
/rows/105/result/filesystem/cargo/check/modules	integer	64
/rows/105/result/filesystem/cargo/check/result	string	2016
/rows/105/result/filesystem/cargo/python	string	3.14.7
/rows/105/result/filesystem/cargo/worker_ms	float	690.237066
/rows/105/result/filesystem/cargo/workload	string	cargo
/rows/105/result/filesystem/git	object	-
/rows/105/result/filesystem/git/check	object	-
/rows/105/result/filesystem/git/check/git_clean	boolean	true
/rows/105/result/filesystem/git/python	string	3.14.7
/rows/105/result/filesystem/git/worker_ms	float	800.387995
/rows/105/result/filesystem/git/workload	string	git
/rows/105/result/filesystem/metadata	object	-
/rows/105/result/filesystem/metadata/check	object	-
/rows/105/result/filesystem/metadata/check/bytes	integer	2095104
/rows/105/result/filesystem/metadata/check/files	integer	2048
/rows/105/result/filesystem/metadata/python	string	3.14.7
/rows/105/result/filesystem/metadata/worker_ms	float	230.838687
/rows/105/result/filesystem/metadata/workload	string	metadata
/rows/105/result/filesystem/npm	object	-
/rows/105/result/filesystem/npm/check	object	-
/rows/105/result/filesystem/npm/check/local_packages	integer	32
/rows/105/result/filesystem/npm/python	string	3.14.7
/rows/105/result/filesystem/npm/worker_ms	float	1683.570529
/rows/105/result/filesystem/npm/workload	string	npm
/rows/105/result/filesystem/read	object	-
/rows/105/result/filesystem/read/check	object	-
/rows/105/result/filesystem/read/check/bytes	integer	67108864
/rows/105/result/filesystem/read/check/sha256	string	42ef3a50fe506ced865473b082c8b28f6ce254e6e2b01266b6a563531a6267bc
/rows/105/result/filesystem/read/python	string	3.14.7
/rows/105/result/filesystem/read/worker_ms	float	118.007772
/rows/105/result/filesystem/read/workload	string	read
/rows/105/result/filesystem/rg	object	-
/rows/105/result/filesystem/rg/check	object	-
/rows/105/result/filesystem/rg/check/matches	integer	2048
/rows/105/result/filesystem/rg/python	string	3.14.7
/rows/105/result/filesystem/rg/worker_ms	float	435.399691
/rows/105/result/filesystem/rg/workload	string	rg
/rows/105/result/filesystem/write	object	-
/rows/105/result/filesystem/write/check	object	-
/rows/105/result/filesystem/write/check/bytes	integer	16777216
/rows/105/result/filesystem/write/check/files	integer	256
/rows/105/result/filesystem/write/python	string	3.14.7
/rows/105/result/filesystem/write/worker_ms	float	235.895659
/rows/105/result/filesystem/write/workload	string	write
/rows/105/result/mode	string	filesystem
/rows/105/result/worker_ms	float	4728.269528
/rows/105/result_ms	float	5391.616334
/rows/105/trial	integer	21
/rows/105/variant	string	candidate
/rows/106	object	-
/rows/106/backend	string	pvisor-staged
/rows/106/completion_ms	float	1284.404882
/rows/106/correctness	string	passed
/rows/106/logs	string	/home/reiase/workspace/pvisor/target/p1-filesystem-historical-full-20261005/candidate/trials/filesystem-pvisor-staged-021
/rows/106/memory_scope	string	owned launcher tree; Docker daemon/container RSS excluded
/rows/106/mode	string	filesystem
/rows/106/peak_tree_rss_kib	integer	176860
/rows/106/prepare_ms	float	37.394966
/rows/106/ready_ms	float	60.567842
/rows/106/result	object	-
/rows/106/result/correctness	string	passed
/rows/106/result/filesystem	object	-
/rows/106/result/filesystem/cargo	object	-
/rows/106/result/filesystem/cargo/check	object	-
/rows/106/result/filesystem/cargo/check/modules	integer	64
/rows/106/result/filesystem/cargo/check/result	string	2016
/rows/106/result/filesystem/cargo/python	string	3.14.7
/rows/106/result/filesystem/cargo/worker_ms	float	111.41365
/rows/106/result/filesystem/cargo/workload	string	cargo
/rows/106/result/filesystem/git	object	-
/rows/106/result/filesystem/git/check	object	-
/rows/106/result/filesystem/git/check/git_clean	boolean	true
/rows/106/result/filesystem/git/python	string	3.14.7
/rows/106/result/filesystem/git/worker_ms	float	168.746885
/rows/106/result/filesystem/git/workload	string	git
/rows/106/result/filesystem/metadata	object	-
/rows/106/result/filesystem/metadata/check	object	-
/rows/106/result/filesystem/metadata/check/bytes	integer	2095104
/rows/106/result/filesystem/metadata/check/files	integer	2048
/rows/106/result/filesystem/metadata/python	string	3.14.7
/rows/106/result/filesystem/metadata/worker_ms	float	77.138135
/rows/106/result/filesystem/metadata/workload	string	metadata
/rows/106/result/filesystem/npm	object	-
/rows/106/result/filesystem/npm/check	object	-
/rows/106/result/filesystem/npm/check/local_packages	integer	32
/rows/106/result/filesystem/npm/python	string	3.14.7
/rows/106/result/filesystem/npm/worker_ms	float	260.935357
/rows/106/result/filesystem/npm/workload	string	npm
/rows/106/result/filesystem/read	object	-
/rows/106/result/filesystem/read/check	object	-
/rows/106/result/filesystem/read/check/bytes	integer	67108864
/rows/106/result/filesystem/read/check/sha256	string	42ef3a50fe506ced865473b082c8b28f6ce254e6e2b01266b6a563531a6267bc
/rows/106/result/filesystem/read/python	string	3.14.7
/rows/106/result/filesystem/read/worker_ms	float	68.898158
/rows/106/result/filesystem/read/workload	string	read
/rows/106/result/filesystem/rg	object	-
/rows/106/result/filesystem/rg/check	object	-
/rows/106/result/filesystem/rg/check/matches	integer	2048
/rows/106/result/filesystem/rg/python	string	3.14.7
/rows/106/result/filesystem/rg/worker_ms	float	89.986462
/rows/106/result/filesystem/rg/workload	string	rg
/rows/106/result/filesystem/write	object	-
/rows/106/result/filesystem/write/check	object	-
/rows/106/result/filesystem/write/check/bytes	integer	16777216
/rows/106/result/filesystem/write/check/files	integer	256
/rows/106/result/filesystem/write/python	string	3.14.7
/rows/106/result/filesystem/write/worker_ms	float	200.580553
/rows/106/result/filesystem/write/workload	string	write
/rows/106/result/mode	string	filesystem
/rows/106/result/worker_ms	float	1103.264277
/rows/106/result_ms	float	1163.907991
/rows/106/trial	integer	21
/rows/106/variant	string	candidate
/rows/107	object	-
/rows/107/backend	string	native
/rows/107/completion_ms	float	452.702632
/rows/107/correctness	string	passed
/rows/107/logs	string	/home/reiase/workspace/pvisor/target/p1-filesystem-historical-full-20261005/native/trials/filesystem-native-021
/rows/107/memory_scope	string	owned launcher tree; Docker daemon/container RSS excluded
/rows/107/mode	string	filesystem
/rows/107/peak_tree_rss_kib	integer	144008
/rows/107/prepare_ms	float	37.485024
/rows/107/ready_ms	float	38.335753
/rows/107/result	object	-
/rows/107/result/correctness	string	passed
/rows/107/result/filesystem	object	-
/rows/107/result/filesystem/cargo	object	-
/rows/107/result/filesystem/cargo/check	object	-
/rows/107/result/filesystem/cargo/check/modules	integer	64
/rows/107/result/filesystem/cargo/check/result	string	2016
/rows/107/result/filesystem/cargo/python	string	3.14.7
/rows/107/result/filesystem/cargo/worker_ms	float	55.304599
/rows/107/result/filesystem/cargo/workload	string	cargo
/rows/107/result/filesystem/git	object	-
/rows/107/result/filesystem/git/check	object	-
/rows/107/result/filesystem/git/check/git_clean	boolean	true
/rows/107/result/filesystem/git/python	string	3.14.7
/rows/107/result/filesystem/git/worker_ms	float	15.340398
/rows/107/result/filesystem/git/workload	string	git
/rows/107/result/filesystem/metadata	object	-
/rows/107/result/filesystem/metadata/check	object	-
/rows/107/result/filesystem/metadata/check/bytes	integer	2095104
/rows/107/result/filesystem/metadata/check/files	integer	2048
/rows/107/result/filesystem/metadata/python	string	3.14.7
/rows/107/result/filesystem/metadata/worker_ms	float	5.130594
/rows/107/result/filesystem/metadata/workload	string	metadata
/rows/107/result/filesystem/npm	object	-
/rows/107/result/filesystem/npm/check	object	-
/rows/107/result/filesystem/npm/check/local_packages	integer	32
/rows/107/result/filesystem/npm/python	string	3.14.7
/rows/107/result/filesystem/npm/worker_ms	float	170.870888
/rows/107/result/filesystem/npm/workload	string	npm
/rows/107/result/filesystem/read	object	-
/rows/107/result/filesystem/read/check	object	-
/rows/107/result/filesystem/read/check/bytes	integer	67108864
/rows/107/result/filesystem/read/check/sha256	string	42ef3a50fe506ced865473b082c8b28f6ce254e6e2b01266b6a563531a6267bc
/rows/107/result/filesystem/read/python	string	3.14.7
/rows/107/result/filesystem/read/worker_ms	float	32.026387
/rows/107/result/filesystem/read/workload	string	read
/rows/107/result/filesystem/rg	object	-
/rows/107/result/filesystem/rg/check	object	-
/rows/107/result/filesystem/rg/check/matches	integer	2048
/rows/107/result/filesystem/rg/python	string	3.14.7
/rows/107/result/filesystem/rg/worker_ms	float	7.366258
/rows/107/result/filesystem/rg/workload	string	rg
/rows/107/result/filesystem/write	object	-
/rows/107/result/filesystem/write/check	object	-
/rows/107/result/filesystem/write/check/bytes	integer	16777216
/rows/107/result/filesystem/write/check/files	integer	256
/rows/107/result/filesystem/write/python	string	3.14.7
/rows/107/result/filesystem/write/worker_ms	float	4.018219
/rows/107/result/filesystem/write/workload	string	write
/rows/107/result/mode	string	filesystem
/rows/107/result/worker_ms	float	406.437231
/rows/107/result_ms	float	444.831172
/rows/107/trial	integer	21
/rows/107/variant	string	native
/rows/108	object	-
/rows/108/backend	string	pvisor-staged
/rows/108/completion_ms	float	1232.944957
/rows/108/correctness	string	passed
/rows/108/logs	string	/home/reiase/workspace/pvisor/target/p1-filesystem-historical-full-20261005/baseline/trials/filesystem-pvisor-staged-021
/rows/108/memory_scope	string	owned launcher tree; Docker daemon/container RSS excluded
/rows/108/mode	string	filesystem
/rows/108/peak_tree_rss_kib	integer	168552
/rows/108/prepare_ms	float	37.662766
/rows/108/ready_ms	float	46.774581
/rows/108/result	object	-
/rows/108/result/correctness	string	passed
/rows/108/result/filesystem	object	-
/rows/108/result/filesystem/cargo	object	-
/rows/108/result/filesystem/cargo/check	object	-
/rows/108/result/filesystem/cargo/check/modules	integer	64
/rows/108/result/filesystem/cargo/check/result	string	2016
/rows/108/result/filesystem/cargo/python	string	3.14.7
/rows/108/result/filesystem/cargo/worker_ms	float	110.952329
/rows/108/result/filesystem/cargo/workload	string	cargo
/rows/108/result/filesystem/git	object	-
/rows/108/result/filesystem/git/check	object	-
/rows/108/result/filesystem/git/check/git_clean	boolean	true
/rows/108/result/filesystem/git/python	string	3.14.7
/rows/108/result/filesystem/git/worker_ms	float	168.142367
/rows/108/result/filesystem/git/workload	string	git
/rows/108/result/filesystem/metadata	object	-
/rows/108/result/filesystem/metadata/check	object	-
/rows/108/result/filesystem/metadata/check/bytes	integer	2095104
/rows/108/result/filesystem/metadata/check/files	integer	2048
/rows/108/result/filesystem/metadata/python	string	3.14.7
/rows/108/result/filesystem/metadata/worker_ms	float	75.177967
/rows/108/result/filesystem/metadata/workload	string	metadata
/rows/108/result/filesystem/npm	object	-
/rows/108/result/filesystem/npm/check	object	-
/rows/108/result/filesystem/npm/check/local_packages	integer	32
/rows/108/result/filesystem/npm/python	string	3.14.7
/rows/108/result/filesystem/npm/worker_ms	float	216.679105
/rows/108/result/filesystem/npm/workload	string	npm
/rows/108/result/filesystem/read	object	-
/rows/108/result/filesystem/read/check	object	-
/rows/108/result/filesystem/read/check/bytes	integer	67108864
/rows/108/result/filesystem/read/check/sha256	string	42ef3a50fe506ced865473b082c8b28f6ce254e6e2b01266b6a563531a6267bc
/rows/108/result/filesystem/read/python	string	3.14.7
/rows/108/result/filesystem/read/worker_ms	float	67.526619
/rows/108/result/filesystem/read/workload	string	read
/rows/108/result/filesystem/rg	object	-
/rows/108/result/filesystem/rg/check	object	-
/rows/108/result/filesystem/rg/check/matches	integer	2048
/rows/108/result/filesystem/rg/python	string	3.14.7
/rows/108/result/filesystem/rg/worker_ms	float	89.58866
/rows/108/result/filesystem/rg/workload	string	rg
/rows/108/result/filesystem/write	object	-
/rows/108/result/filesystem/write/check	object	-
/rows/108/result/filesystem/write/check/bytes	integer	16777216
/rows/108/result/filesystem/write/check/files	integer	256
/rows/108/result/filesystem/write/python	string	3.14.7
/rows/108/result/filesystem/write/worker_ms	float	205.401379
/rows/108/result/filesystem/write/workload	string	write
/rows/108/result/mode	string	filesystem
/rows/108/result/worker_ms	float	1057.118992
/rows/108/result_ms	float	1103.948054
/rows/108/trial	integer	21
/rows/108/variant	string	baseline
/rows/109	object	-
/rows/109/backend	string	pvisor-vm
/rows/109/completion_ms	float	5063.644985
/rows/109/correctness	string	passed
/rows/109/logs	string	/home/reiase/workspace/pvisor/target/p1-filesystem-historical-full-20261005/baseline/trials/filesystem-pvisor-vm-021
/rows/109/memory_scope	string	owned launcher tree; Docker daemon/container RSS excluded
/rows/109/mode	string	filesystem
/rows/109/peak_tree_rss_kib	integer	830580
/rows/109/prepare_ms	float	38.683591
/rows/109/ready_ms	float	665.354933
/rows/109/result	object	-
/rows/109/result/correctness	string	passed
/rows/109/result/filesystem	object	-
/rows/109/result/filesystem/cargo	object	-
/rows/109/result/filesystem/cargo/check	object	-
/rows/109/result/filesystem/cargo/check/modules	integer	64
/rows/109/result/filesystem/cargo/check/result	string	2016
/rows/109/result/filesystem/cargo/python	string	3.14.7
/rows/109/result/filesystem/cargo/worker_ms	float	677.338548
/rows/109/result/filesystem/cargo/workload	string	cargo
/rows/109/result/filesystem/git	object	-
/rows/109/result/filesystem/git/check	object	-
/rows/109/result/filesystem/git/check/git_clean	boolean	true
/rows/109/result/filesystem/git/python	string	3.14.7
/rows/109/result/filesystem/git/worker_ms	float	442.764904
/rows/109/result/filesystem/git/workload	string	git
/rows/109/result/filesystem/metadata	object	-
/rows/109/result/filesystem/metadata/check	object	-
/rows/109/result/filesystem/metadata/check/bytes	integer	2095104
/rows/109/result/filesystem/metadata/check/files	integer	2048
/rows/109/result/filesystem/metadata/python	string	3.14.7
/rows/109/result/filesystem/metadata/worker_ms	float	264.330698
/rows/109/result/filesystem/metadata/workload	string	metadata
/rows/109/result/filesystem/npm	object	-
/rows/109/result/filesystem/npm/check	object	-
/rows/109/result/filesystem/npm/check/local_packages	integer	32
/rows/109/result/filesystem/npm/python	string	3.14.7
/rows/109/result/filesystem/npm/worker_ms	float	1564.219133
/rows/109/result/filesystem/npm/workload	string	npm
/rows/109/result/filesystem/read	object	-
/rows/109/result/filesystem/read/check	object	-
/rows/109/result/filesystem/read/check/bytes	integer	67108864
/rows/109/result/filesystem/read/check/sha256	string	42ef3a50fe506ced865473b082c8b28f6ce254e6e2b01266b6a563531a6267bc
/rows/109/result/filesystem/read/python	string	3.14.7
/rows/109/result/filesystem/read/worker_ms	float	119.313044
/rows/109/result/filesystem/read/workload	string	read
/rows/109/result/filesystem/rg	object	-
/rows/109/result/filesystem/rg/check	object	-
/rows/109/result/filesystem/rg/check/matches	integer	2048
/rows/109/result/filesystem/rg/python	string	3.14.7
/rows/109/result/filesystem/rg/worker_ms	float	469.919125
/rows/109/result/filesystem/rg/workload	string	rg
/rows/109/result/filesystem/write	object	-
/rows/109/result/filesystem/write/check	object	-
/rows/109/result/filesystem/write/check/bytes	integer	16777216
/rows/109/result/filesystem/write/check/files	integer	256
/rows/109/result/filesystem/write/python	string	3.14.7
/rows/109/result/filesystem/write/worker_ms	float	225.127018
/rows/109/result/filesystem/write/workload	string	write
/rows/109/result/mode	string	filesystem
/rows/109/result/worker_ms	float	4283.684679
/rows/109/result_ms	float	4949.684062
/rows/109/trial	integer	21
/rows/109/variant	string	baseline
/rows/110	object	-
/rows/110/backend	string	pvisor-vm
/rows/110/completion_ms	float	5677.013191
/rows/110/correctness	string	passed
/rows/110/logs	string	/home/reiase/workspace/pvisor/target/p1-filesystem-historical-full-20261005/candidate/trials/filesystem-pvisor-vm-022
/rows/110/memory_scope	string	owned launcher tree; Docker daemon/container RSS excluded
/rows/110/mode	string	filesystem
/rows/110/peak_tree_rss_kib	integer	821212
/rows/110/prepare_ms	float	37.763394
/rows/110/ready_ms	float	610.88464
/rows/110/result	object	-
/rows/110/result/correctness	string	passed
/rows/110/result/filesystem	object	-
/rows/110/result/filesystem/cargo	object	-
/rows/110/result/filesystem/cargo/check	object	-
/rows/110/result/filesystem/cargo/check/modules	integer	64
/rows/110/result/filesystem/cargo/check/result	string	2016
/rows/110/result/filesystem/cargo/python	string	3.14.7
/rows/110/result/filesystem/cargo/worker_ms	float	547.143291
/rows/110/result/filesystem/cargo/workload	string	cargo
/rows/110/result/filesystem/git	object	-
/rows/110/result/filesystem/git/check	object	-
/rows/110/result/filesystem/git/check/git_clean	boolean	true
/rows/110/result/filesystem/git/python	string	3.14.7
/rows/110/result/filesystem/git/worker_ms	float	696.16591
/rows/110/result/filesystem/git/workload	string	git
/rows/110/result/filesystem/metadata	object	-
/rows/110/result/filesystem/metadata/check	object	-
/rows/110/result/filesystem/metadata/check/bytes	integer	2095104
/rows/110/result/filesystem/metadata/check/files	integer	2048
/rows/110/result/filesystem/metadata/python	string	3.14.7
/rows/110/result/filesystem/metadata/worker_ms	float	201.338424
/rows/110/result/filesystem/metadata/workload	string	metadata
/rows/110/result/filesystem/npm	object	-
/rows/110/result/filesystem/npm/check	object	-
/rows/110/result/filesystem/npm/check/local_packages	integer	32
/rows/110/result/filesystem/npm/python	string	3.14.7
/rows/110/result/filesystem/npm/worker_ms	float	2025.149548
/rows/110/result/filesystem/npm/workload	string	npm
/rows/110/result/filesystem/read	object	-
/rows/110/result/filesystem/read/check	object	-
/rows/110/result/filesystem/read/check/bytes	integer	67108864
/rows/110/result/filesystem/read/check/sha256	string	42ef3a50fe506ced865473b082c8b28f6ce254e6e2b01266b6a563531a6267bc
/rows/110/result/filesystem/read/python	string	3.14.7
/rows/110/result/filesystem/read/worker_ms	float	150.636789
/rows/110/result/filesystem/read/workload	string	read
/rows/110/result/filesystem/rg	object	-
/rows/110/result/filesystem/rg/check	object	-
/rows/110/result/filesystem/rg/check/matches	integer	2048
/rows/110/result/filesystem/rg/python	string	3.14.7
/rows/110/result/filesystem/rg/worker_ms	float	445.369808
/rows/110/result/filesystem/rg/workload	string	rg
/rows/110/result/filesystem/write	object	-
/rows/110/result/filesystem/write/check	object	-
/rows/110/result/filesystem/write/check/bytes	integer	16777216
/rows/110/result/filesystem/write/check/files	integer	256
/rows/110/result/filesystem/write/python	string	3.14.7
/rows/110/result/filesystem/write/worker_ms	float	260.201432
/rows/110/result/filesystem/write/workload	string	write
/rows/110/result/mode	string	filesystem
/rows/110/result/worker_ms	float	4926.845253
/rows/110/result_ms	float	5538.830364
/rows/110/trial	integer	22
/rows/110/variant	string	candidate
/rows/111	object	-
/rows/111/backend	string	pvisor-staged
/rows/111/completion_ms	float	1319.082087
/rows/111/correctness	string	passed
/rows/111/logs	string	/home/reiase/workspace/pvisor/target/p1-filesystem-historical-full-20261005/baseline/trials/filesystem-pvisor-staged-022
/rows/111/memory_scope	string	owned launcher tree; Docker daemon/container RSS excluded
/rows/111/mode	string	filesystem
/rows/111/peak_tree_rss_kib	integer	164784
/rows/111/prepare_ms	float	39.16022
/rows/111/ready_ms	float	52.350416
/rows/111/result	object	-
/rows/111/result/correctness	string	passed
/rows/111/result/filesystem	object	-
/rows/111/result/filesystem/cargo	object	-
/rows/111/result/filesystem/cargo/check	object	-
/rows/111/result/filesystem/cargo/check/modules	integer	64
/rows/111/result/filesystem/cargo/check/result	string	2016
/rows/111/result/filesystem/cargo/python	string	3.14.7
/rows/111/result/filesystem/cargo/worker_ms	float	122.277534
/rows/111/result/filesystem/cargo/workload	string	cargo
/rows/111/result/filesystem/git	object	-
/rows/111/result/filesystem/git/check	object	-
/rows/111/result/filesystem/git/check/git_clean	boolean	true
/rows/111/result/filesystem/git/python	string	3.14.7
/rows/111/result/filesystem/git/worker_ms	float	176.70124
/rows/111/result/filesystem/git/workload	string	git
/rows/111/result/filesystem/metadata	object	-
/rows/111/result/filesystem/metadata/check	object	-
/rows/111/result/filesystem/metadata/check/bytes	integer	2095104
/rows/111/result/filesystem/metadata/check/files	integer	2048
/rows/111/result/filesystem/metadata/python	string	3.14.7
/rows/111/result/filesystem/metadata/worker_ms	float	83.710109
/rows/111/result/filesystem/metadata/workload	string	metadata
/rows/111/result/filesystem/npm	object	-
/rows/111/result/filesystem/npm/check	object	-
/rows/111/result/filesystem/npm/check/local_packages	integer	32
/rows/111/result/filesystem/npm/python	string	3.14.7
/rows/111/result/filesystem/npm/worker_ms	float	220.114697
/rows/111/result/filesystem/npm/workload	string	npm
/rows/111/result/filesystem/read	object	-
/rows/111/result/filesystem/read/check	object	-
/rows/111/result/filesystem/read/check/bytes	integer	67108864
/rows/111/result/filesystem/read/check/sha256	string	42ef3a50fe506ced865473b082c8b28f6ce254e6e2b01266b6a563531a6267bc
/rows/111/result/filesystem/read/python	string	3.14.7
/rows/111/result/filesystem/read/worker_ms	float	67.721562
/rows/111/result/filesystem/read/workload	string	read
/rows/111/result/filesystem/rg	object	-
/rows/111/result/filesystem/rg/check	object	-
/rows/111/result/filesystem/rg/check/matches	integer	2048
/rows/111/result/filesystem/rg/python	string	3.14.7
/rows/111/result/filesystem/rg/worker_ms	float	97.912694
/rows/111/result/filesystem/rg/workload	string	rg
/rows/111/result/filesystem/write	object	-
/rows/111/result/filesystem/write/check	object	-
/rows/111/result/filesystem/write/check/bytes	integer	16777216
/rows/111/result/filesystem/write/check/files	integer	256
/rows/111/result/filesystem/write/python	string	3.14.7
/rows/111/result/filesystem/write/worker_ms	float	208.513277
/rows/111/result/filesystem/write/workload	string	write
/rows/111/result/mode	string	filesystem
/rows/111/result/worker_ms	float	1105.610016
/rows/111/result_ms	float	1158.009814
/rows/111/trial	integer	22
/rows/111/variant	string	baseline
/rows/112	object	-
/rows/112/backend	string	pvisor-vm
/rows/112/completion_ms	float	6531.619965
/rows/112/correctness	string	passed
/rows/112/logs	string	/home/reiase/workspace/pvisor/target/p1-filesystem-historical-full-20261005/baseline/trials/filesystem-pvisor-vm-022
/rows/112/memory_scope	string	owned launcher tree; Docker daemon/container RSS excluded
/rows/112/mode	string	filesystem
/rows/112/peak_tree_rss_kib	integer	819632
/rows/112/prepare_ms	float	45.973967
/rows/112/ready_ms	float	1023.90589
/rows/112/result	object	-
/rows/112/result/correctness	string	passed
/rows/112/result/filesystem	object	-
/rows/112/result/filesystem/cargo	object	-
/rows/112/result/filesystem/cargo/check	object	-
/rows/112/result/filesystem/cargo/check/modules	integer	64
/rows/112/result/filesystem/cargo/check/result	string	2016
/rows/112/result/filesystem/cargo/python	string	3.14.7
/rows/112/result/filesystem/cargo/worker_ms	float	822.617842
/rows/112/result/filesystem/cargo/workload	string	cargo
/rows/112/result/filesystem/git	object	-
/rows/112/result/filesystem/git/check	object	-
/rows/112/result/filesystem/git/check/git_clean	boolean	true
/rows/112/result/filesystem/git/python	string	3.14.7
/rows/112/result/filesystem/git/worker_ms	float	863.175105
/rows/112/result/filesystem/git/workload	string	git
/rows/112/result/filesystem/metadata	object	-
/rows/112/result/filesystem/metadata/check	object	-
/rows/112/result/filesystem/metadata/check/bytes	integer	2095104
/rows/112/result/filesystem/metadata/check/files	integer	2048
/rows/112/result/filesystem/metadata/python	string	3.14.7
/rows/112/result/filesystem/metadata/worker_ms	float	288.244237
/rows/112/result/filesystem/metadata/workload	string	metadata
/rows/112/result/filesystem/npm	object	-
/rows/112/result/filesystem/npm/check	object	-
/rows/112/result/filesystem/npm/check/local_packages	integer	32
/rows/112/result/filesystem/npm/python	string	3.14.7
/rows/112/result/filesystem/npm/worker_ms	float	1978.517198
/rows/112/result/filesystem/npm/workload	string	npm
/rows/112/result/filesystem/read	object	-
/rows/112/result/filesystem/read/check	object	-
/rows/112/result/filesystem/read/check/bytes	integer	67108864
/rows/112/result/filesystem/read/check/sha256	string	42ef3a50fe506ced865473b082c8b28f6ce254e6e2b01266b6a563531a6267bc
/rows/112/result/filesystem/read/python	string	3.14.7
/rows/112/result/filesystem/read/worker_ms	float	146.401223
/rows/112/result/filesystem/read/workload	string	read
/rows/112/result/filesystem/rg	object	-
/rows/112/result/filesystem/rg/check	object	-
/rows/112/result/filesystem/rg/check/matches	integer	2048
/rows/112/result/filesystem/rg/python	string	3.14.7
/rows/112/result/filesystem/rg/worker_ms	float	430.700517
/rows/112/result/filesystem/rg/workload	string	rg
/rows/112/result/filesystem/write	object	-
/rows/112/result/filesystem/write/check	object	-
/rows/112/result/filesystem/write/check/bytes	integer	16777216
/rows/112/result/filesystem/write/check/files	integer	256
/rows/112/result/filesystem/write/python	string	3.14.7
/rows/112/result/filesystem/write/worker_ms	float	241.363682
/rows/112/result/filesystem/write/workload	string	write
/rows/112/result/mode	string	filesystem
/rows/112/result/worker_ms	float	5377.586372
/rows/112/result_ms	float	6402.268379
/rows/112/trial	integer	22
/rows/112/variant	string	baseline
/rows/113	object	-
/rows/113/backend	string	native
/rows/113/completion_ms	float	530.482294
/rows/113/correctness	string	passed
/rows/113/logs	string	/home/reiase/workspace/pvisor/target/p1-filesystem-historical-full-20261005/native/trials/filesystem-native-022
/rows/113/memory_scope	string	owned launcher tree; Docker daemon/container RSS excluded
/rows/113/mode	string	filesystem
/rows/113/peak_tree_rss_kib	integer	147100
/rows/113/prepare_ms	float	41.508344
/rows/113/ready_ms	float	53.833263
/rows/113/result	object	-
/rows/113/result/correctness	string	passed
/rows/113/result/filesystem	object	-
/rows/113/result/filesystem/cargo	object	-
/rows/113/result/filesystem/cargo/check	object	-
/rows/113/result/filesystem/cargo/check/modules	integer	64
/rows/113/result/filesystem/cargo/check/result	string	2016
/rows/113/result/filesystem/cargo/python	string	3.14.7
/rows/113/result/filesystem/cargo/worker_ms	float	63.081702
/rows/113/result/filesystem/cargo/workload	string	cargo
/rows/113/result/filesystem/git	object	-
/rows/113/result/filesystem/git/check	object	-
/rows/113/result/filesystem/git/check/git_clean	boolean	true
/rows/113/result/filesystem/git/python	string	3.14.7
/rows/113/result/filesystem/git/worker_ms	float	18.440513
/rows/113/result/filesystem/git/workload	string	git
/rows/113/result/filesystem/metadata	object	-
/rows/113/result/filesystem/metadata/check	object	-
/rows/113/result/filesystem/metadata/check/bytes	integer	2095104
/rows/113/result/filesystem/metadata/check/files	integer	2048
/rows/113/result/filesystem/metadata/python	string	3.14.7
/rows/113/result/filesystem/metadata/worker_ms	float	5.480097
/rows/113/result/filesystem/metadata/workload	string	metadata
/rows/113/result/filesystem/npm	object	-
/rows/113/result/filesystem/npm/check	object	-
/rows/113/result/filesystem/npm/check/local_packages	integer	32
/rows/113/result/filesystem/npm/python	string	3.14.7
/rows/113/result/filesystem/npm/worker_ms	float	203.15085
/rows/113/result/filesystem/npm/workload	string	npm
/rows/113/result/filesystem/read	object	-
/rows/113/result/filesystem/read/check	object	-
/rows/113/result/filesystem/read/check/bytes	integer	67108864
/rows/113/result/filesystem/read/check/sha256	string	42ef3a50fe506ced865473b082c8b28f6ce254e6e2b01266b6a563531a6267bc
/rows/113/result/filesystem/read/python	string	3.14.7
/rows/113/result/filesystem/read/worker_ms	float	31.39004
/rows/113/result/filesystem/read/workload	string	read
/rows/113/result/filesystem/rg	object	-
/rows/113/result/filesystem/rg/check	object	-
/rows/113/result/filesystem/rg/check/matches	integer	2048
/rows/113/result/filesystem/rg/python	string	3.14.7
/rows/113/result/filesystem/rg/worker_ms	float	8.608044
/rows/113/result/filesystem/rg/workload	string	rg
/rows/113/result/filesystem/write	object	-
/rows/113/result/filesystem/write/check	object	-
/rows/113/result/filesystem/write/check/bytes	integer	16777216
/rows/113/result/filesystem/write/check/files	integer	256
/rows/113/result/filesystem/write/python	string	3.14.7
/rows/113/result/filesystem/write/worker_ms	float	6.216131
/rows/113/result/filesystem/write/workload	string	write
/rows/113/result/mode	string	filesystem
/rows/113/result/worker_ms	float	468.186478
/rows/113/result_ms	float	522.069905
/rows/113/trial	integer	22
/rows/113/variant	string	native
/rows/114	object	-
/rows/114/backend	string	pvisor-staged
/rows/114/completion_ms	float	1625.682703
/rows/114/correctness	string	passed
/rows/114/logs	string	/home/reiase/workspace/pvisor/target/p1-filesystem-historical-full-20261005/candidate/trials/filesystem-pvisor-staged-022
/rows/114/memory_scope	string	owned launcher tree; Docker daemon/container RSS excluded
/rows/114/mode	string	filesystem
/rows/114/peak_tree_rss_kib	integer	180516
/rows/114/prepare_ms	float	40.299487
/rows/114/ready_ms	float	69.29619
/rows/114/result	object	-
/rows/114/result/correctness	string	passed
/rows/114/result/filesystem	object	-
/rows/114/result/filesystem/cargo	object	-
/rows/114/result/filesystem/cargo/check	object	-
/rows/114/result/filesystem/cargo/check/modules	integer	64
/rows/114/result/filesystem/cargo/check/result	string	2016
/rows/114/result/filesystem/cargo/python	string	3.14.7
/rows/114/result/filesystem/cargo/worker_ms	float	169.582754
/rows/114/result/filesystem/cargo/workload	string	cargo
/rows/114/result/filesystem/git	object	-
/rows/114/result/filesystem/git/check	object	-
/rows/114/result/filesystem/git/check/git_clean	boolean	true
/rows/114/result/filesystem/git/python	string	3.14.7
/rows/114/result/filesystem/git/worker_ms	float	251.796671
/rows/114/result/filesystem/git/workload	string	git
/rows/114/result/filesystem/metadata	object	-
/rows/114/result/filesystem/metadata/check	object	-
/rows/114/result/filesystem/metadata/check/bytes	integer	2095104
/rows/114/result/filesystem/metadata/check/files	integer	2048
/rows/114/result/filesystem/metadata/python	string	3.14.7
/rows/114/result/filesystem/metadata/worker_ms	float	80.661971
/rows/114/result/filesystem/metadata/workload	string	metadata
/rows/114/result/filesystem/npm	object	-
/rows/114/result/filesystem/npm/check	object	-
/rows/114/result/filesystem/npm/check/local_packages	integer	32
/rows/114/result/filesystem/npm/python	string	3.14.7
/rows/114/result/filesystem/npm/worker_ms	float	335.642094
/rows/114/result/filesystem/npm/workload	string	npm
/rows/114/result/filesystem/read	object	-
/rows/114/result/filesystem/read/check	object	-
/rows/114/result/filesystem/read/check/bytes	integer	67108864
/rows/114/result/filesystem/read/check/sha256	string	42ef3a50fe506ced865473b082c8b28f6ce254e6e2b01266b6a563531a6267bc
/rows/114/result/filesystem/read/python	string	3.14.7
/rows/114/result/filesystem/read/worker_ms	float	69.999763
/rows/114/result/filesystem/read/workload	string	read
/rows/114/result/filesystem/rg	object	-
/rows/114/result/filesystem/rg/check	object	-
/rows/114/result/filesystem/rg/check/matches	integer	2048
/rows/114/result/filesystem/rg/python	string	3.14.7
/rows/114/result/filesystem/rg/worker_ms	float	123.792842
/rows/114/result/filesystem/rg/workload	string	rg
/rows/114/result/filesystem/write	object	-
/rows/114/result/filesystem/write/check	object	-
/rows/114/result/filesystem/write/check/bytes	integer	16777216
/rows/114/result/filesystem/write/check/files	integer	256
/rows/114/result/filesystem/write/python	string	3.14.7
/rows/114/result/filesystem/write/worker_ms	float	225.382658
/rows/114/result/filesystem/write/workload	string	write
/rows/114/result/mode	string	filesystem
/rows/114/result/worker_ms	float	1423.862087
/rows/114/result_ms	float	1493.292597
/rows/114/trial	integer	22
/rows/114/variant	string	candidate
/rows/115	object	-
/rows/115/backend	string	pvisor-vm
/rows/115/completion_ms	float	7045.1056
/rows/115/correctness	string	passed
/rows/115/logs	string	/home/reiase/workspace/pvisor/target/p1-filesystem-historical-full-20261005/candidate/trials/filesystem-pvisor-vm-023
/rows/115/memory_scope	string	owned launcher tree; Docker daemon/container RSS excluded
/rows/115/mode	string	filesystem
/rows/115/peak_tree_rss_kib	integer	824280
/rows/115/prepare_ms	float	40.778841
/rows/115/ready_ms	float	1352.518886
/rows/115/result	object	-
/rows/115/result/correctness	string	passed
/rows/115/result/filesystem	object	-
/rows/115/result/filesystem/cargo	object	-
/rows/115/result/filesystem/cargo/check	object	-
/rows/115/result/filesystem/cargo/check/modules	integer	64
/rows/115/result/filesystem/cargo/check/result	string	2016
/rows/115/result/filesystem/cargo/python	string	3.14.7
/rows/115/result/filesystem/cargo/worker_ms	float	978.415329
/rows/115/result/filesystem/cargo/workload	string	cargo
/rows/115/result/filesystem/git	object	-
/rows/115/result/filesystem/git/check	object	-
/rows/115/result/filesystem/git/check/git_clean	boolean	true
/rows/115/result/filesystem/git/python	string	3.14.7
/rows/115/result/filesystem/git/worker_ms	float	447.44977
/rows/115/result/filesystem/git/workload	string	git
/rows/115/result/filesystem/metadata	object	-
/rows/115/result/filesystem/metadata/check	object	-
/rows/115/result/filesystem/metadata/check/bytes	integer	2095104
/rows/115/result/filesystem/metadata/check/files	integer	2048
/rows/115/result/filesystem/metadata/python	string	3.14.7
/rows/115/result/filesystem/metadata/worker_ms	float	293.65959
/rows/115/result/filesystem/metadata/workload	string	metadata
/rows/115/result/filesystem/npm	object	-
/rows/115/result/filesystem/npm/check	object	-
/rows/115/result/filesystem/npm/check/local_packages	integer	32
/rows/115/result/filesystem/npm/python	string	3.14.7
/rows/115/result/filesystem/npm/worker_ms	float	2207.47819
/rows/115/result/filesystem/npm/workload	string	npm
/rows/115/result/filesystem/read	object	-
/rows/115/result/filesystem/read/check	object	-
/rows/115/result/filesystem/read/check/bytes	integer	67108864
/rows/115/result/filesystem/read/check/sha256	string	42ef3a50fe506ced865473b082c8b28f6ce254e6e2b01266b6a563531a6267bc
/rows/115/result/filesystem/read/python	string	3.14.7
/rows/115/result/filesystem/read/worker_ms	float	119.637642
/rows/115/result/filesystem/read/workload	string	read
/rows/115/result/filesystem/rg	object	-
/rows/115/result/filesystem/rg/check	object	-
/rows/115/result/filesystem/rg/check/matches	integer	2048
/rows/115/result/filesystem/rg/python	string	3.14.7
/rows/115/result/filesystem/rg/worker_ms	float	551.955235
/rows/115/result/filesystem/rg/workload	string	rg
/rows/115/result/filesystem/write	object	-
/rows/115/result/filesystem/write/check	object	-
/rows/115/result/filesystem/write/check/bytes	integer	16777216
/rows/115/result/filesystem/write/check/files	integer	256
/rows/115/result/filesystem/write/python	string	3.14.7
/rows/115/result/filesystem/write/worker_ms	float	293.14082
/rows/115/result/filesystem/write/workload	string	write
/rows/115/result/mode	string	filesystem
/rows/115/result/worker_ms	float	5555.326067
/rows/115/result_ms	float	6909.120195
/rows/115/trial	integer	23
/rows/115/variant	string	candidate
/rows/116	object	-
/rows/116/backend	string	pvisor-staged
/rows/116/completion_ms	float	1752.390074
/rows/116/correctness	string	passed
/rows/116/logs	string	/home/reiase/workspace/pvisor/target/p1-filesystem-historical-full-20261005/candidate/trials/filesystem-pvisor-staged-023
/rows/116/memory_scope	string	owned launcher tree; Docker daemon/container RSS excluded
/rows/116/mode	string	filesystem
/rows/116/peak_tree_rss_kib	integer	177184
/rows/116/prepare_ms	float	40.304056
/rows/116/ready_ms	float	84.371835
/rows/116/result	object	-
/rows/116/result/correctness	string	passed
/rows/116/result/filesystem	object	-
/rows/116/result/filesystem/cargo	object	-
/rows/116/result/filesystem/cargo/check	object	-
/rows/116/result/filesystem/cargo/check/modules	integer	64
/rows/116/result/filesystem/cargo/check/result	string	2016
/rows/116/result/filesystem/cargo/python	string	3.14.7
/rows/116/result/filesystem/cargo/worker_ms	float	173.358201
/rows/116/result/filesystem/cargo/workload	string	cargo
/rows/116/result/filesystem/git	object	-
/rows/116/result/filesystem/git/check	object	-
/rows/116/result/filesystem/git/check/git_clean	boolean	true
/rows/116/result/filesystem/git/python	string	3.14.7
/rows/116/result/filesystem/git/worker_ms	float	311.341815
/rows/116/result/filesystem/git/workload	string	git
/rows/116/result/filesystem/metadata	object	-
/rows/116/result/filesystem/metadata/check	object	-
/rows/116/result/filesystem/metadata/check/bytes	integer	2095104
/rows/116/result/filesystem/metadata/check/files	integer	2048
/rows/116/result/filesystem/metadata/python	string	3.14.7
/rows/116/result/filesystem/metadata/worker_ms	float	111.876453
/rows/116/result/filesystem/metadata/workload	string	metadata
/rows/116/result/filesystem/npm	object	-
/rows/116/result/filesystem/npm/check	object	-
/rows/116/result/filesystem/npm/check/local_packages	integer	32
/rows/116/result/filesystem/npm/python	string	3.14.7
/rows/116/result/filesystem/npm/worker_ms	float	305.42337
/rows/116/result/filesystem/npm/workload	string	npm
/rows/116/result/filesystem/read	object	-
/rows/116/result/filesystem/read/check	object	-
/rows/116/result/filesystem/read/check/bytes	integer	67108864
/rows/116/result/filesystem/read/check/sha256	string	42ef3a50fe506ced865473b082c8b28f6ce254e6e2b01266b6a563531a6267bc
/rows/116/result/filesystem/read/python	string	3.14.7
/rows/116/result/filesystem/read/worker_ms	float	74.267197
/rows/116/result/filesystem/read/workload	string	read
/rows/116/result/filesystem/rg	object	-
/rows/116/result/filesystem/rg/check	object	-
/rows/116/result/filesystem/rg/check/matches	integer	2048
/rows/116/result/filesystem/rg/python	string	3.14.7
/rows/116/result/filesystem/rg/worker_ms	float	100.929955
/rows/116/result/filesystem/rg/workload	string	rg
/rows/116/result/filesystem/write	object	-
/rows/116/result/filesystem/write/check	object	-
/rows/116/result/filesystem/write/check/bytes	integer	16777216
/rows/116/result/filesystem/write/check/files	integer	256
/rows/116/result/filesystem/write/python	string	3.14.7
/rows/116/result/filesystem/write/worker_ms	float	270.151847
/rows/116/result/filesystem/write/workload	string	write
/rows/116/result/mode	string	filesystem
/rows/116/result/worker_ms	float	1509.571968
/rows/116/result_ms	float	1593.989317
/rows/116/trial	integer	23
/rows/116/variant	string	candidate
/rows/117	object	-
/rows/117/backend	string	native
/rows/117/completion_ms	float	698.960207
/rows/117/correctness	string	passed
/rows/117/logs	string	/home/reiase/workspace/pvisor/target/p1-filesystem-historical-full-20261005/native/trials/filesystem-native-023
/rows/117/memory_scope	string	owned launcher tree; Docker daemon/container RSS excluded
/rows/117/mode	string	filesystem
/rows/117/peak_tree_rss_kib	integer	148336
/rows/117/prepare_ms	float	40.852548
/rows/117/ready_ms	float	47.415918
/rows/117/result	object	-
/rows/117/result/correctness	string	passed
/rows/117/result/filesystem	object	-
/rows/117/result/filesystem/cargo	object	-
/rows/117/result/filesystem/cargo/check	object	-
/rows/117/result/filesystem/cargo/check/modules	integer	64
/rows/117/result/filesystem/cargo/check/result	string	2016
/rows/117/result/filesystem/cargo/python	string	3.14.7
/rows/117/result/filesystem/cargo/worker_ms	float	104.114287
/rows/117/result/filesystem/cargo/workload	string	cargo
/rows/117/result/filesystem/git	object	-
/rows/117/result/filesystem/git/check	object	-
/rows/117/result/filesystem/git/check/git_clean	boolean	true
/rows/117/result/filesystem/git/python	string	3.14.7
/rows/117/result/filesystem/git/worker_ms	float	17.218583
/rows/117/result/filesystem/git/workload	string	git
/rows/117/result/filesystem/metadata	object	-
/rows/117/result/filesystem/metadata/check	object	-
/rows/117/result/filesystem/metadata/check/bytes	integer	2095104
/rows/117/result/filesystem/metadata/check/files	integer	2048
/rows/117/result/filesystem/metadata/python	string	3.14.7
/rows/117/result/filesystem/metadata/worker_ms	float	4.921234
/rows/117/result/filesystem/metadata/workload	string	metadata
/rows/117/result/filesystem/npm	object	-
/rows/117/result/filesystem/npm/check	object	-
/rows/117/result/filesystem/npm/check/local_packages	integer	32
/rows/117/result/filesystem/npm/python	string	3.14.7
/rows/117/result/filesystem/npm/worker_ms	float	294.751574
/rows/117/result/filesystem/npm/workload	string	npm
/rows/117/result/filesystem/read	object	-
/rows/117/result/filesystem/read/check	object	-
/rows/117/result/filesystem/read/check/bytes	integer	67108864
/rows/117/result/filesystem/read/check/sha256	string	42ef3a50fe506ced865473b082c8b28f6ce254e6e2b01266b6a563531a6267bc
/rows/117/result/filesystem/read/python	string	3.14.7
/rows/117/result/filesystem/read/worker_ms	float	50.870835
/rows/117/result/filesystem/read/workload	string	read
/rows/117/result/filesystem/rg	object	-
/rows/117/result/filesystem/rg/check	object	-
/rows/117/result/filesystem/rg/check/matches	integer	2048
/rows/117/result/filesystem/rg/python	string	3.14.7
/rows/117/result/filesystem/rg/worker_ms	float	9.889776
/rows/117/result/filesystem/rg/workload	string	rg
/rows/117/result/filesystem/write	object	-
/rows/117/result/filesystem/write/check	object	-
/rows/117/result/filesystem/write/check/bytes	integer	16777216
/rows/117/result/filesystem/write/check/files	integer	256
/rows/117/result/filesystem/write/python	string	3.14.7
/rows/117/result/filesystem/write/worker_ms	float	3.612852
/rows/117/result/filesystem/write/workload	string	write
/rows/117/result/mode	string	filesystem
/rows/117/result/worker_ms	float	638.484146
/rows/117/result_ms	float	686.018936
/rows/117/trial	integer	23
/rows/117/variant	string	native
/rows/118	object	-
/rows/118/backend	string	pvisor-staged
/rows/118/completion_ms	float	1582.627694
/rows/118/correctness	string	passed
/rows/118/logs	string	/home/reiase/workspace/pvisor/target/p1-filesystem-historical-full-20261005/baseline/trials/filesystem-pvisor-staged-023
/rows/118/memory_scope	string	owned launcher tree; Docker daemon/container RSS excluded
/rows/118/mode	string	filesystem
/rows/118/peak_tree_rss_kib	integer	177948
/rows/118/prepare_ms	float	42.296583
/rows/118/ready_ms	float	64.908241
/rows/118/result	object	-
/rows/118/result/correctness	string	passed
/rows/118/result/filesystem	object	-
/rows/118/result/filesystem/cargo	object	-
/rows/118/result/filesystem/cargo/check	object	-
/rows/118/result/filesystem/cargo/check/modules	integer	64
/rows/118/result/filesystem/cargo/check/result	string	2016
/rows/118/result/filesystem/cargo/python	string	3.14.7
/rows/118/result/filesystem/cargo/worker_ms	float	128.255519
/rows/118/result/filesystem/cargo/workload	string	cargo
/rows/118/result/filesystem/git	object	-
/rows/118/result/filesystem/git/check	object	-
/rows/118/result/filesystem/git/check/git_clean	boolean	true
/rows/118/result/filesystem/git/python	string	3.14.7
/rows/118/result/filesystem/git/worker_ms	float	193.172097
/rows/118/result/filesystem/git/workload	string	git
/rows/118/result/filesystem/metadata	object	-
/rows/118/result/filesystem/metadata/check	object	-
/rows/118/result/filesystem/metadata/check/bytes	integer	2095104
/rows/118/result/filesystem/metadata/check/files	integer	2048
/rows/118/result/filesystem/metadata/python	string	3.14.7
/rows/118/result/filesystem/metadata/worker_ms	float	134.979087
/rows/118/result/filesystem/metadata/workload	string	metadata
/rows/118/result/filesystem/npm	object	-
/rows/118/result/filesystem/npm/check	object	-
/rows/118/result/filesystem/npm/check/local_packages	integer	32
/rows/118/result/filesystem/npm/python	string	3.14.7
/rows/118/result/filesystem/npm/worker_ms	float	309.446417
/rows/118/result/filesystem/npm/workload	string	npm
/rows/118/result/filesystem/read	object	-
/rows/118/result/filesystem/read/check	object	-
/rows/118/result/filesystem/read/check/bytes	integer	67108864
/rows/118/result/filesystem/read/check/sha256	string	42ef3a50fe506ced865473b082c8b28f6ce254e6e2b01266b6a563531a6267bc
/rows/118/result/filesystem/read/python	string	3.14.7
/rows/118/result/filesystem/read/worker_ms	float	74.455228
/rows/118/result/filesystem/read/workload	string	read
/rows/118/result/filesystem/rg	object	-
/rows/118/result/filesystem/rg/check	object	-
/rows/118/result/filesystem/rg/check/matches	integer	2048
/rows/118/result/filesystem/rg/python	string	3.14.7
/rows/118/result/filesystem/rg/worker_ms	float	100.062577
/rows/118/result/filesystem/rg/workload	string	rg
/rows/118/result/filesystem/write	object	-
/rows/118/result/filesystem/write/check	object	-
/rows/118/result/filesystem/write/check/bytes	integer	16777216
/rows/118/result/filesystem/write/check/files	integer	256
/rows/118/result/filesystem/write/python	string	3.14.7
/rows/118/result/filesystem/write/worker_ms	float	241.506588
/rows/118/result/filesystem/write/workload	string	write
/rows/118/result/mode	string	filesystem
/rows/118/result/worker_ms	float	1346.606944
/rows/118/result_ms	float	1411.599311
/rows/118/trial	integer	23
/rows/118/variant	string	baseline
/rows/119	object	-
/rows/119/backend	string	pvisor-vm
/rows/119/completion_ms	float	7921.562741
/rows/119/correctness	string	passed
/rows/119/logs	string	/home/reiase/workspace/pvisor/target/p1-filesystem-historical-full-20261005/baseline/trials/filesystem-pvisor-vm-023
/rows/119/memory_scope	string	owned launcher tree; Docker daemon/container RSS excluded
/rows/119/mode	string	filesystem
/rows/119/peak_tree_rss_kib	integer	827540
/rows/119/prepare_ms	float	43.55937
/rows/119/ready_ms	float	1674.074973
/rows/119/result	object	-
/rows/119/result/correctness	string	passed
/rows/119/result/filesystem	object	-
/rows/119/result/filesystem/cargo	object	-
/rows/119/result/filesystem/cargo/check	object	-
/rows/119/result/filesystem/cargo/check/modules	integer	64
/rows/119/result/filesystem/cargo/check/result	string	2016
/rows/119/result/filesystem/cargo/python	string	3.14.7
/rows/119/result/filesystem/cargo/worker_ms	float	794.388499
/rows/119/result/filesystem/cargo/workload	string	cargo
/rows/119/result/filesystem/git	object	-
/rows/119/result/filesystem/git/check	object	-
/rows/119/result/filesystem/git/check/git_clean	boolean	true
/rows/119/result/filesystem/git/python	string	3.14.7
/rows/119/result/filesystem/git/worker_ms	float	588.901531
/rows/119/result/filesystem/git/workload	string	git
/rows/119/result/filesystem/metadata	object	-
/rows/119/result/filesystem/metadata/check	object	-
/rows/119/result/filesystem/metadata/check/bytes	integer	2095104
/rows/119/result/filesystem/metadata/check/files	integer	2048
/rows/119/result/filesystem/metadata/python	string	3.14.7
/rows/119/result/filesystem/metadata/worker_ms	float	292.795343
/rows/119/result/filesystem/metadata/workload	string	metadata
/rows/119/result/filesystem/npm	object	-
/rows/119/result/filesystem/npm/check	object	-
/rows/119/result/filesystem/npm/check/local_packages	integer	32
/rows/119/result/filesystem/npm/python	string	3.14.7
/rows/119/result/filesystem/npm/worker_ms	float	2386.99424
/rows/119/result/filesystem/npm/workload	string	npm
/rows/119/result/filesystem/read	object	-
/rows/119/result/filesystem/read/check	object	-
/rows/119/result/filesystem/read/check/bytes	integer	67108864
/rows/119/result/filesystem/read/check/sha256	string	42ef3a50fe506ced865473b082c8b28f6ce254e6e2b01266b6a563531a6267bc
/rows/119/result/filesystem/read/python	string	3.14.7
/rows/119/result/filesystem/read/worker_ms	float	243.524876
/rows/119/result/filesystem/read/workload	string	read
/rows/119/result/filesystem/rg	object	-
/rows/119/result/filesystem/rg/check	object	-
/rows/119/result/filesystem/rg/check/matches	integer	2048
/rows/119/result/filesystem/rg/python	string	3.14.7
/rows/119/result/filesystem/rg/worker_ms	float	690.733304
/rows/119/result/filesystem/rg/workload	string	rg
/rows/119/result/filesystem/write	object	-
/rows/119/result/filesystem/write/check	object	-
/rows/119/result/filesystem/write/check/bytes	integer	16777216
/rows/119/result/filesystem/write/check/files	integer	256
/rows/119/result/filesystem/write/python	string	3.14.7
/rows/119/result/filesystem/write/worker_ms	float	303.432848
/rows/119/result/filesystem/write/workload	string	write
/rows/119/result/mode	string	filesystem
/rows/119/result/worker_ms	float	6103.874798
/rows/119/result_ms	float	7778.798024
/rows/119/trial	integer	23
/rows/119/variant	string	baseline
/rows/120	object	-
/rows/120/backend	string	native
/rows/120/completion_ms	float	733.359623
/rows/120/correctness	string	passed
/rows/120/logs	string	/home/reiase/workspace/pvisor/target/p1-filesystem-historical-full-20261005/native/trials/filesystem-native-024
/rows/120/memory_scope	string	owned launcher tree; Docker daemon/container RSS excluded
/rows/120/mode	string	filesystem
/rows/120/peak_tree_rss_kib	integer	147308
/rows/120/prepare_ms	float	43.110934
/rows/120/ready_ms	float	69.934441
/rows/120/result	object	-
/rows/120/result/correctness	string	passed
/rows/120/result/filesystem	object	-
/rows/120/result/filesystem/cargo	object	-
/rows/120/result/filesystem/cargo/check	object	-
/rows/120/result/filesystem/cargo/check/modules	integer	64
/rows/120/result/filesystem/cargo/check/result	string	2016
/rows/120/result/filesystem/cargo/python	string	3.14.7
/rows/120/result/filesystem/cargo/worker_ms	float	96.56559
/rows/120/result/filesystem/cargo/workload	string	cargo
/rows/120/result/filesystem/git	object	-
/rows/120/result/filesystem/git/check	object	-
/rows/120/result/filesystem/git/check/git_clean	boolean	true
/rows/120/result/filesystem/git/python	string	3.14.7
/rows/120/result/filesystem/git/worker_ms	float	24.106688
/rows/120/result/filesystem/git/workload	string	git
/rows/120/result/filesystem/metadata	object	-
/rows/120/result/filesystem/metadata/check	object	-
/rows/120/result/filesystem/metadata/check/bytes	integer	2095104
/rows/120/result/filesystem/metadata/check/files	integer	2048
/rows/120/result/filesystem/metadata/python	string	3.14.7
/rows/120/result/filesystem/metadata/worker_ms	float	7.244479
/rows/120/result/filesystem/metadata/workload	string	metadata
/rows/120/result/filesystem/npm	object	-
/rows/120/result/filesystem/npm/check	object	-
/rows/120/result/filesystem/npm/check/local_packages	integer	32
/rows/120/result/filesystem/npm/python	string	3.14.7
/rows/120/result/filesystem/npm/worker_ms	float	265.539328
/rows/120/result/filesystem/npm/workload	string	npm
/rows/120/result/filesystem/read	object	-
/rows/120/result/filesystem/read/check	object	-
/rows/120/result/filesystem/read/check/bytes	integer	67108864
/rows/120/result/filesystem/read/check/sha256	string	42ef3a50fe506ced865473b082c8b28f6ce254e6e2b01266b6a563531a6267bc
/rows/120/result/filesystem/read/python	string	3.14.7
/rows/120/result/filesystem/read/worker_ms	float	34.934766
/rows/120/result/filesystem/read/workload	string	read
/rows/120/result/filesystem/rg	object	-
/rows/120/result/filesystem/rg/check	object	-
/rows/120/result/filesystem/rg/check/matches	integer	2048
/rows/120/result/filesystem/rg/python	string	3.14.7
/rows/120/result/filesystem/rg/worker_ms	float	22.845755
/rows/120/result/filesystem/rg/workload	string	rg
/rows/120/result/filesystem/write	object	-
/rows/120/result/filesystem/write/check	object	-
/rows/120/result/filesystem/write/check/bytes	integer	16777216
/rows/120/result/filesystem/write/check/files	integer	256
/rows/120/result/filesystem/write/python	string	3.14.7
/rows/120/result/filesystem/write/worker_ms	float	5.496839
/rows/120/result/filesystem/write/workload	string	write
/rows/120/result/mode	string	filesystem
/rows/120/result/worker_ms	float	642.355912
/rows/120/result_ms	float	712.366345
/rows/120/trial	integer	24
/rows/120/variant	string	native
/rows/121	object	-
/rows/121/backend	string	pvisor-vm
/rows/121/completion_ms	float	7807.241495
/rows/121/correctness	string	passed
/rows/121/logs	string	/home/reiase/workspace/pvisor/target/p1-filesystem-historical-full-20261005/baseline/trials/filesystem-pvisor-vm-024
/rows/121/memory_scope	string	owned launcher tree; Docker daemon/container RSS excluded
/rows/121/mode	string	filesystem
/rows/121/peak_tree_rss_kib	integer	799308
/rows/121/prepare_ms	float	45.60678
/rows/121/ready_ms	float	1163.432173
/rows/121/result	object	-
/rows/121/result/correctness	string	passed
/rows/121/result/filesystem	object	-
/rows/121/result/filesystem/cargo	object	-
/rows/121/result/filesystem/cargo/check	object	-
/rows/121/result/filesystem/cargo/check/modules	integer	64
/rows/121/result/filesystem/cargo/check/result	string	2016
/rows/121/result/filesystem/cargo/python	string	3.14.7
/rows/121/result/filesystem/cargo/worker_ms	float	1299.136147
/rows/121/result/filesystem/cargo/workload	string	cargo
/rows/121/result/filesystem/git	object	-
/rows/121/result/filesystem/git/check	object	-
/rows/121/result/filesystem/git/check/git_clean	boolean	true
/rows/121/result/filesystem/git/python	string	3.14.7
/rows/121/result/filesystem/git/worker_ms	float	704.13934
/rows/121/result/filesystem/git/workload	string	git
/rows/121/result/filesystem/metadata	object	-
/rows/121/result/filesystem/metadata/check	object	-
/rows/121/result/filesystem/metadata/check/bytes	integer	2095104
/rows/121/result/filesystem/metadata/check/files	integer	2048
/rows/121/result/filesystem/metadata/python	string	3.14.7
/rows/121/result/filesystem/metadata/worker_ms	float	315.648297
/rows/121/result/filesystem/metadata/workload	string	metadata
/rows/121/result/filesystem/npm	object	-
/rows/121/result/filesystem/npm/check	object	-
/rows/121/result/filesystem/npm/check/local_packages	integer	32
/rows/121/result/filesystem/npm/python	string	3.14.7
/rows/121/result/filesystem/npm/worker_ms	float	2245.619312
/rows/121/result/filesystem/npm/workload	string	npm
/rows/121/result/filesystem/read	object	-
/rows/121/result/filesystem/read/check	object	-
/rows/121/result/filesystem/read/check/bytes	integer	67108864
/rows/121/result/filesystem/read/check/sha256	string	42ef3a50fe506ced865473b082c8b28f6ce254e6e2b01266b6a563531a6267bc
/rows/121/result/filesystem/read/python	string	3.14.7
/rows/121/result/filesystem/read/worker_ms	float	220.572406
/rows/121/result/filesystem/read/workload	string	read
/rows/121/result/filesystem/rg	object	-
/rows/121/result/filesystem/rg/check	object	-
/rows/121/result/filesystem/rg/check/matches	integer	2048
/rows/121/result/filesystem/rg/python	string	3.14.7
/rows/121/result/filesystem/rg/worker_ms	float	537.116588
/rows/121/result/filesystem/rg/workload	string	rg
/rows/121/result/filesystem/write	object	-
/rows/121/result/filesystem/write/check	object	-
/rows/121/result/filesystem/write/check/bytes	integer	16777216
/rows/121/result/filesystem/write/check/files	integer	256
/rows/121/result/filesystem/write/python	string	3.14.7
/rows/121/result/filesystem/write/worker_ms	float	305.840624
/rows/121/result/filesystem/write/workload	string	write
/rows/121/result/mode	string	filesystem
/rows/121/result/worker_ms	float	6463.324738
/rows/121/result_ms	float	7628.813974
/rows/121/trial	integer	24
/rows/121/variant	string	baseline
/rows/122	object	-
/rows/122/backend	string	pvisor-vm
/rows/122/completion_ms	float	9566.733773
/rows/122/correctness	string	passed
/rows/122/logs	string	/home/reiase/workspace/pvisor/target/p1-filesystem-historical-full-20261005/candidate/trials/filesystem-pvisor-vm-024
/rows/122/memory_scope	string	owned launcher tree; Docker daemon/container RSS excluded
/rows/122/mode	string	filesystem
/rows/122/peak_tree_rss_kib	integer	804524
/rows/122/prepare_ms	float	42.233025
/rows/122/ready_ms	float	1503.387005
/rows/122/result	object	-
/rows/122/result/correctness	string	passed
/rows/122/result/filesystem	object	-
/rows/122/result/filesystem/cargo	object	-
/rows/122/result/filesystem/cargo/check	object	-
/rows/122/result/filesystem/cargo/check/modules	integer	64
/rows/122/result/filesystem/cargo/check/result	string	2016
/rows/122/result/filesystem/cargo/python	string	3.14.7
/rows/122/result/filesystem/cargo/worker_ms	float	1286.609807
/rows/122/result/filesystem/cargo/workload	string	cargo
/rows/122/result/filesystem/git	object	-
/rows/122/result/filesystem/git/check	object	-
/rows/122/result/filesystem/git/check/git_clean	boolean	true
/rows/122/result/filesystem/git/python	string	3.14.7
/rows/122/result/filesystem/git/worker_ms	float	821.913224
/rows/122/result/filesystem/git/workload	string	git
/rows/122/result/filesystem/metadata	object	-
/rows/122/result/filesystem/metadata/check	object	-
/rows/122/result/filesystem/metadata/check/bytes	integer	2095104
/rows/122/result/filesystem/metadata/check/files	integer	2048
/rows/122/result/filesystem/metadata/python	string	3.14.7
/rows/122/result/filesystem/metadata/worker_ms	float	539.551495
/rows/122/result/filesystem/metadata/workload	string	metadata
/rows/122/result/filesystem/npm	object	-
/rows/122/result/filesystem/npm/check	object	-
/rows/122/result/filesystem/npm/check/local_packages	integer	32
/rows/122/result/filesystem/npm/python	string	3.14.7
/rows/122/result/filesystem/npm/worker_ms	float	2625.266456
/rows/122/result/filesystem/npm/workload	string	npm
/rows/122/result/filesystem/read	object	-
/rows/122/result/filesystem/read/check	object	-
/rows/122/result/filesystem/read/check/bytes	integer	67108864
/rows/122/result/filesystem/read/check/sha256	string	42ef3a50fe506ced865473b082c8b28f6ce254e6e2b01266b6a563531a6267bc
/rows/122/result/filesystem/read/python	string	3.14.7
/rows/122/result/filesystem/read/worker_ms	float	337.591828
/rows/122/result/filesystem/read/workload	string	read
/rows/122/result/filesystem/rg	object	-
/rows/122/result/filesystem/rg/check	object	-
/rows/122/result/filesystem/rg/check/matches	integer	2048
/rows/122/result/filesystem/rg/python	string	3.14.7
/rows/122/result/filesystem/rg/worker_ms	float	501.085556
/rows/122/result/filesystem/rg/workload	string	rg
/rows/122/result/filesystem/write	object	-
/rows/122/result/filesystem/write/check	object	-
/rows/122/result/filesystem/write/check/bytes	integer	16777216
/rows/122/result/filesystem/write/check/files	integer	256
/rows/122/result/filesystem/write/python	string	3.14.7
/rows/122/result/filesystem/write/worker_ms	float	389.268408
/rows/122/result/filesystem/write/workload	string	write
/rows/122/result/mode	string	filesystem
/rows/122/result/worker_ms	float	7824.588681
/rows/122/result_ms	float	9328.843924
/rows/122/trial	integer	24
/rows/122/variant	string	candidate
/rows/123	object	-
/rows/123/backend	string	pvisor-staged
/rows/123/completion_ms	float	2264.70268
/rows/123/correctness	string	passed
/rows/123/logs	string	/home/reiase/workspace/pvisor/target/p1-filesystem-historical-full-20261005/candidate/trials/filesystem-pvisor-staged-024
/rows/123/memory_scope	string	owned launcher tree; Docker daemon/container RSS excluded
/rows/123/mode	string	filesystem
/rows/123/peak_tree_rss_kib	integer	228988
/rows/123/prepare_ms	float	44.1272
/rows/123/ready_ms	float	137.228536
/rows/123/result	object	-
/rows/123/result/correctness	string	passed
/rows/123/result/filesystem	object	-
/rows/123/result/filesystem/cargo	object	-
/rows/123/result/filesystem/cargo/check	object	-
/rows/123/result/filesystem/cargo/check/modules	integer	64
/rows/123/result/filesystem/cargo/check/result	string	2016
/rows/123/result/filesystem/cargo/python	string	3.14.7
/rows/123/result/filesystem/cargo/worker_ms	float	411.162841
/rows/123/result/filesystem/cargo/workload	string	cargo
/rows/123/result/filesystem/git	object	-
/rows/123/result/filesystem/git/check	object	-
/rows/123/result/filesystem/git/check/git_clean	boolean	true
/rows/123/result/filesystem/git/python	string	3.14.7
/rows/123/result/filesystem/git/worker_ms	float	365.929116
/rows/123/result/filesystem/git/workload	string	git
/rows/123/result/filesystem/metadata	object	-
/rows/123/result/filesystem/metadata/check	object	-
/rows/123/result/filesystem/metadata/check/bytes	integer	2095104
/rows/123/result/filesystem/metadata/check/files	integer	2048
/rows/123/result/filesystem/metadata/python	string	3.14.7
/rows/123/result/filesystem/metadata/worker_ms	float	97.457144
/rows/123/result/filesystem/metadata/workload	string	metadata
/rows/123/result/filesystem/npm	object	-
/rows/123/result/filesystem/npm/check	object	-
/rows/123/result/filesystem/npm/check/local_packages	integer	32
/rows/123/result/filesystem/npm/python	string	3.14.7
/rows/123/result/filesystem/npm/worker_ms	float	396.452008
/rows/123/result/filesystem/npm/workload	string	npm
/rows/123/result/filesystem/read	object	-
/rows/123/result/filesystem/read/check	object	-
/rows/123/result/filesystem/read/check/bytes	integer	67108864
/rows/123/result/filesystem/read/check/sha256	string	42ef3a50fe506ced865473b082c8b28f6ce254e6e2b01266b6a563531a6267bc
/rows/123/result/filesystem/read/python	string	3.14.7
/rows/123/result/filesystem/read/worker_ms	float	103.800462
/rows/123/result/filesystem/read/workload	string	read
/rows/123/result/filesystem/rg	object	-
/rows/123/result/filesystem/rg/check	object	-
/rows/123/result/filesystem/rg/check/matches	integer	2048
/rows/123/result/filesystem/rg/python	string	3.14.7
/rows/123/result/filesystem/rg/worker_ms	float	115.787101
/rows/123/result/filesystem/rg/workload	string	rg
/rows/123/result/filesystem/write	object	-
/rows/123/result/filesystem/write/check	object	-
/rows/123/result/filesystem/write/check/bytes	integer	16777216
/rows/123/result/filesystem/write/check/files	integer	256
/rows/123/result/filesystem/write/python	string	3.14.7
/rows/123/result/filesystem/write/worker_ms	float	294.622893
/rows/123/result/filesystem/write/workload	string	write
/rows/123/result/mode	string	filesystem
/rows/123/result/worker_ms	float	1967.870152
/rows/123/result_ms	float	2105.041361
/rows/123/trial	integer	24
/rows/123/variant	string	candidate
/rows/124	object	-
/rows/124/backend	string	pvisor-staged
/rows/124/completion_ms	float	1756.242583
/rows/124/correctness	string	passed
/rows/124/logs	string	/home/reiase/workspace/pvisor/target/p1-filesystem-historical-full-20261005/baseline/trials/filesystem-pvisor-staged-024
/rows/124/memory_scope	string	owned launcher tree; Docker daemon/container RSS excluded
/rows/124/mode	string	filesystem
/rows/124/peak_tree_rss_kib	integer	172508
/rows/124/prepare_ms	float	47.462976
/rows/124/ready_ms	float	101.750476
/rows/124/result	object	-
/rows/124/result/correctness	string	passed
/rows/124/result/filesystem	object	-
/rows/124/result/filesystem/cargo	object	-
/rows/124/result/filesystem/cargo/check	object	-
/rows/124/result/filesystem/cargo/check/modules	integer	64
/rows/124/result/filesystem/cargo/check/result	string	2016
/rows/124/result/filesystem/cargo/python	string	3.14.7
/rows/124/result/filesystem/cargo/worker_ms	float	197.059351
/rows/124/result/filesystem/cargo/workload	string	cargo
/rows/124/result/filesystem/git	object	-
/rows/124/result/filesystem/git/check	object	-
/rows/124/result/filesystem/git/check/git_clean	boolean	true
/rows/124/result/filesystem/git/python	string	3.14.7
/rows/124/result/filesystem/git/worker_ms	float	197.767233
/rows/124/result/filesystem/git/workload	string	git
/rows/124/result/filesystem/metadata	object	-
/rows/124/result/filesystem/metadata/check	object	-
/rows/124/result/filesystem/metadata/check/bytes	integer	2095104
/rows/124/result/filesystem/metadata/check/files	integer	2048
/rows/124/result/filesystem/metadata/python	string	3.14.7
/rows/124/result/filesystem/metadata/worker_ms	float	85.225186
/rows/124/result/filesystem/metadata/workload	string	metadata
/rows/124/result/filesystem/npm	object	-
/rows/124/result/filesystem/npm/check	object	-
/rows/124/result/filesystem/npm/check/local_packages	integer	32
/rows/124/result/filesystem/npm/python	string	3.14.7
/rows/124/result/filesystem/npm/worker_ms	float	316.411536
/rows/124/result/filesystem/npm/workload	string	npm
/rows/124/result/filesystem/read	object	-
/rows/124/result/filesystem/read/check	object	-
/rows/124/result/filesystem/read/check/bytes	integer	67108864
/rows/124/result/filesystem/read/check/sha256	string	42ef3a50fe506ced865473b082c8b28f6ce254e6e2b01266b6a563531a6267bc
/rows/124/result/filesystem/read/python	string	3.14.7
/rows/124/result/filesystem/read/worker_ms	float	87.502407
/rows/124/result/filesystem/read/workload	string	read
/rows/124/result/filesystem/rg	object	-
/rows/124/result/filesystem/rg/check	object	-
/rows/124/result/filesystem/rg/check/matches	integer	2048
/rows/124/result/filesystem/rg/python	string	3.14.7
/rows/124/result/filesystem/rg/worker_ms	float	98.05537
/rows/124/result/filesystem/rg/workload	string	rg
/rows/124/result/filesystem/write	object	-
/rows/124/result/filesystem/write/check	object	-
/rows/124/result/filesystem/write/check/bytes	integer	16777216
/rows/124/result/filesystem/write/check/files	integer	256
/rows/124/result/filesystem/write/python	string	3.14.7
/rows/124/result/filesystem/write/worker_ms	float	305.585071
/rows/124/result/filesystem/write/workload	string	write
/rows/124/result/mode	string	filesystem
/rows/124/result/worker_ms	float	1458.68358
/rows/124/result_ms	float	1560.494489
/rows/124/trial	integer	24
/rows/124/variant	string	baseline
/rows/125	object	-
/rows/125/backend	string	pvisor-vm
/rows/125/completion_ms	float	5289.686834
/rows/125/correctness	string	passed
/rows/125/logs	string	/home/reiase/workspace/pvisor/target/p1-filesystem-historical-full-20261005/candidate/trials/filesystem-pvisor-vm-025
/rows/125/memory_scope	string	owned launcher tree; Docker daemon/container RSS excluded
/rows/125/mode	string	filesystem
/rows/125/peak_tree_rss_kib	integer	838932
/rows/125/prepare_ms	float	48.765787
/rows/125/ready_ms	float	787.869068
/rows/125/result	object	-
/rows/125/result/correctness	string	passed
/rows/125/result/filesystem	object	-
/rows/125/result/filesystem/cargo	object	-
/rows/125/result/filesystem/cargo/check	object	-
/rows/125/result/filesystem/cargo/check/modules	integer	64
/rows/125/result/filesystem/cargo/check/result	string	2016
/rows/125/result/filesystem/cargo/python	string	3.14.7
/rows/125/result/filesystem/cargo/worker_ms	float	827.669676
/rows/125/result/filesystem/cargo/workload	string	cargo
/rows/125/result/filesystem/git	object	-
/rows/125/result/filesystem/git/check	object	-
/rows/125/result/filesystem/git/check/git_clean	boolean	true
/rows/125/result/filesystem/git/python	string	3.14.7
/rows/125/result/filesystem/git/worker_ms	float	391.229257
/rows/125/result/filesystem/git/workload	string	git
/rows/125/result/filesystem/metadata	object	-
/rows/125/result/filesystem/metadata/check	object	-
/rows/125/result/filesystem/metadata/check/bytes	integer	2095104
/rows/125/result/filesystem/metadata/check/files	integer	2048
/rows/125/result/filesystem/metadata/python	string	3.14.7
/rows/125/result/filesystem/metadata/worker_ms	float	153.706443
/rows/125/result/filesystem/metadata/workload	string	metadata
/rows/125/result/filesystem/npm	object	-
/rows/125/result/filesystem/npm/check	object	-
/rows/125/result/filesystem/npm/check/local_packages	integer	32
/rows/125/result/filesystem/npm/python	string	3.14.7
/rows/125/result/filesystem/npm/worker_ms	float	1630.828907
/rows/125/result/filesystem/npm/workload	string	npm
/rows/125/result/filesystem/read	object	-
/rows/125/result/filesystem/read/check	object	-
/rows/125/result/filesystem/read/check/bytes	integer	67108864
/rows/125/result/filesystem/read/check/sha256	string	42ef3a50fe506ced865473b082c8b28f6ce254e6e2b01266b6a563531a6267bc
/rows/125/result/filesystem/read/python	string	3.14.7
/rows/125/result/filesystem/read/worker_ms	float	147.654838
/rows/125/result/filesystem/read/workload	string	read
/rows/125/result/filesystem/rg	object	-
/rows/125/result/filesystem/rg/check	object	-
/rows/125/result/filesystem/rg/check/matches	integer	2048
/rows/125/result/filesystem/rg/python	string	3.14.7
/rows/125/result/filesystem/rg/worker_ms	float	475.105641
/rows/125/result/filesystem/rg/workload	string	rg
/rows/125/result/filesystem/write	object	-
/rows/125/result/filesystem/write/check	object	-
/rows/125/result/filesystem/write/check/bytes	integer	16777216
/rows/125/result/filesystem/write/check/files	integer	256
/rows/125/result/filesystem/write/python	string	3.14.7
/rows/125/result/filesystem/write/worker_ms	float	259.101603
/rows/125/result/filesystem/write/workload	string	write
/rows/125/result/mode	string	filesystem
/rows/125/result/worker_ms	float	4387.892237
/rows/125/result_ms	float	5176.174578
/rows/125/trial	integer	25
/rows/125/variant	string	candidate
/rows/126	object	-
/rows/126/backend	string	native
/rows/126/completion_ms	float	465.986873
/rows/126/correctness	string	passed
/rows/126/logs	string	/home/reiase/workspace/pvisor/target/p1-filesystem-historical-full-20261005/native/trials/filesystem-native-025
/rows/126/memory_scope	string	owned launcher tree; Docker daemon/container RSS excluded
/rows/126/mode	string	filesystem
/rows/126/peak_tree_rss_kib	integer	139584
/rows/126/prepare_ms	float	36.905733
/rows/126/ready_ms	float	46.127643
/rows/126/result	object	-
/rows/126/result/correctness	string	passed
/rows/126/result/filesystem	object	-
/rows/126/result/filesystem/cargo	object	-
/rows/126/result/filesystem/cargo/check	object	-
/rows/126/result/filesystem/cargo/check/modules	integer	64
/rows/126/result/filesystem/cargo/check/result	string	2016
/rows/126/result/filesystem/cargo/python	string	3.14.7
/rows/126/result/filesystem/cargo/worker_ms	float	51.894846
/rows/126/result/filesystem/cargo/workload	string	cargo
/rows/126/result/filesystem/git	object	-
/rows/126/result/filesystem/git/check	object	-
/rows/126/result/filesystem/git/check/git_clean	boolean	true
/rows/126/result/filesystem/git/python	string	3.14.7
/rows/126/result/filesystem/git/worker_ms	float	15.660386
/rows/126/result/filesystem/git/workload	string	git
/rows/126/result/filesystem/metadata	object	-
/rows/126/result/filesystem/metadata/check	object	-
/rows/126/result/filesystem/metadata/check/bytes	integer	2095104
/rows/126/result/filesystem/metadata/check/files	integer	2048
/rows/126/result/filesystem/metadata/python	string	3.14.7
/rows/126/result/filesystem/metadata/worker_ms	float	5.370072
/rows/126/result/filesystem/metadata/workload	string	metadata
/rows/126/result/filesystem/npm	object	-
/rows/126/result/filesystem/npm/check	object	-
/rows/126/result/filesystem/npm/check/local_packages	integer	32
/rows/126/result/filesystem/npm/python	string	3.14.7
/rows/126/result/filesystem/npm/worker_ms	float	176.536051
/rows/126/result/filesystem/npm/workload	string	npm
/rows/126/result/filesystem/read	object	-
/rows/126/result/filesystem/read/check	object	-
/rows/126/result/filesystem/read/check/bytes	integer	67108864
/rows/126/result/filesystem/read/check/sha256	string	42ef3a50fe506ced865473b082c8b28f6ce254e6e2b01266b6a563531a6267bc
/rows/126/result/filesystem/read/python	string	3.14.7
/rows/126/result/filesystem/read/worker_ms	float	32.201334
/rows/126/result/filesystem/read/workload	string	read
/rows/126/result/filesystem/rg	object	-
/rows/126/result/filesystem/rg/check	object	-
/rows/126/result/filesystem/rg/check/matches	integer	2048
/rows/126/result/filesystem/rg/python	string	3.14.7
/rows/126/result/filesystem/rg/worker_ms	float	6.937597
/rows/126/result/filesystem/rg/workload	string	rg
/rows/126/result/filesystem/write	object	-
/rows/126/result/filesystem/write/check	object	-
/rows/126/result/filesystem/write/check/bytes	integer	16777216
/rows/126/result/filesystem/write/check/files	integer	256
/rows/126/result/filesystem/write/python	string	3.14.7
/rows/126/result/filesystem/write/worker_ms	float	4.075265
/rows/126/result/filesystem/write/workload	string	write
/rows/126/result/mode	string	filesystem
/rows/126/result/worker_ms	float	410.793261
/rows/126/result_ms	float	456.971518
/rows/126/trial	integer	25
/rows/126/variant	string	native
/rows/127	object	-
/rows/127/backend	string	pvisor-staged
/rows/127/completion_ms	float	1269.529872
/rows/127/correctness	string	passed
/rows/127/logs	string	/home/reiase/workspace/pvisor/target/p1-filesystem-historical-full-20261005/baseline/trials/filesystem-pvisor-staged-025
/rows/127/memory_scope	string	owned launcher tree; Docker daemon/container RSS excluded
/rows/127/mode	string	filesystem
/rows/127/peak_tree_rss_kib	integer	165016
/rows/127/prepare_ms	float	38.520837
/rows/127/ready_ms	float	49.49133
/rows/127/result	object	-
/rows/127/result/correctness	string	passed
/rows/127/result/filesystem	object	-
/rows/127/result/filesystem/cargo	object	-
/rows/127/result/filesystem/cargo/check	object	-
/rows/127/result/filesystem/cargo/check/modules	integer	64
/rows/127/result/filesystem/cargo/check/result	string	2016
/rows/127/result/filesystem/cargo/python	string	3.14.7
/rows/127/result/filesystem/cargo/worker_ms	float	127.240426
/rows/127/result/filesystem/cargo/workload	string	cargo
/rows/127/result/filesystem/git	object	-
/rows/127/result/filesystem/git/check	object	-
/rows/127/result/filesystem/git/check/git_clean	boolean	true
/rows/127/result/filesystem/git/python	string	3.14.7
/rows/127/result/filesystem/git/worker_ms	float	167.800568
/rows/127/result/filesystem/git/workload	string	git
/rows/127/result/filesystem/metadata	object	-
/rows/127/result/filesystem/metadata/check	object	-
/rows/127/result/filesystem/metadata/check/bytes	integer	2095104
/rows/127/result/filesystem/metadata/check/files	integer	2048
/rows/127/result/filesystem/metadata/python	string	3.14.7
/rows/127/result/filesystem/metadata/worker_ms	float	75.761856
/rows/127/result/filesystem/metadata/workload	string	metadata
/rows/127/result/filesystem/npm	object	-
/rows/127/result/filesystem/npm/check	object	-
/rows/127/result/filesystem/npm/check/local_packages	integer	32
/rows/127/result/filesystem/npm/python	string	3.14.7
/rows/127/result/filesystem/npm/worker_ms	float	236.874875
/rows/127/result/filesystem/npm/workload	string	npm
/rows/127/result/filesystem/read	object	-
/rows/127/result/filesystem/read/check	object	-
/rows/127/result/filesystem/read/check/bytes	integer	67108864
/rows/127/result/filesystem/read/check/sha256	string	42ef3a50fe506ced865473b082c8b28f6ce254e6e2b01266b6a563531a6267bc
/rows/127/result/filesystem/read/python	string	3.14.7
/rows/127/result/filesystem/read/worker_ms	float	81.836793
/rows/127/result/filesystem/read/workload	string	read
/rows/127/result/filesystem/rg	object	-
/rows/127/result/filesystem/rg/check	object	-
/rows/127/result/filesystem/rg/check/matches	integer	2048
/rows/127/result/filesystem/rg/python	string	3.14.7
/rows/127/result/filesystem/rg/worker_ms	float	89.50788
/rows/127/result/filesystem/rg/workload	string	rg
/rows/127/result/filesystem/write	object	-
/rows/127/result/filesystem/write/check	object	-
/rows/127/result/filesystem/write/check/bytes	integer	16777216
/rows/127/result/filesystem/write/check/files	integer	256
/rows/127/result/filesystem/write/python	string	3.14.7
/rows/127/result/filesystem/write/worker_ms	float	198.03929
/rows/127/result/filesystem/write/workload	string	write
/rows/127/result/mode	string	filesystem
/rows/127/result/worker_ms	float	1102.613203
/rows/127/result_ms	float	1152.131734
/rows/127/trial	integer	25
/rows/127/variant	string	baseline
/rows/128	object	-
/rows/128/backend	string	pvisor-vm
/rows/128/completion_ms	float	4981.108977
/rows/128/correctness	string	passed
/rows/128/logs	string	/home/reiase/workspace/pvisor/target/p1-filesystem-historical-full-20261005/baseline/trials/filesystem-pvisor-vm-025
/rows/128/memory_scope	string	owned launcher tree; Docker daemon/container RSS excluded
/rows/128/mode	string	filesystem
/rows/128/peak_tree_rss_kib	integer	830148
/rows/128/prepare_ms	float	36.852784
/rows/128/ready_ms	float	589.8469
/rows/128/result	object	-
/rows/128/result/correctness	string	passed
/rows/128/result/filesystem	object	-
/rows/128/result/filesystem/cargo	object	-
/rows/128/result/filesystem/cargo/check	object	-
/rows/128/result/filesystem/cargo/check/modules	integer	64
/rows/128/result/filesystem/cargo/check/result	string	2016
/rows/128/result/filesystem/cargo/python	string	3.14.7
/rows/128/result/filesystem/cargo/worker_ms	float	546.997318
/rows/128/result/filesystem/cargo/workload	string	cargo
/rows/128/result/filesystem/git	object	-
/rows/128/result/filesystem/git/check	object	-
/rows/128/result/filesystem/git/check/git_clean	boolean	true
/rows/128/result/filesystem/git/python	string	3.14.7
/rows/128/result/filesystem/git/worker_ms	float	451.127081
/rows/128/result/filesystem/git/workload	string	git
/rows/128/result/filesystem/metadata	object	-
/rows/128/result/filesystem/metadata/check	object	-
/rows/128/result/filesystem/metadata/check/bytes	integer	2095104
/rows/128/result/filesystem/metadata/check/files	integer	2048
/rows/128/result/filesystem/metadata/python	string	3.14.7
/rows/128/result/filesystem/metadata/worker_ms	float	217.582822
/rows/128/result/filesystem/metadata/workload	string	metadata
/rows/128/result/filesystem/npm	object	-
/rows/128/result/filesystem/npm/check	object	-
/rows/128/result/filesystem/npm/check/local_packages	integer	32
/rows/128/result/filesystem/npm/python	string	3.14.7
/rows/128/result/filesystem/npm/worker_ms	float	1587.943618
/rows/128/result/filesystem/npm/workload	string	npm
/rows/128/result/filesystem/read	object	-
/rows/128/result/filesystem/read/check	object	-
/rows/128/result/filesystem/read/check/bytes	integer	67108864
/rows/128/result/filesystem/read/check/sha256	string	42ef3a50fe506ced865473b082c8b28f6ce254e6e2b01266b6a563531a6267bc
/rows/128/result/filesystem/read/python	string	3.14.7
/rows/128/result/filesystem/read/worker_ms	float	126.580444
/rows/128/result/filesystem/read/workload	string	read
/rows/128/result/filesystem/rg	object	-
/rows/128/result/filesystem/rg/check	object	-
/rows/128/result/filesystem/rg/check/matches	integer	2048
/rows/128/result/filesystem/rg/python	string	3.14.7
/rows/128/result/filesystem/rg/worker_ms	float	433.320921
/rows/128/result/filesystem/rg/workload	string	rg
/rows/128/result/filesystem/write	object	-
/rows/128/result/filesystem/write/check	object	-
/rows/128/result/filesystem/write/check/bytes	integer	16777216
/rows/128/result/filesystem/write/check/files	integer	256
/rows/128/result/filesystem/write/python	string	3.14.7
/rows/128/result/filesystem/write/worker_ms	float	251.978765
/rows/128/result/filesystem/write/workload	string	write
/rows/128/result/mode	string	filesystem
/rows/128/result/worker_ms	float	4252.137406
/rows/128/result_ms	float	4842.478555
/rows/128/trial	integer	25
/rows/128/variant	string	baseline
/rows/129	object	-
/rows/129/backend	string	pvisor-staged
/rows/129/completion_ms	float	6616.384772
/rows/129/correctness	string	passed
/rows/129/logs	string	/home/reiase/workspace/pvisor/target/p1-filesystem-historical-full-20261005/candidate/trials/filesystem-pvisor-staged-025
/rows/129/memory_scope	string	owned launcher tree; Docker daemon/container RSS excluded
/rows/129/mode	string	filesystem
/rows/129/peak_tree_rss_kib	integer	172196
/rows/129/prepare_ms	float	37.939312
/rows/129/ready_ms	float	81.5618
/rows/129/result	object	-
/rows/129/result/correctness	string	passed
/rows/129/result/filesystem	object	-
/rows/129/result/filesystem/cargo	object	-
/rows/129/result/filesystem/cargo/check	object	-
/rows/129/result/filesystem/cargo/check/modules	integer	64
/rows/129/result/filesystem/cargo/check/result	string	2016
/rows/129/result/filesystem/cargo/python	string	3.14.7
/rows/129/result/filesystem/cargo/worker_ms	float	135.226108
/rows/129/result/filesystem/cargo/workload	string	cargo
/rows/129/result/filesystem/git	object	-
/rows/129/result/filesystem/git/check	object	-
/rows/129/result/filesystem/git/check/git_clean	boolean	true
/rows/129/result/filesystem/git/python	string	3.14.7
/rows/129/result/filesystem/git/worker_ms	float	173.225523
/rows/129/result/filesystem/git/workload	string	git
/rows/129/result/filesystem/metadata	object	-
/rows/129/result/filesystem/metadata/check	object	-
/rows/129/result/filesystem/metadata/check/bytes	integer	2095104
/rows/129/result/filesystem/metadata/check/files	integer	2048
/rows/129/result/filesystem/metadata/python	string	3.14.7
/rows/129/result/filesystem/metadata/worker_ms	float	78.08881
/rows/129/result/filesystem/metadata/workload	string	metadata
/rows/129/result/filesystem/npm	object	-
/rows/129/result/filesystem/npm/check	object	-
/rows/129/result/filesystem/npm/check/local_packages	integer	32
/rows/129/result/filesystem/npm/python	string	3.14.7
/rows/129/result/filesystem/npm/worker_ms	float	272.562635
/rows/129/result/filesystem/npm/workload	string	npm
/rows/129/result/filesystem/read	object	-
/rows/129/result/filesystem/read/check	object	-
/rows/129/result/filesystem/read/check/bytes	integer	67108864
/rows/129/result/filesystem/read/check/sha256	string	42ef3a50fe506ced865473b082c8b28f6ce254e6e2b01266b6a563531a6267bc
/rows/129/result/filesystem/read/python	string	3.14.7
/rows/129/result/filesystem/read/worker_ms	float	83.209655
/rows/129/result/filesystem/read/workload	string	read
/rows/129/result/filesystem/rg	object	-
/rows/129/result/filesystem/rg/check	object	-
/rows/129/result/filesystem/rg/check/matches	integer	2048
/rows/129/result/filesystem/rg/python	string	3.14.7
/rows/129/result/filesystem/rg/worker_ms	float	88.471064
/rows/129/result/filesystem/rg/workload	string	rg
/rows/129/result/filesystem/write	object	-
/rows/129/result/filesystem/write/check	object	-
/rows/129/result/filesystem/write/check/bytes	integer	16777216
/rows/129/result/filesystem/write/check/files	integer	256
/rows/129/result/filesystem/write/python	string	3.14.7
/rows/129/result/filesystem/write/worker_ms	float	206.187066
/rows/129/result/filesystem/write/workload	string	write
/rows/129/result/mode	string	filesystem
/rows/129/result/worker_ms	float	1162.807196
/rows/129/result_ms	float	1244.43485
/rows/129/trial	integer	25
/rows/129/variant	string	candidate
/rows/130	object	-
/rows/130/backend	string	pvisor-vm
/rows/130/completion_ms	float	5096.600798
/rows/130/correctness	string	passed
/rows/130/logs	string	/home/reiase/workspace/pvisor/target/p1-filesystem-historical-full-20261005/candidate/trials/filesystem-pvisor-vm-026
/rows/130/memory_scope	string	owned launcher tree; Docker daemon/container RSS excluded
/rows/130/mode	string	filesystem
/rows/130/peak_tree_rss_kib	integer	831116
/rows/130/prepare_ms	float	37.037219
/rows/130/ready_ms	float	587.165056
/rows/130/result	object	-
/rows/130/result/correctness	string	passed
/rows/130/result/filesystem	object	-
/rows/130/result/filesystem/cargo	object	-
/rows/130/result/filesystem/cargo/check	object	-
/rows/130/result/filesystem/cargo/check/modules	integer	64
/rows/130/result/filesystem/cargo/check/result	string	2016
/rows/130/result/filesystem/cargo/python	string	3.14.7
/rows/130/result/filesystem/cargo/worker_ms	float	507.459553
/rows/130/result/filesystem/cargo/workload	string	cargo
/rows/130/result/filesystem/git	object	-
/rows/130/result/filesystem/git/check	object	-
/rows/130/result/filesystem/git/check/git_clean	boolean	true
/rows/130/result/filesystem/git/python	string	3.14.7
/rows/130/result/filesystem/git/worker_ms	float	439.633283
/rows/130/result/filesystem/git/workload	string	git
/rows/130/result/filesystem/metadata	object	-
/rows/130/result/filesystem/metadata/check	object	-
/rows/130/result/filesystem/metadata/check/bytes	integer	2095104
/rows/130/result/filesystem/metadata/check/files	integer	2048
/rows/130/result/filesystem/metadata/python	string	3.14.7
/rows/130/result/filesystem/metadata/worker_ms	float	194.674865
/rows/130/result/filesystem/metadata/workload	string	metadata
/rows/130/result/filesystem/npm	object	-
/rows/130/result/filesystem/npm/check	object	-
/rows/130/result/filesystem/npm/check/local_packages	integer	32
/rows/130/result/filesystem/npm/python	string	3.14.7
/rows/130/result/filesystem/npm/worker_ms	float	1815.807297
/rows/130/result/filesystem/npm/workload	string	npm
/rows/130/result/filesystem/read	object	-
/rows/130/result/filesystem/read/check	object	-
/rows/130/result/filesystem/read/check/bytes	integer	67108864
/rows/130/result/filesystem/read/check/sha256	string	42ef3a50fe506ced865473b082c8b28f6ce254e6e2b01266b6a563531a6267bc
/rows/130/result/filesystem/read/python	string	3.14.7
/rows/130/result/filesystem/read/worker_ms	float	121.919702
/rows/130/result/filesystem/read/workload	string	read
/rows/130/result/filesystem/rg	object	-
/rows/130/result/filesystem/rg/check	object	-
/rows/130/result/filesystem/rg/check/matches	integer	2048
/rows/130/result/filesystem/rg/python	string	3.14.7
/rows/130/result/filesystem/rg/worker_ms	float	425.363581
/rows/130/result/filesystem/rg/workload	string	rg
/rows/130/result/filesystem/write	object	-
/rows/130/result/filesystem/write/check	object	-
/rows/130/result/filesystem/write/check/bytes	integer	16777216
/rows/130/result/filesystem/write/check/files	integer	256
/rows/130/result/filesystem/write/python	string	3.14.7
/rows/130/result/filesystem/write/worker_ms	float	359.20424
/rows/130/result/filesystem/write/workload	string	write
/rows/130/result/mode	string	filesystem
/rows/130/result/worker_ms	float	4396.312053
/rows/130/result_ms	float	4984.237325
/rows/130/trial	integer	26
/rows/130/variant	string	candidate
/rows/131	object	-
/rows/131/backend	string	native
/rows/131/completion_ms	float	449.878061
/rows/131/correctness	string	passed
/rows/131/logs	string	/home/reiase/workspace/pvisor/target/p1-filesystem-historical-full-20261005/native/trials/filesystem-native-026
/rows/131/memory_scope	string	owned launcher tree; Docker daemon/container RSS excluded
/rows/131/mode	string	filesystem
/rows/131/peak_tree_rss_kib	integer	136228
/rows/131/prepare_ms	float	38.24947
/rows/131/ready_ms	float	39.71691
/rows/131/result	object	-
/rows/131/result/correctness	string	passed
/rows/131/result/filesystem	object	-
/rows/131/result/filesystem/cargo	object	-
/rows/131/result/filesystem/cargo/check	object	-
/rows/131/result/filesystem/cargo/check/modules	integer	64
/rows/131/result/filesystem/cargo/check/result	string	2016
/rows/131/result/filesystem/cargo/python	string	3.14.7
/rows/131/result/filesystem/cargo/worker_ms	float	51.807423
/rows/131/result/filesystem/cargo/workload	string	cargo
/rows/131/result/filesystem/git	object	-
/rows/131/result/filesystem/git/check	object	-
/rows/131/result/filesystem/git/check/git_clean	boolean	true
/rows/131/result/filesystem/git/python	string	3.14.7
/rows/131/result/filesystem/git/worker_ms	float	14.653537
/rows/131/result/filesystem/git/workload	string	git
/rows/131/result/filesystem/metadata	object	-
/rows/131/result/filesystem/metadata/check	object	-
/rows/131/result/filesystem/metadata/check/bytes	integer	2095104
/rows/131/result/filesystem/metadata/check/files	integer	2048
/rows/131/result/filesystem/metadata/python	string	3.14.7
/rows/131/result/filesystem/metadata/worker_ms	float	5.28893
/rows/131/result/filesystem/metadata/workload	string	metadata
/rows/131/result/filesystem/npm	object	-
/rows/131/result/filesystem/npm/check	object	-
/rows/131/result/filesystem/npm/check/local_packages	integer	32
/rows/131/result/filesystem/npm/python	string	3.14.7
/rows/131/result/filesystem/npm/worker_ms	float	173.193714
/rows/131/result/filesystem/npm/workload	string	npm
/rows/131/result/filesystem/read	object	-
/rows/131/result/filesystem/read/check	object	-
/rows/131/result/filesystem/read/check/bytes	integer	67108864
/rows/131/result/filesystem/read/check/sha256	string	42ef3a50fe506ced865473b082c8b28f6ce254e6e2b01266b6a563531a6267bc
/rows/131/result/filesystem/read/python	string	3.14.7
/rows/131/result/filesystem/read/worker_ms	float	32.498439
/rows/131/result/filesystem/read/workload	string	read
/rows/131/result/filesystem/rg	object	-
/rows/131/result/filesystem/rg/check	object	-
/rows/131/result/filesystem/rg/check/matches	integer	2048
/rows/131/result/filesystem/rg/python	string	3.14.7
/rows/131/result/filesystem/rg/worker_ms	float	6.968785
/rows/131/result/filesystem/rg/workload	string	rg
/rows/131/result/filesystem/write	object	-
/rows/131/result/filesystem/write/check	object	-
/rows/131/result/filesystem/write/check/bytes	integer	16777216
/rows/131/result/filesystem/write/check/files	integer	256
/rows/131/result/filesystem/write/python	string	3.14.7
/rows/131/result/filesystem/write/worker_ms	float	4.091636
/rows/131/result/filesystem/write/workload	string	write
/rows/131/result/mode	string	filesystem
/rows/131/result/worker_ms	float	402.855607
/rows/131/result_ms	float	442.614656
/rows/131/trial	integer	26
/rows/131/variant	string	native
/rows/132	object	-
/rows/132/backend	string	pvisor-staged
/rows/132/completion_ms	float	1283.056024
/rows/132/correctness	string	passed
/rows/132/logs	string	/home/reiase/workspace/pvisor/target/p1-filesystem-historical-full-20261005/candidate/trials/filesystem-pvisor-staged-026
/rows/132/memory_scope	string	owned launcher tree; Docker daemon/container RSS excluded
/rows/132/mode	string	filesystem
/rows/132/peak_tree_rss_kib	integer	186432
/rows/132/prepare_ms	float	36.857904
/rows/132/ready_ms	float	61.568539
/rows/132/result	object	-
/rows/132/result/correctness	string	passed
/rows/132/result/filesystem	object	-
/rows/132/result/filesystem/cargo	object	-
/rows/132/result/filesystem/cargo/check	object	-
/rows/132/result/filesystem/cargo/check/modules	integer	64
/rows/132/result/filesystem/cargo/check/result	string	2016
/rows/132/result/filesystem/cargo/python	string	3.14.7
/rows/132/result/filesystem/cargo/worker_ms	float	110.380391
/rows/132/result/filesystem/cargo/workload	string	cargo
/rows/132/result/filesystem/git	object	-
/rows/132/result/filesystem/git/check	object	-
/rows/132/result/filesystem/git/check/git_clean	boolean	true
/rows/132/result/filesystem/git/python	string	3.14.7
/rows/132/result/filesystem/git/worker_ms	float	172.50571
/rows/132/result/filesystem/git/workload	string	git
/rows/132/result/filesystem/metadata	object	-
/rows/132/result/filesystem/metadata/check	object	-
/rows/132/result/filesystem/metadata/check/bytes	integer	2095104
/rows/132/result/filesystem/metadata/check/files	integer	2048
/rows/132/result/filesystem/metadata/python	string	3.14.7
/rows/132/result/filesystem/metadata/worker_ms	float	76.686723
/rows/132/result/filesystem/metadata/workload	string	metadata
/rows/132/result/filesystem/npm	object	-
/rows/132/result/filesystem/npm/check	object	-
/rows/132/result/filesystem/npm/check/local_packages	integer	32
/rows/132/result/filesystem/npm/python	string	3.14.7
/rows/132/result/filesystem/npm/worker_ms	float	259.675305
/rows/132/result/filesystem/npm/workload	string	npm
/rows/132/result/filesystem/read	object	-
/rows/132/result/filesystem/read/check	object	-
/rows/132/result/filesystem/read/check/bytes	integer	67108864
/rows/132/result/filesystem/read/check/sha256	string	42ef3a50fe506ced865473b082c8b28f6ce254e6e2b01266b6a563531a6267bc
/rows/132/result/filesystem/read/python	string	3.14.7
/rows/132/result/filesystem/read/worker_ms	float	68.075703
/rows/132/result/filesystem/read/workload	string	read
/rows/132/result/filesystem/rg	object	-
/rows/132/result/filesystem/rg/check	object	-
/rows/132/result/filesystem/rg/check/matches	integer	2048
/rows/132/result/filesystem/rg/python	string	3.14.7
/rows/132/result/filesystem/rg/worker_ms	float	87.523716
/rows/132/result/filesystem/rg/workload	string	rg
/rows/132/result/filesystem/write	object	-
/rows/132/result/filesystem/write/check	object	-
/rows/132/result/filesystem/write/check/bytes	integer	16777216
/rows/132/result/filesystem/write/check/files	integer	256
/rows/132/result/filesystem/write/python	string	3.14.7
/rows/132/result/filesystem/write/worker_ms	float	195.093924
/rows/132/result/filesystem/write/workload	string	write
/rows/132/result/mode	string	filesystem
/rows/132/result/worker_ms	float	1093.372838
/rows/132/result_ms	float	1154.997481
/rows/132/trial	integer	26
/rows/132/variant	string	candidate
/rows/133	object	-
/rows/133/backend	string	pvisor-vm
/rows/133/completion_ms	float	4675.050602
/rows/133/correctness	string	passed
/rows/133/logs	string	/home/reiase/workspace/pvisor/target/p1-filesystem-historical-full-20261005/baseline/trials/filesystem-pvisor-vm-026
/rows/133/memory_scope	string	owned launcher tree; Docker daemon/container RSS excluded
/rows/133/mode	string	filesystem
/rows/133/peak_tree_rss_kib	integer	830724
/rows/133/prepare_ms	float	38.455425
/rows/133/ready_ms	float	559.969964
/rows/133/result	object	-
/rows/133/result/correctness	string	passed
/rows/133/result/filesystem	object	-
/rows/133/result/filesystem/cargo	object	-
/rows/133/result/filesystem/cargo/check	object	-
/rows/133/result/filesystem/cargo/check/modules	integer	64
/rows/133/result/filesystem/cargo/check/result	string	2016
/rows/133/result/filesystem/cargo/python	string	3.14.7
/rows/133/result/filesystem/cargo/worker_ms	float	543.964623
/rows/133/result/filesystem/cargo/workload	string	cargo
/rows/133/result/filesystem/git	object	-
/rows/133/result/filesystem/git/check	object	-
/rows/133/result/filesystem/git/check/git_clean	boolean	true
/rows/133/result/filesystem/git/python	string	3.14.7
/rows/133/result/filesystem/git/worker_ms	float	378.200488
/rows/133/result/filesystem/git/workload	string	git
/rows/133/result/filesystem/metadata	object	-
/rows/133/result/filesystem/metadata/check	object	-
/rows/133/result/filesystem/metadata/check/bytes	integer	2095104
/rows/133/result/filesystem/metadata/check/files	integer	2048
/rows/133/result/filesystem/metadata/python	string	3.14.7
/rows/133/result/filesystem/metadata/worker_ms	float	222.340915
/rows/133/result/filesystem/metadata/workload	string	metadata
/rows/133/result/filesystem/npm	object	-
/rows/133/result/filesystem/npm/check	object	-
/rows/133/result/filesystem/npm/check/local_packages	integer	32
/rows/133/result/filesystem/npm/python	string	3.14.7
/rows/133/result/filesystem/npm/worker_ms	float	1572.034387
/rows/133/result/filesystem/npm/workload	string	npm
/rows/133/result/filesystem/read	object	-
/rows/133/result/filesystem/read/check	object	-
/rows/133/result/filesystem/read/check/bytes	integer	67108864
/rows/133/result/filesystem/read/check/sha256	string	42ef3a50fe506ced865473b082c8b28f6ce254e6e2b01266b6a563531a6267bc
/rows/133/result/filesystem/read/python	string	3.14.7
/rows/133/result/filesystem/read/worker_ms	float	117.283156
/rows/133/result/filesystem/read/workload	string	read
/rows/133/result/filesystem/rg	object	-
/rows/133/result/filesystem/rg/check	object	-
/rows/133/result/filesystem/rg/check/matches	integer	2048
/rows/133/result/filesystem/rg/python	string	3.14.7
/rows/133/result/filesystem/rg/worker_ms	float	466.937025
/rows/133/result/filesystem/rg/workload	string	rg
/rows/133/result/filesystem/write	object	-
/rows/133/result/filesystem/write/check	object	-
/rows/133/result/filesystem/write/check/bytes	integer	16777216
/rows/133/result/filesystem/write/check/files	integer	256
/rows/133/result/filesystem/write/python	string	3.14.7
/rows/133/result/filesystem/write/worker_ms	float	209.989713
/rows/133/result/filesystem/write/workload	string	write
/rows/133/result/mode	string	filesystem
/rows/133/result/worker_ms	float	3983.428054
/rows/133/result_ms	float	4544.192084
/rows/133/trial	integer	26
/rows/133/variant	string	baseline
/rows/134	object	-
/rows/134/backend	string	pvisor-staged
/rows/134/completion_ms	float	1225.270345
/rows/134/correctness	string	passed
/rows/134/logs	string	/home/reiase/workspace/pvisor/target/p1-filesystem-historical-full-20261005/baseline/trials/filesystem-pvisor-staged-026
/rows/134/memory_scope	string	owned launcher tree; Docker daemon/container RSS excluded
/rows/134/mode	string	filesystem
/rows/134/peak_tree_rss_kib	integer	165192
/rows/134/prepare_ms	float	37.778492
/rows/134/ready_ms	float	49.246174
/rows/134/result	object	-
/rows/134/result/correctness	string	passed
/rows/134/result/filesystem	object	-
/rows/134/result/filesystem/cargo	object	-
/rows/134/result/filesystem/cargo/check	object	-
/rows/134/result/filesystem/cargo/check/modules	integer	64
/rows/134/result/filesystem/cargo/check/result	string	2016
/rows/134/result/filesystem/cargo/python	string	3.14.7
/rows/134/result/filesystem/cargo/worker_ms	float	112.265199
/rows/134/result/filesystem/cargo/workload	string	cargo
/rows/134/result/filesystem/git	object	-
/rows/134/result/filesystem/git/check	object	-
/rows/134/result/filesystem/git/check/git_clean	boolean	true
/rows/134/result/filesystem/git/python	string	3.14.7
/rows/134/result/filesystem/git/worker_ms	float	166.714502
/rows/134/result/filesystem/git/workload	string	git
/rows/134/result/filesystem/metadata	object	-
/rows/134/result/filesystem/metadata/check	object	-
/rows/134/result/filesystem/metadata/check/bytes	integer	2095104
/rows/134/result/filesystem/metadata/check/files	integer	2048
/rows/134/result/filesystem/metadata/python	string	3.14.7
/rows/134/result/filesystem/metadata/worker_ms	float	74.770707
/rows/134/result/filesystem/metadata/workload	string	metadata
/rows/134/result/filesystem/npm	object	-
/rows/134/result/filesystem/npm/check	object	-
/rows/134/result/filesystem/npm/check/local_packages	integer	32
/rows/134/result/filesystem/npm/python	string	3.14.7
/rows/134/result/filesystem/npm/worker_ms	float	213.001894
/rows/134/result/filesystem/npm/workload	string	npm
/rows/134/result/filesystem/read	object	-
/rows/134/result/filesystem/read/check	object	-
/rows/134/result/filesystem/read/check/bytes	integer	67108864
/rows/134/result/filesystem/read/check/sha256	string	42ef3a50fe506ced865473b082c8b28f6ce254e6e2b01266b6a563531a6267bc
/rows/134/result/filesystem/read/python	string	3.14.7
/rows/134/result/filesystem/read/worker_ms	float	66.818396
/rows/134/result/filesystem/read/workload	string	read
/rows/134/result/filesystem/rg	object	-
/rows/134/result/filesystem/rg/check	object	-
/rows/134/result/filesystem/rg/check/matches	integer	2048
/rows/134/result/filesystem/rg/python	string	3.14.7
/rows/134/result/filesystem/rg/worker_ms	float	89.360985
/rows/134/result/filesystem/rg/workload	string	rg
/rows/134/result/filesystem/write	object	-
/rows/134/result/filesystem/write/check	object	-
/rows/134/result/filesystem/write/check/bytes	integer	16777216
/rows/134/result/filesystem/write/check/files	integer	256
/rows/134/result/filesystem/write/python	string	3.14.7
/rows/134/result/filesystem/write/worker_ms	float	204.263776
/rows/134/result/filesystem/write/workload	string	write
/rows/134/result/mode	string	filesystem
/rows/134/result/worker_ms	float	1052.886112
/rows/134/result_ms	float	1102.183531
/rows/134/trial	integer	26
/rows/134/variant	string	baseline
/rows/135	object	-
/rows/135/backend	string	pvisor-staged
/rows/135/completion_ms	float	6939.593393
/rows/135/correctness	string	passed
/rows/135/logs	string	/home/reiase/workspace/pvisor/target/p1-filesystem-historical-full-20261005/candidate/trials/filesystem-pvisor-staged-027
/rows/135/memory_scope	string	owned launcher tree; Docker daemon/container RSS excluded
/rows/135/mode	string	filesystem
/rows/135/peak_tree_rss_kib	integer	173692
/rows/135/prepare_ms	float	37.655613
/rows/135/ready_ms	float	60.644374
/rows/135/result	object	-
/rows/135/result/correctness	string	passed
/rows/135/result/filesystem	object	-
/rows/135/result/filesystem/cargo	object	-
/rows/135/result/filesystem/cargo/check	object	-
/rows/135/result/filesystem/cargo/check/modules	integer	64
/rows/135/result/filesystem/cargo/check/result	string	2016
/rows/135/result/filesystem/cargo/python	string	3.14.7
/rows/135/result/filesystem/cargo/worker_ms	float	111.173281
/rows/135/result/filesystem/cargo/workload	string	cargo
/rows/135/result/filesystem/git	object	-
/rows/135/result/filesystem/git/check	object	-
/rows/135/result/filesystem/git/check/git_clean	boolean	true
/rows/135/result/filesystem/git/python	string	3.14.7
/rows/135/result/filesystem/git/worker_ms	float	174.57453
/rows/135/result/filesystem/git/workload	string	git
/rows/135/result/filesystem/metadata	object	-
/rows/135/result/filesystem/metadata/check	object	-
/rows/135/result/filesystem/metadata/check/bytes	integer	2095104
/rows/135/result/filesystem/metadata/check/files	integer	2048
/rows/135/result/filesystem/metadata/python	string	3.14.7
/rows/135/result/filesystem/metadata/worker_ms	float	76.553574
/rows/135/result/filesystem/metadata/workload	string	metadata
/rows/135/result/filesystem/npm	object	-
/rows/135/result/filesystem/npm/check	object	-
/rows/135/result/filesystem/npm/check/local_packages	integer	32
/rows/135/result/filesystem/npm/python	string	3.14.7
/rows/135/result/filesystem/npm/worker_ms	float	264.985945
/rows/135/result/filesystem/npm/workload	string	npm
/rows/135/result/filesystem/read	object	-
/rows/135/result/filesystem/read/check	object	-
/rows/135/result/filesystem/read/check/bytes	integer	67108864
/rows/135/result/filesystem/read/check/sha256	string	42ef3a50fe506ced865473b082c8b28f6ce254e6e2b01266b6a563531a6267bc
/rows/135/result/filesystem/read/python	string	3.14.7
/rows/135/result/filesystem/read/worker_ms	float	67.514456
/rows/135/result/filesystem/read/workload	string	read
/rows/135/result/filesystem/rg	object	-
/rows/135/result/filesystem/rg/check	object	-
/rows/135/result/filesystem/rg/check/matches	integer	2048
/rows/135/result/filesystem/rg/python	string	3.14.7
/rows/135/result/filesystem/rg/worker_ms	float	90.212293
/rows/135/result/filesystem/rg/workload	string	rg
/rows/135/result/filesystem/write	object	-
/rows/135/result/filesystem/write/check	object	-
/rows/135/result/filesystem/write/check/bytes	integer	16777216
/rows/135/result/filesystem/write/check/files	integer	256
/rows/135/result/filesystem/write/python	string	3.14.7
/rows/135/result/filesystem/write/worker_ms	float	200.398413
/rows/135/result/filesystem/write/workload	string	write
/rows/135/result/mode	string	filesystem
/rows/135/result/worker_ms	float	1110.021898
/rows/135/result_ms	float	1170.730553
/rows/135/trial	integer	27
/rows/135/variant	string	candidate
/rows/136	object	-
/rows/136/backend	string	pvisor-staged
/rows/136/completion_ms	float	1226.533182
/rows/136/correctness	string	passed
/rows/136/logs	string	/home/reiase/workspace/pvisor/target/p1-filesystem-historical-full-20261005/baseline/trials/filesystem-pvisor-staged-027
/rows/136/memory_scope	string	owned launcher tree; Docker daemon/container RSS excluded
/rows/136/mode	string	filesystem
/rows/136/peak_tree_rss_kib	integer	164976
/rows/136/prepare_ms	float	37.071032
/rows/136/ready_ms	float	47.493062
/rows/136/result	object	-
/rows/136/result/correctness	string	passed
/rows/136/result/filesystem	object	-
/rows/136/result/filesystem/cargo	object	-
/rows/136/result/filesystem/cargo/check	object	-
/rows/136/result/filesystem/cargo/check/modules	integer	64
/rows/136/result/filesystem/cargo/check/result	string	2016
/rows/136/result/filesystem/cargo/python	string	3.14.7
/rows/136/result/filesystem/cargo/worker_ms	float	111.552709
/rows/136/result/filesystem/cargo/workload	string	cargo
/rows/136/result/filesystem/git	object	-
/rows/136/result/filesystem/git/check	object	-
/rows/136/result/filesystem/git/check/git_clean	boolean	true
/rows/136/result/filesystem/git/python	string	3.14.7
/rows/136/result/filesystem/git/worker_ms	float	166.639863
/rows/136/result/filesystem/git/workload	string	git
/rows/136/result/filesystem/metadata	object	-
/rows/136/result/filesystem/metadata/check	object	-
/rows/136/result/filesystem/metadata/check/bytes	integer	2095104
/rows/136/result/filesystem/metadata/check/files	integer	2048
/rows/136/result/filesystem/metadata/python	string	3.14.7
/rows/136/result/filesystem/metadata/worker_ms	float	83.985073
/rows/136/result/filesystem/metadata/workload	string	metadata
/rows/136/result/filesystem/npm	object	-
/rows/136/result/filesystem/npm/check	object	-
/rows/136/result/filesystem/npm/check/local_packages	integer	32
/rows/136/result/filesystem/npm/python	string	3.14.7
/rows/136/result/filesystem/npm/worker_ms	float	219.557347
/rows/136/result/filesystem/npm/workload	string	npm
/rows/136/result/filesystem/read	object	-
/rows/136/result/filesystem/read/check	object	-
/rows/136/result/filesystem/read/check/bytes	integer	67108864
/rows/136/result/filesystem/read/check/sha256	string	42ef3a50fe506ced865473b082c8b28f6ce254e6e2b01266b6a563531a6267bc
/rows/136/result/filesystem/read/python	string	3.14.7
/rows/136/result/filesystem/read/worker_ms	float	67.638316
/rows/136/result/filesystem/read/workload	string	read
/rows/136/result/filesystem/rg	object	-
/rows/136/result/filesystem/rg/check	object	-
/rows/136/result/filesystem/rg/check/matches	integer	2048
/rows/136/result/filesystem/rg/python	string	3.14.7
/rows/136/result/filesystem/rg/worker_ms	float	86.967699
/rows/136/result/filesystem/rg/workload	string	rg
/rows/136/result/filesystem/write	object	-
/rows/136/result/filesystem/write/check	object	-
/rows/136/result/filesystem/write/check/bytes	integer	16777216
/rows/136/result/filesystem/write/check/files	integer	256
/rows/136/result/filesystem/write/python	string	3.14.7
/rows/136/result/filesystem/write/worker_ms	float	192.595371
/rows/136/result/filesystem/write/workload	string	write
/rows/136/result/mode	string	filesystem
/rows/136/result/worker_ms	float	1056.763067
/rows/136/result_ms	float	1104.283941
/rows/136/trial	integer	27
/rows/136/variant	string	baseline
/rows/137	object	-
/rows/137/backend	string	pvisor-vm
/rows/137/completion_ms	float	5081.150534
/rows/137/correctness	string	passed
/rows/137/logs	string	/home/reiase/workspace/pvisor/target/p1-filesystem-historical-full-20261005/candidate/trials/filesystem-pvisor-vm-027
/rows/137/memory_scope	string	owned launcher tree; Docker daemon/container RSS excluded
/rows/137/mode	string	filesystem
/rows/137/peak_tree_rss_kib	integer	832804
/rows/137/prepare_ms	float	36.932583
/rows/137/ready_ms	float	559.444734
/rows/137/result	object	-
/rows/137/result/correctness	string	passed
/rows/137/result/filesystem	object	-
/rows/137/result/filesystem/cargo	object	-
/rows/137/result/filesystem/cargo/check	object	-
/rows/137/result/filesystem/cargo/check/modules	integer	64
/rows/137/result/filesystem/cargo/check/result	string	2016
/rows/137/result/filesystem/cargo/python	string	3.14.7
/rows/137/result/filesystem/cargo/worker_ms	float	572.602532
/rows/137/result/filesystem/cargo/workload	string	cargo
/rows/137/result/filesystem/git	object	-
/rows/137/result/filesystem/git/check	object	-
/rows/137/result/filesystem/git/check/git_clean	boolean	true
/rows/137/result/filesystem/git/python	string	3.14.7
/rows/137/result/filesystem/git/worker_ms	float	719.356605
/rows/137/result/filesystem/git/workload	string	git
/rows/137/result/filesystem/metadata	object	-
/rows/137/result/filesystem/metadata/check	object	-
/rows/137/result/filesystem/metadata/check/bytes	integer	2095104
/rows/137/result/filesystem/metadata/check/files	integer	2048
/rows/137/result/filesystem/metadata/python	string	3.14.7
/rows/137/result/filesystem/metadata/worker_ms	float	229.186895
/rows/137/result/filesystem/metadata/workload	string	metadata
/rows/137/result/filesystem/npm	object	-
/rows/137/result/filesystem/npm/check	object	-
/rows/137/result/filesystem/npm/check/local_packages	integer	32
/rows/137/result/filesystem/npm/python	string	3.14.7
/rows/137/result/filesystem/npm/worker_ms	float	1606.533603
/rows/137/result/filesystem/npm/workload	string	npm
/rows/137/result/filesystem/read	object	-
/rows/137/result/filesystem/read/check	object	-
/rows/137/result/filesystem/read/check/bytes	integer	67108864
/rows/137/result/filesystem/read/check/sha256	string	42ef3a50fe506ced865473b082c8b28f6ce254e6e2b01266b6a563531a6267bc
/rows/137/result/filesystem/read/python	string	3.14.7
/rows/137/result/filesystem/read/worker_ms	float	117.350762
/rows/137/result/filesystem/read/workload	string	read
/rows/137/result/filesystem/rg	object	-
/rows/137/result/filesystem/rg/check	object	-
/rows/137/result/filesystem/rg/check/matches	integer	2048
/rows/137/result/filesystem/rg/python	string	3.14.7
/rows/137/result/filesystem/rg/worker_ms	float	433.852586
/rows/137/result/filesystem/rg/workload	string	rg
/rows/137/result/filesystem/write	object	-
/rows/137/result/filesystem/write/check	object	-
/rows/137/result/filesystem/write/check/bytes	integer	16777216
/rows/137/result/filesystem/write/check/files	integer	256
/rows/137/result/filesystem/write/python	string	3.14.7
/rows/137/result/filesystem/write/worker_ms	float	242.438313
/rows/137/result/filesystem/write/workload	string	write
/rows/137/result/mode	string	filesystem
/rows/137/result/worker_ms	float	4394.532764
/rows/137/result_ms	float	4954.89144
/rows/137/trial	integer	27
/rows/137/variant	string	candidate
/rows/138	object	-
/rows/138/backend	string	pvisor-vm
/rows/138/completion_ms	float	4716.178013
/rows/138/correctness	string	passed
/rows/138/logs	string	/home/reiase/workspace/pvisor/target/p1-filesystem-historical-full-20261005/baseline/trials/filesystem-pvisor-vm-027
/rows/138/memory_scope	string	owned launcher tree; Docker daemon/container RSS excluded
/rows/138/mode	string	filesystem
/rows/138/peak_tree_rss_kib	integer	830624
/rows/138/prepare_ms	float	37.329604
/rows/138/ready_ms	float	565.135694
/rows/138/result	object	-
/rows/138/result/correctness	string	passed
/rows/138/result/filesystem	object	-
/rows/138/result/filesystem/cargo	object	-
/rows/138/result/filesystem/cargo/check	object	-
/rows/138/result/filesystem/cargo/check/modules	integer	64
/rows/138/result/filesystem/cargo/check/result	string	2016
/rows/138/result/filesystem/cargo/python	string	3.14.7
/rows/138/result/filesystem/cargo/worker_ms	float	557.143805
/rows/138/result/filesystem/cargo/workload	string	cargo
/rows/138/result/filesystem/git	object	-
/rows/138/result/filesystem/git/check	object	-
/rows/138/result/filesystem/git/check/git_clean	boolean	true
/rows/138/result/filesystem/git/python	string	3.14.7
/rows/138/result/filesystem/git/worker_ms	float	438.056953
/rows/138/result/filesystem/git/workload	string	git
/rows/138/result/filesystem/metadata	object	-
/rows/138/result/filesystem/metadata/check	object	-
/rows/138/result/filesystem/metadata/check/bytes	integer	2095104
/rows/138/result/filesystem/metadata/check/files	integer	2048
/rows/138/result/filesystem/metadata/python	string	3.14.7
/rows/138/result/filesystem/metadata/worker_ms	float	227.698601
/rows/138/result/filesystem/metadata/workload	string	metadata
/rows/138/result/filesystem/npm	object	-
/rows/138/result/filesystem/npm/check	object	-
/rows/138/result/filesystem/npm/check/local_packages	integer	32
/rows/138/result/filesystem/npm/python	string	3.14.7
/rows/138/result/filesystem/npm/worker_ms	float	1576.228145
/rows/138/result/filesystem/npm/workload	string	npm
/rows/138/result/filesystem/read	object	-
/rows/138/result/filesystem/read/check	object	-
/rows/138/result/filesystem/read/check/bytes	integer	67108864
/rows/138/result/filesystem/read/check/sha256	string	42ef3a50fe506ced865473b082c8b28f6ce254e6e2b01266b6a563531a6267bc
/rows/138/result/filesystem/read/python	string	3.14.7
/rows/138/result/filesystem/read/worker_ms	float	115.15877
/rows/138/result/filesystem/read/workload	string	read
/rows/138/result/filesystem/rg	object	-
/rows/138/result/filesystem/rg/check	object	-
/rows/138/result/filesystem/rg/check/matches	integer	2048
/rows/138/result/filesystem/rg/python	string	3.14.7
/rows/138/result/filesystem/rg/worker_ms	float	463.993067
/rows/138/result/filesystem/rg/workload	string	rg
/rows/138/result/filesystem/write	object	-
/rows/138/result/filesystem/write/check	object	-
/rows/138/result/filesystem/write/check/bytes	integer	16777216
/rows/138/result/filesystem/write/check/files	integer	256
/rows/138/result/filesystem/write/python	string	3.14.7
/rows/138/result/filesystem/write/worker_ms	float	195.747081
/rows/138/result/filesystem/write/workload	string	write
/rows/138/result/mode	string	filesystem
/rows/138/result/worker_ms	float	4032.658607
/rows/138/result_ms	float	4598.502808
/rows/138/trial	integer	27
/rows/138/variant	string	baseline
/rows/139	object	-
/rows/139/backend	string	native
/rows/139/completion_ms	float	456.953906
/rows/139/correctness	string	passed
/rows/139/logs	string	/home/reiase/workspace/pvisor/target/p1-filesystem-historical-full-20261005/native/trials/filesystem-native-027
/rows/139/memory_scope	string	owned launcher tree; Docker daemon/container RSS excluded
/rows/139/mode	string	filesystem
/rows/139/peak_tree_rss_kib	integer	136824
/rows/139/prepare_ms	float	36.096052
/rows/139/ready_ms	float	40.190323
/rows/139/result	object	-
/rows/139/result/correctness	string	passed
/rows/139/result/filesystem	object	-
/rows/139/result/filesystem/cargo	object	-
/rows/139/result/filesystem/cargo/check	object	-
/rows/139/result/filesystem/cargo/check/modules	integer	64
/rows/139/result/filesystem/cargo/check/result	string	2016
/rows/139/result/filesystem/cargo/python	string	3.14.7
/rows/139/result/filesystem/cargo/worker_ms	float	53.68104
/rows/139/result/filesystem/cargo/workload	string	cargo
/rows/139/result/filesystem/git	object	-
/rows/139/result/filesystem/git/check	object	-
/rows/139/result/filesystem/git/check/git_clean	boolean	true
/rows/139/result/filesystem/git/python	string	3.14.7
/rows/139/result/filesystem/git/worker_ms	float	14.816952
/rows/139/result/filesystem/git/workload	string	git
/rows/139/result/filesystem/metadata	object	-
/rows/139/result/filesystem/metadata/check	object	-
/rows/139/result/filesystem/metadata/check/bytes	integer	2095104
/rows/139/result/filesystem/metadata/check/files	integer	2048
/rows/139/result/filesystem/metadata/python	string	3.14.7
/rows/139/result/filesystem/metadata/worker_ms	float	4.710862
/rows/139/result/filesystem/metadata/workload	string	metadata
/rows/139/result/filesystem/npm	object	-
/rows/139/result/filesystem/npm/check	object	-
/rows/139/result/filesystem/npm/check/local_packages	integer	32
/rows/139/result/filesystem/npm/python	string	3.14.7
/rows/139/result/filesystem/npm/worker_ms	float	173.275476
/rows/139/result/filesystem/npm/workload	string	npm
/rows/139/result/filesystem/read	object	-
/rows/139/result/filesystem/read/check	object	-
/rows/139/result/filesystem/read/check/bytes	integer	67108864
/rows/139/result/filesystem/read/check/sha256	string	42ef3a50fe506ced865473b082c8b28f6ce254e6e2b01266b6a563531a6267bc
/rows/139/result/filesystem/read/python	string	3.14.7
/rows/139/result/filesystem/read/worker_ms	float	31.455522
/rows/139/result/filesystem/read/workload	string	read
/rows/139/result/filesystem/rg	object	-
/rows/139/result/filesystem/rg/check	object	-
/rows/139/result/filesystem/rg/check/matches	integer	2048
/rows/139/result/filesystem/rg/python	string	3.14.7
/rows/139/result/filesystem/rg/worker_ms	float	7.525414
/rows/139/result/filesystem/rg/workload	string	rg
/rows/139/result/filesystem/write	object	-
/rows/139/result/filesystem/write/check	object	-
/rows/139/result/filesystem/write/check/bytes	integer	16777216
/rows/139/result/filesystem/write/check/files	integer	256
/rows/139/result/filesystem/write/python	string	3.14.7
/rows/139/result/filesystem/write/worker_ms	float	4.080586
/rows/139/result/filesystem/write/workload	string	write
/rows/139/result/mode	string	filesystem
/rows/139/result/worker_ms	float	408.614605
/rows/139/result_ms	float	448.870891
/rows/139/trial	integer	27
/rows/139/variant	string	native
/rows/140	object	-
/rows/140/backend	string	pvisor-vm
/rows/140/completion_ms	float	4698.173013
/rows/140/correctness	string	passed
/rows/140/logs	string	/home/reiase/workspace/pvisor/target/p1-filesystem-historical-full-20261005/candidate/trials/filesystem-pvisor-vm-028
/rows/140/memory_scope	string	owned launcher tree; Docker daemon/container RSS excluded
/rows/140/mode	string	filesystem
/rows/140/peak_tree_rss_kib	integer	831208
/rows/140/prepare_ms	float	36.854027
/rows/140/ready_ms	float	558.890519
/rows/140/result	object	-
/rows/140/result/correctness	string	passed
/rows/140/result/filesystem	object	-
/rows/140/result/filesystem/cargo	object	-
/rows/140/result/filesystem/cargo/check	object	-
/rows/140/result/filesystem/cargo/check/modules	integer	64
/rows/140/result/filesystem/cargo/check/result	string	2016
/rows/140/result/filesystem/cargo/python	string	3.14.7
/rows/140/result/filesystem/cargo/worker_ms	float	581.496475
/rows/140/result/filesystem/cargo/workload	string	cargo
/rows/140/result/filesystem/git	object	-
/rows/140/result/filesystem/git/check	object	-
/rows/140/result/filesystem/git/check/git_clean	boolean	true
/rows/140/result/filesystem/git/python	string	3.14.7
/rows/140/result/filesystem/git/worker_ms	float	384.962691
/rows/140/result/filesystem/git/workload	string	git
/rows/140/result/filesystem/metadata	object	-
/rows/140/result/filesystem/metadata/check	object	-
/rows/140/result/filesystem/metadata/check/bytes	integer	2095104
/rows/140/result/filesystem/metadata/check/files	integer	2048
/rows/140/result/filesystem/metadata/python	string	3.14.7
/rows/140/result/filesystem/metadata/worker_ms	float	196.772641
/rows/140/result/filesystem/metadata/workload	string	metadata
/rows/140/result/filesystem/npm	object	-
/rows/140/result/filesystem/npm/check	object	-
/rows/140/result/filesystem/npm/check/local_packages	integer	32
/rows/140/result/filesystem/npm/python	string	3.14.7
/rows/140/result/filesystem/npm/worker_ms	float	1530.973212
/rows/140/result/filesystem/npm/workload	string	npm
/rows/140/result/filesystem/read	object	-
/rows/140/result/filesystem/read/check	object	-
/rows/140/result/filesystem/read/check/bytes	integer	67108864
/rows/140/result/filesystem/read/check/sha256	string	42ef3a50fe506ced865473b082c8b28f6ce254e6e2b01266b6a563531a6267bc
/rows/140/result/filesystem/read/python	string	3.14.7
/rows/140/result/filesystem/read/worker_ms	float	113.664264
/rows/140/result/filesystem/read/workload	string	read
/rows/140/result/filesystem/rg	object	-
/rows/140/result/filesystem/rg/check	object	-
/rows/140/result/filesystem/rg/check/matches	integer	2048
/rows/140/result/filesystem/rg/python	string	3.14.7
/rows/140/result/filesystem/rg/worker_ms	float	459.667842
/rows/140/result/filesystem/rg/workload	string	rg
/rows/140/result/filesystem/write	object	-
/rows/140/result/filesystem/write/check	object	-
/rows/140/result/filesystem/write/check/bytes	integer	16777216
/rows/140/result/filesystem/write/check/files	integer	256
/rows/140/result/filesystem/write/python	string	3.14.7
/rows/140/result/filesystem/write/worker_ms	float	237.144536
/rows/140/result/filesystem/write/workload	string	write
/rows/140/result/mode	string	filesystem
/rows/140/result/worker_ms	float	4008.336945
/rows/140/result_ms	float	4567.995606
/rows/140/trial	integer	28
/rows/140/variant	string	candidate
/rows/141	object	-
/rows/141/backend	string	pvisor-staged
/rows/141/completion_ms	float	1231.550485
/rows/141/correctness	string	passed
/rows/141/logs	string	/home/reiase/workspace/pvisor/target/p1-filesystem-historical-full-20261005/baseline/trials/filesystem-pvisor-staged-028
/rows/141/memory_scope	string	owned launcher tree; Docker daemon/container RSS excluded
/rows/141/mode	string	filesystem
/rows/141/peak_tree_rss_kib	integer	164904
/rows/141/prepare_ms	float	36.925911
/rows/141/ready_ms	float	47.276518
/rows/141/result	object	-
/rows/141/result/correctness	string	passed
/rows/141/result/filesystem	object	-
/rows/141/result/filesystem/cargo	object	-
/rows/141/result/filesystem/cargo/check	object	-
/rows/141/result/filesystem/cargo/check/modules	integer	64
/rows/141/result/filesystem/cargo/check/result	string	2016
/rows/141/result/filesystem/cargo/python	string	3.14.7
/rows/141/result/filesystem/cargo/worker_ms	float	108.309597
/rows/141/result/filesystem/cargo/workload	string	cargo
/rows/141/result/filesystem/git	object	-
/rows/141/result/filesystem/git/check	object	-
/rows/141/result/filesystem/git/check/git_clean	boolean	true
/rows/141/result/filesystem/git/python	string	3.14.7
/rows/141/result/filesystem/git/worker_ms	float	169.925464
/rows/141/result/filesystem/git/workload	string	git
/rows/141/result/filesystem/metadata	object	-
/rows/141/result/filesystem/metadata/check	object	-
/rows/141/result/filesystem/metadata/check/bytes	integer	2095104
/rows/141/result/filesystem/metadata/check/files	integer	2048
/rows/141/result/filesystem/metadata/python	string	3.14.7
/rows/141/result/filesystem/metadata/worker_ms	float	75.974714
/rows/141/result/filesystem/metadata/workload	string	metadata
/rows/141/result/filesystem/npm	object	-
/rows/141/result/filesystem/npm/check	object	-
/rows/141/result/filesystem/npm/check/local_packages	integer	32
/rows/141/result/filesystem/npm/python	string	3.14.7
/rows/141/result/filesystem/npm/worker_ms	float	219.086238
/rows/141/result/filesystem/npm/workload	string	npm
/rows/141/result/filesystem/read	object	-
/rows/141/result/filesystem/read/check	object	-
/rows/141/result/filesystem/read/check/bytes	integer	67108864
/rows/141/result/filesystem/read/check/sha256	string	42ef3a50fe506ced865473b082c8b28f6ce254e6e2b01266b6a563531a6267bc
/rows/141/result/filesystem/read/python	string	3.14.7
/rows/141/result/filesystem/read/worker_ms	float	68.327723
/rows/141/result/filesystem/read/workload	string	read
/rows/141/result/filesystem/rg	object	-
/rows/141/result/filesystem/rg/check	object	-
/rows/141/result/filesystem/rg/check/matches	integer	2048
/rows/141/result/filesystem/rg/python	string	3.14.7
/rows/141/result/filesystem/rg/worker_ms	float	88.482145
/rows/141/result/filesystem/rg/workload	string	rg
/rows/141/result/filesystem/write	object	-
/rows/141/result/filesystem/write/check	object	-
/rows/141/result/filesystem/write/check/bytes	integer	16777216
/rows/141/result/filesystem/write/check/files	integer	256
/rows/141/result/filesystem/write/python	string	3.14.7
/rows/141/result/filesystem/write/worker_ms	float	200.281084
/rows/141/result/filesystem/write/workload	string	write
/rows/141/result/mode	string	filesystem
/rows/141/result/worker_ms	float	1055.456379
/rows/141/result_ms	float	1102.791586
/rows/141/trial	integer	28
/rows/141/variant	string	baseline
/rows/142	object	-
/rows/142/backend	string	native
/rows/142/completion_ms	float	451.640369
/rows/142/correctness	string	passed
/rows/142/logs	string	/home/reiase/workspace/pvisor/target/p1-filesystem-historical-full-20261005/native/trials/filesystem-native-028
/rows/142/memory_scope	string	owned launcher tree; Docker daemon/container RSS excluded
/rows/142/mode	string	filesystem
/rows/142/peak_tree_rss_kib	integer	136556
/rows/142/prepare_ms	float	36.978239
/rows/142/ready_ms	float	39.539608
/rows/142/result	object	-
/rows/142/result/correctness	string	passed
/rows/142/result/filesystem	object	-
/rows/142/result/filesystem/cargo	object	-
/rows/142/result/filesystem/cargo/check	object	-
/rows/142/result/filesystem/cargo/check/modules	integer	64
/rows/142/result/filesystem/cargo/check/result	string	2016
/rows/142/result/filesystem/cargo/python	string	3.14.7
/rows/142/result/filesystem/cargo/worker_ms	float	54.783677
/rows/142/result/filesystem/cargo/workload	string	cargo
/rows/142/result/filesystem/git	object	-
/rows/142/result/filesystem/git/check	object	-
/rows/142/result/filesystem/git/check/git_clean	boolean	true
/rows/142/result/filesystem/git/python	string	3.14.7
/rows/142/result/filesystem/git/worker_ms	float	14.42472
/rows/142/result/filesystem/git/workload	string	git
/rows/142/result/filesystem/metadata	object	-
/rows/142/result/filesystem/metadata/check	object	-
/rows/142/result/filesystem/metadata/check/bytes	integer	2095104
/rows/142/result/filesystem/metadata/check/files	integer	2048
/rows/142/result/filesystem/metadata/python	string	3.14.7
/rows/142/result/filesystem/metadata/worker_ms	float	4.698709
/rows/142/result/filesystem/metadata/workload	string	metadata
/rows/142/result/filesystem/npm	object	-
/rows/142/result/filesystem/npm/check	object	-
/rows/142/result/filesystem/npm/check/local_packages	integer	32
/rows/142/result/filesystem/npm/python	string	3.14.7
/rows/142/result/filesystem/npm/worker_ms	float	171.205494
/rows/142/result/filesystem/npm/workload	string	npm
/rows/142/result/filesystem/read	object	-
/rows/142/result/filesystem/read/check	object	-
/rows/142/result/filesystem/read/check/bytes	integer	67108864
/rows/142/result/filesystem/read/check/sha256	string	42ef3a50fe506ced865473b082c8b28f6ce254e6e2b01266b6a563531a6267bc
/rows/142/result/filesystem/read/python	string	3.14.7
/rows/142/result/filesystem/read/worker_ms	float	31.98446
/rows/142/result/filesystem/read/workload	string	read
/rows/142/result/filesystem/rg	object	-
/rows/142/result/filesystem/rg/check	object	-
/rows/142/result/filesystem/rg/check/matches	integer	2048
/rows/142/result/filesystem/rg/python	string	3.14.7
/rows/142/result/filesystem/rg/worker_ms	float	7.748671
/rows/142/result/filesystem/rg/workload	string	rg
/rows/142/result/filesystem/write	object	-
/rows/142/result/filesystem/write/check	object	-
/rows/142/result/filesystem/write/check/bytes	integer	16777216
/rows/142/result/filesystem/write/check/files	integer	256
/rows/142/result/filesystem/write/python	string	3.14.7
/rows/142/result/filesystem/write/worker_ms	float	3.581404
/rows/142/result/filesystem/write/workload	string	write
/rows/142/result/mode	string	filesystem
/rows/142/result/worker_ms	float	404.201189
/rows/142/result_ms	float	443.77449
/rows/142/trial	integer	28
/rows/142/variant	string	native
/rows/143	object	-
/rows/143/backend	string	pvisor-vm
/rows/143/completion_ms	float	4717.646915
/rows/143/correctness	string	passed
/rows/143/logs	string	/home/reiase/workspace/pvisor/target/p1-filesystem-historical-full-20261005/baseline/trials/filesystem-pvisor-vm-028
/rows/143/memory_scope	string	owned launcher tree; Docker daemon/container RSS excluded
/rows/143/mode	string	filesystem
/rows/143/peak_tree_rss_kib	integer	829848
/rows/143/prepare_ms	float	36.59855
/rows/143/ready_ms	float	559.21756
/rows/143/result	object	-
/rows/143/result/correctness	string	passed
/rows/143/result/filesystem	object	-
/rows/143/result/filesystem/cargo	object	-
/rows/143/result/filesystem/cargo/check	object	-
/rows/143/result/filesystem/cargo/check/modules	integer	64
/rows/143/result/filesystem/cargo/check/result	string	2016
/rows/143/result/filesystem/cargo/python	string	3.14.7
/rows/143/result/filesystem/cargo/worker_ms	float	516.110691
/rows/143/result/filesystem/cargo/workload	string	cargo
/rows/143/result/filesystem/git	object	-
/rows/143/result/filesystem/git/check	object	-
/rows/143/result/filesystem/git/check/git_clean	boolean	true
/rows/143/result/filesystem/git/python	string	3.14.7
/rows/143/result/filesystem/git/worker_ms	float	368.279953
/rows/143/result/filesystem/git/workload	string	git
/rows/143/result/filesystem/metadata	object	-
/rows/143/result/filesystem/metadata/check	object	-
/rows/143/result/filesystem/metadata/check/bytes	integer	2095104
/rows/143/result/filesystem/metadata/check/files	integer	2048
/rows/143/result/filesystem/metadata/python	string	3.14.7
/rows/143/result/filesystem/metadata/worker_ms	float	188.615306
/rows/143/result/filesystem/metadata/workload	string	metadata
/rows/143/result/filesystem/npm	object	-
/rows/143/result/filesystem/npm/check	object	-
/rows/143/result/filesystem/npm/check/local_packages	integer	32
/rows/143/result/filesystem/npm/python	string	3.14.7
/rows/143/result/filesystem/npm/worker_ms	float	1695.151099
/rows/143/result/filesystem/npm/workload	string	npm
/rows/143/result/filesystem/read	object	-
/rows/143/result/filesystem/read/check	object	-
/rows/143/result/filesystem/read/check/bytes	integer	67108864
/rows/143/result/filesystem/read/check/sha256	string	42ef3a50fe506ced865473b082c8b28f6ce254e6e2b01266b6a563531a6267bc
/rows/143/result/filesystem/read/python	string	3.14.7
/rows/143/result/filesystem/read/worker_ms	float	114.531067
/rows/143/result/filesystem/read/workload	string	read
/rows/143/result/filesystem/rg	object	-
/rows/143/result/filesystem/rg/check	object	-
/rows/143/result/filesystem/rg/check/matches	integer	2048
/rows/143/result/filesystem/rg/python	string	3.14.7
/rows/143/result/filesystem/rg/worker_ms	float	493.504509
/rows/143/result/filesystem/rg/workload	string	rg
/rows/143/result/filesystem/write	object	-
/rows/143/result/filesystem/write/check	object	-
/rows/143/result/filesystem/write/check/bytes	integer	16777216
/rows/143/result/filesystem/write/check/files	integer	256
/rows/143/result/filesystem/write/python	string	3.14.7
/rows/143/result/filesystem/write/worker_ms	float	194.901639
/rows/143/result/filesystem/write/workload	string	write
/rows/143/result/mode	string	filesystem
/rows/143/result/worker_ms	float	4038.365577
/rows/143/result_ms	float	4598.417189
/rows/143/trial	integer	28
/rows/143/variant	string	baseline
/rows/144	object	-
/rows/144/backend	string	pvisor-staged
/rows/144/completion_ms	float	6617.390099
/rows/144/correctness	string	passed
/rows/144/logs	string	/home/reiase/workspace/pvisor/target/p1-filesystem-historical-full-20261005/candidate/trials/filesystem-pvisor-staged-028
/rows/144/memory_scope	string	owned launcher tree; Docker daemon/container RSS excluded
/rows/144/mode	string	filesystem
/rows/144/peak_tree_rss_kib	integer	176676
/rows/144/prepare_ms	float	37.406858
/rows/144/ready_ms	float	61.998541
/rows/144/result	object	-
/rows/144/result/correctness	string	passed
/rows/144/result/filesystem	object	-
/rows/144/result/filesystem/cargo	object	-
/rows/144/result/filesystem/cargo/check	object	-
/rows/144/result/filesystem/cargo/check/modules	integer	64
/rows/144/result/filesystem/cargo/check/result	string	2016
/rows/144/result/filesystem/cargo/python	string	3.14.7
/rows/144/result/filesystem/cargo/worker_ms	float	109.100343
/rows/144/result/filesystem/cargo/workload	string	cargo
/rows/144/result/filesystem/git	object	-
/rows/144/result/filesystem/git/check	object	-
/rows/144/result/filesystem/git/check/git_clean	boolean	true
/rows/144/result/filesystem/git/python	string	3.14.7
/rows/144/result/filesystem/git/worker_ms	float	175.184659
/rows/144/result/filesystem/git/workload	string	git
/rows/144/result/filesystem/metadata	object	-
/rows/144/result/filesystem/metadata/check	object	-
/rows/144/result/filesystem/metadata/check/bytes	integer	2095104
/rows/144/result/filesystem/metadata/check/files	integer	2048
/rows/144/result/filesystem/metadata/python	string	3.14.7
/rows/144/result/filesystem/metadata/worker_ms	float	77.96616
/rows/144/result/filesystem/metadata/workload	string	metadata
/rows/144/result/filesystem/npm	object	-
/rows/144/result/filesystem/npm/check	object	-
/rows/144/result/filesystem/npm/check/local_packages	integer	32
/rows/144/result/filesystem/npm/python	string	3.14.7
/rows/144/result/filesystem/npm/worker_ms	float	265.100168
/rows/144/result/filesystem/npm/workload	string	npm
/rows/144/result/filesystem/read	object	-
/rows/144/result/filesystem/read/check	object	-
/rows/144/result/filesystem/read/check/bytes	integer	67108864
/rows/144/result/filesystem/read/check/sha256	string	42ef3a50fe506ced865473b082c8b28f6ce254e6e2b01266b6a563531a6267bc
/rows/144/result/filesystem/read/python	string	3.14.7
/rows/144/result/filesystem/read/worker_ms	float	68.262602
/rows/144/result/filesystem/read/workload	string	read
/rows/144/result/filesystem/rg	object	-
/rows/144/result/filesystem/rg/check	object	-
/rows/144/result/filesystem/rg/check/matches	integer	2048
/rows/144/result/filesystem/rg/python	string	3.14.7
/rows/144/result/filesystem/rg/worker_ms	float	88.365287
/rows/144/result/filesystem/rg/workload	string	rg
/rows/144/result/filesystem/write	object	-
/rows/144/result/filesystem/write/check	object	-
/rows/144/result/filesystem/write/check/bytes	integer	16777216
/rows/144/result/filesystem/write/check/files	integer	256
/rows/144/result/filesystem/write/python	string	3.14.7
/rows/144/result/filesystem/write/worker_ms	float	200.406738
/rows/144/result/filesystem/write/workload	string	write
/rows/144/result/mode	string	filesystem
/rows/144/result/worker_ms	float	1112.337019
/rows/144/result_ms	float	1174.389231
/rows/144/trial	integer	28
/rows/144/variant	string	candidate
/rows/145	object	-
/rows/145/backend	string	native
/rows/145/completion_ms	float	464.655228
/rows/145/correctness	string	passed
/rows/145/logs	string	/home/reiase/workspace/pvisor/target/p1-filesystem-historical-full-20261005/native/trials/filesystem-native-029
/rows/145/memory_scope	string	owned launcher tree; Docker daemon/container RSS excluded
/rows/145/mode	string	filesystem
/rows/145/peak_tree_rss_kib	integer	146920
/rows/145/prepare_ms	float	41.230224
/rows/145/ready_ms	float	43.502114
/rows/145/result	object	-
/rows/145/result/correctness	string	passed
/rows/145/result/filesystem	object	-
/rows/145/result/filesystem/cargo	object	-
/rows/145/result/filesystem/cargo/check	object	-
/rows/145/result/filesystem/cargo/check/modules	integer	64
/rows/145/result/filesystem/cargo/check/result	string	2016
/rows/145/result/filesystem/cargo/python	string	3.14.7
/rows/145/result/filesystem/cargo/worker_ms	float	52.443309
/rows/145/result/filesystem/cargo/workload	string	cargo
/rows/145/result/filesystem/git	object	-
/rows/145/result/filesystem/git/check	object	-
/rows/145/result/filesystem/git/check/git_clean	boolean	true
/rows/145/result/filesystem/git/python	string	3.14.7
/rows/145/result/filesystem/git/worker_ms	float	15.820944
/rows/145/result/filesystem/git/workload	string	git
/rows/145/result/filesystem/metadata	object	-
/rows/145/result/filesystem/metadata/check	object	-
/rows/145/result/filesystem/metadata/check/bytes	integer	2095104
/rows/145/result/filesystem/metadata/check/files	integer	2048
/rows/145/result/filesystem/metadata/python	string	3.14.7
/rows/145/result/filesystem/metadata/worker_ms	float	5.025208
/rows/145/result/filesystem/metadata/workload	string	metadata
/rows/145/result/filesystem/npm	object	-
/rows/145/result/filesystem/npm/check	object	-
/rows/145/result/filesystem/npm/check/local_packages	integer	32
/rows/145/result/filesystem/npm/python	string	3.14.7
/rows/145/result/filesystem/npm/worker_ms	float	178.010091
/rows/145/result/filesystem/npm/workload	string	npm
/rows/145/result/filesystem/read	object	-
/rows/145/result/filesystem/read/check	object	-
/rows/145/result/filesystem/read/check/bytes	integer	67108864
/rows/145/result/filesystem/read/check/sha256	string	42ef3a50fe506ced865473b082c8b28f6ce254e6e2b01266b6a563531a6267bc
/rows/145/result/filesystem/read/python	string	3.14.7
/rows/145/result/filesystem/read/worker_ms	float	31.690992
/rows/145/result/filesystem/read/workload	string	read
/rows/145/result/filesystem/rg	object	-
/rows/145/result/filesystem/rg/check	object	-
/rows/145/result/filesystem/rg/check/matches	integer	2048
/rows/145/result/filesystem/rg/python	string	3.14.7
/rows/145/result/filesystem/rg/worker_ms	float	6.878156
/rows/145/result/filesystem/rg/workload	string	rg
/rows/145/result/filesystem/write	object	-
/rows/145/result/filesystem/write/check	object	-
/rows/145/result/filesystem/write/check/bytes	integer	16777216
/rows/145/result/filesystem/write/check/files	integer	256
/rows/145/result/filesystem/write/python	string	3.14.7
/rows/145/result/filesystem/write/worker_ms	float	3.662586
/rows/145/result/filesystem/write/workload	string	write
/rows/145/result/mode	string	filesystem
/rows/145/result/worker_ms	float	413.004367
/rows/145/result_ms	float	456.579126
/rows/145/trial	integer	29
/rows/145/variant	string	native
/rows/146	object	-
/rows/146/backend	string	pvisor-staged
/rows/146/completion_ms	float	1255.439527
/rows/146/correctness	string	passed
/rows/146/logs	string	/home/reiase/workspace/pvisor/target/p1-filesystem-historical-full-20261005/baseline/trials/filesystem-pvisor-staged-029
/rows/146/memory_scope	string	owned launcher tree; Docker daemon/container RSS excluded
/rows/146/mode	string	filesystem
/rows/146/peak_tree_rss_kib	integer	164704
/rows/146/prepare_ms	float	37.348369
/rows/146/ready_ms	float	47.312755
/rows/146/result	object	-
/rows/146/result/correctness	string	passed
/rows/146/result/filesystem	object	-
/rows/146/result/filesystem/cargo	object	-
/rows/146/result/filesystem/cargo/check	object	-
/rows/146/result/filesystem/cargo/check/modules	integer	64
/rows/146/result/filesystem/cargo/check/result	string	2016
/rows/146/result/filesystem/cargo/python	string	3.14.7
/rows/146/result/filesystem/cargo/worker_ms	float	111.9768
/rows/146/result/filesystem/cargo/workload	string	cargo
/rows/146/result/filesystem/git	object	-
/rows/146/result/filesystem/git/check	object	-
/rows/146/result/filesystem/git/check/git_clean	boolean	true
/rows/146/result/filesystem/git/python	string	3.14.7
/rows/146/result/filesystem/git/worker_ms	float	172.925623
/rows/146/result/filesystem/git/workload	string	git
/rows/146/result/filesystem/metadata	object	-
/rows/146/result/filesystem/metadata/check	object	-
/rows/146/result/filesystem/metadata/check/bytes	integer	2095104
/rows/146/result/filesystem/metadata/check/files	integer	2048
/rows/146/result/filesystem/metadata/python	string	3.14.7
/rows/146/result/filesystem/metadata/worker_ms	float	81.102694
/rows/146/result/filesystem/metadata/workload	string	metadata
/rows/146/result/filesystem/npm	object	-
/rows/146/result/filesystem/npm/check	object	-
/rows/146/result/filesystem/npm/check/local_packages	integer	32
/rows/146/result/filesystem/npm/python	string	3.14.7
/rows/146/result/filesystem/npm/worker_ms	float	221.503599
/rows/146/result/filesystem/npm/workload	string	npm
/rows/146/result/filesystem/read	object	-
/rows/146/result/filesystem/read/check	object	-
/rows/146/result/filesystem/read/check/bytes	integer	67108864
/rows/146/result/filesystem/read/check/sha256	string	42ef3a50fe506ced865473b082c8b28f6ce254e6e2b01266b6a563531a6267bc
/rows/146/result/filesystem/read/python	string	3.14.7
/rows/146/result/filesystem/read/worker_ms	float	68.538416
/rows/146/result/filesystem/read/workload	string	read
/rows/146/result/filesystem/rg	object	-
/rows/146/result/filesystem/rg/check	object	-
/rows/146/result/filesystem/rg/check/matches	integer	2048
/rows/146/result/filesystem/rg/python	string	3.14.7
/rows/146/result/filesystem/rg/worker_ms	float	91.224422
/rows/146/result/filesystem/rg/workload	string	rg
/rows/146/result/filesystem/write	object	-
/rows/146/result/filesystem/write/check	object	-
/rows/146/result/filesystem/write/check/bytes	integer	16777216
/rows/146/result/filesystem/write/check/files	integer	256
/rows/146/result/filesystem/write/python	string	3.14.7
/rows/146/result/filesystem/write/worker_ms	float	203.084506
/rows/146/result/filesystem/write/workload	string	write
/rows/146/result/mode	string	filesystem
/rows/146/result/worker_ms	float	1080.780349
/rows/146/result_ms	float	1128.138859
/rows/146/trial	integer	29
/rows/146/variant	string	baseline
/rows/147	object	-
/rows/147/backend	string	pvisor-vm
/rows/147/completion_ms	float	4877.864632
/rows/147/correctness	string	passed
/rows/147/logs	string	/home/reiase/workspace/pvisor/target/p1-filesystem-historical-full-20261005/candidate/trials/filesystem-pvisor-vm-029
/rows/147/memory_scope	string	owned launcher tree; Docker daemon/container RSS excluded
/rows/147/mode	string	filesystem
/rows/147/peak_tree_rss_kib	integer	831724
/rows/147/prepare_ms	float	36.650818
/rows/147/ready_ms	float	566.883335
/rows/147/result	object	-
/rows/147/result/correctness	string	passed
/rows/147/result/filesystem	object	-
/rows/147/result/filesystem/cargo	object	-
/rows/147/result/filesystem/cargo/check	object	-
/rows/147/result/filesystem/cargo/check/modules	integer	64
/rows/147/result/filesystem/cargo/check/result	string	2016
/rows/147/result/filesystem/cargo/python	string	3.14.7
/rows/147/result/filesystem/cargo/worker_ms	float	799.728581
/rows/147/result/filesystem/cargo/workload	string	cargo
/rows/147/result/filesystem/git	object	-
/rows/147/result/filesystem/git/check	object	-
/rows/147/result/filesystem/git/check/git_clean	boolean	true
/rows/147/result/filesystem/git/python	string	3.14.7
/rows/147/result/filesystem/git/worker_ms	float	362.551814
/rows/147/result/filesystem/git/workload	string	git
/rows/147/result/filesystem/metadata	object	-
/rows/147/result/filesystem/metadata/check	object	-
/rows/147/result/filesystem/metadata/check/bytes	integer	2095104
/rows/147/result/filesystem/metadata/check/files	integer	2048
/rows/147/result/filesystem/metadata/python	string	3.14.7
/rows/147/result/filesystem/metadata/worker_ms	float	196.977183
/rows/147/result/filesystem/metadata/workload	string	metadata
/rows/147/result/filesystem/npm	object	-
/rows/147/result/filesystem/npm/check	object	-
/rows/147/result/filesystem/npm/check/local_packages	integer	32
/rows/147/result/filesystem/npm/python	string	3.14.7
/rows/147/result/filesystem/npm/worker_ms	float	1557.78359
/rows/147/result/filesystem/npm/workload	string	npm
/rows/147/result/filesystem/read	object	-
/rows/147/result/filesystem/read/check	object	-
/rows/147/result/filesystem/read/check/bytes	integer	67108864
/rows/147/result/filesystem/read/check/sha256	string	42ef3a50fe506ced865473b082c8b28f6ce254e6e2b01266b6a563531a6267bc
/rows/147/result/filesystem/read/python	string	3.14.7
/rows/147/result/filesystem/read/worker_ms	float	115.30242
/rows/147/result/filesystem/read/workload	string	read
/rows/147/result/filesystem/rg	object	-
/rows/147/result/filesystem/rg/check	object	-
/rows/147/result/filesystem/rg/check/matches	integer	2048
/rows/147/result/filesystem/rg/python	string	3.14.7
/rows/147/result/filesystem/rg/worker_ms	float	456.125344
/rows/147/result/filesystem/rg/workload	string	rg
/rows/147/result/filesystem/write	object	-
/rows/147/result/filesystem/write/check	object	-
/rows/147/result/filesystem/write/check/bytes	integer	16777216
/rows/147/result/filesystem/write/check/files	integer	256
/rows/147/result/filesystem/write/python	string	3.14.7
/rows/147/result/filesystem/write/worker_ms	float	209.798976
/rows/147/result/filesystem/write/workload	string	write
/rows/147/result/mode	string	filesystem
/rows/147/result/worker_ms	float	4190.151195
/rows/147/result_ms	float	4757.545623
/rows/147/trial	integer	29
/rows/147/variant	string	candidate
/rows/148	object	-
/rows/148/backend	string	pvisor-vm
/rows/148/completion_ms	float	5565.743319
/rows/148/correctness	string	passed
/rows/148/logs	string	/home/reiase/workspace/pvisor/target/p1-filesystem-historical-full-20261005/baseline/trials/filesystem-pvisor-vm-029
/rows/148/memory_scope	string	owned launcher tree; Docker daemon/container RSS excluded
/rows/148/mode	string	filesystem
/rows/148/peak_tree_rss_kib	integer	831116
/rows/148/prepare_ms	float	36.664894
/rows/148/ready_ms	float	564.071448
/rows/148/result	object	-
/rows/148/result/correctness	string	passed
/rows/148/result/filesystem	object	-
/rows/148/result/filesystem/cargo	object	-
/rows/148/result/filesystem/cargo/check	object	-
/rows/148/result/filesystem/cargo/check/modules	integer	64
/rows/148/result/filesystem/cargo/check/result	string	2016
/rows/148/result/filesystem/cargo/python	string	3.14.7
/rows/148/result/filesystem/cargo/worker_ms	float	623.940939
/rows/148/result/filesystem/cargo/workload	string	cargo
/rows/148/result/filesystem/git	object	-
/rows/148/result/filesystem/git/check	object	-
/rows/148/result/filesystem/git/check/git_clean	boolean	true
/rows/148/result/filesystem/git/python	string	3.14.7
/rows/148/result/filesystem/git/worker_ms	float	683.409088
/rows/148/result/filesystem/git/workload	string	git
/rows/148/result/filesystem/metadata	object	-
/rows/148/result/filesystem/metadata/check	object	-
/rows/148/result/filesystem/metadata/check/bytes	integer	2095104
/rows/148/result/filesystem/metadata/check/files	integer	2048
/rows/148/result/filesystem/metadata/python	string	3.14.7
/rows/148/result/filesystem/metadata/worker_ms	float	231.034934
/rows/148/result/filesystem/metadata/workload	string	metadata
/rows/148/result/filesystem/npm	object	-
/rows/148/result/filesystem/npm/check	object	-
/rows/148/result/filesystem/npm/check/local_packages	integer	32
/rows/148/result/filesystem/npm/python	string	3.14.7
/rows/148/result/filesystem/npm/worker_ms	float	2024.257539
/rows/148/result/filesystem/npm/workload	string	npm
/rows/148/result/filesystem/read	object	-
/rows/148/result/filesystem/read/check	object	-
/rows/148/result/filesystem/read/check/bytes	integer	67108864
/rows/148/result/filesystem/read/check/sha256	string	42ef3a50fe506ced865473b082c8b28f6ce254e6e2b01266b6a563531a6267bc
/rows/148/result/filesystem/read/python	string	3.14.7
/rows/148/result/filesystem/read/worker_ms	float	116.077991
/rows/148/result/filesystem/read/workload	string	read
/rows/148/result/filesystem/rg	object	-
/rows/148/result/filesystem/rg/check	object	-
/rows/148/result/filesystem/rg/check/matches	integer	2048
/rows/148/result/filesystem/rg/python	string	3.14.7
/rows/148/result/filesystem/rg/worker_ms	float	466.369694
/rows/148/result/filesystem/rg/workload	string	rg
/rows/148/result/filesystem/write	object	-
/rows/148/result/filesystem/write/check	object	-
/rows/148/result/filesystem/write/check/bytes	integer	16777216
/rows/148/result/filesystem/write/check/files	integer	256
/rows/148/result/filesystem/write/python	string	3.14.7
/rows/148/result/filesystem/write/worker_ms	float	238.496556
/rows/148/result/filesystem/write/workload	string	write
/rows/148/result/mode	string	filesystem
/rows/148/result/worker_ms	float	4876.318044
/rows/148/result_ms	float	5441.320241
/rows/148/trial	integer	29
/rows/148/variant	string	baseline
/rows/149	object	-
/rows/149/backend	string	pvisor-staged
/rows/149/completion_ms	float	1559.124302
/rows/149/correctness	string	passed
/rows/149/logs	string	/home/reiase/workspace/pvisor/target/p1-filesystem-historical-full-20261005/candidate/trials/filesystem-pvisor-staged-029
/rows/149/memory_scope	string	owned launcher tree; Docker daemon/container RSS excluded
/rows/149/mode	string	filesystem
/rows/149/peak_tree_rss_kib	integer	180368
/rows/149/prepare_ms	float	40.624464
/rows/149/ready_ms	float	72.07186
/rows/149/result	object	-
/rows/149/result/correctness	string	passed
/rows/149/result/filesystem	object	-
/rows/149/result/filesystem/cargo	object	-
/rows/149/result/filesystem/cargo/check	object	-
/rows/149/result/filesystem/cargo/check/modules	integer	64
/rows/149/result/filesystem/cargo/check/result	string	2016
/rows/149/result/filesystem/cargo/python	string	3.14.7
/rows/149/result/filesystem/cargo/worker_ms	float	122.406725
/rows/149/result/filesystem/cargo/workload	string	cargo
/rows/149/result/filesystem/git	object	-
/rows/149/result/filesystem/git/check	object	-
/rows/149/result/filesystem/git/check/git_clean	boolean	true
/rows/149/result/filesystem/git/python	string	3.14.7
/rows/149/result/filesystem/git/worker_ms	float	222.469181
/rows/149/result/filesystem/git/workload	string	git
/rows/149/result/filesystem/metadata	object	-
/rows/149/result/filesystem/metadata/check	object	-
/rows/149/result/filesystem/metadata/check/bytes	integer	2095104
/rows/149/result/filesystem/metadata/check/files	integer	2048
/rows/149/result/filesystem/metadata/python	string	3.14.7
/rows/149/result/filesystem/metadata/worker_ms	float	121.684086
/rows/149/result/filesystem/metadata/workload	string	metadata
/rows/149/result/filesystem/npm	object	-
/rows/149/result/filesystem/npm/check	object	-
/rows/149/result/filesystem/npm/check/local_packages	integer	32
/rows/149/result/filesystem/npm/python	string	3.14.7
/rows/149/result/filesystem/npm/worker_ms	float	274.748555
/rows/149/result/filesystem/npm/workload	string	npm
/rows/149/result/filesystem/read	object	-
/rows/149/result/filesystem/read/check	object	-
/rows/149/result/filesystem/read/check/bytes	integer	67108864
/rows/149/result/filesystem/read/check/sha256	string	42ef3a50fe506ced865473b082c8b28f6ce254e6e2b01266b6a563531a6267bc
/rows/149/result/filesystem/read/python	string	3.14.7
/rows/149/result/filesystem/read/worker_ms	float	82.27424
/rows/149/result/filesystem/read/workload	string	read
/rows/149/result/filesystem/rg	object	-
/rows/149/result/filesystem/rg/check	object	-
/rows/149/result/filesystem/rg/check/matches	integer	2048
/rows/149/result/filesystem/rg/python	string	3.14.7
/rows/149/result/filesystem/rg/worker_ms	float	105.47134
/rows/149/result/filesystem/rg/workload	string	rg
/rows/149/result/filesystem/write	object	-
/rows/149/result/filesystem/write/check	object	-
/rows/149/result/filesystem/write/check/bytes	integer	16777216
/rows/149/result/filesystem/write/check/files	integer	256
/rows/149/result/filesystem/write/python	string	3.14.7
/rows/149/result/filesystem/write/worker_ms	float	271.484673
/rows/149/result/filesystem/write/workload	string	write
/rows/149/result/mode	string	filesystem
/rows/149/result/worker_ms	float	1349.491507
/rows/149/result_ms	float	1421.582653
/rows/149/trial	integer	29
/rows/149/variant	string	candidate
/schema	string	pvisor-filesystem-ab/v1
/source_commit	string	87402078a327cbdb011a0675f6e9d659e10c9979
/source_status	string	 M benchmark/pvisor/FILESYSTEM_PROFILING.md\n M benchmark/pvisor/filesystem_ab.py\n M benchmark/pvisor/reference_baselines.py\n M benchmark/pvisor/test_filesystem_ab.py\n M crates/pvisor-cluster/README.md\n M crates/pvisor-cluster/src/main.rs\n M crates/pvisor-cluster/src/scheduler.rs\n M crates/pvisor-cluster/src/scheduler/inference.rs\n M crates/pvisor-cluster/src/server.rs\n M crates/pvisor-cluster/src/server/dispatcher.rs\n M crates/pvisor-cluster/tests/inference_wait.rs\n M crates/pvisor-cluster/tests/scheduler.rs\n M crates/pvisor-gateway/README.md\n M crates/pvisor-overlay-core/src/core.rs\n M crates/pvisor-overlay-core/src/profile.rs\n M crates/pvisor-overlay-core/src/sys.rs\n M crates/pvisor-vm/README.md\n M crates/pvisor-vm/src/devices/virtio/fs/overlay.rs\n M crates/pvisor-vm/src/devices/virtio/fs/worker.rs\n M crates/pvisor/tests/cluster_gateway_vm.rs\n M docs/README.md\n M docs/src/en/design/index.md\n M docs/src/en/design/research/cluster-execution.md\n M docs/src/en/guides/index.md\n M docs/src/zh/design/index.md\n M docs/src/zh/design/research/cluster-execution.md\n M docs/src/zh/guides/index.md\n M docs/translations.json\n M docs/zensical.toml\n M justfile\n M scripts/build-docs.py\n?? benchmark/pvisor/filesystem_kernel_probe.py\n?? crates/pvisor-cluster/measurements/agent-inference-density-20261005-overlapped.json\n?? crates/pvisor-cluster/measurements/agent-inference-density-20261005.json\n?? crates/pvisor/tests/cluster_inference_benchmark.rs\n?? crates/pvisor/tests/common/agent_fixture.rs\n?? crates/pvisor/tests/common/controller_process.rs\n?? docs/src/assets/cluster-quickstart/\n?? docs/src/en/design/cluster/\n?? docs/src/en/guides/cluster/\n?? docs/src/zh/design/cluster/\n?? docs/src/zh/guides/cluster/\n?? scripts/cluster-quickstart.py\n
/summary	object	-
/summary/baseline~1pvisor-staged	object	-
/summary/baseline~1pvisor-staged/n	integer	30
/summary/baseline~1pvisor-staged/timings_ms	object	-
/summary/baseline~1pvisor-staged/timings_ms/cargo	object	-
/summary/baseline~1pvisor-staged/timings_ms/cargo/p50	float	111.08200049999999
/summary/baseline~1pvisor-staged/timings_ms/cargo/p95	float	127.79872715
/summary/baseline~1pvisor-staged/timings_ms/cargo/p99	float	177.10623972000005
/summary/baseline~1pvisor-staged/timings_ms/completion_ms	object	-
/summary/baseline~1pvisor-staged/timings_ms/completion_ms/p50	float	1224.499897
/summary/baseline~1pvisor-staged/timings_ms/completion_ms/p95	float	1464.03217085
/summary/baseline~1pvisor-staged/timings_ms/completion_ms/p99	float	1705.8942651900002
/summary/baseline~1pvisor-staged/timings_ms/git	object	-
/summary/baseline~1pvisor-staged/timings_ms/git/p50	float	167.49855050000002
/summary/baseline~1pvisor-staged/timings_ms/git/p95	float	189.37535880000001
/summary/baseline~1pvisor-staged/timings_ms/git/p99	float	196.43464356
/summary/baseline~1pvisor-staged/timings_ms/metadata	object	-
/summary/baseline~1pvisor-staged/timings_ms/metadata/p50	float	76.25549749999999
/summary/baseline~1pvisor-staged/timings_ms/metadata/p95	float	84.66713515000001
/summary/baseline~1pvisor-staged/timings_ms/metadata/p99	float	120.55045571000004
/summary/baseline~1pvisor-staged/timings_ms/npm	object	-
/summary/baseline~1pvisor-staged/timings_ms/npm/p50	float	215.9080815
/summary/baseline~1pvisor-staged/timings_ms/npm/p95	float	277.66660565000006
/summary/baseline~1pvisor-staged/timings_ms/npm/p99	float	314.39165149
/summary/baseline~1pvisor-staged/timings_ms/read	object	-
/summary/baseline~1pvisor-staged/timings_ms/read/p50	float	68.107647
/summary/baseline~1pvisor-staged/timings_ms/read/p95	float	78.51508875000002
/summary/baseline~1pvisor-staged/timings_ms/read/p99	float	85.85937894000001
/summary/baseline~1pvisor-staged/timings_ms/rg	object	-
/summary/baseline~1pvisor-staged/timings_ms/rg/p50	float	89.01167849999999
/summary/baseline~1pvisor-staged/timings_ms/rg/p95	float	97.9911658
/summary/baseline~1pvisor-staged/timings_ms/rg/p99	float	99.48048697
/summary/baseline~1pvisor-staged/timings_ms/write	object	-
/summary/baseline~1pvisor-staged/timings_ms/write/p50	float	198.1161885
/summary/baseline~1pvisor-staged/timings_ms/write/p95	float	226.65959805
/summary/baseline~1pvisor-staged/timings_ms/write/p99	float	287.0023109300001
/summary/baseline~1pvisor-vm	object	-
/summary/baseline~1pvisor-vm/n	integer	30
/summary/baseline~1pvisor-vm/timings_ms	object	-
/summary/baseline~1pvisor-vm/timings_ms/cargo	object	-
/summary/baseline~1pvisor-vm/timings_ms/cargo/p50	float	654.27442
/summary/baseline~1pvisor-vm/timings_ms/cargo/p95	float	812.8893442000001
/summary/baseline~1pvisor-vm/timings_ms/cargo/p99	float	1160.9458385500004
/summary/baseline~1pvisor-vm/timings_ms/completion_ms	object	-
/summary/baseline~1pvisor-vm/timings_ms/completion_ms/p50	float	5164.7778485
/summary/baseline~1pvisor-vm/timings_ms/completion_ms/p95	float	7233.211806500001
/summary/baseline~1pvisor-vm/timings_ms/completion_ms/p99	float	7888.4095796599995
/summary/baseline~1pvisor-vm/timings_ms/git	object	-
/summary/baseline~1pvisor-vm/timings_ms/git/p50	float	449.65059799999995
/summary/baseline~1pvisor-vm/timings_ms/git/p95	float	798.3935419
/summary/baseline~1pvisor-vm/timings_ms/git/p99	float	844.8660475100002
/summary/baseline~1pvisor-vm/timings_ms/metadata	object	-
/summary/baseline~1pvisor-vm/timings_ms/metadata/p50	float	225.019758
/summary/baseline~1pvisor-vm/timings_ms/metadata/p95	float	305.36446770000003
/summary/baseline~1pvisor-vm/timings_ms/metadata/p99	float	329.72620682
/summary/baseline~1pvisor-vm/timings_ms/npm	object	-
/summary/baseline~1pvisor-vm/timings_ms/npm/p50	float	1662.1574495
/summary/baseline~1pvisor-vm/timings_ms/npm/p95	float	2146.00651415
/summary/baseline~1pvisor-vm/timings_ms/npm/p99	float	2345.99551088
/summary/baseline~1pvisor-vm/timings_ms/read	object	-
/summary/baseline~1pvisor-vm/timings_ms/read/p50	float	121.06154649999999
/summary/baseline~1pvisor-vm/timings_ms/read/p95	float	231.8065349
/summary/baseline~1pvisor-vm/timings_ms/read/p99	float	240.17382653000004
/summary/baseline~1pvisor-vm/timings_ms/rg	object	-
/summary/baseline~1pvisor-vm/timings_ms/rg/p50	float	465.9761375
/summary/baseline~1pvisor-vm/timings_ms/rg/p95	float	593.4147666
/summary/baseline~1pvisor-vm/timings_ms/rg/p99	float	672.90370438
/summary/baseline~1pvisor-vm/timings_ms/write	object	-
/summary/baseline~1pvisor-vm/timings_ms/write/p50	float	240.2536495
/summary/baseline~1pvisor-vm/timings_ms/write/p95	float	304.7571248
/summary/baseline~1pvisor-vm/timings_ms/write/p99	float	340.43568427
/summary/candidate~1pvisor-staged	object	-
/summary/candidate~1pvisor-staged/n	integer	30
/summary/candidate~1pvisor-staged/timings_ms	object	-
/summary/candidate~1pvisor-staged/timings_ms/cargo	object	-
/summary/candidate~1pvisor-staged/timings_ms/cargo/p50	float	111.619304
/summary/candidate~1pvisor-staged/timings_ms/cargo/p95	float	171.65924984999998
/summary/candidate~1pvisor-staged/timings_ms/cargo/p99	float	342.1994954000002
/summary/candidate~1pvisor-staged/timings_ms/completion_ms	object	-
/summary/candidate~1pvisor-staged/timings_ms/completion_ms/p50	float	1290.692506
/summary/candidate~1pvisor-staged/timings_ms/completion_ms/p95	float	6616.93770185
/summary/candidate~1pvisor-staged/timings_ms/completion_ms/p99	float	6846.1544377400005
/summary/candidate~1pvisor-staged/timings_ms/git	object	-
/summary/candidate~1pvisor-staged/timings_ms/git/p50	float	170.043765
/summary/candidate~1pvisor-staged/timings_ms/git/p95	float	284.5465002000001
/summary/candidate~1pvisor-staged/timings_ms/git/p99	float	350.09879871000004
/summary/candidate~1pvisor-staged/timings_ms/metadata	object	-
/summary/candidate~1pvisor-staged/timings_ms/metadata/p50	float	77.260433
/summary/candidate~1pvisor-staged/timings_ms/metadata/p95	float	105.38776395000001
/summary/candidate~1pvisor-staged/timings_ms/metadata/p99	float	118.83987243
/summary/candidate~1pvisor-staged/timings_ms/npm	object	-
/summary/candidate~1pvisor-staged/timings_ms/npm/p50	float	261.392014
/summary/candidate~1pvisor-staged/timings_ms/npm/p95	float	322.0436682
/summary/candidate~1pvisor-staged/timings_ms/npm/p99	float	378.81713294
/summary/candidate~1pvisor-staged/timings_ms/read	object	-
/summary/candidate~1pvisor-staged/timings_ms/read/p50	float	68.6936705
/summary/candidate~1pvisor-staged/timings_ms/read/p95	float	82.78871825
/summary/candidate~1pvisor-staged/timings_ms/read/p99	float	97.82912797000002
/summary/candidate~1pvisor-staged/timings_ms/rg	object	-
/summary/candidate~1pvisor-staged/timings_ms/rg/p50	float	89.8485255
/summary/candidate~1pvisor-staged/timings_ms/rg/p95	float	111.14500855
/summary/candidate~1pvisor-staged/timings_ms/rg/p99	float	121.47117711000001
/summary/candidate~1pvisor-staged/timings_ms/write	object	-
/summary/candidate~1pvisor-staged/timings_ms/write/p50	float	200.195604
/summary/candidate~1pvisor-staged/timings_ms/write/p95	float	270.88490129999997
/summary/candidate~1pvisor-staged/timings_ms/write/p99	float	287.91280919999997
/summary/candidate~1pvisor-vm	object	-
/summary/candidate~1pvisor-vm/n	integer	30
/summary/candidate~1pvisor-vm/timings_ms	object	-
/summary/candidate~1pvisor-vm/timings_ms/cargo	object	-
/summary/candidate~1pvisor-vm/timings_ms/cargo/p50	float	625.5205645
/summary/candidate~1pvisor-vm/timings_ms/cargo/p95	float	910.5797851500001
/summary/candidate~1pvisor-vm/timings_ms/cargo/p99	float	1197.2334083800004
/summary/candidate~1pvisor-vm/timings_ms/completion_ms	object	-
/summary/candidate~1pvisor-vm/timings_ms/completion_ms/p50	float	5187.457984500001
/summary/candidate~1pvisor-vm/timings_ms/completion_ms/p95	float	6429.464015950001
/summary/candidate~1pvisor-vm/timings_ms/completion_ms/p99	float	8835.461602830002
/summary/candidate~1pvisor-vm/timings_ms/git	object	-
/summary/candidate~1pvisor-vm/timings_ms/git/p50	float	430.24290099999996
/summary/candidate~1pvisor-vm/timings_ms/git/p95	float	773.41206775
/summary/candidate~1pvisor-vm/timings_ms/git/p99	float	815.6709075900001
/summary/candidate~1pvisor-vm/timings_ms/metadata	object	-
/summary/candidate~1pvisor-vm/timings_ms/metadata/p50	float	228.471547
/summary/candidate~1pvisor-vm/timings_ms/metadata/p95	float	282.19547955
/summary/candidate~1pvisor-vm/timings_ms/metadata/p99	float	468.2428425500002
/summary/candidate~1pvisor-vm/timings_ms/npm	object	-
/summary/candidate~1pvisor-vm/timings_ms/npm/p50	float	1666.954336
/summary/candidate~1pvisor-vm/timings_ms/npm/p95	float	2125.4303011
/summary/candidate~1pvisor-vm/timings_ms/npm/p99	float	2504.1078588600003
/summary/candidate~1pvisor-vm/timings_ms/read	object	-
/summary/candidate~1pvisor-vm/timings_ms/read/p50	float	120.92953449999999
/summary/candidate~1pvisor-vm/timings_ms/read/p95	float	157.3311167
/summary/candidate~1pvisor-vm/timings_ms/read/p99	float	285.9859391100002
/summary/candidate~1pvisor-vm/timings_ms/rg	object	-
/summary/candidate~1pvisor-vm/timings_ms/rg/p50	float	460.274633
/summary/candidate~1pvisor-vm/timings_ms/rg/p95	float	554.9853995
/summary/candidate~1pvisor-vm/timings_ms/rg/p99	float	591.1704862400001
/summary/candidate~1pvisor-vm/timings_ms/write	object	-
/summary/candidate~1pvisor-vm/timings_ms/write/p50	float	253.10277299999998
/summary/candidate~1pvisor-vm/timings_ms/write/p95	float	333.6816660500001
/summary/candidate~1pvisor-vm/timings_ms/write/p99	float	380.54979928000006
/summary/native~1native	object	-
/summary/native~1native/n	integer	30
/summary/native~1native/timings_ms	object	-
/summary/native~1native/timings_ms/cargo	object	-
/summary/native~1native/timings_ms/cargo/p50	float	54.770728
/summary/native~1native/timings_ms/cargo/p95	float	81.49784040000003
/summary/native~1native/timings_ms/cargo/p99	float	101.92516487
/summary/native~1native/timings_ms/completion_ms	object	-
/summary/native~1native/timings_ms/completion_ms/p50	float	457.8048735
/summary/native~1native/timings_ms/completion_ms/p95	float	623.1451461500001
/summary/native~1native/timings_ms/completion_ms/p99	float	723.38379236
/summary/native~1native/timings_ms/git	object	-
/summary/native~1native/timings_ms/git/p50	float	15.205586499999999
/summary/native~1native/timings_ms/git/p95	float	17.8906445
/summary/native~1native/timings_ms/git/p99	float	22.463497250000003
/summary/native~1native/timings_ms/metadata	object	-
/summary/native~1native/timings_ms/metadata/p50	float	4.8800875
/summary/native~1native/timings_ms/metadata/p95	float	5.4305857500000005
/summary/native~1native/timings_ms/metadata/p99	float	6.732808220000002
/summary/native~1native/timings_ms/npm	object	-
/summary/native~1native/timings_ms/npm/p50	float	173.63856900000002
/summary/native~1native/timings_ms/npm/p95	float	237.46451290000005
/summary/native~1native/timings_ms/npm/p99	float	286.28002266000004
/summary/native~1native/timings_ms/read	object	-
/summary/native~1native/timings_ms/read/p50	float	32.315973
/summary/native~1native/timings_ms/read/p95	float	34.105344
/summary/native~1native/timings_ms/read/p99	float	46.24937499000002
/summary/native~1native/timings_ms/rg	object	-
/summary/native~1native/timings_ms/rg/p50	float	7.913964
/summary/native~1native/timings_ms/rg/p95	float	10.1069609
/summary/native~1native/timings_ms/rg/p99	float	19.19331665000001
/summary/native~1native/timings_ms/write	object	-
/summary/native~1native/timings_ms/write/p50	float	3.9930465
/summary/native~1native/timings_ms/write/p95	float	5.892449600000001
/summary/native~1native/timings_ms/write/p99	float	6.65138514
