path	type	value
	object	-
/arguments	object	-
/arguments/assets	string	/home/reiase/workspace/pvisor/target/reference-env-final-20261004
/arguments/baseline	string	/home/reiase/workspace/pvisor/target/fs-service-benchmark-20261005/artifacts/baseline-performance
/arguments/candidate	string	/home/reiase/workspace/pvisor/target/fs-service-benchmark-20261005/artifacts/candidate-performance
/arguments/cpu_affinity	string	0,1
/arguments/firmware	string	/home/reiase/workspace/pvisor/target/p0-filesystem-artifacts-20261005/firmware
/arguments/output	string	/home/reiase/workspace/pvisor/target/fs-service-benchmark-20261005/lazy-performance
/arguments/samples	string	30
/arguments/server_affinity	string	2,3
/arguments/warmups	string	3
/binary_sha256	object	-
/binary_sha256/baseline	string	2420edb002f876c4fafe2951186861a0fb720258f50f8e1bfa278472d847ffa3
/binary_sha256/candidate	string	6731483b4ffc69bc0b537f7e11c6f67a5796f8c6c6348339b6b11533bf6fe5eb
/firmware_sha256	string	b61f68dac3ef20a88e1ee387733e4baed2f7c02edac940c8882e0b549dac95e4
/guest_sha256	string	9e3c1bdeb55248da0a0d7ecadd36ba1be5006c6cdfb8ef59cb4a819886e417a0
/harness_sha256	string	66dfa24adf6954b1874271b965c26483a20ad91c1b807f2558fd0e8e72c43ca9
/host_kernel	string	7.2.8-200.fc44.x86_64
/load_after	array	-
/load_after/0	float	1.85498046875
/load_after/1	float	1.82861328125
/load_after/2	float	1.68896484375
/load_before	array	-
/load_before/0	float	1.00048828125
/load_before/1	float	1.79541015625
/load_before/2	float	1.6142578125
/protocol	object	-
/protocol/cache	string	fresh client disk cache for cold; same cache for following warm VM; warm host page cache; fresh guest, projection and upper each launch
/protocol/completion	string	CLI launch to exit, includes guest's fixed 1.2-second TTL wait
/protocol/correctness	string	guest checks including 32 rootfs copy-ups, Run Bundle VM isolation, staged workspace write, untouched immutable source
/protocol/memory_mib	integer	4096
/protocol/order	string	variant order shuffled each round with seed 20261005; cold then warm per variant
/protocol/samples	integer	30
/protocol/server	string	local Python Unix-socket cache v1 fixture, no artificial latency, verifies content hashes; not a WAN or S3 performance test
/protocol/vm_vcpus	integer	2
/protocol/warmups	integer	3
/protocol/worker	string	operation plus content/attribute checks; startup excluded
/rows	array	-
/rows/0	object	-
/rows/0/cache	string	cold
/rows/0/completion_ms	float	3660.200246
/rows/0/correctness	string	passed
/rows/0/host_fuse_mounts	array	-
/rows/0/requests	object	-
/rows/0/requests/fixture_read_bytes	integer	69203968
/rows/0/requests/fixture_reads	integer	2112
/rows/0/requests/list	integer	41
/rows/0/requests/ping	integer	1
/rows/0/requests/prepare	integer	1
/rows/0/requests/read	integer	2164
/rows/0/requests/read_bytes	integer	86924150
/rows/0/requests/stat	integer	91
/rows/0/timings_ms	object	-
/rows/0/timings_ms/copy_up_32	float	72.546623
/rows/0/timings_ms/metadata	float	281.859619
/rows/0/timings_ms/metadata_guest_hot	float	54.758975
/rows/0/timings_ms/open_read	float	791.060392
/rows/0/timings_ms/open_read_guest_hot	float	685.343162
/rows/0/timings_ms/read_64m	float	185.556396
/rows/0/trial	integer	0
/rows/0/variant	string	candidate
/rows/1	object	-
/rows/1/cache	string	warm
/rows/1/completion_ms	float	3323.914629
/rows/1/correctness	string	passed
/rows/1/host_fuse_mounts	array	-
/rows/1/requests	object	-
/rows/1/requests/ping	integer	1
/rows/1/requests/prepare	integer	1
/rows/1/timings_ms	object	-
/rows/1/timings_ms/copy_up_32	float	72.190048
/rows/1/timings_ms/metadata	float	250.458639
/rows/1/timings_ms/metadata_guest_hot	float	54.554342
/rows/1/timings_ms/open_read	float	583.316016
/rows/1/timings_ms/open_read_guest_hot	float	695.432721
/rows/1/timings_ms/read_64m	float	116.790515
/rows/1/trial	integer	0
/rows/1/variant	string	candidate
/rows/2	object	-
/rows/2/cache	string	cold
/rows/2/completion_ms	float	3574.84043
/rows/2/correctness	string	passed
/rows/2/host_fuse_mounts	array	-
/rows/2/host_fuse_mounts/0	string	29 58 0:80 / /home/reiase/workspace/pvisor/target/fs-service-benchmark-20261005/lazy-performance/trials/baseline-cold-0/store/.lazy-mount-991a6261-166a-4877-b2b8-d04a69caeb91 ro,nosuid,nodev,noatime shared:695 - fuse pvisor-image ro,user_id=1000,group_id=1000
/rows/2/requests	object	-
/rows/2/requests/fixture_read_bytes	integer	69203968
/rows/2/requests/fixture_reads	integer	2112
/rows/2/requests/list	integer	41
/rows/2/requests/ping	integer	1
/rows/2/requests/prepare	integer	1
/rows/2/requests/read	integer	2164
/rows/2/requests/read_bytes	integer	86924150
/rows/2/requests/stat	integer	93
/rows/2/timings_ms	object	-
/rows/2/timings_ms/copy_up_32	float	28.497435
/rows/2/timings_ms/metadata	float	260.80118
/rows/2/timings_ms/metadata_guest_hot	float	41.040026
/rows/2/timings_ms/open_read	float	829.589497
/rows/2/timings_ms/open_read_guest_hot	float	666.169885
/rows/2/timings_ms/read_64m	float	191.7041
/rows/2/trial	integer	0
/rows/2/variant	string	baseline
/rows/3	object	-
/rows/3/cache	string	warm
/rows/3/completion_ms	float	3334.421841
/rows/3/correctness	string	passed
/rows/3/host_fuse_mounts	array	-
/rows/3/host_fuse_mounts/0	string	29 58 0:80 / /home/reiase/workspace/pvisor/target/fs-service-benchmark-20261005/lazy-performance/trials/baseline-warm-0/store/.lazy-mount-6dc2f210-cd24-44e2-a86a-ff7d92b7a53b ro,nosuid,nodev,noatime shared:695 - fuse pvisor-image ro,user_id=1000,group_id=1000
/rows/3/requests	object	-
/rows/3/requests/ping	integer	1
/rows/3/requests/prepare	integer	1
/rows/3/timings_ms	object	-
/rows/3/timings_ms/copy_up_32	float	25.557905
/rows/3/timings_ms/metadata	float	235.01577
/rows/3/timings_ms/metadata_guest_hot	float	39.533091
/rows/3/timings_ms/open_read	float	638.937242
/rows/3/timings_ms/open_read_guest_hot	float	738.223728
/rows/3/timings_ms/read_64m	float	125.658121
/rows/3/trial	integer	0
/rows/3/variant	string	baseline
/rows/4	object	-
/rows/4/cache	string	cold
/rows/4/completion_ms	float	3595.431604
/rows/4/correctness	string	passed
/rows/4/host_fuse_mounts	array	-
/rows/4/requests	object	-
/rows/4/requests/fixture_read_bytes	integer	69203968
/rows/4/requests/fixture_reads	integer	2112
/rows/4/requests/list	integer	41
/rows/4/requests/ping	integer	1
/rows/4/requests/prepare	integer	1
/rows/4/requests/read	integer	2164
/rows/4/requests/read_bytes	integer	86924150
/rows/4/requests/stat	integer	91
/rows/4/timings_ms	object	-
/rows/4/timings_ms/copy_up_32	float	61.625592
/rows/4/timings_ms/metadata	float	285.265622
/rows/4/timings_ms/metadata_guest_hot	float	55.841366
/rows/4/timings_ms/open_read	float	803.054247
/rows/4/timings_ms/open_read_guest_hot	float	626.852076
/rows/4/timings_ms/read_64m	float	186.719589
/rows/4/trial	integer	1
/rows/4/variant	string	candidate
/rows/5	object	-
/rows/5/cache	string	warm
/rows/5/completion_ms	float	3297.846041
/rows/5/correctness	string	passed
/rows/5/host_fuse_mounts	array	-
/rows/5/requests	object	-
/rows/5/requests/ping	integer	1
/rows/5/requests/prepare	integer	1
/rows/5/timings_ms	object	-
/rows/5/timings_ms/copy_up_32	float	72.928346
/rows/5/timings_ms/metadata	float	255.347201
/rows/5/timings_ms/metadata_guest_hot	float	55.873968
/rows/5/timings_ms/open_read	float	552.954719
/rows/5/timings_ms/open_read_guest_hot	float	693.94969
/rows/5/timings_ms/read_64m	float	117.126883
/rows/5/trial	integer	1
/rows/5/variant	string	candidate
/rows/6	object	-
/rows/6/cache	string	cold
/rows/6/completion_ms	float	3616.932666
/rows/6/correctness	string	passed
/rows/6/host_fuse_mounts	array	-
/rows/6/host_fuse_mounts/0	string	29 58 0:80 / /home/reiase/workspace/pvisor/target/fs-service-benchmark-20261005/lazy-performance/trials/baseline-cold-1/store/.lazy-mount-6f3f874e-4001-4e07-a02c-e306dfca6788 ro,nosuid,nodev,noatime shared:695 - fuse pvisor-image ro,user_id=1000,group_id=1000
/rows/6/requests	object	-
/rows/6/requests/fixture_read_bytes	integer	69203968
/rows/6/requests/fixture_reads	integer	2112
/rows/6/requests/list	integer	41
/rows/6/requests/ping	integer	1
/rows/6/requests/prepare	integer	1
/rows/6/requests/read	integer	2164
/rows/6/requests/read_bytes	integer	86924150
/rows/6/requests/stat	integer	93
/rows/6/timings_ms	object	-
/rows/6/timings_ms/copy_up_32	float	28.321938
/rows/6/timings_ms/metadata	float	260.728334
/rows/6/timings_ms/metadata_guest_hot	float	40.899775
/rows/6/timings_ms/open_read	float	813.4513
/rows/6/timings_ms/open_read_guest_hot	float	700.623748
/rows/6/timings_ms/read_64m	float	194.073186
/rows/6/trial	integer	1
/rows/6/variant	string	baseline
/rows/7	object	-
/rows/7/cache	string	warm
/rows/7/completion_ms	float	3312.456451
/rows/7/correctness	string	passed
/rows/7/host_fuse_mounts	array	-
/rows/7/host_fuse_mounts/0	string	29 58 0:80 / /home/reiase/workspace/pvisor/target/fs-service-benchmark-20261005/lazy-performance/trials/baseline-warm-1/store/.lazy-mount-1150bcc4-b1f3-4463-bcf5-c88ad6a9e904 ro,nosuid,nodev,noatime shared:695 - fuse pvisor-image ro,user_id=1000,group_id=1000
/rows/7/requests	object	-
/rows/7/requests/ping	integer	1
/rows/7/requests/prepare	integer	1
/rows/7/timings_ms	object	-
/rows/7/timings_ms/copy_up_32	float	28.83693
/rows/7/timings_ms/metadata	float	222.617519
/rows/7/timings_ms/metadata_guest_hot	float	44.312961
/rows/7/timings_ms/open_read	float	637.285737
/rows/7/timings_ms/open_read_guest_hot	float	737.484988
/rows/7/timings_ms/read_64m	float	122.91174
/rows/7/trial	integer	1
/rows/7/variant	string	baseline
/rows/8	object	-
/rows/8/cache	string	cold
/rows/8/completion_ms	float	3621.514939
/rows/8/correctness	string	passed
/rows/8/host_fuse_mounts	array	-
/rows/8/requests	object	-
/rows/8/requests/fixture_read_bytes	integer	69203968
/rows/8/requests/fixture_reads	integer	2112
/rows/8/requests/list	integer	41
/rows/8/requests/ping	integer	1
/rows/8/requests/prepare	integer	1
/rows/8/requests/read	integer	2164
/rows/8/requests/read_bytes	integer	86924150
/rows/8/requests/stat	integer	91
/rows/8/timings_ms	object	-
/rows/8/timings_ms/copy_up_32	float	77.827088
/rows/8/timings_ms/metadata	float	279.212464
/rows/8/timings_ms/metadata_guest_hot	float	54.259672
/rows/8/timings_ms/open_read	float	797.018893
/rows/8/timings_ms/open_read_guest_hot	float	636.184319
/rows/8/timings_ms/read_64m	float	187.214874
/rows/8/trial	integer	2
/rows/8/variant	string	candidate
/rows/9	object	-
/rows/9/cache	string	warm
/rows/9/completion_ms	float	3294.709656
/rows/9/correctness	string	passed
/rows/9/host_fuse_mounts	array	-
/rows/9/requests	object	-
/rows/9/requests/ping	integer	1
/rows/9/requests/prepare	integer	1
/rows/9/timings_ms	object	-
/rows/9/timings_ms/copy_up_32	float	72.510837
/rows/9/timings_ms/metadata	float	250.893141
/rows/9/timings_ms/metadata_guest_hot	float	54.436943
/rows/9/timings_ms/open_read	float	558.653765
/rows/9/timings_ms/open_read_guest_hot	float	694.929711
/rows/9/timings_ms/read_64m	float	116.427106
/rows/9/trial	integer	2
/rows/9/variant	string	candidate
/rows/10	object	-
/rows/10/cache	string	cold
/rows/10/completion_ms	float	3634.909831
/rows/10/correctness	string	passed
/rows/10/host_fuse_mounts	array	-
/rows/10/host_fuse_mounts/0	string	29 58 0:80 / /home/reiase/workspace/pvisor/target/fs-service-benchmark-20261005/lazy-performance/trials/baseline-cold-2/store/.lazy-mount-18ff3a5b-3582-44eb-b475-16e4eba8e75a ro,nosuid,nodev,noatime shared:695 - fuse pvisor-image ro,user_id=1000,group_id=1000
/rows/10/requests	object	-
/rows/10/requests/fixture_read_bytes	integer	69203968
/rows/10/requests/fixture_reads	integer	2112
/rows/10/requests/list	integer	41
/rows/10/requests/ping	integer	1
/rows/10/requests/prepare	integer	1
/rows/10/requests/read	integer	2164
/rows/10/requests/read_bytes	integer	86924150
/rows/10/requests/stat	integer	93
/rows/10/timings_ms	object	-
/rows/10/timings_ms/copy_up_32	float	27.946406
/rows/10/timings_ms/metadata	float	260.945379
/rows/10/timings_ms/metadata_guest_hot	float	41.412843
/rows/10/timings_ms/open_read	float	831.800708
/rows/10/timings_ms/open_read_guest_hot	float	738.810364
/rows/10/timings_ms/read_64m	float	188.301253
/rows/10/trial	integer	2
/rows/10/variant	string	baseline
/rows/11	object	-
/rows/11/cache	string	warm
/rows/11/completion_ms	float	3311.945248
/rows/11/correctness	string	passed
/rows/11/host_fuse_mounts	array	-
/rows/11/host_fuse_mounts/0	string	29 58 0:80 / /home/reiase/workspace/pvisor/target/fs-service-benchmark-20261005/lazy-performance/trials/baseline-warm-2/store/.lazy-mount-608e9151-eb14-42c5-a564-1c02cf4a5f56 ro,nosuid,nodev,noatime shared:695 - fuse pvisor-image ro,user_id=1000,group_id=1000
/rows/11/requests	object	-
/rows/11/requests/ping	integer	1
/rows/11/requests/prepare	integer	1
/rows/11/timings_ms	object	-
/rows/11/timings_ms/copy_up_32	float	28.888286
/rows/11/timings_ms/metadata	float	226.919125
/rows/11/timings_ms/metadata_guest_hot	float	46.715969
/rows/11/timings_ms/open_read	float	636.384053
/rows/11/timings_ms/open_read_guest_hot	float	742.364403
/rows/11/timings_ms/read_64m	float	124.614792
/rows/11/trial	integer	2
/rows/11/variant	string	baseline
/rows/12	object	-
/rows/12/cache	string	cold
/rows/12/completion_ms	float	3660.876989
/rows/12/correctness	string	passed
/rows/12/host_fuse_mounts	array	-
/rows/12/requests	object	-
/rows/12/requests/fixture_read_bytes	integer	69203968
/rows/12/requests/fixture_reads	integer	2112
/rows/12/requests/list	integer	41
/rows/12/requests/ping	integer	1
/rows/12/requests/prepare	integer	1
/rows/12/requests/read	integer	2164
/rows/12/requests/read_bytes	integer	86924150
/rows/12/requests/stat	integer	91
/rows/12/timings_ms	object	-
/rows/12/timings_ms/copy_up_32	float	77.810968
/rows/12/timings_ms/metadata	float	281.258786
/rows/12/timings_ms/metadata_guest_hot	float	54.55844
/rows/12/timings_ms/open_read	float	801.040024
/rows/12/timings_ms/open_read_guest_hot	float	645.229967
/rows/12/timings_ms/read_64m	float	188.014958
/rows/12/trial	integer	3
/rows/12/variant	string	candidate
/rows/13	object	-
/rows/13/cache	string	warm
/rows/13/completion_ms	float	3334.688789
/rows/13/correctness	string	passed
/rows/13/host_fuse_mounts	array	-
/rows/13/requests	object	-
/rows/13/requests/ping	integer	1
/rows/13/requests/prepare	integer	1
/rows/13/timings_ms	object	-
/rows/13/timings_ms/copy_up_32	float	71.654737
/rows/13/timings_ms/metadata	float	261.281467
/rows/13/timings_ms/metadata_guest_hot	float	54.154135
/rows/13/timings_ms/open_read	float	587.097991
/rows/13/timings_ms/open_read_guest_hot	float	696.700549
/rows/13/timings_ms/read_64m	float	116.672454
/rows/13/trial	integer	3
/rows/13/variant	string	candidate
/rows/14	object	-
/rows/14/cache	string	cold
/rows/14/completion_ms	float	3580.246289
/rows/14/correctness	string	passed
/rows/14/host_fuse_mounts	array	-
/rows/14/host_fuse_mounts/0	string	29 58 0:80 / /home/reiase/workspace/pvisor/target/fs-service-benchmark-20261005/lazy-performance/trials/baseline-cold-3/store/.lazy-mount-27021692-ca51-4b65-96f3-7b8f00a11c8f ro,nosuid,nodev,noatime shared:695 - fuse pvisor-image ro,user_id=1000,group_id=1000
/rows/14/requests	object	-
/rows/14/requests/fixture_read_bytes	integer	69203968
/rows/14/requests/fixture_reads	integer	2112
/rows/14/requests/list	integer	41
/rows/14/requests/ping	integer	1
/rows/14/requests/prepare	integer	1
/rows/14/requests/read	integer	2164
/rows/14/requests/read_bytes	integer	86924150
/rows/14/requests/stat	integer	93
/rows/14/timings_ms	object	-
/rows/14/timings_ms/copy_up_32	float	28.291651
/rows/14/timings_ms/metadata	float	261.207669
/rows/14/timings_ms/metadata_guest_hot	float	41.281126
/rows/14/timings_ms/open_read	float	824.288495
/rows/14/timings_ms/open_read_guest_hot	float	667.827953
/rows/14/timings_ms/read_64m	float	188.967688
/rows/14/trial	integer	3
/rows/14/variant	string	baseline
/rows/15	object	-
/rows/15/cache	string	warm
/rows/15/completion_ms	float	3313.006499
/rows/15/correctness	string	passed
/rows/15/host_fuse_mounts	array	-
/rows/15/host_fuse_mounts/0	string	29 58 0:80 / /home/reiase/workspace/pvisor/target/fs-service-benchmark-20261005/lazy-performance/trials/baseline-warm-3/store/.lazy-mount-fc073c47-3a6a-42c4-ab40-467581e89496 ro,nosuid,nodev,noatime shared:695 - fuse pvisor-image ro,user_id=1000,group_id=1000
/rows/15/requests	object	-
/rows/15/requests/ping	integer	1
/rows/15/requests/prepare	integer	1
/rows/15/timings_ms	object	-
/rows/15/timings_ms/copy_up_32	float	28.829647
/rows/15/timings_ms/metadata	float	225.446353
/rows/15/timings_ms/metadata_guest_hot	float	41.080793
/rows/15/timings_ms/open_read	float	642.336201
/rows/15/timings_ms/open_read_guest_hot	float	738.865898
/rows/15/timings_ms/read_64m	float	123.996947
/rows/15/trial	integer	3
/rows/15/variant	string	baseline
/rows/16	object	-
/rows/16/cache	string	cold
/rows/16/completion_ms	float	3634.823991
/rows/16/correctness	string	passed
/rows/16/host_fuse_mounts	array	-
/rows/16/host_fuse_mounts/0	string	29 58 0:80 / /home/reiase/workspace/pvisor/target/fs-service-benchmark-20261005/lazy-performance/trials/baseline-cold-4/store/.lazy-mount-ea5c7125-8976-4d49-9e29-0fde3fc6f223 ro,nosuid,nodev,noatime shared:695 - fuse pvisor-image ro,user_id=1000,group_id=1000
/rows/16/requests	object	-
/rows/16/requests/fixture_read_bytes	integer	69203968
/rows/16/requests/fixture_reads	integer	2112
/rows/16/requests/list	integer	41
/rows/16/requests/ping	integer	1
/rows/16/requests/prepare	integer	1
/rows/16/requests/read	integer	2164
/rows/16/requests/read_bytes	integer	86924150
/rows/16/requests/stat	integer	93
/rows/16/timings_ms	object	-
/rows/16/timings_ms/copy_up_32	float	28.046674
/rows/16/timings_ms/metadata	float	259.052915
/rows/16/timings_ms/metadata_guest_hot	float	41.308198
/rows/16/timings_ms/open_read	float	840.474101
/rows/16/timings_ms/open_read_guest_hot	float	727.255157
/rows/16/timings_ms/read_64m	float	188.825503
/rows/16/trial	integer	4
/rows/16/variant	string	baseline
/rows/17	object	-
/rows/17/cache	string	warm
/rows/17/completion_ms	float	3292.166901
/rows/17/correctness	string	passed
/rows/17/host_fuse_mounts	array	-
/rows/17/host_fuse_mounts/0	string	29 58 0:80 / /home/reiase/workspace/pvisor/target/fs-service-benchmark-20261005/lazy-performance/trials/baseline-warm-4/store/.lazy-mount-6c754315-d75f-4e9a-9b7a-2e02155ab38b ro,nosuid,nodev,noatime shared:695 - fuse pvisor-image ro,user_id=1000,group_id=1000
/rows/17/requests	object	-
/rows/17/requests/ping	integer	1
/rows/17/requests/prepare	integer	1
/rows/17/timings_ms	object	-
/rows/17/timings_ms/copy_up_32	float	15.422861
/rows/17/timings_ms/metadata	float	224.487252
/rows/17/timings_ms/metadata_guest_hot	float	41.086514
/rows/17/timings_ms/open_read	float	641.86993
/rows/17/timings_ms/open_read_guest_hot	float	738.476891
/rows/17/timings_ms/read_64m	float	123.723797
/rows/17/trial	integer	4
/rows/17/variant	string	baseline
/rows/18	object	-
/rows/18/cache	string	cold
/rows/18/completion_ms	float	3682.267655
/rows/18/correctness	string	passed
/rows/18/host_fuse_mounts	array	-
/rows/18/requests	object	-
/rows/18/requests/fixture_read_bytes	integer	69203968
/rows/18/requests/fixture_reads	integer	2112
/rows/18/requests/list	integer	41
/rows/18/requests/ping	integer	1
/rows/18/requests/prepare	integer	1
/rows/18/requests/read	integer	2164
/rows/18/requests/read_bytes	integer	86924150
/rows/18/requests/stat	integer	91
/rows/18/timings_ms	object	-
/rows/18/timings_ms/copy_up_32	float	72.266119
/rows/18/timings_ms/metadata	float	283.453476
/rows/18/timings_ms/metadata_guest_hot	float	55.218243
/rows/18/timings_ms/open_read	float	792.282996
/rows/18/timings_ms/open_read_guest_hot	float	693.054528
/rows/18/timings_ms/read_64m	float	186.16388
/rows/18/trial	integer	4
/rows/18/variant	string	candidate
/rows/19	object	-
/rows/19/cache	string	warm
/rows/19/completion_ms	float	3297.627894
/rows/19/correctness	string	passed
/rows/19/host_fuse_mounts	array	-
/rows/19/requests	object	-
/rows/19/requests/ping	integer	1
/rows/19/requests/prepare	integer	1
/rows/19/timings_ms	object	-
/rows/19/timings_ms/copy_up_32	float	72.298681
/rows/19/timings_ms/metadata	float	250.222658
/rows/19/timings_ms/metadata_guest_hot	float	53.929866
/rows/19/timings_ms/open_read	float	572.201183
/rows/19/timings_ms/open_read_guest_hot	float	695.375974
/rows/19/timings_ms/read_64m	float	117.491765
/rows/19/trial	integer	4
/rows/19/variant	string	candidate
/rows/20	object	-
/rows/20/cache	string	cold
/rows/20/completion_ms	float	3615.631787
/rows/20/correctness	string	passed
/rows/20/host_fuse_mounts	array	-
/rows/20/host_fuse_mounts/0	string	29 58 0:80 / /home/reiase/workspace/pvisor/target/fs-service-benchmark-20261005/lazy-performance/trials/baseline-cold-5/store/.lazy-mount-94bb33e0-6fa2-4453-b956-982184263b5d ro,nosuid,nodev,noatime shared:695 - fuse pvisor-image ro,user_id=1000,group_id=1000
/rows/20/requests	object	-
/rows/20/requests/fixture_read_bytes	integer	69203968
/rows/20/requests/fixture_reads	integer	2112
/rows/20/requests/list	integer	41
/rows/20/requests/ping	integer	1
/rows/20/requests/prepare	integer	1
/rows/20/requests/read	integer	2164
/rows/20/requests/read_bytes	integer	86924150
/rows/20/requests/stat	integer	93
/rows/20/timings_ms	object	-
/rows/20/timings_ms/copy_up_32	float	28.611289
/rows/20/timings_ms/metadata	float	254.828483
/rows/20/timings_ms/metadata_guest_hot	float	41.285415
/rows/20/timings_ms/open_read	float	838.261037
/rows/20/timings_ms/open_read_guest_hot	float	663.470452
/rows/20/timings_ms/read_64m	float	203.286587
/rows/20/trial	integer	5
/rows/20/variant	string	baseline
/rows/21	object	-
/rows/21/cache	string	warm
/rows/21/completion_ms	float	3294.151826
/rows/21/correctness	string	passed
/rows/21/host_fuse_mounts	array	-
/rows/21/host_fuse_mounts/0	string	29 58 0:80 / /home/reiase/workspace/pvisor/target/fs-service-benchmark-20261005/lazy-performance/trials/baseline-warm-5/store/.lazy-mount-51498b7d-61f5-40a0-898b-b7165874c726 ro,nosuid,nodev,noatime shared:695 - fuse pvisor-image ro,user_id=1000,group_id=1000
/rows/21/requests	object	-
/rows/21/requests/ping	integer	1
/rows/21/requests/prepare	integer	1
/rows/21/timings_ms	object	-
/rows/21/timings_ms/copy_up_32	float	28.650182
/rows/21/timings_ms/metadata	float	206.656182
/rows/21/timings_ms/metadata_guest_hot	float	41.406962
/rows/21/timings_ms/open_read	float	640.809029
/rows/21/timings_ms/open_read_guest_hot	float	740.623702
/rows/21/timings_ms/read_64m	float	124.31393
/rows/21/trial	integer	5
/rows/21/variant	string	baseline
/rows/22	object	-
/rows/22/cache	string	cold
/rows/22/completion_ms	float	3617.430786
/rows/22/correctness	string	passed
/rows/22/host_fuse_mounts	array	-
/rows/22/requests	object	-
/rows/22/requests/fixture_read_bytes	integer	69203968
/rows/22/requests/fixture_reads	integer	2112
/rows/22/requests/list	integer	41
/rows/22/requests/ping	integer	1
/rows/22/requests/prepare	integer	1
/rows/22/requests/read	integer	2164
/rows/22/requests/read_bytes	integer	86924150
/rows/22/requests/stat	integer	91
/rows/22/timings_ms	object	-
/rows/22/timings_ms/copy_up_32	float	71.850213
/rows/22/timings_ms/metadata	float	289.452974
/rows/22/timings_ms/metadata_guest_hot	float	54.175495
/rows/22/timings_ms/open_read	float	793.938308
/rows/22/timings_ms/open_read_guest_hot	float	638.992555
/rows/22/timings_ms/read_64m	float	189.418661
/rows/22/trial	integer	5
/rows/22/variant	string	candidate
/rows/23	object	-
/rows/23/cache	string	warm
/rows/23/completion_ms	float	3357.770502
/rows/23/correctness	string	passed
/rows/23/host_fuse_mounts	array	-
/rows/23/requests	object	-
/rows/23/requests/ping	integer	1
/rows/23/requests/prepare	integer	1
/rows/23/timings_ms	object	-
/rows/23/timings_ms/copy_up_32	float	77.59272
/rows/23/timings_ms/metadata	float	251.051446
/rows/23/timings_ms/metadata_guest_hot	float	54.571986
/rows/23/timings_ms/open_read	float	585.315712
/rows/23/timings_ms/open_read_guest_hot	float	712.255236
/rows/23/timings_ms/read_64m	float	115.885564
/rows/23/trial	integer	5
/rows/23/variant	string	candidate
/rows/24	object	-
/rows/24/cache	string	cold
/rows/24/completion_ms	float	3634.724796
/rows/24/correctness	string	passed
/rows/24/host_fuse_mounts	array	-
/rows/24/host_fuse_mounts/0	string	29 58 0:80 / /home/reiase/workspace/pvisor/target/fs-service-benchmark-20261005/lazy-performance/trials/baseline-cold-6/store/.lazy-mount-8b605bd5-59cb-4ee3-858f-98d8f1e4994a ro,nosuid,nodev,noatime shared:695 - fuse pvisor-image ro,user_id=1000,group_id=1000
/rows/24/requests	object	-
/rows/24/requests/fixture_read_bytes	integer	69203968
/rows/24/requests/fixture_reads	integer	2112
/rows/24/requests/list	integer	41
/rows/24/requests/ping	integer	1
/rows/24/requests/prepare	integer	1
/rows/24/requests/read	integer	2164
/rows/24/requests/read_bytes	integer	86924150
/rows/24/requests/stat	integer	93
/rows/24/timings_ms	object	-
/rows/24/timings_ms/copy_up_32	float	28.254042
/rows/24/timings_ms/metadata	float	260.74742
/rows/24/timings_ms/metadata_guest_hot	float	41.700731
/rows/24/timings_ms/open_read	float	813.234956
/rows/24/timings_ms/open_read_guest_hot	float	720.537028
/rows/24/timings_ms/read_64m	float	186.667552
/rows/24/trial	integer	6
/rows/24/variant	string	baseline
/rows/25	object	-
/rows/25/cache	string	warm
/rows/25/completion_ms	float	3314.233439
/rows/25/correctness	string	passed
/rows/25/host_fuse_mounts	array	-
/rows/25/host_fuse_mounts/0	string	29 58 0:80 / /home/reiase/workspace/pvisor/target/fs-service-benchmark-20261005/lazy-performance/trials/baseline-warm-6/store/.lazy-mount-a8ef8052-6440-4d18-a517-0eb2fcb83c1a ro,nosuid,nodev,noatime shared:695 - fuse pvisor-image ro,user_id=1000,group_id=1000
/rows/25/requests	object	-
/rows/25/requests/ping	integer	1
/rows/25/requests/prepare	integer	1
/rows/25/timings_ms	object	-
/rows/25/timings_ms/copy_up_32	float	28.879659
/rows/25/timings_ms/metadata	float	226.563751
/rows/25/timings_ms/metadata_guest_hot	float	41.340127
/rows/25/timings_ms/open_read	float	644.670402
/rows/25/timings_ms/open_read_guest_hot	float	742.328596
/rows/25/timings_ms/read_64m	float	123.566994
/rows/25/trial	integer	6
/rows/25/variant	string	baseline
/rows/26	object	-
/rows/26/cache	string	cold
/rows/26/completion_ms	float	3684.623042
/rows/26/correctness	string	passed
/rows/26/host_fuse_mounts	array	-
/rows/26/requests	object	-
/rows/26/requests/fixture_read_bytes	integer	69203968
/rows/26/requests/fixture_reads	integer	2112
/rows/26/requests/list	integer	41
/rows/26/requests/ping	integer	1
/rows/26/requests/prepare	integer	1
/rows/26/requests/read	integer	2164
/rows/26/requests/read_bytes	integer	86924150
/rows/26/requests/stat	integer	91
/rows/26/timings_ms	object	-
/rows/26/timings_ms/copy_up_32	float	72.750815
/rows/26/timings_ms/metadata	float	284.625657
/rows/26/timings_ms/metadata_guest_hot	float	54.419089
/rows/26/timings_ms/open_read	float	802.824959
/rows/26/timings_ms/open_read_guest_hot	float	676.714193
/rows/26/timings_ms/read_64m	float	183.27285
/rows/26/trial	integer	6
/rows/26/variant	string	candidate
/rows/27	object	-
/rows/27/cache	string	warm
/rows/27/completion_ms	float	3335.350735
/rows/27/correctness	string	passed
/rows/27/host_fuse_mounts	array	-
/rows/27/requests	object	-
/rows/27/requests/ping	integer	1
/rows/27/requests/prepare	integer	1
/rows/27/timings_ms	object	-
/rows/27/timings_ms/copy_up_32	float	71.79001
/rows/27/timings_ms/metadata	float	264.416744
/rows/27/timings_ms/metadata_guest_hot	float	54.040794
/rows/27/timings_ms/open_read	float	586.121147
/rows/27/timings_ms/open_read_guest_hot	float	695.021332
/rows/27/timings_ms/read_64m	float	114.460973
/rows/27/trial	integer	6
/rows/27/variant	string	candidate
/rows/28	object	-
/rows/28/cache	string	cold
/rows/28/completion_ms	float	3616.041904
/rows/28/correctness	string	passed
/rows/28/host_fuse_mounts	array	-
/rows/28/host_fuse_mounts/0	string	29 58 0:80 / /home/reiase/workspace/pvisor/target/fs-service-benchmark-20261005/lazy-performance/trials/baseline-cold-7/store/.lazy-mount-e9be5523-bce7-46c8-a3b0-a24ce55e3b75 ro,nosuid,nodev,noatime shared:695 - fuse pvisor-image ro,user_id=1000,group_id=1000
/rows/28/requests	object	-
/rows/28/requests/fixture_read_bytes	integer	69203968
/rows/28/requests/fixture_reads	integer	2112
/rows/28/requests/list	integer	41
/rows/28/requests/ping	integer	1
/rows/28/requests/prepare	integer	1
/rows/28/requests/read	integer	2164
/rows/28/requests/read_bytes	integer	86924150
/rows/28/requests/stat	integer	93
/rows/28/timings_ms	object	-
/rows/28/timings_ms/copy_up_32	float	28.443545
/rows/28/timings_ms/metadata	float	263.359058
/rows/28/timings_ms/metadata_guest_hot	float	41.540331
/rows/28/timings_ms/open_read	float	814.351542
/rows/28/timings_ms/open_read_guest_hot	float	728.251549
/rows/28/timings_ms/read_64m	float	189.836782
/rows/28/trial	integer	7
/rows/28/variant	string	baseline
/rows/29	object	-
/rows/29/cache	string	warm
/rows/29/completion_ms	float	3276.058825
/rows/29/correctness	string	passed
/rows/29/host_fuse_mounts	array	-
/rows/29/host_fuse_mounts/0	string	29 58 0:80 / /home/reiase/workspace/pvisor/target/fs-service-benchmark-20261005/lazy-performance/trials/baseline-warm-7/store/.lazy-mount-d5ae1477-2446-490f-9a28-60fbaae8cca1 ro,nosuid,nodev,noatime shared:695 - fuse pvisor-image ro,user_id=1000,group_id=1000
/rows/29/requests	object	-
/rows/29/requests/ping	integer	1
/rows/29/requests/prepare	integer	1
/rows/29/timings_ms	object	-
/rows/29/timings_ms/copy_up_32	float	25.456314
/rows/29/timings_ms/metadata	float	213.7799
/rows/29/timings_ms/metadata_guest_hot	float	42.863803
/rows/29/timings_ms/open_read	float	599.904185
/rows/29/timings_ms/open_read_guest_hot	float	740.265282
/rows/29/timings_ms/read_64m	float	125.973921
/rows/29/trial	integer	7
/rows/29/variant	string	baseline
/rows/30	object	-
/rows/30/cache	string	cold
/rows/30/completion_ms	float	3615.883779
/rows/30/correctness	string	passed
/rows/30/host_fuse_mounts	array	-
/rows/30/requests	object	-
/rows/30/requests/fixture_read_bytes	integer	69203968
/rows/30/requests/fixture_reads	integer	2112
/rows/30/requests/list	integer	41
/rows/30/requests/ping	integer	1
/rows/30/requests/prepare	integer	1
/rows/30/requests/read	integer	2164
/rows/30/requests/read_bytes	integer	86924150
/rows/30/requests/stat	integer	91
/rows/30/timings_ms	object	-
/rows/30/timings_ms/copy_up_32	float	67.983009
/rows/30/timings_ms/metadata	float	291.918099
/rows/30/timings_ms/metadata_guest_hot	float	54.678104
/rows/30/timings_ms/open_read	float	789.331753
/rows/30/timings_ms/open_read_guest_hot	float	626.117944
/rows/30/timings_ms/read_64m	float	183.108924
/rows/30/trial	integer	7
/rows/30/variant	string	candidate
/rows/31	object	-
/rows/31/cache	string	warm
/rows/31/completion_ms	float	3339.915926
/rows/31/correctness	string	passed
/rows/31/host_fuse_mounts	array	-
/rows/31/requests	object	-
/rows/31/requests/ping	integer	1
/rows/31/requests/prepare	integer	1
/rows/31/timings_ms	object	-
/rows/31/timings_ms/copy_up_32	float	72.070133
/rows/31/timings_ms/metadata	float	254.728486
/rows/31/timings_ms/metadata_guest_hot	float	54.690717
/rows/31/timings_ms/open_read	float	584.080315
/rows/31/timings_ms/open_read_guest_hot	float	695.849359
/rows/31/timings_ms/read_64m	float	116.757043
/rows/31/trial	integer	7
/rows/31/variant	string	candidate
/rows/32	object	-
/rows/32/cache	string	cold
/rows/32/completion_ms	float	3599.553377
/rows/32/correctness	string	passed
/rows/32/host_fuse_mounts	array	-
/rows/32/host_fuse_mounts/0	string	29 58 0:80 / /home/reiase/workspace/pvisor/target/fs-service-benchmark-20261005/lazy-performance/trials/baseline-cold-8/store/.lazy-mount-677ee735-a1cd-4d01-b2fd-1f2d270fe08a ro,nosuid,nodev,noatime shared:695 - fuse pvisor-image ro,user_id=1000,group_id=1000
/rows/32/requests	object	-
/rows/32/requests/fixture_read_bytes	integer	69203968
/rows/32/requests/fixture_reads	integer	2112
/rows/32/requests/list	integer	41
/rows/32/requests/ping	integer	1
/rows/32/requests/prepare	integer	1
/rows/32/requests/read	integer	2164
/rows/32/requests/read_bytes	integer	86924150
/rows/32/requests/stat	integer	93
/rows/32/timings_ms	object	-
/rows/32/timings_ms/copy_up_32	float	28.390707
/rows/32/timings_ms/metadata	float	245.996474
/rows/32/timings_ms/metadata_guest_hot	float	41.079279
/rows/32/timings_ms/open_read	float	851.225185
/rows/32/timings_ms/open_read_guest_hot	float	672.09325
/rows/32/timings_ms/read_64m	float	190.380608
/rows/32/trial	integer	8
/rows/32/variant	string	baseline
/rows/33	object	-
/rows/33/cache	string	warm
/rows/33/completion_ms	float	3334.819703
/rows/33/correctness	string	passed
/rows/33/host_fuse_mounts	array	-
/rows/33/host_fuse_mounts/0	string	29 58 0:80 / /home/reiase/workspace/pvisor/target/fs-service-benchmark-20261005/lazy-performance/trials/baseline-warm-8/store/.lazy-mount-7b1102b8-bf3b-443b-b472-403bc39a99f2 ro,nosuid,nodev,noatime shared:695 - fuse pvisor-image ro,user_id=1000,group_id=1000
/rows/33/requests	object	-
/rows/33/requests/ping	integer	1
/rows/33/requests/prepare	integer	1
/rows/33/timings_ms	object	-
/rows/33/timings_ms/copy_up_32	float	28.833343
/rows/33/timings_ms/metadata	float	222.207724
/rows/33/timings_ms/metadata_guest_hot	float	45.881941
/rows/33/timings_ms/open_read	float	641.449545
/rows/33/timings_ms/open_read_guest_hot	float	740.110262
/rows/33/timings_ms/read_64m	float	125.30961
/rows/33/trial	integer	8
/rows/33/variant	string	baseline
/rows/34	object	-
/rows/34/cache	string	cold
/rows/34/completion_ms	float	3699.566475
/rows/34/correctness	string	passed
/rows/34/host_fuse_mounts	array	-
/rows/34/requests	object	-
/rows/34/requests/fixture_read_bytes	integer	69203968
/rows/34/requests/fixture_reads	integer	2112
/rows/34/requests/list	integer	41
/rows/34/requests/ping	integer	1
/rows/34/requests/prepare	integer	1
/rows/34/requests/read	integer	2164
/rows/34/requests/read_bytes	integer	86924150
/rows/34/requests/stat	integer	91
/rows/34/timings_ms	object	-
/rows/34/timings_ms/copy_up_32	float	77.347922
/rows/34/timings_ms/metadata	float	289.292314
/rows/34/timings_ms/metadata_guest_hot	float	54.720553
/rows/34/timings_ms/open_read	float	803.784792
/rows/34/timings_ms/open_read_guest_hot	float	688.748744
/rows/34/timings_ms/read_64m	float	185.396377
/rows/34/trial	integer	8
/rows/34/variant	string	candidate
/rows/35	object	-
/rows/35/cache	string	warm
/rows/35/completion_ms	float	3336.070458
/rows/35/correctness	string	passed
/rows/35/host_fuse_mounts	array	-
/rows/35/requests	object	-
/rows/35/requests/ping	integer	1
/rows/35/requests/prepare	integer	1
/rows/35/timings_ms	object	-
/rows/35/timings_ms/copy_up_32	float	72.107564
/rows/35/timings_ms/metadata	float	254.190331
/rows/35/timings_ms/metadata_guest_hot	float	54.816342
/rows/35/timings_ms/open_read	float	586.379169
/rows/35/timings_ms/open_read_guest_hot	float	694.07289
/rows/35/timings_ms/read_64m	float	114.763107
/rows/35/trial	integer	8
/rows/35/variant	string	candidate
/rows/36	object	-
/rows/36/cache	string	cold
/rows/36/completion_ms	float	3678.736685
/rows/36/correctness	string	passed
/rows/36/host_fuse_mounts	array	-
/rows/36/requests	object	-
/rows/36/requests/fixture_read_bytes	integer	69203968
/rows/36/requests/fixture_reads	integer	2112
/rows/36/requests/list	integer	41
/rows/36/requests/ping	integer	1
/rows/36/requests/prepare	integer	1
/rows/36/requests/read	integer	2164
/rows/36/requests/read_bytes	integer	86924150
/rows/36/requests/stat	integer	91
/rows/36/timings_ms	object	-
/rows/36/timings_ms/copy_up_32	float	72.429565
/rows/36/timings_ms/metadata	float	286.903612
/rows/36/timings_ms/metadata_guest_hot	float	54.37117
/rows/36/timings_ms/open_read	float	791.389426
/rows/36/timings_ms/open_read_guest_hot	float	700.774039
/rows/36/timings_ms/read_64m	float	198.359232
/rows/36/trial	integer	9
/rows/36/variant	string	candidate
/rows/37	object	-
/rows/37/cache	string	warm
/rows/37/completion_ms	float	3317.426959
/rows/37/correctness	string	passed
/rows/37/host_fuse_mounts	array	-
/rows/37/requests	object	-
/rows/37/requests/ping	integer	1
/rows/37/requests/prepare	integer	1
/rows/37/timings_ms	object	-
/rows/37/timings_ms/copy_up_32	float	72.631853
/rows/37/timings_ms/metadata	float	253.373014
/rows/37/timings_ms/metadata_guest_hot	float	53.275774
/rows/37/timings_ms/open_read	float	584.546155
/rows/37/timings_ms/open_read_guest_hot	float	695.479448
/rows/37/timings_ms/read_64m	float	114.983729
/rows/37/trial	integer	9
/rows/37/variant	string	candidate
/rows/38	object	-
/rows/38/cache	string	cold
/rows/38/completion_ms	float	3557.562551
/rows/38/correctness	string	passed
/rows/38/host_fuse_mounts	array	-
/rows/38/host_fuse_mounts/0	string	29 58 0:80 / /home/reiase/workspace/pvisor/target/fs-service-benchmark-20261005/lazy-performance/trials/baseline-cold-9/store/.lazy-mount-6ad102f5-bf80-4bc7-b017-07b1ef1b470c ro,nosuid,nodev,noatime shared:695 - fuse pvisor-image ro,user_id=1000,group_id=1000
/rows/38/requests	object	-
/rows/38/requests/fixture_read_bytes	integer	69203968
/rows/38/requests/fixture_reads	integer	2112
/rows/38/requests/list	integer	41
/rows/38/requests/ping	integer	1
/rows/38/requests/prepare	integer	1
/rows/38/requests/read	integer	2164
/rows/38/requests/read_bytes	integer	86924150
/rows/38/requests/stat	integer	93
/rows/38/timings_ms	object	-
/rows/38/timings_ms/copy_up_32	float	27.743537
/rows/38/timings_ms/metadata	float	248.300588
/rows/38/timings_ms/metadata_guest_hot	float	39.93965
/rows/38/timings_ms/open_read	float	824.27001
/rows/38/timings_ms/open_read_guest_hot	float	663.57083
/rows/38/timings_ms/read_64m	float	189.6266
/rows/38/trial	integer	9
/rows/38/variant	string	baseline
/rows/39	object	-
/rows/39/cache	string	warm
/rows/39/completion_ms	float	3336.878115
/rows/39/correctness	string	passed
/rows/39/host_fuse_mounts	array	-
/rows/39/host_fuse_mounts/0	string	29 58 0:80 / /home/reiase/workspace/pvisor/target/fs-service-benchmark-20261005/lazy-performance/trials/baseline-warm-9/store/.lazy-mount-6d18a753-2b0e-4a0c-b74a-b0eb32076bd4 ro,nosuid,nodev,noatime shared:695 - fuse pvisor-image ro,user_id=1000,group_id=1000
/rows/39/requests	object	-
/rows/39/requests/ping	integer	1
/rows/39/requests/prepare	integer	1
/rows/39/timings_ms	object	-
/rows/39/timings_ms/copy_up_32	float	28.992772
/rows/39/timings_ms/metadata	float	217.363655
/rows/39/timings_ms/metadata_guest_hot	float	41.874886
/rows/39/timings_ms/open_read	float	636.898253
/rows/39/timings_ms/open_read_guest_hot	float	744.09175
/rows/39/timings_ms/read_64m	float	125.983198
/rows/39/trial	integer	9
/rows/39/variant	string	baseline
/rows/40	object	-
/rows/40/cache	string	cold
/rows/40/completion_ms	float	3703.123744
/rows/40/correctness	string	passed
/rows/40/host_fuse_mounts	array	-
/rows/40/requests	object	-
/rows/40/requests/fixture_read_bytes	integer	69203968
/rows/40/requests/fixture_reads	integer	2112
/rows/40/requests/list	integer	41
/rows/40/requests/ping	integer	1
/rows/40/requests/prepare	integer	1
/rows/40/requests/read	integer	2164
/rows/40/requests/read_bytes	integer	86924150
/rows/40/requests/stat	integer	91
/rows/40/timings_ms	object	-
/rows/40/timings_ms/copy_up_32	float	80.364108
/rows/40/timings_ms/metadata	float	290.680788
/rows/40/timings_ms/metadata_guest_hot	float	54.866656
/rows/40/timings_ms/open_read	float	795.069151
/rows/40/timings_ms/open_read_guest_hot	float	686.946327
/rows/40/timings_ms/read_64m	float	185.286201
/rows/40/trial	integer	10
/rows/40/variant	string	candidate
/rows/41	object	-
/rows/41/cache	string	warm
/rows/41/completion_ms	float	3316.153643
/rows/41/correctness	string	passed
/rows/41/host_fuse_mounts	array	-
/rows/41/requests	object	-
/rows/41/requests/ping	integer	1
/rows/41/requests/prepare	integer	1
/rows/41/timings_ms	object	-
/rows/41/timings_ms/copy_up_32	float	71.176414
/rows/41/timings_ms/metadata	float	251.349683
/rows/41/timings_ms/metadata_guest_hot	float	54.597112
/rows/41/timings_ms/open_read	float	580.718694
/rows/41/timings_ms/open_read_guest_hot	float	694.288924
/rows/41/timings_ms/read_64m	float	116.042448
/rows/41/trial	integer	10
/rows/41/variant	string	candidate
/rows/42	object	-
/rows/42/cache	string	cold
/rows/42/completion_ms	float	3577.791167
/rows/42/correctness	string	passed
/rows/42/host_fuse_mounts	array	-
/rows/42/host_fuse_mounts/0	string	29 58 0:80 / /home/reiase/workspace/pvisor/target/fs-service-benchmark-20261005/lazy-performance/trials/baseline-cold-10/store/.lazy-mount-acba43de-eccf-4dcf-8fda-13a9026df52b ro,nosuid,nodev,noatime shared:695 - fuse pvisor-image ro,user_id=1000,group_id=1000
/rows/42/requests	object	-
/rows/42/requests/fixture_read_bytes	integer	69203968
/rows/42/requests/fixture_reads	integer	2112
/rows/42/requests/list	integer	41
/rows/42/requests/ping	integer	1
/rows/42/requests/prepare	integer	1
/rows/42/requests/read	integer	2164
/rows/42/requests/read_bytes	integer	86924150
/rows/42/requests/stat	integer	93
/rows/42/timings_ms	object	-
/rows/42/timings_ms/copy_up_32	float	25.894233
/rows/42/timings_ms/metadata	float	261.43782
/rows/42/timings_ms/metadata_guest_hot	float	40.9992
/rows/42/timings_ms/open_read	float	817.033442
/rows/42/timings_ms/open_read_guest_hot	float	659.994338
/rows/42/timings_ms/read_64m	float	189.791838
/rows/42/trial	integer	10
/rows/42/variant	string	baseline
/rows/43	object	-
/rows/43/cache	string	warm
/rows/43/completion_ms	float	3332.367737
/rows/43/correctness	string	passed
/rows/43/host_fuse_mounts	array	-
/rows/43/host_fuse_mounts/0	string	29 58 0:80 / /home/reiase/workspace/pvisor/target/fs-service-benchmark-20261005/lazy-performance/trials/baseline-warm-10/store/.lazy-mount-a773b7c4-e482-4cf7-bba6-bdc4fd4e4fb4 ro,nosuid,nodev,noatime shared:695 - fuse pvisor-image ro,user_id=1000,group_id=1000
/rows/43/requests	object	-
/rows/43/requests/ping	integer	1
/rows/43/requests/prepare	integer	1
/rows/43/timings_ms	object	-
/rows/43/timings_ms/copy_up_32	float	28.869561
/rows/43/timings_ms/metadata	float	229.667469
/rows/43/timings_ms/metadata_guest_hot	float	42.116227
/rows/43/timings_ms/open_read	float	638.519652
/rows/43/timings_ms/open_read_guest_hot	float	738.996472
/rows/43/timings_ms/read_64m	float	125.420026
/rows/43/trial	integer	10
/rows/43/variant	string	baseline
/rows/44	object	-
/rows/44/cache	string	cold
/rows/44/completion_ms	float	3706.25574
/rows/44/correctness	string	passed
/rows/44/host_fuse_mounts	array	-
/rows/44/requests	object	-
/rows/44/requests/fixture_read_bytes	integer	69203968
/rows/44/requests/fixture_reads	integer	2112
/rows/44/requests/list	integer	41
/rows/44/requests/ping	integer	1
/rows/44/requests/prepare	integer	1
/rows/44/requests/read	integer	2164
/rows/44/requests/read_bytes	integer	86924150
/rows/44/requests/stat	integer	91
/rows/44/timings_ms	object	-
/rows/44/timings_ms/copy_up_32	float	72.051619
/rows/44/timings_ms/metadata	float	295.842671
/rows/44/timings_ms/metadata_guest_hot	float	55.689263
/rows/44/timings_ms/open_read	float	799.10483
/rows/44/timings_ms/open_read_guest_hot	float	699.678342
/rows/44/timings_ms/read_64m	float	185.496784
/rows/44/trial	integer	11
/rows/44/variant	string	candidate
/rows/45	object	-
/rows/45/cache	string	warm
/rows/45/completion_ms	float	3338.443358
/rows/45/correctness	string	passed
/rows/45/host_fuse_mounts	array	-
/rows/45/requests	object	-
/rows/45/requests/ping	integer	1
/rows/45/requests/prepare	integer	1
/rows/45/timings_ms	object	-
/rows/45/timings_ms/copy_up_32	float	77.562484
/rows/45/timings_ms/metadata	float	248.295188
/rows/45/timings_ms/metadata_guest_hot	float	54.433136
/rows/45/timings_ms/open_read	float	586.791659
/rows/45/timings_ms/open_read_guest_hot	float	695.826927
/rows/45/timings_ms/read_64m	float	117.792387
/rows/45/trial	integer	11
/rows/45/variant	string	candidate
/rows/46	object	-
/rows/46/cache	string	cold
/rows/46/completion_ms	float	3557.075892
/rows/46/correctness	string	passed
/rows/46/host_fuse_mounts	array	-
/rows/46/host_fuse_mounts/0	string	29 58 0:80 / /home/reiase/workspace/pvisor/target/fs-service-benchmark-20261005/lazy-performance/trials/baseline-cold-11/store/.lazy-mount-f9645627-43a9-4d3a-99dc-e6f98dba7141 ro,nosuid,nodev,noatime shared:695 - fuse pvisor-image ro,user_id=1000,group_id=1000
/rows/46/requests	object	-
/rows/46/requests/fixture_read_bytes	integer	69203968
/rows/46/requests/fixture_reads	integer	2112
/rows/46/requests/list	integer	41
/rows/46/requests/ping	integer	1
/rows/46/requests/prepare	integer	1
/rows/46/requests/read	integer	2164
/rows/46/requests/read_bytes	integer	86924150
/rows/46/requests/stat	integer	93
/rows/46/timings_ms	object	-
/rows/46/timings_ms/copy_up_32	float	28.324874
/rows/46/timings_ms/metadata	float	257.72275
/rows/46/timings_ms/metadata_guest_hot	float	40.837398
/rows/46/timings_ms/open_read	float	815.742591
/rows/46/timings_ms/open_read_guest_hot	float	671.12457
/rows/46/timings_ms/read_64m	float	187.588632
/rows/46/trial	integer	11
/rows/46/variant	string	baseline
/rows/47	object	-
/rows/47/cache	string	warm
/rows/47/completion_ms	float	3332.367857
/rows/47/correctness	string	passed
/rows/47/host_fuse_mounts	array	-
/rows/47/host_fuse_mounts/0	string	29 58 0:80 / /home/reiase/workspace/pvisor/target/fs-service-benchmark-20261005/lazy-performance/trials/baseline-warm-11/store/.lazy-mount-b8accbc2-ba84-472f-82c8-0d71794d99ed ro,nosuid,nodev,noatime shared:695 - fuse pvisor-image ro,user_id=1000,group_id=1000
/rows/47/requests	object	-
/rows/47/requests/ping	integer	1
/rows/47/requests/prepare	integer	1
/rows/47/timings_ms	object	-
/rows/47/timings_ms/copy_up_32	float	25.672589
/rows/47/timings_ms/metadata	float	221.162381
/rows/47/timings_ms/metadata_guest_hot	float	41.006944
/rows/47/timings_ms/open_read	float	630.602301
/rows/47/timings_ms/open_read_guest_hot	float	741.667061
/rows/47/timings_ms/read_64m	float	124.874327
/rows/47/trial	integer	11
/rows/47/variant	string	baseline
/rows/48	object	-
/rows/48/cache	string	cold
/rows/48/completion_ms	float	3658.904227
/rows/48/correctness	string	passed
/rows/48/host_fuse_mounts	array	-
/rows/48/host_fuse_mounts/0	string	29 58 0:80 / /home/reiase/workspace/pvisor/target/fs-service-benchmark-20261005/lazy-performance/trials/baseline-cold-12/store/.lazy-mount-68c6f442-ed19-4b12-8ca5-5d092b7258e2 ro,nosuid,nodev,noatime shared:695 - fuse pvisor-image ro,user_id=1000,group_id=1000
/rows/48/requests	object	-
/rows/48/requests/fixture_read_bytes	integer	69203968
/rows/48/requests/fixture_reads	integer	2112
/rows/48/requests/list	integer	41
/rows/48/requests/ping	integer	1
/rows/48/requests/prepare	integer	1
/rows/48/requests/read	integer	2164
/rows/48/requests/read_bytes	integer	86924150
/rows/48/requests/stat	integer	93
/rows/48/timings_ms	object	-
/rows/48/timings_ms/copy_up_32	float	27.126114
/rows/48/timings_ms/metadata	float	254.163871
/rows/48/timings_ms/metadata_guest_hot	float	41.693597
/rows/48/timings_ms/open_read	float	826.466543
/rows/48/timings_ms/open_read_guest_hot	float	746.961832
/rows/48/timings_ms/read_64m	float	189.803259
/rows/48/trial	integer	12
/rows/48/variant	string	baseline
/rows/49	object	-
/rows/49/cache	string	warm
/rows/49/completion_ms	float	3313.013732
/rows/49/correctness	string	passed
/rows/49/host_fuse_mounts	array	-
/rows/49/host_fuse_mounts/0	string	29 58 0:80 / /home/reiase/workspace/pvisor/target/fs-service-benchmark-20261005/lazy-performance/trials/baseline-warm-12/store/.lazy-mount-e64ea83f-9105-4c87-b698-e69bc51c5df1 ro,nosuid,nodev,noatime shared:695 - fuse pvisor-image ro,user_id=1000,group_id=1000
/rows/49/requests	object	-
/rows/49/requests/ping	integer	1
/rows/49/requests/prepare	integer	1
/rows/49/timings_ms	object	-
/rows/49/timings_ms/copy_up_32	float	25.894864
/rows/49/timings_ms/metadata	float	215.067585
/rows/49/timings_ms/metadata_guest_hot	float	43.568901
/rows/49/timings_ms/open_read	float	634.475978
/rows/49/timings_ms/open_read_guest_hot	float	742.014891
/rows/49/timings_ms/read_64m	float	125.608027
/rows/49/trial	integer	12
/rows/49/variant	string	baseline
/rows/50	object	-
/rows/50/cache	string	cold
/rows/50/completion_ms	float	3698.537895
/rows/50/correctness	string	passed
/rows/50/host_fuse_mounts	array	-
/rows/50/requests	object	-
/rows/50/requests/fixture_read_bytes	integer	69203968
/rows/50/requests/fixture_reads	integer	2112
/rows/50/requests/list	integer	41
/rows/50/requests/ping	integer	1
/rows/50/requests/prepare	integer	1
/rows/50/requests/read	integer	2164
/rows/50/requests/read_bytes	integer	86924150
/rows/50/requests/stat	integer	91
/rows/50/timings_ms	object	-
/rows/50/timings_ms/copy_up_32	float	77.43216
/rows/50/timings_ms/metadata	float	296.713908
/rows/50/timings_ms/metadata_guest_hot	float	53.985249
/rows/50/timings_ms/open_read	float	797.568139
/rows/50/timings_ms/open_read_guest_hot	float	703.08755
/rows/50/timings_ms/read_64m	float	184.722217
/rows/50/trial	integer	12
/rows/50/variant	string	candidate
/rows/51	object	-
/rows/51/cache	string	warm
/rows/51/completion_ms	float	3337.245411
/rows/51/correctness	string	passed
/rows/51/host_fuse_mounts	array	-
/rows/51/requests	object	-
/rows/51/requests/ping	integer	1
/rows/51/requests/prepare	integer	1
/rows/51/timings_ms	object	-
/rows/51/timings_ms/copy_up_32	float	72.429545
/rows/51/timings_ms/metadata	float	254.78961
/rows/51/timings_ms/metadata_guest_hot	float	54.786676
/rows/51/timings_ms/open_read	float	576.934655
/rows/51/timings_ms/open_read_guest_hot	float	698.029732
/rows/51/timings_ms/read_64m	float	116.51527
/rows/51/trial	integer	12
/rows/51/variant	string	candidate
/rows/52	object	-
/rows/52/cache	string	cold
/rows/52/completion_ms	float	3598.39733
/rows/52/correctness	string	passed
/rows/52/host_fuse_mounts	array	-
/rows/52/host_fuse_mounts/0	string	29 58 0:80 / /home/reiase/workspace/pvisor/target/fs-service-benchmark-20261005/lazy-performance/trials/baseline-cold-13/store/.lazy-mount-aee34d83-2243-4bb9-84ae-9ed9a68cfb92 ro,nosuid,nodev,noatime shared:695 - fuse pvisor-image ro,user_id=1000,group_id=1000
/rows/52/requests	object	-
/rows/52/requests/fixture_read_bytes	integer	69203968
/rows/52/requests/fixture_reads	integer	2112
/rows/52/requests/list	integer	41
/rows/52/requests/ping	integer	1
/rows/52/requests/prepare	integer	1
/rows/52/requests/read	integer	2164
/rows/52/requests/read_bytes	integer	86924150
/rows/52/requests/stat	integer	93
/rows/52/timings_ms	object	-
/rows/52/timings_ms/copy_up_32	float	28.639892
/rows/52/timings_ms/metadata	float	252.249505
/rows/52/timings_ms/metadata_guest_hot	float	40.098418
/rows/52/timings_ms/open_read	float	814.624031
/rows/52/timings_ms/open_read_guest_hot	float	685.939967
/rows/52/timings_ms/read_64m	float	202.713918
/rows/52/trial	integer	13
/rows/52/variant	string	baseline
/rows/53	object	-
/rows/53/cache	string	warm
/rows/53/completion_ms	float	3294.95233
/rows/53/correctness	string	passed
/rows/53/host_fuse_mounts	array	-
/rows/53/host_fuse_mounts/0	string	29 58 0:80 / /home/reiase/workspace/pvisor/target/fs-service-benchmark-20261005/lazy-performance/trials/baseline-warm-13/store/.lazy-mount-76eff4a6-e9a9-4637-bcea-e895de171b8d ro,nosuid,nodev,noatime shared:695 - fuse pvisor-image ro,user_id=1000,group_id=1000
/rows/53/requests	object	-
/rows/53/requests/ping	integer	1
/rows/53/requests/prepare	integer	1
/rows/53/timings_ms	object	-
/rows/53/timings_ms/copy_up_32	float	28.935624
/rows/53/timings_ms/metadata	float	214.801598
/rows/53/timings_ms/metadata_guest_hot	float	40.492614
/rows/53/timings_ms/open_read	float	627.884735
/rows/53/timings_ms/open_read_guest_hot	float	739.420364
/rows/53/timings_ms/read_64m	float	125.586136
/rows/53/trial	integer	13
/rows/53/variant	string	baseline
/rows/54	object	-
/rows/54/cache	string	cold
/rows/54/completion_ms	float	3678.157875
/rows/54/correctness	string	passed
/rows/54/host_fuse_mounts	array	-
/rows/54/requests	object	-
/rows/54/requests/fixture_read_bytes	integer	69203968
/rows/54/requests/fixture_reads	integer	2112
/rows/54/requests/list	integer	41
/rows/54/requests/ping	integer	1
/rows/54/requests/prepare	integer	1
/rows/54/requests/read	integer	2164
/rows/54/requests/read_bytes	integer	86924150
/rows/54/requests/stat	integer	91
/rows/54/timings_ms	object	-
/rows/54/timings_ms/copy_up_32	float	81.964136
/rows/54/timings_ms/metadata	float	288.352418
/rows/54/timings_ms/metadata_guest_hot	float	54.824697
/rows/54/timings_ms/open_read	float	786.714563
/rows/54/timings_ms/open_read_guest_hot	float	701.278371
/rows/54/timings_ms/read_64m	float	184.230589
/rows/54/trial	integer	13
/rows/54/variant	string	candidate
/rows/55	object	-
/rows/55/cache	string	warm
/rows/55/completion_ms	float	3355.761201
/rows/55/correctness	string	passed
/rows/55/host_fuse_mounts	array	-
/rows/55/requests	object	-
/rows/55/requests/ping	integer	1
/rows/55/requests/prepare	integer	1
/rows/55/timings_ms	object	-
/rows/55/timings_ms/copy_up_32	float	72.133311
/rows/55/timings_ms/metadata	float	259.286992
/rows/55/timings_ms/metadata_guest_hot	float	54.492176
/rows/55/timings_ms/open_read	float	585.920962
/rows/55/timings_ms/open_read_guest_hot	float	697.185986
/rows/55/timings_ms/read_64m	float	115.87795
/rows/55/trial	integer	13
/rows/55/variant	string	candidate
/rows/56	object	-
/rows/56/cache	string	cold
/rows/56/completion_ms	float	3575.921047
/rows/56/correctness	string	passed
/rows/56/host_fuse_mounts	array	-
/rows/56/host_fuse_mounts/0	string	29 58 0:80 / /home/reiase/workspace/pvisor/target/fs-service-benchmark-20261005/lazy-performance/trials/baseline-cold-14/store/.lazy-mount-225b77de-43fb-4bf5-be7f-bd13218e04dc ro,nosuid,nodev,noatime shared:695 - fuse pvisor-image ro,user_id=1000,group_id=1000
/rows/56/requests	object	-
/rows/56/requests/fixture_read_bytes	integer	69203968
/rows/56/requests/fixture_reads	integer	2112
/rows/56/requests/list	integer	41
/rows/56/requests/ping	integer	1
/rows/56/requests/prepare	integer	1
/rows/56/requests/read	integer	2164
/rows/56/requests/read_bytes	integer	86924150
/rows/56/requests/stat	integer	93
/rows/56/timings_ms	object	-
/rows/56/timings_ms/copy_up_32	float	28.309224
/rows/56/timings_ms/metadata	float	257.229457
/rows/56/timings_ms/metadata_guest_hot	float	41.065404
/rows/56/timings_ms/open_read	float	822.309047
/rows/56/timings_ms/open_read_guest_hot	float	658.86522
/rows/56/timings_ms/read_64m	float	191.486964
/rows/56/trial	integer	14
/rows/56/variant	string	baseline
/rows/57	object	-
/rows/57/cache	string	warm
/rows/57/completion_ms	float	3316.011568
/rows/57/correctness	string	passed
/rows/57/host_fuse_mounts	array	-
/rows/57/host_fuse_mounts/0	string	29 58 0:80 / /home/reiase/workspace/pvisor/target/fs-service-benchmark-20261005/lazy-performance/trials/baseline-warm-14/store/.lazy-mount-5cbbaa4a-8091-4735-857b-551fb92b568c ro,nosuid,nodev,noatime shared:695 - fuse pvisor-image ro,user_id=1000,group_id=1000
/rows/57/requests	object	-
/rows/57/requests/ping	integer	1
/rows/57/requests/prepare	integer	1
/rows/57/timings_ms	object	-
/rows/57/timings_ms/copy_up_32	float	28.845987
/rows/57/timings_ms/metadata	float	219.280806
/rows/57/timings_ms/metadata_guest_hot	float	46.948494
/rows/57/timings_ms/open_read	float	610.004192
/rows/57/timings_ms/open_read_guest_hot	float	740.947386
/rows/57/timings_ms/read_64m	float	123.856876
/rows/57/trial	integer	14
/rows/57/variant	string	baseline
/rows/58	object	-
/rows/58/cache	string	cold
/rows/58/completion_ms	float	3698.054032
/rows/58/correctness	string	passed
/rows/58/host_fuse_mounts	array	-
/rows/58/requests	object	-
/rows/58/requests/fixture_read_bytes	integer	69203968
/rows/58/requests/fixture_reads	integer	2112
/rows/58/requests/list	integer	41
/rows/58/requests/ping	integer	1
/rows/58/requests/prepare	integer	1
/rows/58/requests/read	integer	2164
/rows/58/requests/read_bytes	integer	86924150
/rows/58/requests/stat	integer	91
/rows/58/timings_ms	object	-
/rows/58/timings_ms/copy_up_32	float	75.431293
/rows/58/timings_ms/metadata	float	283.473625
/rows/58/timings_ms/metadata_guest_hot	float	54.582485
/rows/58/timings_ms/open_read	float	799.058383
/rows/58/timings_ms/open_read_guest_hot	float	701.866139
/rows/58/timings_ms/read_64m	float	185.625985
/rows/58/trial	integer	14
/rows/58/variant	string	candidate
/rows/59	object	-
/rows/59/cache	string	warm
/rows/59/completion_ms	float	3335.349812
/rows/59/correctness	string	passed
/rows/59/host_fuse_mounts	array	-
/rows/59/requests	object	-
/rows/59/requests/ping	integer	1
/rows/59/requests/prepare	integer	1
/rows/59/timings_ms	object	-
/rows/59/timings_ms/copy_up_32	float	79.58935
/rows/59/timings_ms/metadata	float	253.615666
/rows/59/timings_ms/metadata_guest_hot	float	54.052926
/rows/59/timings_ms/open_read	float	587.487078
/rows/59/timings_ms/open_read_guest_hot	float	696.18725
/rows/59/timings_ms/read_64m	float	116.965242
/rows/59/trial	integer	14
/rows/59/variant	string	candidate
/rows/60	object	-
/rows/60/cache	string	cold
/rows/60/completion_ms	float	3556.911995
/rows/60/correctness	string	passed
/rows/60/host_fuse_mounts	array	-
/rows/60/host_fuse_mounts/0	string	29 58 0:80 / /home/reiase/workspace/pvisor/target/fs-service-benchmark-20261005/lazy-performance/trials/baseline-cold-15/store/.lazy-mount-458afdc2-7fb7-45e9-a534-1ebc81e809a8 ro,nosuid,nodev,noatime shared:695 - fuse pvisor-image ro,user_id=1000,group_id=1000
/rows/60/requests	object	-
/rows/60/requests/fixture_read_bytes	integer	69203968
/rows/60/requests/fixture_reads	integer	2112
/rows/60/requests/list	integer	41
/rows/60/requests/ping	integer	1
/rows/60/requests/prepare	integer	1
/rows/60/requests/read	integer	2164
/rows/60/requests/read_bytes	integer	86924150
/rows/60/requests/stat	integer	93
/rows/60/timings_ms	object	-
/rows/60/timings_ms/copy_up_32	float	28.3016
/rows/60/timings_ms/metadata	float	253.70801
/rows/60/timings_ms/metadata_guest_hot	float	41.406832
/rows/60/timings_ms/open_read	float	816.493673
/rows/60/timings_ms/open_read_guest_hot	float	668.28692
/rows/60/timings_ms/read_64m	float	189.631428
/rows/60/trial	integer	15
/rows/60/variant	string	baseline
/rows/61	object	-
/rows/61/cache	string	warm
/rows/61/completion_ms	float	3333.233432
/rows/61/correctness	string	passed
/rows/61/host_fuse_mounts	array	-
/rows/61/host_fuse_mounts/0	string	29 58 0:80 / /home/reiase/workspace/pvisor/target/fs-service-benchmark-20261005/lazy-performance/trials/baseline-warm-15/store/.lazy-mount-b0529fc6-311e-4ea7-9c3d-29238230ef45 ro,nosuid,nodev,noatime shared:695 - fuse pvisor-image ro,user_id=1000,group_id=1000
/rows/61/requests	object	-
/rows/61/requests/ping	integer	1
/rows/61/requests/prepare	integer	1
/rows/61/timings_ms	object	-
/rows/61/timings_ms/copy_up_32	float	25.912136
/rows/61/timings_ms/metadata	float	224.192461
/rows/61/timings_ms/metadata_guest_hot	float	43.767671
/rows/61/timings_ms/open_read	float	639.541571
/rows/61/timings_ms/open_read_guest_hot	float	739.552911
/rows/61/timings_ms/read_64m	float	123.683462
/rows/61/trial	integer	15
/rows/61/variant	string	baseline
/rows/62	object	-
/rows/62/cache	string	cold
/rows/62/completion_ms	float	3640.362628
/rows/62/correctness	string	passed
/rows/62/host_fuse_mounts	array	-
/rows/62/requests	object	-
/rows/62/requests/fixture_read_bytes	integer	69203968
/rows/62/requests/fixture_reads	integer	2112
/rows/62/requests/list	integer	41
/rows/62/requests/ping	integer	1
/rows/62/requests/prepare	integer	1
/rows/62/requests/read	integer	2164
/rows/62/requests/read_bytes	integer	86924150
/rows/62/requests/stat	integer	91
/rows/62/timings_ms	object	-
/rows/62/timings_ms/copy_up_32	float	74.863982
/rows/62/timings_ms/metadata	float	279.931317
/rows/62/timings_ms/metadata_guest_hot	float	54.737264
/rows/62/timings_ms/open_read	float	801.277869
/rows/62/timings_ms/open_read_guest_hot	float	639.517065
/rows/62/timings_ms/read_64m	float	185.869431
/rows/62/trial	integer	15
/rows/62/variant	string	candidate
/rows/63	object	-
/rows/63/cache	string	warm
/rows/63/completion_ms	float	3338.447205
/rows/63/correctness	string	passed
/rows/63/host_fuse_mounts	array	-
/rows/63/requests	object	-
/rows/63/requests/ping	integer	1
/rows/63/requests/prepare	integer	1
/rows/63/timings_ms	object	-
/rows/63/timings_ms/copy_up_32	float	81.95536
/rows/63/timings_ms/metadata	float	254.771145
/rows/63/timings_ms/metadata_guest_hot	float	54.28536
/rows/63/timings_ms/open_read	float	582.76678
/rows/63/timings_ms/open_read_guest_hot	float	695.312877
/rows/63/timings_ms/read_64m	float	115.608357
/rows/63/trial	integer	15
/rows/63/variant	string	candidate
/rows/64	object	-
/rows/64/cache	string	cold
/rows/64/completion_ms	float	3596.451106
/rows/64/correctness	string	passed
/rows/64/host_fuse_mounts	array	-
/rows/64/host_fuse_mounts/0	string	29 58 0:80 / /home/reiase/workspace/pvisor/target/fs-service-benchmark-20261005/lazy-performance/trials/baseline-cold-16/store/.lazy-mount-1584e4fa-dfac-43e5-833c-d6ae36947bcb ro,nosuid,nodev,noatime shared:695 - fuse pvisor-image ro,user_id=1000,group_id=1000
/rows/64/requests	object	-
/rows/64/requests/fixture_read_bytes	integer	69203968
/rows/64/requests/fixture_reads	integer	2112
/rows/64/requests/list	integer	41
/rows/64/requests/ping	integer	1
/rows/64/requests/prepare	integer	1
/rows/64/requests/read	integer	2164
/rows/64/requests/read_bytes	integer	86924150
/rows/64/requests/stat	integer	93
/rows/64/timings_ms	object	-
/rows/64/timings_ms/copy_up_32	float	27.597104
/rows/64/timings_ms/metadata	float	254.169892
/rows/64/timings_ms/metadata_guest_hot	float	40.382118
/rows/64/timings_ms/open_read	float	824.263098
/rows/64/timings_ms/open_read_guest_hot	float	664.065043
/rows/64/timings_ms/read_64m	float	191.986428
/rows/64/trial	integer	16
/rows/64/variant	string	baseline
/rows/65	object	-
/rows/65/cache	string	warm
/rows/65/completion_ms	float	3313.193978
/rows/65/correctness	string	passed
/rows/65/host_fuse_mounts	array	-
/rows/65/host_fuse_mounts/0	string	29 58 0:80 / /home/reiase/workspace/pvisor/target/fs-service-benchmark-20261005/lazy-performance/trials/baseline-warm-16/store/.lazy-mount-b401c941-0e0e-4680-8cdf-51d11b299d7e ro,nosuid,nodev,noatime shared:695 - fuse pvisor-image ro,user_id=1000,group_id=1000
/rows/65/requests	object	-
/rows/65/requests/ping	integer	1
/rows/65/requests/prepare	integer	1
/rows/65/timings_ms	object	-
/rows/65/timings_ms/copy_up_32	float	28.988233
/rows/65/timings_ms/metadata	float	226.230379
/rows/65/timings_ms/metadata_guest_hot	float	39.702978
/rows/65/timings_ms/open_read	float	620.146138
/rows/65/timings_ms/open_read_guest_hot	float	741.144655
/rows/65/timings_ms/read_64m	float	122.997951
/rows/65/trial	integer	16
/rows/65/variant	string	baseline
/rows/66	object	-
/rows/66/cache	string	cold
/rows/66/completion_ms	float	3700.385123
/rows/66/correctness	string	passed
/rows/66/host_fuse_mounts	array	-
/rows/66/requests	object	-
/rows/66/requests/fixture_read_bytes	integer	69203968
/rows/66/requests/fixture_reads	integer	2112
/rows/66/requests/list	integer	41
/rows/66/requests/ping	integer	1
/rows/66/requests/prepare	integer	1
/rows/66/requests/read	integer	2164
/rows/66/requests/read_bytes	integer	86924150
/rows/66/requests/stat	integer	91
/rows/66/timings_ms	object	-
/rows/66/timings_ms/copy_up_32	float	72.449342
/rows/66/timings_ms/metadata	float	285.265491
/rows/66/timings_ms/metadata_guest_hot	float	54.695847
/rows/66/timings_ms/open_read	float	797.270993
/rows/66/timings_ms/open_read_guest_hot	float	701.431637
/rows/66/timings_ms/read_64m	float	184.176037
/rows/66/trial	integer	16
/rows/66/variant	string	candidate
/rows/67	object	-
/rows/67/cache	string	warm
/rows/67/completion_ms	float	3318.357948
/rows/67/correctness	string	passed
/rows/67/host_fuse_mounts	array	-
/rows/67/requests	object	-
/rows/67/requests/ping	integer	1
/rows/67/requests/prepare	integer	1
/rows/67/timings_ms	object	-
/rows/67/timings_ms/copy_up_32	float	72.208472
/rows/67/timings_ms/metadata	float	253.201263
/rows/67/timings_ms/metadata_guest_hot	float	55.824044
/rows/67/timings_ms/open_read	float	571.72884
/rows/67/timings_ms/open_read_guest_hot	float	694.097326
/rows/67/timings_ms/read_64m	float	119.40551
/rows/67/trial	integer	16
/rows/67/variant	string	candidate
/rows/68	object	-
/rows/68/cache	string	cold
/rows/68/completion_ms	float	3641.546389
/rows/68/correctness	string	passed
/rows/68/host_fuse_mounts	array	-
/rows/68/host_fuse_mounts/0	string	29 58 0:80 / /home/reiase/workspace/pvisor/target/fs-service-benchmark-20261005/lazy-performance/trials/baseline-cold-17/store/.lazy-mount-43cc962a-3f22-4c3f-85bd-635d8a0e8269 ro,nosuid,nodev,noatime shared:695 - fuse pvisor-image ro,user_id=1000,group_id=1000
/rows/68/requests	object	-
/rows/68/requests/fixture_read_bytes	integer	69203968
/rows/68/requests/fixture_reads	integer	2112
/rows/68/requests/list	integer	41
/rows/68/requests/ping	integer	1
/rows/68/requests/prepare	integer	1
/rows/68/requests/read	integer	2164
/rows/68/requests/read_bytes	integer	86924150
/rows/68/requests/stat	integer	93
/rows/68/timings_ms	object	-
/rows/68/timings_ms/copy_up_32	float	25.66821
/rows/68/timings_ms/metadata	float	264.453512
/rows/68/timings_ms/metadata_guest_hot	float	41.208852
/rows/68/timings_ms/open_read	float	826.458198
/rows/68/timings_ms/open_read_guest_hot	float	716.461093
/rows/68/timings_ms/read_64m	float	191.242047
/rows/68/trial	integer	17
/rows/68/variant	string	baseline
/rows/69	object	-
/rows/69/cache	string	warm
/rows/69/completion_ms	float	3332.681272
/rows/69/correctness	string	passed
/rows/69/host_fuse_mounts	array	-
/rows/69/host_fuse_mounts/0	string	29 58 0:80 / /home/reiase/workspace/pvisor/target/fs-service-benchmark-20261005/lazy-performance/trials/baseline-warm-17/store/.lazy-mount-a89ecffa-699a-4432-b2a7-5f417e03bdac ro,nosuid,nodev,noatime shared:695 - fuse pvisor-image ro,user_id=1000,group_id=1000
/rows/69/requests	object	-
/rows/69/requests/ping	integer	1
/rows/69/requests/prepare	integer	1
/rows/69/timings_ms	object	-
/rows/69/timings_ms/copy_up_32	float	27.306461
/rows/69/timings_ms/metadata	float	225.683537
/rows/69/timings_ms/metadata_guest_hot	float	43.533375
/rows/69/timings_ms/open_read	float	637.70486
/rows/69/timings_ms/open_read_guest_hot	float	739.228936
/rows/69/timings_ms/read_64m	float	126.72299
/rows/69/trial	integer	17
/rows/69/variant	string	baseline
/rows/70	object	-
/rows/70/cache	string	cold
/rows/70/completion_ms	float	3699.291932
/rows/70/correctness	string	passed
/rows/70/host_fuse_mounts	array	-
/rows/70/requests	object	-
/rows/70/requests/fixture_read_bytes	integer	69203968
/rows/70/requests/fixture_reads	integer	2112
/rows/70/requests/list	integer	41
/rows/70/requests/ping	integer	1
/rows/70/requests/prepare	integer	1
/rows/70/requests/read	integer	2164
/rows/70/requests/read_bytes	integer	86924150
/rows/70/requests/stat	integer	91
/rows/70/timings_ms	object	-
/rows/70/timings_ms/copy_up_32	float	71.488256
/rows/70/timings_ms/metadata	float	292.731238
/rows/70/timings_ms/metadata_guest_hot	float	54.296471
/rows/70/timings_ms/open_read	float	804.568105
/rows/70/timings_ms/open_read_guest_hot	float	700.245371
/rows/70/timings_ms/read_64m	float	185.000788
/rows/70/trial	integer	17
/rows/70/variant	string	candidate
/rows/71	object	-
/rows/71/cache	string	warm
/rows/71/completion_ms	float	3377.437511
/rows/71/correctness	string	passed
/rows/71/host_fuse_mounts	array	-
/rows/71/requests	object	-
/rows/71/requests/ping	integer	1
/rows/71/requests/prepare	integer	1
/rows/71/timings_ms	object	-
/rows/71/timings_ms/copy_up_32	float	72.600955
/rows/71/timings_ms/metadata	float	258.497116
/rows/71/timings_ms/metadata_guest_hot	float	55.341112
/rows/71/timings_ms/open_read	float	574.434144
/rows/71/timings_ms/open_read_guest_hot	float	742.19175
/rows/71/timings_ms/read_64m	float	116.06545
/rows/71/trial	integer	17
/rows/71/variant	string	candidate
/rows/72	object	-
/rows/72/cache	string	cold
/rows/72/completion_ms	float	3656.401025
/rows/72/correctness	string	passed
/rows/72/host_fuse_mounts	array	-
/rows/72/host_fuse_mounts/0	string	29 58 0:80 / /home/reiase/workspace/pvisor/target/fs-service-benchmark-20261005/lazy-performance/trials/baseline-cold-18/store/.lazy-mount-d8985312-61d4-4013-85c6-f338b55e49ff ro,nosuid,nodev,noatime shared:695 - fuse pvisor-image ro,user_id=1000,group_id=1000
/rows/72/requests	object	-
/rows/72/requests/fixture_read_bytes	integer	69203968
/rows/72/requests/fixture_reads	integer	2112
/rows/72/requests/list	integer	41
/rows/72/requests/ping	integer	1
/rows/72/requests/prepare	integer	1
/rows/72/requests/read	integer	2164
/rows/72/requests/read_bytes	integer	86924150
/rows/72/requests/stat	integer	93
/rows/72/timings_ms	object	-
/rows/72/timings_ms/copy_up_32	float	27.751943
/rows/72/timings_ms/metadata	float	249.453441
/rows/72/timings_ms/metadata_guest_hot	float	39.225026
/rows/72/timings_ms/open_read	float	832.786711
/rows/72/timings_ms/open_read_guest_hot	float	743.810545
/rows/72/timings_ms/read_64m	float	191.819556
/rows/72/trial	integer	18
/rows/72/variant	string	baseline
/rows/73	object	-
/rows/73/cache	string	warm
/rows/73/completion_ms	float	3314.705379
/rows/73/correctness	string	passed
/rows/73/host_fuse_mounts	array	-
/rows/73/host_fuse_mounts/0	string	29 58 0:80 / /home/reiase/workspace/pvisor/target/fs-service-benchmark-20261005/lazy-performance/trials/baseline-warm-18/store/.lazy-mount-ec5512f4-0d58-48c3-b68b-939ec3bd6fc7 ro,nosuid,nodev,noatime shared:695 - fuse pvisor-image ro,user_id=1000,group_id=1000
/rows/73/requests	object	-
/rows/73/requests/ping	integer	1
/rows/73/requests/prepare	integer	1
/rows/73/timings_ms	object	-
/rows/73/timings_ms/copy_up_32	float	28.857598
/rows/73/timings_ms/metadata	float	229.4589
/rows/73/timings_ms/metadata_guest_hot	float	47.822586
/rows/73/timings_ms/open_read	float	631.625874
/rows/73/timings_ms/open_read_guest_hot	float	743.04264
/rows/73/timings_ms/read_64m	float	123.965298
/rows/73/trial	integer	18
/rows/73/variant	string	baseline
/rows/74	object	-
/rows/74/cache	string	cold
/rows/74/completion_ms	float	3679.645341
/rows/74/correctness	string	passed
/rows/74/host_fuse_mounts	array	-
/rows/74/requests	object	-
/rows/74/requests/fixture_read_bytes	integer	69203968
/rows/74/requests/fixture_reads	integer	2112
/rows/74/requests/list	integer	41
/rows/74/requests/ping	integer	1
/rows/74/requests/prepare	integer	1
/rows/74/requests/read	integer	2164
/rows/74/requests/read_bytes	integer	86924150
/rows/74/requests/stat	integer	91
/rows/74/timings_ms	object	-
/rows/74/timings_ms/copy_up_32	float	72.942103
/rows/74/timings_ms/metadata	float	285.237289
/rows/74/timings_ms/metadata_guest_hot	float	55.224054
/rows/74/timings_ms/open_read	float	793.179721
/rows/74/timings_ms/open_read_guest_hot	float	701.680862
/rows/74/timings_ms/read_64m	float	187.395782
/rows/74/trial	integer	18
/rows/74/variant	string	candidate
/rows/75	object	-
/rows/75/cache	string	warm
/rows/75/completion_ms	float	3316.108267
/rows/75/correctness	string	passed
/rows/75/host_fuse_mounts	array	-
/rows/75/requests	object	-
/rows/75/requests/ping	integer	1
/rows/75/requests/prepare	integer	1
/rows/75/timings_ms	object	-
/rows/75/timings_ms/copy_up_32	float	72.149602
/rows/75/timings_ms/metadata	float	257.860437
/rows/75/timings_ms/metadata_guest_hot	float	55.043977
/rows/75/timings_ms/open_read	float	574.259287
/rows/75/timings_ms/open_read_guest_hot	float	695.910503
/rows/75/timings_ms/read_64m	float	118.283985
/rows/75/trial	integer	18
/rows/75/variant	string	candidate
/rows/76	object	-
/rows/76/cache	string	cold
/rows/76/completion_ms	float	3659.03967
/rows/76/correctness	string	passed
/rows/76/host_fuse_mounts	array	-
/rows/76/requests	object	-
/rows/76/requests/fixture_read_bytes	integer	69203968
/rows/76/requests/fixture_reads	integer	2112
/rows/76/requests/list	integer	41
/rows/76/requests/ping	integer	1
/rows/76/requests/prepare	integer	1
/rows/76/requests/read	integer	2164
/rows/76/requests/read_bytes	integer	86924150
/rows/76/requests/stat	integer	91
/rows/76/timings_ms	object	-
/rows/76/timings_ms/copy_up_32	float	76.191292
/rows/76/timings_ms/metadata	float	282.455582
/rows/76/timings_ms/metadata_guest_hot	float	54.523865
/rows/76/timings_ms/open_read	float	803.036915
/rows/76/timings_ms/open_read_guest_hot	float	664.597147
/rows/76/timings_ms/read_64m	float	186.301809
/rows/76/trial	integer	19
/rows/76/variant	string	candidate
/rows/77	object	-
/rows/77/cache	string	warm
/rows/77/completion_ms	float	3378.40681
/rows/77/correctness	string	passed
/rows/77/host_fuse_mounts	array	-
/rows/77/requests	object	-
/rows/77/requests/ping	integer	1
/rows/77/requests/prepare	integer	1
/rows/77/timings_ms	object	-
/rows/77/timings_ms/copy_up_32	float	73.060744
/rows/77/timings_ms/metadata	float	263.915628
/rows/77/timings_ms/metadata_guest_hot	float	55.363814
/rows/77/timings_ms/open_read	float	609.158162
/rows/77/timings_ms/open_read_guest_hot	float	703.555204
/rows/77/timings_ms/read_64m	float	114.866091
/rows/77/trial	integer	19
/rows/77/variant	string	candidate
/rows/78	object	-
/rows/78/cache	string	cold
/rows/78/completion_ms	float	3616.76879
/rows/78/correctness	string	passed
/rows/78/host_fuse_mounts	array	-
/rows/78/host_fuse_mounts/0	string	29 58 0:80 / /home/reiase/workspace/pvisor/target/fs-service-benchmark-20261005/lazy-performance/trials/baseline-cold-19/store/.lazy-mount-0933b23b-a49b-4070-bf79-e1ca3aa2e222 ro,nosuid,nodev,noatime shared:695 - fuse pvisor-image ro,user_id=1000,group_id=1000
/rows/78/requests	object	-
/rows/78/requests/fixture_read_bytes	integer	69203968
/rows/78/requests/fixture_reads	integer	2112
/rows/78/requests/list	integer	41
/rows/78/requests/ping	integer	1
/rows/78/requests/prepare	integer	1
/rows/78/requests/read	integer	2164
/rows/78/requests/read_bytes	integer	86924150
/rows/78/requests/stat	integer	93
/rows/78/timings_ms	object	-
/rows/78/timings_ms/copy_up_32	float	28.584308
/rows/78/timings_ms/metadata	float	248.260764
/rows/78/timings_ms/metadata_guest_hot	float	40.716101
/rows/78/timings_ms/open_read	float	815.67266
/rows/78/timings_ms/open_read_guest_hot	float	706.401191
/rows/78/timings_ms/read_64m	float	187.829953
/rows/78/trial	integer	19
/rows/78/variant	string	baseline
/rows/79	object	-
/rows/79/cache	string	warm
/rows/79/completion_ms	float	3333.06006
/rows/79/correctness	string	passed
/rows/79/host_fuse_mounts	array	-
/rows/79/host_fuse_mounts/0	string	29 58 0:80 / /home/reiase/workspace/pvisor/target/fs-service-benchmark-20261005/lazy-performance/trials/baseline-warm-19/store/.lazy-mount-af6abf76-0554-45ef-bb11-69ab996f8bdd ro,nosuid,nodev,noatime shared:695 - fuse pvisor-image ro,user_id=1000,group_id=1000
/rows/79/requests	object	-
/rows/79/requests/ping	integer	1
/rows/79/requests/prepare	integer	1
/rows/79/timings_ms	object	-
/rows/79/timings_ms/copy_up_32	float	29.597691
/rows/79/timings_ms/metadata	float	228.536427
/rows/79/timings_ms/metadata_guest_hot	float	42.025468
/rows/79/timings_ms/open_read	float	641.344208
/rows/79/timings_ms/open_read_guest_hot	float	739.71859
/rows/79/timings_ms/read_64m	float	124.307909
/rows/79/trial	integer	19
/rows/79/variant	string	baseline
/rows/80	object	-
/rows/80/cache	string	cold
/rows/80/completion_ms	float	3680.304151
/rows/80/correctness	string	passed
/rows/80/host_fuse_mounts	array	-
/rows/80/requests	object	-
/rows/80/requests/fixture_read_bytes	integer	69203968
/rows/80/requests/fixture_reads	integer	2112
/rows/80/requests/list	integer	41
/rows/80/requests/ping	integer	1
/rows/80/requests/prepare	integer	1
/rows/80/requests/read	integer	2164
/rows/80/requests/read_bytes	integer	86924150
/rows/80/requests/stat	integer	91
/rows/80/timings_ms	object	-
/rows/80/timings_ms/copy_up_32	float	78.016963
/rows/80/timings_ms/metadata	float	283.220321
/rows/80/timings_ms/metadata_guest_hot	float	54.331907
/rows/80/timings_ms/open_read	float	791.418942
/rows/80/timings_ms/open_read_guest_hot	float	701.692395
/rows/80/timings_ms/read_64m	float	186.514075
/rows/80/trial	integer	20
/rows/80/variant	string	candidate
/rows/81	object	-
/rows/81/cache	string	warm
/rows/81/completion_ms	float	3335.050785
/rows/81/correctness	string	passed
/rows/81/host_fuse_mounts	array	-
/rows/81/requests	object	-
/rows/81/requests/ping	integer	1
/rows/81/requests/prepare	integer	1
/rows/81/timings_ms	object	-
/rows/81/timings_ms/copy_up_32	float	77.761606
/rows/81/timings_ms/metadata	float	256.617024
/rows/81/timings_ms/metadata_guest_hot	float	55.658345
/rows/81/timings_ms/open_read	float	572.586452
/rows/81/timings_ms/open_read_guest_hot	float	693.230186
/rows/81/timings_ms/read_64m	float	119.677618
/rows/81/trial	integer	20
/rows/81/variant	string	candidate
/rows/82	object	-
/rows/82/cache	string	cold
/rows/82/completion_ms	float	3577.570255
/rows/82/correctness	string	passed
/rows/82/host_fuse_mounts	array	-
/rows/82/host_fuse_mounts/0	string	29 58 0:80 / /home/reiase/workspace/pvisor/target/fs-service-benchmark-20261005/lazy-performance/trials/baseline-cold-20/store/.lazy-mount-9e512009-8f0f-4e9f-8b8c-716c7c6d5b43 ro,nosuid,nodev,noatime shared:695 - fuse pvisor-image ro,user_id=1000,group_id=1000
/rows/82/requests	object	-
/rows/82/requests/fixture_read_bytes	integer	69203968
/rows/82/requests/fixture_reads	integer	2112
/rows/82/requests/list	integer	41
/rows/82/requests/ping	integer	1
/rows/82/requests/prepare	integer	1
/rows/82/requests/read	integer	2164
/rows/82/requests/read_bytes	integer	86924150
/rows/82/requests/stat	integer	93
/rows/82/timings_ms	object	-
/rows/82/timings_ms/copy_up_32	float	28.467199
/rows/82/timings_ms/metadata	float	257.751432
/rows/82/timings_ms/metadata_guest_hot	float	41.910723
/rows/82/timings_ms/open_read	float	824.477147
/rows/82/timings_ms/open_read_guest_hot	float	665.57288
/rows/82/timings_ms/read_64m	float	188.247534
/rows/82/trial	integer	20
/rows/82/variant	string	baseline
/rows/83	object	-
/rows/83/cache	string	warm
/rows/83/completion_ms	float	3333.811141
/rows/83/correctness	string	passed
/rows/83/host_fuse_mounts	array	-
/rows/83/host_fuse_mounts/0	string	29 58 0:80 / /home/reiase/workspace/pvisor/target/fs-service-benchmark-20261005/lazy-performance/trials/baseline-warm-20/store/.lazy-mount-131ae4a7-eb9d-47a7-97b3-0bc29b327e48 ro,nosuid,nodev,noatime shared:695 - fuse pvisor-image ro,user_id=1000,group_id=1000
/rows/83/requests	object	-
/rows/83/requests/ping	integer	1
/rows/83/requests/prepare	integer	1
/rows/83/timings_ms	object	-
/rows/83/timings_ms/copy_up_32	float	26.398966
/rows/83/timings_ms/metadata	float	229.754482
/rows/83/timings_ms/metadata_guest_hot	float	42.018043
/rows/83/timings_ms/open_read	float	641.803747
/rows/83/timings_ms/open_read_guest_hot	float	743.105177
/rows/83/timings_ms/read_64m	float	122.835789
/rows/83/trial	integer	20
/rows/83/variant	string	baseline
/rows/84	object	-
/rows/84/cache	string	cold
/rows/84/completion_ms	float	3748.222463
/rows/84/correctness	string	passed
/rows/84/host_fuse_mounts	array	-
/rows/84/requests	object	-
/rows/84/requests/fixture_read_bytes	integer	69203968
/rows/84/requests/fixture_reads	integer	2112
/rows/84/requests/list	integer	41
/rows/84/requests/ping	integer	1
/rows/84/requests/prepare	integer	1
/rows/84/requests/read	integer	2164
/rows/84/requests/read_bytes	integer	86924150
/rows/84/requests/stat	integer	91
/rows/84/timings_ms	object	-
/rows/84/timings_ms/copy_up_32	float	76.471396
/rows/84/timings_ms/metadata	float	294.936748
/rows/84/timings_ms/metadata_guest_hot	float	54.125712
/rows/84/timings_ms/open_read	float	790.87187
/rows/84/timings_ms/open_read_guest_hot	float	733.957579
/rows/84/timings_ms/read_64m	float	187.846464
/rows/84/trial	integer	21
/rows/84/variant	string	candidate
/rows/85	object	-
/rows/85/cache	string	warm
/rows/85/completion_ms	float	3336.609334
/rows/85/correctness	string	passed
/rows/85/host_fuse_mounts	array	-
/rows/85/requests	object	-
/rows/85/requests/ping	integer	1
/rows/85/requests/prepare	integer	1
/rows/85/timings_ms	object	-
/rows/85/timings_ms/copy_up_32	float	78.185067
/rows/85/timings_ms/metadata	float	250.305053
/rows/85/timings_ms/metadata_guest_hot	float	54.015687
/rows/85/timings_ms/open_read	float	580.404077
/rows/85/timings_ms/open_read_guest_hot	float	696.498662
/rows/85/timings_ms/read_64m	float	117.405134
/rows/85/trial	integer	21
/rows/85/variant	string	candidate
/rows/86	object	-
/rows/86/cache	string	cold
/rows/86/completion_ms	float	3557.722789
/rows/86/correctness	string	passed
/rows/86/host_fuse_mounts	array	-
/rows/86/host_fuse_mounts/0	string	29 58 0:80 / /home/reiase/workspace/pvisor/target/fs-service-benchmark-20261005/lazy-performance/trials/baseline-cold-21/store/.lazy-mount-687a68c0-b827-4ad8-9900-af5cc8d56934 ro,nosuid,nodev,noatime shared:695 - fuse pvisor-image ro,user_id=1000,group_id=1000
/rows/86/requests	object	-
/rows/86/requests/fixture_read_bytes	integer	69203968
/rows/86/requests/fixture_reads	integer	2112
/rows/86/requests/list	integer	41
/rows/86/requests/ping	integer	1
/rows/86/requests/prepare	integer	1
/rows/86/requests/read	integer	2164
/rows/86/requests/read_bytes	integer	86924150
/rows/86/requests/stat	integer	93
/rows/86/timings_ms	object	-
/rows/86/timings_ms/copy_up_32	float	28.616017
/rows/86/timings_ms/metadata	float	263.230919
/rows/86/timings_ms/metadata_guest_hot	float	41.90936
/rows/86/timings_ms/open_read	float	818.901672
/rows/86/timings_ms/open_read_guest_hot	float	667.048316
/rows/86/timings_ms/read_64m	float	188.833769
/rows/86/trial	integer	21
/rows/86/variant	string	baseline
/rows/87	object	-
/rows/87/cache	string	warm
/rows/87/completion_ms	float	3316.061361
/rows/87/correctness	string	passed
/rows/87/host_fuse_mounts	array	-
/rows/87/host_fuse_mounts/0	string	29 58 0:80 / /home/reiase/workspace/pvisor/target/fs-service-benchmark-20261005/lazy-performance/trials/baseline-warm-21/store/.lazy-mount-e43ffb3d-7f87-44a5-ad49-8b561a97789c ro,nosuid,nodev,noatime shared:695 - fuse pvisor-image ro,user_id=1000,group_id=1000
/rows/87/requests	object	-
/rows/87/requests/ping	integer	1
/rows/87/requests/prepare	integer	1
/rows/87/timings_ms	object	-
/rows/87/timings_ms/copy_up_32	float	28.420943
/rows/87/timings_ms/metadata	float	222.622288
/rows/87/timings_ms/metadata_guest_hot	float	45.212571
/rows/87/timings_ms/open_read	float	640.207566
/rows/87/timings_ms/open_read_guest_hot	float	733.388435
/rows/87/timings_ms/read_64m	float	125.845461
/rows/87/trial	integer	21
/rows/87/variant	string	baseline
/rows/88	object	-
/rows/88/cache	string	cold
/rows/88/completion_ms	float	3639.207292
/rows/88/correctness	string	passed
/rows/88/host_fuse_mounts	array	-
/rows/88/requests	object	-
/rows/88/requests/fixture_read_bytes	integer	69203968
/rows/88/requests/fixture_reads	integer	2112
/rows/88/requests/list	integer	41
/rows/88/requests/ping	integer	1
/rows/88/requests/prepare	integer	1
/rows/88/requests/read	integer	2164
/rows/88/requests/read_bytes	integer	86924150
/rows/88/requests/stat	integer	91
/rows/88/timings_ms	object	-
/rows/88/timings_ms/copy_up_32	float	71.615995
/rows/88/timings_ms/metadata	float	284.77221
/rows/88/timings_ms/metadata_guest_hot	float	54.609065
/rows/88/timings_ms/open_read	float	797.381721
/rows/88/timings_ms/open_read_guest_hot	float	663.871732
/rows/88/timings_ms/read_64m	float	183.101059
/rows/88/trial	integer	22
/rows/88/variant	string	candidate
/rows/89	object	-
/rows/89/cache	string	warm
/rows/89/completion_ms	float	3365.190071
/rows/89/correctness	string	passed
/rows/89/host_fuse_mounts	array	-
/rows/89/requests	object	-
/rows/89/requests/ping	integer	1
/rows/89/requests/prepare	integer	1
/rows/89/timings_ms	object	-
/rows/89/timings_ms/copy_up_32	float	78.962129
/rows/89/timings_ms/metadata	float	261.603219
/rows/89/timings_ms/metadata_guest_hot	float	55.011036
/rows/89/timings_ms/open_read	float	584.970027
/rows/89/timings_ms/open_read_guest_hot	float	696.581457
/rows/89/timings_ms/read_64m	float	116.428219
/rows/89/trial	integer	22
/rows/89/variant	string	candidate
/rows/90	object	-
/rows/90/cache	string	cold
/rows/90/completion_ms	float	3679.271383
/rows/90/correctness	string	passed
/rows/90/host_fuse_mounts	array	-
/rows/90/host_fuse_mounts/0	string	29 58 0:80 / /home/reiase/workspace/pvisor/target/fs-service-benchmark-20261005/lazy-performance/trials/baseline-cold-22/store/.lazy-mount-3670677c-3aaa-4216-a497-5dd5ba2bc469 ro,nosuid,nodev,noatime shared:695 - fuse pvisor-image ro,user_id=1000,group_id=1000
/rows/90/requests	object	-
/rows/90/requests/fixture_read_bytes	integer	69203968
/rows/90/requests/fixture_reads	integer	2112
/rows/90/requests/list	integer	41
/rows/90/requests/ping	integer	1
/rows/90/requests/prepare	integer	1
/rows/90/requests/read	integer	2164
/rows/90/requests/read_bytes	integer	86924150
/rows/90/requests/stat	integer	93
/rows/90/timings_ms	object	-
/rows/90/timings_ms/copy_up_32	float	28.637758
/rows/90/timings_ms/metadata	float	262.49235
/rows/90/timings_ms/metadata_guest_hot	float	42.030396
/rows/90/timings_ms/open_read	float	869.290653
/rows/90/timings_ms/open_read_guest_hot	float	705.907227
/rows/90/timings_ms/read_64m	float	190.041985
/rows/90/trial	integer	22
/rows/90/variant	string	baseline
/rows/91	object	-
/rows/91/cache	string	warm
/rows/91/completion_ms	float	3292.37026
/rows/91/correctness	string	passed
/rows/91/host_fuse_mounts	array	-
/rows/91/host_fuse_mounts/0	string	29 58 0:80 / /home/reiase/workspace/pvisor/target/fs-service-benchmark-20261005/lazy-performance/trials/baseline-warm-22/store/.lazy-mount-f26b4ee8-cb29-401a-a529-fe18c17784d9 ro,nosuid,nodev,noatime shared:695 - fuse pvisor-image ro,user_id=1000,group_id=1000
/rows/91/requests	object	-
/rows/91/requests/ping	integer	1
/rows/91/requests/prepare	integer	1
/rows/91/timings_ms	object	-
/rows/91/timings_ms/copy_up_32	float	26.42793
/rows/91/timings_ms/metadata	float	219.810606
/rows/91/timings_ms/metadata_guest_hot	float	43.201604
/rows/91/timings_ms/open_read	float	603.361644
/rows/91/timings_ms/open_read_guest_hot	float	740.352695
/rows/91/timings_ms/read_64m	float	126.330937
/rows/91/trial	integer	22
/rows/91/variant	string	baseline
/rows/92	object	-
/rows/92/cache	string	cold
/rows/92/completion_ms	float	3595.748687
/rows/92/correctness	string	passed
/rows/92/host_fuse_mounts	array	-
/rows/92/host_fuse_mounts/0	string	29 58 0:80 / /home/reiase/workspace/pvisor/target/fs-service-benchmark-20261005/lazy-performance/trials/baseline-cold-23/store/.lazy-mount-c262d492-99a2-4e47-85f2-f6cf7379616d ro,nosuid,nodev,noatime shared:695 - fuse pvisor-image ro,user_id=1000,group_id=1000
/rows/92/requests	object	-
/rows/92/requests/fixture_read_bytes	integer	69203968
/rows/92/requests/fixture_reads	integer	2112
/rows/92/requests/list	integer	41
/rows/92/requests/ping	integer	1
/rows/92/requests/prepare	integer	1
/rows/92/requests/read	integer	2164
/rows/92/requests/read_bytes	integer	86924150
/rows/92/requests/stat	integer	93
/rows/92/timings_ms	object	-
/rows/92/timings_ms/copy_up_32	float	28.494972
/rows/92/timings_ms/metadata	float	260.816288
/rows/92/timings_ms/metadata_guest_hot	float	41.227586
/rows/92/timings_ms/open_read	float	835.054116
/rows/92/timings_ms/open_read_guest_hot	float	660.077003
/rows/92/timings_ms/read_64m	float	189.24121
/rows/92/trial	integer	23
/rows/92/variant	string	baseline
/rows/93	object	-
/rows/93/cache	string	warm
/rows/93/completion_ms	float	3334.067369
/rows/93/correctness	string	passed
/rows/93/host_fuse_mounts	array	-
/rows/93/host_fuse_mounts/0	string	29 58 0:80 / /home/reiase/workspace/pvisor/target/fs-service-benchmark-20261005/lazy-performance/trials/baseline-warm-23/store/.lazy-mount-9eabb00d-562b-4d49-aa02-3f417b23e94d ro,nosuid,nodev,noatime shared:695 - fuse pvisor-image ro,user_id=1000,group_id=1000
/rows/93/requests	object	-
/rows/93/requests/ping	integer	1
/rows/93/requests/prepare	integer	1
/rows/93/timings_ms	object	-
/rows/93/timings_ms/copy_up_32	float	25.883061
/rows/93/timings_ms/metadata	float	231.118721
/rows/93/timings_ms/metadata_guest_hot	float	40.456256
/rows/93/timings_ms/open_read	float	635.051082
/rows/93/timings_ms/open_read_guest_hot	float	743.237915
/rows/93/timings_ms/read_64m	float	125.842756
/rows/93/trial	integer	23
/rows/93/variant	string	baseline
/rows/94	object	-
/rows/94/cache	string	cold
/rows/94/completion_ms	float	3619.260851
/rows/94/correctness	string	passed
/rows/94/host_fuse_mounts	array	-
/rows/94/requests	object	-
/rows/94/requests/fixture_read_bytes	integer	69203968
/rows/94/requests/fixture_reads	integer	2112
/rows/94/requests/list	integer	41
/rows/94/requests/ping	integer	1
/rows/94/requests/prepare	integer	1
/rows/94/requests/read	integer	2164
/rows/94/requests/read_bytes	integer	86924150
/rows/94/requests/stat	integer	91
/rows/94/timings_ms	object	-
/rows/94/timings_ms/copy_up_32	float	77.085142
/rows/94/timings_ms/metadata	float	282.734774
/rows/94/timings_ms/metadata_guest_hot	float	54.658377
/rows/94/timings_ms/open_read	float	798.211771
/rows/94/timings_ms/open_read_guest_hot	float	638.785028
/rows/94/timings_ms/read_64m	float	184.546881
/rows/94/trial	integer	23
/rows/94/variant	string	candidate
/rows/95	object	-
/rows/95/cache	string	warm
/rows/95/completion_ms	float	3462.986661
/rows/95/correctness	string	passed
/rows/95/host_fuse_mounts	array	-
/rows/95/requests	object	-
/rows/95/requests/ping	integer	1
/rows/95/requests/prepare	integer	1
/rows/95/timings_ms	object	-
/rows/95/timings_ms/copy_up_32	float	73.225863
/rows/95/timings_ms/metadata	float	246.970934
/rows/95/timings_ms/metadata_guest_hot	float	63.558643
/rows/95/timings_ms/open_read	float	643.454911
/rows/95/timings_ms/open_read_guest_hot	float	754.338091
/rows/95/timings_ms/read_64m	float	115.976134
/rows/95/trial	integer	23
/rows/95/variant	string	candidate
/rows/96	object	-
/rows/96/cache	string	cold
/rows/96/completion_ms	float	4703.930551
/rows/96/correctness	string	passed
/rows/96/host_fuse_mounts	array	-
/rows/96/host_fuse_mounts/0	string	29 58 0:80 / /home/reiase/workspace/pvisor/target/fs-service-benchmark-20261005/lazy-performance/trials/baseline-cold-24/store/.lazy-mount-703adceb-5b68-48d2-bc6d-697d9bd1e80b ro,nosuid,nodev,noatime shared:695 - fuse pvisor-image ro,user_id=1000,group_id=1000
/rows/96/requests	object	-
/rows/96/requests/fixture_read_bytes	integer	69203968
/rows/96/requests/fixture_reads	integer	2112
/rows/96/requests/list	integer	41
/rows/96/requests/ping	integer	1
/rows/96/requests/prepare	integer	1
/rows/96/requests/read	integer	2164
/rows/96/requests/read_bytes	integer	86924150
/rows/96/requests/stat	integer	93
/rows/96/timings_ms	object	-
/rows/96/timings_ms/copy_up_32	float	26.657509
/rows/96/timings_ms/metadata	float	237.254793
/rows/96/timings_ms/metadata_guest_hot	float	44.267766
/rows/96/timings_ms/open_read	float	1938.450008
/rows/96/timings_ms/open_read_guest_hot	float	683.218433
/rows/96/timings_ms/read_64m	float	190.442664
/rows/96/trial	integer	24
/rows/96/variant	string	baseline
/rows/97	object	-
/rows/97/cache	string	warm
/rows/97/completion_ms	float	3274.275786
/rows/97/correctness	string	passed
/rows/97/host_fuse_mounts	array	-
/rows/97/host_fuse_mounts/0	string	29 58 0:80 / /home/reiase/workspace/pvisor/target/fs-service-benchmark-20261005/lazy-performance/trials/baseline-warm-24/store/.lazy-mount-2df41d16-dcb7-4087-9ab9-398f90991a14 ro,nosuid,nodev,noatime shared:695 - fuse pvisor-image ro,user_id=1000,group_id=1000
/rows/97/requests	object	-
/rows/97/requests/ping	integer	1
/rows/97/requests/prepare	integer	1
/rows/97/timings_ms	object	-
/rows/97/timings_ms/copy_up_32	float	28.961222
/rows/97/timings_ms/metadata	float	180.090765
/rows/97/timings_ms/metadata_guest_hot	float	41.327032
/rows/97/timings_ms/open_read	float	642.807903
/rows/97/timings_ms/open_read_guest_hot	float	740.602733
/rows/97/timings_ms/read_64m	float	123.955219
/rows/97/trial	integer	24
/rows/97/variant	string	baseline
/rows/98	object	-
/rows/98/cache	string	cold
/rows/98/completion_ms	float	3640.823659
/rows/98/correctness	string	passed
/rows/98/host_fuse_mounts	array	-
/rows/98/requests	object	-
/rows/98/requests/fixture_read_bytes	integer	69203968
/rows/98/requests/fixture_reads	integer	2112
/rows/98/requests/list	integer	41
/rows/98/requests/ping	integer	1
/rows/98/requests/prepare	integer	1
/rows/98/requests/read	integer	2164
/rows/98/requests/read_bytes	integer	86924150
/rows/98/requests/stat	integer	91
/rows/98/timings_ms	object	-
/rows/98/timings_ms/copy_up_32	float	79.960564
/rows/98/timings_ms/metadata	float	282.463757
/rows/98/timings_ms/metadata_guest_hot	float	55.38284
/rows/98/timings_ms/open_read	float	795.768557
/rows/98/timings_ms/open_read_guest_hot	float	634.252431
/rows/98/timings_ms/read_64m	float	186.845855
/rows/98/trial	integer	24
/rows/98/variant	string	candidate
/rows/99	object	-
/rows/99/cache	string	warm
/rows/99/completion_ms	float	3315.333773
/rows/99/correctness	string	passed
/rows/99/host_fuse_mounts	array	-
/rows/99/requests	object	-
/rows/99/requests/ping	integer	1
/rows/99/requests/prepare	integer	1
/rows/99/timings_ms	object	-
/rows/99/timings_ms/copy_up_32	float	75.050321
/rows/99/timings_ms/metadata	float	248.024031
/rows/99/timings_ms/metadata_guest_hot	float	54.682502
/rows/99/timings_ms/open_read	float	564.013307
/rows/99/timings_ms/open_read_guest_hot	float	698.749687
/rows/99/timings_ms/read_64m	float	113.556113
/rows/99/trial	integer	24
/rows/99/variant	string	candidate
/rows/100	object	-
/rows/100/cache	string	cold
/rows/100/completion_ms	float	3554.209592
/rows/100/correctness	string	passed
/rows/100/host_fuse_mounts	array	-
/rows/100/host_fuse_mounts/0	string	29 58 0:80 / /home/reiase/workspace/pvisor/target/fs-service-benchmark-20261005/lazy-performance/trials/baseline-cold-25/store/.lazy-mount-ad9ea743-6e38-4fc4-a4d2-02345bed0a16 ro,nosuid,nodev,noatime shared:695 - fuse pvisor-image ro,user_id=1000,group_id=1000
/rows/100/requests	object	-
/rows/100/requests/fixture_read_bytes	integer	69203968
/rows/100/requests/fixture_reads	integer	2112
/rows/100/requests/list	integer	41
/rows/100/requests/ping	integer	1
/rows/100/requests/prepare	integer	1
/rows/100/requests/read	integer	2164
/rows/100/requests/read_bytes	integer	86924150
/rows/100/requests/stat	integer	93
/rows/100/timings_ms	object	-
/rows/100/timings_ms/copy_up_32	float	28.270883
/rows/100/timings_ms/metadata	float	260.28182
/rows/100/timings_ms/metadata_guest_hot	float	41.206627
/rows/100/timings_ms/open_read	float	812.536992
/rows/100/timings_ms/open_read_guest_hot	float	663.211599
/rows/100/timings_ms/read_64m	float	188.868674
/rows/100/trial	integer	25
/rows/100/variant	string	baseline
/rows/101	object	-
/rows/101/cache	string	warm
/rows/101/completion_ms	float	3314.034889
/rows/101/correctness	string	passed
/rows/101/host_fuse_mounts	array	-
/rows/101/host_fuse_mounts/0	string	29 58 0:80 / /home/reiase/workspace/pvisor/target/fs-service-benchmark-20261005/lazy-performance/trials/baseline-warm-25/store/.lazy-mount-bc0c373d-f694-4b2a-aede-7d7608f31db2 ro,nosuid,nodev,noatime shared:695 - fuse pvisor-image ro,user_id=1000,group_id=1000
/rows/101/requests	object	-
/rows/101/requests/ping	integer	1
/rows/101/requests/prepare	integer	1
/rows/101/timings_ms	object	-
/rows/101/timings_ms/copy_up_32	float	28.865132
/rows/101/timings_ms/metadata	float	219.6097
/rows/101/timings_ms/metadata_guest_hot	float	47.382705
/rows/101/timings_ms/open_read	float	637.061599
/rows/101/timings_ms/open_read_guest_hot	float	742.739293
/rows/101/timings_ms/read_64m	float	126.013144
/rows/101/trial	integer	25
/rows/101/variant	string	baseline
/rows/102	object	-
/rows/102/cache	string	cold
/rows/102/completion_ms	float	3622.685575
/rows/102/correctness	string	passed
/rows/102/host_fuse_mounts	array	-
/rows/102/requests	object	-
/rows/102/requests/fixture_read_bytes	integer	69203968
/rows/102/requests/fixture_reads	integer	2112
/rows/102/requests/list	integer	41
/rows/102/requests/ping	integer	1
/rows/102/requests/prepare	integer	1
/rows/102/requests/read	integer	2164
/rows/102/requests/read_bytes	integer	86924150
/rows/102/requests/stat	integer	91
/rows/102/timings_ms	object	-
/rows/102/timings_ms/copy_up_32	float	71.774311
/rows/102/timings_ms/metadata	float	282.113584
/rows/102/timings_ms/metadata_guest_hot	float	54.208907
/rows/102/timings_ms/open_read	float	791.176188
/rows/102/timings_ms/open_read_guest_hot	float	646.322488
/rows/102/timings_ms/read_64m	float	185.292503
/rows/102/trial	integer	25
/rows/102/variant	string	candidate
/rows/103	object	-
/rows/103/cache	string	warm
/rows/103/completion_ms	float	3216.040488
/rows/103/correctness	string	passed
/rows/103/host_fuse_mounts	array	-
/rows/103/requests	object	-
/rows/103/requests/ping	integer	1
/rows/103/requests/prepare	integer	1
/rows/103/timings_ms	object	-
/rows/103/timings_ms/copy_up_32	float	72.079631
/rows/103/timings_ms/metadata	float	253.882515
/rows/103/timings_ms/metadata_guest_hot	float	56.258276
/rows/103/timings_ms/open_read	float	526.202694
/rows/103/timings_ms/open_read_guest_hot	float	618.406769
/rows/103/timings_ms/read_64m	float	119.971948
/rows/103/trial	integer	25
/rows/103/variant	string	candidate
/rows/104	object	-
/rows/104/cache	string	cold
/rows/104/completion_ms	float	3622.025562
/rows/104/correctness	string	passed
/rows/104/host_fuse_mounts	array	-
/rows/104/requests	object	-
/rows/104/requests/fixture_read_bytes	integer	69203968
/rows/104/requests/fixture_reads	integer	2112
/rows/104/requests/list	integer	41
/rows/104/requests/ping	integer	1
/rows/104/requests/prepare	integer	1
/rows/104/requests/read	integer	2164
/rows/104/requests/read_bytes	integer	86924150
/rows/104/requests/stat	integer	91
/rows/104/timings_ms	object	-
/rows/104/timings_ms/copy_up_32	float	77.899914
/rows/104/timings_ms/metadata	float	285.536728
/rows/104/timings_ms/metadata_guest_hot	float	54.203507
/rows/104/timings_ms/open_read	float	789.477414
/rows/104/timings_ms/open_read_guest_hot	float	645.542882
/rows/104/timings_ms/read_64m	float	184.32758
/rows/104/trial	integer	26
/rows/104/variant	string	candidate
/rows/105	object	-
/rows/105/cache	string	warm
/rows/105/completion_ms	float	3336.96079
/rows/105/correctness	string	passed
/rows/105/host_fuse_mounts	array	-
/rows/105/requests	object	-
/rows/105/requests/ping	integer	1
/rows/105/requests/prepare	integer	1
/rows/105/timings_ms	object	-
/rows/105/timings_ms/copy_up_32	float	72.924329
/rows/105/timings_ms/metadata	float	253.877055
/rows/105/timings_ms/metadata_guest_hot	float	54.920046
/rows/105/timings_ms/open_read	float	583.432233
/rows/105/timings_ms/open_read_guest_hot	float	692.805643
/rows/105/timings_ms/read_64m	float	116.348479
/rows/105/trial	integer	26
/rows/105/variant	string	candidate
/rows/106	object	-
/rows/106/cache	string	cold
/rows/106/completion_ms	float	3555.204729
/rows/106/correctness	string	passed
/rows/106/host_fuse_mounts	array	-
/rows/106/host_fuse_mounts/0	string	29 58 0:80 / /home/reiase/workspace/pvisor/target/fs-service-benchmark-20261005/lazy-performance/trials/baseline-cold-26/store/.lazy-mount-110b0499-90b2-465c-8faf-000d2ac3ae7a ro,nosuid,nodev,noatime shared:695 - fuse pvisor-image ro,user_id=1000,group_id=1000
/rows/106/requests	object	-
/rows/106/requests/fixture_read_bytes	integer	69203968
/rows/106/requests/fixture_reads	integer	2112
/rows/106/requests/list	integer	41
/rows/106/requests/ping	integer	1
/rows/106/requests/prepare	integer	1
/rows/106/requests/read	integer	2164
/rows/106/requests/read_bytes	integer	86924150
/rows/106/requests/stat	integer	93
/rows/106/timings_ms	object	-
/rows/106/timings_ms/copy_up_32	float	28.30171
/rows/106/timings_ms/metadata	float	245.636832
/rows/106/timings_ms/metadata_guest_hot	float	40.614321
/rows/106/timings_ms/open_read	float	821.857784
/rows/106/timings_ms/open_read_guest_hot	float	666.713771
/rows/106/timings_ms/read_64m	float	190.149737
/rows/106/trial	integer	26
/rows/106/variant	string	baseline
/rows/107	object	-
/rows/107/cache	string	warm
/rows/107/completion_ms	float	3356.359006
/rows/107/correctness	string	passed
/rows/107/host_fuse_mounts	array	-
/rows/107/host_fuse_mounts/0	string	29 58 0:80 / /home/reiase/workspace/pvisor/target/fs-service-benchmark-20261005/lazy-performance/trials/baseline-warm-26/store/.lazy-mount-0a9313c0-c0dd-4bc7-ac7b-f6fda3aff8aa ro,nosuid,nodev,noatime shared:695 - fuse pvisor-image ro,user_id=1000,group_id=1000
/rows/107/requests	object	-
/rows/107/requests/ping	integer	1
/rows/107/requests/prepare	integer	1
/rows/107/timings_ms	object	-
/rows/107/timings_ms/copy_up_32	float	29.035451
/rows/107/timings_ms/metadata	float	229.560079
/rows/107/timings_ms/metadata_guest_hot	float	42.235069
/rows/107/timings_ms/open_read	float	644.072586
/rows/107/timings_ms/open_read_guest_hot	float	741.574077
/rows/107/timings_ms/read_64m	float	123.724328
/rows/107/trial	integer	26
/rows/107/variant	string	baseline
/rows/108	object	-
/rows/108/cache	string	cold
/rows/108/completion_ms	float	3667.764646
/rows/108/correctness	string	passed
/rows/108/host_fuse_mounts	array	-
/rows/108/requests	object	-
/rows/108/requests/fixture_read_bytes	integer	69203968
/rows/108/requests/fixture_reads	integer	2112
/rows/108/requests/list	integer	41
/rows/108/requests/ping	integer	1
/rows/108/requests/prepare	integer	1
/rows/108/requests/read	integer	2164
/rows/108/requests/read_bytes	integer	86924150
/rows/108/requests/stat	integer	91
/rows/108/timings_ms	object	-
/rows/108/timings_ms/copy_up_32	float	71.967411
/rows/108/timings_ms/metadata	float	290.836549
/rows/108/timings_ms/metadata_guest_hot	float	54.664778
/rows/108/timings_ms/open_read	float	787.765476
/rows/108/timings_ms/open_read_guest_hot	float	630.072832
/rows/108/timings_ms/read_64m	float	235.576558
/rows/108/trial	integer	27
/rows/108/variant	string	candidate
/rows/109	object	-
/rows/109/cache	string	warm
/rows/109/completion_ms	float	3337.213602
/rows/109/correctness	string	passed
/rows/109/host_fuse_mounts	array	-
/rows/109/requests	object	-
/rows/109/requests/ping	integer	1
/rows/109/requests/prepare	integer	1
/rows/109/timings_ms	object	-
/rows/109/timings_ms/copy_up_32	float	67.824863
/rows/109/timings_ms/metadata	float	260.452589
/rows/109/timings_ms/metadata_guest_hot	float	56.244259
/rows/109/timings_ms/open_read	float	576.523537
/rows/109/timings_ms/open_read_guest_hot	float	697.084316
/rows/109/timings_ms/read_64m	float	118.289225
/rows/109/trial	integer	27
/rows/109/variant	string	candidate
/rows/110	object	-
/rows/110/cache	string	cold
/rows/110/completion_ms	float	3557.687844
/rows/110/correctness	string	passed
/rows/110/host_fuse_mounts	array	-
/rows/110/host_fuse_mounts/0	string	29 58 0:80 / /home/reiase/workspace/pvisor/target/fs-service-benchmark-20261005/lazy-performance/trials/baseline-cold-27/store/.lazy-mount-bb8b7f0c-e764-46ec-85da-48e7a5fedf97 ro,nosuid,nodev,noatime shared:695 - fuse pvisor-image ro,user_id=1000,group_id=1000
/rows/110/requests	object	-
/rows/110/requests/fixture_read_bytes	integer	69203968
/rows/110/requests/fixture_reads	integer	2112
/rows/110/requests/list	integer	41
/rows/110/requests/ping	integer	1
/rows/110/requests/prepare	integer	1
/rows/110/requests/read	integer	2164
/rows/110/requests/read_bytes	integer	86924150
/rows/110/requests/stat	integer	93
/rows/110/timings_ms	object	-
/rows/110/timings_ms/copy_up_32	float	27.577427
/rows/110/timings_ms/metadata	float	259.844994
/rows/110/timings_ms/metadata_guest_hot	float	40.849741
/rows/110/timings_ms/open_read	float	821.220103
/rows/110/timings_ms/open_read_guest_hot	float	659.744713
/rows/110/timings_ms/read_64m	float	187.534882
/rows/110/trial	integer	27
/rows/110/variant	string	baseline
/rows/111	object	-
/rows/111/cache	string	warm
/rows/111/completion_ms	float	3292.687332
/rows/111/correctness	string	passed
/rows/111/host_fuse_mounts	array	-
/rows/111/host_fuse_mounts/0	string	29 58 0:80 / /home/reiase/workspace/pvisor/target/fs-service-benchmark-20261005/lazy-performance/trials/baseline-warm-27/store/.lazy-mount-13443268-4e20-446f-9c12-59a2fa88c907 ro,nosuid,nodev,noatime shared:695 - fuse pvisor-image ro,user_id=1000,group_id=1000
/rows/111/requests	object	-
/rows/111/requests/ping	integer	1
/rows/111/requests/prepare	integer	1
/rows/111/timings_ms	object	-
/rows/111/timings_ms/copy_up_32	float	28.924984
/rows/111/timings_ms/metadata	float	221.416716
/rows/111/timings_ms/metadata_guest_hot	float	44.032827
/rows/111/timings_ms/open_read	float	637.458129
/rows/111/timings_ms/open_read_guest_hot	float	736.252265
/rows/111/timings_ms/read_64m	float	124.817169
/rows/111/trial	integer	27
/rows/111/variant	string	baseline
/rows/112	object	-
/rows/112/cache	string	cold
/rows/112/completion_ms	float	3705.532851
/rows/112/correctness	string	passed
/rows/112/host_fuse_mounts	array	-
/rows/112/requests	object	-
/rows/112/requests/fixture_read_bytes	integer	69203968
/rows/112/requests/fixture_reads	integer	2112
/rows/112/requests/list	integer	41
/rows/112/requests/ping	integer	1
/rows/112/requests/prepare	integer	1
/rows/112/requests/read	integer	2164
/rows/112/requests/read_bytes	integer	86924150
/rows/112/requests/stat	integer	91
/rows/112/timings_ms	object	-
/rows/112/timings_ms/copy_up_32	float	73.870376
/rows/112/timings_ms/metadata	float	295.004515
/rows/112/timings_ms/metadata_guest_hot	float	55.376218
/rows/112/timings_ms/open_read	float	782.192165
/rows/112/timings_ms/open_read_guest_hot	float	692.704003
/rows/112/timings_ms/read_64m	float	186.614091
/rows/112/trial	integer	28
/rows/112/variant	string	candidate
/rows/113	object	-
/rows/113/cache	string	warm
/rows/113/completion_ms	float	3338.177871
/rows/113/correctness	string	passed
/rows/113/host_fuse_mounts	array	-
/rows/113/requests	object	-
/rows/113/requests/ping	integer	1
/rows/113/requests/prepare	integer	1
/rows/113/timings_ms	object	-
/rows/113/timings_ms/copy_up_32	float	80.142012
/rows/113/timings_ms/metadata	float	252.533826
/rows/113/timings_ms/metadata_guest_hot	float	54.779863
/rows/113/timings_ms/open_read	float	582.732396
/rows/113/timings_ms/open_read_guest_hot	float	695.156705
/rows/113/timings_ms/read_64m	float	114.295154
/rows/113/trial	integer	28
/rows/113/variant	string	candidate
/rows/114	object	-
/rows/114/cache	string	cold
/rows/114/completion_ms	float	3594.490426
/rows/114/correctness	string	passed
/rows/114/host_fuse_mounts	array	-
/rows/114/host_fuse_mounts/0	string	29 58 0:80 / /home/reiase/workspace/pvisor/target/fs-service-benchmark-20261005/lazy-performance/trials/baseline-cold-28/store/.lazy-mount-209cdbc8-db0b-4897-9bfd-0e0b51532a88 ro,nosuid,nodev,noatime shared:695 - fuse pvisor-image ro,user_id=1000,group_id=1000
/rows/114/requests	object	-
/rows/114/requests/fixture_read_bytes	integer	69203968
/rows/114/requests/fixture_reads	integer	2112
/rows/114/requests/list	integer	41
/rows/114/requests/ping	integer	1
/rows/114/requests/prepare	integer	1
/rows/114/requests/read	integer	2164
/rows/114/requests/read_bytes	integer	86924150
/rows/114/requests/stat	integer	93
/rows/114/timings_ms	object	-
/rows/114/timings_ms/copy_up_32	float	27.881245
/rows/114/timings_ms/metadata	float	256.263152
/rows/114/timings_ms/metadata_guest_hot	float	38.748856
/rows/114/timings_ms/open_read	float	818.8098
/rows/114/timings_ms/open_read_guest_hot	float	692.286614
/rows/114/timings_ms/read_64m	float	191.970318
/rows/114/trial	integer	28
/rows/114/variant	string	baseline
/rows/115	object	-
/rows/115/cache	string	warm
/rows/115/completion_ms	float	3313.824255
/rows/115/correctness	string	passed
/rows/115/host_fuse_mounts	array	-
/rows/115/host_fuse_mounts/0	string	29 58 0:80 / /home/reiase/workspace/pvisor/target/fs-service-benchmark-20261005/lazy-performance/trials/baseline-warm-28/store/.lazy-mount-643d5efd-f22d-4935-af7a-e509105b42f3 ro,nosuid,nodev,noatime shared:695 - fuse pvisor-image ro,user_id=1000,group_id=1000
/rows/115/requests	object	-
/rows/115/requests/ping	integer	1
/rows/115/requests/prepare	integer	1
/rows/115/timings_ms	object	-
/rows/115/timings_ms/copy_up_32	float	26.616222
/rows/115/timings_ms/metadata	float	216.584039
/rows/115/timings_ms/metadata_guest_hot	float	47.79718
/rows/115/timings_ms/open_read	float	633.286897
/rows/115/timings_ms/open_read_guest_hot	float	740.538011
/rows/115/timings_ms/read_64m	float	121.531942
/rows/115/trial	integer	28
/rows/115/variant	string	baseline
/rows/116	object	-
/rows/116/cache	string	cold
/rows/116/completion_ms	float	3595.949971
/rows/116/correctness	string	passed
/rows/116/host_fuse_mounts	array	-
/rows/116/host_fuse_mounts/0	string	29 58 0:80 / /home/reiase/workspace/pvisor/target/fs-service-benchmark-20261005/lazy-performance/trials/baseline-cold-29/store/.lazy-mount-347cabe1-e8d7-46e3-b38c-b517eabafea9 ro,nosuid,nodev,noatime shared:695 - fuse pvisor-image ro,user_id=1000,group_id=1000
/rows/116/requests	object	-
/rows/116/requests/fixture_read_bytes	integer	69203968
/rows/116/requests/fixture_reads	integer	2112
/rows/116/requests/list	integer	41
/rows/116/requests/ping	integer	1
/rows/116/requests/prepare	integer	1
/rows/116/requests/read	integer	2164
/rows/116/requests/read_bytes	integer	86924150
/rows/116/requests/stat	integer	93
/rows/116/timings_ms	object	-
/rows/116/timings_ms/copy_up_32	float	28.500762
/rows/116/timings_ms/metadata	float	256.833237
/rows/116/timings_ms/metadata_guest_hot	float	41.336179
/rows/116/timings_ms/open_read	float	813.640473
/rows/116/timings_ms/open_read_guest_hot	float	711.815825
/rows/116/timings_ms/read_64m	float	187.852996
/rows/116/trial	integer	29
/rows/116/variant	string	baseline
/rows/117	object	-
/rows/117/cache	string	warm
/rows/117/completion_ms	float	3333.561254
/rows/117/correctness	string	passed
/rows/117/host_fuse_mounts	array	-
/rows/117/host_fuse_mounts/0	string	29 58 0:80 / /home/reiase/workspace/pvisor/target/fs-service-benchmark-20261005/lazy-performance/trials/baseline-warm-29/store/.lazy-mount-aa86e60f-d3d0-443d-a0bd-6bfc45689041 ro,nosuid,nodev,noatime shared:695 - fuse pvisor-image ro,user_id=1000,group_id=1000
/rows/117/requests	object	-
/rows/117/requests/ping	integer	1
/rows/117/requests/prepare	integer	1
/rows/117/timings_ms	object	-
/rows/117/timings_ms/copy_up_32	float	25.448851
/rows/117/timings_ms/metadata	float	226.600089
/rows/117/timings_ms/metadata_guest_hot	float	42.621731
/rows/117/timings_ms/open_read	float	642.439765
/rows/117/timings_ms/open_read_guest_hot	float	740.624232
/rows/117/timings_ms/read_64m	float	125.057339
/rows/117/trial	integer	29
/rows/117/variant	string	baseline
/rows/118	object	-
/rows/118/cache	string	cold
/rows/118/completion_ms	float	3679.479632
/rows/118/correctness	string	passed
/rows/118/host_fuse_mounts	array	-
/rows/118/requests	object	-
/rows/118/requests/fixture_read_bytes	integer	69203968
/rows/118/requests/fixture_reads	integer	2112
/rows/118/requests/list	integer	41
/rows/118/requests/ping	integer	1
/rows/118/requests/prepare	integer	1
/rows/118/requests/read	integer	2164
/rows/118/requests/read_bytes	integer	86924150
/rows/118/requests/stat	integer	91
/rows/118/timings_ms	object	-
/rows/118/timings_ms/copy_up_32	float	71.659136
/rows/118/timings_ms/metadata	float	284.170155
/rows/118/timings_ms/metadata_guest_hot	float	54.047015
/rows/118/timings_ms/open_read	float	784.92498
/rows/118/timings_ms/open_read_guest_hot	float	701.072947
/rows/118/timings_ms/read_64m	float	185.727746
/rows/118/trial	integer	29
/rows/118/variant	string	candidate
/rows/119	object	-
/rows/119/cache	string	warm
/rows/119/completion_ms	float	3335.602785
/rows/119/correctness	string	passed
/rows/119/host_fuse_mounts	array	-
/rows/119/requests	object	-
/rows/119/requests/ping	integer	1
/rows/119/requests/prepare	integer	1
/rows/119/timings_ms	object	-
/rows/119/timings_ms/copy_up_32	float	71.818283
/rows/119/timings_ms/metadata	float	257.656435
/rows/119/timings_ms/metadata_guest_hot	float	54.375509
/rows/119/timings_ms/open_read	float	576.727188
/rows/119/timings_ms/open_read_guest_hot	float	696.707212
/rows/119/timings_ms/read_64m	float	115.546351
/rows/119/trial	integer	29
/rows/119/variant	string	candidate
/schema	string	pvisor-lazy-filesystem-ab/v1
/summary	object	-
/summary/baseline~1cold	object	-
/summary/baseline~1cold/n	integer	30
/summary/baseline~1cold/timings_ms	object	-
/summary/baseline~1cold/timings_ms/completion_ms	object	-
/summary/baseline~1cold/timings_ms/completion_ms/p50	float	3596.2005385
/summary/baseline~1cold/timings_ms/completion_ms/p95	float	3670.1061627999998
/summary/baseline~1cold/timings_ms/completion_ms/p99	float	4406.779392280001
/summary/baseline~1cold/timings_ms/copy_up_32	object	-
/summary/baseline~1cold/timings_ms/copy_up_32/p50	float	28.301655
/summary/baseline~1cold/timings_ms/copy_up_32/p95	float	28.62797455
/summary/baseline~1cold/timings_ms/copy_up_32/p99	float	28.63927314
/summary/baseline~1cold/timings_ms/metadata	object	-
/summary/baseline~1cold/timings_ms/metadata/p50	float	257.737091
/summary/baseline~1cold/timings_ms/metadata/p95	float	263.30139545
/summary/baseline~1cold/timings_ms/metadata/p99	float	264.13612034
/summary/baseline~1cold/timings_ms/metadata_guest_hot	object	-
/summary/baseline~1cold/timings_ms/metadata_guest_hot/p50	float	41.2077395
/summary/baseline~1cold/timings_ms/metadata_guest_hot/p95	float	41.97654315
/summary/baseline~1cold/timings_ms/metadata_guest_hot/p99	float	43.618928700000005
/summary/baseline~1cold/timings_ms/open_read	object	-
/summary/baseline~1cold/timings_ms/open_read/p50	float	823.2860725
/summary/baseline~1cold/timings_ms/open_read/p95	float	861.1611924
/summary/baseline~1cold/timings_ms/open_read/p99	float	1628.3937950500008
/summary/baseline~1cold/timings_ms/open_read_guest_hot	object	-
/summary/baseline~1cold/timings_ms/open_read_guest_hot/p50	float	671.6089099999999
/summary/baseline~1cold/timings_ms/open_read_guest_hot/p95	float	741.56046355
/summary/baseline~1cold/timings_ms/open_read_guest_hot/p99	float	746.0479587699999
/summary/baseline~1cold/timings_ms/read_64m	object	-
/summary/baseline~1cold/timings_ms/read_64m/p50	float	189.7975485
/summary/baseline~1cold/timings_ms/read_64m/p95	float	198.8255886
/summary/baseline~1cold/timings_ms/read_64m/p99	float	203.12051299
/summary/baseline~1warm	object	-
/summary/baseline~1warm/n	integer	30
/summary/baseline~1warm/timings_ms	object	-
/summary/baseline~1warm/timings_ms/completion_ms	object	-
/summary/baseline~1warm/timings_ms/completion_ms/p50	float	3314.4694090000003
/summary/baseline~1warm/timings_ms/completion_ms/p95	float	3335.9518296
/summary/baseline~1warm/timings_ms/completion_ms/p99	float	3350.7095476100003
/summary/baseline~1warm/timings_ms/copy_up_32	object	-
/summary/baseline~1warm/timings_ms/copy_up_32/p50	float	28.831495
/summary/baseline~1warm/timings_ms/copy_up_32/p95	float	29.01624545
/summary/baseline~1warm/timings_ms/copy_up_32/p99	float	29.4346414
/summary/baseline~1warm/timings_ms/metadata	object	-
/summary/baseline~1warm/timings_ms/metadata/p50	float	223.4073745
/summary/baseline~1warm/timings_ms/metadata/p95	float	230.50481345
/summary/baseline~1warm/timings_ms/metadata/p99	float	233.88562579
/summary/baseline~1warm/timings_ms/metadata_guest_hot	object	-
/summary/baseline~1warm/timings_ms/metadata_guest_hot/p50	float	42.428399999999996
/summary/baseline~1warm/timings_ms/metadata_guest_hot/p95	float	47.610666249999994
/summary/baseline~1warm/timings_ms/metadata_guest_hot/p99	float	47.81521826
/summary/baseline~1warm/timings_ms/open_read	object	-
/summary/baseline~1warm/timings_ms/open_read/p50	float	637.5814945
/summary/baseline~1warm/timings_ms/open_read/p95	float	643.50347865
/summary/baseline~1warm/timings_ms/open_read/p99	float	644.49703536
/summary/baseline~1warm/timings_ms/open_read_guest_hot	object	-
/summary/baseline~1warm/timings_ms/open_read_guest_hot/p50	float	740.5703719999999
/summary/baseline~1warm/timings_ms/open_read_guest_hot/p95	float	743.1781829000001
/summary/baseline~1warm/timings_ms/open_read_guest_hot/p99	float	743.84413785
/summary/baseline~1warm/timings_ms/read_64m	object	-
/summary/baseline~1warm/timings_ms/read_64m/p50	float	124.7159805
/summary/baseline~1warm/timings_ms/read_64m/p95	float	126.18793015
/summary/baseline~1warm/timings_ms/read_64m/p99	float	126.60929463
/summary/candidate~1cold	object	-
/summary/candidate~1cold/n	integer	30
/summary/candidate~1cold/timings_ms	object	-
/summary/candidate~1cold/timings_ms/completion_ms	object	-
/summary/candidate~1cold/timings_ms/completion_ms/p50	float	3678.44728
/summary/candidate~1cold/timings_ms/completion_ms/p95	float	3705.9304399499997
/summary/candidate~1cold/timings_ms/completion_ms/p99	float	3736.05211333
/summary/candidate~1cold/timings_ms/copy_up_32	object	-
/summary/candidate~1cold/timings_ms/copy_up_32/p50	float	73.4062395
/summary/candidate~1cold/timings_ms/copy_up_32/p95	float	80.1825132
/summary/candidate~1cold/timings_ms/copy_up_32/p99	float	81.50012788
/summary/candidate~1cold/timings_ms/metadata	object	-
/summary/candidate~1cold/timings_ms/metadata/p50	float	285.25139
/summary/candidate~1cold/timings_ms/metadata/p95	float	295.46550080000003
/summary/candidate~1cold/timings_ms/metadata/p99	float	296.46124927
/summary/candidate~1cold/timings_ms/metadata_guest_hot	object	-
/summary/candidate~1cold/timings_ms/metadata_guest_hot/p50	float	54.633721
/summary/candidate~1cold/timings_ms/metadata_guest_hot/p95	float	55.551372650000005
/summary/candidate~1cold/timings_ms/metadata_guest_hot/p99	float	55.797256129999994
/summary/candidate~1cold/timings_ms/open_read	object	-
/summary/candidate~1cold/timings_ms/open_read/p50	float	795.418854
/summary/candidate~1cold/timings_ms/open_read/p95	float	803.45604675
/summary/candidate~1cold/timings_ms/open_read/p99	float	804.3409442299999
/summary/candidate~1cold/timings_ms/open_read_guest_hot	object	-
/summary/candidate~1cold/timings_ms/open_read_guest_hot/p50	float	686.1447445
/summary/candidate~1cold/timings_ms/open_read_guest_hot/p95	float	702.53791505
/summary/candidate~1cold/timings_ms/open_read_guest_hot/p99	float	725.00527059
/summary/candidate~1cold/timings_ms/read_64m	object	-
/summary/candidate~1cold/timings_ms/read_64m/p50	float	185.6768655
/summary/candidate~1cold/timings_ms/read_64m/p95	float	194.33597505
/summary/candidate~1cold/timings_ms/read_64m/p99	float	224.78353346000003
/summary/candidate~1warm	object	-
/summary/candidate~1warm/n	integer	30
/summary/candidate~1warm/timings_ms	object	-
/summary/candidate~1warm/timings_ms/completion_ms	object	-
/summary/candidate~1warm/timings_ms/completion_ms/p50	float	3335.8366215
/summary/candidate~1warm/timings_ms/completion_ms/p95	float	3377.9706254499997
/summary/candidate~1warm/timings_ms/completion_ms/p99	float	3438.45850421
/summary/candidate~1warm/timings_ms/copy_up_32	object	-
/summary/candidate~1warm/timings_ms/copy_up_32/p50	float	72.55589599999999
/summary/candidate~1warm/timings_ms/copy_up_32/p95	float	79.8933141
/summary/candidate~1warm/timings_ms/copy_up_32/p99	float	81.42948908
/summary/candidate~1warm/timings_ms/metadata	object	-
/summary/candidate~1warm/timings_ms/metadata/p50	float	254.036423
/summary/candidate~1warm/timings_ms/metadata/p95	float	262.87504395
/summary/candidate~1warm/timings_ms/metadata/p99	float	264.27142036
/summary/candidate~1warm/timings_ms/metadata_guest_hot	object	-
/summary/candidate~1warm/timings_ms/metadata_guest_hot/p50	float	54.6866095
/summary/candidate~1warm/timings_ms/metadata_guest_hot/p95	float	56.25196835
/summary/candidate~1warm/timings_ms/metadata_guest_hot/p99	float	61.44153657
/summary/candidate~1warm/timings_ms/open_read	object	-
/summary/candidate~1warm/timings_ms/open_read/p50	float	582.749588
/summary/candidate~1warm/timings_ms/open_read/p95	float	599.4061742
/summary/candidate~1warm/timings_ms/open_read/p99	float	633.5088537900001
/summary/candidate~1warm/timings_ms/open_read_guest_hot	object	-
/summary/candidate~1warm/timings_ms/open_read_guest_hot/p50	float	695.838143
/summary/candidate~1warm/timings_ms/open_read_guest_hot/p95	float	728.7203187
/summary/candidate~1warm/timings_ms/open_read_guest_hot/p99	float	750.81565211
/summary/candidate~1warm/timings_ms/read_64m	object	-
/summary/candidate~1warm/timings_ms/read_64m/p50	float	116.4276625
/summary/candidate~1warm/timings_ms/read_64m/p95	float	119.55516940000001
/summary/candidate~1warm/timings_ms/read_64m/p99	float	119.88659229999999
