path	type	value
	object	-
/arguments	object	-
/arguments/assets	string	/home/reiase/workspace/pvisor/target/reference-env-final-20261004
/arguments/backends	string	pvisor-staged,pvisor-vm
/arguments/baseline	string	/home/reiase/workspace/pvisor/target/stage-doc-benchmark-20261005/artifacts/baseline-release
/arguments/baseline_staged_isolation	string	rootless_process
/arguments/candidate	string	/home/reiase/workspace/pvisor/target/stage-doc-benchmark-20261005/artifacts/candidate-release
/arguments/candidate_staged_isolation	string	rootless_process
/arguments/cpu_affinity	string	0,1
/arguments/firmware	string	/home/reiase/workspace/pvisor/target/p0-filesystem-artifacts-20261005/firmware
/arguments/memory_mib	integer	4096
/arguments/output	string	/home/reiase/workspace/pvisor/target/sb/run
/arguments/profile	boolean	false
/arguments/provenance	string	target/stage-doc-benchmark-20261005/build-provenance-release.json
/arguments/samples	integer	30
/arguments/warmups	integer	3
/assets	object	-
/assets/disk	string	/home/reiase/workspace/pvisor/target/reference-env-final-20261004/agent-env.ext4
/assets/docker_image	string	sha256:4a379f54216364021da005dccde6edad3c1ae64dff222588425e5f2fc181ad95
/assets/files	integer	75540
/assets/fixture_git_commit	string	1bf3d4896439bb6a2bc89daa94f22cc037c27737
/assets/init_sha256	string	c94b00e2b96f5c7403b985f269e90e8512467d927a92b9db2d2b7fc8fde58cc7
/assets/kernel	string	/home/reiase/workspace/pvisor/target/reference-env-final-20261004/vmlinux
/assets/kernel_config_sha256	string	aee73a94bfba4fe057e472e2ba05d2125fbdea20bef89a6eedf5e160d0e7616e
/assets/preparation_scope	string	offline copying installed tools, image import and ext4 creation; excludes package download and kernel compilation
/assets/rootfs	string	/home/reiase/workspace/pvisor/target/reference-env-final-20261004/rootfs
/assets/rootfs_file_bytes	integer	3827107007
/assets/setup_wall_ms	float	108381.35316
/assets/workload_sha256	string	403eab78571c26ea5e1ba1ab10fa1fa930ac18bb39487749563b264a4a0b9040
/assets_fs_workload_sha256	string	484e661b91720d03119998cca082db6fe57d5d40591957af1840e872066b61cc
/assets_workload_sha256	string	ff6c391b623e12351cf3dbca19e15af33c6162b8b8134748f13d86b30dde400e
/binary_sha256	object	-
/binary_sha256/baseline	string	e9bc6f5e4467f40354730f0d9e164fe94ace0118e14967521e694d7e838de6bd
/binary_sha256/candidate	string	20f731082c0125f4323d7c8dc4e16ced0d341981c58f47a944d325bfeae6e135
/binary_sha256/native	string	20f731082c0125f4323d7c8dc4e16ced0d341981c58f47a944d325bfeae6e135
/build_provenance	object	-
/build_provenance/baseline	object	-
/build_provenance/baseline/historical_report	string	target/fs-service-benchmark-20261005/local-release/report.json
/build_provenance/baseline/release_sha256	string	e9bc6f5e4467f40354730f0d9e164fe94ace0118e14967521e694d7e838de6bd
/build_provenance/baseline/source	string	target/fs-service-benchmark-20261005/source-provenance.json
/build_provenance/binary_sha256	object	-
/build_provenance/binary_sha256/baseline	string	e9bc6f5e4467f40354730f0d9e164fe94ace0118e14967521e694d7e838de6bd
/build_provenance/binary_sha256/candidate	string	20f731082c0125f4323d7c8dc4e16ced0d341981c58f47a944d325bfeae6e135
/build_provenance/candidate	object	-
/build_provenance/candidate/build_log	string	build.log
/build_provenance/candidate/git_head	string	6b5f3ee2413d44f2b85b7d183d9767efbb7f4213
/build_provenance/candidate/profile	string	release: opt-level=z
/build_provenance/candidate/source_manifest	string	source-manifest.json
/build_provenance/candidate/source_status	string	""
/build_provenance/schema	string	pvisor-stage-doc-build/v1
/build_provenance/scope	string	Version comparison: documented integrated filesystem-service release versus current frozen stage refactor; not single-function attribution.
/capabilities	object	-
/capabilities/baseline~1pvisor-staged	object	-
/capabilities/baseline~1pvisor-staged/state	string	available
/capabilities/baseline~1pvisor-vm	object	-
/capabilities/baseline~1pvisor-vm/state	string	available
/capabilities/candidate~1pvisor-staged	object	-
/capabilities/candidate~1pvisor-staged/state	string	available
/capabilities/candidate~1pvisor-vm	object	-
/capabilities/candidate~1pvisor-vm/state	string	available
/capabilities/native~1native	object	-
/capabilities/native~1native/state	string	available
/cpu	string	AMD Ryzen 7 9700X 8-Core Processor
/firmware_sha256	string	b61f68dac3ef20a88e1ee387733e4baed2f7c02edac940c8882e0b549dac95e4
/harness_sha256	object	-
/harness_sha256/bench.py	string	ef814d8f4002e8a653edf50030dc145ace3c881f80afd5bca20d711bbaff0608
/harness_sha256/cluster_scalability.py	string	71b720865f3dcb713ce8fe71dce0b25e3b76770146f55751add76cff1172e643
/harness_sha256/evidence_tsv.py	string	7acd86af52762b582d13917eeb46ceaa213722b42dcc9572714593ed46ca6a8e
/harness_sha256/filesystem_ab.py	string	98ca3fd8570286a08a45dac00a4f72c17682a29e6db3fb60e040d4495efe36a9
/harness_sha256/filesystem_diagnostic.py	string	da4f3efc3e8581e9ba5f287735d63e2f6bcf6620da18e6e3cd7dcb42846b23cc
/harness_sha256/filesystem_fuse_ab.py	string	939351de10c9485b4832b3c62249182e5a6e1146961f3b4a24168e431886772e
/harness_sha256/filesystem_kernel_probe.py	string	c15bc977da19cf38a9e316d6941284a914cbc307bdd2696c4cfbc4810c6a7e89
/harness_sha256/filesystem_lazy_ab.py	string	66dfa24adf6954b1874271b965c26483a20ad91c1b807f2558fd0e8e72c43ca9
/harness_sha256/filesystem_stage_ab.py	string	1fd01896a5fe7d57af45f772d9c26cd0025317db84f54f08a27c4f74d5ab2809
/harness_sha256/filesystem_stage_durability.py	string	81c75d08172c1c707015e1a3c4f19fff61c833869b383c6500d594425c3bd25a
/harness_sha256/firmware_boot.py	string	277cdcb479271c5e3d9683769cd4332236c53744a5389ca76f94c44d37d28284
/harness_sha256/guest_init.py	string	e6ef21cf45781c58f8a9162d61f1ca1ef6046b4913ec76cfa2fc15d708a7b6b9
/harness_sha256/linux_vm_ready.py	string	dfc980b6d804588f758f0424ab1e12a2534b59dbd09faad1297df4c7fc6281b0
/harness_sha256/macos_cold_ram.py	string	75146963b1b7b5dd7da65923fa86ee7630afa0990b3f2059b7352eb1bc6a0944
/harness_sha256/macos_docker_tools.py	string	47aab2ba8d9d6bdf0019541da9f589159a32e9390312731863549120055ec327
/harness_sha256/macos_migration.py	string	66a81a73b1168206128a1717713c5b6720bb8abba31232641be5d5a1f2baf738
/harness_sha256/plot_cluster_scalability.py	string	69669f0734035ca8fc1d520c1f26e3ee3490af2fe18b4672009ecd90fc63f667
/harness_sha256/plot_filesystem_service.py	string	e9fe95e0436a9e0841bda722ef386d80b95eecaeb7b0c4115db5b0c4d2b18531
/harness_sha256/plot_startup.py	string	010160bc15534c206d5bff7ee069233798ec28ef1e1e44a84e82dd4529353004
/harness_sha256/prepare_reference_env.py	string	865313e5940bc7a66ef22028342a78f7bd9abcc88df521c5a9df6ac29ba115ff
/harness_sha256/prepare_ubuntu_reference.py	string	422d7f10ac8c9d9153778801ee012e84274ebf932078c2bde8e63295fcc3f1dc
/harness_sha256/product_v1.py	string	da261b063a7356cc98601bbafac9db069a2a7ecb9de5def6f836c3aea0ce9056
/harness_sha256/reference_baselines.py	string	0f3a3626d67e32f7cefc107df32d7beddc5b82699d79393bd8d2d3d291e5ef92
/harness_sha256/reference_fixture.py	string	46f64cb8eaef80c1c885d3449368f21d217609f8a58efdd4d776f2c5f2634978
/harness_sha256/reference_workload.py	string	a3b120813d58746e9da8594d71a45cdc093ac9bdbad9f4cf0edc741bb9b30fd8
/harness_sha256/render_filesystem_fuse_ab.py	string	476dd1cadcdcb935b6e2efc4448f4d80ca21ebdb50e53230a0bc101ecf9219af
/harness_sha256/render_reference_baselines.py	string	35dc980db1c13f4485a79d2d5d9f49bc198e6e91430589e012e6964aa98c462d
/harness_sha256/render_ubuntu_baselines.py	string	dc20a57c6bd6d166071ab4e6ced8d7f467bc08679e77fc00c8273b3ce0d00df7
/harness_sha256/run_all.py	string	ef45a6a8120f3d4734ae2fee2674848eacc6b583a68839adaede49552ae11da2
/harness_sha256/startup.py	string	5dfac911d447a3562c095fe5acddcc2acb4bae93af78db0491eee02b6d199cee
/harness_sha256/summarize_product_v1.py	string	df6f7be01a21089a70dd4c1c23023a6898148d2f3579a5964f8e403eeca660da
/harness_sha256/test_bench.py	string	d9dcea3319ad50da4f8fd7f12befed87f53bd68bd07456c71d27f103c1d18602
/harness_sha256/test_evidence_tsv.py	string	2930154e7547d27d5174ddc0e67e480c86e69eb8627781a1fb39cf3411931359
/harness_sha256/test_filesystem_ab.py	string	6f1df19e65309f329117fa3c072c195106cc48bef948bee81eb7cdaa8c2e42cd
/harness_sha256/test_filesystem_fuse_ab.py	string	613764db622b451813bf98cb741c910d06467417043494f75e5841cb667082d1
/harness_sha256/test_filesystem_lazy_ab.py	string	d63d5a81bb821d9bc19d8bcbb5012f91732c9edbdd1507bc12937f4f6486f384
/harness_sha256/test_filesystem_stage_ab.py	string	860f4ce30e56892deeea7a814fc4d1f326e6416abd0078f84534d5a0209196b9
/harness_sha256/test_filesystem_stage_durability.py	string	ae4bbc4ecd3227122d14ec93fc49603a48dac600cf215360635cd5e0772bd6c0
/harness_sha256/test_macos_docker_tools.py	string	defa4f7442496729f295efb9468d949672b8302160530ace22b78602de89a657
/harness_sha256/test_macos_migration.py	string	920e362e3ffa4da7d10a3e5fa1901712a056c059b8443bb1ada85255572af243
/harness_sha256/test_product_v1.py	string	12c34aea8a7df1da1218d761f3d44cf170dfd76fd39eaf949c31e887fbf57a2b
/harness_sha256/test_reference_baselines.py	string	44c6fe4de3b62e98e81a3122fd2eb55d6ffed11919ff919ee376f20569d86d60
/harness_sha256/test_run_all.py	string	76ec448980e0ea0afece9037e9af6c273c90c0cb6ee81d93ebe85659acd6a08c
/harness_sha256/test_startup.py	string	a19f0e3c8a9fa47f4f8116c6415a7ace363ebbcee1a672e8f002ca48144d5b43
/harness_sha256/test_ubuntu_baselines.py	string	cf0a30d779d3f408e92310c08a4c65cf79fce38e321f721aadc276115144c98c
/harness_sha256/test_vm_ready.py	string	510e171d9af9a4e64085f70f983036709e2c41c3303974b7af319c142df313bc
/harness_sha256/test_vm_stress.py	string	195cb5e6265af15a95f1d75ef84ecf7706a149dee9d72ea68cadf0a7d88c895a
/harness_sha256/ubuntu_baselines.py	string	04b240d48c20e14ab5773cdf76adf4e576ba3ae40ba44d327a1e9ab4cdf76c36
/harness_sha256/ubuntu_vm_network.py	string	e1920f47d603a117ec5b14cdb6cf93e2816bc9321f8bc9c59c97b8f9e0052be1
/harness_sha256/v1~1agent.py	string	ecc8eda0af6812d3df4c59f61ada6122b7e3a95e2b5c971af88b83856425e656
/harness_sha256/v1~1apply.py	string	fd6b5e42c2cfec99bdf605d06adb9dbcfa561d49d3803856553766af12f8311a
/harness_sha256/v1~1apply_worker.py	string	0b6c542251721fa948245ba021a8695d6e0fd375ec6d72bd2d1f118fd12957f6
/harness_sha256/v1~1baselines.py	string	fd8f9acc32e7e470c3686a5cd9580be946331338c28fedb7ea1c0378047b9e2d
/harness_sha256/v1~1common.py	string	8a1a7eea32f62bf9217df58299f299550d645d5ed66de163347d0aed325d8c08
/harness_sha256/v1~1density.py	string	df0b2dd3246e1c23b7dcd3b185807ff6afe12c92639b842be1186223e51d2c7e
/harness_sha256/v1~1filesystem.py	string	22bb9a0137a252e85a347ffd19d1d6b3161008ff13d67f793f6118ad1c3a034c
/harness_sha256/v1~1isolation.py	string	13a82608320ccc2d98e93e5a9eb8229f33c3433a5fa8cbfb2274a16df428e943
/harness_sha256/v1~1isolation_worker.py	string	ee0c710c8b9d4ebc2339387b323b33b699d74c430092f13986b5d26be7bfd9f8
/harness_sha256/v1~1network.py	string	743d37fe8eddf9d417672d1f1ffae0e040c2e4de8670fbf2894608bd473823f9
/harness_sha256/v1~1network_worker.py	string	6ad52b1fc76789e3560f4853576c4ac70faec8f22666de8ae74ba4956fb547be
/harness_sha256/v1~1oci.py	string	ebf40f2cd6b74573a78fdc06266ae25d92ce230c94275afa44b87bd1350642f3
/harness_sha256/v1~1replay.py	string	cffe049650e0137e789dbc236a4f0589c02e62c9bfe5096070438cb52d1f7c4c
/harness_sha256/v1~1supervision.py	string	cb685d7e289c23a9b254e08929f307e70bd273ef18e653222fa3d896285f685a
/harness_sha256/v1~1workload.py	string	484e661b91720d03119998cca082db6fe57d5d40591957af1840e872066b61cc
/harness_sha256/vm_ready.py	string	b3bc5aede44b1c42000a97754cc4500b55a5d629428218cf4e7e58435985f0f2
/harness_sha256/vm_snapshot.py	string	747fa8cc15d2ee044d33c5e79382e08cfd3ee9512400547ff369a9fb0cd5b192
/harness_sha256/vm_snapshot_lazy.py	string	9343189a35826086b1aefadac18224a94e48da68ec1c331a64cbbccc857571fd
/harness_sha256/vm_stage_snapshot.py	string	8324c1d1049eb7df49d7372347c5ee0829851942dd067d1a8fdfd0ed30cf52d7
/harness_sha256/vm_stress.py	string	20e62136981e430950278dfed49d942c43b8f46994e04a671d5f710d36784a31
/host_kernel	string	7.2.8-200.fc44.x86_64
/load_after	array	-
/load_after/0	float	2.68505859375
/load_after/1	float	3.181640625
/load_after/2	float	3.08544921875
/load_before	array	-
/load_before/0	float	0.89697265625
/load_before/1	float	2.18017578125
/load_before/2	float	2.62890625
/protocol	object	-
/protocol/cache	string	warm; no eviction; fresh workspace and stage for every job
/protocol/completion_timing	string	launch to process exit; preparation excluded
/protocol/correctness	string	all workload checks, Run Bundle isolation, lower write absence and upper file count/size required
/protocol/cpu_affinity	string	0,1
/protocol/filesystem_profile	boolean	false
/protocol/order	string	all 5 cells shuffled each round; seed 20261005
/protocol/percentile	string	linear interpolation
/protocol/samples	integer	30
/protocol/staged_isolation	object	-
/protocol/staged_isolation/baseline	string	rootless_process
/protocol/staged_isolation/candidate	string	rootless_process
/protocol/vm_memory_mib	integer	4096
/protocol/vm_vcpus	integer	2
/protocol/warmups	integer	3
/protocol/worker_timing	string	operation and correctness check; all seven workloads run in order per job
/recorded_at	string	2026-10-05T22:01:11.707919+08:00
/rows	array	-
/rows/0	object	-
/rows/0/backend	string	pvisor-staged
/rows/0/completion_ms	float	1263.455417
/rows/0/correctness	string	passed
/rows/0/logs	string	/home/reiase/workspace/pvisor/target/sb/run/baseline/trials/filesystem-pvisor-staged-000
/rows/0/memory_scope	string	owned launcher tree; Docker daemon/container RSS excluded
/rows/0/mode	string	filesystem
/rows/0/peak_tree_rss_kib	integer	179368
/rows/0/prepare_ms	float	35.944635
/rows/0/ready_ms	float	60.902939
/rows/0/result	object	-
/rows/0/result/correctness	string	passed
/rows/0/result/filesystem	object	-
/rows/0/result/filesystem/cargo	object	-
/rows/0/result/filesystem/cargo/check	object	-
/rows/0/result/filesystem/cargo/check/modules	integer	64
/rows/0/result/filesystem/cargo/check/result	string	2016
/rows/0/result/filesystem/cargo/python	string	3.14.7
/rows/0/result/filesystem/cargo/worker_ms	float	106.118314
/rows/0/result/filesystem/cargo/workload	string	cargo
/rows/0/result/filesystem/git	object	-
/rows/0/result/filesystem/git/check	object	-
/rows/0/result/filesystem/git/check/git_clean	boolean	true
/rows/0/result/filesystem/git/python	string	3.14.7
/rows/0/result/filesystem/git/worker_ms	float	167.642512
/rows/0/result/filesystem/git/workload	string	git
/rows/0/result/filesystem/metadata	object	-
/rows/0/result/filesystem/metadata/check	object	-
/rows/0/result/filesystem/metadata/check/bytes	integer	2095104
/rows/0/result/filesystem/metadata/check/files	integer	2048
/rows/0/result/filesystem/metadata/python	string	3.14.7
/rows/0/result/filesystem/metadata/worker_ms	float	79.090899
/rows/0/result/filesystem/metadata/workload	string	metadata
/rows/0/result/filesystem/npm	object	-
/rows/0/result/filesystem/npm/check	object	-
/rows/0/result/filesystem/npm/check/local_packages	integer	32
/rows/0/result/filesystem/npm/python	string	3.14.7
/rows/0/result/filesystem/npm/worker_ms	float	250.654268
/rows/0/result/filesystem/npm/workload	string	npm
/rows/0/result/filesystem/read	object	-
/rows/0/result/filesystem/read/check	object	-
/rows/0/result/filesystem/read/check/bytes	integer	67108864
/rows/0/result/filesystem/read/check/sha256	string	42ef3a50fe506ced865473b082c8b28f6ce254e6e2b01266b6a563531a6267bc
/rows/0/result/filesystem/read/python	string	3.14.7
/rows/0/result/filesystem/read/worker_ms	float	67.871873
/rows/0/result/filesystem/read/workload	string	read
/rows/0/result/filesystem/rg	object	-
/rows/0/result/filesystem/rg/check	object	-
/rows/0/result/filesystem/rg/check/matches	integer	2048
/rows/0/result/filesystem/rg/python	string	3.14.7
/rows/0/result/filesystem/rg/worker_ms	float	93.299524
/rows/0/result/filesystem/rg/workload	string	rg
/rows/0/result/filesystem/write	object	-
/rows/0/result/filesystem/write/check	object	-
/rows/0/result/filesystem/write/check/bytes	integer	16777216
/rows/0/result/filesystem/write/check/files	integer	256
/rows/0/result/filesystem/write/python	string	3.14.7
/rows/0/result/filesystem/write/worker_ms	float	199.137315
/rows/0/result/filesystem/write/workload	string	write
/rows/0/result/mode	string	filesystem
/rows/0/result/worker_ms	float	1087.467851
/rows/0/result_ms	float	1148.41334
/rows/0/trial	integer	0
/rows/0/variant	string	baseline
/rows/1	object	-
/rows/1/backend	string	pvisor-vm
/rows/1/completion_ms	float	4657.556449
/rows/1/correctness	string	passed
/rows/1/logs	string	/home/reiase/workspace/pvisor/target/sb/run/baseline/trials/filesystem-pvisor-vm-000
/rows/1/memory_scope	string	owned launcher tree; Docker daemon/container RSS excluded
/rows/1/mode	string	filesystem
/rows/1/peak_tree_rss_kib	integer	615220
/rows/1/prepare_ms	float	36.361813
/rows/1/ready_ms	float	376.633145
/rows/1/result	object	-
/rows/1/result/correctness	string	passed
/rows/1/result/filesystem	object	-
/rows/1/result/filesystem/cargo	object	-
/rows/1/result/filesystem/cargo/check	object	-
/rows/1/result/filesystem/cargo/check/modules	integer	64
/rows/1/result/filesystem/cargo/check/result	string	2016
/rows/1/result/filesystem/cargo/python	string	3.14.7
/rows/1/result/filesystem/cargo/worker_ms	float	530.63815
/rows/1/result/filesystem/cargo/workload	string	cargo
/rows/1/result/filesystem/git	object	-
/rows/1/result/filesystem/git/check	object	-
/rows/1/result/filesystem/git/check/git_clean	boolean	true
/rows/1/result/filesystem/git/python	string	3.14.7
/rows/1/result/filesystem/git/worker_ms	float	847.331461
/rows/1/result/filesystem/git/workload	string	git
/rows/1/result/filesystem/metadata	object	-
/rows/1/result/filesystem/metadata/check	object	-
/rows/1/result/filesystem/metadata/check/bytes	integer	2095104
/rows/1/result/filesystem/metadata/check/files	integer	2048
/rows/1/result/filesystem/metadata/python	string	3.14.7
/rows/1/result/filesystem/metadata/worker_ms	float	116.650914
/rows/1/result/filesystem/metadata/workload	string	metadata
/rows/1/result/filesystem/npm	object	-
/rows/1/result/filesystem/npm/check	object	-
/rows/1/result/filesystem/npm/check/local_packages	integer	32
/rows/1/result/filesystem/npm/python	string	3.14.7
/rows/1/result/filesystem/npm/worker_ms	float	1378.603494
/rows/1/result/filesystem/npm/workload	string	npm
/rows/1/result/filesystem/read	object	-
/rows/1/result/filesystem/read/check	object	-
/rows/1/result/filesystem/read/check/bytes	integer	67108864
/rows/1/result/filesystem/read/check/sha256	string	42ef3a50fe506ced865473b082c8b28f6ce254e6e2b01266b6a563531a6267bc
/rows/1/result/filesystem/read/python	string	3.14.7
/rows/1/result/filesystem/read/worker_ms	float	116.776128
/rows/1/result/filesystem/read/workload	string	read
/rows/1/result/filesystem/rg	object	-
/rows/1/result/filesystem/rg/check	object	-
/rows/1/result/filesystem/rg/check/matches	integer	2048
/rows/1/result/filesystem/rg/python	string	3.14.7
/rows/1/result/filesystem/rg/worker_ms	float	450.711169
/rows/1/result/filesystem/rg/workload	string	rg
/rows/1/result/filesystem/write	object	-
/rows/1/result/filesystem/write/check	object	-
/rows/1/result/filesystem/write/check/bytes	integer	16777216
/rows/1/result/filesystem/write/check/files	integer	256
/rows/1/result/filesystem/write/python	string	3.14.7
/rows/1/result/filesystem/write/worker_ms	float	258.04962
/rows/1/result/filesystem/write/workload	string	write
/rows/1/result/mode	string	filesystem
/rows/1/result/worker_ms	float	4156.21433
/rows/1/result_ms	float	4533.984755
/rows/1/trial	integer	0
/rows/1/variant	string	baseline
/rows/2	object	-
/rows/2/backend	string	native
/rows/2/completion_ms	float	450.624587
/rows/2/correctness	string	passed
/rows/2/logs	string	/home/reiase/workspace/pvisor/target/sb/run/native/trials/filesystem-native-000
/rows/2/memory_scope	string	owned launcher tree; Docker daemon/container RSS excluded
/rows/2/mode	string	filesystem
/rows/2/peak_tree_rss_kib	integer	137472
/rows/2/prepare_ms	float	36.505432
/rows/2/ready_ms	float	39.514787
/rows/2/result	object	-
/rows/2/result/correctness	string	passed
/rows/2/result/filesystem	object	-
/rows/2/result/filesystem/cargo	object	-
/rows/2/result/filesystem/cargo/check	object	-
/rows/2/result/filesystem/cargo/check/modules	integer	64
/rows/2/result/filesystem/cargo/check/result	string	2016
/rows/2/result/filesystem/cargo/python	string	3.14.7
/rows/2/result/filesystem/cargo/worker_ms	float	49.418789
/rows/2/result/filesystem/cargo/workload	string	cargo
/rows/2/result/filesystem/git	object	-
/rows/2/result/filesystem/git/check	object	-
/rows/2/result/filesystem/git/check/git_clean	boolean	true
/rows/2/result/filesystem/git/python	string	3.14.7
/rows/2/result/filesystem/git/worker_ms	float	15.373588
/rows/2/result/filesystem/git/workload	string	git
/rows/2/result/filesystem/metadata	object	-
/rows/2/result/filesystem/metadata/check	object	-
/rows/2/result/filesystem/metadata/check/bytes	integer	2095104
/rows/2/result/filesystem/metadata/check/files	integer	2048
/rows/2/result/filesystem/metadata/python	string	3.14.7
/rows/2/result/filesystem/metadata/worker_ms	float	5.029375
/rows/2/result/filesystem/metadata/workload	string	metadata
/rows/2/result/filesystem/npm	object	-
/rows/2/result/filesystem/npm/check	object	-
/rows/2/result/filesystem/npm/check/local_packages	integer	32
/rows/2/result/filesystem/npm/python	string	3.14.7
/rows/2/result/filesystem/npm/worker_ms	float	167.811768
/rows/2/result/filesystem/npm/workload	string	npm
/rows/2/result/filesystem/read	object	-
/rows/2/result/filesystem/read/check	object	-
/rows/2/result/filesystem/read/check/bytes	integer	67108864
/rows/2/result/filesystem/read/check/sha256	string	42ef3a50fe506ced865473b082c8b28f6ce254e6e2b01266b6a563531a6267bc
/rows/2/result/filesystem/read/python	string	3.14.7
/rows/2/result/filesystem/read/worker_ms	float	32.562854
/rows/2/result/filesystem/read/workload	string	read
/rows/2/result/filesystem/rg	object	-
/rows/2/result/filesystem/rg/check	object	-
/rows/2/result/filesystem/rg/check/matches	integer	2048
/rows/2/result/filesystem/rg/python	string	3.14.7
/rows/2/result/filesystem/rg/worker_ms	float	9.186252
/rows/2/result/filesystem/rg/workload	string	rg
/rows/2/result/filesystem/write	object	-
/rows/2/result/filesystem/write/check	object	-
/rows/2/result/filesystem/write/check/bytes	integer	16777216
/rows/2/result/filesystem/write/check/files	integer	256
/rows/2/result/filesystem/write/python	string	3.14.7
/rows/2/result/filesystem/write/worker_ms	float	4.22243
/rows/2/result/filesystem/write/workload	string	write
/rows/2/result/mode	string	filesystem
/rows/2/result/worker_ms	float	403.427985
/rows/2/result_ms	float	443.026629
/rows/2/trial	integer	0
/rows/2/variant	string	native
/rows/3	object	-
/rows/3/backend	string	pvisor-vm
/rows/3/completion_ms	float	4414.824533
/rows/3/correctness	string	passed
/rows/3/logs	string	/home/reiase/workspace/pvisor/target/sb/run/candidate/trials/filesystem-pvisor-vm-000
/rows/3/memory_scope	string	owned launcher tree; Docker daemon/container RSS excluded
/rows/3/mode	string	filesystem
/rows/3/peak_tree_rss_kib	integer	612784
/rows/3/prepare_ms	float	37.113827
/rows/3/ready_ms	float	378.687698
/rows/3/result	object	-
/rows/3/result/correctness	string	passed
/rows/3/result/filesystem	object	-
/rows/3/result/filesystem/cargo	object	-
/rows/3/result/filesystem/cargo/check	object	-
/rows/3/result/filesystem/cargo/check/modules	integer	64
/rows/3/result/filesystem/cargo/check/result	string	2016
/rows/3/result/filesystem/cargo/python	string	3.14.7
/rows/3/result/filesystem/cargo/worker_ms	float	485.04641
/rows/3/result/filesystem/cargo/workload	string	cargo
/rows/3/result/filesystem/git	object	-
/rows/3/result/filesystem/git/check	object	-
/rows/3/result/filesystem/git/check/git_clean	boolean	true
/rows/3/result/filesystem/git/python	string	3.14.7
/rows/3/result/filesystem/git/worker_ms	float	679.944998
/rows/3/result/filesystem/git/workload	string	git
/rows/3/result/filesystem/metadata	object	-
/rows/3/result/filesystem/metadata/check	object	-
/rows/3/result/filesystem/metadata/check/bytes	integer	2095104
/rows/3/result/filesystem/metadata/check/files	integer	2048
/rows/3/result/filesystem/metadata/python	string	3.14.7
/rows/3/result/filesystem/metadata/worker_ms	float	176.010163
/rows/3/result/filesystem/metadata/workload	string	metadata
/rows/3/result/filesystem/npm	object	-
/rows/3/result/filesystem/npm/check	object	-
/rows/3/result/filesystem/npm/check/local_packages	integer	32
/rows/3/result/filesystem/npm/python	string	3.14.7
/rows/3/result/filesystem/npm/worker_ms	float	1344.445334
/rows/3/result/filesystem/npm/workload	string	npm
/rows/3/result/filesystem/read	object	-
/rows/3/result/filesystem/read/check	object	-
/rows/3/result/filesystem/read/check/bytes	integer	67108864
/rows/3/result/filesystem/read/check/sha256	string	42ef3a50fe506ced865473b082c8b28f6ce254e6e2b01266b6a563531a6267bc
/rows/3/result/filesystem/read/python	string	3.14.7
/rows/3/result/filesystem/read/worker_ms	float	115.160841
/rows/3/result/filesystem/read/workload	string	read
/rows/3/result/filesystem/rg	object	-
/rows/3/result/filesystem/rg/check	object	-
/rows/3/result/filesystem/rg/check/matches	integer	2048
/rows/3/result/filesystem/rg/python	string	3.14.7
/rows/3/result/filesystem/rg/worker_ms	float	449.499886
/rows/3/result/filesystem/rg/workload	string	rg
/rows/3/result/filesystem/write	object	-
/rows/3/result/filesystem/write/check	object	-
/rows/3/result/filesystem/write/check/bytes	integer	16777216
/rows/3/result/filesystem/write/check/files	integer	256
/rows/3/result/filesystem/write/python	string	3.14.7
/rows/3/result/filesystem/write/worker_ms	float	142.831552
/rows/3/result/filesystem/write/workload	string	write
/rows/3/result/mode	string	filesystem
/rows/3/result/worker_ms	float	3829.253138
/rows/3/result_ms	float	4208.022937
/rows/3/trial	integer	0
/rows/3/variant	string	candidate
/rows/4	object	-
/rows/4/backend	string	pvisor-staged
/rows/4/completion_ms	float	1108.82767
/rows/4/correctness	string	passed
/rows/4/logs	string	/home/reiase/workspace/pvisor/target/sb/run/candidate/trials/filesystem-pvisor-staged-000
/rows/4/memory_scope	string	owned launcher tree; Docker daemon/container RSS excluded
/rows/4/mode	string	filesystem
/rows/4/peak_tree_rss_kib	integer	174536
/rows/4/prepare_ms	float	37.070927
/rows/4/ready_ms	float	62.997918
/rows/4/result	object	-
/rows/4/result/correctness	string	passed
/rows/4/result/filesystem	object	-
/rows/4/result/filesystem/cargo	object	-
/rows/4/result/filesystem/cargo/check	object	-
/rows/4/result/filesystem/cargo/check/modules	integer	64
/rows/4/result/filesystem/cargo/check/result	string	2016
/rows/4/result/filesystem/cargo/python	string	3.14.7
/rows/4/result/filesystem/cargo/worker_ms	float	70.728414
/rows/4/result/filesystem/cargo/workload	string	cargo
/rows/4/result/filesystem/git	object	-
/rows/4/result/filesystem/git/check	object	-
/rows/4/result/filesystem/git/check/git_clean	boolean	true
/rows/4/result/filesystem/git/python	string	3.14.7
/rows/4/result/filesystem/git/worker_ms	float	126.571521
/rows/4/result/filesystem/git/workload	string	git
/rows/4/result/filesystem/metadata	object	-
/rows/4/result/filesystem/metadata/check	object	-
/rows/4/result/filesystem/metadata/check/bytes	integer	2095104
/rows/4/result/filesystem/metadata/check/files	integer	2048
/rows/4/result/filesystem/metadata/python	string	3.14.7
/rows/4/result/filesystem/metadata/worker_ms	float	76.750161
/rows/4/result/filesystem/metadata/workload	string	metadata
/rows/4/result/filesystem/npm	object	-
/rows/4/result/filesystem/npm/check	object	-
/rows/4/result/filesystem/npm/check/local_packages	integer	32
/rows/4/result/filesystem/npm/python	string	3.14.7
/rows/4/result/filesystem/npm/worker_ms	float	226.544207
/rows/4/result/filesystem/npm/workload	string	npm
/rows/4/result/filesystem/read	object	-
/rows/4/result/filesystem/read/check	object	-
/rows/4/result/filesystem/read/check/bytes	integer	67108864
/rows/4/result/filesystem/read/check/sha256	string	42ef3a50fe506ced865473b082c8b28f6ce254e6e2b01266b6a563531a6267bc
/rows/4/result/filesystem/read/python	string	3.14.7
/rows/4/result/filesystem/read/worker_ms	float	67.736701
/rows/4/result/filesystem/read/workload	string	read
/rows/4/result/filesystem/rg	object	-
/rows/4/result/filesystem/rg/check	object	-
/rows/4/result/filesystem/rg/check/matches	integer	2048
/rows/4/result/filesystem/rg/python	string	3.14.7
/rows/4/result/filesystem/rg/worker_ms	float	86.408525
/rows/4/result/filesystem/rg/workload	string	rg
/rows/4/result/filesystem/write	object	-
/rows/4/result/filesystem/write/check	object	-
/rows/4/result/filesystem/write/check/bytes	integer	16777216
/rows/4/result/filesystem/write/check/files	integer	256
/rows/4/result/filesystem/write/python	string	3.14.7
/rows/4/result/filesystem/write/worker_ms	float	27.118254
/rows/4/result/filesystem/write/workload	string	write
/rows/4/result/mode	string	filesystem
/rows/4/result/worker_ms	float	806.881708
/rows/4/result_ms	float	869.940049
/rows/4/trial	integer	0
/rows/4/variant	string	candidate
/rows/5	object	-
/rows/5/backend	string	native
/rows/5/completion_ms	float	570.071344
/rows/5/correctness	string	passed
/rows/5/logs	string	/home/reiase/workspace/pvisor/target/sb/run/native/trials/filesystem-native-001
/rows/5/memory_scope	string	owned launcher tree; Docker daemon/container RSS excluded
/rows/5/mode	string	filesystem
/rows/5/peak_tree_rss_kib	integer	139656
/rows/5/prepare_ms	float	44.459435
/rows/5/ready_ms	float	66.454088
/rows/5/result	object	-
/rows/5/result/correctness	string	passed
/rows/5/result/filesystem	object	-
/rows/5/result/filesystem/cargo	object	-
/rows/5/result/filesystem/cargo/check	object	-
/rows/5/result/filesystem/cargo/check/modules	integer	64
/rows/5/result/filesystem/cargo/check/result	string	2016
/rows/5/result/filesystem/cargo/python	string	3.14.7
/rows/5/result/filesystem/cargo/worker_ms	float	76.578591
/rows/5/result/filesystem/cargo/workload	string	cargo
/rows/5/result/filesystem/git	object	-
/rows/5/result/filesystem/git/check	object	-
/rows/5/result/filesystem/git/check/git_clean	boolean	true
/rows/5/result/filesystem/git/python	string	3.14.7
/rows/5/result/filesystem/git/worker_ms	float	18.858121
/rows/5/result/filesystem/git/workload	string	git
/rows/5/result/filesystem/metadata	object	-
/rows/5/result/filesystem/metadata/check	object	-
/rows/5/result/filesystem/metadata/check/bytes	integer	2095104
/rows/5/result/filesystem/metadata/check/files	integer	2048
/rows/5/result/filesystem/metadata/python	string	3.14.7
/rows/5/result/filesystem/metadata/worker_ms	float	6.798016
/rows/5/result/filesystem/metadata/workload	string	metadata
/rows/5/result/filesystem/npm	object	-
/rows/5/result/filesystem/npm/check	object	-
/rows/5/result/filesystem/npm/check/local_packages	integer	32
/rows/5/result/filesystem/npm/python	string	3.14.7
/rows/5/result/filesystem/npm/worker_ms	float	197.433004
/rows/5/result/filesystem/npm/workload	string	npm
/rows/5/result/filesystem/read	object	-
/rows/5/result/filesystem/read/check	object	-
/rows/5/result/filesystem/read/check/bytes	integer	67108864
/rows/5/result/filesystem/read/check/sha256	string	42ef3a50fe506ced865473b082c8b28f6ce254e6e2b01266b6a563531a6267bc
/rows/5/result/filesystem/read/python	string	3.14.7
/rows/5/result/filesystem/read/worker_ms	float	32.578724
/rows/5/result/filesystem/read/workload	string	read
/rows/5/result/filesystem/rg	object	-
/rows/5/result/filesystem/rg/check	object	-
/rows/5/result/filesystem/rg/check/matches	integer	2048
/rows/5/result/filesystem/rg/python	string	3.14.7
/rows/5/result/filesystem/rg/worker_ms	float	10.600732
/rows/5/result/filesystem/rg/workload	string	rg
/rows/5/result/filesystem/write	object	-
/rows/5/result/filesystem/write/check	object	-
/rows/5/result/filesystem/write/check/bytes	integer	16777216
/rows/5/result/filesystem/write/check/files	integer	256
/rows/5/result/filesystem/write/python	string	3.14.7
/rows/5/result/filesystem/write/worker_ms	float	4.958463
/rows/5/result/filesystem/write/workload	string	write
/rows/5/result/mode	string	filesystem
/rows/5/result/worker_ms	float	494.180205
/rows/5/result_ms	float	560.684757
/rows/5/trial	integer	1
/rows/5/variant	string	native
/rows/6	object	-
/rows/6/backend	string	pvisor-staged
/rows/6/completion_ms	float	1282.570857
/rows/6/correctness	string	passed
/rows/6/logs	string	/home/reiase/workspace/pvisor/target/sb/run/candidate/trials/filesystem-pvisor-staged-001
/rows/6/memory_scope	string	owned launcher tree; Docker daemon/container RSS excluded
/rows/6/mode	string	filesystem
/rows/6/peak_tree_rss_kib	integer	182852
/rows/6/prepare_ms	float	44.849032
/rows/6/ready_ms	float	72.773401
/rows/6/result	object	-
/rows/6/result/correctness	string	passed
/rows/6/result/filesystem	object	-
/rows/6/result/filesystem/cargo	object	-
/rows/6/result/filesystem/cargo/check	object	-
/rows/6/result/filesystem/cargo/check/modules	integer	64
/rows/6/result/filesystem/cargo/check/result	string	2016
/rows/6/result/filesystem/cargo/python	string	3.14.7
/rows/6/result/filesystem/cargo/worker_ms	float	82.762039
/rows/6/result/filesystem/cargo/workload	string	cargo
/rows/6/result/filesystem/git	object	-
/rows/6/result/filesystem/git/check	object	-
/rows/6/result/filesystem/git/check/git_clean	boolean	true
/rows/6/result/filesystem/git/python	string	3.14.7
/rows/6/result/filesystem/git/worker_ms	float	135.40181
/rows/6/result/filesystem/git/workload	string	git
/rows/6/result/filesystem/metadata	object	-
/rows/6/result/filesystem/metadata/check	object	-
/rows/6/result/filesystem/metadata/check/bytes	integer	2095104
/rows/6/result/filesystem/metadata/check/files	integer	2048
/rows/6/result/filesystem/metadata/python	string	3.14.7
/rows/6/result/filesystem/metadata/worker_ms	float	101.102695
/rows/6/result/filesystem/metadata/workload	string	metadata
/rows/6/result/filesystem/npm	object	-
/rows/6/result/filesystem/npm/check	object	-
/rows/6/result/filesystem/npm/check/local_packages	integer	32
/rows/6/result/filesystem/npm/python	string	3.14.7
/rows/6/result/filesystem/npm/worker_ms	float	272.324777
/rows/6/result/filesystem/npm/workload	string	npm
/rows/6/result/filesystem/read	object	-
/rows/6/result/filesystem/read/check	object	-
/rows/6/result/filesystem/read/check/bytes	integer	67108864
/rows/6/result/filesystem/read/check/sha256	string	42ef3a50fe506ced865473b082c8b28f6ce254e6e2b01266b6a563531a6267bc
/rows/6/result/filesystem/read/python	string	3.14.7
/rows/6/result/filesystem/read/worker_ms	float	74.747383
/rows/6/result/filesystem/read/workload	string	read
/rows/6/result/filesystem/rg	object	-
/rows/6/result/filesystem/rg/check	object	-
/rows/6/result/filesystem/rg/check/matches	integer	2048
/rows/6/result/filesystem/rg/python	string	3.14.7
/rows/6/result/filesystem/rg/worker_ms	float	97.136454
/rows/6/result/filesystem/rg/workload	string	rg
/rows/6/result/filesystem/write	object	-
/rows/6/result/filesystem/write/check	object	-
/rows/6/result/filesystem/write/check/bytes	integer	16777216
/rows/6/result/filesystem/write/check/files	integer	256
/rows/6/result/filesystem/write/python	string	3.14.7
/rows/6/result/filesystem/write/worker_ms	float	49.477339
/rows/6/result/filesystem/write/workload	string	write
/rows/6/result/mode	string	filesystem
/rows/6/result/worker_ms	float	958.771264
/rows/6/result_ms	float	1031.615888
/rows/6/trial	integer	1
/rows/6/variant	string	candidate
/rows/7	object	-
/rows/7/backend	string	pvisor-vm
/rows/7/completion_ms	float	6131.410704
/rows/7/correctness	string	passed
/rows/7/logs	string	/home/reiase/workspace/pvisor/target/sb/run/candidate/trials/filesystem-pvisor-vm-001
/rows/7/memory_scope	string	owned launcher tree; Docker daemon/container RSS excluded
/rows/7/mode	string	filesystem
/rows/7/peak_tree_rss_kib	integer	613136
/rows/7/prepare_ms	float	38.131897
/rows/7/ready_ms	float	437.898119
/rows/7/result	object	-
/rows/7/result/correctness	string	passed
/rows/7/result/filesystem	object	-
/rows/7/result/filesystem/cargo	object	-
/rows/7/result/filesystem/cargo/check	object	-
/rows/7/result/filesystem/cargo/check/modules	integer	64
/rows/7/result/filesystem/cargo/check/result	string	2016
/rows/7/result/filesystem/cargo/python	string	3.14.7
/rows/7/result/filesystem/cargo/worker_ms	float	816.352379
/rows/7/result/filesystem/cargo/workload	string	cargo
/rows/7/result/filesystem/git	object	-
/rows/7/result/filesystem/git/check	object	-
/rows/7/result/filesystem/git/check/git_clean	boolean	true
/rows/7/result/filesystem/git/python	string	3.14.7
/rows/7/result/filesystem/git/worker_ms	float	474.63488
/rows/7/result/filesystem/git/workload	string	git
/rows/7/result/filesystem/metadata	object	-
/rows/7/result/filesystem/metadata/check	object	-
/rows/7/result/filesystem/metadata/check/bytes	integer	2095104
/rows/7/result/filesystem/metadata/check/files	integer	2048
/rows/7/result/filesystem/metadata/python	string	3.14.7
/rows/7/result/filesystem/metadata/worker_ms	float	167.591996
/rows/7/result/filesystem/metadata/workload	string	metadata
/rows/7/result/filesystem/npm	object	-
/rows/7/result/filesystem/npm/check	object	-
/rows/7/result/filesystem/npm/check/local_packages	integer	32
/rows/7/result/filesystem/npm/python	string	3.14.7
/rows/7/result/filesystem/npm/worker_ms	float	1551.379555
/rows/7/result/filesystem/npm/workload	string	npm
/rows/7/result/filesystem/read	object	-
/rows/7/result/filesystem/read/check	object	-
/rows/7/result/filesystem/read/check/bytes	integer	67108864
/rows/7/result/filesystem/read/check/sha256	string	42ef3a50fe506ced865473b082c8b28f6ce254e6e2b01266b6a563531a6267bc
/rows/7/result/filesystem/read/python	string	3.14.7
/rows/7/result/filesystem/read/worker_ms	float	136.375271
/rows/7/result/filesystem/read/workload	string	read
/rows/7/result/filesystem/rg	object	-
/rows/7/result/filesystem/rg/check	object	-
/rows/7/result/filesystem/rg/check/matches	integer	2048
/rows/7/result/filesystem/rg/python	string	3.14.7
/rows/7/result/filesystem/rg/worker_ms	float	1442.512793
/rows/7/result/filesystem/rg/workload	string	rg
/rows/7/result/filesystem/write	object	-
/rows/7/result/filesystem/write/check	object	-
/rows/7/result/filesystem/write/check/bytes	integer	16777216
/rows/7/result/filesystem/write/check/files	integer	256
/rows/7/result/filesystem/write/python	string	3.14.7
/rows/7/result/filesystem/write/worker_ms	float	189.628643
/rows/7/result/filesystem/write/workload	string	write
/rows/7/result/mode	string	filesystem
/rows/7/result/worker_ms	float	5424.950774
/rows/7/result_ms	float	5863.597356
/rows/7/trial	integer	1
/rows/7/variant	string	candidate
/rows/8	object	-
/rows/8/backend	string	pvisor-vm
/rows/8/completion_ms	float	5100.748977
/rows/8/correctness	string	passed
/rows/8/logs	string	/home/reiase/workspace/pvisor/target/sb/run/baseline/trials/filesystem-pvisor-vm-001
/rows/8/memory_scope	string	owned launcher tree; Docker daemon/container RSS excluded
/rows/8/mode	string	filesystem
/rows/8/peak_tree_rss_kib	integer	611912
/rows/8/prepare_ms	float	44.373214
/rows/8/ready_ms	float	409.714706
/rows/8/result	object	-
/rows/8/result/correctness	string	passed
/rows/8/result/filesystem	object	-
/rows/8/result/filesystem/cargo	object	-
/rows/8/result/filesystem/cargo/check	object	-
/rows/8/result/filesystem/cargo/check/modules	integer	64
/rows/8/result/filesystem/cargo/check/result	string	2016
/rows/8/result/filesystem/cargo/python	string	3.14.7
/rows/8/result/filesystem/cargo/worker_ms	float	695.736428
/rows/8/result/filesystem/cargo/workload	string	cargo
/rows/8/result/filesystem/git	object	-
/rows/8/result/filesystem/git/check	object	-
/rows/8/result/filesystem/git/check/git_clean	boolean	true
/rows/8/result/filesystem/git/python	string	3.14.7
/rows/8/result/filesystem/git/worker_ms	float	785.079619
/rows/8/result/filesystem/git/workload	string	git
/rows/8/result/filesystem/metadata	object	-
/rows/8/result/filesystem/metadata/check	object	-
/rows/8/result/filesystem/metadata/check/bytes	integer	2095104
/rows/8/result/filesystem/metadata/check/files	integer	2048
/rows/8/result/filesystem/metadata/python	string	3.14.7
/rows/8/result/filesystem/metadata/worker_ms	float	227.215358
/rows/8/result/filesystem/metadata/workload	string	metadata
/rows/8/result/filesystem/npm	object	-
/rows/8/result/filesystem/npm/check	object	-
/rows/8/result/filesystem/npm/check/local_packages	integer	32
/rows/8/result/filesystem/npm/python	string	3.14.7
/rows/8/result/filesystem/npm/worker_ms	float	1610.759142
/rows/8/result/filesystem/npm/workload	string	npm
/rows/8/result/filesystem/read	object	-
/rows/8/result/filesystem/read/check	object	-
/rows/8/result/filesystem/read/check/bytes	integer	67108864
/rows/8/result/filesystem/read/check/sha256	string	42ef3a50fe506ced865473b082c8b28f6ce254e6e2b01266b6a563531a6267bc
/rows/8/result/filesystem/read/python	string	3.14.7
/rows/8/result/filesystem/read/worker_ms	float	116.371222
/rows/8/result/filesystem/read/workload	string	read
/rows/8/result/filesystem/rg	object	-
/rows/8/result/filesystem/rg/check	object	-
/rows/8/result/filesystem/rg/check/matches	integer	2048
/rows/8/result/filesystem/rg/python	string	3.14.7
/rows/8/result/filesystem/rg/worker_ms	float	443.82244
/rows/8/result/filesystem/rg/workload	string	rg
/rows/8/result/filesystem/write	object	-
/rows/8/result/filesystem/write/check	object	-
/rows/8/result/filesystem/write/check/bytes	integer	16777216
/rows/8/result/filesystem/write/check/files	integer	256
/rows/8/result/filesystem/write/python	string	3.14.7
/rows/8/result/filesystem/write/worker_ms	float	251.242063
/rows/8/result/filesystem/write/workload	string	write
/rows/8/result/mode	string	filesystem
/rows/8/result/worker_ms	float	4603.888896
/rows/8/result_ms	float	5013.703574
/rows/8/trial	integer	1
/rows/8/variant	string	baseline
/rows/9	object	-
/rows/9/backend	string	pvisor-staged
/rows/9/completion_ms	float	1517.918563
/rows/9/correctness	string	passed
/rows/9/logs	string	/home/reiase/workspace/pvisor/target/sb/run/baseline/trials/filesystem-pvisor-staged-001
/rows/9/memory_scope	string	owned launcher tree; Docker daemon/container RSS excluded
/rows/9/mode	string	filesystem
/rows/9/peak_tree_rss_kib	integer	184756
/rows/9/prepare_ms	float	40.40082
/rows/9/ready_ms	float	105.863118
/rows/9/result	object	-
/rows/9/result/correctness	string	passed
/rows/9/result/filesystem	object	-
/rows/9/result/filesystem/cargo	object	-
/rows/9/result/filesystem/cargo/check	object	-
/rows/9/result/filesystem/cargo/check/modules	integer	64
/rows/9/result/filesystem/cargo/check/result	string	2016
/rows/9/result/filesystem/cargo/python	string	3.14.7
/rows/9/result/filesystem/cargo/worker_ms	float	198.310471
/rows/9/result/filesystem/cargo/workload	string	cargo
/rows/9/result/filesystem/git	object	-
/rows/9/result/filesystem/git/check	object	-
/rows/9/result/filesystem/git/check/git_clean	boolean	true
/rows/9/result/filesystem/git/python	string	3.14.7
/rows/9/result/filesystem/git/worker_ms	float	193.017824
/rows/9/result/filesystem/git/workload	string	git
/rows/9/result/filesystem/metadata	object	-
/rows/9/result/filesystem/metadata/check	object	-
/rows/9/result/filesystem/metadata/check/bytes	integer	2095104
/rows/9/result/filesystem/metadata/check/files	integer	2048
/rows/9/result/filesystem/metadata/python	string	3.14.7
/rows/9/result/filesystem/metadata/worker_ms	float	80.342815
/rows/9/result/filesystem/metadata/workload	string	metadata
/rows/9/result/filesystem/npm	object	-
/rows/9/result/filesystem/npm/check	object	-
/rows/9/result/filesystem/npm/check/local_packages	integer	32
/rows/9/result/filesystem/npm/python	string	3.14.7
/rows/9/result/filesystem/npm/worker_ms	float	304.99893
/rows/9/result/filesystem/npm/workload	string	npm
/rows/9/result/filesystem/read	object	-
/rows/9/result/filesystem/read/check	object	-
/rows/9/result/filesystem/read/check/bytes	integer	67108864
/rows/9/result/filesystem/read/check/sha256	string	42ef3a50fe506ced865473b082c8b28f6ce254e6e2b01266b6a563531a6267bc
/rows/9/result/filesystem/read/python	string	3.14.7
/rows/9/result/filesystem/read/worker_ms	float	66.717669
/rows/9/result/filesystem/read/workload	string	read
/rows/9/result/filesystem/rg	object	-
/rows/9/result/filesystem/rg/check	object	-
/rows/9/result/filesystem/rg/check/matches	integer	2048
/rows/9/result/filesystem/rg/python	string	3.14.7
/rows/9/result/filesystem/rg/worker_ms	float	97.199351
/rows/9/result/filesystem/rg/workload	string	rg
/rows/9/result/filesystem/write	object	-
/rows/9/result/filesystem/write/check	object	-
/rows/9/result/filesystem/write/check/bytes	integer	16777216
/rows/9/result/filesystem/write/check/files	integer	256
/rows/9/result/filesystem/write/python	string	3.14.7
/rows/9/result/filesystem/write/worker_ms	float	211.092644
/rows/9/result/filesystem/write/workload	string	write
/rows/9/result/mode	string	filesystem
/rows/9/result/worker_ms	float	1281.011828
/rows/9/result_ms	float	1386.930509
/rows/9/trial	integer	1
/rows/9/variant	string	baseline
/rows/10	object	-
/rows/10/backend	string	native
/rows/10/completion_ms	float	578.754366
/rows/10/correctness	string	passed
/rows/10/logs	string	/home/reiase/workspace/pvisor/target/sb/run/native/trials/filesystem-native-002
/rows/10/memory_scope	string	owned launcher tree; Docker daemon/container RSS excluded
/rows/10/mode	string	filesystem
/rows/10/peak_tree_rss_kib	integer	137116
/rows/10/prepare_ms	float	38.927472
/rows/10/ready_ms	float	41.106858
/rows/10/result	object	-
/rows/10/result/correctness	string	passed
/rows/10/result/filesystem	object	-
/rows/10/result/filesystem/cargo	object	-
/rows/10/result/filesystem/cargo/check	object	-
/rows/10/result/filesystem/cargo/check/modules	integer	64
/rows/10/result/filesystem/cargo/check/result	string	2016
/rows/10/result/filesystem/cargo/python	string	3.14.7
/rows/10/result/filesystem/cargo/worker_ms	float	56.990889
/rows/10/result/filesystem/cargo/workload	string	cargo
/rows/10/result/filesystem/git	object	-
/rows/10/result/filesystem/git/check	object	-
/rows/10/result/filesystem/git/check/git_clean	boolean	true
/rows/10/result/filesystem/git/python	string	3.14.7
/rows/10/result/filesystem/git/worker_ms	float	15.854045
/rows/10/result/filesystem/git/workload	string	git
/rows/10/result/filesystem/metadata	object	-
/rows/10/result/filesystem/metadata/check	object	-
/rows/10/result/filesystem/metadata/check/bytes	integer	2095104
/rows/10/result/filesystem/metadata/check/files	integer	2048
/rows/10/result/filesystem/metadata/python	string	3.14.7
/rows/10/result/filesystem/metadata/worker_ms	float	4.830904
/rows/10/result/filesystem/metadata/workload	string	metadata
/rows/10/result/filesystem/npm	object	-
/rows/10/result/filesystem/npm/check	object	-
/rows/10/result/filesystem/npm/check/local_packages	integer	32
/rows/10/result/filesystem/npm/python	string	3.14.7
/rows/10/result/filesystem/npm/worker_ms	float	271.867414
/rows/10/result/filesystem/npm/workload	string	npm
/rows/10/result/filesystem/read	object	-
/rows/10/result/filesystem/read/check	object	-
/rows/10/result/filesystem/read/check/bytes	integer	67108864
/rows/10/result/filesystem/read/check/sha256	string	42ef3a50fe506ced865473b082c8b28f6ce254e6e2b01266b6a563531a6267bc
/rows/10/result/filesystem/read/python	string	3.14.7
/rows/10/result/filesystem/read/worker_ms	float	32.046842
/rows/10/result/filesystem/read/workload	string	read
/rows/10/result/filesystem/rg	object	-
/rows/10/result/filesystem/rg/check	object	-
/rows/10/result/filesystem/rg/check/matches	integer	2048
/rows/10/result/filesystem/rg/python	string	3.14.7
/rows/10/result/filesystem/rg/worker_ms	float	8.093323
/rows/10/result/filesystem/rg/workload	string	rg
/rows/10/result/filesystem/write	object	-
/rows/10/result/filesystem/write/check	object	-
/rows/10/result/filesystem/write/check/bytes	integer	16777216
/rows/10/result/filesystem/write/check/files	integer	256
/rows/10/result/filesystem/write/python	string	3.14.7
/rows/10/result/filesystem/write/worker_ms	float	3.773161
/rows/10/result/filesystem/write/workload	string	write
/rows/10/result/mode	string	filesystem
/rows/10/result/worker_ms	float	521.126239
/rows/10/result_ms	float	562.322744
/rows/10/trial	integer	2
/rows/10/variant	string	native
/rows/11	object	-
/rows/11/backend	string	pvisor-vm
/rows/11/completion_ms	float	10802.099238
/rows/11/correctness	string	passed
/rows/11/logs	string	/home/reiase/workspace/pvisor/target/sb/run/candidate/trials/filesystem-pvisor-vm-002
/rows/11/memory_scope	string	owned launcher tree; Docker daemon/container RSS excluded
/rows/11/mode	string	filesystem
/rows/11/peak_tree_rss_kib	integer	593860
/rows/11/prepare_ms	float	43.420957
/rows/11/ready_ms	float	547.227496
/rows/11/result	object	-
/rows/11/result/correctness	string	passed
/rows/11/result/filesystem	object	-
/rows/11/result/filesystem/cargo	object	-
/rows/11/result/filesystem/cargo/check	object	-
/rows/11/result/filesystem/cargo/check/modules	integer	64
/rows/11/result/filesystem/cargo/check/result	string	2016
/rows/11/result/filesystem/cargo/python	string	3.14.7
/rows/11/result/filesystem/cargo/worker_ms	float	2381.572911
/rows/11/result/filesystem/cargo/workload	string	cargo
/rows/11/result/filesystem/git	object	-
/rows/11/result/filesystem/git/check	object	-
/rows/11/result/filesystem/git/check/git_clean	boolean	true
/rows/11/result/filesystem/git/python	string	3.14.7
/rows/11/result/filesystem/git/worker_ms	float	1145.065815
/rows/11/result/filesystem/git/workload	string	git
/rows/11/result/filesystem/metadata	object	-
/rows/11/result/filesystem/metadata/check	object	-
/rows/11/result/filesystem/metadata/check/bytes	integer	2095104
/rows/11/result/filesystem/metadata/check/files	integer	2048
/rows/11/result/filesystem/metadata/python	string	3.14.7
/rows/11/result/filesystem/metadata/worker_ms	float	390.924111
/rows/11/result/filesystem/metadata/workload	string	metadata
/rows/11/result/filesystem/npm	object	-
/rows/11/result/filesystem/npm/check	object	-
/rows/11/result/filesystem/npm/check/local_packages	integer	32
/rows/11/result/filesystem/npm/python	string	3.14.7
/rows/11/result/filesystem/npm/worker_ms	float	1912.990939
/rows/11/result/filesystem/npm/workload	string	npm
/rows/11/result/filesystem/read	object	-
/rows/11/result/filesystem/read/check	object	-
/rows/11/result/filesystem/read/check/bytes	integer	67108864
/rows/11/result/filesystem/read/check/sha256	string	42ef3a50fe506ced865473b082c8b28f6ce254e6e2b01266b6a563531a6267bc
/rows/11/result/filesystem/read/python	string	3.14.7
/rows/11/result/filesystem/read/worker_ms	float	422.513453
/rows/11/result/filesystem/read/workload	string	read
/rows/11/result/filesystem/rg	object	-
/rows/11/result/filesystem/rg/check	object	-
/rows/11/result/filesystem/rg/check/matches	integer	2048
/rows/11/result/filesystem/rg/python	string	3.14.7
/rows/11/result/filesystem/rg/worker_ms	float	1945.322867
/rows/11/result/filesystem/rg/workload	string	rg
/rows/11/result/filesystem/write	object	-
/rows/11/result/filesystem/write/check	object	-
/rows/11/result/filesystem/write/check/bytes	integer	16777216
/rows/11/result/filesystem/write/check/files	integer	256
/rows/11/result/filesystem/write/python	string	3.14.7
/rows/11/result/filesystem/write/worker_ms	float	395.226889
/rows/11/result/filesystem/write/workload	string	write
/rows/11/result/mode	string	filesystem
/rows/11/result/worker_ms	float	10089.177968
/rows/11/result_ms	float	10637.959612
/rows/11/trial	integer	2
/rows/11/variant	string	candidate
/rows/12	object	-
/rows/12/backend	string	pvisor-staged
/rows/12/completion_ms	float	1844.507591
/rows/12/correctness	string	passed
/rows/12/logs	string	/home/reiase/workspace/pvisor/target/sb/run/baseline/trials/filesystem-pvisor-staged-002
/rows/12/memory_scope	string	owned launcher tree; Docker daemon/container RSS excluded
/rows/12/mode	string	filesystem
/rows/12/peak_tree_rss_kib	integer	179616
/rows/12/prepare_ms	float	54.872727
/rows/12/ready_ms	float	128.927928
/rows/12/result	object	-
/rows/12/result/correctness	string	passed
/rows/12/result/filesystem	object	-
/rows/12/result/filesystem/cargo	object	-
/rows/12/result/filesystem/cargo/check	object	-
/rows/12/result/filesystem/cargo/check/modules	integer	64
/rows/12/result/filesystem/cargo/check/result	string	2016
/rows/12/result/filesystem/cargo/python	string	3.14.7
/rows/12/result/filesystem/cargo/worker_ms	float	153.972984
/rows/12/result/filesystem/cargo/workload	string	cargo
/rows/12/result/filesystem/git	object	-
/rows/12/result/filesystem/git/check	object	-
/rows/12/result/filesystem/git/check/git_clean	boolean	true
/rows/12/result/filesystem/git/python	string	3.14.7
/rows/12/result/filesystem/git/worker_ms	float	304.926695
/rows/12/result/filesystem/git/workload	string	git
/rows/12/result/filesystem/metadata	object	-
/rows/12/result/filesystem/metadata/check	object	-
/rows/12/result/filesystem/metadata/check/bytes	integer	2095104
/rows/12/result/filesystem/metadata/check/files	integer	2048
/rows/12/result/filesystem/metadata/python	string	3.14.7
/rows/12/result/filesystem/metadata/worker_ms	float	88.509124
/rows/12/result/filesystem/metadata/workload	string	metadata
/rows/12/result/filesystem/npm	object	-
/rows/12/result/filesystem/npm/check	object	-
/rows/12/result/filesystem/npm/check/local_packages	integer	32
/rows/12/result/filesystem/npm/python	string	3.14.7
/rows/12/result/filesystem/npm/worker_ms	float	381.971135
/rows/12/result/filesystem/npm/workload	string	npm
/rows/12/result/filesystem/read	object	-
/rows/12/result/filesystem/read/check	object	-
/rows/12/result/filesystem/read/check/bytes	integer	67108864
/rows/12/result/filesystem/read/check/sha256	string	42ef3a50fe506ced865473b082c8b28f6ce254e6e2b01266b6a563531a6267bc
/rows/12/result/filesystem/read/python	string	3.14.7
/rows/12/result/filesystem/read/worker_ms	float	76.829128
/rows/12/result/filesystem/read/workload	string	read
/rows/12/result/filesystem/rg	object	-
/rows/12/result/filesystem/rg/check	object	-
/rows/12/result/filesystem/rg/check/matches	integer	2048
/rows/12/result/filesystem/rg/python	string	3.14.7
/rows/12/result/filesystem/rg/worker_ms	float	140.666223
/rows/12/result/filesystem/rg/workload	string	rg
/rows/12/result/filesystem/write	object	-
/rows/12/result/filesystem/write/check	object	-
/rows/12/result/filesystem/write/check/bytes	integer	16777216
/rows/12/result/filesystem/write/check/files	integer	256
/rows/12/result/filesystem/write/python	string	3.14.7
/rows/12/result/filesystem/write/worker_ms	float	258.997077
/rows/12/result/filesystem/write/workload	string	write
/rows/12/result/mode	string	filesystem
/rows/12/result/worker_ms	float	1561.375446
/rows/12/result_ms	float	1690.3601
/rows/12/trial	integer	2
/rows/12/variant	string	baseline
/rows/13	object	-
/rows/13/backend	string	pvisor-staged
/rows/13/completion_ms	float	1538.21087
/rows/13/correctness	string	passed
/rows/13/logs	string	/home/reiase/workspace/pvisor/target/sb/run/candidate/trials/filesystem-pvisor-staged-002
/rows/13/memory_scope	string	owned launcher tree; Docker daemon/container RSS excluded
/rows/13/mode	string	filesystem
/rows/13/peak_tree_rss_kib	integer	177476
/rows/13/prepare_ms	float	40.221447
/rows/13/ready_ms	float	81.75478
/rows/13/result	object	-
/rows/13/result/correctness	string	passed
/rows/13/result/filesystem	object	-
/rows/13/result/filesystem/cargo	object	-
/rows/13/result/filesystem/cargo/check	object	-
/rows/13/result/filesystem/cargo/check/modules	integer	64
/rows/13/result/filesystem/cargo/check/result	string	2016
/rows/13/result/filesystem/cargo/python	string	3.14.7
/rows/13/result/filesystem/cargo/worker_ms	float	116.778237
/rows/13/result/filesystem/cargo/workload	string	cargo
/rows/13/result/filesystem/git	object	-
/rows/13/result/filesystem/git/check	object	-
/rows/13/result/filesystem/git/check/git_clean	boolean	true
/rows/13/result/filesystem/git/python	string	3.14.7
/rows/13/result/filesystem/git/worker_ms	float	179.385266
/rows/13/result/filesystem/git/workload	string	git
/rows/13/result/filesystem/metadata	object	-
/rows/13/result/filesystem/metadata/check	object	-
/rows/13/result/filesystem/metadata/check/bytes	integer	2095104
/rows/13/result/filesystem/metadata/check/files	integer	2048
/rows/13/result/filesystem/metadata/python	string	3.14.7
/rows/13/result/filesystem/metadata/worker_ms	float	99.313516
/rows/13/result/filesystem/metadata/workload	string	metadata
/rows/13/result/filesystem/npm	object	-
/rows/13/result/filesystem/npm/check	object	-
/rows/13/result/filesystem/npm/check/local_packages	integer	32
/rows/13/result/filesystem/npm/python	string	3.14.7
/rows/13/result/filesystem/npm/worker_ms	float	355.225866
/rows/13/result/filesystem/npm/workload	string	npm
/rows/13/result/filesystem/read	object	-
/rows/13/result/filesystem/read/check	object	-
/rows/13/result/filesystem/read/check/bytes	integer	67108864
/rows/13/result/filesystem/read/check/sha256	string	42ef3a50fe506ced865473b082c8b28f6ce254e6e2b01266b6a563531a6267bc
/rows/13/result/filesystem/read/python	string	3.14.7
/rows/13/result/filesystem/read/worker_ms	float	75.752299
/rows/13/result/filesystem/read/workload	string	read
/rows/13/result/filesystem/rg	object	-
/rows/13/result/filesystem/rg/check	object	-
/rows/13/result/filesystem/rg/check/matches	integer	2048
/rows/13/result/filesystem/rg/python	string	3.14.7
/rows/13/result/filesystem/rg/worker_ms	float	171.926056
/rows/13/result/filesystem/rg/workload	string	rg
/rows/13/result/filesystem/write	object	-
/rows/13/result/filesystem/write/check	object	-
/rows/13/result/filesystem/write/check/bytes	integer	16777216
/rows/13/result/filesystem/write/check/files	integer	256
/rows/13/result/filesystem/write/python	string	3.14.7
/rows/13/result/filesystem/write/worker_ms	float	39.476787
/rows/13/result/filesystem/write/workload	string	write
/rows/13/result/mode	string	filesystem
/rows/13/result/worker_ms	float	1188.25136
/rows/13/result_ms	float	1270.057957
/rows/13/trial	integer	2
/rows/13/variant	string	candidate
/rows/14	object	-
/rows/14/backend	string	pvisor-vm
/rows/14/completion_ms	float	6780.109391
/rows/14/correctness	string	passed
/rows/14/logs	string	/home/reiase/workspace/pvisor/target/sb/run/baseline/trials/filesystem-pvisor-vm-002
/rows/14/memory_scope	string	owned launcher tree; Docker daemon/container RSS excluded
/rows/14/mode	string	filesystem
/rows/14/peak_tree_rss_kib	integer	616012
/rows/14/prepare_ms	float	44.497325
/rows/14/ready_ms	float	502.184471
/rows/14/result	object	-
/rows/14/result/correctness	string	passed
/rows/14/result/filesystem	object	-
/rows/14/result/filesystem/cargo	object	-
/rows/14/result/filesystem/cargo/check	object	-
/rows/14/result/filesystem/cargo/check/modules	integer	64
/rows/14/result/filesystem/cargo/check/result	string	2016
/rows/14/result/filesystem/cargo/python	string	3.14.7
/rows/14/result/filesystem/cargo/worker_ms	float	1179.910057
/rows/14/result/filesystem/cargo/workload	string	cargo
/rows/14/result/filesystem/git	object	-
/rows/14/result/filesystem/git/check	object	-
/rows/14/result/filesystem/git/check/git_clean	boolean	true
/rows/14/result/filesystem/git/python	string	3.14.7
/rows/14/result/filesystem/git/worker_ms	float	621.22816
/rows/14/result/filesystem/git/workload	string	git
/rows/14/result/filesystem/metadata	object	-
/rows/14/result/filesystem/metadata/check	object	-
/rows/14/result/filesystem/metadata/check/bytes	integer	2095104
/rows/14/result/filesystem/metadata/check/files	integer	2048
/rows/14/result/filesystem/metadata/python	string	3.14.7
/rows/14/result/filesystem/metadata/worker_ms	float	214.572931
/rows/14/result/filesystem/metadata/workload	string	metadata
/rows/14/result/filesystem/npm	object	-
/rows/14/result/filesystem/npm/check	object	-
/rows/14/result/filesystem/npm/check/local_packages	integer	32
/rows/14/result/filesystem/npm/python	string	3.14.7
/rows/14/result/filesystem/npm/worker_ms	float	2181.829593
/rows/14/result/filesystem/npm/workload	string	npm
/rows/14/result/filesystem/read	object	-
/rows/14/result/filesystem/read/check	object	-
/rows/14/result/filesystem/read/check/bytes	integer	67108864
/rows/14/result/filesystem/read/check/sha256	string	42ef3a50fe506ced865473b082c8b28f6ce254e6e2b01266b6a563531a6267bc
/rows/14/result/filesystem/read/python	string	3.14.7
/rows/14/result/filesystem/read/worker_ms	float	139.188446
/rows/14/result/filesystem/read/workload	string	read
/rows/14/result/filesystem/rg	object	-
/rows/14/result/filesystem/rg/check	object	-
/rows/14/result/filesystem/rg/check/matches	integer	2048
/rows/14/result/filesystem/rg/python	string	3.14.7
/rows/14/result/filesystem/rg/worker_ms	float	650.149588
/rows/14/result/filesystem/rg/workload	string	rg
/rows/14/result/filesystem/write	object	-
/rows/14/result/filesystem/write/check	object	-
/rows/14/result/filesystem/write/check/bytes	integer	16777216
/rows/14/result/filesystem/write/check/files	integer	256
/rows/14/result/filesystem/write/python	string	3.14.7
/rows/14/result/filesystem/write/worker_ms	float	273.201325
/rows/14/result/filesystem/write/workload	string	write
/rows/14/result/mode	string	filesystem
/rows/14/result/worker_ms	float	6141.877777
/rows/14/result_ms	float	6644.906433
/rows/14/trial	integer	2
/rows/14/variant	string	baseline
/rows/15	object	-
/rows/15/backend	string	pvisor-vm
/rows/15/completion_ms	float	11717.313422
/rows/15/correctness	string	passed
/rows/15/logs	string	/home/reiase/workspace/pvisor/target/sb/run/candidate/trials/filesystem-pvisor-vm-003
/rows/15/memory_scope	string	owned launcher tree; Docker daemon/container RSS excluded
/rows/15/mode	string	filesystem
/rows/15/peak_tree_rss_kib	integer	610928
/rows/15/prepare_ms	float	39.878676
/rows/15/ready_ms	float	427.960314
/rows/15/result	object	-
/rows/15/result/correctness	string	passed
/rows/15/result/filesystem	object	-
/rows/15/result/filesystem/cargo	object	-
/rows/15/result/filesystem/cargo/check	object	-
/rows/15/result/filesystem/cargo/check/modules	integer	64
/rows/15/result/filesystem/cargo/check/result	string	2016
/rows/15/result/filesystem/cargo/python	string	3.14.7
/rows/15/result/filesystem/cargo/worker_ms	float	2965.377811
/rows/15/result/filesystem/cargo/workload	string	cargo
/rows/15/result/filesystem/git	object	-
/rows/15/result/filesystem/git/check	object	-
/rows/15/result/filesystem/git/check/git_clean	boolean	true
/rows/15/result/filesystem/git/python	string	3.14.7
/rows/15/result/filesystem/git/worker_ms	float	1331.811884
/rows/15/result/filesystem/git/workload	string	git
/rows/15/result/filesystem/metadata	object	-
/rows/15/result/filesystem/metadata/check	object	-
/rows/15/result/filesystem/metadata/check/bytes	integer	2095104
/rows/15/result/filesystem/metadata/check/files	integer	2048
/rows/15/result/filesystem/metadata/python	string	3.14.7
/rows/15/result/filesystem/metadata/worker_ms	float	222.524816
/rows/15/result/filesystem/metadata/workload	string	metadata
/rows/15/result/filesystem/npm	object	-
/rows/15/result/filesystem/npm/check	object	-
/rows/15/result/filesystem/npm/check/local_packages	integer	32
/rows/15/result/filesystem/npm/python	string	3.14.7
/rows/15/result/filesystem/npm/worker_ms	float	2973.080981
/rows/15/result/filesystem/npm/workload	string	npm
/rows/15/result/filesystem/read	object	-
/rows/15/result/filesystem/read/check	object	-
/rows/15/result/filesystem/read/check/bytes	integer	67108864
/rows/15/result/filesystem/read/check/sha256	string	42ef3a50fe506ced865473b082c8b28f6ce254e6e2b01266b6a563531a6267bc
/rows/15/result/filesystem/read/python	string	3.14.7
/rows/15/result/filesystem/read/worker_ms	float	236.079518
/rows/15/result/filesystem/read/workload	string	read
/rows/15/result/filesystem/rg	object	-
/rows/15/result/filesystem/rg/check	object	-
/rows/15/result/filesystem/rg/check/matches	integer	2048
/rows/15/result/filesystem/rg/python	string	3.14.7
/rows/15/result/filesystem/rg/worker_ms	float	1546.005116
/rows/15/result/filesystem/rg/workload	string	rg
/rows/15/result/filesystem/write	object	-
/rows/15/result/filesystem/write/check	object	-
/rows/15/result/filesystem/write/check/bytes	integer	16777216
/rows/15/result/filesystem/write/check/files	integer	256
/rows/15/result/filesystem/write/python	string	3.14.7
/rows/15/result/filesystem/write/worker_ms	float	279.504018
/rows/15/result/filesystem/write/workload	string	write
/rows/15/result/mode	string	filesystem
/rows/15/result/worker_ms	float	10783.907896
/rows/15/result_ms	float	11211.939499
/rows/15/trial	integer	3
/rows/15/variant	string	candidate
/rows/16	object	-
/rows/16/backend	string	pvisor-vm
/rows/16/completion_ms	float	5296.691409
/rows/16/correctness	string	passed
/rows/16/logs	string	/home/reiase/workspace/pvisor/target/sb/run/baseline/trials/filesystem-pvisor-vm-003
/rows/16/memory_scope	string	owned launcher tree; Docker daemon/container RSS excluded
/rows/16/mode	string	filesystem
/rows/16/peak_tree_rss_kib	integer	615480
/rows/16/prepare_ms	float	37.250773
/rows/16/ready_ms	float	408.514507
/rows/16/result	object	-
/rows/16/result/correctness	string	passed
/rows/16/result/filesystem	object	-
/rows/16/result/filesystem/cargo	object	-
/rows/16/result/filesystem/cargo/check	object	-
/rows/16/result/filesystem/cargo/check/modules	integer	64
/rows/16/result/filesystem/cargo/check/result	string	2016
/rows/16/result/filesystem/cargo/python	string	3.14.7
/rows/16/result/filesystem/cargo/worker_ms	float	839.632639
/rows/16/result/filesystem/cargo/workload	string	cargo
/rows/16/result/filesystem/git	object	-
/rows/16/result/filesystem/git/check	object	-
/rows/16/result/filesystem/git/check/git_clean	boolean	true
/rows/16/result/filesystem/git/python	string	3.14.7
/rows/16/result/filesystem/git/worker_ms	float	729.517254
/rows/16/result/filesystem/git/workload	string	git
/rows/16/result/filesystem/metadata	object	-
/rows/16/result/filesystem/metadata/check	object	-
/rows/16/result/filesystem/metadata/check/bytes	integer	2095104
/rows/16/result/filesystem/metadata/check/files	integer	2048
/rows/16/result/filesystem/metadata/python	string	3.14.7
/rows/16/result/filesystem/metadata/worker_ms	float	176.728855
/rows/16/result/filesystem/metadata/workload	string	metadata
/rows/16/result/filesystem/npm	object	-
/rows/16/result/filesystem/npm/check	object	-
/rows/16/result/filesystem/npm/check/local_packages	integer	32
/rows/16/result/filesystem/npm/python	string	3.14.7
/rows/16/result/filesystem/npm/worker_ms	float	1700.594272
/rows/16/result/filesystem/npm/workload	string	npm
/rows/16/result/filesystem/read	object	-
/rows/16/result/filesystem/read/check	object	-
/rows/16/result/filesystem/read/check/bytes	integer	67108864
/rows/16/result/filesystem/read/check/sha256	string	42ef3a50fe506ced865473b082c8b28f6ce254e6e2b01266b6a563531a6267bc
/rows/16/result/filesystem/read/python	string	3.14.7
/rows/16/result/filesystem/read/worker_ms	float	136.493102
/rows/16/result/filesystem/read/workload	string	read
/rows/16/result/filesystem/rg	object	-
/rows/16/result/filesystem/rg/check	object	-
/rows/16/result/filesystem/rg/check/matches	integer	2048
/rows/16/result/filesystem/rg/python	string	3.14.7
/rows/16/result/filesystem/rg/worker_ms	float	425.064469
/rows/16/result/filesystem/rg/workload	string	rg
/rows/16/result/filesystem/write	object	-
/rows/16/result/filesystem/write/check	object	-
/rows/16/result/filesystem/write/check/bytes	integer	16777216
/rows/16/result/filesystem/write/check/files	integer	256
/rows/16/result/filesystem/write/python	string	3.14.7
/rows/16/result/filesystem/write/worker_ms	float	258.017881
/rows/16/result/filesystem/write/workload	string	write
/rows/16/result/mode	string	filesystem
/rows/16/result/worker_ms	float	4732.891525
/rows/16/result_ms	float	5142.302618
/rows/16/trial	integer	3
/rows/16/variant	string	baseline
/rows/17	object	-
/rows/17/backend	string	pvisor-staged
/rows/17/completion_ms	float	1223.184809
/rows/17/correctness	string	passed
/rows/17/logs	string	/home/reiase/workspace/pvisor/target/sb/run/candidate/trials/filesystem-pvisor-staged-003
/rows/17/memory_scope	string	owned launcher tree; Docker daemon/container RSS excluded
/rows/17/mode	string	filesystem
/rows/17/peak_tree_rss_kib	integer	224896
/rows/17/prepare_ms	float	36.30076
/rows/17/ready_ms	float	71.419944
/rows/17/result	object	-
/rows/17/result/correctness	string	passed
/rows/17/result/filesystem	object	-
/rows/17/result/filesystem/cargo	object	-
/rows/17/result/filesystem/cargo/check	object	-
/rows/17/result/filesystem/cargo/check/modules	integer	64
/rows/17/result/filesystem/cargo/check/result	string	2016
/rows/17/result/filesystem/cargo/python	string	3.14.7
/rows/17/result/filesystem/cargo/worker_ms	float	155.009218
/rows/17/result/filesystem/cargo/workload	string	cargo
/rows/17/result/filesystem/git	object	-
/rows/17/result/filesystem/git/check	object	-
/rows/17/result/filesystem/git/check/git_clean	boolean	true
/rows/17/result/filesystem/git/python	string	3.14.7
/rows/17/result/filesystem/git/worker_ms	float	123.053246
/rows/17/result/filesystem/git/workload	string	git
/rows/17/result/filesystem/metadata	object	-
/rows/17/result/filesystem/metadata/check	object	-
/rows/17/result/filesystem/metadata/check/bytes	integer	2095104
/rows/17/result/filesystem/metadata/check/files	integer	2048
/rows/17/result/filesystem/metadata/python	string	3.14.7
/rows/17/result/filesystem/metadata/worker_ms	float	77.446019
/rows/17/result/filesystem/metadata/workload	string	metadata
/rows/17/result/filesystem/npm	object	-
/rows/17/result/filesystem/npm/check	object	-
/rows/17/result/filesystem/npm/check/local_packages	integer	32
/rows/17/result/filesystem/npm/python	string	3.14.7
/rows/17/result/filesystem/npm/worker_ms	float	233.746407
/rows/17/result/filesystem/npm/workload	string	npm
/rows/17/result/filesystem/read	object	-
/rows/17/result/filesystem/read/check	object	-
/rows/17/result/filesystem/read/check/bytes	integer	67108864
/rows/17/result/filesystem/read/check/sha256	string	42ef3a50fe506ced865473b082c8b28f6ce254e6e2b01266b6a563531a6267bc
/rows/17/result/filesystem/read/python	string	3.14.7
/rows/17/result/filesystem/read/worker_ms	float	68.018958
/rows/17/result/filesystem/read/workload	string	read
/rows/17/result/filesystem/rg	object	-
/rows/17/result/filesystem/rg/check	object	-
/rows/17/result/filesystem/rg/check/matches	integer	2048
/rows/17/result/filesystem/rg/python	string	3.14.7
/rows/17/result/filesystem/rg/worker_ms	float	104.300081
/rows/17/result/filesystem/rg/workload	string	rg
/rows/17/result/filesystem/write	object	-
/rows/17/result/filesystem/write/check	object	-
/rows/17/result/filesystem/write/check/bytes	integer	16777216
/rows/17/result/filesystem/write/check/files	integer	256
/rows/17/result/filesystem/write/python	string	3.14.7
/rows/17/result/filesystem/write/worker_ms	float	27.066378
/rows/17/result/filesystem/write/workload	string	write
/rows/17/result/mode	string	filesystem
/rows/17/result/worker_ms	float	910.612507
/rows/17/result_ms	float	982.084709
/rows/17/trial	integer	3
/rows/17/variant	string	candidate
/rows/18	object	-
/rows/18/backend	string	native
/rows/18/completion_ms	float	451.708009
/rows/18/correctness	string	passed
/rows/18/logs	string	/home/reiase/workspace/pvisor/target/sb/run/native/trials/filesystem-native-003
/rows/18/memory_scope	string	owned launcher tree; Docker daemon/container RSS excluded
/rows/18/mode	string	filesystem
/rows/18/peak_tree_rss_kib	integer	144480
/rows/18/prepare_ms	float	36.093003
/rows/18/ready_ms	float	38.245539
/rows/18/result	object	-
/rows/18/result/correctness	string	passed
/rows/18/result/filesystem	object	-
/rows/18/result/filesystem/cargo	object	-
/rows/18/result/filesystem/cargo/check	object	-
/rows/18/result/filesystem/cargo/check/modules	integer	64
/rows/18/result/filesystem/cargo/check/result	string	2016
/rows/18/result/filesystem/cargo/python	string	3.14.7
/rows/18/result/filesystem/cargo/worker_ms	float	50.842335
/rows/18/result/filesystem/cargo/workload	string	cargo
/rows/18/result/filesystem/git	object	-
/rows/18/result/filesystem/git/check	object	-
/rows/18/result/filesystem/git/check/git_clean	boolean	true
/rows/18/result/filesystem/git/python	string	3.14.7
/rows/18/result/filesystem/git/worker_ms	float	13.6005
/rows/18/result/filesystem/git/workload	string	git
/rows/18/result/filesystem/metadata	object	-
/rows/18/result/filesystem/metadata/check	object	-
/rows/18/result/filesystem/metadata/check/bytes	integer	2095104
/rows/18/result/filesystem/metadata/check/files	integer	2048
/rows/18/result/filesystem/metadata/python	string	3.14.7
/rows/18/result/filesystem/metadata/worker_ms	float	4.558586
/rows/18/result/filesystem/metadata/workload	string	metadata
/rows/18/result/filesystem/npm	object	-
/rows/18/result/filesystem/npm/check	object	-
/rows/18/result/filesystem/npm/check/local_packages	integer	32
/rows/18/result/filesystem/npm/python	string	3.14.7
/rows/18/result/filesystem/npm/worker_ms	float	174.538571
/rows/18/result/filesystem/npm/workload	string	npm
/rows/18/result/filesystem/read	object	-
/rows/18/result/filesystem/read/check	object	-
/rows/18/result/filesystem/read/check/bytes	integer	67108864
/rows/18/result/filesystem/read/check/sha256	string	42ef3a50fe506ced865473b082c8b28f6ce254e6e2b01266b6a563531a6267bc
/rows/18/result/filesystem/read/python	string	3.14.7
/rows/18/result/filesystem/read/worker_ms	float	36.89039
/rows/18/result/filesystem/read/workload	string	read
/rows/18/result/filesystem/rg	object	-
/rows/18/result/filesystem/rg/check	object	-
/rows/18/result/filesystem/rg/check/matches	integer	2048
/rows/18/result/filesystem/rg/python	string	3.14.7
/rows/18/result/filesystem/rg/worker_ms	float	7.954454
/rows/18/result/filesystem/rg/workload	string	rg
/rows/18/result/filesystem/write	object	-
/rows/18/result/filesystem/write/check	object	-
/rows/18/result/filesystem/write/check/bytes	integer	16777216
/rows/18/result/filesystem/write/check/files	integer	256
/rows/18/result/filesystem/write/python	string	3.14.7
/rows/18/result/filesystem/write/worker_ms	float	4.240744
/rows/18/result/filesystem/write/workload	string	write
/rows/18/result/mode	string	filesystem
/rows/18/result/worker_ms	float	405.806123
/rows/18/result_ms	float	444.108578
/rows/18/trial	integer	3
/rows/18/variant	string	native
/rows/19	object	-
/rows/19/backend	string	pvisor-staged
/rows/19/completion_ms	float	1328.726407
/rows/19/correctness	string	passed
/rows/19/logs	string	/home/reiase/workspace/pvisor/target/sb/run/baseline/trials/filesystem-pvisor-staged-003
/rows/19/memory_scope	string	owned launcher tree; Docker daemon/container RSS excluded
/rows/19/mode	string	filesystem
/rows/19/peak_tree_rss_kib	integer	178476
/rows/19/prepare_ms	float	36.804049
/rows/19/ready_ms	float	61.651165
/rows/19/result	object	-
/rows/19/result/correctness	string	passed
/rows/19/result/filesystem	object	-
/rows/19/result/filesystem/cargo	object	-
/rows/19/result/filesystem/cargo/check	object	-
/rows/19/result/filesystem/cargo/check/modules	integer	64
/rows/19/result/filesystem/cargo/check/result	string	2016
/rows/19/result/filesystem/cargo/python	string	3.14.7
/rows/19/result/filesystem/cargo/worker_ms	float	127.304619
/rows/19/result/filesystem/cargo/workload	string	cargo
/rows/19/result/filesystem/git	object	-
/rows/19/result/filesystem/git/check	object	-
/rows/19/result/filesystem/git/check/git_clean	boolean	true
/rows/19/result/filesystem/git/python	string	3.14.7
/rows/19/result/filesystem/git/worker_ms	float	168.411177
/rows/19/result/filesystem/git/workload	string	git
/rows/19/result/filesystem/metadata	object	-
/rows/19/result/filesystem/metadata/check	object	-
/rows/19/result/filesystem/metadata/check/bytes	integer	2095104
/rows/19/result/filesystem/metadata/check/files	integer	2048
/rows/19/result/filesystem/metadata/python	string	3.14.7
/rows/19/result/filesystem/metadata/worker_ms	float	76.880154
/rows/19/result/filesystem/metadata/workload	string	metadata
/rows/19/result/filesystem/npm	object	-
/rows/19/result/filesystem/npm/check	object	-
/rows/19/result/filesystem/npm/check/local_packages	integer	32
/rows/19/result/filesystem/npm/python	string	3.14.7
/rows/19/result/filesystem/npm/worker_ms	float	275.561066
/rows/19/result/filesystem/npm/workload	string	npm
/rows/19/result/filesystem/read	object	-
/rows/19/result/filesystem/read/check	object	-
/rows/19/result/filesystem/read/check/bytes	integer	67108864
/rows/19/result/filesystem/read/check/sha256	string	42ef3a50fe506ced865473b082c8b28f6ce254e6e2b01266b6a563531a6267bc
/rows/19/result/filesystem/read/python	string	3.14.7
/rows/19/result/filesystem/read/worker_ms	float	77.42994
/rows/19/result/filesystem/read/workload	string	read
/rows/19/result/filesystem/rg	object	-
/rows/19/result/filesystem/rg/check	object	-
/rows/19/result/filesystem/rg/check/matches	integer	2048
/rows/19/result/filesystem/rg/python	string	3.14.7
/rows/19/result/filesystem/rg/worker_ms	float	91.114666
/rows/19/result/filesystem/rg/workload	string	rg
/rows/19/result/filesystem/write	object	-
/rows/19/result/filesystem/write/check	object	-
/rows/19/result/filesystem/write/check/bytes	integer	16777216
/rows/19/result/filesystem/write/check/files	integer	256
/rows/19/result/filesystem/write/python	string	3.14.7
/rows/19/result/filesystem/write/worker_ms	float	203.920089
/rows/19/result/filesystem/write/workload	string	write
/rows/19/result/mode	string	filesystem
/rows/19/result/worker_ms	float	1144.207302
/rows/19/result_ms	float	1205.922226
/rows/19/trial	integer	3
/rows/19/variant	string	baseline
/rows/20	object	-
/rows/20/backend	string	native
/rows/20/completion_ms	float	454.454003
/rows/20/correctness	string	passed
/rows/20/logs	string	/home/reiase/workspace/pvisor/target/sb/run/native/trials/filesystem-native-004
/rows/20/memory_scope	string	owned launcher tree; Docker daemon/container RSS excluded
/rows/20/mode	string	filesystem
/rows/20/peak_tree_rss_kib	integer	142736
/rows/20/prepare_ms	float	36.866626
/rows/20/ready_ms	float	38.975742
/rows/20/result	object	-
/rows/20/result/correctness	string	passed
/rows/20/result/filesystem	object	-
/rows/20/result/filesystem/cargo	object	-
/rows/20/result/filesystem/cargo/check	object	-
/rows/20/result/filesystem/cargo/check/modules	integer	64
/rows/20/result/filesystem/cargo/check/result	string	2016
/rows/20/result/filesystem/cargo/python	string	3.14.7
/rows/20/result/filesystem/cargo/worker_ms	float	55.535192
/rows/20/result/filesystem/cargo/workload	string	cargo
/rows/20/result/filesystem/git	object	-
/rows/20/result/filesystem/git/check	object	-
/rows/20/result/filesystem/git/check/git_clean	boolean	true
/rows/20/result/filesystem/git/python	string	3.14.7
/rows/20/result/filesystem/git/worker_ms	float	15.049322
/rows/20/result/filesystem/git/workload	string	git
/rows/20/result/filesystem/metadata	object	-
/rows/20/result/filesystem/metadata/check	object	-
/rows/20/result/filesystem/metadata/check/bytes	integer	2095104
/rows/20/result/filesystem/metadata/check/files	integer	2048
/rows/20/result/filesystem/metadata/python	string	3.14.7
/rows/20/result/filesystem/metadata/worker_ms	float	4.872523
/rows/20/result/filesystem/metadata/workload	string	metadata
/rows/20/result/filesystem/npm	object	-
/rows/20/result/filesystem/npm/check	object	-
/rows/20/result/filesystem/npm/check/local_packages	integer	32
/rows/20/result/filesystem/npm/python	string	3.14.7
/rows/20/result/filesystem/npm/worker_ms	float	170.310893
/rows/20/result/filesystem/npm/workload	string	npm
/rows/20/result/filesystem/read	object	-
/rows/20/result/filesystem/read/check	object	-
/rows/20/result/filesystem/read/check/bytes	integer	67108864
/rows/20/result/filesystem/read/check/sha256	string	42ef3a50fe506ced865473b082c8b28f6ce254e6e2b01266b6a563531a6267bc
/rows/20/result/filesystem/read/python	string	3.14.7
/rows/20/result/filesystem/read/worker_ms	float	30.469738
/rows/20/result/filesystem/read/workload	string	read
/rows/20/result/filesystem/rg	object	-
/rows/20/result/filesystem/rg/check	object	-
/rows/20/result/filesystem/rg/check/matches	integer	2048
/rows/20/result/filesystem/rg/python	string	3.14.7
/rows/20/result/filesystem/rg/worker_ms	float	7.350145
/rows/20/result/filesystem/rg/workload	string	rg
/rows/20/result/filesystem/write	object	-
/rows/20/result/filesystem/write/check	object	-
/rows/20/result/filesystem/write/check/bytes	integer	16777216
/rows/20/result/filesystem/write/check/files	integer	256
/rows/20/result/filesystem/write/python	string	3.14.7
/rows/20/result/filesystem/write/worker_ms	float	3.612692
/rows/20/result/filesystem/write/workload	string	write
/rows/20/result/mode	string	filesystem
/rows/20/result/worker_ms	float	407.065994
/rows/20/result_ms	float	446.087611
/rows/20/trial	integer	4
/rows/20/variant	string	native
/rows/21	object	-
/rows/21/backend	string	pvisor-staged
/rows/21/completion_ms	float	1380.096387
/rows/21/correctness	string	passed
/rows/21/logs	string	/home/reiase/workspace/pvisor/target/sb/run/baseline/trials/filesystem-pvisor-staged-004
/rows/21/memory_scope	string	owned launcher tree; Docker daemon/container RSS excluded
/rows/21/mode	string	filesystem
/rows/21/peak_tree_rss_kib	integer	180008
/rows/21/prepare_ms	float	36.341054
/rows/21/ready_ms	float	65.848448
/rows/21/result	object	-
/rows/21/result/correctness	string	passed
/rows/21/result/filesystem	object	-
/rows/21/result/filesystem/cargo	object	-
/rows/21/result/filesystem/cargo/check	object	-
/rows/21/result/filesystem/cargo/check/modules	integer	64
/rows/21/result/filesystem/cargo/check/result	string	2016
/rows/21/result/filesystem/cargo/python	string	3.14.7
/rows/21/result/filesystem/cargo/worker_ms	float	133.565884
/rows/21/result/filesystem/cargo/workload	string	cargo
/rows/21/result/filesystem/git	object	-
/rows/21/result/filesystem/git/check	object	-
/rows/21/result/filesystem/git/check/git_clean	boolean	true
/rows/21/result/filesystem/git/python	string	3.14.7
/rows/21/result/filesystem/git/worker_ms	float	170.147968
/rows/21/result/filesystem/git/workload	string	git
/rows/21/result/filesystem/metadata	object	-
/rows/21/result/filesystem/metadata/check	object	-
/rows/21/result/filesystem/metadata/check/bytes	integer	2095104
/rows/21/result/filesystem/metadata/check/files	integer	2048
/rows/21/result/filesystem/metadata/python	string	3.14.7
/rows/21/result/filesystem/metadata/worker_ms	float	79.8473
/rows/21/result/filesystem/metadata/workload	string	metadata
/rows/21/result/filesystem/npm	object	-
/rows/21/result/filesystem/npm/check	object	-
/rows/21/result/filesystem/npm/check/local_packages	integer	32
/rows/21/result/filesystem/npm/python	string	3.14.7
/rows/21/result/filesystem/npm/worker_ms	float	281.385415
/rows/21/result/filesystem/npm/workload	string	npm
/rows/21/result/filesystem/read	object	-
/rows/21/result/filesystem/read/check	object	-
/rows/21/result/filesystem/read/check/bytes	integer	67108864
/rows/21/result/filesystem/read/check/sha256	string	42ef3a50fe506ced865473b082c8b28f6ce254e6e2b01266b6a563531a6267bc
/rows/21/result/filesystem/read/python	string	3.14.7
/rows/21/result/filesystem/read/worker_ms	float	86.732549
/rows/21/result/filesystem/read/workload	string	read
/rows/21/result/filesystem/rg	object	-
/rows/21/result/filesystem/rg/check	object	-
/rows/21/result/filesystem/rg/check/matches	integer	2048
/rows/21/result/filesystem/rg/python	string	3.14.7
/rows/21/result/filesystem/rg/worker_ms	float	93.474851
/rows/21/result/filesystem/rg/workload	string	rg
/rows/21/result/filesystem/write	object	-
/rows/21/result/filesystem/write/check	object	-
/rows/21/result/filesystem/write/check/bytes	integer	16777216
/rows/21/result/filesystem/write/check/files	integer	256
/rows/21/result/filesystem/write/python	string	3.14.7
/rows/21/result/filesystem/write/worker_ms	float	208.326772
/rows/21/result/filesystem/write/workload	string	write
/rows/21/result/mode	string	filesystem
/rows/21/result/worker_ms	float	1176.727757
/rows/21/result_ms	float	1242.621649
/rows/21/trial	integer	4
/rows/21/variant	string	baseline
/rows/22	object	-
/rows/22/backend	string	pvisor-staged
/rows/22/completion_ms	float	1140.025929
/rows/22/correctness	string	passed
/rows/22/logs	string	/home/reiase/workspace/pvisor/target/sb/run/candidate/trials/filesystem-pvisor-staged-004
/rows/22/memory_scope	string	owned launcher tree; Docker daemon/container RSS excluded
/rows/22/mode	string	filesystem
/rows/22/peak_tree_rss_kib	integer	178768
/rows/22/prepare_ms	float	36.661504
/rows/22/ready_ms	float	62.000146
/rows/22/result	object	-
/rows/22/result/correctness	string	passed
/rows/22/result/filesystem	object	-
/rows/22/result/filesystem/cargo	object	-
/rows/22/result/filesystem/cargo/check	object	-
/rows/22/result/filesystem/cargo/check/modules	integer	64
/rows/22/result/filesystem/cargo/check/result	string	2016
/rows/22/result/filesystem/cargo/python	string	3.14.7
/rows/22/result/filesystem/cargo/worker_ms	float	71.707922
/rows/22/result/filesystem/cargo/workload	string	cargo
/rows/22/result/filesystem/git	object	-
/rows/22/result/filesystem/git/check	object	-
/rows/22/result/filesystem/git/check/git_clean	boolean	true
/rows/22/result/filesystem/git/python	string	3.14.7
/rows/22/result/filesystem/git/worker_ms	float	121.580328
/rows/22/result/filesystem/git/workload	string	git
/rows/22/result/filesystem/metadata	object	-
/rows/22/result/filesystem/metadata/check	object	-
/rows/22/result/filesystem/metadata/check/bytes	integer	2095104
/rows/22/result/filesystem/metadata/check/files	integer	2048
/rows/22/result/filesystem/metadata/python	string	3.14.7
/rows/22/result/filesystem/metadata/worker_ms	float	76.598969
/rows/22/result/filesystem/metadata/workload	string	metadata
/rows/22/result/filesystem/npm	object	-
/rows/22/result/filesystem/npm/check	object	-
/rows/22/result/filesystem/npm/check/local_packages	integer	32
/rows/22/result/filesystem/npm/python	string	3.14.7
/rows/22/result/filesystem/npm/worker_ms	float	227.897863
/rows/22/result/filesystem/npm/workload	string	npm
/rows/22/result/filesystem/read	object	-
/rows/22/result/filesystem/read/check	object	-
/rows/22/result/filesystem/read/check/bytes	integer	67108864
/rows/22/result/filesystem/read/check/sha256	string	42ef3a50fe506ced865473b082c8b28f6ce254e6e2b01266b6a563531a6267bc
/rows/22/result/filesystem/read/python	string	3.14.7
/rows/22/result/filesystem/read/worker_ms	float	88.193004
/rows/22/result/filesystem/read/workload	string	read
/rows/22/result/filesystem/rg	object	-
/rows/22/result/filesystem/rg/check	object	-
/rows/22/result/filesystem/rg/check/matches	integer	2048
/rows/22/result/filesystem/rg/python	string	3.14.7
/rows/22/result/filesystem/rg/worker_ms	float	88.872793
/rows/22/result/filesystem/rg/workload	string	rg
/rows/22/result/filesystem/write	object	-
/rows/22/result/filesystem/write/check	object	-
/rows/22/result/filesystem/write/check/bytes	integer	16777216
/rows/22/result/filesystem/write/check/files	integer	256
/rows/22/result/filesystem/write/python	string	3.14.7
/rows/22/result/filesystem/write/worker_ms	float	26.697459
/rows/22/result/filesystem/write/workload	string	write
/rows/22/result/mode	string	filesystem
/rows/22/result/worker_ms	float	821.389101
/rows/22/result_ms	float	883.439871
/rows/22/trial	integer	4
/rows/22/variant	string	candidate
/rows/23	object	-
/rows/23/backend	string	pvisor-vm
/rows/23/completion_ms	float	7469.266016
/rows/23/correctness	string	passed
/rows/23/logs	string	/home/reiase/workspace/pvisor/target/sb/run/candidate/trials/filesystem-pvisor-vm-004
/rows/23/memory_scope	string	owned launcher tree; Docker daemon/container RSS excluded
/rows/23/mode	string	filesystem
/rows/23/peak_tree_rss_kib	integer	604416
/rows/23/prepare_ms	float	36.202587
/rows/23/ready_ms	float	404.096733
/rows/23/result	object	-
/rows/23/result/correctness	string	passed
/rows/23/result/filesystem	object	-
/rows/23/result/filesystem/cargo	object	-
/rows/23/result/filesystem/cargo/check	object	-
/rows/23/result/filesystem/cargo/check/modules	integer	64
/rows/23/result/filesystem/cargo/check/result	string	2016
/rows/23/result/filesystem/cargo/python	string	3.14.7
/rows/23/result/filesystem/cargo/worker_ms	float	659.903939
/rows/23/result/filesystem/cargo/workload	string	cargo
/rows/23/result/filesystem/git	object	-
/rows/23/result/filesystem/git/check	object	-
/rows/23/result/filesystem/git/check/git_clean	boolean	true
/rows/23/result/filesystem/git/python	string	3.14.7
/rows/23/result/filesystem/git/worker_ms	float	1083.747367
/rows/23/result/filesystem/git/workload	string	git
/rows/23/result/filesystem/metadata	object	-
/rows/23/result/filesystem/metadata/check	object	-
/rows/23/result/filesystem/metadata/check/bytes	integer	2095104
/rows/23/result/filesystem/metadata/check/files	integer	2048
/rows/23/result/filesystem/metadata/python	string	3.14.7
/rows/23/result/filesystem/metadata/worker_ms	float	178.646007
/rows/23/result/filesystem/metadata/workload	string	metadata
/rows/23/result/filesystem/npm	object	-
/rows/23/result/filesystem/npm/check	object	-
/rows/23/result/filesystem/npm/check/local_packages	integer	32
/rows/23/result/filesystem/npm/python	string	3.14.7
/rows/23/result/filesystem/npm/worker_ms	float	3299.390317
/rows/23/result/filesystem/npm/workload	string	npm
/rows/23/result/filesystem/read	object	-
/rows/23/result/filesystem/read/check	object	-
/rows/23/result/filesystem/read/check/bytes	integer	67108864
/rows/23/result/filesystem/read/check/sha256	string	42ef3a50fe506ced865473b082c8b28f6ce254e6e2b01266b6a563531a6267bc
/rows/23/result/filesystem/read/python	string	3.14.7
/rows/23/result/filesystem/read/worker_ms	float	118.706485
/rows/23/result/filesystem/read/workload	string	read
/rows/23/result/filesystem/rg	object	-
/rows/23/result/filesystem/rg/check	object	-
/rows/23/result/filesystem/rg/check/matches	integer	2048
/rows/23/result/filesystem/rg/python	string	3.14.7
/rows/23/result/filesystem/rg/worker_ms	float	519.139609
/rows/23/result/filesystem/rg/workload	string	rg
/rows/23/result/filesystem/write	object	-
/rows/23/result/filesystem/write/check	object	-
/rows/23/result/filesystem/write/check/bytes	integer	16777216
/rows/23/result/filesystem/write/check/files	integer	256
/rows/23/result/filesystem/write/python	string	3.14.7
/rows/23/result/filesystem/write/worker_ms	float	298.300392
/rows/23/result/filesystem/write/workload	string	write
/rows/23/result/mode	string	filesystem
/rows/23/result/worker_ms	float	6815.089337
/rows/23/result_ms	float	7220.04884
/rows/23/trial	integer	4
/rows/23/variant	string	candidate
/rows/24	object	-
/rows/24/backend	string	pvisor-vm
/rows/24/completion_ms	float	4743.011924
/rows/24/correctness	string	passed
/rows/24/logs	string	/home/reiase/workspace/pvisor/target/sb/run/baseline/trials/filesystem-pvisor-vm-004
/rows/24/memory_scope	string	owned launcher tree; Docker daemon/container RSS excluded
/rows/24/mode	string	filesystem
/rows/24/peak_tree_rss_kib	integer	611724
/rows/24/prepare_ms	float	38.052138
/rows/24/ready_ms	float	432.276428
/rows/24/result	object	-
/rows/24/result/correctness	string	passed
/rows/24/result/filesystem	object	-
/rows/24/result/filesystem/cargo	object	-
/rows/24/result/filesystem/cargo/check	object	-
/rows/24/result/filesystem/cargo/check/modules	integer	64
/rows/24/result/filesystem/cargo/check/result	string	2016
/rows/24/result/filesystem/cargo/python	string	3.14.7
/rows/24/result/filesystem/cargo/worker_ms	float	538.439273
/rows/24/result/filesystem/cargo/workload	string	cargo
/rows/24/result/filesystem/git	object	-
/rows/24/result/filesystem/git/check	object	-
/rows/24/result/filesystem/git/check/git_clean	boolean	true
/rows/24/result/filesystem/git/python	string	3.14.7
/rows/24/result/filesystem/git/worker_ms	float	795.680192
/rows/24/result/filesystem/git/workload	string	git
/rows/24/result/filesystem/metadata	object	-
/rows/24/result/filesystem/metadata/check	object	-
/rows/24/result/filesystem/metadata/check/bytes	integer	2095104
/rows/24/result/filesystem/metadata/check/files	integer	2048
/rows/24/result/filesystem/metadata/python	string	3.14.7
/rows/24/result/filesystem/metadata/worker_ms	float	186.625063
/rows/24/result/filesystem/metadata/workload	string	metadata
/rows/24/result/filesystem/npm	object	-
/rows/24/result/filesystem/npm/check	object	-
/rows/24/result/filesystem/npm/check/local_packages	integer	32
/rows/24/result/filesystem/npm/python	string	3.14.7
/rows/24/result/filesystem/npm/worker_ms	float	1382.115256
/rows/24/result/filesystem/npm/workload	string	npm
/rows/24/result/filesystem/read	object	-
/rows/24/result/filesystem/read/check	object	-
/rows/24/result/filesystem/read/check/bytes	integer	67108864
/rows/24/result/filesystem/read/check/sha256	string	42ef3a50fe506ced865473b082c8b28f6ce254e6e2b01266b6a563531a6267bc
/rows/24/result/filesystem/read/python	string	3.14.7
/rows/24/result/filesystem/read/worker_ms	float	144.633529
/rows/24/result/filesystem/read/workload	string	read
/rows/24/result/filesystem/rg	object	-
/rows/24/result/filesystem/rg/check	object	-
/rows/24/result/filesystem/rg/check/matches	integer	2048
/rows/24/result/filesystem/rg/python	string	3.14.7
/rows/24/result/filesystem/rg/worker_ms	float	417.05682
/rows/24/result/filesystem/rg/workload	string	rg
/rows/24/result/filesystem/write	object	-
/rows/24/result/filesystem/write/check	object	-
/rows/24/result/filesystem/write/check/bytes	integer	16777216
/rows/24/result/filesystem/write/check/files	integer	256
/rows/24/result/filesystem/write/python	string	3.14.7
/rows/24/result/filesystem/write/worker_ms	float	272.835401
/rows/24/result/filesystem/write/workload	string	write
/rows/24/result/mode	string	filesystem
/rows/24/result/worker_ms	float	4195.977642
/rows/24/result_ms	float	4628.264708
/rows/24/trial	integer	4
/rows/24/variant	string	baseline
/rows/25	object	-
/rows/25/backend	string	pvisor-vm
/rows/25/completion_ms	float	4072.243784
/rows/25/correctness	string	passed
/rows/25/logs	string	/home/reiase/workspace/pvisor/target/sb/run/candidate/trials/filesystem-pvisor-vm-005
/rows/25/memory_scope	string	owned launcher tree; Docker daemon/container RSS excluded
/rows/25/mode	string	filesystem
/rows/25/peak_tree_rss_kib	integer	611732
/rows/25/prepare_ms	float	36.907211
/rows/25/ready_ms	float	402.606262
/rows/25/result	object	-
/rows/25/result/correctness	string	passed
/rows/25/result/filesystem	object	-
/rows/25/result/filesystem/cargo	object	-
/rows/25/result/filesystem/cargo/check	object	-
/rows/25/result/filesystem/cargo/check/modules	integer	64
/rows/25/result/filesystem/cargo/check/result	string	2016
/rows/25/result/filesystem/cargo/python	string	3.14.7
/rows/25/result/filesystem/cargo/worker_ms	float	496.816267
/rows/25/result/filesystem/cargo/workload	string	cargo
/rows/25/result/filesystem/git	object	-
/rows/25/result/filesystem/git/check	object	-
/rows/25/result/filesystem/git/check/git_clean	boolean	true
/rows/25/result/filesystem/git/python	string	3.14.7
/rows/25/result/filesystem/git/worker_ms	float	375.591859
/rows/25/result/filesystem/git/workload	string	git
/rows/25/result/filesystem/metadata	object	-
/rows/25/result/filesystem/metadata/check	object	-
/rows/25/result/filesystem/metadata/check/bytes	integer	2095104
/rows/25/result/filesystem/metadata/check/files	integer	2048
/rows/25/result/filesystem/metadata/python	string	3.14.7
/rows/25/result/filesystem/metadata/worker_ms	float	118.498476
/rows/25/result/filesystem/metadata/workload	string	metadata
/rows/25/result/filesystem/npm	object	-
/rows/25/result/filesystem/npm/check	object	-
/rows/25/result/filesystem/npm/check/local_packages	integer	32
/rows/25/result/filesystem/npm/python	string	3.14.7
/rows/25/result/filesystem/npm/worker_ms	float	1350.740865
/rows/25/result/filesystem/npm/workload	string	npm
/rows/25/result/filesystem/read	object	-
/rows/25/result/filesystem/read/check	object	-
/rows/25/result/filesystem/read/check/bytes	integer	67108864
/rows/25/result/filesystem/read/check/sha256	string	42ef3a50fe506ced865473b082c8b28f6ce254e6e2b01266b6a563531a6267bc
/rows/25/result/filesystem/read/python	string	3.14.7
/rows/25/result/filesystem/read/worker_ms	float	134.377369
/rows/25/result/filesystem/read/workload	string	read
/rows/25/result/filesystem/rg	object	-
/rows/25/result/filesystem/rg/check	object	-
/rows/25/result/filesystem/rg/check/matches	integer	2048
/rows/25/result/filesystem/rg/python	string	3.14.7
/rows/25/result/filesystem/rg/worker_ms	float	446.707169
/rows/25/result/filesystem/rg/workload	string	rg
/rows/25/result/filesystem/write	object	-
/rows/25/result/filesystem/write/check	object	-
/rows/25/result/filesystem/write/check/bytes	integer	16777216
/rows/25/result/filesystem/write/check/files	integer	256
/rows/25/result/filesystem/write/python	string	3.14.7
/rows/25/result/filesystem/write/worker_ms	float	137.641737
/rows/25/result/filesystem/write/workload	string	write
/rows/25/result/mode	string	filesystem
/rows/25/result/worker_ms	float	3484.071257
/rows/25/result_ms	float	3886.774875
/rows/25/trial	integer	5
/rows/25/variant	string	candidate
/rows/26	object	-
/rows/26/backend	string	pvisor-staged
/rows/26/completion_ms	float	1111.643024
/rows/26/correctness	string	passed
/rows/26/logs	string	/home/reiase/workspace/pvisor/target/sb/run/candidate/trials/filesystem-pvisor-staged-005
/rows/26/memory_scope	string	owned launcher tree; Docker daemon/container RSS excluded
/rows/26/mode	string	filesystem
/rows/26/peak_tree_rss_kib	integer	178004
/rows/26/prepare_ms	float	37.488486
/rows/26/ready_ms	float	63.91508
/rows/26/result	object	-
/rows/26/result/correctness	string	passed
/rows/26/result/filesystem	object	-
/rows/26/result/filesystem/cargo	object	-
/rows/26/result/filesystem/cargo/check	object	-
/rows/26/result/filesystem/cargo/check/modules	integer	64
/rows/26/result/filesystem/cargo/check/result	string	2016
/rows/26/result/filesystem/cargo/python	string	3.14.7
/rows/26/result/filesystem/cargo/worker_ms	float	72.4354
/rows/26/result/filesystem/cargo/workload	string	cargo
/rows/26/result/filesystem/git	object	-
/rows/26/result/filesystem/git/check	object	-
/rows/26/result/filesystem/git/check/git_clean	boolean	true
/rows/26/result/filesystem/git/python	string	3.14.7
/rows/26/result/filesystem/git/worker_ms	float	124.192953
/rows/26/result/filesystem/git/workload	string	git
/rows/26/result/filesystem/metadata	object	-
/rows/26/result/filesystem/metadata/check	object	-
/rows/26/result/filesystem/metadata/check/bytes	integer	2095104
/rows/26/result/filesystem/metadata/check/files	integer	2048
/rows/26/result/filesystem/metadata/python	string	3.14.7
/rows/26/result/filesystem/metadata/worker_ms	float	77.533102
/rows/26/result/filesystem/metadata/workload	string	metadata
/rows/26/result/filesystem/npm	object	-
/rows/26/result/filesystem/npm/check	object	-
/rows/26/result/filesystem/npm/check/local_packages	integer	32
/rows/26/result/filesystem/npm/python	string	3.14.7
/rows/26/result/filesystem/npm/worker_ms	float	226.705259
/rows/26/result/filesystem/npm/workload	string	npm
/rows/26/result/filesystem/read	object	-
/rows/26/result/filesystem/read/check	object	-
/rows/26/result/filesystem/read/check/bytes	integer	67108864
/rows/26/result/filesystem/read/check/sha256	string	42ef3a50fe506ced865473b082c8b28f6ce254e6e2b01266b6a563531a6267bc
/rows/26/result/filesystem/read/python	string	3.14.7
/rows/26/result/filesystem/read/worker_ms	float	67.342006
/rows/26/result/filesystem/read/workload	string	read
/rows/26/result/filesystem/rg	object	-
/rows/26/result/filesystem/rg/check	object	-
/rows/26/result/filesystem/rg/check/matches	integer	2048
/rows/26/result/filesystem/rg/python	string	3.14.7
/rows/26/result/filesystem/rg/worker_ms	float	87.622109
/rows/26/result/filesystem/rg/workload	string	rg
/rows/26/result/filesystem/write	object	-
/rows/26/result/filesystem/write/check	object	-
/rows/26/result/filesystem/write/check/bytes	integer	16777216
/rows/26/result/filesystem/write/check/files	integer	256
/rows/26/result/filesystem/write/python	string	3.14.7
/rows/26/result/filesystem/write/worker_ms	float	27.582952
/rows/26/result/filesystem/write/workload	string	write
/rows/26/result/mode	string	filesystem
/rows/26/result/worker_ms	float	808.1793
/rows/26/result_ms	float	872.161465
/rows/26/trial	integer	5
/rows/26/variant	string	candidate
/rows/27	object	-
/rows/27/backend	string	pvisor-vm
/rows/27/completion_ms	float	4112.065764
/rows/27/correctness	string	passed
/rows/27/logs	string	/home/reiase/workspace/pvisor/target/sb/run/baseline/trials/filesystem-pvisor-vm-005
/rows/27/memory_scope	string	owned launcher tree; Docker daemon/container RSS excluded
/rows/27/mode	string	filesystem
/rows/27/peak_tree_rss_kib	integer	613000
/rows/27/prepare_ms	float	38.796156
/rows/27/ready_ms	float	375.933277
/rows/27/result	object	-
/rows/27/result/correctness	string	passed
/rows/27/result/filesystem	object	-
/rows/27/result/filesystem/cargo	object	-
/rows/27/result/filesystem/cargo/check	object	-
/rows/27/result/filesystem/cargo/check/modules	integer	64
/rows/27/result/filesystem/cargo/check/result	string	2016
/rows/27/result/filesystem/cargo/python	string	3.14.7
/rows/27/result/filesystem/cargo/worker_ms	float	552.69329
/rows/27/result/filesystem/cargo/workload	string	cargo
/rows/27/result/filesystem/git	object	-
/rows/27/result/filesystem/git/check	object	-
/rows/27/result/filesystem/git/check/git_clean	boolean	true
/rows/27/result/filesystem/git/python	string	3.14.7
/rows/27/result/filesystem/git/worker_ms	float	358.453614
/rows/27/result/filesystem/git/workload	string	git
/rows/27/result/filesystem/metadata	object	-
/rows/27/result/filesystem/metadata/check	object	-
/rows/27/result/filesystem/metadata/check/bytes	integer	2095104
/rows/27/result/filesystem/metadata/check/files	integer	2048
/rows/27/result/filesystem/metadata/python	string	3.14.7
/rows/27/result/filesystem/metadata/worker_ms	float	128.360359
/rows/27/result/filesystem/metadata/workload	string	metadata
/rows/27/result/filesystem/npm	object	-
/rows/27/result/filesystem/npm/check	object	-
/rows/27/result/filesystem/npm/check/local_packages	integer	32
/rows/27/result/filesystem/npm/python	string	3.14.7
/rows/27/result/filesystem/npm/worker_ms	float	1373.983394
/rows/27/result/filesystem/npm/workload	string	npm
/rows/27/result/filesystem/read	object	-
/rows/27/result/filesystem/read/check	object	-
/rows/27/result/filesystem/read/check/bytes	integer	67108864
/rows/27/result/filesystem/read/check/sha256	string	42ef3a50fe506ced865473b082c8b28f6ce254e6e2b01266b6a563531a6267bc
/rows/27/result/filesystem/read/python	string	3.14.7
/rows/27/result/filesystem/read/worker_ms	float	116.043319
/rows/27/result/filesystem/read/workload	string	read
/rows/27/result/filesystem/rg	object	-
/rows/27/result/filesystem/rg/check	object	-
/rows/27/result/filesystem/rg/check/matches	integer	2048
/rows/27/result/filesystem/rg/python	string	3.14.7
/rows/27/result/filesystem/rg/worker_ms	float	449.477404
/rows/27/result/filesystem/rg/workload	string	rg
/rows/27/result/filesystem/write	object	-
/rows/27/result/filesystem/write/check	object	-
/rows/27/result/filesystem/write/check/bytes	integer	16777216
/rows/27/result/filesystem/write/check/files	integer	256
/rows/27/result/filesystem/write/python	string	3.14.7
/rows/27/result/filesystem/write/worker_ms	float	242.880161
/rows/27/result/filesystem/write/workload	string	write
/rows/27/result/mode	string	filesystem
/rows/27/result/worker_ms	float	3660.413751
/rows/27/result_ms	float	4036.42319
/rows/27/trial	integer	5
/rows/27/variant	string	baseline
/rows/28	object	-
/rows/28/backend	string	native
/rows/28/completion_ms	float	446.488099
/rows/28/correctness	string	passed
/rows/28/logs	string	/home/reiase/workspace/pvisor/target/sb/run/native/trials/filesystem-native-005
/rows/28/memory_scope	string	owned launcher tree; Docker daemon/container RSS excluded
/rows/28/mode	string	filesystem
/rows/28/peak_tree_rss_kib	integer	136220
/rows/28/prepare_ms	float	37.832518
/rows/28/ready_ms	float	38.002235
/rows/28/result	object	-
/rows/28/result/correctness	string	passed
/rows/28/result/filesystem	object	-
/rows/28/result/filesystem/cargo	object	-
/rows/28/result/filesystem/cargo/check	object	-
/rows/28/result/filesystem/cargo/check/modules	integer	64
/rows/28/result/filesystem/cargo/check/result	string	2016
/rows/28/result/filesystem/cargo/python	string	3.14.7
/rows/28/result/filesystem/cargo/worker_ms	float	51.01111
/rows/28/result/filesystem/cargo/workload	string	cargo
/rows/28/result/filesystem/git	object	-
/rows/28/result/filesystem/git/check	object	-
/rows/28/result/filesystem/git/check/git_clean	boolean	true
/rows/28/result/filesystem/git/python	string	3.14.7
/rows/28/result/filesystem/git/worker_ms	float	14.595697
/rows/28/result/filesystem/git/workload	string	git
/rows/28/result/filesystem/metadata	object	-
/rows/28/result/filesystem/metadata/check	object	-
/rows/28/result/filesystem/metadata/check/bytes	integer	2095104
/rows/28/result/filesystem/metadata/check/files	integer	2048
/rows/28/result/filesystem/metadata/python	string	3.14.7
/rows/28/result/filesystem/metadata/worker_ms	float	5.198711
/rows/28/result/filesystem/metadata/workload	string	metadata
/rows/28/result/filesystem/npm	object	-
/rows/28/result/filesystem/npm/check	object	-
/rows/28/result/filesystem/npm/check/local_packages	integer	32
/rows/28/result/filesystem/npm/python	string	3.14.7
/rows/28/result/filesystem/npm/worker_ms	float	167.125458
/rows/28/result/filesystem/npm/workload	string	npm
/rows/28/result/filesystem/read	object	-
/rows/28/result/filesystem/read/check	object	-
/rows/28/result/filesystem/read/check/bytes	integer	67108864
/rows/28/result/filesystem/read/check/sha256	string	42ef3a50fe506ced865473b082c8b28f6ce254e6e2b01266b6a563531a6267bc
/rows/28/result/filesystem/read/python	string	3.14.7
/rows/28/result/filesystem/read/worker_ms	float	32.278765
/rows/28/result/filesystem/read/workload	string	read
/rows/28/result/filesystem/rg	object	-
/rows/28/result/filesystem/rg/check	object	-
/rows/28/result/filesystem/rg/check/matches	integer	2048
/rows/28/result/filesystem/rg/python	string	3.14.7
/rows/28/result/filesystem/rg/worker_ms	float	7.099598
/rows/28/result/filesystem/rg/workload	string	rg
/rows/28/result/filesystem/write	object	-
/rows/28/result/filesystem/write/check	object	-
/rows/28/result/filesystem/write/check/bytes	integer	16777216
/rows/28/result/filesystem/write/check/files	integer	256
/rows/28/result/filesystem/write/python	string	3.14.7
/rows/28/result/filesystem/write/worker_ms	float	4.314972
/rows/28/result/filesystem/write/workload	string	write
/rows/28/result/mode	string	filesystem
/rows/28/result/worker_ms	float	399.038985
/rows/28/result_ms	float	437.12696
/rows/28/trial	integer	5
/rows/28/variant	string	native
/rows/29	object	-
/rows/29/backend	string	pvisor-staged
/rows/29/completion_ms	float	1271.780582
/rows/29/correctness	string	passed
/rows/29/logs	string	/home/reiase/workspace/pvisor/target/sb/run/baseline/trials/filesystem-pvisor-staged-005
/rows/29/memory_scope	string	owned launcher tree; Docker daemon/container RSS excluded
/rows/29/mode	string	filesystem
/rows/29/peak_tree_rss_kib	integer	178488
/rows/29/prepare_ms	float	36.229918
/rows/29/ready_ms	float	60.820696
/rows/29/result	object	-
/rows/29/result/correctness	string	passed
/rows/29/result/filesystem	object	-
/rows/29/result/filesystem/cargo	object	-
/rows/29/result/filesystem/cargo/check	object	-
/rows/29/result/filesystem/cargo/check/modules	integer	64
/rows/29/result/filesystem/cargo/check/result	string	2016
/rows/29/result/filesystem/cargo/python	string	3.14.7
/rows/29/result/filesystem/cargo/worker_ms	float	107.844596
/rows/29/result/filesystem/cargo/workload	string	cargo
/rows/29/result/filesystem/git	object	-
/rows/29/result/filesystem/git/check	object	-
/rows/29/result/filesystem/git/check/git_clean	boolean	true
/rows/29/result/filesystem/git/python	string	3.14.7
/rows/29/result/filesystem/git/worker_ms	float	167.590055
/rows/29/result/filesystem/git/workload	string	git
/rows/29/result/filesystem/metadata	object	-
/rows/29/result/filesystem/metadata/check	object	-
/rows/29/result/filesystem/metadata/check/bytes	integer	2095104
/rows/29/result/filesystem/metadata/check/files	integer	2048
/rows/29/result/filesystem/metadata/python	string	3.14.7
/rows/29/result/filesystem/metadata/worker_ms	float	76.831994
/rows/29/result/filesystem/metadata/workload	string	metadata
/rows/29/result/filesystem/npm	object	-
/rows/29/result/filesystem/npm/check	object	-
/rows/29/result/filesystem/npm/check/local_packages	integer	32
/rows/29/result/filesystem/npm/python	string	3.14.7
/rows/29/result/filesystem/npm/worker_ms	float	259.343163
/rows/29/result/filesystem/npm/workload	string	npm
/rows/29/result/filesystem/read	object	-
/rows/29/result/filesystem/read/check	object	-
/rows/29/result/filesystem/read/check/bytes	integer	67108864
/rows/29/result/filesystem/read/check/sha256	string	42ef3a50fe506ced865473b082c8b28f6ce254e6e2b01266b6a563531a6267bc
/rows/29/result/filesystem/read/python	string	3.14.7
/rows/29/result/filesystem/read/worker_ms	float	67.893685
/rows/29/result/filesystem/read/workload	string	read
/rows/29/result/filesystem/rg	object	-
/rows/29/result/filesystem/rg/check	object	-
/rows/29/result/filesystem/rg/check/matches	integer	2048
/rows/29/result/filesystem/rg/python	string	3.14.7
/rows/29/result/filesystem/rg/worker_ms	float	89.192719
/rows/29/result/filesystem/rg/workload	string	rg
/rows/29/result/filesystem/write	object	-
/rows/29/result/filesystem/write/check	object	-
/rows/29/result/filesystem/write/check/bytes	integer	16777216
/rows/29/result/filesystem/write/check/files	integer	256
/rows/29/result/filesystem/write/python	string	3.14.7
/rows/29/result/filesystem/write/worker_ms	float	196.124402
/rows/29/result/filesystem/write/workload	string	write
/rows/29/result/mode	string	filesystem
/rows/29/result/worker_ms	float	1089.319076
/rows/29/result_ms	float	1150.216565
/rows/29/trial	integer	5
/rows/29/variant	string	baseline
/rows/30	object	-
/rows/30/backend	string	pvisor-staged
/rows/30/completion_ms	float	1292.320351
/rows/30/correctness	string	passed
/rows/30/logs	string	/home/reiase/workspace/pvisor/target/sb/run/baseline/trials/filesystem-pvisor-staged-006
/rows/30/memory_scope	string	owned launcher tree; Docker daemon/container RSS excluded
/rows/30/mode	string	filesystem
/rows/30/peak_tree_rss_kib	integer	185912
/rows/30/prepare_ms	float	36.249915
/rows/30/ready_ms	float	61.261258
/rows/30/result	object	-
/rows/30/result/correctness	string	passed
/rows/30/result/filesystem	object	-
/rows/30/result/filesystem/cargo	object	-
/rows/30/result/filesystem/cargo/check	object	-
/rows/30/result/filesystem/cargo/check/modules	integer	64
/rows/30/result/filesystem/cargo/check/result	string	2016
/rows/30/result/filesystem/cargo/python	string	3.14.7
/rows/30/result/filesystem/cargo/worker_ms	float	114.853665
/rows/30/result/filesystem/cargo/workload	string	cargo
/rows/30/result/filesystem/git	object	-
/rows/30/result/filesystem/git/check	object	-
/rows/30/result/filesystem/git/check/git_clean	boolean	true
/rows/30/result/filesystem/git/python	string	3.14.7
/rows/30/result/filesystem/git/worker_ms	float	180.468808
/rows/30/result/filesystem/git/workload	string	git
/rows/30/result/filesystem/metadata	object	-
/rows/30/result/filesystem/metadata/check	object	-
/rows/30/result/filesystem/metadata/check/bytes	integer	2095104
/rows/30/result/filesystem/metadata/check/files	integer	2048
/rows/30/result/filesystem/metadata/python	string	3.14.7
/rows/30/result/filesystem/metadata/worker_ms	float	77.336856
/rows/30/result/filesystem/metadata/workload	string	metadata
/rows/30/result/filesystem/npm	object	-
/rows/30/result/filesystem/npm/check	object	-
/rows/30/result/filesystem/npm/check/local_packages	integer	32
/rows/30/result/filesystem/npm/python	string	3.14.7
/rows/30/result/filesystem/npm/worker_ms	float	256.244361
/rows/30/result/filesystem/npm/workload	string	npm
/rows/30/result/filesystem/read	object	-
/rows/30/result/filesystem/read/check	object	-
/rows/30/result/filesystem/read/check/bytes	integer	67108864
/rows/30/result/filesystem/read/check/sha256	string	42ef3a50fe506ced865473b082c8b28f6ce254e6e2b01266b6a563531a6267bc
/rows/30/result/filesystem/read/python	string	3.14.7
/rows/30/result/filesystem/read/worker_ms	float	67.430541
/rows/30/result/filesystem/read/workload	string	read
/rows/30/result/filesystem/rg	object	-
/rows/30/result/filesystem/rg/check	object	-
/rows/30/result/filesystem/rg/check/matches	integer	2048
/rows/30/result/filesystem/rg/python	string	3.14.7
/rows/30/result/filesystem/rg/worker_ms	float	91.065154
/rows/30/result/filesystem/rg/workload	string	rg
/rows/30/result/filesystem/write	object	-
/rows/30/result/filesystem/write/check	object	-
/rows/30/result/filesystem/write/check/bytes	integer	16777216
/rows/30/result/filesystem/write/check/files	integer	256
/rows/30/result/filesystem/write/python	string	3.14.7
/rows/30/result/filesystem/write/worker_ms	float	196.561958
/rows/30/result/filesystem/write/workload	string	write
/rows/30/result/mode	string	filesystem
/rows/30/result/worker_ms	float	1105.122836
/rows/30/result_ms	float	1166.439507
/rows/30/trial	integer	6
/rows/30/variant	string	baseline
/rows/31	object	-
/rows/31/backend	string	native
/rows/31/completion_ms	float	446.643838
/rows/31/correctness	string	passed
/rows/31/logs	string	/home/reiase/workspace/pvisor/target/sb/run/native/trials/filesystem-native-006
/rows/31/memory_scope	string	owned launcher tree; Docker daemon/container RSS excluded
/rows/31/mode	string	filesystem
/rows/31/peak_tree_rss_kib	integer	143988
/rows/31/prepare_ms	float	36.402129
/rows/31/ready_ms	float	38.743217
/rows/31/result	object	-
/rows/31/result/correctness	string	passed
/rows/31/result/filesystem	object	-
/rows/31/result/filesystem/cargo	object	-
/rows/31/result/filesystem/cargo/check	object	-
/rows/31/result/filesystem/cargo/check/modules	integer	64
/rows/31/result/filesystem/cargo/check/result	string	2016
/rows/31/result/filesystem/cargo/python	string	3.14.7
/rows/31/result/filesystem/cargo/worker_ms	float	51.982183
/rows/31/result/filesystem/cargo/workload	string	cargo
/rows/31/result/filesystem/git	object	-
/rows/31/result/filesystem/git/check	object	-
/rows/31/result/filesystem/git/check/git_clean	boolean	true
/rows/31/result/filesystem/git/python	string	3.14.7
/rows/31/result/filesystem/git/worker_ms	float	14.158741
/rows/31/result/filesystem/git/workload	string	git
/rows/31/result/filesystem/metadata	object	-
/rows/31/result/filesystem/metadata/check	object	-
/rows/31/result/filesystem/metadata/check/bytes	integer	2095104
/rows/31/result/filesystem/metadata/check/files	integer	2048
/rows/31/result/filesystem/metadata/python	string	3.14.7
/rows/31/result/filesystem/metadata/worker_ms	float	4.597139
/rows/31/result/filesystem/metadata/workload	string	metadata
/rows/31/result/filesystem/npm	object	-
/rows/31/result/filesystem/npm/check	object	-
/rows/31/result/filesystem/npm/check/local_packages	integer	32
/rows/31/result/filesystem/npm/python	string	3.14.7
/rows/31/result/filesystem/npm/worker_ms	float	172.46388
/rows/31/result/filesystem/npm/workload	string	npm
/rows/31/result/filesystem/read	object	-
/rows/31/result/filesystem/read/check	object	-
/rows/31/result/filesystem/read/check/bytes	integer	67108864
/rows/31/result/filesystem/read/check/sha256	string	42ef3a50fe506ced865473b082c8b28f6ce254e6e2b01266b6a563531a6267bc
/rows/31/result/filesystem/read/python	string	3.14.7
/rows/31/result/filesystem/read/worker_ms	float	31.775786
/rows/31/result/filesystem/read/workload	string	read
/rows/31/result/filesystem/rg	object	-
/rows/31/result/filesystem/rg/check	object	-
/rows/31/result/filesystem/rg/check/matches	integer	2048
/rows/31/result/filesystem/rg/python	string	3.14.7
/rows/31/result/filesystem/rg/worker_ms	float	7.458768
/rows/31/result/filesystem/rg/workload	string	rg
/rows/31/result/filesystem/write	object	-
/rows/31/result/filesystem/write/check	object	-
/rows/31/result/filesystem/write/check/bytes	integer	16777216
/rows/31/result/filesystem/write/check/files	integer	256
/rows/31/result/filesystem/write/python	string	3.14.7
/rows/31/result/filesystem/write/worker_ms	float	3.595119
/rows/31/result/filesystem/write/workload	string	write
/rows/31/result/mode	string	filesystem
/rows/31/result/worker_ms	float	400.061864
/rows/31/result_ms	float	438.862999
/rows/31/trial	integer	6
/rows/31/variant	string	native
/rows/32	object	-
/rows/32/backend	string	pvisor-vm
/rows/32/completion_ms	float	4457.785752
/rows/32/correctness	string	passed
/rows/32/logs	string	/home/reiase/workspace/pvisor/target/sb/run/baseline/trials/filesystem-pvisor-vm-006
/rows/32/memory_scope	string	owned launcher tree; Docker daemon/container RSS excluded
/rows/32/mode	string	filesystem
/rows/32/peak_tree_rss_kib	integer	618132
/rows/32/prepare_ms	float	35.808982
/rows/32/ready_ms	float	370.87039
/rows/32/result	object	-
/rows/32/result/correctness	string	passed
/rows/32/result/filesystem	object	-
/rows/32/result/filesystem/cargo	object	-
/rows/32/result/filesystem/cargo/check	object	-
/rows/32/result/filesystem/cargo/check/modules	integer	64
/rows/32/result/filesystem/cargo/check/result	string	2016
/rows/32/result/filesystem/cargo/python	string	3.14.7
/rows/32/result/filesystem/cargo/worker_ms	float	487.681803
/rows/32/result/filesystem/cargo/workload	string	cargo
/rows/32/result/filesystem/git	object	-
/rows/32/result/filesystem/git/check	object	-
/rows/32/result/filesystem/git/check/git_clean	boolean	true
/rows/32/result/filesystem/git/python	string	3.14.7
/rows/32/result/filesystem/git/worker_ms	float	361.757274
/rows/32/result/filesystem/git/workload	string	git
/rows/32/result/filesystem/metadata	object	-
/rows/32/result/filesystem/metadata/check	object	-
/rows/32/result/filesystem/metadata/check/bytes	integer	2095104
/rows/32/result/filesystem/metadata/check/files	integer	2048
/rows/32/result/filesystem/metadata/python	string	3.14.7
/rows/32/result/filesystem/metadata/worker_ms	float	178.560257
/rows/32/result/filesystem/metadata/workload	string	metadata
/rows/32/result/filesystem/npm	object	-
/rows/32/result/filesystem/npm/check	object	-
/rows/32/result/filesystem/npm/check/local_packages	integer	32
/rows/32/result/filesystem/npm/python	string	3.14.7
/rows/32/result/filesystem/npm/worker_ms	float	1661.079485
/rows/32/result/filesystem/npm/workload	string	npm
/rows/32/result/filesystem/read	object	-
/rows/32/result/filesystem/read/check	object	-
/rows/32/result/filesystem/read/check/bytes	integer	67108864
/rows/32/result/filesystem/read/check/sha256	string	42ef3a50fe506ced865473b082c8b28f6ce254e6e2b01266b6a563531a6267bc
/rows/32/result/filesystem/read/python	string	3.14.7
/rows/32/result/filesystem/read/worker_ms	float	118.657863
/rows/32/result/filesystem/read/workload	string	read
/rows/32/result/filesystem/rg	object	-
/rows/32/result/filesystem/rg/check	object	-
/rows/32/result/filesystem/rg/check/matches	integer	2048
/rows/32/result/filesystem/rg/python	string	3.14.7
/rows/32/result/filesystem/rg/worker_ms	float	454.826687
/rows/32/result/filesystem/rg/workload	string	rg
/rows/32/result/filesystem/write	object	-
/rows/32/result/filesystem/write/check	object	-
/rows/32/result/filesystem/write/check/bytes	integer	16777216
/rows/32/result/filesystem/write/check/files	integer	256
/rows/32/result/filesystem/write/python	string	3.14.7
/rows/32/result/filesystem/write/worker_ms	float	254.05636
/rows/32/result/filesystem/write/workload	string	write
/rows/32/result/mode	string	filesystem
/rows/32/result/worker_ms	float	3973.94738
/rows/32/result_ms	float	4345.877934
/rows/32/trial	integer	6
/rows/32/variant	string	baseline
/rows/33	object	-
/rows/33/backend	string	pvisor-staged
/rows/33/completion_ms	float	1127.335768
/rows/33/correctness	string	passed
/rows/33/logs	string	/home/reiase/workspace/pvisor/target/sb/run/candidate/trials/filesystem-pvisor-staged-006
/rows/33/memory_scope	string	owned launcher tree; Docker daemon/container RSS excluded
/rows/33/mode	string	filesystem
/rows/33/peak_tree_rss_kib	integer	179060
/rows/33/prepare_ms	float	39.117876
/rows/33/ready_ms	float	75.783407
/rows/33/result	object	-
/rows/33/result/correctness	string	passed
/rows/33/result/filesystem	object	-
/rows/33/result/filesystem/cargo	object	-
/rows/33/result/filesystem/cargo/check	object	-
/rows/33/result/filesystem/cargo/check/modules	integer	64
/rows/33/result/filesystem/cargo/check/result	string	2016
/rows/33/result/filesystem/cargo/python	string	3.14.7
/rows/33/result/filesystem/cargo/worker_ms	float	75.009042
/rows/33/result/filesystem/cargo/workload	string	cargo
/rows/33/result/filesystem/git	object	-
/rows/33/result/filesystem/git/check	object	-
/rows/33/result/filesystem/git/check/git_clean	boolean	true
/rows/33/result/filesystem/git/python	string	3.14.7
/rows/33/result/filesystem/git/worker_ms	float	122.454088
/rows/33/result/filesystem/git/workload	string	git
/rows/33/result/filesystem/metadata	object	-
/rows/33/result/filesystem/metadata/check	object	-
/rows/33/result/filesystem/metadata/check/bytes	integer	2095104
/rows/33/result/filesystem/metadata/check/files	integer	2048
/rows/33/result/filesystem/metadata/python	string	3.14.7
/rows/33/result/filesystem/metadata/worker_ms	float	80.313822
/rows/33/result/filesystem/metadata/workload	string	metadata
/rows/33/result/filesystem/npm	object	-
/rows/33/result/filesystem/npm/check	object	-
/rows/33/result/filesystem/npm/check/local_packages	integer	32
/rows/33/result/filesystem/npm/python	string	3.14.7
/rows/33/result/filesystem/npm/worker_ms	float	226.356747
/rows/33/result/filesystem/npm/workload	string	npm
/rows/33/result/filesystem/read	object	-
/rows/33/result/filesystem/read/check	object	-
/rows/33/result/filesystem/read/check/bytes	integer	67108864
/rows/33/result/filesystem/read/check/sha256	string	42ef3a50fe506ced865473b082c8b28f6ce254e6e2b01266b6a563531a6267bc
/rows/33/result/filesystem/read/python	string	3.14.7
/rows/33/result/filesystem/read/worker_ms	float	65.931713
/rows/33/result/filesystem/read/workload	string	read
/rows/33/result/filesystem/rg	object	-
/rows/33/result/filesystem/rg/check	object	-
/rows/33/result/filesystem/rg/check/matches	integer	2048
/rows/33/result/filesystem/rg/python	string	3.14.7
/rows/33/result/filesystem/rg/worker_ms	float	85.347294
/rows/33/result/filesystem/rg/workload	string	rg
/rows/33/result/filesystem/write	object	-
/rows/33/result/filesystem/write/check	object	-
/rows/33/result/filesystem/write/check/bytes	integer	16777216
/rows/33/result/filesystem/write/check/files	integer	256
/rows/33/result/filesystem/write/python	string	3.14.7
/rows/33/result/filesystem/write/worker_ms	float	26.924353
/rows/33/result/filesystem/write/workload	string	write
/rows/33/result/mode	string	filesystem
/rows/33/result/worker_ms	float	810.286021
/rows/33/result_ms	float	886.160979
/rows/33/trial	integer	6
/rows/33/variant	string	candidate
/rows/34	object	-
/rows/34/backend	string	pvisor-vm
/rows/34/completion_ms	float	4397.80849
/rows/34/correctness	string	passed
/rows/34/logs	string	/home/reiase/workspace/pvisor/target/sb/run/candidate/trials/filesystem-pvisor-vm-006
/rows/34/memory_scope	string	owned launcher tree; Docker daemon/container RSS excluded
/rows/34/mode	string	filesystem
/rows/34/peak_tree_rss_kib	integer	613780
/rows/34/prepare_ms	float	36.843193
/rows/34/ready_ms	float	384.76595
/rows/34/result	object	-
/rows/34/result/correctness	string	passed
/rows/34/result/filesystem	object	-
/rows/34/result/filesystem/cargo	object	-
/rows/34/result/filesystem/cargo/check	object	-
/rows/34/result/filesystem/cargo/check/modules	integer	64
/rows/34/result/filesystem/cargo/check/result	string	2016
/rows/34/result/filesystem/cargo/python	string	3.14.7
/rows/34/result/filesystem/cargo/worker_ms	float	481.529471
/rows/34/result/filesystem/cargo/workload	string	cargo
/rows/34/result/filesystem/git	object	-
/rows/34/result/filesystem/git/check	object	-
/rows/34/result/filesystem/git/check/git_clean	boolean	true
/rows/34/result/filesystem/git/python	string	3.14.7
/rows/34/result/filesystem/git/worker_ms	float	684.456155
/rows/34/result/filesystem/git/workload	string	git
/rows/34/result/filesystem/metadata	object	-
/rows/34/result/filesystem/metadata/check	object	-
/rows/34/result/filesystem/metadata/check/bytes	integer	2095104
/rows/34/result/filesystem/metadata/check/files	integer	2048
/rows/34/result/filesystem/metadata/python	string	3.14.7
/rows/34/result/filesystem/metadata/worker_ms	float	172.344756
/rows/34/result/filesystem/metadata/workload	string	metadata
/rows/34/result/filesystem/npm	object	-
/rows/34/result/filesystem/npm/check	object	-
/rows/34/result/filesystem/npm/check/local_packages	integer	32
/rows/34/result/filesystem/npm/python	string	3.14.7
/rows/34/result/filesystem/npm/worker_ms	float	1384.890851
/rows/34/result/filesystem/npm/workload	string	npm
/rows/34/result/filesystem/read	object	-
/rows/34/result/filesystem/read/check	object	-
/rows/34/result/filesystem/read/check/bytes	integer	67108864
/rows/34/result/filesystem/read/check/sha256	string	42ef3a50fe506ced865473b082c8b28f6ce254e6e2b01266b6a563531a6267bc
/rows/34/result/filesystem/read/python	string	3.14.7
/rows/34/result/filesystem/read/worker_ms	float	118.041462
/rows/34/result/filesystem/read/workload	string	read
/rows/34/result/filesystem/rg	object	-
/rows/34/result/filesystem/rg/check	object	-
/rows/34/result/filesystem/rg/check/matches	integer	2048
/rows/34/result/filesystem/rg/python	string	3.14.7
/rows/34/result/filesystem/rg/worker_ms	float	442.728416
/rows/34/result/filesystem/rg/workload	string	rg
/rows/34/result/filesystem/write	object	-
/rows/34/result/filesystem/write/check	object	-
/rows/34/result/filesystem/write/check/bytes	integer	16777216
/rows/34/result/filesystem/write/check/files	integer	256
/rows/34/result/filesystem/write/python	string	3.14.7
/rows/34/result/filesystem/write/worker_ms	float	142.074668
/rows/34/result/filesystem/write/workload	string	write
/rows/34/result/mode	string	filesystem
/rows/34/result/worker_ms	float	3853.885984
/rows/34/result_ms	float	4238.857586
/rows/34/trial	integer	6
/rows/34/variant	string	candidate
/rows/35	object	-
/rows/35/backend	string	pvisor-vm
/rows/35/completion_ms	float	4153.262209
/rows/35/correctness	string	passed
/rows/35/logs	string	/home/reiase/workspace/pvisor/target/sb/run/candidate/trials/filesystem-pvisor-vm-007
/rows/35/memory_scope	string	owned launcher tree; Docker daemon/container RSS excluded
/rows/35/mode	string	filesystem
/rows/35/peak_tree_rss_kib	integer	613256
/rows/35/prepare_ms	float	36.15616
/rows/35/ready_ms	float	382.899938
/rows/35/result	object	-
/rows/35/result/correctness	string	passed
/rows/35/result/filesystem	object	-
/rows/35/result/filesystem/cargo	object	-
/rows/35/result/filesystem/cargo/check	object	-
/rows/35/result/filesystem/cargo/check/modules	integer	64
/rows/35/result/filesystem/cargo/check/result	string	2016
/rows/35/result/filesystem/cargo/python	string	3.14.7
/rows/35/result/filesystem/cargo/worker_ms	float	487.504502
/rows/35/result/filesystem/cargo/workload	string	cargo
/rows/35/result/filesystem/git	object	-
/rows/35/result/filesystem/git/check	object	-
/rows/35/result/filesystem/git/check/git_clean	boolean	true
/rows/35/result/filesystem/git/python	string	3.14.7
/rows/35/result/filesystem/git/worker_ms	float	528.286747
/rows/35/result/filesystem/git/workload	string	git
/rows/35/result/filesystem/metadata	object	-
/rows/35/result/filesystem/metadata/check	object	-
/rows/35/result/filesystem/metadata/check/bytes	integer	2095104
/rows/35/result/filesystem/metadata/check/files	integer	2048
/rows/35/result/filesystem/metadata/python	string	3.14.7
/rows/35/result/filesystem/metadata/worker_ms	float	149.748213
/rows/35/result/filesystem/metadata/workload	string	metadata
/rows/35/result/filesystem/npm	object	-
/rows/35/result/filesystem/npm/check	object	-
/rows/35/result/filesystem/npm/check/local_packages	integer	32
/rows/35/result/filesystem/npm/python	string	3.14.7
/rows/35/result/filesystem/npm/worker_ms	float	1325.404203
/rows/35/result/filesystem/npm/workload	string	npm
/rows/35/result/filesystem/read	object	-
/rows/35/result/filesystem/read/check	object	-
/rows/35/result/filesystem/read/check/bytes	integer	67108864
/rows/35/result/filesystem/read/check/sha256	string	42ef3a50fe506ced865473b082c8b28f6ce254e6e2b01266b6a563531a6267bc
/rows/35/result/filesystem/read/python	string	3.14.7
/rows/35/result/filesystem/read/worker_ms	float	117.583136
/rows/35/result/filesystem/read/workload	string	read
/rows/35/result/filesystem/rg	object	-
/rows/35/result/filesystem/rg/check	object	-
/rows/35/result/filesystem/rg/check/matches	integer	2048
/rows/35/result/filesystem/rg/python	string	3.14.7
/rows/35/result/filesystem/rg/worker_ms	float	445.007454
/rows/35/result/filesystem/rg/workload	string	rg
/rows/35/result/filesystem/write	object	-
/rows/35/result/filesystem/write/check	object	-
/rows/35/result/filesystem/write/check/bytes	integer	16777216
/rows/35/result/filesystem/write/check/files	integer	256
/rows/35/result/filesystem/write/python	string	3.14.7
/rows/35/result/filesystem/write/worker_ms	float	101.064207
/rows/35/result/filesystem/write/workload	string	write
/rows/35/result/mode	string	filesystem
/rows/35/result/worker_ms	float	3566.153685
/rows/35/result_ms	float	3949.040327
/rows/35/trial	integer	7
/rows/35/variant	string	candidate
/rows/36	object	-
/rows/36/backend	string	native
/rows/36/completion_ms	float	445.996231
/rows/36/correctness	string	passed
/rows/36/logs	string	/home/reiase/workspace/pvisor/target/sb/run/native/trials/filesystem-native-007
/rows/36/memory_scope	string	owned launcher tree; Docker daemon/container RSS excluded
/rows/36/mode	string	filesystem
/rows/36/peak_tree_rss_kib	integer	137044
/rows/36/prepare_ms	float	37.98309
/rows/36/ready_ms	float	38.910149
/rows/36/result	object	-
/rows/36/result/correctness	string	passed
/rows/36/result/filesystem	object	-
/rows/36/result/filesystem/cargo	object	-
/rows/36/result/filesystem/cargo/check	object	-
/rows/36/result/filesystem/cargo/check/modules	integer	64
/rows/36/result/filesystem/cargo/check/result	string	2016
/rows/36/result/filesystem/cargo/python	string	3.14.7
/rows/36/result/filesystem/cargo/worker_ms	float	49.276383
/rows/36/result/filesystem/cargo/workload	string	cargo
/rows/36/result/filesystem/git	object	-
/rows/36/result/filesystem/git/check	object	-
/rows/36/result/filesystem/git/check/git_clean	boolean	true
/rows/36/result/filesystem/git/python	string	3.14.7
/rows/36/result/filesystem/git/worker_ms	float	15.254666
/rows/36/result/filesystem/git/workload	string	git
/rows/36/result/filesystem/metadata	object	-
/rows/36/result/filesystem/metadata/check	object	-
/rows/36/result/filesystem/metadata/check/bytes	integer	2095104
/rows/36/result/filesystem/metadata/check/files	integer	2048
/rows/36/result/filesystem/metadata/python	string	3.14.7
/rows/36/result/filesystem/metadata/worker_ms	float	4.969473
/rows/36/result/filesystem/metadata/workload	string	metadata
/rows/36/result/filesystem/npm	object	-
/rows/36/result/filesystem/npm/check	object	-
/rows/36/result/filesystem/npm/check/local_packages	integer	32
/rows/36/result/filesystem/npm/python	string	3.14.7
/rows/36/result/filesystem/npm/worker_ms	float	169.018591
/rows/36/result/filesystem/npm/workload	string	npm
/rows/36/result/filesystem/read	object	-
/rows/36/result/filesystem/read/check	object	-
/rows/36/result/filesystem/read/check/bytes	integer	67108864
/rows/36/result/filesystem/read/check/sha256	string	42ef3a50fe506ced865473b082c8b28f6ce254e6e2b01266b6a563531a6267bc
/rows/36/result/filesystem/read/python	string	3.14.7
/rows/36/result/filesystem/read/worker_ms	float	32.023028
/rows/36/result/filesystem/read/workload	string	read
/rows/36/result/filesystem/rg	object	-
/rows/36/result/filesystem/rg/check	object	-
/rows/36/result/filesystem/rg/check/matches	integer	2048
/rows/36/result/filesystem/rg/python	string	3.14.7
/rows/36/result/filesystem/rg/worker_ms	float	7.068931
/rows/36/result/filesystem/rg/workload	string	rg
/rows/36/result/filesystem/write	object	-
/rows/36/result/filesystem/write/check	object	-
/rows/36/result/filesystem/write/check/bytes	integer	16777216
/rows/36/result/filesystem/write/check/files	integer	256
/rows/36/result/filesystem/write/python	string	3.14.7
/rows/36/result/filesystem/write/worker_ms	float	3.872716
/rows/36/result/filesystem/write/workload	string	write
/rows/36/result/mode	string	filesystem
/rows/36/result/worker_ms	float	399.128562
/rows/36/result_ms	float	438.072565
/rows/36/trial	integer	7
/rows/36/variant	string	native
/rows/37	object	-
/rows/37/backend	string	pvisor-staged
/rows/37/completion_ms	float	1266.494398
/rows/37/correctness	string	passed
/rows/37/logs	string	/home/reiase/workspace/pvisor/target/sb/run/baseline/trials/filesystem-pvisor-staged-007
/rows/37/memory_scope	string	owned launcher tree; Docker daemon/container RSS excluded
/rows/37/mode	string	filesystem
/rows/37/peak_tree_rss_kib	integer	178324
/rows/37/prepare_ms	float	36.678555
/rows/37/ready_ms	float	60.540463
/rows/37/result	object	-
/rows/37/result/correctness	string	passed
/rows/37/result/filesystem	object	-
/rows/37/result/filesystem/cargo	object	-
/rows/37/result/filesystem/cargo/check	object	-
/rows/37/result/filesystem/cargo/check/modules	integer	64
/rows/37/result/filesystem/cargo/check/result	string	2016
/rows/37/result/filesystem/cargo/python	string	3.14.7
/rows/37/result/filesystem/cargo/worker_ms	float	107.121316
/rows/37/result/filesystem/cargo/workload	string	cargo
/rows/37/result/filesystem/git	object	-
/rows/37/result/filesystem/git/check	object	-
/rows/37/result/filesystem/git/check/git_clean	boolean	true
/rows/37/result/filesystem/git/python	string	3.14.7
/rows/37/result/filesystem/git/worker_ms	float	166.352987
/rows/37/result/filesystem/git/workload	string	git
/rows/37/result/filesystem/metadata	object	-
/rows/37/result/filesystem/metadata/check	object	-
/rows/37/result/filesystem/metadata/check/bytes	integer	2095104
/rows/37/result/filesystem/metadata/check/files	integer	2048
/rows/37/result/filesystem/metadata/python	string	3.14.7
/rows/37/result/filesystem/metadata/worker_ms	float	76.263032
/rows/37/result/filesystem/metadata/workload	string	metadata
/rows/37/result/filesystem/npm	object	-
/rows/37/result/filesystem/npm/check	object	-
/rows/37/result/filesystem/npm/check/local_packages	integer	32
/rows/37/result/filesystem/npm/python	string	3.14.7
/rows/37/result/filesystem/npm/worker_ms	float	258.485301
/rows/37/result/filesystem/npm/workload	string	npm
/rows/37/result/filesystem/read	object	-
/rows/37/result/filesystem/read/check	object	-
/rows/37/result/filesystem/read/check/bytes	integer	67108864
/rows/37/result/filesystem/read/check/sha256	string	42ef3a50fe506ced865473b082c8b28f6ce254e6e2b01266b6a563531a6267bc
/rows/37/result/filesystem/read/python	string	3.14.7
/rows/37/result/filesystem/read/worker_ms	float	66.712621
/rows/37/result/filesystem/read/workload	string	read
/rows/37/result/filesystem/rg	object	-
/rows/37/result/filesystem/rg/check	object	-
/rows/37/result/filesystem/rg/check/matches	integer	2048
/rows/37/result/filesystem/rg/python	string	3.14.7
/rows/37/result/filesystem/rg/worker_ms	float	89.163215
/rows/37/result/filesystem/rg/workload	string	rg
/rows/37/result/filesystem/write	object	-
/rows/37/result/filesystem/write/check	object	-
/rows/37/result/filesystem/write/check/bytes	integer	16777216
/rows/37/result/filesystem/write/check/files	integer	256
/rows/37/result/filesystem/write/python	string	3.14.7
/rows/37/result/filesystem/write/worker_ms	float	194.70313
/rows/37/result/filesystem/write/workload	string	write
/rows/37/result/mode	string	filesystem
/rows/37/result/worker_ms	float	1082.262047
/rows/37/result_ms	float	1142.867241
/rows/37/trial	integer	7
/rows/37/variant	string	baseline
/rows/38	object	-
/rows/38/backend	string	pvisor-vm
/rows/38/completion_ms	float	4012.045489
/rows/38/correctness	string	passed
/rows/38/logs	string	/home/reiase/workspace/pvisor/target/sb/run/baseline/trials/filesystem-pvisor-vm-007
/rows/38/memory_scope	string	owned launcher tree; Docker daemon/container RSS excluded
/rows/38/mode	string	filesystem
/rows/38/peak_tree_rss_kib	integer	612456
/rows/38/prepare_ms	float	36.647858
/rows/38/ready_ms	float	379.824759
/rows/38/result	object	-
/rows/38/result/correctness	string	passed
/rows/38/result/filesystem	object	-
/rows/38/result/filesystem/cargo	object	-
/rows/38/result/filesystem/cargo/check	object	-
/rows/38/result/filesystem/cargo/check/modules	integer	64
/rows/38/result/filesystem/cargo/check/result	string	2016
/rows/38/result/filesystem/cargo/python	string	3.14.7
/rows/38/result/filesystem/cargo/worker_ms	float	510.331585
/rows/38/result/filesystem/cargo/workload	string	cargo
/rows/38/result/filesystem/git	object	-
/rows/38/result/filesystem/git/check	object	-
/rows/38/result/filesystem/git/check/git_clean	boolean	true
/rows/38/result/filesystem/git/python	string	3.14.7
/rows/38/result/filesystem/git/worker_ms	float	343.716593
/rows/38/result/filesystem/git/workload	string	git
/rows/38/result/filesystem/metadata	object	-
/rows/38/result/filesystem/metadata/check	object	-
/rows/38/result/filesystem/metadata/check/bytes	integer	2095104
/rows/38/result/filesystem/metadata/check/files	integer	2048
/rows/38/result/filesystem/metadata/python	string	3.14.7
/rows/38/result/filesystem/metadata/worker_ms	float	142.887206
/rows/38/result/filesystem/metadata/workload	string	metadata
/rows/38/result/filesystem/npm	object	-
/rows/38/result/filesystem/npm/check	object	-
/rows/38/result/filesystem/npm/check/local_packages	integer	32
/rows/38/result/filesystem/npm/python	string	3.14.7
/rows/38/result/filesystem/npm/worker_ms	float	1387.398745
/rows/38/result/filesystem/npm/workload	string	npm
/rows/38/result/filesystem/read	object	-
/rows/38/result/filesystem/read/check	object	-
/rows/38/result/filesystem/read/check/bytes	integer	67108864
/rows/38/result/filesystem/read/check/sha256	string	42ef3a50fe506ced865473b082c8b28f6ce254e6e2b01266b6a563531a6267bc
/rows/38/result/filesystem/read/python	string	3.14.7
/rows/38/result/filesystem/read/worker_ms	float	116.158505
/rows/38/result/filesystem/read/workload	string	read
/rows/38/result/filesystem/rg	object	-
/rows/38/result/filesystem/rg/check	object	-
/rows/38/result/filesystem/rg/check/matches	integer	2048
/rows/38/result/filesystem/rg/python	string	3.14.7
/rows/38/result/filesystem/rg/worker_ms	float	442.450527
/rows/38/result/filesystem/rg/workload	string	rg
/rows/38/result/filesystem/write	object	-
/rows/38/result/filesystem/write/check	object	-
/rows/38/result/filesystem/write/check/bytes	integer	16777216
/rows/38/result/filesystem/write/check/files	integer	256
/rows/38/result/filesystem/write/python	string	3.14.7
/rows/38/result/filesystem/write/worker_ms	float	195.366362
/rows/38/result/filesystem/write/workload	string	write
/rows/38/result/mode	string	filesystem
/rows/38/result/worker_ms	float	3558.991295
/rows/38/result_ms	float	3938.91897
/rows/38/trial	integer	7
/rows/38/variant	string	baseline
/rows/39	object	-
/rows/39/backend	string	pvisor-staged
/rows/39/completion_ms	float	1104.800846
/rows/39/correctness	string	passed
/rows/39/logs	string	/home/reiase/workspace/pvisor/target/sb/run/candidate/trials/filesystem-pvisor-staged-007
/rows/39/memory_scope	string	owned launcher tree; Docker daemon/container RSS excluded
/rows/39/mode	string	filesystem
/rows/39/peak_tree_rss_kib	integer	177988
/rows/39/prepare_ms	float	36.127066
/rows/39/ready_ms	float	64.168823
/rows/39/result	object	-
/rows/39/result/correctness	string	passed
/rows/39/result/filesystem	object	-
/rows/39/result/filesystem/cargo	object	-
/rows/39/result/filesystem/cargo/check	object	-
/rows/39/result/filesystem/cargo/check/modules	integer	64
/rows/39/result/filesystem/cargo/check/result	string	2016
/rows/39/result/filesystem/cargo/python	string	3.14.7
/rows/39/result/filesystem/cargo/worker_ms	float	72.445458
/rows/39/result/filesystem/cargo/workload	string	cargo
/rows/39/result/filesystem/git	object	-
/rows/39/result/filesystem/git/check	object	-
/rows/39/result/filesystem/git/check/git_clean	boolean	true
/rows/39/result/filesystem/git/python	string	3.14.7
/rows/39/result/filesystem/git/worker_ms	float	123.0714
/rows/39/result/filesystem/git/workload	string	git
/rows/39/result/filesystem/metadata	object	-
/rows/39/result/filesystem/metadata/check	object	-
/rows/39/result/filesystem/metadata/check/bytes	integer	2095104
/rows/39/result/filesystem/metadata/check/files	integer	2048
/rows/39/result/filesystem/metadata/python	string	3.14.7
/rows/39/result/filesystem/metadata/worker_ms	float	77.214307
/rows/39/result/filesystem/metadata/workload	string	metadata
/rows/39/result/filesystem/npm	object	-
/rows/39/result/filesystem/npm/check	object	-
/rows/39/result/filesystem/npm/check/local_packages	integer	32
/rows/39/result/filesystem/npm/python	string	3.14.7
/rows/39/result/filesystem/npm/worker_ms	float	227.29074
/rows/39/result/filesystem/npm/workload	string	npm
/rows/39/result/filesystem/read	object	-
/rows/39/result/filesystem/read/check	object	-
/rows/39/result/filesystem/read/check/bytes	integer	67108864
/rows/39/result/filesystem/read/check/sha256	string	42ef3a50fe506ced865473b082c8b28f6ce254e6e2b01266b6a563531a6267bc
/rows/39/result/filesystem/read/python	string	3.14.7
/rows/39/result/filesystem/read/worker_ms	float	66.602706
/rows/39/result/filesystem/read/workload	string	read
/rows/39/result/filesystem/rg	object	-
/rows/39/result/filesystem/rg/check	object	-
/rows/39/result/filesystem/rg/check/matches	integer	2048
/rows/39/result/filesystem/rg/python	string	3.14.7
/rows/39/result/filesystem/rg/worker_ms	float	88.832939
/rows/39/result/filesystem/rg/workload	string	rg
/rows/39/result/filesystem/write	object	-
/rows/39/result/filesystem/write/check	object	-
/rows/39/result/filesystem/write/check/bytes	integer	16777216
/rows/39/result/filesystem/write/check/files	integer	256
/rows/39/result/filesystem/write/python	string	3.14.7
/rows/39/result/filesystem/write/worker_ms	float	26.565252
/rows/39/result/filesystem/write/workload	string	write
/rows/39/result/mode	string	filesystem
/rows/39/result/worker_ms	float	801.590304
/rows/39/result_ms	float	865.821744
/rows/39/trial	integer	7
/rows/39/variant	string	candidate
/rows/40	object	-
/rows/40/backend	string	pvisor-staged
/rows/40/completion_ms	float	1259.999307
/rows/40/correctness	string	passed
/rows/40/logs	string	/home/reiase/workspace/pvisor/target/sb/run/baseline/trials/filesystem-pvisor-staged-008
/rows/40/memory_scope	string	owned launcher tree; Docker daemon/container RSS excluded
/rows/40/mode	string	filesystem
/rows/40/peak_tree_rss_kib	integer	177740
/rows/40/prepare_ms	float	36.869762
/rows/40/ready_ms	float	59.849824
/rows/40/result	object	-
/rows/40/result/correctness	string	passed
/rows/40/result/filesystem	object	-
/rows/40/result/filesystem/cargo	object	-
/rows/40/result/filesystem/cargo/check	object	-
/rows/40/result/filesystem/cargo/check/modules	integer	64
/rows/40/result/filesystem/cargo/check/result	string	2016
/rows/40/result/filesystem/cargo/python	string	3.14.7
/rows/40/result/filesystem/cargo/worker_ms	float	109.465019
/rows/40/result/filesystem/cargo/workload	string	cargo
/rows/40/result/filesystem/git	object	-
/rows/40/result/filesystem/git/check	object	-
/rows/40/result/filesystem/git/check/git_clean	boolean	true
/rows/40/result/filesystem/git/python	string	3.14.7
/rows/40/result/filesystem/git/worker_ms	float	168.669609
/rows/40/result/filesystem/git/workload	string	git
/rows/40/result/filesystem/metadata	object	-
/rows/40/result/filesystem/metadata/check	object	-
/rows/40/result/filesystem/metadata/check/bytes	integer	2095104
/rows/40/result/filesystem/metadata/check/files	integer	2048
/rows/40/result/filesystem/metadata/python	string	3.14.7
/rows/40/result/filesystem/metadata/worker_ms	float	76.86777
/rows/40/result/filesystem/metadata/workload	string	metadata
/rows/40/result/filesystem/npm	object	-
/rows/40/result/filesystem/npm/check	object	-
/rows/40/result/filesystem/npm/check/local_packages	integer	32
/rows/40/result/filesystem/npm/python	string	3.14.7
/rows/40/result/filesystem/npm/worker_ms	float	254.21826
/rows/40/result/filesystem/npm/workload	string	npm
/rows/40/result/filesystem/read	object	-
/rows/40/result/filesystem/read/check	object	-
/rows/40/result/filesystem/read/check/bytes	integer	67108864
/rows/40/result/filesystem/read/check/sha256	string	42ef3a50fe506ced865473b082c8b28f6ce254e6e2b01266b6a563531a6267bc
/rows/40/result/filesystem/read/python	string	3.14.7
/rows/40/result/filesystem/read/worker_ms	float	65.816609
/rows/40/result/filesystem/read/workload	string	read
/rows/40/result/filesystem/rg	object	-
/rows/40/result/filesystem/rg/check	object	-
/rows/40/result/filesystem/rg/check/matches	integer	2048
/rows/40/result/filesystem/rg/python	string	3.14.7
/rows/40/result/filesystem/rg/worker_ms	float	90.947334
/rows/40/result/filesystem/rg/workload	string	rg
/rows/40/result/filesystem/write	object	-
/rows/40/result/filesystem/write/check	object	-
/rows/40/result/filesystem/write/check/bytes	integer	16777216
/rows/40/result/filesystem/write/check/files	integer	256
/rows/40/result/filesystem/write/python	string	3.14.7
/rows/40/result/filesystem/write/worker_ms	float	202.021877
/rows/40/result/filesystem/write/workload	string	write
/rows/40/result/mode	string	filesystem
/rows/40/result/worker_ms	float	1090.377571
/rows/40/result_ms	float	1150.290543
/rows/40/trial	integer	8
/rows/40/variant	string	baseline
/rows/41	object	-
/rows/41/backend	string	pvisor-staged
/rows/41/completion_ms	float	1102.259644
/rows/41/correctness	string	passed
/rows/41/logs	string	/home/reiase/workspace/pvisor/target/sb/run/candidate/trials/filesystem-pvisor-staged-008
/rows/41/memory_scope	string	owned launcher tree; Docker daemon/container RSS excluded
/rows/41/mode	string	filesystem
/rows/41/peak_tree_rss_kib	integer	178396
/rows/41/prepare_ms	float	36.576314
/rows/41/ready_ms	float	61.061976
/rows/41/result	object	-
/rows/41/result/correctness	string	passed
/rows/41/result/filesystem	object	-
/rows/41/result/filesystem/cargo	object	-
/rows/41/result/filesystem/cargo/check	object	-
/rows/41/result/filesystem/cargo/check/modules	integer	64
/rows/41/result/filesystem/cargo/check/result	string	2016
/rows/41/result/filesystem/cargo/python	string	3.14.7
/rows/41/result/filesystem/cargo/worker_ms	float	72.554903
/rows/41/result/filesystem/cargo/workload	string	cargo
/rows/41/result/filesystem/git	object	-
/rows/41/result/filesystem/git/check	object	-
/rows/41/result/filesystem/git/check/git_clean	boolean	true
/rows/41/result/filesystem/git/python	string	3.14.7
/rows/41/result/filesystem/git/worker_ms	float	127.14952
/rows/41/result/filesystem/git/workload	string	git
/rows/41/result/filesystem/metadata	object	-
/rows/41/result/filesystem/metadata/check	object	-
/rows/41/result/filesystem/metadata/check/bytes	integer	2095104
/rows/41/result/filesystem/metadata/check/files	integer	2048
/rows/41/result/filesystem/metadata/python	string	3.14.7
/rows/41/result/filesystem/metadata/worker_ms	float	76.873171
/rows/41/result/filesystem/metadata/workload	string	metadata
/rows/41/result/filesystem/npm	object	-
/rows/41/result/filesystem/npm/check	object	-
/rows/41/result/filesystem/npm/check/local_packages	integer	32
/rows/41/result/filesystem/npm/python	string	3.14.7
/rows/41/result/filesystem/npm/worker_ms	float	231.814172
/rows/41/result/filesystem/npm/workload	string	npm
/rows/41/result/filesystem/read	object	-
/rows/41/result/filesystem/read/check	object	-
/rows/41/result/filesystem/read/check/bytes	integer	67108864
/rows/41/result/filesystem/read/check/sha256	string	42ef3a50fe506ced865473b082c8b28f6ce254e6e2b01266b6a563531a6267bc
/rows/41/result/filesystem/read/python	string	3.14.7
/rows/41/result/filesystem/read/worker_ms	float	66.83578
/rows/41/result/filesystem/read/workload	string	read
/rows/41/result/filesystem/rg	object	-
/rows/41/result/filesystem/rg/check	object	-
/rows/41/result/filesystem/rg/check/matches	integer	2048
/rows/41/result/filesystem/rg/python	string	3.14.7
/rows/41/result/filesystem/rg/worker_ms	float	86.328295
/rows/41/result/filesystem/rg/workload	string	rg
/rows/41/result/filesystem/write	object	-
/rows/41/result/filesystem/write/check	object	-
/rows/41/result/filesystem/write/check/bytes	integer	16777216
/rows/41/result/filesystem/write/check/files	integer	256
/rows/41/result/filesystem/write/python	string	3.14.7
/rows/41/result/filesystem/write/worker_ms	float	27.961158
/rows/41/result/filesystem/write/workload	string	write
/rows/41/result/mode	string	filesystem
/rows/41/result/worker_ms	float	811.372458
/rows/41/result_ms	float	872.501259
/rows/41/trial	integer	8
/rows/41/variant	string	candidate
/rows/42	object	-
/rows/42/backend	string	pvisor-vm
/rows/42/completion_ms	float	3811.859128
/rows/42/correctness	string	passed
/rows/42/logs	string	/home/reiase/workspace/pvisor/target/sb/run/candidate/trials/filesystem-pvisor-vm-008
/rows/42/memory_scope	string	owned launcher tree; Docker daemon/container RSS excluded
/rows/42/mode	string	filesystem
/rows/42/peak_tree_rss_kib	integer	614164
/rows/42/prepare_ms	float	36.373385
/rows/42/ready_ms	float	376.010893
/rows/42/result	object	-
/rows/42/result/correctness	string	passed
/rows/42/result/filesystem	object	-
/rows/42/result/filesystem/cargo	object	-
/rows/42/result/filesystem/cargo/check	object	-
/rows/42/result/filesystem/cargo/check/modules	integer	64
/rows/42/result/filesystem/cargo/check/result	string	2016
/rows/42/result/filesystem/cargo/python	string	3.14.7
/rows/42/result/filesystem/cargo/worker_ms	float	473.145518
/rows/42/result/filesystem/cargo/workload	string	cargo
/rows/42/result/filesystem/git	object	-
/rows/42/result/filesystem/git/check	object	-
/rows/42/result/filesystem/git/check/git_clean	boolean	true
/rows/42/result/filesystem/git/python	string	3.14.7
/rows/42/result/filesystem/git/worker_ms	float	344.97302
/rows/42/result/filesystem/git/workload	string	git
/rows/42/result/filesystem/metadata	object	-
/rows/42/result/filesystem/metadata/check	object	-
/rows/42/result/filesystem/metadata/check/bytes	integer	2095104
/rows/42/result/filesystem/metadata/check/files	integer	2048
/rows/42/result/filesystem/metadata/python	string	3.14.7
/rows/42/result/filesystem/metadata/worker_ms	float	118.033026
/rows/42/result/filesystem/metadata/workload	string	metadata
/rows/42/result/filesystem/npm	object	-
/rows/42/result/filesystem/npm/check	object	-
/rows/42/result/filesystem/npm/check/local_packages	integer	32
/rows/42/result/filesystem/npm/python	string	3.14.7
/rows/42/result/filesystem/npm/worker_ms	float	1242.881343
/rows/42/result/filesystem/npm/workload	string	npm
/rows/42/result/filesystem/read	object	-
/rows/42/result/filesystem/read/check	object	-
/rows/42/result/filesystem/read/check/bytes	integer	67108864
/rows/42/result/filesystem/read/check/sha256	string	42ef3a50fe506ced865473b082c8b28f6ce254e6e2b01266b6a563531a6267bc
/rows/42/result/filesystem/read/python	string	3.14.7
/rows/42/result/filesystem/read/worker_ms	float	119.727782
/rows/42/result/filesystem/read/workload	string	read
/rows/42/result/filesystem/rg	object	-
/rows/42/result/filesystem/rg/check	object	-
/rows/42/result/filesystem/rg/check/matches	integer	2048
/rows/42/result/filesystem/rg/python	string	3.14.7
/rows/42/result/filesystem/rg/worker_ms	float	424.183363
/rows/42/result/filesystem/rg/workload	string	rg
/rows/42/result/filesystem/write	object	-
/rows/42/result/filesystem/write/check	object	-
/rows/42/result/filesystem/write/check/bytes	integer	16777216
/rows/42/result/filesystem/write/check/files	integer	256
/rows/42/result/filesystem/write/python	string	3.14.7
/rows/42/result/filesystem/write/worker_ms	float	97.83285
/rows/42/result/filesystem/write/workload	string	write
/rows/42/result/mode	string	filesystem
/rows/42/result/worker_ms	float	3231.928321
/rows/42/result_ms	float	3607.991436
/rows/42/trial	integer	8
/rows/42/variant	string	candidate
/rows/43	object	-
/rows/43/backend	string	native
/rows/43/completion_ms	float	452.498473
/rows/43/correctness	string	passed
/rows/43/logs	string	/home/reiase/workspace/pvisor/target/sb/run/native/trials/filesystem-native-008
/rows/43/memory_scope	string	owned launcher tree; Docker daemon/container RSS excluded
/rows/43/mode	string	filesystem
/rows/43/peak_tree_rss_kib	integer	141448
/rows/43/prepare_ms	float	38.827665
/rows/43/ready_ms	float	39.992017
/rows/43/result	object	-
/rows/43/result/correctness	string	passed
/rows/43/result/filesystem	object	-
/rows/43/result/filesystem/cargo	object	-
/rows/43/result/filesystem/cargo/check	object	-
/rows/43/result/filesystem/cargo/check/modules	integer	64
/rows/43/result/filesystem/cargo/check/result	string	2016
/rows/43/result/filesystem/cargo/python	string	3.14.7
/rows/43/result/filesystem/cargo/worker_ms	float	50.571771
/rows/43/result/filesystem/cargo/workload	string	cargo
/rows/43/result/filesystem/git	object	-
/rows/43/result/filesystem/git/check	object	-
/rows/43/result/filesystem/git/check/git_clean	boolean	true
/rows/43/result/filesystem/git/python	string	3.14.7
/rows/43/result/filesystem/git/worker_ms	float	15.571197
/rows/43/result/filesystem/git/workload	string	git
/rows/43/result/filesystem/metadata	object	-
/rows/43/result/filesystem/metadata/check	object	-
/rows/43/result/filesystem/metadata/check/bytes	integer	2095104
/rows/43/result/filesystem/metadata/check/files	integer	2048
/rows/43/result/filesystem/metadata/python	string	3.14.7
/rows/43/result/filesystem/metadata/worker_ms	float	4.98391
/rows/43/result/filesystem/metadata/workload	string	metadata
/rows/43/result/filesystem/npm	object	-
/rows/43/result/filesystem/npm/check	object	-
/rows/43/result/filesystem/npm/check/local_packages	integer	32
/rows/43/result/filesystem/npm/python	string	3.14.7
/rows/43/result/filesystem/npm/worker_ms	float	169.73119
/rows/43/result/filesystem/npm/workload	string	npm
/rows/43/result/filesystem/read	object	-
/rows/43/result/filesystem/read/check	object	-
/rows/43/result/filesystem/read/check/bytes	integer	67108864
/rows/43/result/filesystem/read/check/sha256	string	42ef3a50fe506ced865473b082c8b28f6ce254e6e2b01266b6a563531a6267bc
/rows/43/result/filesystem/read/python	string	3.14.7
/rows/43/result/filesystem/read/worker_ms	float	33.196217
/rows/43/result/filesystem/read/workload	string	read
/rows/43/result/filesystem/rg	object	-
/rows/43/result/filesystem/rg/check	object	-
/rows/43/result/filesystem/rg/check/matches	integer	2048
/rows/43/result/filesystem/rg/python	string	3.14.7
/rows/43/result/filesystem/rg/worker_ms	float	9.59239
/rows/43/result/filesystem/rg/workload	string	rg
/rows/43/result/filesystem/write	object	-
/rows/43/result/filesystem/write/check	object	-
/rows/43/result/filesystem/write/check/bytes	integer	16777216
/rows/43/result/filesystem/write/check/files	integer	256
/rows/43/result/filesystem/write/python	string	3.14.7
/rows/43/result/filesystem/write/worker_ms	float	4.081165
/rows/43/result/filesystem/write/workload	string	write
/rows/43/result/mode	string	filesystem
/rows/43/result/worker_ms	float	404.506658
/rows/43/result_ms	float	444.579095
/rows/43/trial	integer	8
/rows/43/variant	string	native
/rows/44	object	-
/rows/44/backend	string	pvisor-vm
/rows/44/completion_ms	float	4333.869035
/rows/44/correctness	string	passed
/rows/44/logs	string	/home/reiase/workspace/pvisor/target/sb/run/baseline/trials/filesystem-pvisor-vm-008
/rows/44/memory_scope	string	owned launcher tree; Docker daemon/container RSS excluded
/rows/44/mode	string	filesystem
/rows/44/peak_tree_rss_kib	integer	612004
/rows/44/prepare_ms	float	37.191742
/rows/44/ready_ms	float	379.268842
/rows/44/result	object	-
/rows/44/result/correctness	string	passed
/rows/44/result/filesystem	object	-
/rows/44/result/filesystem/cargo	object	-
/rows/44/result/filesystem/cargo/check	object	-
/rows/44/result/filesystem/cargo/check/modules	integer	64
/rows/44/result/filesystem/cargo/check/result	string	2016
/rows/44/result/filesystem/cargo/python	string	3.14.7
/rows/44/result/filesystem/cargo/worker_ms	float	522.887
/rows/44/result/filesystem/cargo/workload	string	cargo
/rows/44/result/filesystem/git	object	-
/rows/44/result/filesystem/git/check	object	-
/rows/44/result/filesystem/git/check/git_clean	boolean	true
/rows/44/result/filesystem/git/python	string	3.14.7
/rows/44/result/filesystem/git/worker_ms	float	645.462332
/rows/44/result/filesystem/git/workload	string	git
/rows/44/result/filesystem/metadata	object	-
/rows/44/result/filesystem/metadata/check	object	-
/rows/44/result/filesystem/metadata/check/bytes	integer	2095104
/rows/44/result/filesystem/metadata/check/files	integer	2048
/rows/44/result/filesystem/metadata/python	string	3.14.7
/rows/44/result/filesystem/metadata/worker_ms	float	175.852619
/rows/44/result/filesystem/metadata/workload	string	metadata
/rows/44/result/filesystem/npm	object	-
/rows/44/result/filesystem/npm/check	object	-
/rows/44/result/filesystem/npm/check/local_packages	integer	32
/rows/44/result/filesystem/npm/python	string	3.14.7
/rows/44/result/filesystem/npm/worker_ms	float	1361.037851
/rows/44/result/filesystem/npm/workload	string	npm
/rows/44/result/filesystem/read	object	-
/rows/44/result/filesystem/read/check	object	-
/rows/44/result/filesystem/read/check/bytes	integer	67108864
/rows/44/result/filesystem/read/check/sha256	string	42ef3a50fe506ced865473b082c8b28f6ce254e6e2b01266b6a563531a6267bc
/rows/44/result/filesystem/read/python	string	3.14.7
/rows/44/result/filesystem/read/worker_ms	float	113.775984
/rows/44/result/filesystem/read/workload	string	read
/rows/44/result/filesystem/rg	object	-
/rows/44/result/filesystem/rg/check	object	-
/rows/44/result/filesystem/rg/check/matches	integer	2048
/rows/44/result/filesystem/rg/python	string	3.14.7
/rows/44/result/filesystem/rg/worker_ms	float	438.939208
/rows/44/result/filesystem/rg/workload	string	rg
/rows/44/result/filesystem/write	object	-
/rows/44/result/filesystem/write/check	object	-
/rows/44/result/filesystem/write/check/bytes	integer	16777216
/rows/44/result/filesystem/write/check/files	integer	256
/rows/44/result/filesystem/write/python	string	3.14.7
/rows/44/result/filesystem/write/worker_ms	float	201.411534
/rows/44/result/filesystem/write/workload	string	write
/rows/44/result/mode	string	filesystem
/rows/44/result/worker_ms	float	3872.704498
/rows/44/result_ms	float	4252.031661
/rows/44/trial	integer	8
/rows/44/variant	string	baseline
/rows/45	object	-
/rows/45/backend	string	pvisor-staged
/rows/45/completion_ms	float	1261.642554
/rows/45/correctness	string	passed
/rows/45/logs	string	/home/reiase/workspace/pvisor/target/sb/run/baseline/trials/filesystem-pvisor-staged-009
/rows/45/memory_scope	string	owned launcher tree; Docker daemon/container RSS excluded
/rows/45/mode	string	filesystem
/rows/45/peak_tree_rss_kib	integer	178500
/rows/45/prepare_ms	float	36.257949
/rows/45/ready_ms	float	61.204281
/rows/45/result	object	-
/rows/45/result/correctness	string	passed
/rows/45/result/filesystem	object	-
/rows/45/result/filesystem/cargo	object	-
/rows/45/result/filesystem/cargo/check	object	-
/rows/45/result/filesystem/cargo/check/modules	integer	64
/rows/45/result/filesystem/cargo/check/result	string	2016
/rows/45/result/filesystem/cargo/python	string	3.14.7
/rows/45/result/filesystem/cargo/worker_ms	float	107.352086
/rows/45/result/filesystem/cargo/workload	string	cargo
/rows/45/result/filesystem/git	object	-
/rows/45/result/filesystem/git/check	object	-
/rows/45/result/filesystem/git/check/git_clean	boolean	true
/rows/45/result/filesystem/git/python	string	3.14.7
/rows/45/result/filesystem/git/worker_ms	float	163.763104
/rows/45/result/filesystem/git/workload	string	git
/rows/45/result/filesystem/metadata	object	-
/rows/45/result/filesystem/metadata/check	object	-
/rows/45/result/filesystem/metadata/check/bytes	integer	2095104
/rows/45/result/filesystem/metadata/check/files	integer	2048
/rows/45/result/filesystem/metadata/python	string	3.14.7
/rows/45/result/filesystem/metadata/worker_ms	float	75.686766
/rows/45/result/filesystem/metadata/workload	string	metadata
/rows/45/result/filesystem/npm	object	-
/rows/45/result/filesystem/npm/check	object	-
/rows/45/result/filesystem/npm/check/local_packages	integer	32
/rows/45/result/filesystem/npm/python	string	3.14.7
/rows/45/result/filesystem/npm/worker_ms	float	252.372023
/rows/45/result/filesystem/npm/workload	string	npm
/rows/45/result/filesystem/read	object	-
/rows/45/result/filesystem/read/check	object	-
/rows/45/result/filesystem/read/check/bytes	integer	67108864
/rows/45/result/filesystem/read/check/sha256	string	42ef3a50fe506ced865473b082c8b28f6ce254e6e2b01266b6a563531a6267bc
/rows/45/result/filesystem/read/python	string	3.14.7
/rows/45/result/filesystem/read/worker_ms	float	65.846243
/rows/45/result/filesystem/read/workload	string	read
/rows/45/result/filesystem/rg	object	-
/rows/45/result/filesystem/rg/check	object	-
/rows/45/result/filesystem/rg/check/matches	integer	2048
/rows/45/result/filesystem/rg/python	string	3.14.7
/rows/45/result/filesystem/rg/worker_ms	float	89.249947
/rows/45/result/filesystem/rg/workload	string	rg
/rows/45/result/filesystem/write	object	-
/rows/45/result/filesystem/write/check	object	-
/rows/45/result/filesystem/write/check/bytes	integer	16777216
/rows/45/result/filesystem/write/check/files	integer	256
/rows/45/result/filesystem/write/python	string	3.14.7
/rows/45/result/filesystem/write/worker_ms	float	198.910872
/rows/45/result/filesystem/write/workload	string	write
/rows/45/result/mode	string	filesystem
/rows/45/result/worker_ms	float	1078.267453
/rows/45/result_ms	float	1139.524132
/rows/45/trial	integer	9
/rows/45/variant	string	baseline
/rows/46	object	-
/rows/46/backend	string	pvisor-vm
/rows/46/completion_ms	float	4050.958865
/rows/46/correctness	string	passed
/rows/46/logs	string	/home/reiase/workspace/pvisor/target/sb/run/baseline/trials/filesystem-pvisor-vm-009
/rows/46/memory_scope	string	owned launcher tree; Docker daemon/container RSS excluded
/rows/46/mode	string	filesystem
/rows/46/peak_tree_rss_kib	integer	614608
/rows/46/prepare_ms	float	37.98923
/rows/46/ready_ms	float	378.1261
/rows/46/result	object	-
/rows/46/result/correctness	string	passed
/rows/46/result/filesystem	object	-
/rows/46/result/filesystem/cargo	object	-
/rows/46/result/filesystem/cargo/check	object	-
/rows/46/result/filesystem/cargo/check/modules	integer	64
/rows/46/result/filesystem/cargo/check/result	string	2016
/rows/46/result/filesystem/cargo/python	string	3.14.7
/rows/46/result/filesystem/cargo/worker_ms	float	494.456018
/rows/46/result/filesystem/cargo/workload	string	cargo
/rows/46/result/filesystem/git	object	-
/rows/46/result/filesystem/git/check	object	-
/rows/46/result/filesystem/git/check/git_clean	boolean	true
/rows/46/result/filesystem/git/python	string	3.14.7
/rows/46/result/filesystem/git/worker_ms	float	356.831323
/rows/46/result/filesystem/git/workload	string	git
/rows/46/result/filesystem/metadata	object	-
/rows/46/result/filesystem/metadata/check	object	-
/rows/46/result/filesystem/metadata/check/bytes	integer	2095104
/rows/46/result/filesystem/metadata/check/files	integer	2048
/rows/46/result/filesystem/metadata/python	string	3.14.7
/rows/46/result/filesystem/metadata/worker_ms	float	156.486591
/rows/46/result/filesystem/metadata/workload	string	metadata
/rows/46/result/filesystem/npm	object	-
/rows/46/result/filesystem/npm/check	object	-
/rows/46/result/filesystem/npm/check/local_packages	integer	32
/rows/46/result/filesystem/npm/python	string	3.14.7
/rows/46/result/filesystem/npm/worker_ms	float	1349.689611
/rows/46/result/filesystem/npm/workload	string	npm
/rows/46/result/filesystem/read	object	-
/rows/46/result/filesystem/read/check	object	-
/rows/46/result/filesystem/read/check/bytes	integer	67108864
/rows/46/result/filesystem/read/check/sha256	string	42ef3a50fe506ced865473b082c8b28f6ce254e6e2b01266b6a563531a6267bc
/rows/46/result/filesystem/read/python	string	3.14.7
/rows/46/result/filesystem/read/worker_ms	float	118.937386
/rows/46/result/filesystem/read/workload	string	read
/rows/46/result/filesystem/rg	object	-
/rows/46/result/filesystem/rg/check	object	-
/rows/46/result/filesystem/rg/check/matches	integer	2048
/rows/46/result/filesystem/rg/python	string	3.14.7
/rows/46/result/filesystem/rg/worker_ms	float	450.714044
/rows/46/result/filesystem/rg/workload	string	rg
/rows/46/result/filesystem/write	object	-
/rows/46/result/filesystem/write/check	object	-
/rows/46/result/filesystem/write/check/bytes	integer	16777216
/rows/46/result/filesystem/write/check/files	integer	256
/rows/46/result/filesystem/write/python	string	3.14.7
/rows/46/result/filesystem/write/worker_ms	float	244.783558
/rows/46/result/filesystem/write/workload	string	write
/rows/46/result/mode	string	filesystem
/rows/46/result/worker_ms	float	3597.077763
/rows/46/result_ms	float	3975.234758
/rows/46/trial	integer	9
/rows/46/variant	string	baseline
/rows/47	object	-
/rows/47/backend	string	pvisor-vm
/rows/47/completion_ms	float	4113.497776
/rows/47/correctness	string	passed
/rows/47/logs	string	/home/reiase/workspace/pvisor/target/sb/run/candidate/trials/filesystem-pvisor-vm-009
/rows/47/memory_scope	string	owned launcher tree; Docker daemon/container RSS excluded
/rows/47/mode	string	filesystem
/rows/47/peak_tree_rss_kib	integer	613184
/rows/47/prepare_ms	float	36.728588
/rows/47/ready_ms	float	378.3884
/rows/47/result	object	-
/rows/47/result/correctness	string	passed
/rows/47/result/filesystem	object	-
/rows/47/result/filesystem/cargo	object	-
/rows/47/result/filesystem/cargo/check	object	-
/rows/47/result/filesystem/cargo/check/modules	integer	64
/rows/47/result/filesystem/cargo/check/result	string	2016
/rows/47/result/filesystem/cargo/python	string	3.14.7
/rows/47/result/filesystem/cargo/worker_ms	float	489.217432
/rows/47/result/filesystem/cargo/workload	string	cargo
/rows/47/result/filesystem/git	object	-
/rows/47/result/filesystem/git/check	object	-
/rows/47/result/filesystem/git/check/git_clean	boolean	true
/rows/47/result/filesystem/git/python	string	3.14.7
/rows/47/result/filesystem/git/worker_ms	float	490.396584
/rows/47/result/filesystem/git/workload	string	git
/rows/47/result/filesystem/metadata	object	-
/rows/47/result/filesystem/metadata/check	object	-
/rows/47/result/filesystem/metadata/check/bytes	integer	2095104
/rows/47/result/filesystem/metadata/check/files	integer	2048
/rows/47/result/filesystem/metadata/python	string	3.14.7
/rows/47/result/filesystem/metadata/worker_ms	float	143.466869
/rows/47/result/filesystem/metadata/workload	string	metadata
/rows/47/result/filesystem/npm	object	-
/rows/47/result/filesystem/npm/check	object	-
/rows/47/result/filesystem/npm/check/local_packages	integer	32
/rows/47/result/filesystem/npm/python	string	3.14.7
/rows/47/result/filesystem/npm/worker_ms	float	1331.51551
/rows/47/result/filesystem/npm/workload	string	npm
/rows/47/result/filesystem/read	object	-
/rows/47/result/filesystem/read/check	object	-
/rows/47/result/filesystem/read/check/bytes	integer	67108864
/rows/47/result/filesystem/read/check/sha256	string	42ef3a50fe506ced865473b082c8b28f6ce254e6e2b01266b6a563531a6267bc
/rows/47/result/filesystem/read/python	string	3.14.7
/rows/47/result/filesystem/read/worker_ms	float	117.615366
/rows/47/result/filesystem/read/workload	string	read
/rows/47/result/filesystem/rg	object	-
/rows/47/result/filesystem/rg/check	object	-
/rows/47/result/filesystem/rg/check/matches	integer	2048
/rows/47/result/filesystem/rg/python	string	3.14.7
/rows/47/result/filesystem/rg/worker_ms	float	457.169173
/rows/47/result/filesystem/rg/workload	string	rg
/rows/47/result/filesystem/write	object	-
/rows/47/result/filesystem/write/check	object	-
/rows/47/result/filesystem/write/check/bytes	integer	16777216
/rows/47/result/filesystem/write/check/files	integer	256
/rows/47/result/filesystem/write/python	string	3.14.7
/rows/47/result/filesystem/write/worker_ms	float	117.314414
/rows/47/result/filesystem/write/workload	string	write
/rows/47/result/mode	string	filesystem
/rows/47/result/worker_ms	float	3569.016272
/rows/47/result_ms	float	3947.470408
/rows/47/trial	integer	9
/rows/47/variant	string	candidate
/rows/48	object	-
/rows/48/backend	string	pvisor-staged
/rows/48/completion_ms	float	1083.603049
/rows/48/correctness	string	passed
/rows/48/logs	string	/home/reiase/workspace/pvisor/target/sb/run/candidate/trials/filesystem-pvisor-staged-009
/rows/48/memory_scope	string	owned launcher tree; Docker daemon/container RSS excluded
/rows/48/mode	string	filesystem
/rows/48/peak_tree_rss_kib	integer	178800
/rows/48/prepare_ms	float	37.544851
/rows/48/ready_ms	float	62.996877
/rows/48/result	object	-
/rows/48/result/correctness	string	passed
/rows/48/result/filesystem	object	-
/rows/48/result/filesystem/cargo	object	-
/rows/48/result/filesystem/cargo/check	object	-
/rows/48/result/filesystem/cargo/check/modules	integer	64
/rows/48/result/filesystem/cargo/check/result	string	2016
/rows/48/result/filesystem/cargo/python	string	3.14.7
/rows/48/result/filesystem/cargo/worker_ms	float	72.353917
/rows/48/result/filesystem/cargo/workload	string	cargo
/rows/48/result/filesystem/git	object	-
/rows/48/result/filesystem/git/check	object	-
/rows/48/result/filesystem/git/check/git_clean	boolean	true
/rows/48/result/filesystem/git/python	string	3.14.7
/rows/48/result/filesystem/git/worker_ms	float	123.746348
/rows/48/result/filesystem/git/workload	string	git
/rows/48/result/filesystem/metadata	object	-
/rows/48/result/filesystem/metadata/check	object	-
/rows/48/result/filesystem/metadata/check/bytes	integer	2095104
/rows/48/result/filesystem/metadata/check/files	integer	2048
/rows/48/result/filesystem/metadata/python	string	3.14.7
/rows/48/result/filesystem/metadata/worker_ms	float	77.536729
/rows/48/result/filesystem/metadata/workload	string	metadata
/rows/48/result/filesystem/npm	object	-
/rows/48/result/filesystem/npm/check	object	-
/rows/48/result/filesystem/npm/check/local_packages	integer	32
/rows/48/result/filesystem/npm/python	string	3.14.7
/rows/48/result/filesystem/npm/worker_ms	float	225.106825
/rows/48/result/filesystem/npm/workload	string	npm
/rows/48/result/filesystem/read	object	-
/rows/48/result/filesystem/read/check	object	-
/rows/48/result/filesystem/read/check/bytes	integer	67108864
/rows/48/result/filesystem/read/check/sha256	string	42ef3a50fe506ced865473b082c8b28f6ce254e6e2b01266b6a563531a6267bc
/rows/48/result/filesystem/read/python	string	3.14.7
/rows/48/result/filesystem/read/worker_ms	float	66.141164
/rows/48/result/filesystem/read/workload	string	read
/rows/48/result/filesystem/rg	object	-
/rows/48/result/filesystem/rg/check	object	-
/rows/48/result/filesystem/rg/check/matches	integer	2048
/rows/48/result/filesystem/rg/python	string	3.14.7
/rows/48/result/filesystem/rg/worker_ms	float	87.985797
/rows/48/result/filesystem/rg/workload	string	rg
/rows/48/result/filesystem/write	object	-
/rows/48/result/filesystem/write/check	object	-
/rows/48/result/filesystem/write/check/bytes	integer	16777216
/rows/48/result/filesystem/write/check/files	integer	256
/rows/48/result/filesystem/write/python	string	3.14.7
/rows/48/result/filesystem/write/worker_ms	float	26.626838
/rows/48/result/filesystem/write/workload	string	write
/rows/48/result/mode	string	filesystem
/rows/48/result/worker_ms	float	800.018541
/rows/48/result_ms	float	863.054551
/rows/48/trial	integer	9
/rows/48/variant	string	candidate
/rows/49	object	-
/rows/49/backend	string	native
/rows/49/completion_ms	float	443.197087
/rows/49/correctness	string	passed
/rows/49/logs	string	/home/reiase/workspace/pvisor/target/sb/run/native/trials/filesystem-native-009
/rows/49/memory_scope	string	owned launcher tree; Docker daemon/container RSS excluded
/rows/49/mode	string	filesystem
/rows/49/peak_tree_rss_kib	integer	135968
/rows/49/prepare_ms	float	38.475107
/rows/49/ready_ms	float	38.970581
/rows/49/result	object	-
/rows/49/result/correctness	string	passed
/rows/49/result/filesystem	object	-
/rows/49/result/filesystem/cargo	object	-
/rows/49/result/filesystem/cargo/check	object	-
/rows/49/result/filesystem/cargo/check/modules	integer	64
/rows/49/result/filesystem/cargo/check/result	string	2016
/rows/49/result/filesystem/cargo/python	string	3.14.7
/rows/49/result/filesystem/cargo/worker_ms	float	51.059161
/rows/49/result/filesystem/cargo/workload	string	cargo
/rows/49/result/filesystem/git	object	-
/rows/49/result/filesystem/git/check	object	-
/rows/49/result/filesystem/git/check/git_clean	boolean	true
/rows/49/result/filesystem/git/python	string	3.14.7
/rows/49/result/filesystem/git/worker_ms	float	13.83128
/rows/49/result/filesystem/git/workload	string	git
/rows/49/result/filesystem/metadata	object	-
/rows/49/result/filesystem/metadata/check	object	-
/rows/49/result/filesystem/metadata/check/bytes	integer	2095104
/rows/49/result/filesystem/metadata/check/files	integer	2048
/rows/49/result/filesystem/metadata/python	string	3.14.7
/rows/49/result/filesystem/metadata/worker_ms	float	4.553667
/rows/49/result/filesystem/metadata/workload	string	metadata
/rows/49/result/filesystem/npm	object	-
/rows/49/result/filesystem/npm/check	object	-
/rows/49/result/filesystem/npm/check/local_packages	integer	32
/rows/49/result/filesystem/npm/python	string	3.14.7
/rows/49/result/filesystem/npm/worker_ms	float	168.660112
/rows/49/result/filesystem/npm/workload	string	npm
/rows/49/result/filesystem/read	object	-
/rows/49/result/filesystem/read/check	object	-
/rows/49/result/filesystem/read/check/bytes	integer	67108864
/rows/49/result/filesystem/read/check/sha256	string	42ef3a50fe506ced865473b082c8b28f6ce254e6e2b01266b6a563531a6267bc
/rows/49/result/filesystem/read/python	string	3.14.7
/rows/49/result/filesystem/read/worker_ms	float	33.27895
/rows/49/result/filesystem/read/workload	string	read
/rows/49/result/filesystem/rg	object	-
/rows/49/result/filesystem/rg/check	object	-
/rows/49/result/filesystem/rg/check/matches	integer	2048
/rows/49/result/filesystem/rg/python	string	3.14.7
/rows/49/result/filesystem/rg/worker_ms	float	7.145544
/rows/49/result/filesystem/rg/workload	string	rg
/rows/49/result/filesystem/write	object	-
/rows/49/result/filesystem/write/check	object	-
/rows/49/result/filesystem/write/check/bytes	integer	16777216
/rows/49/result/filesystem/write/check/files	integer	256
/rows/49/result/filesystem/write/python	string	3.14.7
/rows/49/result/filesystem/write/worker_ms	float	3.515159
/rows/49/result/filesystem/write/workload	string	write
/rows/49/result/mode	string	filesystem
/rows/49/result/worker_ms	float	396.220636
/rows/49/result_ms	float	435.276005
/rows/49/trial	integer	9
/rows/49/variant	string	native
/rows/50	object	-
/rows/50/backend	string	pvisor-staged
/rows/50/completion_ms	float	1262.226694
/rows/50/correctness	string	passed
/rows/50/logs	string	/home/reiase/workspace/pvisor/target/sb/run/baseline/trials/filesystem-pvisor-staged-010
/rows/50/memory_scope	string	owned launcher tree; Docker daemon/container RSS excluded
/rows/50/mode	string	filesystem
/rows/50/peak_tree_rss_kib	integer	177680
/rows/50/prepare_ms	float	35.917905
/rows/50/ready_ms	float	61.807107
/rows/50/result	object	-
/rows/50/result/correctness	string	passed
/rows/50/result/filesystem	object	-
/rows/50/result/filesystem/cargo	object	-
/rows/50/result/filesystem/cargo/check	object	-
/rows/50/result/filesystem/cargo/check/modules	integer	64
/rows/50/result/filesystem/cargo/check/result	string	2016
/rows/50/result/filesystem/cargo/python	string	3.14.7
/rows/50/result/filesystem/cargo/worker_ms	float	107.412218
/rows/50/result/filesystem/cargo/workload	string	cargo
/rows/50/result/filesystem/git	object	-
/rows/50/result/filesystem/git/check	object	-
/rows/50/result/filesystem/git/check/git_clean	boolean	true
/rows/50/result/filesystem/git/python	string	3.14.7
/rows/50/result/filesystem/git/worker_ms	float	166.1891
/rows/50/result/filesystem/git/workload	string	git
/rows/50/result/filesystem/metadata	object	-
/rows/50/result/filesystem/metadata/check	object	-
/rows/50/result/filesystem/metadata/check/bytes	integer	2095104
/rows/50/result/filesystem/metadata/check/files	integer	2048
/rows/50/result/filesystem/metadata/python	string	3.14.7
/rows/50/result/filesystem/metadata/worker_ms	float	76.789064
/rows/50/result/filesystem/metadata/workload	string	metadata
/rows/50/result/filesystem/npm	object	-
/rows/50/result/filesystem/npm/check	object	-
/rows/50/result/filesystem/npm/check/local_packages	integer	32
/rows/50/result/filesystem/npm/python	string	3.14.7
/rows/50/result/filesystem/npm/worker_ms	float	255.539054
/rows/50/result/filesystem/npm/workload	string	npm
/rows/50/result/filesystem/read	object	-
/rows/50/result/filesystem/read/check	object	-
/rows/50/result/filesystem/read/check/bytes	integer	67108864
/rows/50/result/filesystem/read/check/sha256	string	42ef3a50fe506ced865473b082c8b28f6ce254e6e2b01266b6a563531a6267bc
/rows/50/result/filesystem/read/python	string	3.14.7
/rows/50/result/filesystem/read/worker_ms	float	64.637098
/rows/50/result/filesystem/read/workload	string	read
/rows/50/result/filesystem/rg	object	-
/rows/50/result/filesystem/rg/check	object	-
/rows/50/result/filesystem/rg/check/matches	integer	2048
/rows/50/result/filesystem/rg/python	string	3.14.7
/rows/50/result/filesystem/rg/worker_ms	float	90.834064
/rows/50/result/filesystem/rg/workload	string	rg
/rows/50/result/filesystem/write	object	-
/rows/50/result/filesystem/write/check	object	-
/rows/50/result/filesystem/write/check/bytes	integer	16777216
/rows/50/result/filesystem/write/check/files	integer	256
/rows/50/result/filesystem/write/python	string	3.14.7
/rows/50/result/filesystem/write/worker_ms	float	195.341521
/rows/50/result/filesystem/write/workload	string	write
/rows/50/result/mode	string	filesystem
/rows/50/result/worker_ms	float	1078.062451
/rows/50/result_ms	float	1139.916265
/rows/50/trial	integer	10
/rows/50/variant	string	baseline
/rows/51	object	-
/rows/51/backend	string	pvisor-vm
/rows/51/completion_ms	float	4058.198414
/rows/51/correctness	string	passed
/rows/51/logs	string	/home/reiase/workspace/pvisor/target/sb/run/candidate/trials/filesystem-pvisor-vm-010
/rows/51/memory_scope	string	owned launcher tree; Docker daemon/container RSS excluded
/rows/51/mode	string	filesystem
/rows/51/peak_tree_rss_kib	integer	614296
/rows/51/prepare_ms	float	35.614439
/rows/51/ready_ms	float	382.038691
/rows/51/result	object	-
/rows/51/result/correctness	string	passed
/rows/51/result/filesystem	object	-
/rows/51/result/filesystem/cargo	object	-
/rows/51/result/filesystem/cargo/check	object	-
/rows/51/result/filesystem/cargo/check/modules	integer	64
/rows/51/result/filesystem/cargo/check/result	string	2016
/rows/51/result/filesystem/cargo/python	string	3.14.7
/rows/51/result/filesystem/cargo/worker_ms	float	489.445157
/rows/51/result/filesystem/cargo/workload	string	cargo
/rows/51/result/filesystem/git	object	-
/rows/51/result/filesystem/git/check	object	-
/rows/51/result/filesystem/git/check/git_clean	boolean	true
/rows/51/result/filesystem/git/python	string	3.14.7
/rows/51/result/filesystem/git/worker_ms	float	466.703985
/rows/51/result/filesystem/git/workload	string	git
/rows/51/result/filesystem/metadata	object	-
/rows/51/result/filesystem/metadata/check	object	-
/rows/51/result/filesystem/metadata/check/bytes	integer	2095104
/rows/51/result/filesystem/metadata/check/files	integer	2048
/rows/51/result/filesystem/metadata/python	string	3.14.7
/rows/51/result/filesystem/metadata/worker_ms	float	166.847697
/rows/51/result/filesystem/metadata/workload	string	metadata
/rows/51/result/filesystem/npm	object	-
/rows/51/result/filesystem/npm/check	object	-
/rows/51/result/filesystem/npm/check/local_packages	integer	32
/rows/51/result/filesystem/npm/python	string	3.14.7
/rows/51/result/filesystem/npm/worker_ms	float	1238.175282
/rows/51/result/filesystem/npm/workload	string	npm
/rows/51/result/filesystem/read	object	-
/rows/51/result/filesystem/read/check	object	-
/rows/51/result/filesystem/read/check/bytes	integer	67108864
/rows/51/result/filesystem/read/check/sha256	string	42ef3a50fe506ced865473b082c8b28f6ce254e6e2b01266b6a563531a6267bc
/rows/51/result/filesystem/read/python	string	3.14.7
/rows/51/result/filesystem/read/worker_ms	float	116.383445
/rows/51/result/filesystem/read/workload	string	read
/rows/51/result/filesystem/rg	object	-
/rows/51/result/filesystem/rg/check	object	-
/rows/51/result/filesystem/rg/check/matches	integer	2048
/rows/51/result/filesystem/rg/python	string	3.14.7
/rows/51/result/filesystem/rg/worker_ms	float	449.842396
/rows/51/result/filesystem/rg/workload	string	rg
/rows/51/result/filesystem/write	object	-
/rows/51/result/filesystem/write/check	object	-
/rows/51/result/filesystem/write/check/bytes	integer	16777216
/rows/51/result/filesystem/write/check/files	integer	256
/rows/51/result/filesystem/write/python	string	3.14.7
/rows/51/result/filesystem/write/worker_ms	float	133.247569
/rows/51/result/filesystem/write/workload	string	write
/rows/51/result/mode	string	filesystem
/rows/51/result/worker_ms	float	3487.429731
/rows/51/result_ms	float	3869.505059
/rows/51/trial	integer	10
/rows/51/variant	string	candidate
/rows/52	object	-
/rows/52/backend	string	pvisor-vm
/rows/52/completion_ms	float	4034.591082
/rows/52/correctness	string	passed
/rows/52/logs	string	/home/reiase/workspace/pvisor/target/sb/run/baseline/trials/filesystem-pvisor-vm-010
/rows/52/memory_scope	string	owned launcher tree; Docker daemon/container RSS excluded
/rows/52/mode	string	filesystem
/rows/52/peak_tree_rss_kib	integer	613364
/rows/52/prepare_ms	float	36.132917
/rows/52/ready_ms	float	372.77802
/rows/52/result	object	-
/rows/52/result/correctness	string	passed
/rows/52/result/filesystem	object	-
/rows/52/result/filesystem/cargo	object	-
/rows/52/result/filesystem/cargo/check	object	-
/rows/52/result/filesystem/cargo/check/modules	integer	64
/rows/52/result/filesystem/cargo/check/result	string	2016
/rows/52/result/filesystem/cargo/python	string	3.14.7
/rows/52/result/filesystem/cargo/worker_ms	float	498.437867
/rows/52/result/filesystem/cargo/workload	string	cargo
/rows/52/result/filesystem/git	object	-
/rows/52/result/filesystem/git/check	object	-
/rows/52/result/filesystem/git/check/git_clean	boolean	true
/rows/52/result/filesystem/git/python	string	3.14.7
/rows/52/result/filesystem/git/worker_ms	float	357.888207
/rows/52/result/filesystem/git/workload	string	git
/rows/52/result/filesystem/metadata	object	-
/rows/52/result/filesystem/metadata/check	object	-
/rows/52/result/filesystem/metadata/check/bytes	integer	2095104
/rows/52/result/filesystem/metadata/check/files	integer	2048
/rows/52/result/filesystem/metadata/python	string	3.14.7
/rows/52/result/filesystem/metadata/worker_ms	float	147.018654
/rows/52/result/filesystem/metadata/workload	string	metadata
/rows/52/result/filesystem/npm	object	-
/rows/52/result/filesystem/npm/check	object	-
/rows/52/result/filesystem/npm/check/local_packages	integer	32
/rows/52/result/filesystem/npm/python	string	3.14.7
/rows/52/result/filesystem/npm/worker_ms	float	1355.403616
/rows/52/result/filesystem/npm/workload	string	npm
/rows/52/result/filesystem/read	object	-
/rows/52/result/filesystem/read/check	object	-
/rows/52/result/filesystem/read/check/bytes	integer	67108864
/rows/52/result/filesystem/read/check/sha256	string	42ef3a50fe506ced865473b082c8b28f6ce254e6e2b01266b6a563531a6267bc
/rows/52/result/filesystem/read/python	string	3.14.7
/rows/52/result/filesystem/read/worker_ms	float	117.034711
/rows/52/result/filesystem/read/workload	string	read
/rows/52/result/filesystem/rg	object	-
/rows/52/result/filesystem/rg/check	object	-
/rows/52/result/filesystem/rg/check/matches	integer	2048
/rows/52/result/filesystem/rg/python	string	3.14.7
/rows/52/result/filesystem/rg/worker_ms	float	454.874677
/rows/52/result/filesystem/rg/workload	string	rg
/rows/52/result/filesystem/write	object	-
/rows/52/result/filesystem/write/check	object	-
/rows/52/result/filesystem/write/check/bytes	integer	16777216
/rows/52/result/filesystem/write/check/files	integer	256
/rows/52/result/filesystem/write/python	string	3.14.7
/rows/52/result/filesystem/write/worker_ms	float	219.632954
/rows/52/result/filesystem/write/workload	string	write
/rows/52/result/mode	string	filesystem
/rows/52/result/worker_ms	float	3581.583839
/rows/52/result_ms	float	3954.434103
/rows/52/trial	integer	10
/rows/52/variant	string	baseline
/rows/53	object	-
/rows/53/backend	string	native
/rows/53/completion_ms	float	445.757015
/rows/53/correctness	string	passed
/rows/53/logs	string	/home/reiase/workspace/pvisor/target/sb/run/native/trials/filesystem-native-010
/rows/53/memory_scope	string	owned launcher tree; Docker daemon/container RSS excluded
/rows/53/mode	string	filesystem
/rows/53/peak_tree_rss_kib	integer	137332
/rows/53/prepare_ms	float	36.462983
/rows/53/ready_ms	float	39.150358
/rows/53/result	object	-
/rows/53/result/correctness	string	passed
/rows/53/result/filesystem	object	-
/rows/53/result/filesystem/cargo	object	-
/rows/53/result/filesystem/cargo/check	object	-
/rows/53/result/filesystem/cargo/check/modules	integer	64
/rows/53/result/filesystem/cargo/check/result	string	2016
/rows/53/result/filesystem/cargo/python	string	3.14.7
/rows/53/result/filesystem/cargo/worker_ms	float	50.87674
/rows/53/result/filesystem/cargo/workload	string	cargo
/rows/53/result/filesystem/git	object	-
/rows/53/result/filesystem/git/check	object	-
/rows/53/result/filesystem/git/check/git_clean	boolean	true
/rows/53/result/filesystem/git/python	string	3.14.7
/rows/53/result/filesystem/git/worker_ms	float	15.743749
/rows/53/result/filesystem/git/workload	string	git
/rows/53/result/filesystem/metadata	object	-
/rows/53/result/filesystem/metadata/check	object	-
/rows/53/result/filesystem/metadata/check/bytes	integer	2095104
/rows/53/result/filesystem/metadata/check/files	integer	2048
/rows/53/result/filesystem/metadata/python	string	3.14.7
/rows/53/result/filesystem/metadata/worker_ms	float	4.691634
/rows/53/result/filesystem/metadata/workload	string	metadata
/rows/53/result/filesystem/npm	object	-
/rows/53/result/filesystem/npm/check	object	-
/rows/53/result/filesystem/npm/check/local_packages	integer	32
/rows/53/result/filesystem/npm/python	string	3.14.7
/rows/53/result/filesystem/npm/worker_ms	float	167.203704
/rows/53/result/filesystem/npm/workload	string	npm
/rows/53/result/filesystem/read	object	-
/rows/53/result/filesystem/read/check	object	-
/rows/53/result/filesystem/read/check/bytes	integer	67108864
/rows/53/result/filesystem/read/check/sha256	string	42ef3a50fe506ced865473b082c8b28f6ce254e6e2b01266b6a563531a6267bc
/rows/53/result/filesystem/read/python	string	3.14.7
/rows/53/result/filesystem/read/worker_ms	float	32.479359
/rows/53/result/filesystem/read/workload	string	read
/rows/53/result/filesystem/rg	object	-
/rows/53/result/filesystem/rg/check	object	-
/rows/53/result/filesystem/rg/check/matches	integer	2048
/rows/53/result/filesystem/rg/python	string	3.14.7
/rows/53/result/filesystem/rg/worker_ms	float	7.948403
/rows/53/result/filesystem/rg/workload	string	rg
/rows/53/result/filesystem/write	object	-
/rows/53/result/filesystem/write/check	object	-
/rows/53/result/filesystem/write/check/bytes	integer	16777216
/rows/53/result/filesystem/write/check/files	integer	256
/rows/53/result/filesystem/write/python	string	3.14.7
/rows/53/result/filesystem/write/worker_ms	float	3.635494
/rows/53/result/filesystem/write/workload	string	write
/rows/53/result/mode	string	filesystem
/rows/53/result/worker_ms	float	398.559631
/rows/53/result_ms	float	437.762827
/rows/53/trial	integer	10
/rows/53/variant	string	native
/rows/54	object	-
/rows/54/backend	string	pvisor-staged
/rows/54/completion_ms	float	1108.271632
/rows/54/correctness	string	passed
/rows/54/logs	string	/home/reiase/workspace/pvisor/target/sb/run/candidate/trials/filesystem-pvisor-staged-010
/rows/54/memory_scope	string	owned launcher tree; Docker daemon/container RSS excluded
/rows/54/mode	string	filesystem
/rows/54/peak_tree_rss_kib	integer	178524
/rows/54/prepare_ms	float	36.915947
/rows/54/ready_ms	float	62.279357
/rows/54/result	object	-
/rows/54/result/correctness	string	passed
/rows/54/result/filesystem	object	-
/rows/54/result/filesystem/cargo	object	-
/rows/54/result/filesystem/cargo/check	object	-
/rows/54/result/filesystem/cargo/check/modules	integer	64
/rows/54/result/filesystem/cargo/check/result	string	2016
/rows/54/result/filesystem/cargo/python	string	3.14.7
/rows/54/result/filesystem/cargo/worker_ms	float	70.873025
/rows/54/result/filesystem/cargo/workload	string	cargo
/rows/54/result/filesystem/git	object	-
/rows/54/result/filesystem/git/check	object	-
/rows/54/result/filesystem/git/check/git_clean	boolean	true
/rows/54/result/filesystem/git/python	string	3.14.7
/rows/54/result/filesystem/git/worker_ms	float	122.348571
/rows/54/result/filesystem/git/workload	string	git
/rows/54/result/filesystem/metadata	object	-
/rows/54/result/filesystem/metadata/check	object	-
/rows/54/result/filesystem/metadata/check/bytes	integer	2095104
/rows/54/result/filesystem/metadata/check/files	integer	2048
/rows/54/result/filesystem/metadata/python	string	3.14.7
/rows/54/result/filesystem/metadata/worker_ms	float	76.729663
/rows/54/result/filesystem/metadata/workload	string	metadata
/rows/54/result/filesystem/npm	object	-
/rows/54/result/filesystem/npm/check	object	-
/rows/54/result/filesystem/npm/check/local_packages	integer	32
/rows/54/result/filesystem/npm/python	string	3.14.7
/rows/54/result/filesystem/npm/worker_ms	float	241.616834
/rows/54/result/filesystem/npm/workload	string	npm
/rows/54/result/filesystem/read	object	-
/rows/54/result/filesystem/read/check	object	-
/rows/54/result/filesystem/read/check/bytes	integer	67108864
/rows/54/result/filesystem/read/check/sha256	string	42ef3a50fe506ced865473b082c8b28f6ce254e6e2b01266b6a563531a6267bc
/rows/54/result/filesystem/read/python	string	3.14.7
/rows/54/result/filesystem/read/worker_ms	float	66.478663
/rows/54/result/filesystem/read/workload	string	read
/rows/54/result/filesystem/rg	object	-
/rows/54/result/filesystem/rg/check	object	-
/rows/54/result/filesystem/rg/check/matches	integer	2048
/rows/54/result/filesystem/rg/python	string	3.14.7
/rows/54/result/filesystem/rg/worker_ms	float	86.359393
/rows/54/result/filesystem/rg/workload	string	rg
/rows/54/result/filesystem/write	object	-
/rows/54/result/filesystem/write/check	object	-
/rows/54/result/filesystem/write/check/bytes	integer	16777216
/rows/54/result/filesystem/write/check/files	integer	256
/rows/54/result/filesystem/write/python	string	3.14.7
/rows/54/result/filesystem/write/worker_ms	float	26.415283
/rows/54/result/filesystem/write/workload	string	write
/rows/54/result/mode	string	filesystem
/rows/54/result/worker_ms	float	810.095967
/rows/54/result_ms	float	872.431008
/rows/54/trial	integer	10
/rows/54/variant	string	candidate
/rows/55	object	-
/rows/55/backend	string	pvisor-staged
/rows/55/completion_ms	float	1260.634183
/rows/55/correctness	string	passed
/rows/55/logs	string	/home/reiase/workspace/pvisor/target/sb/run/baseline/trials/filesystem-pvisor-staged-011
/rows/55/memory_scope	string	owned launcher tree; Docker daemon/container RSS excluded
/rows/55/mode	string	filesystem
/rows/55/peak_tree_rss_kib	integer	184420
/rows/55/prepare_ms	float	37.267835
/rows/55/ready_ms	float	60.9403
/rows/55/result	object	-
/rows/55/result/correctness	string	passed
/rows/55/result/filesystem	object	-
/rows/55/result/filesystem/cargo	object	-
/rows/55/result/filesystem/cargo/check	object	-
/rows/55/result/filesystem/cargo/check/modules	integer	64
/rows/55/result/filesystem/cargo/check/result	string	2016
/rows/55/result/filesystem/cargo/python	string	3.14.7
/rows/55/result/filesystem/cargo/worker_ms	float	106.518922
/rows/55/result/filesystem/cargo/workload	string	cargo
/rows/55/result/filesystem/git	object	-
/rows/55/result/filesystem/git/check	object	-
/rows/55/result/filesystem/git/check/git_clean	boolean	true
/rows/55/result/filesystem/git/python	string	3.14.7
/rows/55/result/filesystem/git/worker_ms	float	164.914753
/rows/55/result/filesystem/git/workload	string	git
/rows/55/result/filesystem/metadata	object	-
/rows/55/result/filesystem/metadata/check	object	-
/rows/55/result/filesystem/metadata/check/bytes	integer	2095104
/rows/55/result/filesystem/metadata/check/files	integer	2048
/rows/55/result/filesystem/metadata/python	string	3.14.7
/rows/55/result/filesystem/metadata/worker_ms	float	76.405248
/rows/55/result/filesystem/metadata/workload	string	metadata
/rows/55/result/filesystem/npm	object	-
/rows/55/result/filesystem/npm/check	object	-
/rows/55/result/filesystem/npm/check/local_packages	integer	32
/rows/55/result/filesystem/npm/python	string	3.14.7
/rows/55/result/filesystem/npm/worker_ms	float	253.093089
/rows/55/result/filesystem/npm/workload	string	npm
/rows/55/result/filesystem/read	object	-
/rows/55/result/filesystem/read/check	object	-
/rows/55/result/filesystem/read/check/bytes	integer	67108864
/rows/55/result/filesystem/read/check/sha256	string	42ef3a50fe506ced865473b082c8b28f6ce254e6e2b01266b6a563531a6267bc
/rows/55/result/filesystem/read/python	string	3.14.7
/rows/55/result/filesystem/read/worker_ms	float	66.92169
/rows/55/result/filesystem/read/workload	string	read
/rows/55/result/filesystem/rg	object	-
/rows/55/result/filesystem/rg/check	object	-
/rows/55/result/filesystem/rg/check/matches	integer	2048
/rows/55/result/filesystem/rg/python	string	3.14.7
/rows/55/result/filesystem/rg/worker_ms	float	91.29876
/rows/55/result/filesystem/rg/workload	string	rg
/rows/55/result/filesystem/write	object	-
/rows/55/result/filesystem/write/check	object	-
/rows/55/result/filesystem/write/check/bytes	integer	16777216
/rows/55/result/filesystem/write/check/files	integer	256
/rows/55/result/filesystem/write/python	string	3.14.7
/rows/55/result/filesystem/write/worker_ms	float	192.565911
/rows/55/result/filesystem/write/workload	string	write
/rows/55/result/mode	string	filesystem
/rows/55/result/worker_ms	float	1074.336678
/rows/55/result_ms	float	1135.359972
/rows/55/trial	integer	11
/rows/55/variant	string	baseline
/rows/56	object	-
/rows/56/backend	string	native
/rows/56/completion_ms	float	445.632241
/rows/56/correctness	string	passed
/rows/56/logs	string	/home/reiase/workspace/pvisor/target/sb/run/native/trials/filesystem-native-011
/rows/56/memory_scope	string	owned launcher tree; Docker daemon/container RSS excluded
/rows/56/mode	string	filesystem
/rows/56/peak_tree_rss_kib	integer	136644
/rows/56/prepare_ms	float	36.872998
/rows/56/ready_ms	float	39.937216
/rows/56/result	object	-
/rows/56/result/correctness	string	passed
/rows/56/result/filesystem	object	-
/rows/56/result/filesystem/cargo	object	-
/rows/56/result/filesystem/cargo/check	object	-
/rows/56/result/filesystem/cargo/check/modules	integer	64
/rows/56/result/filesystem/cargo/check/result	string	2016
/rows/56/result/filesystem/cargo/python	string	3.14.7
/rows/56/result/filesystem/cargo/worker_ms	float	50.07295
/rows/56/result/filesystem/cargo/workload	string	cargo
/rows/56/result/filesystem/git	object	-
/rows/56/result/filesystem/git/check	object	-
/rows/56/result/filesystem/git/check/git_clean	boolean	true
/rows/56/result/filesystem/git/python	string	3.14.7
/rows/56/result/filesystem/git/worker_ms	float	13.045153
/rows/56/result/filesystem/git/workload	string	git
/rows/56/result/filesystem/metadata	object	-
/rows/56/result/filesystem/metadata/check	object	-
/rows/56/result/filesystem/metadata/check/bytes	integer	2095104
/rows/56/result/filesystem/metadata/check/files	integer	2048
/rows/56/result/filesystem/metadata/python	string	3.14.7
/rows/56/result/filesystem/metadata/worker_ms	float	4.606527
/rows/56/result/filesystem/metadata/workload	string	metadata
/rows/56/result/filesystem/npm	object	-
/rows/56/result/filesystem/npm/check	object	-
/rows/56/result/filesystem/npm/check/local_packages	integer	32
/rows/56/result/filesystem/npm/python	string	3.14.7
/rows/56/result/filesystem/npm/worker_ms	float	170.50768
/rows/56/result/filesystem/npm/workload	string	npm
/rows/56/result/filesystem/read	object	-
/rows/56/result/filesystem/read/check	object	-
/rows/56/result/filesystem/read/check/bytes	integer	67108864
/rows/56/result/filesystem/read/check/sha256	string	42ef3a50fe506ced865473b082c8b28f6ce254e6e2b01266b6a563531a6267bc
/rows/56/result/filesystem/read/python	string	3.14.7
/rows/56/result/filesystem/read/worker_ms	float	32.827999
/rows/56/result/filesystem/read/workload	string	read
/rows/56/result/filesystem/rg	object	-
/rows/56/result/filesystem/rg/check	object	-
/rows/56/result/filesystem/rg/check/matches	integer	2048
/rows/56/result/filesystem/rg/python	string	3.14.7
/rows/56/result/filesystem/rg/worker_ms	float	6.950901
/rows/56/result/filesystem/rg/workload	string	rg
/rows/56/result/filesystem/write	object	-
/rows/56/result/filesystem/write/check	object	-
/rows/56/result/filesystem/write/check/bytes	integer	16777216
/rows/56/result/filesystem/write/check/files	integer	256
/rows/56/result/filesystem/write/python	string	3.14.7
/rows/56/result/filesystem/write/worker_ms	float	3.899157
/rows/56/result/filesystem/write/workload	string	write
/rows/56/result/mode	string	filesystem
/rows/56/result/worker_ms	float	397.543705
/rows/56/result_ms	float	437.526345
/rows/56/trial	integer	11
/rows/56/variant	string	native
/rows/57	object	-
/rows/57/backend	string	pvisor-vm
/rows/57/completion_ms	float	4254.322095
/rows/57/correctness	string	passed
/rows/57/logs	string	/home/reiase/workspace/pvisor/target/sb/run/baseline/trials/filesystem-pvisor-vm-011
/rows/57/memory_scope	string	owned launcher tree; Docker daemon/container RSS excluded
/rows/57/mode	string	filesystem
/rows/57/peak_tree_rss_kib	integer	613088
/rows/57/prepare_ms	float	36.036556
/rows/57/ready_ms	float	368.061598
/rows/57/result	object	-
/rows/57/result/correctness	string	passed
/rows/57/result/filesystem	object	-
/rows/57/result/filesystem/cargo	object	-
/rows/57/result/filesystem/cargo/check	object	-
/rows/57/result/filesystem/cargo/check/modules	integer	64
/rows/57/result/filesystem/cargo/check/result	string	2016
/rows/57/result/filesystem/cargo/python	string	3.14.7
/rows/57/result/filesystem/cargo/worker_ms	float	501.296277
/rows/57/result/filesystem/cargo/workload	string	cargo
/rows/57/result/filesystem/git	object	-
/rows/57/result/filesystem/git/check	object	-
/rows/57/result/filesystem/git/check/git_clean	boolean	true
/rows/57/result/filesystem/git/python	string	3.14.7
/rows/57/result/filesystem/git/worker_ms	float	424.652519
/rows/57/result/filesystem/git/workload	string	git
/rows/57/result/filesystem/metadata	object	-
/rows/57/result/filesystem/metadata/check	object	-
/rows/57/result/filesystem/metadata/check/bytes	integer	2095104
/rows/57/result/filesystem/metadata/check/files	integer	2048
/rows/57/result/filesystem/metadata/python	string	3.14.7
/rows/57/result/filesystem/metadata/worker_ms	float	170.838652
/rows/57/result/filesystem/metadata/workload	string	metadata
/rows/57/result/filesystem/npm	object	-
/rows/57/result/filesystem/npm/check	object	-
/rows/57/result/filesystem/npm/check/local_packages	integer	32
/rows/57/result/filesystem/npm/python	string	3.14.7
/rows/57/result/filesystem/npm/worker_ms	float	1430.310458
/rows/57/result/filesystem/npm/workload	string	npm
/rows/57/result/filesystem/read	object	-
/rows/57/result/filesystem/read/check	object	-
/rows/57/result/filesystem/read/check/bytes	integer	67108864
/rows/57/result/filesystem/read/check/sha256	string	42ef3a50fe506ced865473b082c8b28f6ce254e6e2b01266b6a563531a6267bc
/rows/57/result/filesystem/read/python	string	3.14.7
/rows/57/result/filesystem/read/worker_ms	float	116.946055
/rows/57/result/filesystem/read/workload	string	read
/rows/57/result/filesystem/rg	object	-
/rows/57/result/filesystem/rg/check	object	-
/rows/57/result/filesystem/rg/check/matches	integer	2048
/rows/57/result/filesystem/rg/python	string	3.14.7
/rows/57/result/filesystem/rg/worker_ms	float	451.476409
/rows/57/result/filesystem/rg/workload	string	rg
/rows/57/result/filesystem/write	object	-
/rows/57/result/filesystem/write/check	object	-
/rows/57/result/filesystem/write/check/bytes	integer	16777216
/rows/57/result/filesystem/write/check/files	integer	256
/rows/57/result/filesystem/write/python	string	3.14.7
/rows/57/result/filesystem/write/worker_ms	float	244.223411
/rows/57/result/filesystem/write/workload	string	write
/rows/57/result/mode	string	filesystem
/rows/57/result/worker_ms	float	3771.581772
/rows/57/result_ms	float	4140.496798
/rows/57/trial	integer	11
/rows/57/variant	string	baseline
/rows/58	object	-
/rows/58/backend	string	pvisor-staged
/rows/58/completion_ms	float	1105.511232
/rows/58/correctness	string	passed
/rows/58/logs	string	/home/reiase/workspace/pvisor/target/sb/run/candidate/trials/filesystem-pvisor-staged-011
/rows/58/memory_scope	string	owned launcher tree; Docker daemon/container RSS excluded
/rows/58/mode	string	filesystem
/rows/58/peak_tree_rss_kib	integer	178920
/rows/58/prepare_ms	float	36.733759
/rows/58/ready_ms	float	63.217158
/rows/58/result	object	-
/rows/58/result/correctness	string	passed
/rows/58/result/filesystem	object	-
/rows/58/result/filesystem/cargo	object	-
/rows/58/result/filesystem/cargo/check	object	-
/rows/58/result/filesystem/cargo/check/modules	integer	64
/rows/58/result/filesystem/cargo/check/result	string	2016
/rows/58/result/filesystem/cargo/python	string	3.14.7
/rows/58/result/filesystem/cargo/worker_ms	float	73.177273
/rows/58/result/filesystem/cargo/workload	string	cargo
/rows/58/result/filesystem/git	object	-
/rows/58/result/filesystem/git/check	object	-
/rows/58/result/filesystem/git/check/git_clean	boolean	true
/rows/58/result/filesystem/git/python	string	3.14.7
/rows/58/result/filesystem/git/worker_ms	float	126.141429
/rows/58/result/filesystem/git/workload	string	git
/rows/58/result/filesystem/metadata	object	-
/rows/58/result/filesystem/metadata/check	object	-
/rows/58/result/filesystem/metadata/check/bytes	integer	2095104
/rows/58/result/filesystem/metadata/check/files	integer	2048
/rows/58/result/filesystem/metadata/python	string	3.14.7
/rows/58/result/filesystem/metadata/worker_ms	float	77.057975
/rows/58/result/filesystem/metadata/workload	string	metadata
/rows/58/result/filesystem/npm	object	-
/rows/58/result/filesystem/npm/check	object	-
/rows/58/result/filesystem/npm/check/local_packages	integer	32
/rows/58/result/filesystem/npm/python	string	3.14.7
/rows/58/result/filesystem/npm/worker_ms	float	223.672029
/rows/58/result/filesystem/npm/workload	string	npm
/rows/58/result/filesystem/read	object	-
/rows/58/result/filesystem/read/check	object	-
/rows/58/result/filesystem/read/check/bytes	integer	67108864
/rows/58/result/filesystem/read/check/sha256	string	42ef3a50fe506ced865473b082c8b28f6ce254e6e2b01266b6a563531a6267bc
/rows/58/result/filesystem/read/python	string	3.14.7
/rows/58/result/filesystem/read/worker_ms	float	67.095585
/rows/58/result/filesystem/read/workload	string	read
/rows/58/result/filesystem/rg	object	-
/rows/58/result/filesystem/rg/check	object	-
/rows/58/result/filesystem/rg/check/matches	integer	2048
/rows/58/result/filesystem/rg/python	string	3.14.7
/rows/58/result/filesystem/rg/worker_ms	float	86.520994
/rows/58/result/filesystem/rg/workload	string	rg
/rows/58/result/filesystem/write	object	-
/rows/58/result/filesystem/write/check	object	-
/rows/58/result/filesystem/write/check/bytes	integer	16777216
/rows/58/result/filesystem/write/check/files	integer	256
/rows/58/result/filesystem/write/python	string	3.14.7
/rows/58/result/filesystem/write/worker_ms	float	26.568098
/rows/58/result/filesystem/write/workload	string	write
/rows/58/result/mode	string	filesystem
/rows/58/result/worker_ms	float	802.580732
/rows/58/result_ms	float	865.836793
/rows/58/trial	integer	11
/rows/58/variant	string	candidate
/rows/59	object	-
/rows/59/backend	string	pvisor-vm
/rows/59/completion_ms	float	4013.654111
/rows/59/correctness	string	passed
/rows/59/logs	string	/home/reiase/workspace/pvisor/target/sb/run/candidate/trials/filesystem-pvisor-vm-011
/rows/59/memory_scope	string	owned launcher tree; Docker daemon/container RSS excluded
/rows/59/mode	string	filesystem
/rows/59/peak_tree_rss_kib	integer	613848
/rows/59/prepare_ms	float	35.694429
/rows/59/ready_ms	float	376.934306
/rows/59/result	object	-
/rows/59/result/correctness	string	passed
/rows/59/result/filesystem	object	-
/rows/59/result/filesystem/cargo	object	-
/rows/59/result/filesystem/cargo/check	object	-
/rows/59/result/filesystem/cargo/check/modules	integer	64
/rows/59/result/filesystem/cargo/check/result	string	2016
/rows/59/result/filesystem/cargo/python	string	3.14.7
/rows/59/result/filesystem/cargo/worker_ms	float	488.571525
/rows/59/result/filesystem/cargo/workload	string	cargo
/rows/59/result/filesystem/git	object	-
/rows/59/result/filesystem/git/check	object	-
/rows/59/result/filesystem/git/check/git_clean	boolean	true
/rows/59/result/filesystem/git/python	string	3.14.7
/rows/59/result/filesystem/git/worker_ms	float	342.288956
/rows/59/result/filesystem/git/workload	string	git
/rows/59/result/filesystem/metadata	object	-
/rows/59/result/filesystem/metadata/check	object	-
/rows/59/result/filesystem/metadata/check/bytes	integer	2095104
/rows/59/result/filesystem/metadata/check/files	integer	2048
/rows/59/result/filesystem/metadata/python	string	3.14.7
/rows/59/result/filesystem/metadata/worker_ms	float	197.579636
/rows/59/result/filesystem/metadata/workload	string	metadata
/rows/59/result/filesystem/npm	object	-
/rows/59/result/filesystem/npm/check	object	-
/rows/59/result/filesystem/npm/check/local_packages	integer	32
/rows/59/result/filesystem/npm/python	string	3.14.7
/rows/59/result/filesystem/npm/worker_ms	float	1365.548176
/rows/59/result/filesystem/npm/workload	string	npm
/rows/59/result/filesystem/read	object	-
/rows/59/result/filesystem/read/check	object	-
/rows/59/result/filesystem/read/check/bytes	integer	67108864
/rows/59/result/filesystem/read/check/sha256	string	42ef3a50fe506ced865473b082c8b28f6ce254e6e2b01266b6a563531a6267bc
/rows/59/result/filesystem/read/python	string	3.14.7
/rows/59/result/filesystem/read/worker_ms	float	114.996033
/rows/59/result/filesystem/read/workload	string	read
/rows/59/result/filesystem/rg	object	-
/rows/59/result/filesystem/rg/check	object	-
/rows/59/result/filesystem/rg/check/matches	integer	2048
/rows/59/result/filesystem/rg/python	string	3.14.7
/rows/59/result/filesystem/rg/worker_ms	float	433.946541
/rows/59/result/filesystem/rg/workload	string	rg
/rows/59/result/filesystem/write	object	-
/rows/59/result/filesystem/write/check	object	-
/rows/59/result/filesystem/write/check/bytes	integer	16777216
/rows/59/result/filesystem/write/check/files	integer	256
/rows/59/result/filesystem/write/python	string	3.14.7
/rows/59/result/filesystem/write/worker_ms	float	97.096104
/rows/59/result/filesystem/write/workload	string	write
/rows/59/result/mode	string	filesystem
/rows/59/result/worker_ms	float	3460.929586
/rows/59/result_ms	float	3837.939134
/rows/59/trial	integer	11
/rows/59/variant	string	candidate
/rows/60	object	-
/rows/60/backend	string	pvisor-staged
/rows/60/completion_ms	float	1105.489542
/rows/60/correctness	string	passed
/rows/60/logs	string	/home/reiase/workspace/pvisor/target/sb/run/candidate/trials/filesystem-pvisor-staged-012
/rows/60/memory_scope	string	owned launcher tree; Docker daemon/container RSS excluded
/rows/60/mode	string	filesystem
/rows/60/peak_tree_rss_kib	integer	177780
/rows/60/prepare_ms	float	37.219654
/rows/60/ready_ms	float	64.266195
/rows/60/result	object	-
/rows/60/result/correctness	string	passed
/rows/60/result/filesystem	object	-
/rows/60/result/filesystem/cargo	object	-
/rows/60/result/filesystem/cargo/check	object	-
/rows/60/result/filesystem/cargo/check/modules	integer	64
/rows/60/result/filesystem/cargo/check/result	string	2016
/rows/60/result/filesystem/cargo/python	string	3.14.7
/rows/60/result/filesystem/cargo/worker_ms	float	73.098096
/rows/60/result/filesystem/cargo/workload	string	cargo
/rows/60/result/filesystem/git	object	-
/rows/60/result/filesystem/git/check	object	-
/rows/60/result/filesystem/git/check/git_clean	boolean	true
/rows/60/result/filesystem/git/python	string	3.14.7
/rows/60/result/filesystem/git/worker_ms	float	122.982935
/rows/60/result/filesystem/git/workload	string	git
/rows/60/result/filesystem/metadata	object	-
/rows/60/result/filesystem/metadata/check	object	-
/rows/60/result/filesystem/metadata/check/bytes	integer	2095104
/rows/60/result/filesystem/metadata/check/files	integer	2048
/rows/60/result/filesystem/metadata/python	string	3.14.7
/rows/60/result/filesystem/metadata/worker_ms	float	77.603644
/rows/60/result/filesystem/metadata/workload	string	metadata
/rows/60/result/filesystem/npm	object	-
/rows/60/result/filesystem/npm/check	object	-
/rows/60/result/filesystem/npm/check/local_packages	integer	32
/rows/60/result/filesystem/npm/python	string	3.14.7
/rows/60/result/filesystem/npm/worker_ms	float	229.554675
/rows/60/result/filesystem/npm/workload	string	npm
/rows/60/result/filesystem/read	object	-
/rows/60/result/filesystem/read/check	object	-
/rows/60/result/filesystem/read/check/bytes	integer	67108864
/rows/60/result/filesystem/read/check/sha256	string	42ef3a50fe506ced865473b082c8b28f6ce254e6e2b01266b6a563531a6267bc
/rows/60/result/filesystem/read/python	string	3.14.7
/rows/60/result/filesystem/read/worker_ms	float	67.994382
/rows/60/result/filesystem/read/workload	string	read
/rows/60/result/filesystem/rg	object	-
/rows/60/result/filesystem/rg/check	object	-
/rows/60/result/filesystem/rg/check/matches	integer	2048
/rows/60/result/filesystem/rg/python	string	3.14.7
/rows/60/result/filesystem/rg/worker_ms	float	90.396827
/rows/60/result/filesystem/rg/workload	string	rg
/rows/60/result/filesystem/write	object	-
/rows/60/result/filesystem/write/check	object	-
/rows/60/result/filesystem/write/check/bytes	integer	16777216
/rows/60/result/filesystem/write/check/files	integer	256
/rows/60/result/filesystem/write/python	string	3.14.7
/rows/60/result/filesystem/write/worker_ms	float	27.440035
/rows/60/result/filesystem/write/workload	string	write
/rows/60/result/mode	string	filesystem
/rows/60/result/worker_ms	float	810.608212
/rows/60/result_ms	float	874.934289
/rows/60/trial	integer	12
/rows/60/variant	string	candidate
/rows/61	object	-
/rows/61/backend	string	pvisor-vm
/rows/61/completion_ms	float	4335.027838
/rows/61/correctness	string	passed
/rows/61/logs	string	/home/reiase/workspace/pvisor/target/sb/run/candidate/trials/filesystem-pvisor-vm-012
/rows/61/memory_scope	string	owned launcher tree; Docker daemon/container RSS excluded
/rows/61/mode	string	filesystem
/rows/61/peak_tree_rss_kib	integer	611708
/rows/61/prepare_ms	float	35.682255
/rows/61/ready_ms	float	378.000026
/rows/61/result	object	-
/rows/61/result/correctness	string	passed
/rows/61/result/filesystem	object	-
/rows/61/result/filesystem/cargo	object	-
/rows/61/result/filesystem/cargo/check	object	-
/rows/61/result/filesystem/cargo/check/modules	integer	64
/rows/61/result/filesystem/cargo/check/result	string	2016
/rows/61/result/filesystem/cargo/python	string	3.14.7
/rows/61/result/filesystem/cargo/worker_ms	float	489.272825
/rows/61/result/filesystem/cargo/workload	string	cargo
/rows/61/result/filesystem/git	object	-
/rows/61/result/filesystem/git/check	object	-
/rows/61/result/filesystem/git/check/git_clean	boolean	true
/rows/61/result/filesystem/git/python	string	3.14.7
/rows/61/result/filesystem/git/worker_ms	float	659.95244
/rows/61/result/filesystem/git/workload	string	git
/rows/61/result/filesystem/metadata	object	-
/rows/61/result/filesystem/metadata/check	object	-
/rows/61/result/filesystem/metadata/check/bytes	integer	2095104
/rows/61/result/filesystem/metadata/check/files	integer	2048
/rows/61/result/filesystem/metadata/python	string	3.14.7
/rows/61/result/filesystem/metadata/worker_ms	float	170.107597
/rows/61/result/filesystem/metadata/workload	string	metadata
/rows/61/result/filesystem/npm	object	-
/rows/61/result/filesystem/npm/check	object	-
/rows/61/result/filesystem/npm/check/local_packages	integer	32
/rows/61/result/filesystem/npm/python	string	3.14.7
/rows/61/result/filesystem/npm/worker_ms	float	1316.605357
/rows/61/result/filesystem/npm/workload	string	npm
/rows/61/result/filesystem/read	object	-
/rows/61/result/filesystem/read/check	object	-
/rows/61/result/filesystem/read/check/bytes	integer	67108864
/rows/61/result/filesystem/read/check/sha256	string	42ef3a50fe506ced865473b082c8b28f6ce254e6e2b01266b6a563531a6267bc
/rows/61/result/filesystem/read/python	string	3.14.7
/rows/61/result/filesystem/read/worker_ms	float	115.458266
/rows/61/result/filesystem/read/workload	string	read
/rows/61/result/filesystem/rg	object	-
/rows/61/result/filesystem/rg/check	object	-
/rows/61/result/filesystem/rg/check/matches	integer	2048
/rows/61/result/filesystem/rg/python	string	3.14.7
/rows/61/result/filesystem/rg/worker_ms	float	443.650058
/rows/61/result/filesystem/rg/workload	string	rg
/rows/61/result/filesystem/write	object	-
/rows/61/result/filesystem/write/check	object	-
/rows/61/result/filesystem/write/check/bytes	integer	16777216
/rows/61/result/filesystem/write/check/files	integer	256
/rows/61/result/filesystem/write/python	string	3.14.7
/rows/61/result/filesystem/write/worker_ms	float	142.25222
/rows/61/result/filesystem/write/workload	string	write
/rows/61/result/mode	string	filesystem
/rows/61/result/worker_ms	float	3765.799841
/rows/61/result_ms	float	4143.845468
/rows/61/trial	integer	12
/rows/61/variant	string	candidate
/rows/62	object	-
/rows/62/backend	string	pvisor-vm
/rows/62/completion_ms	float	4597.635531
/rows/62/correctness	string	passed
/rows/62/logs	string	/home/reiase/workspace/pvisor/target/sb/run/baseline/trials/filesystem-pvisor-vm-012
/rows/62/memory_scope	string	owned launcher tree; Docker daemon/container RSS excluded
/rows/62/mode	string	filesystem
/rows/62/peak_tree_rss_kib	integer	614008
/rows/62/prepare_ms	float	36.459305
/rows/62/ready_ms	float	403.853469
/rows/62/result	object	-
/rows/62/result/correctness	string	passed
/rows/62/result/filesystem	object	-
/rows/62/result/filesystem/cargo	object	-
/rows/62/result/filesystem/cargo/check	object	-
/rows/62/result/filesystem/cargo/check/modules	integer	64
/rows/62/result/filesystem/cargo/check/result	string	2016
/rows/62/result/filesystem/cargo/python	string	3.14.7
/rows/62/result/filesystem/cargo/worker_ms	float	514.516283
/rows/62/result/filesystem/cargo/workload	string	cargo
/rows/62/result/filesystem/git	object	-
/rows/62/result/filesystem/git/check	object	-
/rows/62/result/filesystem/git/check/git_clean	boolean	true
/rows/62/result/filesystem/git/python	string	3.14.7
/rows/62/result/filesystem/git/worker_ms	float	745.877886
/rows/62/result/filesystem/git/workload	string	git
/rows/62/result/filesystem/metadata	object	-
/rows/62/result/filesystem/metadata/check	object	-
/rows/62/result/filesystem/metadata/check/bytes	integer	2095104
/rows/62/result/filesystem/metadata/check/files	integer	2048
/rows/62/result/filesystem/metadata/python	string	3.14.7
/rows/62/result/filesystem/metadata/worker_ms	float	136.705368
/rows/62/result/filesystem/metadata/workload	string	metadata
/rows/62/result/filesystem/npm	object	-
/rows/62/result/filesystem/npm/check	object	-
/rows/62/result/filesystem/npm/check/local_packages	integer	32
/rows/62/result/filesystem/npm/python	string	3.14.7
/rows/62/result/filesystem/npm/worker_ms	float	1405.511351
/rows/62/result/filesystem/npm/workload	string	npm
/rows/62/result/filesystem/read	object	-
/rows/62/result/filesystem/read/check	object	-
/rows/62/result/filesystem/read/check/bytes	integer	67108864
/rows/62/result/filesystem/read/check/sha256	string	42ef3a50fe506ced865473b082c8b28f6ce254e6e2b01266b6a563531a6267bc
/rows/62/result/filesystem/read/python	string	3.14.7
/rows/62/result/filesystem/read/worker_ms	float	142.485255
/rows/62/result/filesystem/read/workload	string	read
/rows/62/result/filesystem/rg	object	-
/rows/62/result/filesystem/rg/check	object	-
/rows/62/result/filesystem/rg/check/matches	integer	2048
/rows/62/result/filesystem/rg/python	string	3.14.7
/rows/62/result/filesystem/rg/worker_ms	float	417.04672
/rows/62/result/filesystem/rg/workload	string	rg
/rows/62/result/filesystem/write	object	-
/rows/62/result/filesystem/write/check	object	-
/rows/62/result/filesystem/write/check/bytes	integer	16777216
/rows/62/result/filesystem/write/check/files	integer	256
/rows/62/result/filesystem/write/python	string	3.14.7
/rows/62/result/filesystem/write/worker_ms	float	265.764713
/rows/62/result/filesystem/write/workload	string	write
/rows/62/result/mode	string	filesystem
/rows/62/result/worker_ms	float	4074.567978
/rows/62/result_ms	float	4479.311871
/rows/62/trial	integer	12
/rows/62/variant	string	baseline
/rows/63	object	-
/rows/63/backend	string	native
/rows/63/completion_ms	float	445.452155
/rows/63/correctness	string	passed
/rows/63/logs	string	/home/reiase/workspace/pvisor/target/sb/run/native/trials/filesystem-native-012
/rows/63/memory_scope	string	owned launcher tree; Docker daemon/container RSS excluded
/rows/63/mode	string	filesystem
/rows/63/peak_tree_rss_kib	integer	135976
/rows/63/prepare_ms	float	36.753525
/rows/63/ready_ms	float	39.185693
/rows/63/result	object	-
/rows/63/result/correctness	string	passed
/rows/63/result/filesystem	object	-
/rows/63/result/filesystem/cargo	object	-
/rows/63/result/filesystem/cargo/check	object	-
/rows/63/result/filesystem/cargo/check/modules	integer	64
/rows/63/result/filesystem/cargo/check/result	string	2016
/rows/63/result/filesystem/cargo/python	string	3.14.7
/rows/63/result/filesystem/cargo/worker_ms	float	51.697931
/rows/63/result/filesystem/cargo/workload	string	cargo
/rows/63/result/filesystem/git	object	-
/rows/63/result/filesystem/git/check	object	-
/rows/63/result/filesystem/git/check/git_clean	boolean	true
/rows/63/result/filesystem/git/python	string	3.14.7
/rows/63/result/filesystem/git/worker_ms	float	13.533535
/rows/63/result/filesystem/git/workload	string	git
/rows/63/result/filesystem/metadata	object	-
/rows/63/result/filesystem/metadata/check	object	-
/rows/63/result/filesystem/metadata/check/bytes	integer	2095104
/rows/63/result/filesystem/metadata/check/files	integer	2048
/rows/63/result/filesystem/metadata/python	string	3.14.7
/rows/63/result/filesystem/metadata/worker_ms	float	4.657782
/rows/63/result/filesystem/metadata/workload	string	metadata
/rows/63/result/filesystem/npm	object	-
/rows/63/result/filesystem/npm/check	object	-
/rows/63/result/filesystem/npm/check/local_packages	integer	32
/rows/63/result/filesystem/npm/python	string	3.14.7
/rows/63/result/filesystem/npm/worker_ms	float	172.211288
/rows/63/result/filesystem/npm/workload	string	npm
/rows/63/result/filesystem/read	object	-
/rows/63/result/filesystem/read/check	object	-
/rows/63/result/filesystem/read/check/bytes	integer	67108864
/rows/63/result/filesystem/read/check/sha256	string	42ef3a50fe506ced865473b082c8b28f6ce254e6e2b01266b6a563531a6267bc
/rows/63/result/filesystem/read/python	string	3.14.7
/rows/63/result/filesystem/read/worker_ms	float	32.252165
/rows/63/result/filesystem/read/workload	string	read
/rows/63/result/filesystem/rg	object	-
/rows/63/result/filesystem/rg/check	object	-
/rows/63/result/filesystem/rg/check/matches	integer	2048
/rows/63/result/filesystem/rg/python	string	3.14.7
/rows/63/result/filesystem/rg/worker_ms	float	7.006114
/rows/63/result/filesystem/rg/workload	string	rg
/rows/63/result/filesystem/write	object	-
/rows/63/result/filesystem/write/check	object	-
/rows/63/result/filesystem/write/check/bytes	integer	16777216
/rows/63/result/filesystem/write/check/files	integer	256
/rows/63/result/filesystem/write/python	string	3.14.7
/rows/63/result/filesystem/write/worker_ms	float	3.751381
/rows/63/result/filesystem/write/workload	string	write
/rows/63/result/mode	string	filesystem
/rows/63/result/worker_ms	float	398.944399
/rows/63/result_ms	float	438.174905
/rows/63/trial	integer	12
/rows/63/variant	string	native
/rows/64	object	-
/rows/64/backend	string	pvisor-staged
/rows/64/completion_ms	float	1262.493212
/rows/64/correctness	string	passed
/rows/64/logs	string	/home/reiase/workspace/pvisor/target/sb/run/baseline/trials/filesystem-pvisor-staged-012
/rows/64/memory_scope	string	owned launcher tree; Docker daemon/container RSS excluded
/rows/64/mode	string	filesystem
/rows/64/peak_tree_rss_kib	integer	177972
/rows/64/prepare_ms	float	36.221101
/rows/64/ready_ms	float	61.474015
/rows/64/result	object	-
/rows/64/result/correctness	string	passed
/rows/64/result/filesystem	object	-
/rows/64/result/filesystem/cargo	object	-
/rows/64/result/filesystem/cargo/check	object	-
/rows/64/result/filesystem/cargo/check/modules	integer	64
/rows/64/result/filesystem/cargo/check/result	string	2016
/rows/64/result/filesystem/cargo/python	string	3.14.7
/rows/64/result/filesystem/cargo/worker_ms	float	107.698543
/rows/64/result/filesystem/cargo/workload	string	cargo
/rows/64/result/filesystem/git	object	-
/rows/64/result/filesystem/git/check	object	-
/rows/64/result/filesystem/git/check/git_clean	boolean	true
/rows/64/result/filesystem/git/python	string	3.14.7
/rows/64/result/filesystem/git/worker_ms	float	167.038686
/rows/64/result/filesystem/git/workload	string	git
/rows/64/result/filesystem/metadata	object	-
/rows/64/result/filesystem/metadata/check	object	-
/rows/64/result/filesystem/metadata/check/bytes	integer	2095104
/rows/64/result/filesystem/metadata/check/files	integer	2048
/rows/64/result/filesystem/metadata/python	string	3.14.7
/rows/64/result/filesystem/metadata/worker_ms	float	77.185644
/rows/64/result/filesystem/metadata/workload	string	metadata
/rows/64/result/filesystem/npm	object	-
/rows/64/result/filesystem/npm/check	object	-
/rows/64/result/filesystem/npm/check/local_packages	integer	32
/rows/64/result/filesystem/npm/python	string	3.14.7
/rows/64/result/filesystem/npm/worker_ms	float	259.071796
/rows/64/result/filesystem/npm/workload	string	npm
/rows/64/result/filesystem/read	object	-
/rows/64/result/filesystem/read/check	object	-
/rows/64/result/filesystem/read/check/bytes	integer	67108864
/rows/64/result/filesystem/read/check/sha256	string	42ef3a50fe506ced865473b082c8b28f6ce254e6e2b01266b6a563531a6267bc
/rows/64/result/filesystem/read/python	string	3.14.7
/rows/64/result/filesystem/read/worker_ms	float	66.856308
/rows/64/result/filesystem/read/workload	string	read
/rows/64/result/filesystem/rg	object	-
/rows/64/result/filesystem/rg/check	object	-
/rows/64/result/filesystem/rg/check/matches	integer	2048
/rows/64/result/filesystem/rg/python	string	3.14.7
/rows/64/result/filesystem/rg/worker_ms	float	91.137499
/rows/64/result/filesystem/rg/workload	string	rg
/rows/64/result/filesystem/write	object	-
/rows/64/result/filesystem/write/check	object	-
/rows/64/result/filesystem/write/check/bytes	integer	16777216
/rows/64/result/filesystem/write/check/files	integer	256
/rows/64/result/filesystem/write/python	string	3.14.7
/rows/64/result/filesystem/write/worker_ms	float	194.327528
/rows/64/result/filesystem/write/workload	string	write
/rows/64/result/mode	string	filesystem
/rows/64/result/worker_ms	float	1087.548883
/rows/64/result_ms	float	1149.08842
/rows/64/trial	integer	12
/rows/64/variant	string	baseline
/rows/65	object	-
/rows/65/backend	string	native
/rows/65/completion_ms	float	452.419797
/rows/65/correctness	string	passed
/rows/65/logs	string	/home/reiase/workspace/pvisor/target/sb/run/native/trials/filesystem-native-013
/rows/65/memory_scope	string	owned launcher tree; Docker daemon/container RSS excluded
/rows/65/mode	string	filesystem
/rows/65/peak_tree_rss_kib	integer	147156
/rows/65/prepare_ms	float	37.195339
/rows/65/ready_ms	float	38.271487
/rows/65/result	object	-
/rows/65/result/correctness	string	passed
/rows/65/result/filesystem	object	-
/rows/65/result/filesystem/cargo	object	-
/rows/65/result/filesystem/cargo/check	object	-
/rows/65/result/filesystem/cargo/check/modules	integer	64
/rows/65/result/filesystem/cargo/check/result	string	2016
/rows/65/result/filesystem/cargo/python	string	3.14.7
/rows/65/result/filesystem/cargo/worker_ms	float	52.122604
/rows/65/result/filesystem/cargo/workload	string	cargo
/rows/65/result/filesystem/git	object	-
/rows/65/result/filesystem/git/check	object	-
/rows/65/result/filesystem/git/check/git_clean	boolean	true
/rows/65/result/filesystem/git/python	string	3.14.7
/rows/65/result/filesystem/git/worker_ms	float	18.525961
/rows/65/result/filesystem/git/workload	string	git
/rows/65/result/filesystem/metadata	object	-
/rows/65/result/filesystem/metadata/check	object	-
/rows/65/result/filesystem/metadata/check/bytes	integer	2095104
/rows/65/result/filesystem/metadata/check/files	integer	2048
/rows/65/result/filesystem/metadata/python	string	3.14.7
/rows/65/result/filesystem/metadata/worker_ms	float	4.548899
/rows/65/result/filesystem/metadata/workload	string	metadata
/rows/65/result/filesystem/npm	object	-
/rows/65/result/filesystem/npm/check	object	-
/rows/65/result/filesystem/npm/check/local_packages	integer	32
/rows/65/result/filesystem/npm/python	string	3.14.7
/rows/65/result/filesystem/npm/worker_ms	float	170.893931
/rows/65/result/filesystem/npm/workload	string	npm
/rows/65/result/filesystem/read	object	-
/rows/65/result/filesystem/read/check	object	-
/rows/65/result/filesystem/read/check/bytes	integer	67108864
/rows/65/result/filesystem/read/check/sha256	string	42ef3a50fe506ced865473b082c8b28f6ce254e6e2b01266b6a563531a6267bc
/rows/65/result/filesystem/read/python	string	3.14.7
/rows/65/result/filesystem/read/worker_ms	float	31.03854
/rows/65/result/filesystem/read/workload	string	read
/rows/65/result/filesystem/rg	object	-
/rows/65/result/filesystem/rg/check	object	-
/rows/65/result/filesystem/rg/check/matches	integer	2048
/rows/65/result/filesystem/rg/python	string	3.14.7
/rows/65/result/filesystem/rg/worker_ms	float	7.257863
/rows/65/result/filesystem/rg/workload	string	rg
/rows/65/result/filesystem/write	object	-
/rows/65/result/filesystem/write/check	object	-
/rows/65/result/filesystem/write/check/bytes	integer	16777216
/rows/65/result/filesystem/write/check/files	integer	256
/rows/65/result/filesystem/write/python	string	3.14.7
/rows/65/result/filesystem/write/worker_ms	float	3.590981
/rows/65/result/filesystem/write/workload	string	write
/rows/65/result/mode	string	filesystem
/rows/65/result/worker_ms	float	405.864171
/rows/65/result_ms	float	444.174401
/rows/65/trial	integer	13
/rows/65/variant	string	native
/rows/66	object	-
/rows/66/backend	string	pvisor-staged
/rows/66/completion_ms	float	1104.061987
/rows/66/correctness	string	passed
/rows/66/logs	string	/home/reiase/workspace/pvisor/target/sb/run/candidate/trials/filesystem-pvisor-staged-013
/rows/66/memory_scope	string	owned launcher tree; Docker daemon/container RSS excluded
/rows/66/mode	string	filesystem
/rows/66/peak_tree_rss_kib	integer	177752
/rows/66/prepare_ms	float	36.94929
/rows/66/ready_ms	float	63.311003
/rows/66/result	object	-
/rows/66/result/correctness	string	passed
/rows/66/result/filesystem	object	-
/rows/66/result/filesystem/cargo	object	-
/rows/66/result/filesystem/cargo/check	object	-
/rows/66/result/filesystem/cargo/check/modules	integer	64
/rows/66/result/filesystem/cargo/check/result	string	2016
/rows/66/result/filesystem/cargo/python	string	3.14.7
/rows/66/result/filesystem/cargo/worker_ms	float	72.883415
/rows/66/result/filesystem/cargo/workload	string	cargo
/rows/66/result/filesystem/git	object	-
/rows/66/result/filesystem/git/check	object	-
/rows/66/result/filesystem/git/check/git_clean	boolean	true
/rows/66/result/filesystem/git/python	string	3.14.7
/rows/66/result/filesystem/git/worker_ms	float	123.47862
/rows/66/result/filesystem/git/workload	string	git
/rows/66/result/filesystem/metadata	object	-
/rows/66/result/filesystem/metadata/check	object	-
/rows/66/result/filesystem/metadata/check/bytes	integer	2095104
/rows/66/result/filesystem/metadata/check/files	integer	2048
/rows/66/result/filesystem/metadata/python	string	3.14.7
/rows/66/result/filesystem/metadata/worker_ms	float	77.284839
/rows/66/result/filesystem/metadata/workload	string	metadata
/rows/66/result/filesystem/npm	object	-
/rows/66/result/filesystem/npm/check	object	-
/rows/66/result/filesystem/npm/check/local_packages	integer	32
/rows/66/result/filesystem/npm/python	string	3.14.7
/rows/66/result/filesystem/npm/worker_ms	float	230.584167
/rows/66/result/filesystem/npm/workload	string	npm
/rows/66/result/filesystem/read	object	-
/rows/66/result/filesystem/read/check	object	-
/rows/66/result/filesystem/read/check/bytes	integer	67108864
/rows/66/result/filesystem/read/check/sha256	string	42ef3a50fe506ced865473b082c8b28f6ce254e6e2b01266b6a563531a6267bc
/rows/66/result/filesystem/read/python	string	3.14.7
/rows/66/result/filesystem/read/worker_ms	float	67.373023
/rows/66/result/filesystem/read/workload	string	read
/rows/66/result/filesystem/rg	object	-
/rows/66/result/filesystem/rg/check	object	-
/rows/66/result/filesystem/rg/check/matches	integer	2048
/rows/66/result/filesystem/rg/python	string	3.14.7
/rows/66/result/filesystem/rg/worker_ms	float	90.454975
/rows/66/result/filesystem/rg/workload	string	rg
/rows/66/result/filesystem/write	object	-
/rows/66/result/filesystem/write/check	object	-
/rows/66/result/filesystem/write/check/bytes	integer	16777216
/rows/66/result/filesystem/write/check/files	integer	256
/rows/66/result/filesystem/write/python	string	3.14.7
/rows/66/result/filesystem/write/worker_ms	float	27.279806
/rows/66/result/filesystem/write/workload	string	write
/rows/66/result/mode	string	filesystem
/rows/66/result/worker_ms	float	809.871517
/rows/66/result_ms	float	873.277196
/rows/66/trial	integer	13
/rows/66/variant	string	candidate
/rows/67	object	-
/rows/67/backend	string	pvisor-staged
/rows/67/completion_ms	float	1269.7215
/rows/67/correctness	string	passed
/rows/67/logs	string	/home/reiase/workspace/pvisor/target/sb/run/baseline/trials/filesystem-pvisor-staged-013
/rows/67/memory_scope	string	owned launcher tree; Docker daemon/container RSS excluded
/rows/67/mode	string	filesystem
/rows/67/peak_tree_rss_kib	integer	178768
/rows/67/prepare_ms	float	36.593426
/rows/67/ready_ms	float	58.9421
/rows/67/result	object	-
/rows/67/result/correctness	string	passed
/rows/67/result/filesystem	object	-
/rows/67/result/filesystem/cargo	object	-
/rows/67/result/filesystem/cargo/check	object	-
/rows/67/result/filesystem/cargo/check/modules	integer	64
/rows/67/result/filesystem/cargo/check/result	string	2016
/rows/67/result/filesystem/cargo/python	string	3.14.7
/rows/67/result/filesystem/cargo/worker_ms	float	107.191036
/rows/67/result/filesystem/cargo/workload	string	cargo
/rows/67/result/filesystem/git	object	-
/rows/67/result/filesystem/git/check	object	-
/rows/67/result/filesystem/git/check/git_clean	boolean	true
/rows/67/result/filesystem/git/python	string	3.14.7
/rows/67/result/filesystem/git/worker_ms	float	164.6666
/rows/67/result/filesystem/git/workload	string	git
/rows/67/result/filesystem/metadata	object	-
/rows/67/result/filesystem/metadata/check	object	-
/rows/67/result/filesystem/metadata/check/bytes	integer	2095104
/rows/67/result/filesystem/metadata/check/files	integer	2048
/rows/67/result/filesystem/metadata/python	string	3.14.7
/rows/67/result/filesystem/metadata/worker_ms	float	76.727389
/rows/67/result/filesystem/metadata/workload	string	metadata
/rows/67/result/filesystem/npm	object	-
/rows/67/result/filesystem/npm/check	object	-
/rows/67/result/filesystem/npm/check/local_packages	integer	32
/rows/67/result/filesystem/npm/python	string	3.14.7
/rows/67/result/filesystem/npm/worker_ms	float	258.467458
/rows/67/result/filesystem/npm/workload	string	npm
/rows/67/result/filesystem/read	object	-
/rows/67/result/filesystem/read/check	object	-
/rows/67/result/filesystem/read/check/bytes	integer	67108864
/rows/67/result/filesystem/read/check/sha256	string	42ef3a50fe506ced865473b082c8b28f6ce254e6e2b01266b6a563531a6267bc
/rows/67/result/filesystem/read/python	string	3.14.7
/rows/67/result/filesystem/read/worker_ms	float	66.662838
/rows/67/result/filesystem/read/workload	string	read
/rows/67/result/filesystem/rg	object	-
/rows/67/result/filesystem/rg/check	object	-
/rows/67/result/filesystem/rg/check/matches	integer	2048
/rows/67/result/filesystem/rg/python	string	3.14.7
/rows/67/result/filesystem/rg/worker_ms	float	88.816297
/rows/67/result/filesystem/rg/workload	string	rg
/rows/67/result/filesystem/write	object	-
/rows/67/result/filesystem/write/check	object	-
/rows/67/result/filesystem/write/check/bytes	integer	16777216
/rows/67/result/filesystem/write/check/files	integer	256
/rows/67/result/filesystem/write/python	string	3.14.7
/rows/67/result/filesystem/write/worker_ms	float	193.681173
/rows/67/result/filesystem/write/workload	string	write
/rows/67/result/mode	string	filesystem
/rows/67/result/worker_ms	float	1080.825667
/rows/67/result_ms	float	1139.821698
/rows/67/trial	integer	13
/rows/67/variant	string	baseline
/rows/68	object	-
/rows/68/backend	string	pvisor-vm
/rows/68/completion_ms	float	4540.124572
/rows/68/correctness	string	passed
/rows/68/logs	string	/home/reiase/workspace/pvisor/target/sb/run/candidate/trials/filesystem-pvisor-vm-013
/rows/68/memory_scope	string	owned launcher tree; Docker daemon/container RSS excluded
/rows/68/mode	string	filesystem
/rows/68/peak_tree_rss_kib	integer	611212
/rows/68/prepare_ms	float	36.421105
/rows/68/ready_ms	float	381.34677
/rows/68/result	object	-
/rows/68/result/correctness	string	passed
/rows/68/result/filesystem	object	-
/rows/68/result/filesystem/cargo	object	-
/rows/68/result/filesystem/cargo/check	object	-
/rows/68/result/filesystem/cargo/check/modules	integer	64
/rows/68/result/filesystem/cargo/check/result	string	2016
/rows/68/result/filesystem/cargo/python	string	3.14.7
/rows/68/result/filesystem/cargo/worker_ms	float	715.944509
/rows/68/result/filesystem/cargo/workload	string	cargo
/rows/68/result/filesystem/git	object	-
/rows/68/result/filesystem/git/check	object	-
/rows/68/result/filesystem/git/check/git_clean	boolean	true
/rows/68/result/filesystem/git/python	string	3.14.7
/rows/68/result/filesystem/git/worker_ms	float	354.187784
/rows/68/result/filesystem/git/workload	string	git
/rows/68/result/filesystem/metadata	object	-
/rows/68/result/filesystem/metadata/check	object	-
/rows/68/result/filesystem/metadata/check/bytes	integer	2095104
/rows/68/result/filesystem/metadata/check/files	integer	2048
/rows/68/result/filesystem/metadata/python	string	3.14.7
/rows/68/result/filesystem/metadata/worker_ms	float	146.348142
/rows/68/result/filesystem/metadata/workload	string	metadata
/rows/68/result/filesystem/npm	object	-
/rows/68/result/filesystem/npm/check	object	-
/rows/68/result/filesystem/npm/check/local_packages	integer	32
/rows/68/result/filesystem/npm/python	string	3.14.7
/rows/68/result/filesystem/npm/worker_ms	float	1522.476392
/rows/68/result/filesystem/npm/workload	string	npm
/rows/68/result/filesystem/read	object	-
/rows/68/result/filesystem/read/check	object	-
/rows/68/result/filesystem/read/check/bytes	integer	67108864
/rows/68/result/filesystem/read/check/sha256	string	42ef3a50fe506ced865473b082c8b28f6ce254e6e2b01266b6a563531a6267bc
/rows/68/result/filesystem/read/python	string	3.14.7
/rows/68/result/filesystem/read/worker_ms	float	117.646925
/rows/68/result/filesystem/read/workload	string	read
/rows/68/result/filesystem/rg	object	-
/rows/68/result/filesystem/rg/check	object	-
/rows/68/result/filesystem/rg/check/matches	integer	2048
/rows/68/result/filesystem/rg/python	string	3.14.7
/rows/68/result/filesystem/rg/worker_ms	float	442.372321
/rows/68/result/filesystem/rg/workload	string	rg
/rows/68/result/filesystem/write	object	-
/rows/68/result/filesystem/write/check	object	-
/rows/68/result/filesystem/write/check/bytes	integer	16777216
/rows/68/result/filesystem/write/check/files	integer	256
/rows/68/result/filesystem/write/python	string	3.14.7
/rows/68/result/filesystem/write/worker_ms	float	132.241529
/rows/68/result/filesystem/write/workload	string	write
/rows/68/result/mode	string	filesystem
/rows/68/result/worker_ms	float	3907.341424
/rows/68/result_ms	float	4289.403078
/rows/68/trial	integer	13
/rows/68/variant	string	candidate
/rows/69	object	-
/rows/69/backend	string	pvisor-vm
/rows/69/completion_ms	float	4497.864131
/rows/69/correctness	string	passed
/rows/69/logs	string	/home/reiase/workspace/pvisor/target/sb/run/baseline/trials/filesystem-pvisor-vm-013
/rows/69/memory_scope	string	owned launcher tree; Docker daemon/container RSS excluded
/rows/69/mode	string	filesystem
/rows/69/peak_tree_rss_kib	integer	612568
/rows/69/prepare_ms	float	36.174835
/rows/69/ready_ms	float	399.942982
/rows/69/result	object	-
/rows/69/result/correctness	string	passed
/rows/69/result/filesystem	object	-
/rows/69/result/filesystem/cargo	object	-
/rows/69/result/filesystem/cargo/check	object	-
/rows/69/result/filesystem/cargo/check/modules	integer	64
/rows/69/result/filesystem/cargo/check/result	string	2016
/rows/69/result/filesystem/cargo/python	string	3.14.7
/rows/69/result/filesystem/cargo/worker_ms	float	501.611054
/rows/69/result/filesystem/cargo/workload	string	cargo
/rows/69/result/filesystem/git	object	-
/rows/69/result/filesystem/git/check	object	-
/rows/69/result/filesystem/git/check/git_clean	boolean	true
/rows/69/result/filesystem/git/python	string	3.14.7
/rows/69/result/filesystem/git/worker_ms	float	356.762655
/rows/69/result/filesystem/git/workload	string	git
/rows/69/result/filesystem/metadata	object	-
/rows/69/result/filesystem/metadata/check	object	-
/rows/69/result/filesystem/metadata/check/bytes	integer	2095104
/rows/69/result/filesystem/metadata/check/files	integer	2048
/rows/69/result/filesystem/metadata/python	string	3.14.7
/rows/69/result/filesystem/metadata/worker_ms	float	125.347039
/rows/69/result/filesystem/metadata/workload	string	metadata
/rows/69/result/filesystem/npm	object	-
/rows/69/result/filesystem/npm/check	object	-
/rows/69/result/filesystem/npm/check/local_packages	integer	32
/rows/69/result/filesystem/npm/python	string	3.14.7
/rows/69/result/filesystem/npm/worker_ms	float	1679.10041
/rows/69/result/filesystem/npm/workload	string	npm
/rows/69/result/filesystem/read	object	-
/rows/69/result/filesystem/read/check	object	-
/rows/69/result/filesystem/read/check/bytes	integer	67108864
/rows/69/result/filesystem/read/check/sha256	string	42ef3a50fe506ced865473b082c8b28f6ce254e6e2b01266b6a563531a6267bc
/rows/69/result/filesystem/read/python	string	3.14.7
/rows/69/result/filesystem/read/worker_ms	float	144.920405
/rows/69/result/filesystem/read/workload	string	read
/rows/69/result/filesystem/rg	object	-
/rows/69/result/filesystem/rg/check	object	-
/rows/69/result/filesystem/rg/check/matches	integer	2048
/rows/69/result/filesystem/rg/python	string	3.14.7
/rows/69/result/filesystem/rg/worker_ms	float	457.839255
/rows/69/result/filesystem/rg/workload	string	rg
/rows/69/result/filesystem/write	object	-
/rows/69/result/filesystem/write/check	object	-
/rows/69/result/filesystem/write/check/bytes	integer	16777216
/rows/69/result/filesystem/write/check/files	integer	256
/rows/69/result/filesystem/write/python	string	3.14.7
/rows/69/result/filesystem/write/worker_ms	float	257.625457
/rows/69/result/filesystem/write/workload	string	write
/rows/69/result/mode	string	filesystem
/rows/69/result/worker_ms	float	3974.357727
/rows/69/result_ms	float	4375.205832
/rows/69/trial	integer	13
/rows/69/variant	string	baseline
/rows/70	object	-
/rows/70/backend	string	pvisor-vm
/rows/70/completion_ms	float	4437.542336
/rows/70/correctness	string	passed
/rows/70/logs	string	/home/reiase/workspace/pvisor/target/sb/run/baseline/trials/filesystem-pvisor-vm-014
/rows/70/memory_scope	string	owned launcher tree; Docker daemon/container RSS excluded
/rows/70/mode	string	filesystem
/rows/70/peak_tree_rss_kib	integer	611360
/rows/70/prepare_ms	float	40.813631
/rows/70/ready_ms	float	379.479826
/rows/70/result	object	-
/rows/70/result/correctness	string	passed
/rows/70/result/filesystem	object	-
/rows/70/result/filesystem/cargo	object	-
/rows/70/result/filesystem/cargo/check	object	-
/rows/70/result/filesystem/cargo/check/modules	integer	64
/rows/70/result/filesystem/cargo/check/result	string	2016
/rows/70/result/filesystem/cargo/python	string	3.14.7
/rows/70/result/filesystem/cargo/worker_ms	float	516.245653
/rows/70/result/filesystem/cargo/workload	string	cargo
/rows/70/result/filesystem/git	object	-
/rows/70/result/filesystem/git/check	object	-
/rows/70/result/filesystem/git/check/git_clean	boolean	true
/rows/70/result/filesystem/git/python	string	3.14.7
/rows/70/result/filesystem/git/worker_ms	float	711.709147
/rows/70/result/filesystem/git/workload	string	git
/rows/70/result/filesystem/metadata	object	-
/rows/70/result/filesystem/metadata/check	object	-
/rows/70/result/filesystem/metadata/check/bytes	integer	2095104
/rows/70/result/filesystem/metadata/check/files	integer	2048
/rows/70/result/filesystem/metadata/python	string	3.14.7
/rows/70/result/filesystem/metadata/worker_ms	float	180.962294
/rows/70/result/filesystem/metadata/workload	string	metadata
/rows/70/result/filesystem/npm	object	-
/rows/70/result/filesystem/npm/check	object	-
/rows/70/result/filesystem/npm/check/local_packages	integer	32
/rows/70/result/filesystem/npm/python	string	3.14.7
/rows/70/result/filesystem/npm/worker_ms	float	1365.688368
/rows/70/result/filesystem/npm/workload	string	npm
/rows/70/result/filesystem/read	object	-
/rows/70/result/filesystem/read/check	object	-
/rows/70/result/filesystem/read/check/bytes	integer	67108864
/rows/70/result/filesystem/read/check/sha256	string	42ef3a50fe506ced865473b082c8b28f6ce254e6e2b01266b6a563531a6267bc
/rows/70/result/filesystem/read/python	string	3.14.7
/rows/70/result/filesystem/read/worker_ms	float	115.896595
/rows/70/result/filesystem/read/workload	string	read
/rows/70/result/filesystem/rg	object	-
/rows/70/result/filesystem/rg/check	object	-
/rows/70/result/filesystem/rg/check/matches	integer	2048
/rows/70/result/filesystem/rg/python	string	3.14.7
/rows/70/result/filesystem/rg/worker_ms	float	429.228167
/rows/70/result/filesystem/rg/workload	string	rg
/rows/70/result/filesystem/write	object	-
/rows/70/result/filesystem/write/check	object	-
/rows/70/result/filesystem/write/check/bytes	integer	16777216
/rows/70/result/filesystem/write/check/files	integer	256
/rows/70/result/filesystem/write/python	string	3.14.7
/rows/70/result/filesystem/write/worker_ms	float	230.050786
/rows/70/result/filesystem/write/workload	string	write
/rows/70/result/mode	string	filesystem
/rows/70/result/worker_ms	float	3984.711658
/rows/70/result_ms	float	4364.234659
/rows/70/trial	integer	14
/rows/70/variant	string	baseline
/rows/71	object	-
/rows/71/backend	string	pvisor-vm
/rows/71/completion_ms	float	4032.736881
/rows/71/correctness	string	passed
/rows/71/logs	string	/home/reiase/workspace/pvisor/target/sb/run/candidate/trials/filesystem-pvisor-vm-014
/rows/71/memory_scope	string	owned launcher tree; Docker daemon/container RSS excluded
/rows/71/mode	string	filesystem
/rows/71/peak_tree_rss_kib	integer	613460
/rows/71/prepare_ms	float	35.710308
/rows/71/ready_ms	float	381.182043
/rows/71/result	object	-
/rows/71/result/correctness	string	passed
/rows/71/result/filesystem	object	-
/rows/71/result/filesystem/cargo	object	-
/rows/71/result/filesystem/cargo/check	object	-
/rows/71/result/filesystem/cargo/check/modules	integer	64
/rows/71/result/filesystem/cargo/check/result	string	2016
/rows/71/result/filesystem/cargo/python	string	3.14.7
/rows/71/result/filesystem/cargo/worker_ms	float	480.370455
/rows/71/result/filesystem/cargo/workload	string	cargo
/rows/71/result/filesystem/git	object	-
/rows/71/result/filesystem/git/check	object	-
/rows/71/result/filesystem/git/check/git_clean	boolean	true
/rows/71/result/filesystem/git/python	string	3.14.7
/rows/71/result/filesystem/git/worker_ms	float	362.360491
/rows/71/result/filesystem/git/workload	string	git
/rows/71/result/filesystem/metadata	object	-
/rows/71/result/filesystem/metadata/check	object	-
/rows/71/result/filesystem/metadata/check/bytes	integer	2095104
/rows/71/result/filesystem/metadata/check/files	integer	2048
/rows/71/result/filesystem/metadata/python	string	3.14.7
/rows/71/result/filesystem/metadata/worker_ms	float	162.725536
/rows/71/result/filesystem/metadata/workload	string	metadata
/rows/71/result/filesystem/npm	object	-
/rows/71/result/filesystem/npm/check	object	-
/rows/71/result/filesystem/npm/check/local_packages	integer	32
/rows/71/result/filesystem/npm/python	string	3.14.7
/rows/71/result/filesystem/npm/worker_ms	float	1317.019089
/rows/71/result/filesystem/npm/workload	string	npm
/rows/71/result/filesystem/read	object	-
/rows/71/result/filesystem/read/check	object	-
/rows/71/result/filesystem/read/check/bytes	integer	67108864
/rows/71/result/filesystem/read/check/sha256	string	42ef3a50fe506ced865473b082c8b28f6ce254e6e2b01266b6a563531a6267bc
/rows/71/result/filesystem/read/python	string	3.14.7
/rows/71/result/filesystem/read/worker_ms	float	115.920099
/rows/71/result/filesystem/read/workload	string	read
/rows/71/result/filesystem/rg	object	-
/rows/71/result/filesystem/rg/check	object	-
/rows/71/result/filesystem/rg/check/matches	integer	2048
/rows/71/result/filesystem/rg/python	string	3.14.7
/rows/71/result/filesystem/rg/worker_ms	float	435.427167
/rows/71/result/filesystem/rg/workload	string	rg
/rows/71/result/filesystem/write	object	-
/rows/71/result/filesystem/write/check	object	-
/rows/71/result/filesystem/write/check/bytes	integer	16777216
/rows/71/result/filesystem/write/check/files	integer	256
/rows/71/result/filesystem/write/python	string	3.14.7
/rows/71/result/filesystem/write/worker_ms	float	140.388398
/rows/71/result/filesystem/write/workload	string	write
/rows/71/result/mode	string	filesystem
/rows/71/result/worker_ms	float	3450.450421
/rows/71/result_ms	float	3831.69848
/rows/71/trial	integer	14
/rows/71/variant	string	candidate
/rows/72	object	-
/rows/72/backend	string	pvisor-staged
/rows/72/completion_ms	float	1108.776795
/rows/72/correctness	string	passed
/rows/72/logs	string	/home/reiase/workspace/pvisor/target/sb/run/candidate/trials/filesystem-pvisor-staged-014
/rows/72/memory_scope	string	owned launcher tree; Docker daemon/container RSS excluded
/rows/72/mode	string	filesystem
/rows/72/peak_tree_rss_kib	integer	178600
/rows/72/prepare_ms	float	37.333116
/rows/72/ready_ms	float	65.794127
/rows/72/result	object	-
/rows/72/result/correctness	string	passed
/rows/72/result/filesystem	object	-
/rows/72/result/filesystem/cargo	object	-
/rows/72/result/filesystem/cargo/check	object	-
/rows/72/result/filesystem/cargo/check/modules	integer	64
/rows/72/result/filesystem/cargo/check/result	string	2016
/rows/72/result/filesystem/cargo/python	string	3.14.7
/rows/72/result/filesystem/cargo/worker_ms	float	75.11528
/rows/72/result/filesystem/cargo/workload	string	cargo
/rows/72/result/filesystem/git	object	-
/rows/72/result/filesystem/git/check	object	-
/rows/72/result/filesystem/git/check/git_clean	boolean	true
/rows/72/result/filesystem/git/python	string	3.14.7
/rows/72/result/filesystem/git/worker_ms	float	123.012871
/rows/72/result/filesystem/git/workload	string	git
/rows/72/result/filesystem/metadata	object	-
/rows/72/result/filesystem/metadata/check	object	-
/rows/72/result/filesystem/metadata/check/bytes	integer	2095104
/rows/72/result/filesystem/metadata/check/files	integer	2048
/rows/72/result/filesystem/metadata/python	string	3.14.7
/rows/72/result/filesystem/metadata/worker_ms	float	77.434367
/rows/72/result/filesystem/metadata/workload	string	metadata
/rows/72/result/filesystem/npm	object	-
/rows/72/result/filesystem/npm/check	object	-
/rows/72/result/filesystem/npm/check/local_packages	integer	32
/rows/72/result/filesystem/npm/python	string	3.14.7
/rows/72/result/filesystem/npm/worker_ms	float	231.789566
/rows/72/result/filesystem/npm/workload	string	npm
/rows/72/result/filesystem/read	object	-
/rows/72/result/filesystem/read/check	object	-
/rows/72/result/filesystem/read/check/bytes	integer	67108864
/rows/72/result/filesystem/read/check/sha256	string	42ef3a50fe506ced865473b082c8b28f6ce254e6e2b01266b6a563531a6267bc
/rows/72/result/filesystem/read/python	string	3.14.7
/rows/72/result/filesystem/read/worker_ms	float	67.95589
/rows/72/result/filesystem/read/workload	string	read
/rows/72/result/filesystem/rg	object	-
/rows/72/result/filesystem/rg/check	object	-
/rows/72/result/filesystem/rg/check/matches	integer	2048
/rows/72/result/filesystem/rg/python	string	3.14.7
/rows/72/result/filesystem/rg/worker_ms	float	88.949055
/rows/72/result/filesystem/rg/workload	string	rg
/rows/72/result/filesystem/write	object	-
/rows/72/result/filesystem/write/check	object	-
/rows/72/result/filesystem/write/check/bytes	integer	16777216
/rows/72/result/filesystem/write/check/files	integer	256
/rows/72/result/filesystem/write/python	string	3.14.7
/rows/72/result/filesystem/write/worker_ms	float	28.35353
/rows/72/result/filesystem/write/workload	string	write
/rows/72/result/mode	string	filesystem
/rows/72/result/worker_ms	float	813.976949
/rows/72/result_ms	float	879.850523
/rows/72/trial	integer	14
/rows/72/variant	string	candidate
/rows/73	object	-
/rows/73/backend	string	native
/rows/73/completion_ms	float	444.50104
/rows/73/correctness	string	passed
/rows/73/logs	string	/home/reiase/workspace/pvisor/target/sb/run/native/trials/filesystem-native-014
/rows/73/memory_scope	string	owned launcher tree; Docker daemon/container RSS excluded
/rows/73/mode	string	filesystem
/rows/73/peak_tree_rss_kib	integer	137724
/rows/73/prepare_ms	float	36.475616
/rows/73/ready_ms	float	39.244062
/rows/73/result	object	-
/rows/73/result/correctness	string	passed
/rows/73/result/filesystem	object	-
/rows/73/result/filesystem/cargo	object	-
/rows/73/result/filesystem/cargo/check	object	-
/rows/73/result/filesystem/cargo/check/modules	integer	64
/rows/73/result/filesystem/cargo/check/result	string	2016
/rows/73/result/filesystem/cargo/python	string	3.14.7
/rows/73/result/filesystem/cargo/worker_ms	float	51.463043
/rows/73/result/filesystem/cargo/workload	string	cargo
/rows/73/result/filesystem/git	object	-
/rows/73/result/filesystem/git/check	object	-
/rows/73/result/filesystem/git/check/git_clean	boolean	true
/rows/73/result/filesystem/git/python	string	3.14.7
/rows/73/result/filesystem/git/worker_ms	float	15.118502
/rows/73/result/filesystem/git/workload	string	git
/rows/73/result/filesystem/metadata	object	-
/rows/73/result/filesystem/metadata/check	object	-
/rows/73/result/filesystem/metadata/check/bytes	integer	2095104
/rows/73/result/filesystem/metadata/check/files	integer	2048
/rows/73/result/filesystem/metadata/python	string	3.14.7
/rows/73/result/filesystem/metadata/worker_ms	float	4.525605
/rows/73/result/filesystem/metadata/workload	string	metadata
/rows/73/result/filesystem/npm	object	-
/rows/73/result/filesystem/npm/check	object	-
/rows/73/result/filesystem/npm/check/local_packages	integer	32
/rows/73/result/filesystem/npm/python	string	3.14.7
/rows/73/result/filesystem/npm/worker_ms	float	166.535327
/rows/73/result/filesystem/npm/workload	string	npm
/rows/73/result/filesystem/read	object	-
/rows/73/result/filesystem/read/check	object	-
/rows/73/result/filesystem/read/check/bytes	integer	67108864
/rows/73/result/filesystem/read/check/sha256	string	42ef3a50fe506ced865473b082c8b28f6ce254e6e2b01266b6a563531a6267bc
/rows/73/result/filesystem/read/python	string	3.14.7
/rows/73/result/filesystem/read/worker_ms	float	32.86043
/rows/73/result/filesystem/read/workload	string	read
/rows/73/result/filesystem/rg	object	-
/rows/73/result/filesystem/rg/check	object	-
/rows/73/result/filesystem/rg/check/matches	integer	2048
/rows/73/result/filesystem/rg/python	string	3.14.7
/rows/73/result/filesystem/rg/worker_ms	float	6.895087
/rows/73/result/filesystem/rg/workload	string	rg
/rows/73/result/filesystem/write	object	-
/rows/73/result/filesystem/write/check	object	-
/rows/73/result/filesystem/write/check/bytes	integer	16777216
/rows/73/result/filesystem/write/check/files	integer	256
/rows/73/result/filesystem/write/python	string	3.14.7
/rows/73/result/filesystem/write/worker_ms	float	4.250682
/rows/73/result/filesystem/write/workload	string	write
/rows/73/result/mode	string	filesystem
/rows/73/result/worker_ms	float	397.831381
/rows/73/result_ms	float	437.09477
/rows/73/trial	integer	14
/rows/73/variant	string	native
/rows/74	object	-
/rows/74/backend	string	pvisor-staged
/rows/74/completion_ms	float	1261.047975
/rows/74/correctness	string	passed
/rows/74/logs	string	/home/reiase/workspace/pvisor/target/sb/run/baseline/trials/filesystem-pvisor-staged-014
/rows/74/memory_scope	string	owned launcher tree; Docker daemon/container RSS excluded
/rows/74/mode	string	filesystem
/rows/74/peak_tree_rss_kib	integer	178196
/rows/74/prepare_ms	float	36.722115
/rows/74/ready_ms	float	61.102912
/rows/74/result	object	-
/rows/74/result/correctness	string	passed
/rows/74/result/filesystem	object	-
/rows/74/result/filesystem/cargo	object	-
/rows/74/result/filesystem/cargo/check	object	-
/rows/74/result/filesystem/cargo/check/modules	integer	64
/rows/74/result/filesystem/cargo/check/result	string	2016
/rows/74/result/filesystem/cargo/python	string	3.14.7
/rows/74/result/filesystem/cargo/worker_ms	float	107.594999
/rows/74/result/filesystem/cargo/workload	string	cargo
/rows/74/result/filesystem/git	object	-
/rows/74/result/filesystem/git/check	object	-
/rows/74/result/filesystem/git/check/git_clean	boolean	true
/rows/74/result/filesystem/git/python	string	3.14.7
/rows/74/result/filesystem/git/worker_ms	float	164.2056
/rows/74/result/filesystem/git/workload	string	git
/rows/74/result/filesystem/metadata	object	-
/rows/74/result/filesystem/metadata/check	object	-
/rows/74/result/filesystem/metadata/check/bytes	integer	2095104
/rows/74/result/filesystem/metadata/check/files	integer	2048
/rows/74/result/filesystem/metadata/python	string	3.14.7
/rows/74/result/filesystem/metadata/worker_ms	float	76.207769
/rows/74/result/filesystem/metadata/workload	string	metadata
/rows/74/result/filesystem/npm	object	-
/rows/74/result/filesystem/npm/check	object	-
/rows/74/result/filesystem/npm/check/local_packages	integer	32
/rows/74/result/filesystem/npm/python	string	3.14.7
/rows/74/result/filesystem/npm/worker_ms	float	252.177191
/rows/74/result/filesystem/npm/workload	string	npm
/rows/74/result/filesystem/read	object	-
/rows/74/result/filesystem/read/check	object	-
/rows/74/result/filesystem/read/check/bytes	integer	67108864
/rows/74/result/filesystem/read/check/sha256	string	42ef3a50fe506ced865473b082c8b28f6ce254e6e2b01266b6a563531a6267bc
/rows/74/result/filesystem/read/python	string	3.14.7
/rows/74/result/filesystem/read/worker_ms	float	67.260843
/rows/74/result/filesystem/read/workload	string	read
/rows/74/result/filesystem/rg	object	-
/rows/74/result/filesystem/rg/check	object	-
/rows/74/result/filesystem/rg/check/matches	integer	2048
/rows/74/result/filesystem/rg/python	string	3.14.7
/rows/74/result/filesystem/rg/worker_ms	float	92.196596
/rows/74/result/filesystem/rg/workload	string	rg
/rows/74/result/filesystem/write	object	-
/rows/74/result/filesystem/write/check	object	-
/rows/74/result/filesystem/write/check/bytes	integer	16777216
/rows/74/result/filesystem/write/check/files	integer	256
/rows/74/result/filesystem/write/python	string	3.14.7
/rows/74/result/filesystem/write/worker_ms	float	195.462787
/rows/74/result/filesystem/write/workload	string	write
/rows/74/result/mode	string	filesystem
/rows/74/result/worker_ms	float	1079.030667
/rows/74/result_ms	float	1140.211555
/rows/74/trial	integer	14
/rows/74/variant	string	baseline
/rows/75	object	-
/rows/75/backend	string	pvisor-staged
/rows/75/completion_ms	float	1083.920222
/rows/75/correctness	string	passed
/rows/75/logs	string	/home/reiase/workspace/pvisor/target/sb/run/candidate/trials/filesystem-pvisor-staged-015
/rows/75/memory_scope	string	owned launcher tree; Docker daemon/container RSS excluded
/rows/75/mode	string	filesystem
/rows/75/peak_tree_rss_kib	integer	178064
/rows/75/prepare_ms	float	36.985337
/rows/75/ready_ms	float	63.375083
/rows/75/result	object	-
/rows/75/result/correctness	string	passed
/rows/75/result/filesystem	object	-
/rows/75/result/filesystem/cargo	object	-
/rows/75/result/filesystem/cargo/check	object	-
/rows/75/result/filesystem/cargo/check/modules	integer	64
/rows/75/result/filesystem/cargo/check/result	string	2016
/rows/75/result/filesystem/cargo/python	string	3.14.7
/rows/75/result/filesystem/cargo/worker_ms	float	72.922659
/rows/75/result/filesystem/cargo/workload	string	cargo
/rows/75/result/filesystem/git	object	-
/rows/75/result/filesystem/git/check	object	-
/rows/75/result/filesystem/git/check/git_clean	boolean	true
/rows/75/result/filesystem/git/python	string	3.14.7
/rows/75/result/filesystem/git/worker_ms	float	125.976501
/rows/75/result/filesystem/git/workload	string	git
/rows/75/result/filesystem/metadata	object	-
/rows/75/result/filesystem/metadata/check	object	-
/rows/75/result/filesystem/metadata/check/bytes	integer	2095104
/rows/75/result/filesystem/metadata/check/files	integer	2048
/rows/75/result/filesystem/metadata/python	string	3.14.7
/rows/75/result/filesystem/metadata/worker_ms	float	76.372667
/rows/75/result/filesystem/metadata/workload	string	metadata
/rows/75/result/filesystem/npm	object	-
/rows/75/result/filesystem/npm/check	object	-
/rows/75/result/filesystem/npm/check/local_packages	integer	32
/rows/75/result/filesystem/npm/python	string	3.14.7
/rows/75/result/filesystem/npm/worker_ms	float	224.035586
/rows/75/result/filesystem/npm/workload	string	npm
/rows/75/result/filesystem/read	object	-
/rows/75/result/filesystem/read/check	object	-
/rows/75/result/filesystem/read/check/bytes	integer	67108864
/rows/75/result/filesystem/read/check/sha256	string	42ef3a50fe506ced865473b082c8b28f6ce254e6e2b01266b6a563531a6267bc
/rows/75/result/filesystem/read/python	string	3.14.7
/rows/75/result/filesystem/read/worker_ms	float	65.659636
/rows/75/result/filesystem/read/workload	string	read
/rows/75/result/filesystem/rg	object	-
/rows/75/result/filesystem/rg/check	object	-
/rows/75/result/filesystem/rg/check/matches	integer	2048
/rows/75/result/filesystem/rg/python	string	3.14.7
/rows/75/result/filesystem/rg/worker_ms	float	86.819821
/rows/75/result/filesystem/rg/workload	string	rg
/rows/75/result/filesystem/write	object	-
/rows/75/result/filesystem/write/check	object	-
/rows/75/result/filesystem/write/check/bytes	integer	16777216
/rows/75/result/filesystem/write/check/files	integer	256
/rows/75/result/filesystem/write/python	string	3.14.7
/rows/75/result/filesystem/write/worker_ms	float	26.789802
/rows/75/result/filesystem/write/workload	string	write
/rows/75/result/mode	string	filesystem
/rows/75/result/worker_ms	float	800.934029
/rows/75/result_ms	float	864.389292
/rows/75/trial	integer	15
/rows/75/variant	string	candidate
/rows/76	object	-
/rows/76/backend	string	pvisor-staged
/rows/76/completion_ms	float	1287.610222
/rows/76/correctness	string	passed
/rows/76/logs	string	/home/reiase/workspace/pvisor/target/sb/run/baseline/trials/filesystem-pvisor-staged-015
/rows/76/memory_scope	string	owned launcher tree; Docker daemon/container RSS excluded
/rows/76/mode	string	filesystem
/rows/76/peak_tree_rss_kib	integer	178564
/rows/76/prepare_ms	float	37.39422
/rows/76/ready_ms	float	60.373051
/rows/76/result	object	-
/rows/76/result/correctness	string	passed
/rows/76/result/filesystem	object	-
/rows/76/result/filesystem/cargo	object	-
/rows/76/result/filesystem/cargo/check	object	-
/rows/76/result/filesystem/cargo/check/modules	integer	64
/rows/76/result/filesystem/cargo/check/result	string	2016
/rows/76/result/filesystem/cargo/python	string	3.14.7
/rows/76/result/filesystem/cargo/worker_ms	float	116.617407
/rows/76/result/filesystem/cargo/workload	string	cargo
/rows/76/result/filesystem/git	object	-
/rows/76/result/filesystem/git/check	object	-
/rows/76/result/filesystem/git/check/git_clean	boolean	true
/rows/76/result/filesystem/git/python	string	3.14.7
/rows/76/result/filesystem/git/worker_ms	float	165.503301
/rows/76/result/filesystem/git/workload	string	git
/rows/76/result/filesystem/metadata	object	-
/rows/76/result/filesystem/metadata/check	object	-
/rows/76/result/filesystem/metadata/check/bytes	integer	2095104
/rows/76/result/filesystem/metadata/check/files	integer	2048
/rows/76/result/filesystem/metadata/python	string	3.14.7
/rows/76/result/filesystem/metadata/worker_ms	float	78.552955
/rows/76/result/filesystem/metadata/workload	string	metadata
/rows/76/result/filesystem/npm	object	-
/rows/76/result/filesystem/npm/check	object	-
/rows/76/result/filesystem/npm/check/local_packages	integer	32
/rows/76/result/filesystem/npm/python	string	3.14.7
/rows/76/result/filesystem/npm/worker_ms	float	271.135708
/rows/76/result/filesystem/npm/workload	string	npm
/rows/76/result/filesystem/read	object	-
/rows/76/result/filesystem/read/check	object	-
/rows/76/result/filesystem/read/check/bytes	integer	67108864
/rows/76/result/filesystem/read/check/sha256	string	42ef3a50fe506ced865473b082c8b28f6ce254e6e2b01266b6a563531a6267bc
/rows/76/result/filesystem/read/python	string	3.14.7
/rows/76/result/filesystem/read/worker_ms	float	64.914906
/rows/76/result/filesystem/read/workload	string	read
/rows/76/result/filesystem/rg	object	-
/rows/76/result/filesystem/rg/check	object	-
/rows/76/result/filesystem/rg/check/matches	integer	2048
/rows/76/result/filesystem/rg/python	string	3.14.7
/rows/76/result/filesystem/rg/worker_ms	float	89.776258
/rows/76/result/filesystem/rg/workload	string	rg
/rows/76/result/filesystem/write	object	-
/rows/76/result/filesystem/write/check	object	-
/rows/76/result/filesystem/write/check/bytes	integer	16777216
/rows/76/result/filesystem/write/check/files	integer	256
/rows/76/result/filesystem/write/python	string	3.14.7
/rows/76/result/filesystem/write/worker_ms	float	196.33264
/rows/76/result/filesystem/write/workload	string	write
/rows/76/result/mode	string	filesystem
/rows/76/result/worker_ms	float	1105.239654
/rows/76/result_ms	float	1165.655746
/rows/76/trial	integer	15
/rows/76/variant	string	baseline
/rows/77	object	-
/rows/77/backend	string	native
/rows/77/completion_ms	float	446.438916
/rows/77/correctness	string	passed
/rows/77/logs	string	/home/reiase/workspace/pvisor/target/sb/run/native/trials/filesystem-native-015
/rows/77/memory_scope	string	owned launcher tree; Docker daemon/container RSS excluded
/rows/77/mode	string	filesystem
/rows/77/peak_tree_rss_kib	integer	137780
/rows/77/prepare_ms	float	36.049902
/rows/77/ready_ms	float	38.70176
/rows/77/result	object	-
/rows/77/result/correctness	string	passed
/rows/77/result/filesystem	object	-
/rows/77/result/filesystem/cargo	object	-
/rows/77/result/filesystem/cargo/check	object	-
/rows/77/result/filesystem/cargo/check/modules	integer	64
/rows/77/result/filesystem/cargo/check/result	string	2016
/rows/77/result/filesystem/cargo/python	string	3.14.7
/rows/77/result/filesystem/cargo/worker_ms	float	51.619596
/rows/77/result/filesystem/cargo/workload	string	cargo
/rows/77/result/filesystem/git	object	-
/rows/77/result/filesystem/git/check	object	-
/rows/77/result/filesystem/git/check/git_clean	boolean	true
/rows/77/result/filesystem/git/python	string	3.14.7
/rows/77/result/filesystem/git/worker_ms	float	13.864412
/rows/77/result/filesystem/git/workload	string	git
/rows/77/result/filesystem/metadata	object	-
/rows/77/result/filesystem/metadata/check	object	-
/rows/77/result/filesystem/metadata/check/bytes	integer	2095104
/rows/77/result/filesystem/metadata/check/files	integer	2048
/rows/77/result/filesystem/metadata/python	string	3.14.7
/rows/77/result/filesystem/metadata/worker_ms	float	5.06937
/rows/77/result/filesystem/metadata/workload	string	metadata
/rows/77/result/filesystem/npm	object	-
/rows/77/result/filesystem/npm/check	object	-
/rows/77/result/filesystem/npm/check/local_packages	integer	32
/rows/77/result/filesystem/npm/python	string	3.14.7
/rows/77/result/filesystem/npm/worker_ms	float	169.819445
/rows/77/result/filesystem/npm/workload	string	npm
/rows/77/result/filesystem/read	object	-
/rows/77/result/filesystem/read/check	object	-
/rows/77/result/filesystem/read/check/bytes	integer	67108864
/rows/77/result/filesystem/read/check/sha256	string	42ef3a50fe506ced865473b082c8b28f6ce254e6e2b01266b6a563531a6267bc
/rows/77/result/filesystem/read/python	string	3.14.7
/rows/77/result/filesystem/read/worker_ms	float	31.505251
/rows/77/result/filesystem/read/workload	string	read
/rows/77/result/filesystem/rg	object	-
/rows/77/result/filesystem/rg/check	object	-
/rows/77/result/filesystem/rg/check/matches	integer	2048
/rows/77/result/filesystem/rg/python	string	3.14.7
/rows/77/result/filesystem/rg/worker_ms	float	9.544711
/rows/77/result/filesystem/rg/workload	string	rg
/rows/77/result/filesystem/write	object	-
/rows/77/result/filesystem/write/check	object	-
/rows/77/result/filesystem/write/check/bytes	integer	16777216
/rows/77/result/filesystem/write/check/files	integer	256
/rows/77/result/filesystem/write/python	string	3.14.7
/rows/77/result/filesystem/write/worker_ms	float	4.153431
/rows/77/result/filesystem/write/workload	string	write
/rows/77/result/mode	string	filesystem
/rows/77/result/worker_ms	float	400.27929
/rows/77/result_ms	float	439.026254
/rows/77/trial	integer	15
/rows/77/variant	string	native
/rows/78	object	-
/rows/78/backend	string	pvisor-vm
/rows/78/completion_ms	float	4355.202535
/rows/78/correctness	string	passed
/rows/78/logs	string	/home/reiase/workspace/pvisor/target/sb/run/baseline/trials/filesystem-pvisor-vm-015
/rows/78/memory_scope	string	owned launcher tree; Docker daemon/container RSS excluded
/rows/78/mode	string	filesystem
/rows/78/peak_tree_rss_kib	integer	612292
/rows/78/prepare_ms	float	39.185613
/rows/78/ready_ms	float	396.981405
/rows/78/result	object	-
/rows/78/result/correctness	string	passed
/rows/78/result/filesystem	object	-
/rows/78/result/filesystem/cargo	object	-
/rows/78/result/filesystem/cargo/check	object	-
/rows/78/result/filesystem/cargo/check/modules	integer	64
/rows/78/result/filesystem/cargo/check/result	string	2016
/rows/78/result/filesystem/cargo/python	string	3.14.7
/rows/78/result/filesystem/cargo/worker_ms	float	527.986366
/rows/78/result/filesystem/cargo/workload	string	cargo
/rows/78/result/filesystem/git	object	-
/rows/78/result/filesystem/git/check	object	-
/rows/78/result/filesystem/git/check/git_clean	boolean	true
/rows/78/result/filesystem/git/python	string	3.14.7
/rows/78/result/filesystem/git/worker_ms	float	734.88992
/rows/78/result/filesystem/git/workload	string	git
/rows/78/result/filesystem/metadata	object	-
/rows/78/result/filesystem/metadata/check	object	-
/rows/78/result/filesystem/metadata/check/bytes	integer	2095104
/rows/78/result/filesystem/metadata/check/files	integer	2048
/rows/78/result/filesystem/metadata/python	string	3.14.7
/rows/78/result/filesystem/metadata/worker_ms	float	156.924098
/rows/78/result/filesystem/metadata/workload	string	metadata
/rows/78/result/filesystem/npm	object	-
/rows/78/result/filesystem/npm/check	object	-
/rows/78/result/filesystem/npm/check/local_packages	integer	32
/rows/78/result/filesystem/npm/python	string	3.14.7
/rows/78/result/filesystem/npm/worker_ms	float	1196.148944
/rows/78/result/filesystem/npm/workload	string	npm
/rows/78/result/filesystem/read	object	-
/rows/78/result/filesystem/read/check	object	-
/rows/78/result/filesystem/read/check/bytes	integer	67108864
/rows/78/result/filesystem/read/check/sha256	string	42ef3a50fe506ced865473b082c8b28f6ce254e6e2b01266b6a563531a6267bc
/rows/78/result/filesystem/read/python	string	3.14.7
/rows/78/result/filesystem/read/worker_ms	float	137.571005
/rows/78/result/filesystem/read/workload	string	read
/rows/78/result/filesystem/rg	object	-
/rows/78/result/filesystem/rg/check	object	-
/rows/78/result/filesystem/rg/check/matches	integer	2048
/rows/78/result/filesystem/rg/python	string	3.14.7
/rows/78/result/filesystem/rg/worker_ms	float	418.206067
/rows/78/result/filesystem/rg/workload	string	rg
/rows/78/result/filesystem/write	object	-
/rows/78/result/filesystem/write/check	object	-
/rows/78/result/filesystem/write/check/bytes	integer	16777216
/rows/78/result/filesystem/write/check/files	integer	256
/rows/78/result/filesystem/write/python	string	3.14.7
/rows/78/result/filesystem/write/worker_ms	float	226.537182
/rows/78/result/filesystem/write/workload	string	write
/rows/78/result/mode	string	filesystem
/rows/78/result/worker_ms	float	3855.304845
/rows/78/result_ms	float	4252.353461
/rows/78/trial	integer	15
/rows/78/variant	string	baseline
/rows/79	object	-
/rows/79/backend	string	pvisor-vm
/rows/79/completion_ms	float	4477.464023
/rows/79/correctness	string	passed
/rows/79/logs	string	/home/reiase/workspace/pvisor/target/sb/run/candidate/trials/filesystem-pvisor-vm-015
/rows/79/memory_scope	string	owned launcher tree; Docker daemon/container RSS excluded
/rows/79/mode	string	filesystem
/rows/79/peak_tree_rss_kib	integer	613328
/rows/79/prepare_ms	float	37.019301
/rows/79/ready_ms	float	389.006984
/rows/79/result	object	-
/rows/79/result/correctness	string	passed
/rows/79/result/filesystem	object	-
/rows/79/result/filesystem/cargo	object	-
/rows/79/result/filesystem/cargo/check	object	-
/rows/79/result/filesystem/cargo/check/modules	integer	64
/rows/79/result/filesystem/cargo/check/result	string	2016
/rows/79/result/filesystem/cargo/python	string	3.14.7
/rows/79/result/filesystem/cargo/worker_ms	float	511.461426
/rows/79/result/filesystem/cargo/workload	string	cargo
/rows/79/result/filesystem/git	object	-
/rows/79/result/filesystem/git/check	object	-
/rows/79/result/filesystem/git/check/git_clean	boolean	true
/rows/79/result/filesystem/git/python	string	3.14.7
/rows/79/result/filesystem/git/worker_ms	float	702.536662
/rows/79/result/filesystem/git/workload	string	git
/rows/79/result/filesystem/metadata	object	-
/rows/79/result/filesystem/metadata/check	object	-
/rows/79/result/filesystem/metadata/check/bytes	integer	2095104
/rows/79/result/filesystem/metadata/check/files	integer	2048
/rows/79/result/filesystem/metadata/python	string	3.14.7
/rows/79/result/filesystem/metadata/worker_ms	float	197.820005
/rows/79/result/filesystem/metadata/workload	string	metadata
/rows/79/result/filesystem/npm	object	-
/rows/79/result/filesystem/npm/check	object	-
/rows/79/result/filesystem/npm/check/local_packages	integer	32
/rows/79/result/filesystem/npm/python	string	3.14.7
/rows/79/result/filesystem/npm/worker_ms	float	1330.37506
/rows/79/result/filesystem/npm/workload	string	npm
/rows/79/result/filesystem/read	object	-
/rows/79/result/filesystem/read/check	object	-
/rows/79/result/filesystem/read/check/bytes	integer	67108864
/rows/79/result/filesystem/read/check/sha256	string	42ef3a50fe506ced865473b082c8b28f6ce254e6e2b01266b6a563531a6267bc
/rows/79/result/filesystem/read/python	string	3.14.7
/rows/79/result/filesystem/read/worker_ms	float	129.697356
/rows/79/result/filesystem/read/workload	string	read
/rows/79/result/filesystem/rg	object	-
/rows/79/result/filesystem/rg/check	object	-
/rows/79/result/filesystem/rg/check/matches	integer	2048
/rows/79/result/filesystem/rg/python	string	3.14.7
/rows/79/result/filesystem/rg/worker_ms	float	437.706645
/rows/79/result/filesystem/rg/workload	string	rg
/rows/79/result/filesystem/write	object	-
/rows/79/result/filesystem/write/check	object	-
/rows/79/result/filesystem/write/check/bytes	integer	16777216
/rows/79/result/filesystem/write/check/files	integer	256
/rows/79/result/filesystem/write/python	string	3.14.7
/rows/79/result/filesystem/write/worker_ms	float	146.435725
/rows/79/result/filesystem/write/workload	string	write
/rows/79/result/mode	string	filesystem
/rows/79/result/worker_ms	float	3882.671848
/rows/79/result_ms	float	4271.72005
/rows/79/trial	integer	15
/rows/79/variant	string	candidate
/rows/80	object	-
/rows/80/backend	string	pvisor-vm
/rows/80/completion_ms	float	4419.198125
/rows/80/correctness	string	passed
/rows/80/logs	string	/home/reiase/workspace/pvisor/target/sb/run/candidate/trials/filesystem-pvisor-vm-016
/rows/80/memory_scope	string	owned launcher tree; Docker daemon/container RSS excluded
/rows/80/mode	string	filesystem
/rows/80/peak_tree_rss_kib	integer	614364
/rows/80/prepare_ms	float	37.344457
/rows/80/ready_ms	float	380.996947
/rows/80/result	object	-
/rows/80/result/correctness	string	passed
/rows/80/result/filesystem	object	-
/rows/80/result/filesystem/cargo	object	-
/rows/80/result/filesystem/cargo/check	object	-
/rows/80/result/filesystem/cargo/check/modules	integer	64
/rows/80/result/filesystem/cargo/check/result	string	2016
/rows/80/result/filesystem/cargo/python	string	3.14.7
/rows/80/result/filesystem/cargo/worker_ms	float	490.459803
/rows/80/result/filesystem/cargo/workload	string	cargo
/rows/80/result/filesystem/git	object	-
/rows/80/result/filesystem/git/check	object	-
/rows/80/result/filesystem/git/check/git_clean	boolean	true
/rows/80/result/filesystem/git/python	string	3.14.7
/rows/80/result/filesystem/git/worker_ms	float	700.466454
/rows/80/result/filesystem/git/workload	string	git
/rows/80/result/filesystem/metadata	object	-
/rows/80/result/filesystem/metadata/check	object	-
/rows/80/result/filesystem/metadata/check/bytes	integer	2095104
/rows/80/result/filesystem/metadata/check/files	integer	2048
/rows/80/result/filesystem/metadata/python	string	3.14.7
/rows/80/result/filesystem/metadata/worker_ms	float	200.942779
/rows/80/result/filesystem/metadata/workload	string	metadata
/rows/80/result/filesystem/npm	object	-
/rows/80/result/filesystem/npm/check	object	-
/rows/80/result/filesystem/npm/check/local_packages	integer	32
/rows/80/result/filesystem/npm/python	string	3.14.7
/rows/80/result/filesystem/npm/worker_ms	float	1333.725659
/rows/80/result/filesystem/npm/workload	string	npm
/rows/80/result/filesystem/read	object	-
/rows/80/result/filesystem/read/check	object	-
/rows/80/result/filesystem/read/check/bytes	integer	67108864
/rows/80/result/filesystem/read/check/sha256	string	42ef3a50fe506ced865473b082c8b28f6ce254e6e2b01266b6a563531a6267bc
/rows/80/result/filesystem/read/python	string	3.14.7
/rows/80/result/filesystem/read/worker_ms	float	115.34239
/rows/80/result/filesystem/read/workload	string	read
/rows/80/result/filesystem/rg	object	-
/rows/80/result/filesystem/rg/check	object	-
/rows/80/result/filesystem/rg/check/matches	integer	2048
/rows/80/result/filesystem/rg/python	string	3.14.7
/rows/80/result/filesystem/rg/worker_ms	float	434.18145
/rows/80/result/filesystem/rg/workload	string	rg
/rows/80/result/filesystem/write	object	-
/rows/80/result/filesystem/write/check	object	-
/rows/80/result/filesystem/write/check/bytes	integer	16777216
/rows/80/result/filesystem/write/check/files	integer	256
/rows/80/result/filesystem/write/python	string	3.14.7
/rows/80/result/filesystem/write/worker_ms	float	141.108814
/rows/80/result/filesystem/write/workload	string	write
/rows/80/result/mode	string	filesystem
/rows/80/result/worker_ms	float	3853.538785
/rows/80/result_ms	float	4234.604811
/rows/80/trial	integer	16
/rows/80/variant	string	candidate
/rows/81	object	-
/rows/81/backend	string	pvisor-staged
/rows/81/completion_ms	float	1107.499452
/rows/81/correctness	string	passed
/rows/81/logs	string	/home/reiase/workspace/pvisor/target/sb/run/candidate/trials/filesystem-pvisor-staged-016
/rows/81/memory_scope	string	owned launcher tree; Docker daemon/container RSS excluded
/rows/81/mode	string	filesystem
/rows/81/peak_tree_rss_kib	integer	177992
/rows/81/prepare_ms	float	37.54972
/rows/81/ready_ms	float	62.815749
/rows/81/result	object	-
/rows/81/result/correctness	string	passed
/rows/81/result/filesystem	object	-
/rows/81/result/filesystem/cargo	object	-
/rows/81/result/filesystem/cargo/check	object	-
/rows/81/result/filesystem/cargo/check/modules	integer	64
/rows/81/result/filesystem/cargo/check/result	string	2016
/rows/81/result/filesystem/cargo/python	string	3.14.7
/rows/81/result/filesystem/cargo/worker_ms	float	72.614955
/rows/81/result/filesystem/cargo/workload	string	cargo
/rows/81/result/filesystem/git	object	-
/rows/81/result/filesystem/git/check	object	-
/rows/81/result/filesystem/git/check/git_clean	boolean	true
/rows/81/result/filesystem/git/python	string	3.14.7
/rows/81/result/filesystem/git/worker_ms	float	125.654881
/rows/81/result/filesystem/git/workload	string	git
/rows/81/result/filesystem/metadata	object	-
/rows/81/result/filesystem/metadata/check	object	-
/rows/81/result/filesystem/metadata/check/bytes	integer	2095104
/rows/81/result/filesystem/metadata/check/files	integer	2048
/rows/81/result/filesystem/metadata/python	string	3.14.7
/rows/81/result/filesystem/metadata/worker_ms	float	76.630167
/rows/81/result/filesystem/metadata/workload	string	metadata
/rows/81/result/filesystem/npm	object	-
/rows/81/result/filesystem/npm/check	object	-
/rows/81/result/filesystem/npm/check/local_packages	integer	32
/rows/81/result/filesystem/npm/python	string	3.14.7
/rows/81/result/filesystem/npm/worker_ms	float	224.77685
/rows/81/result/filesystem/npm/workload	string	npm
/rows/81/result/filesystem/read	object	-
/rows/81/result/filesystem/read/check	object	-
/rows/81/result/filesystem/read/check/bytes	integer	67108864
/rows/81/result/filesystem/read/check/sha256	string	42ef3a50fe506ced865473b082c8b28f6ce254e6e2b01266b6a563531a6267bc
/rows/81/result/filesystem/read/python	string	3.14.7
/rows/81/result/filesystem/read/worker_ms	float	66.169427
/rows/81/result/filesystem/read/workload	string	read
/rows/81/result/filesystem/rg	object	-
/rows/81/result/filesystem/rg/check	object	-
/rows/81/result/filesystem/rg/check/matches	integer	2048
/rows/81/result/filesystem/rg/python	string	3.14.7
/rows/81/result/filesystem/rg/worker_ms	float	87.85873
/rows/81/result/filesystem/rg/workload	string	rg
/rows/81/result/filesystem/write	object	-
/rows/81/result/filesystem/write/check	object	-
/rows/81/result/filesystem/write/check/bytes	integer	16777216
/rows/81/result/filesystem/write/check/files	integer	256
/rows/81/result/filesystem/write/python	string	3.14.7
/rows/81/result/filesystem/write/worker_ms	float	26.069057
/rows/81/result/filesystem/write/workload	string	write
/rows/81/result/mode	string	filesystem
/rows/81/result/worker_ms	float	800.240275
/rows/81/result_ms	float	863.103853
/rows/81/trial	integer	16
/rows/81/variant	string	candidate
/rows/82	object	-
/rows/82/backend	string	native
/rows/82/completion_ms	float	446.454706
/rows/82/correctness	string	passed
/rows/82/logs	string	/home/reiase/workspace/pvisor/target/sb/run/native/trials/filesystem-native-016
/rows/82/memory_scope	string	owned launcher tree; Docker daemon/container RSS excluded
/rows/82/mode	string	filesystem
/rows/82/peak_tree_rss_kib	integer	134832
/rows/82/prepare_ms	float	37.01359
/rows/82/ready_ms	float	37.632535
/rows/82/result	object	-
/rows/82/result/correctness	string	passed
/rows/82/result/filesystem	object	-
/rows/82/result/filesystem/cargo	object	-
/rows/82/result/filesystem/cargo/check	object	-
/rows/82/result/filesystem/cargo/check/modules	integer	64
/rows/82/result/filesystem/cargo/check/result	string	2016
/rows/82/result/filesystem/cargo/python	string	3.14.7
/rows/82/result/filesystem/cargo/worker_ms	float	49.216762
/rows/82/result/filesystem/cargo/workload	string	cargo
/rows/82/result/filesystem/git	object	-
/rows/82/result/filesystem/git/check	object	-
/rows/82/result/filesystem/git/check/git_clean	boolean	true
/rows/82/result/filesystem/git/python	string	3.14.7
/rows/82/result/filesystem/git/worker_ms	float	15.544757
/rows/82/result/filesystem/git/workload	string	git
/rows/82/result/filesystem/metadata	object	-
/rows/82/result/filesystem/metadata/check	object	-
/rows/82/result/filesystem/metadata/check/bytes	integer	2095104
/rows/82/result/filesystem/metadata/check/files	integer	2048
/rows/82/result/filesystem/metadata/python	string	3.14.7
/rows/82/result/filesystem/metadata/worker_ms	float	5.106961
/rows/82/result/filesystem/metadata/workload	string	metadata
/rows/82/result/filesystem/npm	object	-
/rows/82/result/filesystem/npm/check	object	-
/rows/82/result/filesystem/npm/check/local_packages	integer	32
/rows/82/result/filesystem/npm/python	string	3.14.7
/rows/82/result/filesystem/npm/worker_ms	float	170.002266
/rows/82/result/filesystem/npm/workload	string	npm
/rows/82/result/filesystem/read	object	-
/rows/82/result/filesystem/read/check	object	-
/rows/82/result/filesystem/read/check/bytes	integer	67108864
/rows/82/result/filesystem/read/check/sha256	string	42ef3a50fe506ced865473b082c8b28f6ce254e6e2b01266b6a563531a6267bc
/rows/82/result/filesystem/read/python	string	3.14.7
/rows/82/result/filesystem/read/worker_ms	float	33.272909
/rows/82/result/filesystem/read/workload	string	read
/rows/82/result/filesystem/rg	object	-
/rows/82/result/filesystem/rg/check	object	-
/rows/82/result/filesystem/rg/check/matches	integer	2048
/rows/82/result/filesystem/rg/python	string	3.14.7
/rows/82/result/filesystem/rg/worker_ms	float	7.386324
/rows/82/result/filesystem/rg/workload	string	rg
/rows/82/result/filesystem/write	object	-
/rows/82/result/filesystem/write/check	object	-
/rows/82/result/filesystem/write/check/bytes	integer	16777216
/rows/82/result/filesystem/write/check/files	integer	256
/rows/82/result/filesystem/write/python	string	3.14.7
/rows/82/result/filesystem/write/worker_ms	float	3.987962
/rows/82/result/filesystem/write/workload	string	write
/rows/82/result/mode	string	filesystem
/rows/82/result/worker_ms	float	401.689381
/rows/82/result_ms	float	439.342945
/rows/82/trial	integer	16
/rows/82/variant	string	native
/rows/83	object	-
/rows/83/backend	string	pvisor-vm
/rows/83/completion_ms	float	4272.533548
/rows/83/correctness	string	passed
/rows/83/logs	string	/home/reiase/workspace/pvisor/target/sb/run/baseline/trials/filesystem-pvisor-vm-016
/rows/83/memory_scope	string	owned launcher tree; Docker daemon/container RSS excluded
/rows/83/mode	string	filesystem
/rows/83/peak_tree_rss_kib	integer	613720
/rows/83/prepare_ms	float	36.550014
/rows/83/ready_ms	float	374.503119
/rows/83/result	object	-
/rows/83/result/correctness	string	passed
/rows/83/result/filesystem	object	-
/rows/83/result/filesystem/cargo	object	-
/rows/83/result/filesystem/cargo/check	object	-
/rows/83/result/filesystem/cargo/check/modules	integer	64
/rows/83/result/filesystem/cargo/check/result	string	2016
/rows/83/result/filesystem/cargo/python	string	3.14.7
/rows/83/result/filesystem/cargo/worker_ms	float	508.737467
/rows/83/result/filesystem/cargo/workload	string	cargo
/rows/83/result/filesystem/git	object	-
/rows/83/result/filesystem/git/check	object	-
/rows/83/result/filesystem/git/check/git_clean	boolean	true
/rows/83/result/filesystem/git/python	string	3.14.7
/rows/83/result/filesystem/git/worker_ms	float	606.251101
/rows/83/result/filesystem/git/workload	string	git
/rows/83/result/filesystem/metadata	object	-
/rows/83/result/filesystem/metadata/check	object	-
/rows/83/result/filesystem/metadata/check/bytes	integer	2095104
/rows/83/result/filesystem/metadata/check/files	integer	2048
/rows/83/result/filesystem/metadata/python	string	3.14.7
/rows/83/result/filesystem/metadata/worker_ms	float	146.649585
/rows/83/result/filesystem/metadata/workload	string	metadata
/rows/83/result/filesystem/npm	object	-
/rows/83/result/filesystem/npm/check	object	-
/rows/83/result/filesystem/npm/check/local_packages	integer	32
/rows/83/result/filesystem/npm/python	string	3.14.7
/rows/83/result/filesystem/npm/worker_ms	float	1350.776191
/rows/83/result/filesystem/npm/workload	string	npm
/rows/83/result/filesystem/read	object	-
/rows/83/result/filesystem/read/check	object	-
/rows/83/result/filesystem/read/check/bytes	integer	67108864
/rows/83/result/filesystem/read/check/sha256	string	42ef3a50fe506ced865473b082c8b28f6ce254e6e2b01266b6a563531a6267bc
/rows/83/result/filesystem/read/python	string	3.14.7
/rows/83/result/filesystem/read/worker_ms	float	116.942619
/rows/83/result/filesystem/read/workload	string	read
/rows/83/result/filesystem/rg	object	-
/rows/83/result/filesystem/rg/check	object	-
/rows/83/result/filesystem/rg/check/matches	integer	2048
/rows/83/result/filesystem/rg/python	string	3.14.7
/rows/83/result/filesystem/rg/worker_ms	float	445.634665
/rows/83/result/filesystem/rg/workload	string	rg
/rows/83/result/filesystem/write	object	-
/rows/83/result/filesystem/write/check	object	-
/rows/83/result/filesystem/write/check/bytes	integer	16777216
/rows/83/result/filesystem/write/check/files	integer	256
/rows/83/result/filesystem/write/python	string	3.14.7
/rows/83/result/filesystem/write/worker_ms	float	228.487736
/rows/83/result/filesystem/write/workload	string	write
/rows/83/result/mode	string	filesystem
/rows/83/result/worker_ms	float	3824.775423
/rows/83/result_ms	float	4199.21994
/rows/83/trial	integer	16
/rows/83/variant	string	baseline
/rows/84	object	-
/rows/84/backend	string	pvisor-staged
/rows/84/completion_ms	float	1269.660385
/rows/84/correctness	string	passed
/rows/84/logs	string	/home/reiase/workspace/pvisor/target/sb/run/baseline/trials/filesystem-pvisor-staged-016
/rows/84/memory_scope	string	owned launcher tree; Docker daemon/container RSS excluded
/rows/84/mode	string	filesystem
/rows/84/peak_tree_rss_kib	integer	178156
/rows/84/prepare_ms	float	36.743666
/rows/84/ready_ms	float	59.832421
/rows/84/result	object	-
/rows/84/result/correctness	string	passed
/rows/84/result/filesystem	object	-
/rows/84/result/filesystem/cargo	object	-
/rows/84/result/filesystem/cargo/check	object	-
/rows/84/result/filesystem/cargo/check/modules	integer	64
/rows/84/result/filesystem/cargo/check/result	string	2016
/rows/84/result/filesystem/cargo/python	string	3.14.7
/rows/84/result/filesystem/cargo/worker_ms	float	107.359671
/rows/84/result/filesystem/cargo/workload	string	cargo
/rows/84/result/filesystem/git	object	-
/rows/84/result/filesystem/git/check	object	-
/rows/84/result/filesystem/git/check/git_clean	boolean	true
/rows/84/result/filesystem/git/python	string	3.14.7
/rows/84/result/filesystem/git/worker_ms	float	168.920547
/rows/84/result/filesystem/git/workload	string	git
/rows/84/result/filesystem/metadata	object	-
/rows/84/result/filesystem/metadata/check	object	-
/rows/84/result/filesystem/metadata/check/bytes	integer	2095104
/rows/84/result/filesystem/metadata/check/files	integer	2048
/rows/84/result/filesystem/metadata/python	string	3.14.7
/rows/84/result/filesystem/metadata/worker_ms	float	77.470215
/rows/84/result/filesystem/metadata/workload	string	metadata
/rows/84/result/filesystem/npm	object	-
/rows/84/result/filesystem/npm/check	object	-
/rows/84/result/filesystem/npm/check/local_packages	integer	32
/rows/84/result/filesystem/npm/python	string	3.14.7
/rows/84/result/filesystem/npm/worker_ms	float	250.750849
/rows/84/result/filesystem/npm/workload	string	npm
/rows/84/result/filesystem/read	object	-
/rows/84/result/filesystem/read/check	object	-
/rows/84/result/filesystem/read/check/bytes	integer	67108864
/rows/84/result/filesystem/read/check/sha256	string	42ef3a50fe506ced865473b082c8b28f6ce254e6e2b01266b6a563531a6267bc
/rows/84/result/filesystem/read/python	string	3.14.7
/rows/84/result/filesystem/read/worker_ms	float	66.403864
/rows/84/result/filesystem/read/workload	string	read
/rows/84/result/filesystem/rg	object	-
/rows/84/result/filesystem/rg/check	object	-
/rows/84/result/filesystem/rg/check/matches	integer	2048
/rows/84/result/filesystem/rg/python	string	3.14.7
/rows/84/result/filesystem/rg/worker_ms	float	91.092916
/rows/84/result/filesystem/rg/workload	string	rg
/rows/84/result/filesystem/write	object	-
/rows/84/result/filesystem/write/check	object	-
/rows/84/result/filesystem/write/check/bytes	integer	16777216
/rows/84/result/filesystem/write/check/files	integer	256
/rows/84/result/filesystem/write/python	string	3.14.7
/rows/84/result/filesystem/write/worker_ms	float	199.505531
/rows/84/result/filesystem/write/workload	string	write
/rows/84/result/mode	string	filesystem
/rows/84/result/worker_ms	float	1083.323388
/rows/84/result_ms	float	1143.189442
/rows/84/trial	integer	16
/rows/84/variant	string	baseline
/rows/85	object	-
/rows/85/backend	string	pvisor-vm
/rows/85/completion_ms	float	4621.38533
/rows/85/correctness	string	passed
/rows/85/logs	string	/home/reiase/workspace/pvisor/target/sb/run/baseline/trials/filesystem-pvisor-vm-017
/rows/85/memory_scope	string	owned launcher tree; Docker daemon/container RSS excluded
/rows/85/mode	string	filesystem
/rows/85/peak_tree_rss_kib	integer	609648
/rows/85/prepare_ms	float	36.020397
/rows/85/ready_ms	float	374.46049
/rows/85/result	object	-
/rows/85/result/correctness	string	passed
/rows/85/result/filesystem	object	-
/rows/85/result/filesystem/cargo	object	-
/rows/85/result/filesystem/cargo/check	object	-
/rows/85/result/filesystem/cargo/check/modules	integer	64
/rows/85/result/filesystem/cargo/check/result	string	2016
/rows/85/result/filesystem/cargo/python	string	3.14.7
/rows/85/result/filesystem/cargo/worker_ms	float	510.480333
/rows/85/result/filesystem/cargo/workload	string	cargo
/rows/85/result/filesystem/git	object	-
/rows/85/result/filesystem/git/check	object	-
/rows/85/result/filesystem/git/check/git_clean	boolean	true
/rows/85/result/filesystem/git/python	string	3.14.7
/rows/85/result/filesystem/git/worker_ms	float	541.44098
/rows/85/result/filesystem/git/workload	string	git
/rows/85/result/filesystem/metadata	object	-
/rows/85/result/filesystem/metadata/check	object	-
/rows/85/result/filesystem/metadata/check/bytes	integer	2095104
/rows/85/result/filesystem/metadata/check/files	integer	2048
/rows/85/result/filesystem/metadata/python	string	3.14.7
/rows/85/result/filesystem/metadata/worker_ms	float	118.985055
/rows/85/result/filesystem/metadata/workload	string	metadata
/rows/85/result/filesystem/npm	object	-
/rows/85/result/filesystem/npm/check	object	-
/rows/85/result/filesystem/npm/check/local_packages	integer	32
/rows/85/result/filesystem/npm/python	string	3.14.7
/rows/85/result/filesystem/npm/worker_ms	float	1710.55502
/rows/85/result/filesystem/npm/workload	string	npm
/rows/85/result/filesystem/read	object	-
/rows/85/result/filesystem/read/check	object	-
/rows/85/result/filesystem/read/check/bytes	integer	67108864
/rows/85/result/filesystem/read/check/sha256	string	42ef3a50fe506ced865473b082c8b28f6ce254e6e2b01266b6a563531a6267bc
/rows/85/result/filesystem/read/python	string	3.14.7
/rows/85/result/filesystem/read/worker_ms	float	118.343135
/rows/85/result/filesystem/read/workload	string	read
/rows/85/result/filesystem/rg	object	-
/rows/85/result/filesystem/rg/check	object	-
/rows/85/result/filesystem/rg/check/matches	integer	2048
/rows/85/result/filesystem/rg/python	string	3.14.7
/rows/85/result/filesystem/rg/worker_ms	float	452.563629
/rows/85/result/filesystem/rg/workload	string	rg
/rows/85/result/filesystem/write	object	-
/rows/85/result/filesystem/write/check	object	-
/rows/85/result/filesystem/write/check/bytes	integer	16777216
/rows/85/result/filesystem/write/check/files	integer	256
/rows/85/result/filesystem/write/python	string	3.14.7
/rows/85/result/filesystem/write/worker_ms	float	237.870564
/rows/85/result/filesystem/write/workload	string	write
/rows/85/result/mode	string	filesystem
/rows/85/result/worker_ms	float	4123.082868
/rows/85/result_ms	float	4498.479389
/rows/85/trial	integer	17
/rows/85/variant	string	baseline
/rows/86	object	-
/rows/86/backend	string	pvisor-vm
/rows/86/completion_ms	float	4296.119071
/rows/86/correctness	string	passed
/rows/86/logs	string	/home/reiase/workspace/pvisor/target/sb/run/candidate/trials/filesystem-pvisor-vm-017
/rows/86/memory_scope	string	owned launcher tree; Docker daemon/container RSS excluded
/rows/86/mode	string	filesystem
/rows/86/peak_tree_rss_kib	integer	612736
/rows/86/prepare_ms	float	36.602552
/rows/86/ready_ms	float	383.616746
/rows/86/result	object	-
/rows/86/result/correctness	string	passed
/rows/86/result/filesystem	object	-
/rows/86/result/filesystem/cargo	object	-
/rows/86/result/filesystem/cargo/check	object	-
/rows/86/result/filesystem/cargo/check/modules	integer	64
/rows/86/result/filesystem/cargo/check/result	string	2016
/rows/86/result/filesystem/cargo/python	string	3.14.7
/rows/86/result/filesystem/cargo/worker_ms	float	489.15219
/rows/86/result/filesystem/cargo/workload	string	cargo
/rows/86/result/filesystem/git	object	-
/rows/86/result/filesystem/git/check	object	-
/rows/86/result/filesystem/git/check/git_clean	boolean	true
/rows/86/result/filesystem/git/python	string	3.14.7
/rows/86/result/filesystem/git/worker_ms	float	665.798071
/rows/86/result/filesystem/git/workload	string	git
/rows/86/result/filesystem/metadata	object	-
/rows/86/result/filesystem/metadata/check	object	-
/rows/86/result/filesystem/metadata/check/bytes	integer	2095104
/rows/86/result/filesystem/metadata/check/files	integer	2048
/rows/86/result/filesystem/metadata/python	string	3.14.7
/rows/86/result/filesystem/metadata/worker_ms	float	123.735018
/rows/86/result/filesystem/metadata/workload	string	metadata
/rows/86/result/filesystem/npm	object	-
/rows/86/result/filesystem/npm/check	object	-
/rows/86/result/filesystem/npm/check/local_packages	integer	32
/rows/86/result/filesystem/npm/python	string	3.14.7
/rows/86/result/filesystem/npm/worker_ms	float	1329.864085
/rows/86/result/filesystem/npm/workload	string	npm
/rows/86/result/filesystem/read	object	-
/rows/86/result/filesystem/read/check	object	-
/rows/86/result/filesystem/read/check/bytes	integer	67108864
/rows/86/result/filesystem/read/check/sha256	string	42ef3a50fe506ced865473b082c8b28f6ce254e6e2b01266b6a563531a6267bc
/rows/86/result/filesystem/read/python	string	3.14.7
/rows/86/result/filesystem/read/worker_ms	float	116.938201
/rows/86/result/filesystem/read/workload	string	read
/rows/86/result/filesystem/rg	object	-
/rows/86/result/filesystem/rg/check	object	-
/rows/86/result/filesystem/rg/check/matches	integer	2048
/rows/86/result/filesystem/rg/python	string	3.14.7
/rows/86/result/filesystem/rg/worker_ms	float	446.374598
/rows/86/result/filesystem/rg/workload	string	rg
/rows/86/result/filesystem/write	object	-
/rows/86/result/filesystem/write/check	object	-
/rows/86/result/filesystem/write/check/bytes	integer	16777216
/rows/86/result/filesystem/write/check/files	integer	256
/rows/86/result/filesystem/write/python	string	3.14.7
/rows/86/result/filesystem/write/worker_ms	float	122.787108
/rows/86/result/filesystem/write/workload	string	write
/rows/86/result/mode	string	filesystem
/rows/86/result/worker_ms	float	3713.393081
/rows/86/result_ms	float	4097.067717
/rows/86/trial	integer	17
/rows/86/variant	string	candidate
/rows/87	object	-
/rows/87/backend	string	native
/rows/87/completion_ms	float	457.703316
/rows/87/correctness	string	passed
/rows/87/logs	string	/home/reiase/workspace/pvisor/target/sb/run/native/trials/filesystem-native-017
/rows/87/memory_scope	string	owned launcher tree; Docker daemon/container RSS excluded
/rows/87/mode	string	filesystem
/rows/87/peak_tree_rss_kib	integer	142600
/rows/87/prepare_ms	float	36.019334
/rows/87/ready_ms	float	38.337129
/rows/87/result	object	-
/rows/87/result/correctness	string	passed
/rows/87/result/filesystem	object	-
/rows/87/result/filesystem/cargo	object	-
/rows/87/result/filesystem/cargo/check	object	-
/rows/87/result/filesystem/cargo/check/modules	integer	64
/rows/87/result/filesystem/cargo/check/result	string	2016
/rows/87/result/filesystem/cargo/python	string	3.14.7
/rows/87/result/filesystem/cargo/worker_ms	float	52.873756
/rows/87/result/filesystem/cargo/workload	string	cargo
/rows/87/result/filesystem/git	object	-
/rows/87/result/filesystem/git/check	object	-
/rows/87/result/filesystem/git/check/git_clean	boolean	true
/rows/87/result/filesystem/git/python	string	3.14.7
/rows/87/result/filesystem/git/worker_ms	float	14.566532
/rows/87/result/filesystem/git/workload	string	git
/rows/87/result/filesystem/metadata	object	-
/rows/87/result/filesystem/metadata/check	object	-
/rows/87/result/filesystem/metadata/check/bytes	integer	2095104
/rows/87/result/filesystem/metadata/check/files	integer	2048
/rows/87/result/filesystem/metadata/python	string	3.14.7
/rows/87/result/filesystem/metadata/worker_ms	float	4.688669
/rows/87/result/filesystem/metadata/workload	string	metadata
/rows/87/result/filesystem/npm	object	-
/rows/87/result/filesystem/npm/check	object	-
/rows/87/result/filesystem/npm/check/local_packages	integer	32
/rows/87/result/filesystem/npm/python	string	3.14.7
/rows/87/result/filesystem/npm/worker_ms	float	171.73507
/rows/87/result/filesystem/npm/workload	string	npm
/rows/87/result/filesystem/read	object	-
/rows/87/result/filesystem/read/check	object	-
/rows/87/result/filesystem/read/check/bytes	integer	67108864
/rows/87/result/filesystem/read/check/sha256	string	42ef3a50fe506ced865473b082c8b28f6ce254e6e2b01266b6a563531a6267bc
/rows/87/result/filesystem/read/python	string	3.14.7
/rows/87/result/filesystem/read/worker_ms	float	38.016792
/rows/87/result/filesystem/read/workload	string	read
/rows/87/result/filesystem/rg	object	-
/rows/87/result/filesystem/rg/check	object	-
/rows/87/result/filesystem/rg/check/matches	integer	2048
/rows/87/result/filesystem/rg/python	string	3.14.7
/rows/87/result/filesystem/rg/worker_ms	float	10.786508
/rows/87/result/filesystem/rg/workload	string	rg
/rows/87/result/filesystem/write	object	-
/rows/87/result/filesystem/write/check	object	-
/rows/87/result/filesystem/write/check/bytes	integer	16777216
/rows/87/result/filesystem/write/check/files	integer	256
/rows/87/result/filesystem/write/python	string	3.14.7
/rows/87/result/filesystem/write/worker_ms	float	3.631207
/rows/87/result/filesystem/write/workload	string	write
/rows/87/result/mode	string	filesystem
/rows/87/result/worker_ms	float	411.239702
/rows/87/result_ms	float	449.620263
/rows/87/trial	integer	17
/rows/87/variant	string	native
/rows/88	object	-
/rows/88/backend	string	pvisor-staged
/rows/88/completion_ms	float	1325.051009
/rows/88/correctness	string	passed
/rows/88/logs	string	/home/reiase/workspace/pvisor/target/sb/run/baseline/trials/filesystem-pvisor-staged-017
/rows/88/memory_scope	string	owned launcher tree; Docker daemon/container RSS excluded
/rows/88/mode	string	filesystem
/rows/88/peak_tree_rss_kib	integer	177996
/rows/88/prepare_ms	float	36.11833
/rows/88/ready_ms	float	60.003712
/rows/88/result	object	-
/rows/88/result/correctness	string	passed
/rows/88/result/filesystem	object	-
/rows/88/result/filesystem/cargo	object	-
/rows/88/result/filesystem/cargo/check	object	-
/rows/88/result/filesystem/cargo/check/modules	integer	64
/rows/88/result/filesystem/cargo/check/result	string	2016
/rows/88/result/filesystem/cargo/python	string	3.14.7
/rows/88/result/filesystem/cargo/worker_ms	float	137.656506
/rows/88/result/filesystem/cargo/workload	string	cargo
/rows/88/result/filesystem/git	object	-
/rows/88/result/filesystem/git/check	object	-
/rows/88/result/filesystem/git/check/git_clean	boolean	true
/rows/88/result/filesystem/git/python	string	3.14.7
/rows/88/result/filesystem/git/worker_ms	float	168.384667
/rows/88/result/filesystem/git/workload	string	git
/rows/88/result/filesystem/metadata	object	-
/rows/88/result/filesystem/metadata/check	object	-
/rows/88/result/filesystem/metadata/check/bytes	integer	2095104
/rows/88/result/filesystem/metadata/check/files	integer	2048
/rows/88/result/filesystem/metadata/python	string	3.14.7
/rows/88/result/filesystem/metadata/worker_ms	float	77.608513
/rows/88/result/filesystem/metadata/workload	string	metadata
/rows/88/result/filesystem/npm	object	-
/rows/88/result/filesystem/npm/check	object	-
/rows/88/result/filesystem/npm/check/local_packages	integer	32
/rows/88/result/filesystem/npm/python	string	3.14.7
/rows/88/result/filesystem/npm/worker_ms	float	272.968609
/rows/88/result/filesystem/npm/workload	string	npm
/rows/88/result/filesystem/read	object	-
/rows/88/result/filesystem/read/check	object	-
/rows/88/result/filesystem/read/check/bytes	integer	67108864
/rows/88/result/filesystem/read/check/sha256	string	42ef3a50fe506ced865473b082c8b28f6ce254e6e2b01266b6a563531a6267bc
/rows/88/result/filesystem/read/python	string	3.14.7
/rows/88/result/filesystem/read/worker_ms	float	76.494264
/rows/88/result/filesystem/read/workload	string	read
/rows/88/result/filesystem/rg	object	-
/rows/88/result/filesystem/rg/check	object	-
/rows/88/result/filesystem/rg/check/matches	integer	2048
/rows/88/result/filesystem/rg/python	string	3.14.7
/rows/88/result/filesystem/rg/worker_ms	float	89.154688
/rows/88/result/filesystem/rg/workload	string	rg
/rows/88/result/filesystem/write	object	-
/rows/88/result/filesystem/write/check	object	-
/rows/88/result/filesystem/write/check/bytes	integer	16777216
/rows/88/result/filesystem/write/check/files	integer	256
/rows/88/result/filesystem/write/python	string	3.14.7
/rows/88/result/filesystem/write/worker_ms	float	197.336354
/rows/88/result/filesystem/write/workload	string	write
/rows/88/result/mode	string	filesystem
/rows/88/result/worker_ms	float	1141.546786
/rows/88/result_ms	float	1201.609759
/rows/88/trial	integer	17
/rows/88/variant	string	baseline
/rows/89	object	-
/rows/89/backend	string	pvisor-staged
/rows/89/completion_ms	float	1171.946515
/rows/89/correctness	string	passed
/rows/89/logs	string	/home/reiase/workspace/pvisor/target/sb/run/candidate/trials/filesystem-pvisor-staged-017
/rows/89/memory_scope	string	owned launcher tree; Docker daemon/container RSS excluded
/rows/89/mode	string	filesystem
/rows/89/peak_tree_rss_kib	integer	178724
/rows/89/prepare_ms	float	37.478508
/rows/89/ready_ms	float	63.257283
/rows/89/result	object	-
/rows/89/result/correctness	string	passed
/rows/89/result/filesystem	object	-
/rows/89/result/filesystem/cargo	object	-
/rows/89/result/filesystem/cargo/check	object	-
/rows/89/result/filesystem/cargo/check/modules	integer	64
/rows/89/result/filesystem/cargo/check/result	string	2016
/rows/89/result/filesystem/cargo/python	string	3.14.7
/rows/89/result/filesystem/cargo/worker_ms	float	92.001892
/rows/89/result/filesystem/cargo/workload	string	cargo
/rows/89/result/filesystem/git	object	-
/rows/89/result/filesystem/git/check	object	-
/rows/89/result/filesystem/git/check/git_clean	boolean	true
/rows/89/result/filesystem/git/python	string	3.14.7
/rows/89/result/filesystem/git/worker_ms	float	126.087779
/rows/89/result/filesystem/git/workload	string	git
/rows/89/result/filesystem/metadata	object	-
/rows/89/result/filesystem/metadata/check	object	-
/rows/89/result/filesystem/metadata/check/bytes	integer	2095104
/rows/89/result/filesystem/metadata/check/files	integer	2048
/rows/89/result/filesystem/metadata/python	string	3.14.7
/rows/89/result/filesystem/metadata/worker_ms	float	76.471832
/rows/89/result/filesystem/metadata/workload	string	metadata
/rows/89/result/filesystem/npm	object	-
/rows/89/result/filesystem/npm/check	object	-
/rows/89/result/filesystem/npm/check/local_packages	integer	32
/rows/89/result/filesystem/npm/python	string	3.14.7
/rows/89/result/filesystem/npm/worker_ms	float	228.795439
/rows/89/result/filesystem/npm/workload	string	npm
/rows/89/result/filesystem/read	object	-
/rows/89/result/filesystem/read/check	object	-
/rows/89/result/filesystem/read/check/bytes	integer	67108864
/rows/89/result/filesystem/read/check/sha256	string	42ef3a50fe506ced865473b082c8b28f6ce254e6e2b01266b6a563531a6267bc
/rows/89/result/filesystem/read/python	string	3.14.7
/rows/89/result/filesystem/read/worker_ms	float	86.823369
/rows/89/result/filesystem/read/workload	string	read
/rows/89/result/filesystem/rg	object	-
/rows/89/result/filesystem/rg/check	object	-
/rows/89/result/filesystem/rg/check/matches	integer	2048
/rows/89/result/filesystem/rg/python	string	3.14.7
/rows/89/result/filesystem/rg/worker_ms	float	87.501685
/rows/89/result/filesystem/rg/workload	string	rg
/rows/89/result/filesystem/write	object	-
/rows/89/result/filesystem/write/check	object	-
/rows/89/result/filesystem/write/check/bytes	integer	16777216
/rows/89/result/filesystem/write/check/files	integer	256
/rows/89/result/filesystem/write/python	string	3.14.7
/rows/89/result/filesystem/write/worker_ms	float	26.735691
/rows/89/result/filesystem/write/workload	string	write
/rows/89/result/mode	string	filesystem
/rows/89/result/worker_ms	float	846.997477
/rows/89/result_ms	float	910.30863
/rows/89/trial	integer	17
/rows/89/variant	string	candidate
/rows/90	object	-
/rows/90/backend	string	native
/rows/90/completion_ms	float	444.893964
/rows/90/correctness	string	passed
/rows/90/logs	string	/home/reiase/workspace/pvisor/target/sb/run/native/trials/filesystem-native-018
/rows/90/memory_scope	string	owned launcher tree; Docker daemon/container RSS excluded
/rows/90/mode	string	filesystem
/rows/90/peak_tree_rss_kib	integer	137144
/rows/90/prepare_ms	float	37.152179
/rows/90/ready_ms	float	38.491739
/rows/90/result	object	-
/rows/90/result/correctness	string	passed
/rows/90/result/filesystem	object	-
/rows/90/result/filesystem/cargo	object	-
/rows/90/result/filesystem/cargo/check	object	-
/rows/90/result/filesystem/cargo/check/modules	integer	64
/rows/90/result/filesystem/cargo/check/result	string	2016
/rows/90/result/filesystem/cargo/python	string	3.14.7
/rows/90/result/filesystem/cargo/worker_ms	float	51.480536
/rows/90/result/filesystem/cargo/workload	string	cargo
/rows/90/result/filesystem/git	object	-
/rows/90/result/filesystem/git/check	object	-
/rows/90/result/filesystem/git/check/git_clean	boolean	true
/rows/90/result/filesystem/git/python	string	3.14.7
/rows/90/result/filesystem/git/worker_ms	float	15.671555
/rows/90/result/filesystem/git/workload	string	git
/rows/90/result/filesystem/metadata	object	-
/rows/90/result/filesystem/metadata/check	object	-
/rows/90/result/filesystem/metadata/check/bytes	integer	2095104
/rows/90/result/filesystem/metadata/check/files	integer	2048
/rows/90/result/filesystem/metadata/python	string	3.14.7
/rows/90/result/filesystem/metadata/worker_ms	float	4.659925
/rows/90/result/filesystem/metadata/workload	string	metadata
/rows/90/result/filesystem/npm	object	-
/rows/90/result/filesystem/npm/check	object	-
/rows/90/result/filesystem/npm/check/local_packages	integer	32
/rows/90/result/filesystem/npm/python	string	3.14.7
/rows/90/result/filesystem/npm/worker_ms	float	167.761965
/rows/90/result/filesystem/npm/workload	string	npm
/rows/90/result/filesystem/read	object	-
/rows/90/result/filesystem/read/check	object	-
/rows/90/result/filesystem/read/check/bytes	integer	67108864
/rows/90/result/filesystem/read/check/sha256	string	42ef3a50fe506ced865473b082c8b28f6ce254e6e2b01266b6a563531a6267bc
/rows/90/result/filesystem/read/python	string	3.14.7
/rows/90/result/filesystem/read/worker_ms	float	31.845817
/rows/90/result/filesystem/read/workload	string	read
/rows/90/result/filesystem/rg	object	-
/rows/90/result/filesystem/rg/check	object	-
/rows/90/result/filesystem/rg/check/matches	integer	2048
/rows/90/result/filesystem/rg/python	string	3.14.7
/rows/90/result/filesystem/rg/worker_ms	float	8.081421
/rows/90/result/filesystem/rg/workload	string	rg
/rows/90/result/filesystem/write	object	-
/rows/90/result/filesystem/write/check	object	-
/rows/90/result/filesystem/write/check/bytes	integer	16777216
/rows/90/result/filesystem/write/check/files	integer	256
/rows/90/result/filesystem/write/python	string	3.14.7
/rows/90/result/filesystem/write/worker_ms	float	3.594718
/rows/90/result/filesystem/write/workload	string	write
/rows/90/result/mode	string	filesystem
/rows/90/result/worker_ms	float	397.623323
/rows/90/result_ms	float	436.152432
/rows/90/trial	integer	18
/rows/90/variant	string	native
/rows/91	object	-
/rows/91/backend	string	pvisor-staged
/rows/91/completion_ms	float	1330.446547
/rows/91/correctness	string	passed
/rows/91/logs	string	/home/reiase/workspace/pvisor/target/sb/run/baseline/trials/filesystem-pvisor-staged-018
/rows/91/memory_scope	string	owned launcher tree; Docker daemon/container RSS excluded
/rows/91/mode	string	filesystem
/rows/91/peak_tree_rss_kib	integer	178672
/rows/91/prepare_ms	float	37.899643
/rows/91/ready_ms	float	59.523896
/rows/91/result	object	-
/rows/91/result/correctness	string	passed
/rows/91/result/filesystem	object	-
/rows/91/result/filesystem/cargo	object	-
/rows/91/result/filesystem/cargo/check	object	-
/rows/91/result/filesystem/cargo/check/modules	integer	64
/rows/91/result/filesystem/cargo/check/result	string	2016
/rows/91/result/filesystem/cargo/python	string	3.14.7
/rows/91/result/filesystem/cargo/worker_ms	float	121.735317
/rows/91/result/filesystem/cargo/workload	string	cargo
/rows/91/result/filesystem/git	object	-
/rows/91/result/filesystem/git/check	object	-
/rows/91/result/filesystem/git/check/git_clean	boolean	true
/rows/91/result/filesystem/git/python	string	3.14.7
/rows/91/result/filesystem/git/worker_ms	float	168.536751
/rows/91/result/filesystem/git/workload	string	git
/rows/91/result/filesystem/metadata	object	-
/rows/91/result/filesystem/metadata/check	object	-
/rows/91/result/filesystem/metadata/check/bytes	integer	2095104
/rows/91/result/filesystem/metadata/check/files	integer	2048
/rows/91/result/filesystem/metadata/python	string	3.14.7
/rows/91/result/filesystem/metadata/worker_ms	float	77.529705
/rows/91/result/filesystem/metadata/workload	string	metadata
/rows/91/result/filesystem/npm	object	-
/rows/91/result/filesystem/npm/check	object	-
/rows/91/result/filesystem/npm/check/local_packages	integer	32
/rows/91/result/filesystem/npm/python	string	3.14.7
/rows/91/result/filesystem/npm/worker_ms	float	271.903832
/rows/91/result/filesystem/npm/workload	string	npm
/rows/91/result/filesystem/read	object	-
/rows/91/result/filesystem/read/check	object	-
/rows/91/result/filesystem/read/check/bytes	integer	67108864
/rows/91/result/filesystem/read/check/sha256	string	42ef3a50fe506ced865473b082c8b28f6ce254e6e2b01266b6a563531a6267bc
/rows/91/result/filesystem/read/python	string	3.14.7
/rows/91/result/filesystem/read/worker_ms	float	84.27324
/rows/91/result/filesystem/read/workload	string	read
/rows/91/result/filesystem/rg	object	-
/rows/91/result/filesystem/rg/check	object	-
/rows/91/result/filesystem/rg/check/matches	integer	2048
/rows/91/result/filesystem/rg/python	string	3.14.7
/rows/91/result/filesystem/rg/worker_ms	float	90.777768
/rows/91/result/filesystem/rg/workload	string	rg
/rows/91/result/filesystem/write	object	-
/rows/91/result/filesystem/write/check	object	-
/rows/91/result/filesystem/write/check/bytes	integer	16777216
/rows/91/result/filesystem/write/check/files	integer	256
/rows/91/result/filesystem/write/python	string	3.14.7
/rows/91/result/filesystem/write/worker_ms	float	203.193724
/rows/91/result/filesystem/write/workload	string	write
/rows/91/result/mode	string	filesystem
/rows/91/result/worker_ms	float	1142.097374
/rows/91/result_ms	float	1201.666404
/rows/91/trial	integer	18
/rows/91/variant	string	baseline
/rows/92	object	-
/rows/92/backend	string	pvisor-staged
/rows/92/completion_ms	float	1142.407041
/rows/92/correctness	string	passed
/rows/92/logs	string	/home/reiase/workspace/pvisor/target/sb/run/candidate/trials/filesystem-pvisor-staged-018
/rows/92/memory_scope	string	owned launcher tree; Docker daemon/container RSS excluded
/rows/92/mode	string	filesystem
/rows/92/peak_tree_rss_kib	integer	178144
/rows/92/prepare_ms	float	36.89567
/rows/92/ready_ms	float	64.481056
/rows/92/result	object	-
/rows/92/result/correctness	string	passed
/rows/92/result/filesystem	object	-
/rows/92/result/filesystem/cargo	object	-
/rows/92/result/filesystem/cargo/check	object	-
/rows/92/result/filesystem/cargo/check/modules	integer	64
/rows/92/result/filesystem/cargo/check/result	string	2016
/rows/92/result/filesystem/cargo/python	string	3.14.7
/rows/92/result/filesystem/cargo/worker_ms	float	89.665672
/rows/92/result/filesystem/cargo/workload	string	cargo
/rows/92/result/filesystem/git	object	-
/rows/92/result/filesystem/git/check	object	-
/rows/92/result/filesystem/git/check/git_clean	boolean	true
/rows/92/result/filesystem/git/python	string	3.14.7
/rows/92/result/filesystem/git/worker_ms	float	122.273881
/rows/92/result/filesystem/git/workload	string	git
/rows/92/result/filesystem/metadata	object	-
/rows/92/result/filesystem/metadata/check	object	-
/rows/92/result/filesystem/metadata/check/bytes	integer	2095104
/rows/92/result/filesystem/metadata/check/files	integer	2048
/rows/92/result/filesystem/metadata/python	string	3.14.7
/rows/92/result/filesystem/metadata/worker_ms	float	77.180164
/rows/92/result/filesystem/metadata/workload	string	metadata
/rows/92/result/filesystem/npm	object	-
/rows/92/result/filesystem/npm/check	object	-
/rows/92/result/filesystem/npm/check/local_packages	integer	32
/rows/92/result/filesystem/npm/python	string	3.14.7
/rows/92/result/filesystem/npm/worker_ms	float	233.076407
/rows/92/result/filesystem/npm/workload	string	npm
/rows/92/result/filesystem/read	object	-
/rows/92/result/filesystem/read/check	object	-
/rows/92/result/filesystem/read/check/bytes	integer	67108864
/rows/92/result/filesystem/read/check/sha256	string	42ef3a50fe506ced865473b082c8b28f6ce254e6e2b01266b6a563531a6267bc
/rows/92/result/filesystem/read/python	string	3.14.7
/rows/92/result/filesystem/read/worker_ms	float	76.288339
/rows/92/result/filesystem/read/workload	string	read
/rows/92/result/filesystem/rg	object	-
/rows/92/result/filesystem/rg/check	object	-
/rows/92/result/filesystem/rg/check/matches	integer	2048
/rows/92/result/filesystem/rg/python	string	3.14.7
/rows/92/result/filesystem/rg/worker_ms	float	86.128712
/rows/92/result/filesystem/rg/workload	string	rg
/rows/92/result/filesystem/write	object	-
/rows/92/result/filesystem/write/check	object	-
/rows/92/result/filesystem/write/check/bytes	integer	16777216
/rows/92/result/filesystem/write/check/files	integer	256
/rows/92/result/filesystem/write/python	string	3.14.7
/rows/92/result/filesystem/write/worker_ms	float	27.622696
/rows/92/result/filesystem/write/workload	string	write
/rows/92/result/mode	string	filesystem
/rows/92/result/worker_ms	float	832.875294
/rows/92/result_ms	float	897.401143
/rows/92/trial	integer	18
/rows/92/variant	string	candidate
/rows/93	object	-
/rows/93/backend	string	pvisor-vm
/rows/93/completion_ms	float	4758.763057
/rows/93/correctness	string	passed
/rows/93/logs	string	/home/reiase/workspace/pvisor/target/sb/run/candidate/trials/filesystem-pvisor-vm-018
/rows/93/memory_scope	string	owned launcher tree; Docker daemon/container RSS excluded
/rows/93/mode	string	filesystem
/rows/93/peak_tree_rss_kib	integer	608596
/rows/93/prepare_ms	float	37.114769
/rows/93/ready_ms	float	400.60638
/rows/93/result	object	-
/rows/93/result/correctness	string	passed
/rows/93/result/filesystem	object	-
/rows/93/result/filesystem/cargo	object	-
/rows/93/result/filesystem/cargo/check	object	-
/rows/93/result/filesystem/cargo/check/modules	integer	64
/rows/93/result/filesystem/cargo/check/result	string	2016
/rows/93/result/filesystem/cargo/python	string	3.14.7
/rows/93/result/filesystem/cargo/worker_ms	float	516.291409
/rows/93/result/filesystem/cargo/workload	string	cargo
/rows/93/result/filesystem/git	object	-
/rows/93/result/filesystem/git/check	object	-
/rows/93/result/filesystem/git/check/git_clean	boolean	true
/rows/93/result/filesystem/git/python	string	3.14.7
/rows/93/result/filesystem/git/worker_ms	float	365.490238
/rows/93/result/filesystem/git/workload	string	git
/rows/93/result/filesystem/metadata	object	-
/rows/93/result/filesystem/metadata/check	object	-
/rows/93/result/filesystem/metadata/check/bytes	integer	2095104
/rows/93/result/filesystem/metadata/check/files	integer	2048
/rows/93/result/filesystem/metadata/python	string	3.14.7
/rows/93/result/filesystem/metadata/worker_ms	float	124.570789
/rows/93/result/filesystem/metadata/workload	string	metadata
/rows/93/result/filesystem/npm	object	-
/rows/93/result/filesystem/npm/check	object	-
/rows/93/result/filesystem/npm/check/local_packages	integer	32
/rows/93/result/filesystem/npm/python	string	3.14.7
/rows/93/result/filesystem/npm/worker_ms	float	1816.436867
/rows/93/result/filesystem/npm/workload	string	npm
/rows/93/result/filesystem/read	object	-
/rows/93/result/filesystem/read/check	object	-
/rows/93/result/filesystem/read/check/bytes	integer	67108864
/rows/93/result/filesystem/read/check/sha256	string	42ef3a50fe506ced865473b082c8b28f6ce254e6e2b01266b6a563531a6267bc
/rows/93/result/filesystem/read/python	string	3.14.7
/rows/93/result/filesystem/read/worker_ms	float	134.086064
/rows/93/result/filesystem/read/workload	string	read
/rows/93/result/filesystem/rg	object	-
/rows/93/result/filesystem/rg/check	object	-
/rows/93/result/filesystem/rg/check/matches	integer	2048
/rows/93/result/filesystem/rg/python	string	3.14.7
/rows/93/result/filesystem/rg/worker_ms	float	463.473249
/rows/93/result/filesystem/rg/workload	string	rg
/rows/93/result/filesystem/write	object	-
/rows/93/result/filesystem/write/check	object	-
/rows/93/result/filesystem/write/check/bytes	integer	16777216
/rows/93/result/filesystem/write/check/files	integer	256
/rows/93/result/filesystem/write/python	string	3.14.7
/rows/93/result/filesystem/write/worker_ms	float	239.012968
/rows/93/result/filesystem/write/workload	string	write
/rows/93/result/mode	string	filesystem
/rows/93/result/worker_ms	float	4141.630396
/rows/93/result_ms	float	4543.098752
/rows/93/trial	integer	18
/rows/93/variant	string	candidate
/rows/94	object	-
/rows/94/backend	string	pvisor-vm
/rows/94/completion_ms	float	4672.485477
/rows/94/correctness	string	passed
/rows/94/logs	string	/home/reiase/workspace/pvisor/target/sb/run/baseline/trials/filesystem-pvisor-vm-018
/rows/94/memory_scope	string	owned launcher tree; Docker daemon/container RSS excluded
/rows/94/mode	string	filesystem
/rows/94/peak_tree_rss_kib	integer	611832
/rows/94/prepare_ms	float	37.835855
/rows/94/ready_ms	float	383.579567
/rows/94/result	object	-
/rows/94/result/correctness	string	passed
/rows/94/result/filesystem	object	-
/rows/94/result/filesystem/cargo	object	-
/rows/94/result/filesystem/cargo/check	object	-
/rows/94/result/filesystem/cargo/check/modules	integer	64
/rows/94/result/filesystem/cargo/check/result	string	2016
/rows/94/result/filesystem/cargo/python	string	3.14.7
/rows/94/result/filesystem/cargo/worker_ms	float	498.804201
/rows/94/result/filesystem/cargo/workload	string	cargo
/rows/94/result/filesystem/git	object	-
/rows/94/result/filesystem/git/check	object	-
/rows/94/result/filesystem/git/check/git_clean	boolean	true
/rows/94/result/filesystem/git/python	string	3.14.7
/rows/94/result/filesystem/git/worker_ms	float	689.105902
/rows/94/result/filesystem/git/workload	string	git
/rows/94/result/filesystem/metadata	object	-
/rows/94/result/filesystem/metadata/check	object	-
/rows/94/result/filesystem/metadata/check/bytes	integer	2095104
/rows/94/result/filesystem/metadata/check/files	integer	2048
/rows/94/result/filesystem/metadata/python	string	3.14.7
/rows/94/result/filesystem/metadata/worker_ms	float	116.085458
/rows/94/result/filesystem/metadata/workload	string	metadata
/rows/94/result/filesystem/npm	object	-
/rows/94/result/filesystem/npm/check	object	-
/rows/94/result/filesystem/npm/check/local_packages	integer	32
/rows/94/result/filesystem/npm/python	string	3.14.7
/rows/94/result/filesystem/npm/worker_ms	float	1673.814625
/rows/94/result/filesystem/npm/workload	string	npm
/rows/94/result/filesystem/read	object	-
/rows/94/result/filesystem/read/check	object	-
/rows/94/result/filesystem/read/check/bytes	integer	67108864
/rows/94/result/filesystem/read/check/sha256	string	42ef3a50fe506ced865473b082c8b28f6ce254e6e2b01266b6a563531a6267bc
/rows/94/result/filesystem/read/python	string	3.14.7
/rows/94/result/filesystem/read/worker_ms	float	118.611647
/rows/94/result/filesystem/read/workload	string	read
/rows/94/result/filesystem/rg	object	-
/rows/94/result/filesystem/rg/check	object	-
/rows/94/result/filesystem/rg/check/matches	integer	2048
/rows/94/result/filesystem/rg/python	string	3.14.7
/rows/94/result/filesystem/rg/worker_ms	float	431.586332
/rows/94/result/filesystem/rg/workload	string	rg
/rows/94/result/filesystem/write	object	-
/rows/94/result/filesystem/write/check	object	-
/rows/94/result/filesystem/write/check/bytes	integer	16777216
/rows/94/result/filesystem/write/check/files	integer	256
/rows/94/result/filesystem/write/python	string	3.14.7
/rows/94/result/filesystem/write/worker_ms	float	208.091875
/rows/94/result/filesystem/write/workload	string	write
/rows/94/result/mode	string	filesystem
/rows/94/result/worker_ms	float	4167.542072
/rows/94/result_ms	float	4552.088568
/rows/94/trial	integer	18
/rows/94/variant	string	baseline
/rows/95	object	-
/rows/95/backend	string	pvisor-staged
/rows/95/completion_ms	float	1289.068182
/rows/95/correctness	string	passed
/rows/95/logs	string	/home/reiase/workspace/pvisor/target/sb/run/baseline/trials/filesystem-pvisor-staged-019
/rows/95/memory_scope	string	owned launcher tree; Docker daemon/container RSS excluded
/rows/95/mode	string	filesystem
/rows/95/peak_tree_rss_kib	integer	192296
/rows/95/prepare_ms	float	38.257852
/rows/95/ready_ms	float	64.111336
/rows/95/result	object	-
/rows/95/result/correctness	string	passed
/rows/95/result/filesystem	object	-
/rows/95/result/filesystem/cargo	object	-
/rows/95/result/filesystem/cargo/check	object	-
/rows/95/result/filesystem/cargo/check/modules	integer	64
/rows/95/result/filesystem/cargo/check/result	string	2016
/rows/95/result/filesystem/cargo/python	string	3.14.7
/rows/95/result/filesystem/cargo/worker_ms	float	106.181261
/rows/95/result/filesystem/cargo/workload	string	cargo
/rows/95/result/filesystem/git	object	-
/rows/95/result/filesystem/git/check	object	-
/rows/95/result/filesystem/git/check/git_clean	boolean	true
/rows/95/result/filesystem/git/python	string	3.14.7
/rows/95/result/filesystem/git/worker_ms	float	169.599554
/rows/95/result/filesystem/git/workload	string	git
/rows/95/result/filesystem/metadata	object	-
/rows/95/result/filesystem/metadata/check	object	-
/rows/95/result/filesystem/metadata/check/bytes	integer	2095104
/rows/95/result/filesystem/metadata/check/files	integer	2048
/rows/95/result/filesystem/metadata/python	string	3.14.7
/rows/95/result/filesystem/metadata/worker_ms	float	76.664151
/rows/95/result/filesystem/metadata/workload	string	metadata
/rows/95/result/filesystem/npm	object	-
/rows/95/result/filesystem/npm/check	object	-
/rows/95/result/filesystem/npm/check/local_packages	integer	32
/rows/95/result/filesystem/npm/python	string	3.14.7
/rows/95/result/filesystem/npm/worker_ms	float	254.619819
/rows/95/result/filesystem/npm/workload	string	npm
/rows/95/result/filesystem/read	object	-
/rows/95/result/filesystem/read/check	object	-
/rows/95/result/filesystem/read/check/bytes	integer	67108864
/rows/95/result/filesystem/read/check/sha256	string	42ef3a50fe506ced865473b082c8b28f6ce254e6e2b01266b6a563531a6267bc
/rows/95/result/filesystem/read/python	string	3.14.7
/rows/95/result/filesystem/read/worker_ms	float	68.801118
/rows/95/result/filesystem/read/workload	string	read
/rows/95/result/filesystem/rg	object	-
/rows/95/result/filesystem/rg/check	object	-
/rows/95/result/filesystem/rg/check/matches	integer	2048
/rows/95/result/filesystem/rg/python	string	3.14.7
/rows/95/result/filesystem/rg/worker_ms	float	89.523477
/rows/95/result/filesystem/rg/workload	string	rg
/rows/95/result/filesystem/write	object	-
/rows/95/result/filesystem/write/check	object	-
/rows/95/result/filesystem/write/check/bytes	integer	16777216
/rows/95/result/filesystem/write/check/files	integer	256
/rows/95/result/filesystem/write/python	string	3.14.7
/rows/95/result/filesystem/write/worker_ms	float	205.316645
/rows/95/result/filesystem/write/workload	string	write
/rows/95/result/mode	string	filesystem
/rows/95/result/worker_ms	float	1093.704921
/rows/95/result_ms	float	1157.881749
/rows/95/trial	integer	19
/rows/95/variant	string	baseline
/rows/96	object	-
/rows/96/backend	string	pvisor-staged
/rows/96/completion_ms	float	1109.75995
/rows/96/correctness	string	passed
/rows/96/logs	string	/home/reiase/workspace/pvisor/target/sb/run/candidate/trials/filesystem-pvisor-staged-019
/rows/96/memory_scope	string	owned launcher tree; Docker daemon/container RSS excluded
/rows/96/mode	string	filesystem
/rows/96/peak_tree_rss_kib	integer	174172
/rows/96/prepare_ms	float	37.382449
/rows/96/ready_ms	float	62.798165
/rows/96/result	object	-
/rows/96/result/correctness	string	passed
/rows/96/result/filesystem	object	-
/rows/96/result/filesystem/cargo	object	-
/rows/96/result/filesystem/cargo/check	object	-
/rows/96/result/filesystem/cargo/check/modules	integer	64
/rows/96/result/filesystem/cargo/check/result	string	2016
/rows/96/result/filesystem/cargo/python	string	3.14.7
/rows/96/result/filesystem/cargo/worker_ms	float	73.285115
/rows/96/result/filesystem/cargo/workload	string	cargo
/rows/96/result/filesystem/git	object	-
/rows/96/result/filesystem/git/check	object	-
/rows/96/result/filesystem/git/check/git_clean	boolean	true
/rows/96/result/filesystem/git/python	string	3.14.7
/rows/96/result/filesystem/git/worker_ms	float	122.553563
/rows/96/result/filesystem/git/workload	string	git
/rows/96/result/filesystem/metadata	object	-
/rows/96/result/filesystem/metadata/check	object	-
/rows/96/result/filesystem/metadata/check/bytes	integer	2095104
/rows/96/result/filesystem/metadata/check/files	integer	2048
/rows/96/result/filesystem/metadata/python	string	3.14.7
/rows/96/result/filesystem/metadata/worker_ms	float	81.748418
/rows/96/result/filesystem/metadata/workload	string	metadata
/rows/96/result/filesystem/npm	object	-
/rows/96/result/filesystem/npm/check	object	-
/rows/96/result/filesystem/npm/check/local_packages	integer	32
/rows/96/result/filesystem/npm/python	string	3.14.7
/rows/96/result/filesystem/npm/worker_ms	float	225.35013
/rows/96/result/filesystem/npm/workload	string	npm
/rows/96/result/filesystem/read	object	-
/rows/96/result/filesystem/read/check	object	-
/rows/96/result/filesystem/read/check/bytes	integer	67108864
/rows/96/result/filesystem/read/check/sha256	string	42ef3a50fe506ced865473b082c8b28f6ce254e6e2b01266b6a563531a6267bc
/rows/96/result/filesystem/read/python	string	3.14.7
/rows/96/result/filesystem/read/worker_ms	float	66.504623
/rows/96/result/filesystem/read/workload	string	read
/rows/96/result/filesystem/rg	object	-
/rows/96/result/filesystem/rg/check	object	-
/rows/96/result/filesystem/rg/check/matches	integer	2048
/rows/96/result/filesystem/rg/python	string	3.14.7
/rows/96/result/filesystem/rg/worker_ms	float	88.157187
/rows/96/result/filesystem/rg/workload	string	rg
/rows/96/result/filesystem/write	object	-
/rows/96/result/filesystem/write/check	object	-
/rows/96/result/filesystem/write/check/bytes	integer	16777216
/rows/96/result/filesystem/write/check/files	integer	256
/rows/96/result/filesystem/write/python	string	3.14.7
/rows/96/result/filesystem/write/worker_ms	float	26.70869
/rows/96/result/filesystem/write/workload	string	write
/rows/96/result/mode	string	filesystem
/rows/96/result/worker_ms	float	807.329925
/rows/96/result_ms	float	870.212488
/rows/96/trial	integer	19
/rows/96/variant	string	candidate
/rows/97	object	-
/rows/97/backend	string	pvisor-vm
/rows/97/completion_ms	float	4253.228935
/rows/97/correctness	string	passed
/rows/97/logs	string	/home/reiase/workspace/pvisor/target/sb/run/baseline/trials/filesystem-pvisor-vm-019
/rows/97/memory_scope	string	owned launcher tree; Docker daemon/container RSS excluded
/rows/97/mode	string	filesystem
/rows/97/peak_tree_rss_kib	integer	611988
/rows/97/prepare_ms	float	36.705775
/rows/97/ready_ms	float	378.300656
/rows/97/result	object	-
/rows/97/result/correctness	string	passed
/rows/97/result/filesystem	object	-
/rows/97/result/filesystem/cargo	object	-
/rows/97/result/filesystem/cargo/check	object	-
/rows/97/result/filesystem/cargo/check/modules	integer	64
/rows/97/result/filesystem/cargo/check/result	string	2016
/rows/97/result/filesystem/cargo/python	string	3.14.7
/rows/97/result/filesystem/cargo/worker_ms	float	485.965027
/rows/97/result/filesystem/cargo/workload	string	cargo
/rows/97/result/filesystem/git	object	-
/rows/97/result/filesystem/git/check	object	-
/rows/97/result/filesystem/git/check/git_clean	boolean	true
/rows/97/result/filesystem/git/python	string	3.14.7
/rows/97/result/filesystem/git/worker_ms	float	359.393128
/rows/97/result/filesystem/git/workload	string	git
/rows/97/result/filesystem/metadata	object	-
/rows/97/result/filesystem/metadata/check	object	-
/rows/97/result/filesystem/metadata/check/bytes	integer	2095104
/rows/97/result/filesystem/metadata/check/files	integer	2048
/rows/97/result/filesystem/metadata/python	string	3.14.7
/rows/97/result/filesystem/metadata/worker_ms	float	121.260345
/rows/97/result/filesystem/metadata/workload	string	metadata
/rows/97/result/filesystem/npm	object	-
/rows/97/result/filesystem/npm/check	object	-
/rows/97/result/filesystem/npm/check/local_packages	integer	32
/rows/97/result/filesystem/npm/python	string	3.14.7
/rows/97/result/filesystem/npm/worker_ms	float	1541.126973
/rows/97/result/filesystem/npm/workload	string	npm
/rows/97/result/filesystem/read	object	-
/rows/97/result/filesystem/read/check	object	-
/rows/97/result/filesystem/read/check/bytes	integer	67108864
/rows/97/result/filesystem/read/check/sha256	string	42ef3a50fe506ced865473b082c8b28f6ce254e6e2b01266b6a563531a6267bc
/rows/97/result/filesystem/read/python	string	3.14.7
/rows/97/result/filesystem/read/worker_ms	float	119.391624
/rows/97/result/filesystem/read/workload	string	read
/rows/97/result/filesystem/rg	object	-
/rows/97/result/filesystem/rg/check	object	-
/rows/97/result/filesystem/rg/check/matches	integer	2048
/rows/97/result/filesystem/rg/python	string	3.14.7
/rows/97/result/filesystem/rg/worker_ms	float	449.347401
/rows/97/result/filesystem/rg/workload	string	rg
/rows/97/result/filesystem/write	object	-
/rows/97/result/filesystem/write/check	object	-
/rows/97/result/filesystem/write/check/bytes	integer	16777216
/rows/97/result/filesystem/write/check/files	integer	256
/rows/97/result/filesystem/write/python	string	3.14.7
/rows/97/result/filesystem/write/worker_ms	float	229.288141
/rows/97/result/filesystem/write/workload	string	write
/rows/97/result/mode	string	filesystem
/rows/97/result/worker_ms	float	3746.777636
/rows/97/result_ms	float	4125.981032
/rows/97/trial	integer	19
/rows/97/variant	string	baseline
/rows/98	object	-
/rows/98/backend	string	native
/rows/98/completion_ms	float	461.503428
/rows/98/correctness	string	passed
/rows/98/logs	string	/home/reiase/workspace/pvisor/target/sb/run/native/trials/filesystem-native-019
/rows/98/memory_scope	string	owned launcher tree; Docker daemon/container RSS excluded
/rows/98/mode	string	filesystem
/rows/98/peak_tree_rss_kib	integer	140784
/rows/98/prepare_ms	float	37.061009
/rows/98/ready_ms	float	47.32422
/rows/98/result	object	-
/rows/98/result/correctness	string	passed
/rows/98/result/filesystem	object	-
/rows/98/result/filesystem/cargo	object	-
/rows/98/result/filesystem/cargo/check	object	-
/rows/98/result/filesystem/cargo/check/modules	integer	64
/rows/98/result/filesystem/cargo/check/result	string	2016
/rows/98/result/filesystem/cargo/python	string	3.14.7
/rows/98/result/filesystem/cargo/worker_ms	float	53.521785
/rows/98/result/filesystem/cargo/workload	string	cargo
/rows/98/result/filesystem/git	object	-
/rows/98/result/filesystem/git/check	object	-
/rows/98/result/filesystem/git/check/git_clean	boolean	true
/rows/98/result/filesystem/git/python	string	3.14.7
/rows/98/result/filesystem/git/worker_ms	float	14.732182
/rows/98/result/filesystem/git/workload	string	git
/rows/98/result/filesystem/metadata	object	-
/rows/98/result/filesystem/metadata/check	object	-
/rows/98/result/filesystem/metadata/check/bytes	integer	2095104
/rows/98/result/filesystem/metadata/check/files	integer	2048
/rows/98/result/filesystem/metadata/python	string	3.14.7
/rows/98/result/filesystem/metadata/worker_ms	float	4.61931
/rows/98/result/filesystem/metadata/workload	string	metadata
/rows/98/result/filesystem/npm	object	-
/rows/98/result/filesystem/npm/check	object	-
/rows/98/result/filesystem/npm/check/local_packages	integer	32
/rows/98/result/filesystem/npm/python	string	3.14.7
/rows/98/result/filesystem/npm/worker_ms	float	175.736787
/rows/98/result/filesystem/npm/workload	string	npm
/rows/98/result/filesystem/read	object	-
/rows/98/result/filesystem/read/check	object	-
/rows/98/result/filesystem/read/check/bytes	integer	67108864
/rows/98/result/filesystem/read/check/sha256	string	42ef3a50fe506ced865473b082c8b28f6ce254e6e2b01266b6a563531a6267bc
/rows/98/result/filesystem/read/python	string	3.14.7
/rows/98/result/filesystem/read/worker_ms	float	31.933971
/rows/98/result/filesystem/read/workload	string	read
/rows/98/result/filesystem/rg	object	-
/rows/98/result/filesystem/rg/check	object	-
/rows/98/result/filesystem/rg/check/matches	integer	2048
/rows/98/result/filesystem/rg/python	string	3.14.7
/rows/98/result/filesystem/rg/worker_ms	float	7.469538
/rows/98/result/filesystem/rg/workload	string	rg
/rows/98/result/filesystem/write	object	-
/rows/98/result/filesystem/write/check	object	-
/rows/98/result/filesystem/write/check/bytes	integer	16777216
/rows/98/result/filesystem/write/check/files	integer	256
/rows/98/result/filesystem/write/python	string	3.14.7
/rows/98/result/filesystem/write/worker_ms	float	3.572366
/rows/98/result/filesystem/write/workload	string	write
/rows/98/result/mode	string	filesystem
/rows/98/result/worker_ms	float	406.605344
/rows/98/result_ms	float	453.999084
/rows/98/trial	integer	19
/rows/98/variant	string	native
/rows/99	object	-
/rows/99/backend	string	pvisor-vm
/rows/99/completion_ms	float	4052.505922
/rows/99/correctness	string	passed
/rows/99/logs	string	/home/reiase/workspace/pvisor/target/sb/run/candidate/trials/filesystem-pvisor-vm-019
/rows/99/memory_scope	string	owned launcher tree; Docker daemon/container RSS excluded
/rows/99/mode	string	filesystem
/rows/99/peak_tree_rss_kib	integer	612848
/rows/99/prepare_ms	float	37.414869
/rows/99/ready_ms	float	377.312933
/rows/99/result	object	-
/rows/99/result/correctness	string	passed
/rows/99/result/filesystem	object	-
/rows/99/result/filesystem/cargo	object	-
/rows/99/result/filesystem/cargo/check	object	-
/rows/99/result/filesystem/cargo/check/modules	integer	64
/rows/99/result/filesystem/cargo/check/result	string	2016
/rows/99/result/filesystem/cargo/python	string	3.14.7
/rows/99/result/filesystem/cargo/worker_ms	float	482.314036
/rows/99/result/filesystem/cargo/workload	string	cargo
/rows/99/result/filesystem/git	object	-
/rows/99/result/filesystem/git/check	object	-
/rows/99/result/filesystem/git/check/git_clean	boolean	true
/rows/99/result/filesystem/git/python	string	3.14.7
/rows/99/result/filesystem/git/worker_ms	float	357.93778
/rows/99/result/filesystem/git/workload	string	git
/rows/99/result/filesystem/metadata	object	-
/rows/99/result/filesystem/metadata/check	object	-
/rows/99/result/filesystem/metadata/check/bytes	integer	2095104
/rows/99/result/filesystem/metadata/check/files	integer	2048
/rows/99/result/filesystem/metadata/python	string	3.14.7
/rows/99/result/filesystem/metadata/worker_ms	float	174.082161
/rows/99/result/filesystem/metadata/workload	string	metadata
/rows/99/result/filesystem/npm	object	-
/rows/99/result/filesystem/npm/check	object	-
/rows/99/result/filesystem/npm/check/local_packages	integer	32
/rows/99/result/filesystem/npm/python	string	3.14.7
/rows/99/result/filesystem/npm/worker_ms	float	1321.695656
/rows/99/result/filesystem/npm/workload	string	npm
/rows/99/result/filesystem/read	object	-
/rows/99/result/filesystem/read/check	object	-
/rows/99/result/filesystem/read/check/bytes	integer	67108864
/rows/99/result/filesystem/read/check/sha256	string	42ef3a50fe506ced865473b082c8b28f6ce254e6e2b01266b6a563531a6267bc
/rows/99/result/filesystem/read/python	string	3.14.7
/rows/99/result/filesystem/read/worker_ms	float	118.443002
/rows/99/result/filesystem/read/workload	string	read
/rows/99/result/filesystem/rg	object	-
/rows/99/result/filesystem/rg/check	object	-
/rows/99/result/filesystem/rg/check/matches	integer	2048
/rows/99/result/filesystem/rg/python	string	3.14.7
/rows/99/result/filesystem/rg/worker_ms	float	434.960846
/rows/99/result/filesystem/rg/workload	string	rg
/rows/99/result/filesystem/write	object	-
/rows/99/result/filesystem/write/check	object	-
/rows/99/result/filesystem/write/check/bytes	integer	16777216
/rows/99/result/filesystem/write/check/files	integer	256
/rows/99/result/filesystem/write/python	string	3.14.7
/rows/99/result/filesystem/write/worker_ms	float	144.740067
/rows/99/result/filesystem/write/workload	string	write
/rows/99/result/mode	string	filesystem
/rows/99/result/worker_ms	float	3469.136848
/rows/99/result_ms	float	3849.127694
/rows/99/trial	integer	19
/rows/99/variant	string	candidate
/rows/100	object	-
/rows/100/backend	string	native
/rows/100/completion_ms	float	450.319568
/rows/100/correctness	string	passed
/rows/100/logs	string	/home/reiase/workspace/pvisor/target/sb/run/native/trials/filesystem-native-020
/rows/100/memory_scope	string	owned launcher tree; Docker daemon/container RSS excluded
/rows/100/mode	string	filesystem
/rows/100/peak_tree_rss_kib	integer	140940
/rows/100/prepare_ms	float	40.721739
/rows/100/ready_ms	float	39.655951
/rows/100/result	object	-
/rows/100/result/correctness	string	passed
/rows/100/result/filesystem	object	-
/rows/100/result/filesystem/cargo	object	-
/rows/100/result/filesystem/cargo/check	object	-
/rows/100/result/filesystem/cargo/check/modules	integer	64
/rows/100/result/filesystem/cargo/check/result	string	2016
/rows/100/result/filesystem/cargo/python	string	3.14.7
/rows/100/result/filesystem/cargo/worker_ms	float	51.661553
/rows/100/result/filesystem/cargo/workload	string	cargo
/rows/100/result/filesystem/git	object	-
/rows/100/result/filesystem/git/check	object	-
/rows/100/result/filesystem/git/check/git_clean	boolean	true
/rows/100/result/filesystem/git/python	string	3.14.7
/rows/100/result/filesystem/git/worker_ms	float	14.198987
/rows/100/result/filesystem/git/workload	string	git
/rows/100/result/filesystem/metadata	object	-
/rows/100/result/filesystem/metadata/check	object	-
/rows/100/result/filesystem/metadata/check/bytes	integer	2095104
/rows/100/result/filesystem/metadata/check/files	integer	2048
/rows/100/result/filesystem/metadata/python	string	3.14.7
/rows/100/result/filesystem/metadata/worker_ms	float	4.586669
/rows/100/result/filesystem/metadata/workload	string	metadata
/rows/100/result/filesystem/npm	object	-
/rows/100/result/filesystem/npm/check	object	-
/rows/100/result/filesystem/npm/check/local_packages	integer	32
/rows/100/result/filesystem/npm/python	string	3.14.7
/rows/100/result/filesystem/npm/worker_ms	float	174.026325
/rows/100/result/filesystem/npm/workload	string	npm
/rows/100/result/filesystem/read	object	-
/rows/100/result/filesystem/read/check	object	-
/rows/100/result/filesystem/read/check/bytes	integer	67108864
/rows/100/result/filesystem/read/check/sha256	string	42ef3a50fe506ced865473b082c8b28f6ce254e6e2b01266b6a563531a6267bc
/rows/100/result/filesystem/read/python	string	3.14.7
/rows/100/result/filesystem/read/worker_ms	float	32.263286
/rows/100/result/filesystem/read/workload	string	read
/rows/100/result/filesystem/rg	object	-
/rows/100/result/filesystem/rg/check	object	-
/rows/100/result/filesystem/rg/check/matches	integer	2048
/rows/100/result/filesystem/rg/python	string	3.14.7
/rows/100/result/filesystem/rg/worker_ms	float	9.43192
/rows/100/result/filesystem/rg/workload	string	rg
/rows/100/result/filesystem/write	object	-
/rows/100/result/filesystem/write/check	object	-
/rows/100/result/filesystem/write/check/bytes	integer	16777216
/rows/100/result/filesystem/write/check/files	integer	256
/rows/100/result/filesystem/write/python	string	3.14.7
/rows/100/result/filesystem/write/worker_ms	float	3.514458
/rows/100/result/filesystem/write/workload	string	write
/rows/100/result/mode	string	filesystem
/rows/100/result/worker_ms	float	402.977164
/rows/100/result_ms	float	442.684771
/rows/100/trial	integer	20
/rows/100/variant	string	native
/rows/101	object	-
/rows/101/backend	string	pvisor-vm
/rows/101/completion_ms	float	4354.79269
/rows/101/correctness	string	passed
/rows/101/logs	string	/home/reiase/workspace/pvisor/target/sb/run/baseline/trials/filesystem-pvisor-vm-020
/rows/101/memory_scope	string	owned launcher tree; Docker daemon/container RSS excluded
/rows/101/mode	string	filesystem
/rows/101/peak_tree_rss_kib	integer	611724
/rows/101/prepare_ms	float	37.124527
/rows/101/ready_ms	float	373.781573
/rows/101/result	object	-
/rows/101/result/correctness	string	passed
/rows/101/result/filesystem	object	-
/rows/101/result/filesystem/cargo	object	-
/rows/101/result/filesystem/cargo/check	object	-
/rows/101/result/filesystem/cargo/check/modules	integer	64
/rows/101/result/filesystem/cargo/check/result	string	2016
/rows/101/result/filesystem/cargo/python	string	3.14.7
/rows/101/result/filesystem/cargo/worker_ms	float	510.019182
/rows/101/result/filesystem/cargo/workload	string	cargo
/rows/101/result/filesystem/git	object	-
/rows/101/result/filesystem/git/check	object	-
/rows/101/result/filesystem/git/check/git_clean	boolean	true
/rows/101/result/filesystem/git/python	string	3.14.7
/rows/101/result/filesystem/git/worker_ms	float	695.599162
/rows/101/result/filesystem/git/workload	string	git
/rows/101/result/filesystem/metadata	object	-
/rows/101/result/filesystem/metadata/check	object	-
/rows/101/result/filesystem/metadata/check/bytes	integer	2095104
/rows/101/result/filesystem/metadata/check/files	integer	2048
/rows/101/result/filesystem/metadata/python	string	3.14.7
/rows/101/result/filesystem/metadata/worker_ms	float	179.815731
/rows/101/result/filesystem/metadata/workload	string	metadata
/rows/101/result/filesystem/npm	object	-
/rows/101/result/filesystem/npm/check	object	-
/rows/101/result/filesystem/npm/check/local_packages	integer	32
/rows/101/result/filesystem/npm/python	string	3.14.7
/rows/101/result/filesystem/npm/worker_ms	float	1337.974095
/rows/101/result/filesystem/npm/workload	string	npm
/rows/101/result/filesystem/read	object	-
/rows/101/result/filesystem/read/check	object	-
/rows/101/result/filesystem/read/check/bytes	integer	67108864
/rows/101/result/filesystem/read/check/sha256	string	42ef3a50fe506ced865473b082c8b28f6ce254e6e2b01266b6a563531a6267bc
/rows/101/result/filesystem/read/python	string	3.14.7
/rows/101/result/filesystem/read/worker_ms	float	117.937869
/rows/101/result/filesystem/read/workload	string	read
/rows/101/result/filesystem/rg	object	-
/rows/101/result/filesystem/rg/check	object	-
/rows/101/result/filesystem/rg/check/matches	integer	2048
/rows/101/result/filesystem/rg/python	string	3.14.7
/rows/101/result/filesystem/rg/worker_ms	float	439.268002
/rows/101/result/filesystem/rg/workload	string	rg
/rows/101/result/filesystem/write	object	-
/rows/101/result/filesystem/write/check	object	-
/rows/101/result/filesystem/write/check/bytes	integer	16777216
/rows/101/result/filesystem/write/check/files	integer	256
/rows/101/result/filesystem/write/python	string	3.14.7
/rows/101/result/filesystem/write/worker_ms	float	195.394013
/rows/101/result/filesystem/write/workload	string	write
/rows/101/result/mode	string	filesystem
/rows/101/result/worker_ms	float	3892.591499
/rows/101/result_ms	float	4266.413258
/rows/101/trial	integer	20
/rows/101/variant	string	baseline
/rows/102	object	-
/rows/102/backend	string	pvisor-vm
/rows/102/completion_ms	float	4078.923629
/rows/102/correctness	string	passed
/rows/102/logs	string	/home/reiase/workspace/pvisor/target/sb/run/candidate/trials/filesystem-pvisor-vm-020
/rows/102/memory_scope	string	owned launcher tree; Docker daemon/container RSS excluded
/rows/102/mode	string	filesystem
/rows/102/peak_tree_rss_kib	integer	620692
/rows/102/prepare_ms	float	36.839114
/rows/102/ready_ms	float	374.197239
/rows/102/result	object	-
/rows/102/result/correctness	string	passed
/rows/102/result/filesystem	object	-
/rows/102/result/filesystem/cargo	object	-
/rows/102/result/filesystem/cargo/check	object	-
/rows/102/result/filesystem/cargo/check/modules	integer	64
/rows/102/result/filesystem/cargo/check/result	string	2016
/rows/102/result/filesystem/cargo/python	string	3.14.7
/rows/102/result/filesystem/cargo/worker_ms	float	484.311387
/rows/102/result/filesystem/cargo/workload	string	cargo
/rows/102/result/filesystem/git	object	-
/rows/102/result/filesystem/git/check	object	-
/rows/102/result/filesystem/git/check/git_clean	boolean	true
/rows/102/result/filesystem/git/python	string	3.14.7
/rows/102/result/filesystem/git/worker_ms	float	374.85345
/rows/102/result/filesystem/git/workload	string	git
/rows/102/result/filesystem/metadata	object	-
/rows/102/result/filesystem/metadata/check	object	-
/rows/102/result/filesystem/metadata/check/bytes	integer	2095104
/rows/102/result/filesystem/metadata/check/files	integer	2048
/rows/102/result/filesystem/metadata/python	string	3.14.7
/rows/102/result/filesystem/metadata/worker_ms	float	118.962302
/rows/102/result/filesystem/metadata/workload	string	metadata
/rows/102/result/filesystem/npm	object	-
/rows/102/result/filesystem/npm/check	object	-
/rows/102/result/filesystem/npm/check/local_packages	integer	32
/rows/102/result/filesystem/npm/python	string	3.14.7
/rows/102/result/filesystem/npm/worker_ms	float	1392.63115
/rows/102/result/filesystem/npm/workload	string	npm
/rows/102/result/filesystem/read	object	-
/rows/102/result/filesystem/read/check	object	-
/rows/102/result/filesystem/read/check/bytes	integer	67108864
/rows/102/result/filesystem/read/check/sha256	string	42ef3a50fe506ced865473b082c8b28f6ce254e6e2b01266b6a563531a6267bc
/rows/102/result/filesystem/read/python	string	3.14.7
/rows/102/result/filesystem/read/worker_ms	float	118.107325
/rows/102/result/filesystem/read/workload	string	read
/rows/102/result/filesystem/rg	object	-
/rows/102/result/filesystem/rg/check	object	-
/rows/102/result/filesystem/rg/check/matches	integer	2048
/rows/102/result/filesystem/rg/python	string	3.14.7
/rows/102/result/filesystem/rg/worker_ms	float	444.13284
/rows/102/result/filesystem/rg/workload	string	rg
/rows/102/result/filesystem/write	object	-
/rows/102/result/filesystem/write/check	object	-
/rows/102/result/filesystem/write/check/bytes	integer	16777216
/rows/102/result/filesystem/write/check/files	integer	256
/rows/102/result/filesystem/write/python	string	3.14.7
/rows/102/result/filesystem/write/worker_ms	float	158.119141
/rows/102/result/filesystem/write/workload	string	write
/rows/102/result/mode	string	filesystem
/rows/102/result/worker_ms	float	3527.741898
/rows/102/result_ms	float	3902.018922
/rows/102/trial	integer	20
/rows/102/variant	string	candidate
/rows/103	object	-
/rows/103/backend	string	pvisor-staged
/rows/103/completion_ms	float	1268.718288
/rows/103/correctness	string	passed
/rows/103/logs	string	/home/reiase/workspace/pvisor/target/sb/run/baseline/trials/filesystem-pvisor-staged-020
/rows/103/memory_scope	string	owned launcher tree; Docker daemon/container RSS excluded
/rows/103/mode	string	filesystem
/rows/103/peak_tree_rss_kib	integer	177348
/rows/103/prepare_ms	float	36.537321
/rows/103/ready_ms	float	61.249486
/rows/103/result	object	-
/rows/103/result/correctness	string	passed
/rows/103/result/filesystem	object	-
/rows/103/result/filesystem/cargo	object	-
/rows/103/result/filesystem/cargo/check	object	-
/rows/103/result/filesystem/cargo/check/modules	integer	64
/rows/103/result/filesystem/cargo/check/result	string	2016
/rows/103/result/filesystem/cargo/python	string	3.14.7
/rows/103/result/filesystem/cargo/worker_ms	float	107.550868
/rows/103/result/filesystem/cargo/workload	string	cargo
/rows/103/result/filesystem/git	object	-
/rows/103/result/filesystem/git/check	object	-
/rows/103/result/filesystem/git/check/git_clean	boolean	true
/rows/103/result/filesystem/git/python	string	3.14.7
/rows/103/result/filesystem/git/worker_ms	float	165.440103
/rows/103/result/filesystem/git/workload	string	git
/rows/103/result/filesystem/metadata	object	-
/rows/103/result/filesystem/metadata/check	object	-
/rows/103/result/filesystem/metadata/check/bytes	integer	2095104
/rows/103/result/filesystem/metadata/check/files	integer	2048
/rows/103/result/filesystem/metadata/python	string	3.14.7
/rows/103/result/filesystem/metadata/worker_ms	float	77.429799
/rows/103/result/filesystem/metadata/workload	string	metadata
/rows/103/result/filesystem/npm	object	-
/rows/103/result/filesystem/npm/check	object	-
/rows/103/result/filesystem/npm/check/local_packages	integer	32
/rows/103/result/filesystem/npm/python	string	3.14.7
/rows/103/result/filesystem/npm/worker_ms	float	257.110306
/rows/103/result/filesystem/npm/workload	string	npm
/rows/103/result/filesystem/read	object	-
/rows/103/result/filesystem/read/check	object	-
/rows/103/result/filesystem/read/check/bytes	integer	67108864
/rows/103/result/filesystem/read/check/sha256	string	42ef3a50fe506ced865473b082c8b28f6ce254e6e2b01266b6a563531a6267bc
/rows/103/result/filesystem/read/python	string	3.14.7
/rows/103/result/filesystem/read/worker_ms	float	67.694743
/rows/103/result/filesystem/read/workload	string	read
/rows/103/result/filesystem/rg	object	-
/rows/103/result/filesystem/rg/check	object	-
/rows/103/result/filesystem/rg/check/matches	integer	2048
/rows/103/result/filesystem/rg/python	string	3.14.7
/rows/103/result/filesystem/rg/worker_ms	float	90.606809
/rows/103/result/filesystem/rg/workload	string	rg
/rows/103/result/filesystem/write	object	-
/rows/103/result/filesystem/write/check	object	-
/rows/103/result/filesystem/write/check/bytes	integer	16777216
/rows/103/result/filesystem/write/check/files	integer	256
/rows/103/result/filesystem/write/python	string	3.14.7
/rows/103/result/filesystem/write/worker_ms	float	196.314857
/rows/103/result/filesystem/write/workload	string	write
/rows/103/result/mode	string	filesystem
/rows/103/result/worker_ms	float	1086.490998
/rows/103/result_ms	float	1147.772485
/rows/103/trial	integer	20
/rows/103/variant	string	baseline
/rows/104	object	-
/rows/104/backend	string	pvisor-staged
/rows/104/completion_ms	float	1108.760445
/rows/104/correctness	string	passed
/rows/104/logs	string	/home/reiase/workspace/pvisor/target/sb/run/candidate/trials/filesystem-pvisor-staged-020
/rows/104/memory_scope	string	owned launcher tree; Docker daemon/container RSS excluded
/rows/104/mode	string	filesystem
/rows/104/peak_tree_rss_kib	integer	177804
/rows/104/prepare_ms	float	37.990643
/rows/104/ready_ms	float	63.42227
/rows/104/result	object	-
/rows/104/result/correctness	string	passed
/rows/104/result/filesystem	object	-
/rows/104/result/filesystem/cargo	object	-
/rows/104/result/filesystem/cargo/check	object	-
/rows/104/result/filesystem/cargo/check/modules	integer	64
/rows/104/result/filesystem/cargo/check/result	string	2016
/rows/104/result/filesystem/cargo/python	string	3.14.7
/rows/104/result/filesystem/cargo/worker_ms	float	73.557684
/rows/104/result/filesystem/cargo/workload	string	cargo
/rows/104/result/filesystem/git	object	-
/rows/104/result/filesystem/git/check	object	-
/rows/104/result/filesystem/git/check/git_clean	boolean	true
/rows/104/result/filesystem/git/python	string	3.14.7
/rows/104/result/filesystem/git/worker_ms	float	123.24316
/rows/104/result/filesystem/git/workload	string	git
/rows/104/result/filesystem/metadata	object	-
/rows/104/result/filesystem/metadata/check	object	-
/rows/104/result/filesystem/metadata/check/bytes	integer	2095104
/rows/104/result/filesystem/metadata/check/files	integer	2048
/rows/104/result/filesystem/metadata/python	string	3.14.7
/rows/104/result/filesystem/metadata/worker_ms	float	76.816795
/rows/104/result/filesystem/metadata/workload	string	metadata
/rows/104/result/filesystem/npm	object	-
/rows/104/result/filesystem/npm/check	object	-
/rows/104/result/filesystem/npm/check/local_packages	integer	32
/rows/104/result/filesystem/npm/python	string	3.14.7
/rows/104/result/filesystem/npm/worker_ms	float	227.655451
/rows/104/result/filesystem/npm/workload	string	npm
/rows/104/result/filesystem/read	object	-
/rows/104/result/filesystem/read/check	object	-
/rows/104/result/filesystem/read/check/bytes	integer	67108864
/rows/104/result/filesystem/read/check/sha256	string	42ef3a50fe506ced865473b082c8b28f6ce254e6e2b01266b6a563531a6267bc
/rows/104/result/filesystem/read/python	string	3.14.7
/rows/104/result/filesystem/read/worker_ms	float	67.501062
/rows/104/result/filesystem/read/workload	string	read
/rows/104/result/filesystem/rg	object	-
/rows/104/result/filesystem/rg/check	object	-
/rows/104/result/filesystem/rg/check/matches	integer	2048
/rows/104/result/filesystem/rg/python	string	3.14.7
/rows/104/result/filesystem/rg/worker_ms	float	87.236179
/rows/104/result/filesystem/rg/workload	string	rg
/rows/104/result/filesystem/write	object	-
/rows/104/result/filesystem/write/check	object	-
/rows/104/result/filesystem/write/check/bytes	integer	16777216
/rows/104/result/filesystem/write/check/files	integer	256
/rows/104/result/filesystem/write/python	string	3.14.7
/rows/104/result/filesystem/write/worker_ms	float	27.042344
/rows/104/result/filesystem/write/workload	string	write
/rows/104/result/mode	string	filesystem
/rows/104/result/worker_ms	float	802.978685
/rows/104/result_ms	float	866.452742
/rows/104/trial	integer	20
/rows/104/variant	string	candidate
/rows/105	object	-
/rows/105/backend	string	pvisor-vm
/rows/105/completion_ms	float	4012.911826
/rows/105/correctness	string	passed
/rows/105/logs	string	/home/reiase/workspace/pvisor/target/sb/run/candidate/trials/filesystem-pvisor-vm-021
/rows/105/memory_scope	string	owned launcher tree; Docker daemon/container RSS excluded
/rows/105/mode	string	filesystem
/rows/105/peak_tree_rss_kib	integer	612868
/rows/105/prepare_ms	float	37.654386
/rows/105/ready_ms	float	374.365913
/rows/105/result	object	-
/rows/105/result/correctness	string	passed
/rows/105/result/filesystem	object	-
/rows/105/result/filesystem/cargo	object	-
/rows/105/result/filesystem/cargo/check	object	-
/rows/105/result/filesystem/cargo/check/modules	integer	64
/rows/105/result/filesystem/cargo/check/result	string	2016
/rows/105/result/filesystem/cargo/python	string	3.14.7
/rows/105/result/filesystem/cargo/worker_ms	float	482.472952
/rows/105/result/filesystem/cargo/workload	string	cargo
/rows/105/result/filesystem/git	object	-
/rows/105/result/filesystem/git/check	object	-
/rows/105/result/filesystem/git/check/git_clean	boolean	true
/rows/105/result/filesystem/git/python	string	3.14.7
/rows/105/result/filesystem/git/worker_ms	float	357.52547
/rows/105/result/filesystem/git/workload	string	git
/rows/105/result/filesystem/metadata	object	-
/rows/105/result/filesystem/metadata/check	object	-
/rows/105/result/filesystem/metadata/check/bytes	integer	2095104
/rows/105/result/filesystem/metadata/check/files	integer	2048
/rows/105/result/filesystem/metadata/python	string	3.14.7
/rows/105/result/filesystem/metadata/worker_ms	float	166.959856
/rows/105/result/filesystem/metadata/workload	string	metadata
/rows/105/result/filesystem/npm	object	-
/rows/105/result/filesystem/npm/check	object	-
/rows/105/result/filesystem/npm/check/local_packages	integer	32
/rows/105/result/filesystem/npm/python	string	3.14.7
/rows/105/result/filesystem/npm/worker_ms	float	1314.686412
/rows/105/result/filesystem/npm/workload	string	npm
/rows/105/result/filesystem/read	object	-
/rows/105/result/filesystem/read/check	object	-
/rows/105/result/filesystem/read/check/bytes	integer	67108864
/rows/105/result/filesystem/read/check/sha256	string	42ef3a50fe506ced865473b082c8b28f6ce254e6e2b01266b6a563531a6267bc
/rows/105/result/filesystem/read/python	string	3.14.7
/rows/105/result/filesystem/read/worker_ms	float	119.360316
/rows/105/result/filesystem/read/workload	string	read
/rows/105/result/filesystem/rg	object	-
/rows/105/result/filesystem/rg/check	object	-
/rows/105/result/filesystem/rg/check/matches	integer	2048
/rows/105/result/filesystem/rg/python	string	3.14.7
/rows/105/result/filesystem/rg/worker_ms	float	434.809222
/rows/105/result/filesystem/rg/workload	string	rg
/rows/105/result/filesystem/write	object	-
/rows/105/result/filesystem/write/check	object	-
/rows/105/result/filesystem/write/check/bytes	integer	16777216
/rows/105/result/filesystem/write/check/files	integer	256
/rows/105/result/filesystem/write/python	string	3.14.7
/rows/105/result/filesystem/write/worker_ms	float	137.443486
/rows/105/result/filesystem/write/workload	string	write
/rows/105/result/mode	string	filesystem
/rows/105/result/worker_ms	float	3447.092758
/rows/105/result_ms	float	3821.515978
/rows/105/trial	integer	21
/rows/105/variant	string	candidate
/rows/106	object	-
/rows/106/backend	string	pvisor-staged
/rows/106/completion_ms	float	1108.122605
/rows/106/correctness	string	passed
/rows/106/logs	string	/home/reiase/workspace/pvisor/target/sb/run/candidate/trials/filesystem-pvisor-staged-021
/rows/106/memory_scope	string	owned launcher tree; Docker daemon/container RSS excluded
/rows/106/mode	string	filesystem
/rows/106/peak_tree_rss_kib	integer	177716
/rows/106/prepare_ms	float	36.705525
/rows/106/ready_ms	float	63.921442
/rows/106/result	object	-
/rows/106/result/correctness	string	passed
/rows/106/result/filesystem	object	-
/rows/106/result/filesystem/cargo	object	-
/rows/106/result/filesystem/cargo/check	object	-
/rows/106/result/filesystem/cargo/check/modules	integer	64
/rows/106/result/filesystem/cargo/check/result	string	2016
/rows/106/result/filesystem/cargo/python	string	3.14.7
/rows/106/result/filesystem/cargo/worker_ms	float	73.792291
/rows/106/result/filesystem/cargo/workload	string	cargo
/rows/106/result/filesystem/git	object	-
/rows/106/result/filesystem/git/check	object	-
/rows/106/result/filesystem/git/check/git_clean	boolean	true
/rows/106/result/filesystem/git/python	string	3.14.7
/rows/106/result/filesystem/git/worker_ms	float	123.305747
/rows/106/result/filesystem/git/workload	string	git
/rows/106/result/filesystem/metadata	object	-
/rows/106/result/filesystem/metadata/check	object	-
/rows/106/result/filesystem/metadata/check/bytes	integer	2095104
/rows/106/result/filesystem/metadata/check/files	integer	2048
/rows/106/result/filesystem/metadata/python	string	3.14.7
/rows/106/result/filesystem/metadata/worker_ms	float	76.554436
/rows/106/result/filesystem/metadata/workload	string	metadata
/rows/106/result/filesystem/npm	object	-
/rows/106/result/filesystem/npm/check	object	-
/rows/106/result/filesystem/npm/check/local_packages	integer	32
/rows/106/result/filesystem/npm/python	string	3.14.7
/rows/106/result/filesystem/npm/worker_ms	float	231.152817
/rows/106/result/filesystem/npm/workload	string	npm
/rows/106/result/filesystem/read	object	-
/rows/106/result/filesystem/read/check	object	-
/rows/106/result/filesystem/read/check/bytes	integer	67108864
/rows/106/result/filesystem/read/check/sha256	string	42ef3a50fe506ced865473b082c8b28f6ce254e6e2b01266b6a563531a6267bc
/rows/106/result/filesystem/read/python	string	3.14.7
/rows/106/result/filesystem/read/worker_ms	float	67.830497
/rows/106/result/filesystem/read/workload	string	read
/rows/106/result/filesystem/rg	object	-
/rows/106/result/filesystem/rg/check	object	-
/rows/106/result/filesystem/rg/check/matches	integer	2048
/rows/106/result/filesystem/rg/python	string	3.14.7
/rows/106/result/filesystem/rg/worker_ms	float	86.031241
/rows/106/result/filesystem/rg/workload	string	rg
/rows/106/result/filesystem/write	object	-
/rows/106/result/filesystem/write/check	object	-
/rows/106/result/filesystem/write/check/bytes	integer	16777216
/rows/106/result/filesystem/write/check/files	integer	256
/rows/106/result/filesystem/write/python	string	3.14.7
/rows/106/result/filesystem/write/worker_ms	float	28.13937
/rows/106/result/filesystem/write/workload	string	write
/rows/106/result/mode	string	filesystem
/rows/106/result/worker_ms	float	807.940915
/rows/106/result_ms	float	871.9069
/rows/106/trial	integer	21
/rows/106/variant	string	candidate
/rows/107	object	-
/rows/107/backend	string	native
/rows/107/completion_ms	float	450.970723
/rows/107/correctness	string	passed
/rows/107/logs	string	/home/reiase/workspace/pvisor/target/sb/run/native/trials/filesystem-native-021
/rows/107/memory_scope	string	owned launcher tree; Docker daemon/container RSS excluded
/rows/107/mode	string	filesystem
/rows/107/peak_tree_rss_kib	integer	143680
/rows/107/prepare_ms	float	36.485564
/rows/107/ready_ms	float	38.659601
/rows/107/result	object	-
/rows/107/result/correctness	string	passed
/rows/107/result/filesystem	object	-
/rows/107/result/filesystem/cargo	object	-
/rows/107/result/filesystem/cargo/check	object	-
/rows/107/result/filesystem/cargo/check/modules	integer	64
/rows/107/result/filesystem/cargo/check/result	string	2016
/rows/107/result/filesystem/cargo/python	string	3.14.7
/rows/107/result/filesystem/cargo/worker_ms	float	50.935399
/rows/107/result/filesystem/cargo/workload	string	cargo
/rows/107/result/filesystem/git	object	-
/rows/107/result/filesystem/git/check	object	-
/rows/107/result/filesystem/git/check/git_clean	boolean	true
/rows/107/result/filesystem/git/python	string	3.14.7
/rows/107/result/filesystem/git/worker_ms	float	14.679793
/rows/107/result/filesystem/git/workload	string	git
/rows/107/result/filesystem/metadata	object	-
/rows/107/result/filesystem/metadata/check	object	-
/rows/107/result/filesystem/metadata/check/bytes	integer	2095104
/rows/107/result/filesystem/metadata/check/files	integer	2048
/rows/107/result/filesystem/metadata/python	string	3.14.7
/rows/107/result/filesystem/metadata/worker_ms	float	5.328012
/rows/107/result/filesystem/metadata/workload	string	metadata
/rows/107/result/filesystem/npm	object	-
/rows/107/result/filesystem/npm/check	object	-
/rows/107/result/filesystem/npm/check/local_packages	integer	32
/rows/107/result/filesystem/npm/python	string	3.14.7
/rows/107/result/filesystem/npm/worker_ms	float	174.96126
/rows/107/result/filesystem/npm/workload	string	npm
/rows/107/result/filesystem/read	object	-
/rows/107/result/filesystem/read/check	object	-
/rows/107/result/filesystem/read/check/bytes	integer	67108864
/rows/107/result/filesystem/read/check/sha256	string	42ef3a50fe506ced865473b082c8b28f6ce254e6e2b01266b6a563531a6267bc
/rows/107/result/filesystem/read/python	string	3.14.7
/rows/107/result/filesystem/read/worker_ms	float	31.600318
/rows/107/result/filesystem/read/workload	string	read
/rows/107/result/filesystem/rg	object	-
/rows/107/result/filesystem/rg/check	object	-
/rows/107/result/filesystem/rg/check/matches	integer	2048
/rows/107/result/filesystem/rg/python	string	3.14.7
/rows/107/result/filesystem/rg/worker_ms	float	7.02572
/rows/107/result/filesystem/rg/workload	string	rg
/rows/107/result/filesystem/write	object	-
/rows/107/result/filesystem/write/check	object	-
/rows/107/result/filesystem/write/check/bytes	integer	16777216
/rows/107/result/filesystem/write/check/files	integer	256
/rows/107/result/filesystem/write/python	string	3.14.7
/rows/107/result/filesystem/write/worker_ms	float	3.941585
/rows/107/result/filesystem/write/workload	string	write
/rows/107/result/mode	string	filesystem
/rows/107/result/worker_ms	float	404.662178
/rows/107/result_ms	float	443.365711
/rows/107/trial	integer	21
/rows/107/variant	string	native
/rows/108	object	-
/rows/108/backend	string	pvisor-staged
/rows/108/completion_ms	float	1281.829705
/rows/108/correctness	string	passed
/rows/108/logs	string	/home/reiase/workspace/pvisor/target/sb/run/baseline/trials/filesystem-pvisor-staged-021
/rows/108/memory_scope	string	owned launcher tree; Docker daemon/container RSS excluded
/rows/108/mode	string	filesystem
/rows/108/peak_tree_rss_kib	integer	189164
/rows/108/prepare_ms	float	37.086937
/rows/108/ready_ms	float	60.053614
/rows/108/result	object	-
/rows/108/result/correctness	string	passed
/rows/108/result/filesystem	object	-
/rows/108/result/filesystem/cargo	object	-
/rows/108/result/filesystem/cargo/check	object	-
/rows/108/result/filesystem/cargo/check/modules	integer	64
/rows/108/result/filesystem/cargo/check/result	string	2016
/rows/108/result/filesystem/cargo/python	string	3.14.7
/rows/108/result/filesystem/cargo/worker_ms	float	109.164528
/rows/108/result/filesystem/cargo/workload	string	cargo
/rows/108/result/filesystem/git	object	-
/rows/108/result/filesystem/git/check	object	-
/rows/108/result/filesystem/git/check/git_clean	boolean	true
/rows/108/result/filesystem/git/python	string	3.14.7
/rows/108/result/filesystem/git/worker_ms	float	166.712397
/rows/108/result/filesystem/git/workload	string	git
/rows/108/result/filesystem/metadata	object	-
/rows/108/result/filesystem/metadata/check	object	-
/rows/108/result/filesystem/metadata/check/bytes	integer	2095104
/rows/108/result/filesystem/metadata/check/files	integer	2048
/rows/108/result/filesystem/metadata/python	string	3.14.7
/rows/108/result/filesystem/metadata/worker_ms	float	76.081714
/rows/108/result/filesystem/metadata/workload	string	metadata
/rows/108/result/filesystem/npm	object	-
/rows/108/result/filesystem/npm/check	object	-
/rows/108/result/filesystem/npm/check/local_packages	integer	32
/rows/108/result/filesystem/npm/python	string	3.14.7
/rows/108/result/filesystem/npm/worker_ms	float	260.227683
/rows/108/result/filesystem/npm/workload	string	npm
/rows/108/result/filesystem/read	object	-
/rows/108/result/filesystem/read/check	object	-
/rows/108/result/filesystem/read/check/bytes	integer	67108864
/rows/108/result/filesystem/read/check/sha256	string	42ef3a50fe506ced865473b082c8b28f6ce254e6e2b01266b6a563531a6267bc
/rows/108/result/filesystem/read/python	string	3.14.7
/rows/108/result/filesystem/read/worker_ms	float	67.195201
/rows/108/result/filesystem/read/workload	string	read
/rows/108/result/filesystem/rg	object	-
/rows/108/result/filesystem/rg/check	object	-
/rows/108/result/filesystem/rg/check/matches	integer	2048
/rows/108/result/filesystem/rg/python	string	3.14.7
/rows/108/result/filesystem/rg/worker_ms	float	91.377336
/rows/108/result/filesystem/rg/workload	string	rg
/rows/108/result/filesystem/write	object	-
/rows/108/result/filesystem/write/check	object	-
/rows/108/result/filesystem/write/check/bytes	integer	16777216
/rows/108/result/filesystem/write/check/files	integer	256
/rows/108/result/filesystem/write/python	string	3.14.7
/rows/108/result/filesystem/write/worker_ms	float	217.725331
/rows/108/result/filesystem/write/workload	string	write
/rows/108/result/mode	string	filesystem
/rows/108/result/worker_ms	float	1113.629481
/rows/108/result_ms	float	1173.730033
/rows/108/trial	integer	21
/rows/108/variant	string	baseline
/rows/109	object	-
/rows/109/backend	string	pvisor-vm
/rows/109/completion_ms	float	4031.436805
/rows/109/correctness	string	passed
/rows/109/logs	string	/home/reiase/workspace/pvisor/target/sb/run/baseline/trials/filesystem-pvisor-vm-021
/rows/109/memory_scope	string	owned launcher tree; Docker daemon/container RSS excluded
/rows/109/mode	string	filesystem
/rows/109/peak_tree_rss_kib	integer	612576
/rows/109/prepare_ms	float	37.464272
/rows/109/ready_ms	float	383.052382
/rows/109/result	object	-
/rows/109/result/correctness	string	passed
/rows/109/result/filesystem	object	-
/rows/109/result/filesystem/cargo	object	-
/rows/109/result/filesystem/cargo/check	object	-
/rows/109/result/filesystem/cargo/check/modules	integer	64
/rows/109/result/filesystem/cargo/check/result	string	2016
/rows/109/result/filesystem/cargo/python	string	3.14.7
/rows/109/result/filesystem/cargo/worker_ms	float	501.257183
/rows/109/result/filesystem/cargo/workload	string	cargo
/rows/109/result/filesystem/git	object	-
/rows/109/result/filesystem/git/check	object	-
/rows/109/result/filesystem/git/check/git_clean	boolean	true
/rows/109/result/filesystem/git/python	string	3.14.7
/rows/109/result/filesystem/git/worker_ms	float	423.611635
/rows/109/result/filesystem/git/workload	string	git
/rows/109/result/filesystem/metadata	object	-
/rows/109/result/filesystem/metadata/check	object	-
/rows/109/result/filesystem/metadata/check/bytes	integer	2095104
/rows/109/result/filesystem/metadata/check/files	integer	2048
/rows/109/result/filesystem/metadata/python	string	3.14.7
/rows/109/result/filesystem/metadata/worker_ms	float	116.792188
/rows/109/result/filesystem/metadata/workload	string	metadata
/rows/109/result/filesystem/npm	object	-
/rows/109/result/filesystem/npm/check	object	-
/rows/109/result/filesystem/npm/check/local_packages	integer	32
/rows/109/result/filesystem/npm/python	string	3.14.7
/rows/109/result/filesystem/npm/worker_ms	float	1275.965118
/rows/109/result/filesystem/npm/workload	string	npm
/rows/109/result/filesystem/read	object	-
/rows/109/result/filesystem/read/check	object	-
/rows/109/result/filesystem/read/check/bytes	integer	67108864
/rows/109/result/filesystem/read/check/sha256	string	42ef3a50fe506ced865473b082c8b28f6ce254e6e2b01266b6a563531a6267bc
/rows/109/result/filesystem/read/python	string	3.14.7
/rows/109/result/filesystem/read/worker_ms	float	118.775113
/rows/109/result/filesystem/read/workload	string	read
/rows/109/result/filesystem/rg	object	-
/rows/109/result/filesystem/rg/check	object	-
/rows/109/result/filesystem/rg/check/matches	integer	2048
/rows/109/result/filesystem/rg/python	string	3.14.7
/rows/109/result/filesystem/rg/worker_ms	float	452.753314
/rows/109/result/filesystem/rg/workload	string	rg
/rows/109/result/filesystem/write	object	-
/rows/109/result/filesystem/write/check	object	-
/rows/109/result/filesystem/write/check/bytes	integer	16777216
/rows/109/result/filesystem/write/check/files	integer	256
/rows/109/result/filesystem/write/python	string	3.14.7
/rows/109/result/filesystem/write/worker_ms	float	263.760849
/rows/109/result/filesystem/write/workload	string	write
/rows/109/result/mode	string	filesystem
/rows/109/result/worker_ms	float	3574.59303
/rows/109/result_ms	float	3957.702321
/rows/109/trial	integer	21
/rows/109/variant	string	baseline
/rows/110	object	-
/rows/110/backend	string	pvisor-vm
/rows/110/completion_ms	float	3951.715459
/rows/110/correctness	string	passed
/rows/110/logs	string	/home/reiase/workspace/pvisor/target/sb/run/candidate/trials/filesystem-pvisor-vm-022
/rows/110/memory_scope	string	owned launcher tree; Docker daemon/container RSS excluded
/rows/110/mode	string	filesystem
/rows/110/peak_tree_rss_kib	integer	612236
/rows/110/prepare_ms	float	36.809309
/rows/110/ready_ms	float	377.575111
/rows/110/result	object	-
/rows/110/result/correctness	string	passed
/rows/110/result/filesystem	object	-
/rows/110/result/filesystem/cargo	object	-
/rows/110/result/filesystem/cargo/check	object	-
/rows/110/result/filesystem/cargo/check/modules	integer	64
/rows/110/result/filesystem/cargo/check/result	string	2016
/rows/110/result/filesystem/cargo/python	string	3.14.7
/rows/110/result/filesystem/cargo/worker_ms	float	473.910226
/rows/110/result/filesystem/cargo/workload	string	cargo
/rows/110/result/filesystem/git	object	-
/rows/110/result/filesystem/git/check	object	-
/rows/110/result/filesystem/git/check/git_clean	boolean	true
/rows/110/result/filesystem/git/python	string	3.14.7
/rows/110/result/filesystem/git/worker_ms	float	356.905021
/rows/110/result/filesystem/git/workload	string	git
/rows/110/result/filesystem/metadata	object	-
/rows/110/result/filesystem/metadata/check	object	-
/rows/110/result/filesystem/metadata/check/bytes	integer	2095104
/rows/110/result/filesystem/metadata/check/files	integer	2048
/rows/110/result/filesystem/metadata/python	string	3.14.7
/rows/110/result/filesystem/metadata/worker_ms	float	139.218873
/rows/110/result/filesystem/metadata/workload	string	metadata
/rows/110/result/filesystem/npm	object	-
/rows/110/result/filesystem/npm/check	object	-
/rows/110/result/filesystem/npm/check/local_packages	integer	32
/rows/110/result/filesystem/npm/python	string	3.14.7
/rows/110/result/filesystem/npm/worker_ms	float	1262.700267
/rows/110/result/filesystem/npm/workload	string	npm
/rows/110/result/filesystem/read	object	-
/rows/110/result/filesystem/read/check	object	-
/rows/110/result/filesystem/read/check/bytes	integer	67108864
/rows/110/result/filesystem/read/check/sha256	string	42ef3a50fe506ced865473b082c8b28f6ce254e6e2b01266b6a563531a6267bc
/rows/110/result/filesystem/read/python	string	3.14.7
/rows/110/result/filesystem/read/worker_ms	float	116.476378
/rows/110/result/filesystem/read/workload	string	read
/rows/110/result/filesystem/rg	object	-
/rows/110/result/filesystem/rg/check	object	-
/rows/110/result/filesystem/rg/check/matches	integer	2048
/rows/110/result/filesystem/rg/python	string	3.14.7
/rows/110/result/filesystem/rg/worker_ms	float	442.114029
/rows/110/result/filesystem/rg/workload	string	rg
/rows/110/result/filesystem/write	object	-
/rows/110/result/filesystem/write/check	object	-
/rows/110/result/filesystem/write/check/bytes	integer	16777216
/rows/110/result/filesystem/write/check/files	integer	256
/rows/110/result/filesystem/write/python	string	3.14.7
/rows/110/result/filesystem/write/worker_ms	float	151.850881
/rows/110/result/filesystem/write/workload	string	write
/rows/110/result/mode	string	filesystem
/rows/110/result/worker_ms	float	3383.249633
/rows/110/result_ms	float	3760.872322
/rows/110/trial	integer	22
/rows/110/variant	string	candidate
/rows/111	object	-
/rows/111/backend	string	pvisor-staged
/rows/111/completion_ms	float	1269.339587
/rows/111/correctness	string	passed
/rows/111/logs	string	/home/reiase/workspace/pvisor/target/sb/run/baseline/trials/filesystem-pvisor-staged-022
/rows/111/memory_scope	string	owned launcher tree; Docker daemon/container RSS excluded
/rows/111/mode	string	filesystem
/rows/111/peak_tree_rss_kib	integer	178520
/rows/111/prepare_ms	float	37.662842
/rows/111/ready_ms	float	59.903764
/rows/111/result	object	-
/rows/111/result/correctness	string	passed
/rows/111/result/filesystem	object	-
/rows/111/result/filesystem/cargo	object	-
/rows/111/result/filesystem/cargo/check	object	-
/rows/111/result/filesystem/cargo/check/modules	integer	64
/rows/111/result/filesystem/cargo/check/result	string	2016
/rows/111/result/filesystem/cargo/python	string	3.14.7
/rows/111/result/filesystem/cargo/worker_ms	float	106.911515
/rows/111/result/filesystem/cargo/workload	string	cargo
/rows/111/result/filesystem/git	object	-
/rows/111/result/filesystem/git/check	object	-
/rows/111/result/filesystem/git/check/git_clean	boolean	true
/rows/111/result/filesystem/git/python	string	3.14.7
/rows/111/result/filesystem/git/worker_ms	float	170.316252
/rows/111/result/filesystem/git/workload	string	git
/rows/111/result/filesystem/metadata	object	-
/rows/111/result/filesystem/metadata/check	object	-
/rows/111/result/filesystem/metadata/check/bytes	integer	2095104
/rows/111/result/filesystem/metadata/check/files	integer	2048
/rows/111/result/filesystem/metadata/python	string	3.14.7
/rows/111/result/filesystem/metadata/worker_ms	float	77.176918
/rows/111/result/filesystem/metadata/workload	string	metadata
/rows/111/result/filesystem/npm	object	-
/rows/111/result/filesystem/npm/check	object	-
/rows/111/result/filesystem/npm/check/local_packages	integer	32
/rows/111/result/filesystem/npm/python	string	3.14.7
/rows/111/result/filesystem/npm/worker_ms	float	253.96648
/rows/111/result/filesystem/npm/workload	string	npm
/rows/111/result/filesystem/read	object	-
/rows/111/result/filesystem/read/check	object	-
/rows/111/result/filesystem/read/check/bytes	integer	67108864
/rows/111/result/filesystem/read/check/sha256	string	42ef3a50fe506ced865473b082c8b28f6ce254e6e2b01266b6a563531a6267bc
/rows/111/result/filesystem/read/python	string	3.14.7
/rows/111/result/filesystem/read/worker_ms	float	66.371834
/rows/111/result/filesystem/read/workload	string	read
/rows/111/result/filesystem/rg	object	-
/rows/111/result/filesystem/rg/check	object	-
/rows/111/result/filesystem/rg/check/matches	integer	2048
/rows/111/result/filesystem/rg/python	string	3.14.7
/rows/111/result/filesystem/rg/worker_ms	float	91.150142
/rows/111/result/filesystem/rg/workload	string	rg
/rows/111/result/filesystem/write	object	-
/rows/111/result/filesystem/write/check	object	-
/rows/111/result/filesystem/write/check/bytes	integer	16777216
/rows/111/result/filesystem/write/check/files	integer	256
/rows/111/result/filesystem/write/python	string	3.14.7
/rows/111/result/filesystem/write/worker_ms	float	197.483598
/rows/111/result/filesystem/write/workload	string	write
/rows/111/result/mode	string	filesystem
/rows/111/result/worker_ms	float	1085.969386
/rows/111/result_ms	float	1145.899178
/rows/111/trial	integer	22
/rows/111/variant	string	baseline
/rows/112	object	-
/rows/112/backend	string	pvisor-vm
/rows/112/completion_ms	float	4235.549675
/rows/112/correctness	string	passed
/rows/112/logs	string	/home/reiase/workspace/pvisor/target/sb/run/baseline/trials/filesystem-pvisor-vm-022
/rows/112/memory_scope	string	owned launcher tree; Docker daemon/container RSS excluded
/rows/112/mode	string	filesystem
/rows/112/peak_tree_rss_kib	integer	612764
/rows/112/prepare_ms	float	37.315714
/rows/112/ready_ms	float	377.858551
/rows/112/result	object	-
/rows/112/result/correctness	string	passed
/rows/112/result/filesystem	object	-
/rows/112/result/filesystem/cargo	object	-
/rows/112/result/filesystem/cargo/check	object	-
/rows/112/result/filesystem/cargo/check/modules	integer	64
/rows/112/result/filesystem/cargo/check/result	string	2016
/rows/112/result/filesystem/cargo/python	string	3.14.7
/rows/112/result/filesystem/cargo/worker_ms	float	510.473049
/rows/112/result/filesystem/cargo/workload	string	cargo
/rows/112/result/filesystem/git	object	-
/rows/112/result/filesystem/git/check	object	-
/rows/112/result/filesystem/git/check/git_clean	boolean	true
/rows/112/result/filesystem/git/python	string	3.14.7
/rows/112/result/filesystem/git/worker_ms	float	358.379785
/rows/112/result/filesystem/git/workload	string	git
/rows/112/result/filesystem/metadata	object	-
/rows/112/result/filesystem/metadata/check	object	-
/rows/112/result/filesystem/metadata/check/bytes	integer	2095104
/rows/112/result/filesystem/metadata/check/files	integer	2048
/rows/112/result/filesystem/metadata/python	string	3.14.7
/rows/112/result/filesystem/metadata/worker_ms	float	139.092126
/rows/112/result/filesystem/metadata/workload	string	metadata
/rows/112/result/filesystem/npm	object	-
/rows/112/result/filesystem/npm/check	object	-
/rows/112/result/filesystem/npm/check/local_packages	integer	32
/rows/112/result/filesystem/npm/python	string	3.14.7
/rows/112/result/filesystem/npm/worker_ms	float	1482.861538
/rows/112/result/filesystem/npm/workload	string	npm
/rows/112/result/filesystem/read	object	-
/rows/112/result/filesystem/read/check	object	-
/rows/112/result/filesystem/read/check/bytes	integer	67108864
/rows/112/result/filesystem/read/check/sha256	string	42ef3a50fe506ced865473b082c8b28f6ce254e6e2b01266b6a563531a6267bc
/rows/112/result/filesystem/read/python	string	3.14.7
/rows/112/result/filesystem/read/worker_ms	float	117.767961
/rows/112/result/filesystem/read/workload	string	read
/rows/112/result/filesystem/rg	object	-
/rows/112/result/filesystem/rg/check	object	-
/rows/112/result/filesystem/rg/check/matches	integer	2048
/rows/112/result/filesystem/rg/python	string	3.14.7
/rows/112/result/filesystem/rg/worker_ms	float	449.677969
/rows/112/result/filesystem/rg/workload	string	rg
/rows/112/result/filesystem/write	object	-
/rows/112/result/filesystem/write/check	object	-
/rows/112/result/filesystem/write/check/bytes	integer	16777216
/rows/112/result/filesystem/write/check/files	integer	256
/rows/112/result/filesystem/write/python	string	3.14.7
/rows/112/result/filesystem/write/worker_ms	float	235.156814
/rows/112/result/filesystem/write/workload	string	write
/rows/112/result/mode	string	filesystem
/rows/112/result/worker_ms	float	3737.35318
/rows/112/result_ms	float	4116.119599
/rows/112/trial	integer	22
/rows/112/variant	string	baseline
/rows/113	object	-
/rows/113/backend	string	native
/rows/113/completion_ms	float	449.675946
/rows/113/correctness	string	passed
/rows/113/logs	string	/home/reiase/workspace/pvisor/target/sb/run/native/trials/filesystem-native-022
/rows/113/memory_scope	string	owned launcher tree; Docker daemon/container RSS excluded
/rows/113/mode	string	filesystem
/rows/113/peak_tree_rss_kib	integer	143392
/rows/113/prepare_ms	float	36.266676
/rows/113/ready_ms	float	41.144668
/rows/113/result	object	-
/rows/113/result/correctness	string	passed
/rows/113/result/filesystem	object	-
/rows/113/result/filesystem/cargo	object	-
/rows/113/result/filesystem/cargo/check	object	-
/rows/113/result/filesystem/cargo/check/modules	integer	64
/rows/113/result/filesystem/cargo/check/result	string	2016
/rows/113/result/filesystem/cargo/python	string	3.14.7
/rows/113/result/filesystem/cargo/worker_ms	float	54.462861
/rows/113/result/filesystem/cargo/workload	string	cargo
/rows/113/result/filesystem/git	object	-
/rows/113/result/filesystem/git/check	object	-
/rows/113/result/filesystem/git/check/git_clean	boolean	true
/rows/113/result/filesystem/git/python	string	3.14.7
/rows/113/result/filesystem/git/worker_ms	float	14.657352
/rows/113/result/filesystem/git/workload	string	git
/rows/113/result/filesystem/metadata	object	-
/rows/113/result/filesystem/metadata/check	object	-
/rows/113/result/filesystem/metadata/check/bytes	integer	2095104
/rows/113/result/filesystem/metadata/check/files	integer	2048
/rows/113/result/filesystem/metadata/python	string	3.14.7
/rows/113/result/filesystem/metadata/worker_ms	float	4.632815
/rows/113/result/filesystem/metadata/workload	string	metadata
/rows/113/result/filesystem/npm	object	-
/rows/113/result/filesystem/npm/check	object	-
/rows/113/result/filesystem/npm/check/local_packages	integer	32
/rows/113/result/filesystem/npm/python	string	3.14.7
/rows/113/result/filesystem/npm/worker_ms	float	169.944298
/rows/113/result/filesystem/npm/workload	string	npm
/rows/113/result/filesystem/read	object	-
/rows/113/result/filesystem/read/check	object	-
/rows/113/result/filesystem/read/check/bytes	integer	67108864
/rows/113/result/filesystem/read/check/sha256	string	42ef3a50fe506ced865473b082c8b28f6ce254e6e2b01266b6a563531a6267bc
/rows/113/result/filesystem/read/python	string	3.14.7
/rows/113/result/filesystem/read/worker_ms	float	31.566546
/rows/113/result/filesystem/read/workload	string	read
/rows/113/result/filesystem/rg	object	-
/rows/113/result/filesystem/rg/check	object	-
/rows/113/result/filesystem/rg/check/matches	integer	2048
/rows/113/result/filesystem/rg/python	string	3.14.7
/rows/113/result/filesystem/rg/worker_ms	float	7.306875
/rows/113/result/filesystem/rg/workload	string	rg
/rows/113/result/filesystem/write	object	-
/rows/113/result/filesystem/write/check	object	-
/rows/113/result/filesystem/write/check/bytes	integer	16777216
/rows/113/result/filesystem/write/check/files	integer	256
/rows/113/result/filesystem/write/python	string	3.14.7
/rows/113/result/filesystem/write/worker_ms	float	3.579499
/rows/113/result/filesystem/write/workload	string	write
/rows/113/result/mode	string	filesystem
/rows/113/result/worker_ms	float	400.060381
/rows/113/result_ms	float	441.259481
/rows/113/trial	integer	22
/rows/113/variant	string	native
/rows/114	object	-
/rows/114/backend	string	pvisor-staged
/rows/114/completion_ms	float	1107.83587
/rows/114/correctness	string	passed
/rows/114/logs	string	/home/reiase/workspace/pvisor/target/sb/run/candidate/trials/filesystem-pvisor-staged-022
/rows/114/memory_scope	string	owned launcher tree; Docker daemon/container RSS excluded
/rows/114/mode	string	filesystem
/rows/114/peak_tree_rss_kib	integer	178412
/rows/114/prepare_ms	float	36.290741
/rows/114/ready_ms	float	63.349404
/rows/114/result	object	-
/rows/114/result/correctness	string	passed
/rows/114/result/filesystem	object	-
/rows/114/result/filesystem/cargo	object	-
/rows/114/result/filesystem/cargo/check	object	-
/rows/114/result/filesystem/cargo/check/modules	integer	64
/rows/114/result/filesystem/cargo/check/result	string	2016
/rows/114/result/filesystem/cargo/python	string	3.14.7
/rows/114/result/filesystem/cargo/worker_ms	float	72.846707
/rows/114/result/filesystem/cargo/workload	string	cargo
/rows/114/result/filesystem/git	object	-
/rows/114/result/filesystem/git/check	object	-
/rows/114/result/filesystem/git/check/git_clean	boolean	true
/rows/114/result/filesystem/git/python	string	3.14.7
/rows/114/result/filesystem/git/worker_ms	float	124.79177
/rows/114/result/filesystem/git/workload	string	git
/rows/114/result/filesystem/metadata	object	-
/rows/114/result/filesystem/metadata/check	object	-
/rows/114/result/filesystem/metadata/check/bytes	integer	2095104
/rows/114/result/filesystem/metadata/check/files	integer	2048
/rows/114/result/filesystem/metadata/python	string	3.14.7
/rows/114/result/filesystem/metadata/worker_ms	float	76.545198
/rows/114/result/filesystem/metadata/workload	string	metadata
/rows/114/result/filesystem/npm	object	-
/rows/114/result/filesystem/npm/check	object	-
/rows/114/result/filesystem/npm/check/local_packages	integer	32
/rows/114/result/filesystem/npm/python	string	3.14.7
/rows/114/result/filesystem/npm/worker_ms	float	226.030279
/rows/114/result/filesystem/npm/workload	string	npm
/rows/114/result/filesystem/read	object	-
/rows/114/result/filesystem/read/check	object	-
/rows/114/result/filesystem/read/check/bytes	integer	67108864
/rows/114/result/filesystem/read/check/sha256	string	42ef3a50fe506ced865473b082c8b28f6ce254e6e2b01266b6a563531a6267bc
/rows/114/result/filesystem/read/python	string	3.14.7
/rows/114/result/filesystem/read/worker_ms	float	67.885339
/rows/114/result/filesystem/read/workload	string	read
/rows/114/result/filesystem/rg	object	-
/rows/114/result/filesystem/rg/check	object	-
/rows/114/result/filesystem/rg/check/matches	integer	2048
/rows/114/result/filesystem/rg/python	string	3.14.7
/rows/114/result/filesystem/rg/worker_ms	float	88.209695
/rows/114/result/filesystem/rg/workload	string	rg
/rows/114/result/filesystem/write	object	-
/rows/114/result/filesystem/write/check	object	-
/rows/114/result/filesystem/write/check/bytes	integer	16777216
/rows/114/result/filesystem/write/check/files	integer	256
/rows/114/result/filesystem/write/python	string	3.14.7
/rows/114/result/filesystem/write/worker_ms	float	28.195134
/rows/114/result/filesystem/write/workload	string	write
/rows/114/result/mode	string	filesystem
/rows/114/result/worker_ms	float	804.461412
/rows/114/result_ms	float	867.865699
/rows/114/trial	integer	22
/rows/114/variant	string	candidate
/rows/115	object	-
/rows/115/backend	string	pvisor-vm
/rows/115/completion_ms	float	4034.074477
/rows/115/correctness	string	passed
/rows/115/logs	string	/home/reiase/workspace/pvisor/target/sb/run/candidate/trials/filesystem-pvisor-vm-023
/rows/115/memory_scope	string	owned launcher tree; Docker daemon/container RSS excluded
/rows/115/mode	string	filesystem
/rows/115/peak_tree_rss_kib	integer	613384
/rows/115/prepare_ms	float	37.930962
/rows/115/ready_ms	float	384.563372
/rows/115/result	object	-
/rows/115/result/correctness	string	passed
/rows/115/result/filesystem	object	-
/rows/115/result/filesystem/cargo	object	-
/rows/115/result/filesystem/cargo/check	object	-
/rows/115/result/filesystem/cargo/check/modules	integer	64
/rows/115/result/filesystem/cargo/check/result	string	2016
/rows/115/result/filesystem/cargo/python	string	3.14.7
/rows/115/result/filesystem/cargo/worker_ms	float	476.168876
/rows/115/result/filesystem/cargo/workload	string	cargo
/rows/115/result/filesystem/git	object	-
/rows/115/result/filesystem/git/check	object	-
/rows/115/result/filesystem/git/check/git_clean	boolean	true
/rows/115/result/filesystem/git/python	string	3.14.7
/rows/115/result/filesystem/git/worker_ms	float	357.767973
/rows/115/result/filesystem/git/workload	string	git
/rows/115/result/filesystem/metadata	object	-
/rows/115/result/filesystem/metadata/check	object	-
/rows/115/result/filesystem/metadata/check/bytes	integer	2095104
/rows/115/result/filesystem/metadata/check/files	integer	2048
/rows/115/result/filesystem/metadata/python	string	3.14.7
/rows/115/result/filesystem/metadata/worker_ms	float	152.184805
/rows/115/result/filesystem/metadata/workload	string	metadata
/rows/115/result/filesystem/npm	object	-
/rows/115/result/filesystem/npm/check	object	-
/rows/115/result/filesystem/npm/check/local_packages	integer	32
/rows/115/result/filesystem/npm/python	string	3.14.7
/rows/115/result/filesystem/npm/worker_ms	float	1313.130375
/rows/115/result/filesystem/npm/workload	string	npm
/rows/115/result/filesystem/read	object	-
/rows/115/result/filesystem/read/check	object	-
/rows/115/result/filesystem/read/check/bytes	integer	67108864
/rows/115/result/filesystem/read/check/sha256	string	42ef3a50fe506ced865473b082c8b28f6ce254e6e2b01266b6a563531a6267bc
/rows/115/result/filesystem/read/python	string	3.14.7
/rows/115/result/filesystem/read/worker_ms	float	116.464576
/rows/115/result/filesystem/read/workload	string	read
/rows/115/result/filesystem/rg	object	-
/rows/115/result/filesystem/rg/check	object	-
/rows/115/result/filesystem/rg/check/matches	integer	2048
/rows/115/result/filesystem/rg/python	string	3.14.7
/rows/115/result/filesystem/rg/worker_ms	float	439.865398
/rows/115/result/filesystem/rg/workload	string	rg
/rows/115/result/filesystem/write	object	-
/rows/115/result/filesystem/write/check	object	-
/rows/115/result/filesystem/write/check/bytes	integer	16777216
/rows/115/result/filesystem/write/check/files	integer	256
/rows/115/result/filesystem/write/python	string	3.14.7
/rows/115/result/filesystem/write/worker_ms	float	159.188368
/rows/115/result/filesystem/write/workload	string	write
/rows/115/result/mode	string	filesystem
/rows/115/result/worker_ms	float	3453.559539
/rows/115/result_ms	float	3838.192357
/rows/115/trial	integer	23
/rows/115/variant	string	candidate
/rows/116	object	-
/rows/116/backend	string	pvisor-staged
/rows/116/completion_ms	float	1146.079134
/rows/116/correctness	string	passed
/rows/116/logs	string	/home/reiase/workspace/pvisor/target/sb/run/candidate/trials/filesystem-pvisor-staged-023
/rows/116/memory_scope	string	owned launcher tree; Docker daemon/container RSS excluded
/rows/116/mode	string	filesystem
/rows/116/peak_tree_rss_kib	integer	180140
/rows/116/prepare_ms	float	39.375938
/rows/116/ready_ms	float	65.331022
/rows/116/result	object	-
/rows/116/result/correctness	string	passed
/rows/116/result/filesystem	object	-
/rows/116/result/filesystem/cargo	object	-
/rows/116/result/filesystem/cargo/check	object	-
/rows/116/result/filesystem/cargo/check/modules	integer	64
/rows/116/result/filesystem/cargo/check/result	string	2016
/rows/116/result/filesystem/cargo/python	string	3.14.7
/rows/116/result/filesystem/cargo/worker_ms	float	88.866922
/rows/116/result/filesystem/cargo/workload	string	cargo
/rows/116/result/filesystem/git	object	-
/rows/116/result/filesystem/git/check	object	-
/rows/116/result/filesystem/git/check/git_clean	boolean	true
/rows/116/result/filesystem/git/python	string	3.14.7
/rows/116/result/filesystem/git/worker_ms	float	121.746288
/rows/116/result/filesystem/git/workload	string	git
/rows/116/result/filesystem/metadata	object	-
/rows/116/result/filesystem/metadata/check	object	-
/rows/116/result/filesystem/metadata/check/bytes	integer	2095104
/rows/116/result/filesystem/metadata/check/files	integer	2048
/rows/116/result/filesystem/metadata/python	string	3.14.7
/rows/116/result/filesystem/metadata/worker_ms	float	77.745458
/rows/116/result/filesystem/metadata/workload	string	metadata
/rows/116/result/filesystem/npm	object	-
/rows/116/result/filesystem/npm/check	object	-
/rows/116/result/filesystem/npm/check/local_packages	integer	32
/rows/116/result/filesystem/npm/python	string	3.14.7
/rows/116/result/filesystem/npm/worker_ms	float	228.946069
/rows/116/result/filesystem/npm/workload	string	npm
/rows/116/result/filesystem/read	object	-
/rows/116/result/filesystem/read/check	object	-
/rows/116/result/filesystem/read/check/bytes	integer	67108864
/rows/116/result/filesystem/read/check/sha256	string	42ef3a50fe506ced865473b082c8b28f6ce254e6e2b01266b6a563531a6267bc
/rows/116/result/filesystem/read/python	string	3.14.7
/rows/116/result/filesystem/read/worker_ms	float	67.699452
/rows/116/result/filesystem/read/workload	string	read
/rows/116/result/filesystem/rg	object	-
/rows/116/result/filesystem/rg/check	object	-
/rows/116/result/filesystem/rg/check/matches	integer	2048
/rows/116/result/filesystem/rg/python	string	3.14.7
/rows/116/result/filesystem/rg/worker_ms	float	88.42138
/rows/116/result/filesystem/rg/workload	string	rg
/rows/116/result/filesystem/write	object	-
/rows/116/result/filesystem/write/check	object	-
/rows/116/result/filesystem/write/check/bytes	integer	16777216
/rows/116/result/filesystem/write/check/files	integer	256
/rows/116/result/filesystem/write/python	string	3.14.7
/rows/116/result/filesystem/write/worker_ms	float	26.932839
/rows/116/result/filesystem/write/workload	string	write
/rows/116/result/mode	string	filesystem
/rows/116/result/worker_ms	float	821.740305
/rows/116/result_ms	float	887.139564
/rows/116/trial	integer	23
/rows/116/variant	string	candidate
/rows/117	object	-
/rows/117/backend	string	native
/rows/117/completion_ms	float	457.268245
/rows/117/correctness	string	passed
/rows/117/logs	string	/home/reiase/workspace/pvisor/target/sb/run/native/trials/filesystem-native-023
/rows/117/memory_scope	string	owned launcher tree; Docker daemon/container RSS excluded
/rows/117/mode	string	filesystem
/rows/117/peak_tree_rss_kib	integer	144260
/rows/117/prepare_ms	float	37.544771
/rows/117/ready_ms	float	38.822486
/rows/117/result	object	-
/rows/117/result/correctness	string	passed
/rows/117/result/filesystem	object	-
/rows/117/result/filesystem/cargo	object	-
/rows/117/result/filesystem/cargo/check	object	-
/rows/117/result/filesystem/cargo/check/modules	integer	64
/rows/117/result/filesystem/cargo/check/result	string	2016
/rows/117/result/filesystem/cargo/python	string	3.14.7
/rows/117/result/filesystem/cargo/worker_ms	float	50.861882
/rows/117/result/filesystem/cargo/workload	string	cargo
/rows/117/result/filesystem/git	object	-
/rows/117/result/filesystem/git/check	object	-
/rows/117/result/filesystem/git/check/git_clean	boolean	true
/rows/117/result/filesystem/git/python	string	3.14.7
/rows/117/result/filesystem/git/worker_ms	float	15.149199
/rows/117/result/filesystem/git/workload	string	git
/rows/117/result/filesystem/metadata	object	-
/rows/117/result/filesystem/metadata/check	object	-
/rows/117/result/filesystem/metadata/check/bytes	integer	2095104
/rows/117/result/filesystem/metadata/check/files	integer	2048
/rows/117/result/filesystem/metadata/python	string	3.14.7
/rows/117/result/filesystem/metadata/worker_ms	float	4.985894
/rows/117/result/filesystem/metadata/workload	string	metadata
/rows/117/result/filesystem/npm	object	-
/rows/117/result/filesystem/npm/check	object	-
/rows/117/result/filesystem/npm/check/local_packages	integer	32
/rows/117/result/filesystem/npm/python	string	3.14.7
/rows/117/result/filesystem/npm/worker_ms	float	171.010067
/rows/117/result/filesystem/npm/workload	string	npm
/rows/117/result/filesystem/read	object	-
/rows/117/result/filesystem/read/check	object	-
/rows/117/result/filesystem/read/check/bytes	integer	67108864
/rows/117/result/filesystem/read/check/sha256	string	42ef3a50fe506ced865473b082c8b28f6ce254e6e2b01266b6a563531a6267bc
/rows/117/result/filesystem/read/python	string	3.14.7
/rows/117/result/filesystem/read/worker_ms	float	42.107906
/rows/117/result/filesystem/read/workload	string	read
/rows/117/result/filesystem/rg	object	-
/rows/117/result/filesystem/rg/check	object	-
/rows/117/result/filesystem/rg/check/matches	integer	2048
/rows/117/result/filesystem/rg/python	string	3.14.7
/rows/117/result/filesystem/rg/worker_ms	float	7.79205
/rows/117/result/filesystem/rg/workload	string	rg
/rows/117/result/filesystem/write	object	-
/rows/117/result/filesystem/write/check	object	-
/rows/117/result/filesystem/write/check/bytes	integer	16777216
/rows/117/result/filesystem/write/check/files	integer	256
/rows/117/result/filesystem/write/python	string	3.14.7
/rows/117/result/filesystem/write/worker_ms	float	3.646384
/rows/117/result/filesystem/write/workload	string	write
/rows/117/result/mode	string	filesystem
/rows/117/result/worker_ms	float	409.691573
/rows/117/result_ms	float	448.577848
/rows/117/trial	integer	23
/rows/117/variant	string	native
/rows/118	object	-
/rows/118/backend	string	pvisor-staged
/rows/118/completion_ms	float	1314.022018
/rows/118/correctness	string	passed
/rows/118/logs	string	/home/reiase/workspace/pvisor/target/sb/run/baseline/trials/filesystem-pvisor-staged-023
/rows/118/memory_scope	string	owned launcher tree; Docker daemon/container RSS excluded
/rows/118/mode	string	filesystem
/rows/118/peak_tree_rss_kib	integer	174488
/rows/118/prepare_ms	float	36.770926
/rows/118/ready_ms	float	59.79969
/rows/118/result	object	-
/rows/118/result/correctness	string	passed
/rows/118/result/filesystem	object	-
/rows/118/result/filesystem/cargo	object	-
/rows/118/result/filesystem/cargo/check	object	-
/rows/118/result/filesystem/cargo/check/modules	integer	64
/rows/118/result/filesystem/cargo/check/result	string	2016
/rows/118/result/filesystem/cargo/python	string	3.14.7
/rows/118/result/filesystem/cargo/worker_ms	float	109.088958
/rows/118/result/filesystem/cargo/workload	string	cargo
/rows/118/result/filesystem/git	object	-
/rows/118/result/filesystem/git/check	object	-
/rows/118/result/filesystem/git/check/git_clean	boolean	true
/rows/118/result/filesystem/git/python	string	3.14.7
/rows/118/result/filesystem/git/worker_ms	float	173.189294
/rows/118/result/filesystem/git/workload	string	git
/rows/118/result/filesystem/metadata	object	-
/rows/118/result/filesystem/metadata/check	object	-
/rows/118/result/filesystem/metadata/check/bytes	integer	2095104
/rows/118/result/filesystem/metadata/check/files	integer	2048
/rows/118/result/filesystem/metadata/python	string	3.14.7
/rows/118/result/filesystem/metadata/worker_ms	float	77.412617
/rows/118/result/filesystem/metadata/workload	string	metadata
/rows/118/result/filesystem/npm	object	-
/rows/118/result/filesystem/npm/check	object	-
/rows/118/result/filesystem/npm/check/local_packages	integer	32
/rows/118/result/filesystem/npm/python	string	3.14.7
/rows/118/result/filesystem/npm/worker_ms	float	271.362922
/rows/118/result/filesystem/npm/workload	string	npm
/rows/118/result/filesystem/read	object	-
/rows/118/result/filesystem/read/check	object	-
/rows/118/result/filesystem/read/check/bytes	integer	67108864
/rows/118/result/filesystem/read/check/sha256	string	42ef3a50fe506ced865473b082c8b28f6ce254e6e2b01266b6a563531a6267bc
/rows/118/result/filesystem/read/python	string	3.14.7
/rows/118/result/filesystem/read/worker_ms	float	66.901964
/rows/118/result/filesystem/read/workload	string	read
/rows/118/result/filesystem/rg	object	-
/rows/118/result/filesystem/rg/check	object	-
/rows/118/result/filesystem/rg/check/matches	integer	2048
/rows/118/result/filesystem/rg/python	string	3.14.7
/rows/118/result/filesystem/rg/worker_ms	float	91.860278
/rows/118/result/filesystem/rg/workload	string	rg
/rows/118/result/filesystem/write	object	-
/rows/118/result/filesystem/write/check	object	-
/rows/118/result/filesystem/write/check/bytes	integer	16777216
/rows/118/result/filesystem/write/check/files	integer	256
/rows/118/result/filesystem/write/python	string	3.14.7
/rows/118/result/filesystem/write/worker_ms	float	203.345767
/rows/118/result/filesystem/write/workload	string	write
/rows/118/result/mode	string	filesystem
/rows/118/result/worker_ms	float	1117.360283
/rows/118/result_ms	float	1177.226477
/rows/118/trial	integer	23
/rows/118/variant	string	baseline
/rows/119	object	-
/rows/119/backend	string	pvisor-vm
/rows/119/completion_ms	float	4335.5653
/rows/119/correctness	string	passed
/rows/119/logs	string	/home/reiase/workspace/pvisor/target/sb/run/baseline/trials/filesystem-pvisor-vm-023
/rows/119/memory_scope	string	owned launcher tree; Docker daemon/container RSS excluded
/rows/119/mode	string	filesystem
/rows/119/peak_tree_rss_kib	integer	613316
/rows/119/prepare_ms	float	37.435788
/rows/119/ready_ms	float	387.24723
/rows/119/result	object	-
/rows/119/result/correctness	string	passed
/rows/119/result/filesystem	object	-
/rows/119/result/filesystem/cargo	object	-
/rows/119/result/filesystem/cargo/check	object	-
/rows/119/result/filesystem/cargo/check/modules	integer	64
/rows/119/result/filesystem/cargo/check/result	string	2016
/rows/119/result/filesystem/cargo/python	string	3.14.7
/rows/119/result/filesystem/cargo/worker_ms	float	560.447977
/rows/119/result/filesystem/cargo/workload	string	cargo
/rows/119/result/filesystem/git	object	-
/rows/119/result/filesystem/git/check	object	-
/rows/119/result/filesystem/git/check/git_clean	boolean	true
/rows/119/result/filesystem/git/python	string	3.14.7
/rows/119/result/filesystem/git/worker_ms	float	410.252909
/rows/119/result/filesystem/git/workload	string	git
/rows/119/result/filesystem/metadata	object	-
/rows/119/result/filesystem/metadata/check	object	-
/rows/119/result/filesystem/metadata/check/bytes	integer	2095104
/rows/119/result/filesystem/metadata/check/files	integer	2048
/rows/119/result/filesystem/metadata/python	string	3.14.7
/rows/119/result/filesystem/metadata/worker_ms	float	193.703145
/rows/119/result/filesystem/metadata/workload	string	metadata
/rows/119/result/filesystem/npm	object	-
/rows/119/result/filesystem/npm/check	object	-
/rows/119/result/filesystem/npm/check/local_packages	integer	32
/rows/119/result/filesystem/npm/python	string	3.14.7
/rows/119/result/filesystem/npm/worker_ms	float	1355.528619
/rows/119/result/filesystem/npm/workload	string	npm
/rows/119/result/filesystem/read	object	-
/rows/119/result/filesystem/read/check	object	-
/rows/119/result/filesystem/read/check/bytes	integer	67108864
/rows/119/result/filesystem/read/check/sha256	string	42ef3a50fe506ced865473b082c8b28f6ce254e6e2b01266b6a563531a6267bc
/rows/119/result/filesystem/read/python	string	3.14.7
/rows/119/result/filesystem/read/worker_ms	float	129.16965
/rows/119/result/filesystem/read/workload	string	read
/rows/119/result/filesystem/rg	object	-
/rows/119/result/filesystem/rg/check	object	-
/rows/119/result/filesystem/rg/check/matches	integer	2048
/rows/119/result/filesystem/rg/python	string	3.14.7
/rows/119/result/filesystem/rg/worker_ms	float	454.50712
/rows/119/result/filesystem/rg/workload	string	rg
/rows/119/result/filesystem/write	object	-
/rows/119/result/filesystem/write/check	object	-
/rows/119/result/filesystem/write/check/bytes	integer	16777216
/rows/119/result/filesystem/write/check/files	integer	256
/rows/119/result/filesystem/write/python	string	3.14.7
/rows/119/result/filesystem/write/worker_ms	float	304.96365
/rows/119/result/filesystem/write/workload	string	write
/rows/119/result/mode	string	filesystem
/rows/119/result/worker_ms	float	3861.641092
/rows/119/result_ms	float	4248.947455
/rows/119/trial	integer	23
/rows/119/variant	string	baseline
/rows/120	object	-
/rows/120/backend	string	native
/rows/120/completion_ms	float	449.324121
/rows/120/correctness	string	passed
/rows/120/logs	string	/home/reiase/workspace/pvisor/target/sb/run/native/trials/filesystem-native-024
/rows/120/memory_scope	string	owned launcher tree; Docker daemon/container RSS excluded
/rows/120/mode	string	filesystem
/rows/120/peak_tree_rss_kib	integer	142020
/rows/120/prepare_ms	float	37.335781
/rows/120/ready_ms	float	39.211131
/rows/120/result	object	-
/rows/120/result/correctness	string	passed
/rows/120/result/filesystem	object	-
/rows/120/result/filesystem/cargo	object	-
/rows/120/result/filesystem/cargo/check	object	-
/rows/120/result/filesystem/cargo/check/modules	integer	64
/rows/120/result/filesystem/cargo/check/result	string	2016
/rows/120/result/filesystem/cargo/python	string	3.14.7
/rows/120/result/filesystem/cargo/worker_ms	float	50.041891
/rows/120/result/filesystem/cargo/workload	string	cargo
/rows/120/result/filesystem/git	object	-
/rows/120/result/filesystem/git/check	object	-
/rows/120/result/filesystem/git/check/git_clean	boolean	true
/rows/120/result/filesystem/git/python	string	3.14.7
/rows/120/result/filesystem/git/worker_ms	float	14.856664
/rows/120/result/filesystem/git/workload	string	git
/rows/120/result/filesystem/metadata	object	-
/rows/120/result/filesystem/metadata/check	object	-
/rows/120/result/filesystem/metadata/check/bytes	integer	2095104
/rows/120/result/filesystem/metadata/check/files	integer	2048
/rows/120/result/filesystem/metadata/python	string	3.14.7
/rows/120/result/filesystem/metadata/worker_ms	float	5.271196
/rows/120/result/filesystem/metadata/workload	string	metadata
/rows/120/result/filesystem/npm	object	-
/rows/120/result/filesystem/npm/check	object	-
/rows/120/result/filesystem/npm/check/local_packages	integer	32
/rows/120/result/filesystem/npm/python	string	3.14.7
/rows/120/result/filesystem/npm/worker_ms	float	173.407681
/rows/120/result/filesystem/npm/workload	string	npm
/rows/120/result/filesystem/read	object	-
/rows/120/result/filesystem/read/check	object	-
/rows/120/result/filesystem/read/check/bytes	integer	67108864
/rows/120/result/filesystem/read/check/sha256	string	42ef3a50fe506ced865473b082c8b28f6ce254e6e2b01266b6a563531a6267bc
/rows/120/result/filesystem/read/python	string	3.14.7
/rows/120/result/filesystem/read/worker_ms	float	32.415078
/rows/120/result/filesystem/read/workload	string	read
/rows/120/result/filesystem/rg	object	-
/rows/120/result/filesystem/rg/check	object	-
/rows/120/result/filesystem/rg/check/matches	integer	2048
/rows/120/result/filesystem/rg/python	string	3.14.7
/rows/120/result/filesystem/rg/worker_ms	float	6.879638
/rows/120/result/filesystem/rg/workload	string	rg
/rows/120/result/filesystem/write	object	-
/rows/120/result/filesystem/write/check	object	-
/rows/120/result/filesystem/write/check/bytes	integer	16777216
/rows/120/result/filesystem/write/check/files	integer	256
/rows/120/result/filesystem/write/python	string	3.14.7
/rows/120/result/filesystem/write/worker_ms	float	4.437811
/rows/120/result/filesystem/write/workload	string	write
/rows/120/result/mode	string	filesystem
/rows/120/result/worker_ms	float	402.67025
/rows/120/result_ms	float	441.940332
/rows/120/trial	integer	24
/rows/120/variant	string	native
/rows/121	object	-
/rows/121/backend	string	pvisor-vm
/rows/121/completion_ms	float	4214.79247
/rows/121/correctness	string	passed
/rows/121/logs	string	/home/reiase/workspace/pvisor/target/sb/run/baseline/trials/filesystem-pvisor-vm-024
/rows/121/memory_scope	string	owned launcher tree; Docker daemon/container RSS excluded
/rows/121/mode	string	filesystem
/rows/121/peak_tree_rss_kib	integer	613588
/rows/121/prepare_ms	float	36.601251
/rows/121/ready_ms	float	380.655851
/rows/121/result	object	-
/rows/121/result/correctness	string	passed
/rows/121/result/filesystem	object	-
/rows/121/result/filesystem/cargo	object	-
/rows/121/result/filesystem/cargo/check	object	-
/rows/121/result/filesystem/cargo/check/modules	integer	64
/rows/121/result/filesystem/cargo/check/result	string	2016
/rows/121/result/filesystem/cargo/python	string	3.14.7
/rows/121/result/filesystem/cargo/worker_ms	float	597.372866
/rows/121/result/filesystem/cargo/workload	string	cargo
/rows/121/result/filesystem/git	object	-
/rows/121/result/filesystem/git/check	object	-
/rows/121/result/filesystem/git/check/git_clean	boolean	true
/rows/121/result/filesystem/git/python	string	3.14.7
/rows/121/result/filesystem/git/worker_ms	float	358.485443
/rows/121/result/filesystem/git/workload	string	git
/rows/121/result/filesystem/metadata	object	-
/rows/121/result/filesystem/metadata/check	object	-
/rows/121/result/filesystem/metadata/check/bytes	integer	2095104
/rows/121/result/filesystem/metadata/check/files	integer	2048
/rows/121/result/filesystem/metadata/python	string	3.14.7
/rows/121/result/filesystem/metadata/worker_ms	float	165.719799
/rows/121/result/filesystem/metadata/workload	string	metadata
/rows/121/result/filesystem/npm	object	-
/rows/121/result/filesystem/npm/check	object	-
/rows/121/result/filesystem/npm/check/local_packages	integer	32
/rows/121/result/filesystem/npm/python	string	3.14.7
/rows/121/result/filesystem/npm/worker_ms	float	1332.235936
/rows/121/result/filesystem/npm/workload	string	npm
/rows/121/result/filesystem/read	object	-
/rows/121/result/filesystem/read/check	object	-
/rows/121/result/filesystem/read/check/bytes	integer	67108864
/rows/121/result/filesystem/read/check/sha256	string	42ef3a50fe506ced865473b082c8b28f6ce254e6e2b01266b6a563531a6267bc
/rows/121/result/filesystem/read/python	string	3.14.7
/rows/121/result/filesystem/read/worker_ms	float	117.828003
/rows/121/result/filesystem/read/workload	string	read
/rows/121/result/filesystem/rg	object	-
/rows/121/result/filesystem/rg/check	object	-
/rows/121/result/filesystem/rg/check/matches	integer	2048
/rows/121/result/filesystem/rg/python	string	3.14.7
/rows/121/result/filesystem/rg/worker_ms	float	453.408347
/rows/121/result/filesystem/rg/workload	string	rg
/rows/121/result/filesystem/write	object	-
/rows/121/result/filesystem/write/check	object	-
/rows/121/result/filesystem/write/check/bytes	integer	16777216
/rows/121/result/filesystem/write/check/files	integer	256
/rows/121/result/filesystem/write/python	string	3.14.7
/rows/121/result/filesystem/write/worker_ms	float	254.106444
/rows/121/result/filesystem/write/workload	string	write
/rows/121/result/mode	string	filesystem
/rows/121/result/worker_ms	float	3727.103103
/rows/121/result_ms	float	4108.401587
/rows/121/trial	integer	24
/rows/121/variant	string	baseline
/rows/122	object	-
/rows/122/backend	string	pvisor-vm
/rows/122/completion_ms	float	4013.834828
/rows/122/correctness	string	passed
/rows/122/logs	string	/home/reiase/workspace/pvisor/target/sb/run/candidate/trials/filesystem-pvisor-vm-024
/rows/122/memory_scope	string	owned launcher tree; Docker daemon/container RSS excluded
/rows/122/mode	string	filesystem
/rows/122/peak_tree_rss_kib	integer	612136
/rows/122/prepare_ms	float	36.189683
/rows/122/ready_ms	float	387.996118
/rows/122/result	object	-
/rows/122/result/correctness	string	passed
/rows/122/result/filesystem	object	-
/rows/122/result/filesystem/cargo	object	-
/rows/122/result/filesystem/cargo/check	object	-
/rows/122/result/filesystem/cargo/check/modules	integer	64
/rows/122/result/filesystem/cargo/check/result	string	2016
/rows/122/result/filesystem/cargo/python	string	3.14.7
/rows/122/result/filesystem/cargo/worker_ms	float	476.646308
/rows/122/result/filesystem/cargo/workload	string	cargo
/rows/122/result/filesystem/git	object	-
/rows/122/result/filesystem/git/check	object	-
/rows/122/result/filesystem/git/check/git_clean	boolean	true
/rows/122/result/filesystem/git/python	string	3.14.7
/rows/122/result/filesystem/git/worker_ms	float	357.003144
/rows/122/result/filesystem/git/workload	string	git
/rows/122/result/filesystem/metadata	object	-
/rows/122/result/filesystem/metadata/check	object	-
/rows/122/result/filesystem/metadata/check/bytes	integer	2095104
/rows/122/result/filesystem/metadata/check/files	integer	2048
/rows/122/result/filesystem/metadata/python	string	3.14.7
/rows/122/result/filesystem/metadata/worker_ms	float	169.913213
/rows/122/result/filesystem/metadata/workload	string	metadata
/rows/122/result/filesystem/npm	object	-
/rows/122/result/filesystem/npm/check	object	-
/rows/122/result/filesystem/npm/check/local_packages	integer	32
/rows/122/result/filesystem/npm/python	string	3.14.7
/rows/122/result/filesystem/npm/worker_ms	float	1346.406808
/rows/122/result/filesystem/npm/workload	string	npm
/rows/122/result/filesystem/read	object	-
/rows/122/result/filesystem/read/check	object	-
/rows/122/result/filesystem/read/check/bytes	integer	67108864
/rows/122/result/filesystem/read/check/sha256	string	42ef3a50fe506ced865473b082c8b28f6ce254e6e2b01266b6a563531a6267bc
/rows/122/result/filesystem/read/python	string	3.14.7
/rows/122/result/filesystem/read/worker_ms	float	115.052027
/rows/122/result/filesystem/read/workload	string	read
/rows/122/result/filesystem/rg	object	-
/rows/122/result/filesystem/rg/check	object	-
/rows/122/result/filesystem/rg/check/matches	integer	2048
/rows/122/result/filesystem/rg/python	string	3.14.7
/rows/122/result/filesystem/rg/worker_ms	float	433.634528
/rows/122/result/filesystem/rg/workload	string	rg
/rows/122/result/filesystem/write	object	-
/rows/122/result/filesystem/write/check	object	-
/rows/122/result/filesystem/write/check/bytes	integer	16777216
/rows/122/result/filesystem/write/check/files	integer	256
/rows/122/result/filesystem/write/python	string	3.14.7
/rows/122/result/filesystem/write/worker_ms	float	123.01337
/rows/122/result/filesystem/write/workload	string	write
/rows/122/result/mode	string	filesystem
/rows/122/result/worker_ms	float	3457.562987
/rows/122/result_ms	float	3845.617373
/rows/122/trial	integer	24
/rows/122/variant	string	candidate
/rows/123	object	-
/rows/123/backend	string	pvisor-staged
/rows/123/completion_ms	float	1126.604183
/rows/123/correctness	string	passed
/rows/123/logs	string	/home/reiase/workspace/pvisor/target/sb/run/candidate/trials/filesystem-pvisor-staged-024
/rows/123/memory_scope	string	owned launcher tree; Docker daemon/container RSS excluded
/rows/123/mode	string	filesystem
/rows/123/peak_tree_rss_kib	integer	176764
/rows/123/prepare_ms	float	36.748816
/rows/123/ready_ms	float	63.043253
/rows/123/result	object	-
/rows/123/result/correctness	string	passed
/rows/123/result/filesystem	object	-
/rows/123/result/filesystem/cargo	object	-
/rows/123/result/filesystem/cargo/check	object	-
/rows/123/result/filesystem/cargo/check/modules	integer	64
/rows/123/result/filesystem/cargo/check/result	string	2016
/rows/123/result/filesystem/cargo/python	string	3.14.7
/rows/123/result/filesystem/cargo/worker_ms	float	74.075039
/rows/123/result/filesystem/cargo/workload	string	cargo
/rows/123/result/filesystem/git	object	-
/rows/123/result/filesystem/git/check	object	-
/rows/123/result/filesystem/git/check/git_clean	boolean	true
/rows/123/result/filesystem/git/python	string	3.14.7
/rows/123/result/filesystem/git/worker_ms	float	127.676554
/rows/123/result/filesystem/git/workload	string	git
/rows/123/result/filesystem/metadata	object	-
/rows/123/result/filesystem/metadata/check	object	-
/rows/123/result/filesystem/metadata/check/bytes	integer	2095104
/rows/123/result/filesystem/metadata/check/files	integer	2048
/rows/123/result/filesystem/metadata/python	string	3.14.7
/rows/123/result/filesystem/metadata/worker_ms	float	79.938921
/rows/123/result/filesystem/metadata/workload	string	metadata
/rows/123/result/filesystem/npm	object	-
/rows/123/result/filesystem/npm/check	object	-
/rows/123/result/filesystem/npm/check/local_packages	integer	32
/rows/123/result/filesystem/npm/python	string	3.14.7
/rows/123/result/filesystem/npm/worker_ms	float	228.641631
/rows/123/result/filesystem/npm/workload	string	npm
/rows/123/result/filesystem/read	object	-
/rows/123/result/filesystem/read/check	object	-
/rows/123/result/filesystem/read/check/bytes	integer	67108864
/rows/123/result/filesystem/read/check/sha256	string	42ef3a50fe506ced865473b082c8b28f6ce254e6e2b01266b6a563531a6267bc
/rows/123/result/filesystem/read/python	string	3.14.7
/rows/123/result/filesystem/read/worker_ms	float	68.520754
/rows/123/result/filesystem/read/workload	string	read
/rows/123/result/filesystem/rg	object	-
/rows/123/result/filesystem/rg/check	object	-
/rows/123/result/filesystem/rg/check/matches	integer	2048
/rows/123/result/filesystem/rg/python	string	3.14.7
/rows/123/result/filesystem/rg/worker_ms	float	87.151511
/rows/123/result/filesystem/rg/workload	string	rg
/rows/123/result/filesystem/write	object	-
/rows/123/result/filesystem/write/check	object	-
/rows/123/result/filesystem/write/check/bytes	integer	16777216
/rows/123/result/filesystem/write/check/files	integer	256
/rows/123/result/filesystem/write/python	string	3.14.7
/rows/123/result/filesystem/write/worker_ms	float	28.040746
/rows/123/result/filesystem/write/workload	string	write
/rows/123/result/mode	string	filesystem
/rows/123/result/worker_ms	float	814.90517
/rows/123/result_ms	float	877.998006
/rows/123/trial	integer	24
/rows/123/variant	string	candidate
/rows/124	object	-
/rows/124/backend	string	pvisor-staged
/rows/124/completion_ms	float	1264.133843
/rows/124/correctness	string	passed
/rows/124/logs	string	/home/reiase/workspace/pvisor/target/sb/run/baseline/trials/filesystem-pvisor-staged-024
/rows/124/memory_scope	string	owned launcher tree; Docker daemon/container RSS excluded
/rows/124/mode	string	filesystem
/rows/124/peak_tree_rss_kib	integer	177768
/rows/124/prepare_ms	float	36.474544
/rows/124/ready_ms	float	60.273184
/rows/124/result	object	-
/rows/124/result/correctness	string	passed
/rows/124/result/filesystem	object	-
/rows/124/result/filesystem/cargo	object	-
/rows/124/result/filesystem/cargo/check	object	-
/rows/124/result/filesystem/cargo/check/modules	integer	64
/rows/124/result/filesystem/cargo/check/result	string	2016
/rows/124/result/filesystem/cargo/python	string	3.14.7
/rows/124/result/filesystem/cargo/worker_ms	float	107.7721
/rows/124/result/filesystem/cargo/workload	string	cargo
/rows/124/result/filesystem/git	object	-
/rows/124/result/filesystem/git/check	object	-
/rows/124/result/filesystem/git/check/git_clean	boolean	true
/rows/124/result/filesystem/git/python	string	3.14.7
/rows/124/result/filesystem/git/worker_ms	float	168.476148
/rows/124/result/filesystem/git/workload	string	git
/rows/124/result/filesystem/metadata	object	-
/rows/124/result/filesystem/metadata/check	object	-
/rows/124/result/filesystem/metadata/check/bytes	integer	2095104
/rows/124/result/filesystem/metadata/check/files	integer	2048
/rows/124/result/filesystem/metadata/python	string	3.14.7
/rows/124/result/filesystem/metadata/worker_ms	float	76.486359
/rows/124/result/filesystem/metadata/workload	string	metadata
/rows/124/result/filesystem/npm	object	-
/rows/124/result/filesystem/npm/check	object	-
/rows/124/result/filesystem/npm/check/local_packages	integer	32
/rows/124/result/filesystem/npm/python	string	3.14.7
/rows/124/result/filesystem/npm/worker_ms	float	253.062743
/rows/124/result/filesystem/npm/workload	string	npm
/rows/124/result/filesystem/read	object	-
/rows/124/result/filesystem/read/check	object	-
/rows/124/result/filesystem/read/check/bytes	integer	67108864
/rows/124/result/filesystem/read/check/sha256	string	42ef3a50fe506ced865473b082c8b28f6ce254e6e2b01266b6a563531a6267bc
/rows/124/result/filesystem/read/python	string	3.14.7
/rows/124/result/filesystem/read/worker_ms	float	67.856475
/rows/124/result/filesystem/read/workload	string	read
/rows/124/result/filesystem/rg	object	-
/rows/124/result/filesystem/rg/check	object	-
/rows/124/result/filesystem/rg/check/matches	integer	2048
/rows/124/result/filesystem/rg/python	string	3.14.7
/rows/124/result/filesystem/rg/worker_ms	float	90.581612
/rows/124/result/filesystem/rg/workload	string	rg
/rows/124/result/filesystem/write	object	-
/rows/124/result/filesystem/write/check	object	-
/rows/124/result/filesystem/write/check/bytes	integer	16777216
/rows/124/result/filesystem/write/check/files	integer	256
/rows/124/result/filesystem/write/python	string	3.14.7
/rows/124/result/filesystem/write/worker_ms	float	195.34086
/rows/124/result/filesystem/write/workload	string	write
/rows/124/result/mode	string	filesystem
/rows/124/result/worker_ms	float	1082.980448
/rows/124/result_ms	float	1143.304627
/rows/124/trial	integer	24
/rows/124/variant	string	baseline
/rows/125	object	-
/rows/125/backend	string	pvisor-vm
/rows/125/completion_ms	float	3955.833373
/rows/125/correctness	string	passed
/rows/125/logs	string	/home/reiase/workspace/pvisor/target/sb/run/candidate/trials/filesystem-pvisor-vm-025
/rows/125/memory_scope	string	owned launcher tree; Docker daemon/container RSS excluded
/rows/125/mode	string	filesystem
/rows/125/peak_tree_rss_kib	integer	614976
/rows/125/prepare_ms	float	38.317853
/rows/125/ready_ms	float	371.3632
/rows/125/result	object	-
/rows/125/result/correctness	string	passed
/rows/125/result/filesystem	object	-
/rows/125/result/filesystem/cargo	object	-
/rows/125/result/filesystem/cargo/check	object	-
/rows/125/result/filesystem/cargo/check/modules	integer	64
/rows/125/result/filesystem/cargo/check/result	string	2016
/rows/125/result/filesystem/cargo/python	string	3.14.7
/rows/125/result/filesystem/cargo/worker_ms	float	489.738926
/rows/125/result/filesystem/cargo/workload	string	cargo
/rows/125/result/filesystem/git	object	-
/rows/125/result/filesystem/git/check	object	-
/rows/125/result/filesystem/git/check/git_clean	boolean	true
/rows/125/result/filesystem/git/python	string	3.14.7
/rows/125/result/filesystem/git/worker_ms	float	359.754734
/rows/125/result/filesystem/git/workload	string	git
/rows/125/result/filesystem/metadata	object	-
/rows/125/result/filesystem/metadata/check	object	-
/rows/125/result/filesystem/metadata/check/bytes	integer	2095104
/rows/125/result/filesystem/metadata/check/files	integer	2048
/rows/125/result/filesystem/metadata/python	string	3.14.7
/rows/125/result/filesystem/metadata/worker_ms	float	119.076335
/rows/125/result/filesystem/metadata/workload	string	metadata
/rows/125/result/filesystem/npm	object	-
/rows/125/result/filesystem/npm/check	object	-
/rows/125/result/filesystem/npm/check/local_packages	integer	32
/rows/125/result/filesystem/npm/python	string	3.14.7
/rows/125/result/filesystem/npm/worker_ms	float	1328.628477
/rows/125/result/filesystem/npm/workload	string	npm
/rows/125/result/filesystem/read	object	-
/rows/125/result/filesystem/read/check	object	-
/rows/125/result/filesystem/read/check/bytes	integer	67108864
/rows/125/result/filesystem/read/check/sha256	string	42ef3a50fe506ced865473b082c8b28f6ce254e6e2b01266b6a563531a6267bc
/rows/125/result/filesystem/read/python	string	3.14.7
/rows/125/result/filesystem/read/worker_ms	float	119.78001
/rows/125/result/filesystem/read/workload	string	read
/rows/125/result/filesystem/rg	object	-
/rows/125/result/filesystem/rg/check	object	-
/rows/125/result/filesystem/rg/check/matches	integer	2048
/rows/125/result/filesystem/rg/python	string	3.14.7
/rows/125/result/filesystem/rg/worker_ms	float	424.849317
/rows/125/result/filesystem/rg/workload	string	rg
/rows/125/result/filesystem/write	object	-
/rows/125/result/filesystem/write/check	object	-
/rows/125/result/filesystem/write/check/bytes	integer	16777216
/rows/125/result/filesystem/write/check/files	integer	256
/rows/125/result/filesystem/write/python	string	3.14.7
/rows/125/result/filesystem/write/worker_ms	float	127.165847
/rows/125/result/filesystem/write/workload	string	write
/rows/125/result/mode	string	filesystem
/rows/125/result/worker_ms	float	3388.545837
/rows/125/result_ms	float	3759.971101
/rows/125/trial	integer	25
/rows/125/variant	string	candidate
/rows/126	object	-
/rows/126/backend	string	native
/rows/126/completion_ms	float	459.451989
/rows/126/correctness	string	passed
/rows/126/logs	string	/home/reiase/workspace/pvisor/target/sb/run/native/trials/filesystem-native-025
/rows/126/memory_scope	string	owned launcher tree; Docker daemon/container RSS excluded
/rows/126/mode	string	filesystem
/rows/126/peak_tree_rss_kib	integer	137656
/rows/126/prepare_ms	float	38.661135
/rows/126/ready_ms	float	42.693489
/rows/126/result	object	-
/rows/126/result/correctness	string	passed
/rows/126/result/filesystem	object	-
/rows/126/result/filesystem/cargo	object	-
/rows/126/result/filesystem/cargo/check	object	-
/rows/126/result/filesystem/cargo/check/modules	integer	64
/rows/126/result/filesystem/cargo/check/result	string	2016
/rows/126/result/filesystem/cargo/python	string	3.14.7
/rows/126/result/filesystem/cargo/worker_ms	float	52.039259
/rows/126/result/filesystem/cargo/workload	string	cargo
/rows/126/result/filesystem/git	object	-
/rows/126/result/filesystem/git/check	object	-
/rows/126/result/filesystem/git/check/git_clean	boolean	true
/rows/126/result/filesystem/git/python	string	3.14.7
/rows/126/result/filesystem/git/worker_ms	float	15.433189
/rows/126/result/filesystem/git/workload	string	git
/rows/126/result/filesystem/metadata	object	-
/rows/126/result/filesystem/metadata/check	object	-
/rows/126/result/filesystem/metadata/check/bytes	integer	2095104
/rows/126/result/filesystem/metadata/check/files	integer	2048
/rows/126/result/filesystem/metadata/python	string	3.14.7
/rows/126/result/filesystem/metadata/worker_ms	float	5.082344
/rows/126/result/filesystem/metadata/workload	string	metadata
/rows/126/result/filesystem/npm	object	-
/rows/126/result/filesystem/npm/check	object	-
/rows/126/result/filesystem/npm/check/local_packages	integer	32
/rows/126/result/filesystem/npm/python	string	3.14.7
/rows/126/result/filesystem/npm/worker_ms	float	178.055574
/rows/126/result/filesystem/npm/workload	string	npm
/rows/126/result/filesystem/read	object	-
/rows/126/result/filesystem/read/check	object	-
/rows/126/result/filesystem/read/check/bytes	integer	67108864
/rows/126/result/filesystem/read/check/sha256	string	42ef3a50fe506ced865473b082c8b28f6ce254e6e2b01266b6a563531a6267bc
/rows/126/result/filesystem/read/python	string	3.14.7
/rows/126/result/filesystem/read/worker_ms	float	31.811723
/rows/126/result/filesystem/read/workload	string	read
/rows/126/result/filesystem/rg	object	-
/rows/126/result/filesystem/rg/check	object	-
/rows/126/result/filesystem/rg/check/matches	integer	2048
/rows/126/result/filesystem/rg/python	string	3.14.7
/rows/126/result/filesystem/rg/worker_ms	float	7.216056
/rows/126/result/filesystem/rg/workload	string	rg
/rows/126/result/filesystem/write	object	-
/rows/126/result/filesystem/write/check	object	-
/rows/126/result/filesystem/write/check/bytes	integer	16777216
/rows/126/result/filesystem/write/check/files	integer	256
/rows/126/result/filesystem/write/python	string	3.14.7
/rows/126/result/filesystem/write/worker_ms	float	3.907892
/rows/126/result/filesystem/write/workload	string	write
/rows/126/result/mode	string	filesystem
/rows/126/result/worker_ms	float	408.067502
/rows/126/result_ms	float	450.768585
/rows/126/trial	integer	25
/rows/126/variant	string	native
/rows/127	object	-
/rows/127/backend	string	pvisor-staged
/rows/127/completion_ms	float	1279.583593
/rows/127/correctness	string	passed
/rows/127/logs	string	/home/reiase/workspace/pvisor/target/sb/run/baseline/trials/filesystem-pvisor-staged-025
/rows/127/memory_scope	string	owned launcher tree; Docker daemon/container RSS excluded
/rows/127/mode	string	filesystem
/rows/127/peak_tree_rss_kib	integer	176268
/rows/127/prepare_ms	float	36.54176
/rows/127/ready_ms	float	61.389397
/rows/127/result	object	-
/rows/127/result/correctness	string	passed
/rows/127/result/filesystem	object	-
/rows/127/result/filesystem/cargo	object	-
/rows/127/result/filesystem/cargo/check	object	-
/rows/127/result/filesystem/cargo/check/modules	integer	64
/rows/127/result/filesystem/cargo/check/result	string	2016
/rows/127/result/filesystem/cargo/python	string	3.14.7
/rows/127/result/filesystem/cargo/worker_ms	float	109.899039
/rows/127/result/filesystem/cargo/workload	string	cargo
/rows/127/result/filesystem/git	object	-
/rows/127/result/filesystem/git/check	object	-
/rows/127/result/filesystem/git/check/git_clean	boolean	true
/rows/127/result/filesystem/git/python	string	3.14.7
/rows/127/result/filesystem/git/worker_ms	float	169.08285
/rows/127/result/filesystem/git/workload	string	git
/rows/127/result/filesystem/metadata	object	-
/rows/127/result/filesystem/metadata/check	object	-
/rows/127/result/filesystem/metadata/check/bytes	integer	2095104
/rows/127/result/filesystem/metadata/check/files	integer	2048
/rows/127/result/filesystem/metadata/python	string	3.14.7
/rows/127/result/filesystem/metadata/worker_ms	float	77.37152
/rows/127/result/filesystem/metadata/workload	string	metadata
/rows/127/result/filesystem/npm	object	-
/rows/127/result/filesystem/npm/check	object	-
/rows/127/result/filesystem/npm/check/local_packages	integer	32
/rows/127/result/filesystem/npm/python	string	3.14.7
/rows/127/result/filesystem/npm/worker_ms	float	254.72217
/rows/127/result/filesystem/npm/workload	string	npm
/rows/127/result/filesystem/read	object	-
/rows/127/result/filesystem/read/check	object	-
/rows/127/result/filesystem/read/check/bytes	integer	67108864
/rows/127/result/filesystem/read/check/sha256	string	42ef3a50fe506ced865473b082c8b28f6ce254e6e2b01266b6a563531a6267bc
/rows/127/result/filesystem/read/python	string	3.14.7
/rows/127/result/filesystem/read/worker_ms	float	67.627467
/rows/127/result/filesystem/read/workload	string	read
/rows/127/result/filesystem/rg	object	-
/rows/127/result/filesystem/rg/check	object	-
/rows/127/result/filesystem/rg/check/matches	integer	2048
/rows/127/result/filesystem/rg/python	string	3.14.7
/rows/127/result/filesystem/rg/worker_ms	float	92.041145
/rows/127/result/filesystem/rg/workload	string	rg
/rows/127/result/filesystem/write	object	-
/rows/127/result/filesystem/write/check	object	-
/rows/127/result/filesystem/write/check/bytes	integer	16777216
/rows/127/result/filesystem/write/check/files	integer	256
/rows/127/result/filesystem/write/python	string	3.14.7
/rows/127/result/filesystem/write/worker_ms	float	197.737392
/rows/127/result/filesystem/write/workload	string	write
/rows/127/result/mode	string	filesystem
/rows/127/result/worker_ms	float	1093.60314
/rows/127/result_ms	float	1155.069731
/rows/127/trial	integer	25
/rows/127/variant	string	baseline
/rows/128	object	-
/rows/128/backend	string	pvisor-vm
/rows/128/completion_ms	float	4071.960997
/rows/128/correctness	string	passed
/rows/128/logs	string	/home/reiase/workspace/pvisor/target/sb/run/baseline/trials/filesystem-pvisor-vm-025
/rows/128/memory_scope	string	owned launcher tree; Docker daemon/container RSS excluded
/rows/128/mode	string	filesystem
/rows/128/peak_tree_rss_kib	integer	613528
/rows/128/prepare_ms	float	37.10455
/rows/128/ready_ms	float	375.28027
/rows/128/result	object	-
/rows/128/result/correctness	string	passed
/rows/128/result/filesystem	object	-
/rows/128/result/filesystem/cargo	object	-
/rows/128/result/filesystem/cargo/check	object	-
/rows/128/result/filesystem/cargo/check/modules	integer	64
/rows/128/result/filesystem/cargo/check/result	string	2016
/rows/128/result/filesystem/cargo/python	string	3.14.7
/rows/128/result/filesystem/cargo/worker_ms	float	527.948846
/rows/128/result/filesystem/cargo/workload	string	cargo
/rows/128/result/filesystem/git	object	-
/rows/128/result/filesystem/git/check	object	-
/rows/128/result/filesystem/git/check/git_clean	boolean	true
/rows/128/result/filesystem/git/python	string	3.14.7
/rows/128/result/filesystem/git/worker_ms	float	364.798316
/rows/128/result/filesystem/git/workload	string	git
/rows/128/result/filesystem/metadata	object	-
/rows/128/result/filesystem/metadata/check	object	-
/rows/128/result/filesystem/metadata/check/bytes	integer	2095104
/rows/128/result/filesystem/metadata/check/files	integer	2048
/rows/128/result/filesystem/metadata/python	string	3.14.7
/rows/128/result/filesystem/metadata/worker_ms	float	117.607722
/rows/128/result/filesystem/metadata/workload	string	metadata
/rows/128/result/filesystem/npm	object	-
/rows/128/result/filesystem/npm/check	object	-
/rows/128/result/filesystem/npm/check/local_packages	integer	32
/rows/128/result/filesystem/npm/python	string	3.14.7
/rows/128/result/filesystem/npm/worker_ms	float	1397.995621
/rows/128/result/filesystem/npm/workload	string	npm
/rows/128/result/filesystem/read	object	-
/rows/128/result/filesystem/read/check	object	-
/rows/128/result/filesystem/read/check/bytes	integer	67108864
/rows/128/result/filesystem/read/check/sha256	string	42ef3a50fe506ced865473b082c8b28f6ce254e6e2b01266b6a563531a6267bc
/rows/128/result/filesystem/read/python	string	3.14.7
/rows/128/result/filesystem/read/worker_ms	float	115.859246
/rows/128/result/filesystem/read/workload	string	read
/rows/128/result/filesystem/rg	object	-
/rows/128/result/filesystem/rg/check	object	-
/rows/128/result/filesystem/rg/check/matches	integer	2048
/rows/128/result/filesystem/rg/python	string	3.14.7
/rows/128/result/filesystem/rg/worker_ms	float	453.446228
/rows/128/result/filesystem/rg/workload	string	rg
/rows/128/result/filesystem/write	object	-
/rows/128/result/filesystem/write/check	object	-
/rows/128/result/filesystem/write/check/bytes	integer	16777216
/rows/128/result/filesystem/write/check/files	integer	256
/rows/128/result/filesystem/write/python	string	3.14.7
/rows/128/result/filesystem/write/worker_ms	float	239.398267
/rows/128/result/filesystem/write/workload	string	write
/rows/128/result/mode	string	filesystem
/rows/128/result/worker_ms	float	3627.770801
/rows/128/result_ms	float	4003.140633
/rows/128/trial	integer	25
/rows/128/variant	string	baseline
/rows/129	object	-
/rows/129/backend	string	pvisor-staged
/rows/129/completion_ms	float	1104.000753
/rows/129/correctness	string	passed
/rows/129/logs	string	/home/reiase/workspace/pvisor/target/sb/run/candidate/trials/filesystem-pvisor-staged-025
/rows/129/memory_scope	string	owned launcher tree; Docker daemon/container RSS excluded
/rows/129/mode	string	filesystem
/rows/129/peak_tree_rss_kib	integer	178036
/rows/129/prepare_ms	float	36.490594
/rows/129/ready_ms	float	64.292985
/rows/129/result	object	-
/rows/129/result/correctness	string	passed
/rows/129/result/filesystem	object	-
/rows/129/result/filesystem/cargo	object	-
/rows/129/result/filesystem/cargo/check	object	-
/rows/129/result/filesystem/cargo/check/modules	integer	64
/rows/129/result/filesystem/cargo/check/result	string	2016
/rows/129/result/filesystem/cargo/python	string	3.14.7
/rows/129/result/filesystem/cargo/worker_ms	float	74.943931
/rows/129/result/filesystem/cargo/workload	string	cargo
/rows/129/result/filesystem/git	object	-
/rows/129/result/filesystem/git/check	object	-
/rows/129/result/filesystem/git/check/git_clean	boolean	true
/rows/129/result/filesystem/git/python	string	3.14.7
/rows/129/result/filesystem/git/worker_ms	float	124.58788
/rows/129/result/filesystem/git/workload	string	git
/rows/129/result/filesystem/metadata	object	-
/rows/129/result/filesystem/metadata/check	object	-
/rows/129/result/filesystem/metadata/check/bytes	integer	2095104
/rows/129/result/filesystem/metadata/check/files	integer	2048
/rows/129/result/filesystem/metadata/python	string	3.14.7
/rows/129/result/filesystem/metadata/worker_ms	float	75.989111
/rows/129/result/filesystem/metadata/workload	string	metadata
/rows/129/result/filesystem/npm	object	-
/rows/129/result/filesystem/npm/check	object	-
/rows/129/result/filesystem/npm/check/local_packages	integer	32
/rows/129/result/filesystem/npm/python	string	3.14.7
/rows/129/result/filesystem/npm/worker_ms	float	230.517452
/rows/129/result/filesystem/npm/workload	string	npm
/rows/129/result/filesystem/read	object	-
/rows/129/result/filesystem/read/check	object	-
/rows/129/result/filesystem/read/check/bytes	integer	67108864
/rows/129/result/filesystem/read/check/sha256	string	42ef3a50fe506ced865473b082c8b28f6ce254e6e2b01266b6a563531a6267bc
/rows/129/result/filesystem/read/python	string	3.14.7
/rows/129/result/filesystem/read/worker_ms	float	68.839499
/rows/129/result/filesystem/read/workload	string	read
/rows/129/result/filesystem/rg	object	-
/rows/129/result/filesystem/rg/check	object	-
/rows/129/result/filesystem/rg/check/matches	integer	2048
/rows/129/result/filesystem/rg/python	string	3.14.7
/rows/129/result/filesystem/rg/worker_ms	float	85.850583
/rows/129/result/filesystem/rg/workload	string	rg
/rows/129/result/filesystem/write	object	-
/rows/129/result/filesystem/write/check	object	-
/rows/129/result/filesystem/write/check/bytes	integer	16777216
/rows/129/result/filesystem/write/check/files	integer	256
/rows/129/result/filesystem/write/python	string	3.14.7
/rows/129/result/filesystem/write/worker_ms	float	28.222375
/rows/129/result/filesystem/write/workload	string	write
/rows/129/result/mode	string	filesystem
/rows/129/result/worker_ms	float	808.875699
/rows/129/result_ms	float	873.250928
/rows/129/trial	integer	25
/rows/129/variant	string	candidate
/rows/130	object	-
/rows/130/backend	string	pvisor-vm
/rows/130/completion_ms	float	3912.15694
/rows/130/correctness	string	passed
/rows/130/logs	string	/home/reiase/workspace/pvisor/target/sb/run/candidate/trials/filesystem-pvisor-vm-026
/rows/130/memory_scope	string	owned launcher tree; Docker daemon/container RSS excluded
/rows/130/mode	string	filesystem
/rows/130/peak_tree_rss_kib	integer	613272
/rows/130/prepare_ms	float	37.107245
/rows/130/ready_ms	float	377.769504
/rows/130/result	object	-
/rows/130/result/correctness	string	passed
/rows/130/result/filesystem	object	-
/rows/130/result/filesystem/cargo	object	-
/rows/130/result/filesystem/cargo/check	object	-
/rows/130/result/filesystem/cargo/check/modules	integer	64
/rows/130/result/filesystem/cargo/check/result	string	2016
/rows/130/result/filesystem/cargo/python	string	3.14.7
/rows/130/result/filesystem/cargo/worker_ms	float	485.45328
/rows/130/result/filesystem/cargo/workload	string	cargo
/rows/130/result/filesystem/git	object	-
/rows/130/result/filesystem/git/check	object	-
/rows/130/result/filesystem/git/check/git_clean	boolean	true
/rows/130/result/filesystem/git/python	string	3.14.7
/rows/130/result/filesystem/git/worker_ms	float	357.451191
/rows/130/result/filesystem/git/workload	string	git
/rows/130/result/filesystem/metadata	object	-
/rows/130/result/filesystem/metadata/check	object	-
/rows/130/result/filesystem/metadata/check/bytes	integer	2095104
/rows/130/result/filesystem/metadata/check/files	integer	2048
/rows/130/result/filesystem/metadata/python	string	3.14.7
/rows/130/result/filesystem/metadata/worker_ms	float	194.782651
/rows/130/result/filesystem/metadata/workload	string	metadata
/rows/130/result/filesystem/npm	object	-
/rows/130/result/filesystem/npm/check	object	-
/rows/130/result/filesystem/npm/check/local_packages	integer	32
/rows/130/result/filesystem/npm/python	string	3.14.7
/rows/130/result/filesystem/npm/worker_ms	float	1140.958623
/rows/130/result/filesystem/npm/workload	string	npm
/rows/130/result/filesystem/read	object	-
/rows/130/result/filesystem/read/check	object	-
/rows/130/result/filesystem/read/check/bytes	integer	67108864
/rows/130/result/filesystem/read/check/sha256	string	42ef3a50fe506ced865473b082c8b28f6ce254e6e2b01266b6a563531a6267bc
/rows/130/result/filesystem/read/python	string	3.14.7
/rows/130/result/filesystem/read/worker_ms	float	117.993633
/rows/130/result/filesystem/read/workload	string	read
/rows/130/result/filesystem/rg	object	-
/rows/130/result/filesystem/rg/check	object	-
/rows/130/result/filesystem/rg/check/matches	integer	2048
/rows/130/result/filesystem/rg/python	string	3.14.7
/rows/130/result/filesystem/rg/worker_ms	float	448.380275
/rows/130/result/filesystem/rg/workload	string	rg
/rows/130/result/filesystem/write	object	-
/rows/130/result/filesystem/write/check	object	-
/rows/130/result/filesystem/write/check/bytes	integer	16777216
/rows/130/result/filesystem/write/check/files	integer	256
/rows/130/result/filesystem/write/python	string	3.14.7
/rows/130/result/filesystem/write/worker_ms	float	166.440947
/rows/130/result/filesystem/write/workload	string	write
/rows/130/result/mode	string	filesystem
/rows/130/result/worker_ms	float	3337.799568
/rows/130/result_ms	float	3715.611162
/rows/130/trial	integer	26
/rows/130/variant	string	candidate
/rows/131	object	-
/rows/131/backend	string	native
/rows/131/completion_ms	float	446.086348
/rows/131/correctness	string	passed
/rows/131/logs	string	/home/reiase/workspace/pvisor/target/sb/run/native/trials/filesystem-native-026
/rows/131/memory_scope	string	owned launcher tree; Docker daemon/container RSS excluded
/rows/131/mode	string	filesystem
/rows/131/peak_tree_rss_kib	integer	143148
/rows/131/prepare_ms	float	38.46562
/rows/131/ready_ms	float	39.25943
/rows/131/result	object	-
/rows/131/result/correctness	string	passed
/rows/131/result/filesystem	object	-
/rows/131/result/filesystem/cargo	object	-
/rows/131/result/filesystem/cargo/check	object	-
/rows/131/result/filesystem/cargo/check/modules	integer	64
/rows/131/result/filesystem/cargo/check/result	string	2016
/rows/131/result/filesystem/cargo/python	string	3.14.7
/rows/131/result/filesystem/cargo/worker_ms	float	52.621576
/rows/131/result/filesystem/cargo/workload	string	cargo
/rows/131/result/filesystem/git	object	-
/rows/131/result/filesystem/git/check	object	-
/rows/131/result/filesystem/git/check/git_clean	boolean	true
/rows/131/result/filesystem/git/python	string	3.14.7
/rows/131/result/filesystem/git/worker_ms	float	14.035742
/rows/131/result/filesystem/git/workload	string	git
/rows/131/result/filesystem/metadata	object	-
/rows/131/result/filesystem/metadata/check	object	-
/rows/131/result/filesystem/metadata/check/bytes	integer	2095104
/rows/131/result/filesystem/metadata/check/files	integer	2048
/rows/131/result/filesystem/metadata/python	string	3.14.7
/rows/131/result/filesystem/metadata/worker_ms	float	4.605665
/rows/131/result/filesystem/metadata/workload	string	metadata
/rows/131/result/filesystem/npm	object	-
/rows/131/result/filesystem/npm/check	object	-
/rows/131/result/filesystem/npm/check/local_packages	integer	32
/rows/131/result/filesystem/npm/python	string	3.14.7
/rows/131/result/filesystem/npm/worker_ms	float	168.817074
/rows/131/result/filesystem/npm/workload	string	npm
/rows/131/result/filesystem/read	object	-
/rows/131/result/filesystem/read/check	object	-
/rows/131/result/filesystem/read/check/bytes	integer	67108864
/rows/131/result/filesystem/read/check/sha256	string	42ef3a50fe506ced865473b082c8b28f6ce254e6e2b01266b6a563531a6267bc
/rows/131/result/filesystem/read/python	string	3.14.7
/rows/131/result/filesystem/read/worker_ms	float	32.303831
/rows/131/result/filesystem/read/workload	string	read
/rows/131/result/filesystem/rg	object	-
/rows/131/result/filesystem/rg/check	object	-
/rows/131/result/filesystem/rg/check/matches	integer	2048
/rows/131/result/filesystem/rg/python	string	3.14.7
/rows/131/result/filesystem/rg/worker_ms	float	7.376956
/rows/131/result/filesystem/rg/workload	string	rg
/rows/131/result/filesystem/write	object	-
/rows/131/result/filesystem/write/check	object	-
/rows/131/result/filesystem/write/check/bytes	integer	16777216
/rows/131/result/filesystem/write/check/files	integer	256
/rows/131/result/filesystem/write/python	string	3.14.7
/rows/131/result/filesystem/write/worker_ms	float	3.770837
/rows/131/result/filesystem/write/workload	string	write
/rows/131/result/mode	string	filesystem
/rows/131/result/worker_ms	float	398.93416
/rows/131/result_ms	float	438.254733
/rows/131/trial	integer	26
/rows/131/variant	string	native
/rows/132	object	-
/rows/132/backend	string	pvisor-staged
/rows/132/completion_ms	float	1109.20772
/rows/132/correctness	string	passed
/rows/132/logs	string	/home/reiase/workspace/pvisor/target/sb/run/candidate/trials/filesystem-pvisor-staged-026
/rows/132/memory_scope	string	owned launcher tree; Docker daemon/container RSS excluded
/rows/132/mode	string	filesystem
/rows/132/peak_tree_rss_kib	integer	177628
/rows/132/prepare_ms	float	36.273469
/rows/132/ready_ms	float	63.027013
/rows/132/result	object	-
/rows/132/result/correctness	string	passed
/rows/132/result/filesystem	object	-
/rows/132/result/filesystem/cargo	object	-
/rows/132/result/filesystem/cargo/check	object	-
/rows/132/result/filesystem/cargo/check/modules	integer	64
/rows/132/result/filesystem/cargo/check/result	string	2016
/rows/132/result/filesystem/cargo/python	string	3.14.7
/rows/132/result/filesystem/cargo/worker_ms	float	72.927638
/rows/132/result/filesystem/cargo/workload	string	cargo
/rows/132/result/filesystem/git	object	-
/rows/132/result/filesystem/git/check	object	-
/rows/132/result/filesystem/git/check/git_clean	boolean	true
/rows/132/result/filesystem/git/python	string	3.14.7
/rows/132/result/filesystem/git/worker_ms	float	125.121405
/rows/132/result/filesystem/git/workload	string	git
/rows/132/result/filesystem/metadata	object	-
/rows/132/result/filesystem/metadata/check	object	-
/rows/132/result/filesystem/metadata/check/bytes	integer	2095104
/rows/132/result/filesystem/metadata/check/files	integer	2048
/rows/132/result/filesystem/metadata/python	string	3.14.7
/rows/132/result/filesystem/metadata/worker_ms	float	76.867711
/rows/132/result/filesystem/metadata/workload	string	metadata
/rows/132/result/filesystem/npm	object	-
/rows/132/result/filesystem/npm/check	object	-
/rows/132/result/filesystem/npm/check/local_packages	integer	32
/rows/132/result/filesystem/npm/python	string	3.14.7
/rows/132/result/filesystem/npm/worker_ms	float	226.78639
/rows/132/result/filesystem/npm/workload	string	npm
/rows/132/result/filesystem/read	object	-
/rows/132/result/filesystem/read/check	object	-
/rows/132/result/filesystem/read/check/bytes	integer	67108864
/rows/132/result/filesystem/read/check/sha256	string	42ef3a50fe506ced865473b082c8b28f6ce254e6e2b01266b6a563531a6267bc
/rows/132/result/filesystem/read/python	string	3.14.7
/rows/132/result/filesystem/read/worker_ms	float	67.924842
/rows/132/result/filesystem/read/workload	string	read
/rows/132/result/filesystem/rg	object	-
/rows/132/result/filesystem/rg/check	object	-
/rows/132/result/filesystem/rg/check/matches	integer	2048
/rows/132/result/filesystem/rg/python	string	3.14.7
/rows/132/result/filesystem/rg/worker_ms	float	88.409358
/rows/132/result/filesystem/rg/workload	string	rg
/rows/132/result/filesystem/write	object	-
/rows/132/result/filesystem/write/check	object	-
/rows/132/result/filesystem/write/check/bytes	integer	16777216
/rows/132/result/filesystem/write/check/files	integer	256
/rows/132/result/filesystem/write/python	string	3.14.7
/rows/132/result/filesystem/write/worker_ms	float	26.610116
/rows/132/result/filesystem/write/workload	string	write
/rows/132/result/mode	string	filesystem
/rows/132/result/worker_ms	float	805.848008
/rows/132/result_ms	float	868.934242
/rows/132/trial	integer	26
/rows/132/variant	string	candidate
/rows/133	object	-
/rows/133/backend	string	pvisor-vm
/rows/133/completion_ms	float	4372.942959
/rows/133/correctness	string	passed
/rows/133/logs	string	/home/reiase/workspace/pvisor/target/sb/run/baseline/trials/filesystem-pvisor-vm-026
/rows/133/memory_scope	string	owned launcher tree; Docker daemon/container RSS excluded
/rows/133/mode	string	filesystem
/rows/133/peak_tree_rss_kib	integer	612196
/rows/133/prepare_ms	float	37.134596
/rows/133/ready_ms	float	373.927565
/rows/133/result	object	-
/rows/133/result/correctness	string	passed
/rows/133/result/filesystem	object	-
/rows/133/result/filesystem/cargo	object	-
/rows/133/result/filesystem/cargo/check	object	-
/rows/133/result/filesystem/cargo/check/modules	integer	64
/rows/133/result/filesystem/cargo/check/result	string	2016
/rows/133/result/filesystem/cargo/python	string	3.14.7
/rows/133/result/filesystem/cargo/worker_ms	float	517.110719
/rows/133/result/filesystem/cargo/workload	string	cargo
/rows/133/result/filesystem/git	object	-
/rows/133/result/filesystem/git/check	object	-
/rows/133/result/filesystem/git/check/git_clean	boolean	true
/rows/133/result/filesystem/git/python	string	3.14.7
/rows/133/result/filesystem/git/worker_ms	float	665.382224
/rows/133/result/filesystem/git/workload	string	git
/rows/133/result/filesystem/metadata	object	-
/rows/133/result/filesystem/metadata/check	object	-
/rows/133/result/filesystem/metadata/check/bytes	integer	2095104
/rows/133/result/filesystem/metadata/check/files	integer	2048
/rows/133/result/filesystem/metadata/python	string	3.14.7
/rows/133/result/filesystem/metadata/worker_ms	float	122.255605
/rows/133/result/filesystem/metadata/workload	string	metadata
/rows/133/result/filesystem/npm	object	-
/rows/133/result/filesystem/npm/check	object	-
/rows/133/result/filesystem/npm/check/local_packages	integer	32
/rows/133/result/filesystem/npm/python	string	3.14.7
/rows/133/result/filesystem/npm/worker_ms	float	1362.199461
/rows/133/result/filesystem/npm/workload	string	npm
/rows/133/result/filesystem/read	object	-
/rows/133/result/filesystem/read/check	object	-
/rows/133/result/filesystem/read/check/bytes	integer	67108864
/rows/133/result/filesystem/read/check/sha256	string	42ef3a50fe506ced865473b082c8b28f6ce254e6e2b01266b6a563531a6267bc
/rows/133/result/filesystem/read/python	string	3.14.7
/rows/133/result/filesystem/read/worker_ms	float	117.732234
/rows/133/result/filesystem/read/workload	string	read
/rows/133/result/filesystem/rg	object	-
/rows/133/result/filesystem/rg/check	object	-
/rows/133/result/filesystem/rg/check/matches	integer	2048
/rows/133/result/filesystem/rg/python	string	3.14.7
/rows/133/result/filesystem/rg/worker_ms	float	440.516765
/rows/133/result/filesystem/rg/workload	string	rg
/rows/133/result/filesystem/write	object	-
/rows/133/result/filesystem/write/check	object	-
/rows/133/result/filesystem/write/check/bytes	integer	16777216
/rows/133/result/filesystem/write/check/files	integer	256
/rows/133/result/filesystem/write/python	string	3.14.7
/rows/133/result/filesystem/write/worker_ms	float	253.715283
/rows/133/result/filesystem/write/workload	string	write
/rows/133/result/mode	string	filesystem
/rows/133/result/worker_ms	float	3904.233147
/rows/133/result_ms	float	4278.212726
/rows/133/trial	integer	26
/rows/133/variant	string	baseline
/rows/134	object	-
/rows/134/backend	string	pvisor-staged
/rows/134/completion_ms	float	1288.530328
/rows/134/correctness	string	passed
/rows/134/logs	string	/home/reiase/workspace/pvisor/target/sb/run/baseline/trials/filesystem-pvisor-staged-026
/rows/134/memory_scope	string	owned launcher tree; Docker daemon/container RSS excluded
/rows/134/mode	string	filesystem
/rows/134/peak_tree_rss_kib	integer	175900
/rows/134/prepare_ms	float	37.092878
/rows/134/ready_ms	float	61.094937
/rows/134/result	object	-
/rows/134/result/correctness	string	passed
/rows/134/result/filesystem	object	-
/rows/134/result/filesystem/cargo	object	-
/rows/134/result/filesystem/cargo/check	object	-
/rows/134/result/filesystem/cargo/check/modules	integer	64
/rows/134/result/filesystem/cargo/check/result	string	2016
/rows/134/result/filesystem/cargo/python	string	3.14.7
/rows/134/result/filesystem/cargo/worker_ms	float	111.340259
/rows/134/result/filesystem/cargo/workload	string	cargo
/rows/134/result/filesystem/git	object	-
/rows/134/result/filesystem/git/check	object	-
/rows/134/result/filesystem/git/check/git_clean	boolean	true
/rows/134/result/filesystem/git/python	string	3.14.7
/rows/134/result/filesystem/git/worker_ms	float	169.610896
/rows/134/result/filesystem/git/workload	string	git
/rows/134/result/filesystem/metadata	object	-
/rows/134/result/filesystem/metadata/check	object	-
/rows/134/result/filesystem/metadata/check/bytes	integer	2095104
/rows/134/result/filesystem/metadata/check/files	integer	2048
/rows/134/result/filesystem/metadata/python	string	3.14.7
/rows/134/result/filesystem/metadata/worker_ms	float	76.996631
/rows/134/result/filesystem/metadata/workload	string	metadata
/rows/134/result/filesystem/npm	object	-
/rows/134/result/filesystem/npm/check	object	-
/rows/134/result/filesystem/npm/check/local_packages	integer	32
/rows/134/result/filesystem/npm/python	string	3.14.7
/rows/134/result/filesystem/npm/worker_ms	float	259.943623
/rows/134/result/filesystem/npm/workload	string	npm
/rows/134/result/filesystem/read	object	-
/rows/134/result/filesystem/read/check	object	-
/rows/134/result/filesystem/read/check/bytes	integer	67108864
/rows/134/result/filesystem/read/check/sha256	string	42ef3a50fe506ced865473b082c8b28f6ce254e6e2b01266b6a563531a6267bc
/rows/134/result/filesystem/read/python	string	3.14.7
/rows/134/result/filesystem/read/worker_ms	float	69.146462
/rows/134/result/filesystem/read/workload	string	read
/rows/134/result/filesystem/rg	object	-
/rows/134/result/filesystem/rg/check	object	-
/rows/134/result/filesystem/rg/check/matches	integer	2048
/rows/134/result/filesystem/rg/python	string	3.14.7
/rows/134/result/filesystem/rg/worker_ms	float	90.20589
/rows/134/result/filesystem/rg/workload	string	rg
/rows/134/result/filesystem/write	object	-
/rows/134/result/filesystem/write/check	object	-
/rows/134/result/filesystem/write/check/bytes	integer	16777216
/rows/134/result/filesystem/write/check/files	integer	256
/rows/134/result/filesystem/write/python	string	3.14.7
/rows/134/result/filesystem/write/worker_ms	float	193.531213
/rows/134/result/filesystem/write/workload	string	write
/rows/134/result/mode	string	filesystem
/rows/134/result/worker_ms	float	1095.176576
/rows/134/result_ms	float	1156.329312
/rows/134/trial	integer	26
/rows/134/variant	string	baseline
/rows/135	object	-
/rows/135/backend	string	pvisor-staged
/rows/135/completion_ms	float	1127.027643
/rows/135/correctness	string	passed
/rows/135/logs	string	/home/reiase/workspace/pvisor/target/sb/run/candidate/trials/filesystem-pvisor-staged-027
/rows/135/memory_scope	string	owned launcher tree; Docker daemon/container RSS excluded
/rows/135/mode	string	filesystem
/rows/135/peak_tree_rss_kib	integer	165764
/rows/135/prepare_ms	float	37.531777
/rows/135/ready_ms	float	62.386227
/rows/135/result	object	-
/rows/135/result/correctness	string	passed
/rows/135/result/filesystem	object	-
/rows/135/result/filesystem/cargo	object	-
/rows/135/result/filesystem/cargo/check	object	-
/rows/135/result/filesystem/cargo/check/modules	integer	64
/rows/135/result/filesystem/cargo/check/result	string	2016
/rows/135/result/filesystem/cargo/python	string	3.14.7
/rows/135/result/filesystem/cargo/worker_ms	float	83.643254
/rows/135/result/filesystem/cargo/workload	string	cargo
/rows/135/result/filesystem/git	object	-
/rows/135/result/filesystem/git/check	object	-
/rows/135/result/filesystem/git/check/git_clean	boolean	true
/rows/135/result/filesystem/git/python	string	3.14.7
/rows/135/result/filesystem/git/worker_ms	float	124.552905
/rows/135/result/filesystem/git/workload	string	git
/rows/135/result/filesystem/metadata	object	-
/rows/135/result/filesystem/metadata/check	object	-
/rows/135/result/filesystem/metadata/check/bytes	integer	2095104
/rows/135/result/filesystem/metadata/check/files	integer	2048
/rows/135/result/filesystem/metadata/python	string	3.14.7
/rows/135/result/filesystem/metadata/worker_ms	float	76.624046
/rows/135/result/filesystem/metadata/workload	string	metadata
/rows/135/result/filesystem/npm	object	-
/rows/135/result/filesystem/npm/check	object	-
/rows/135/result/filesystem/npm/check/local_packages	integer	32
/rows/135/result/filesystem/npm/python	string	3.14.7
/rows/135/result/filesystem/npm/worker_ms	float	229.002274
/rows/135/result/filesystem/npm/workload	string	npm
/rows/135/result/filesystem/read	object	-
/rows/135/result/filesystem/read/check	object	-
/rows/135/result/filesystem/read/check/bytes	integer	67108864
/rows/135/result/filesystem/read/check/sha256	string	42ef3a50fe506ced865473b082c8b28f6ce254e6e2b01266b6a563531a6267bc
/rows/135/result/filesystem/read/python	string	3.14.7
/rows/135/result/filesystem/read/worker_ms	float	69.867567
/rows/135/result/filesystem/read/workload	string	read
/rows/135/result/filesystem/rg	object	-
/rows/135/result/filesystem/rg/check	object	-
/rows/135/result/filesystem/rg/check/matches	integer	2048
/rows/135/result/filesystem/rg/python	string	3.14.7
/rows/135/result/filesystem/rg/worker_ms	float	89.150652
/rows/135/result/filesystem/rg/workload	string	rg
/rows/135/result/filesystem/write	object	-
/rows/135/result/filesystem/write/check	object	-
/rows/135/result/filesystem/write/check/bytes	integer	16777216
/rows/135/result/filesystem/write/check/files	integer	256
/rows/135/result/filesystem/write/python	string	3.14.7
/rows/135/result/filesystem/write/worker_ms	float	27.177024
/rows/135/result/filesystem/write/workload	string	write
/rows/135/result/mode	string	filesystem
/rows/135/result/worker_ms	float	821.983068
/rows/135/result_ms	float	884.413978
/rows/135/trial	integer	27
/rows/135/variant	string	candidate
/rows/136	object	-
/rows/136/backend	string	pvisor-staged
/rows/136/completion_ms	float	1304.251595
/rows/136/correctness	string	passed
/rows/136/logs	string	/home/reiase/workspace/pvisor/target/sb/run/baseline/trials/filesystem-pvisor-staged-027
/rows/136/memory_scope	string	owned launcher tree; Docker daemon/container RSS excluded
/rows/136/mode	string	filesystem
/rows/136/peak_tree_rss_kib	integer	185172
/rows/136/prepare_ms	float	36.953557
/rows/136/ready_ms	float	60.273504
/rows/136/result	object	-
/rows/136/result/correctness	string	passed
/rows/136/result/filesystem	object	-
/rows/136/result/filesystem/cargo	object	-
/rows/136/result/filesystem/cargo/check	object	-
/rows/136/result/filesystem/cargo/check/modules	integer	64
/rows/136/result/filesystem/cargo/check/result	string	2016
/rows/136/result/filesystem/cargo/python	string	3.14.7
/rows/136/result/filesystem/cargo/worker_ms	float	116.042784
/rows/136/result/filesystem/cargo/workload	string	cargo
/rows/136/result/filesystem/git	object	-
/rows/136/result/filesystem/git/check	object	-
/rows/136/result/filesystem/git/check/git_clean	boolean	true
/rows/136/result/filesystem/git/python	string	3.14.7
/rows/136/result/filesystem/git/worker_ms	float	168.657046
/rows/136/result/filesystem/git/workload	string	git
/rows/136/result/filesystem/metadata	object	-
/rows/136/result/filesystem/metadata/check	object	-
/rows/136/result/filesystem/metadata/check/bytes	integer	2095104
/rows/136/result/filesystem/metadata/check/files	integer	2048
/rows/136/result/filesystem/metadata/python	string	3.14.7
/rows/136/result/filesystem/metadata/worker_ms	float	77.444477
/rows/136/result/filesystem/metadata/workload	string	metadata
/rows/136/result/filesystem/npm	object	-
/rows/136/result/filesystem/npm/check	object	-
/rows/136/result/filesystem/npm/check/local_packages	integer	32
/rows/136/result/filesystem/npm/python	string	3.14.7
/rows/136/result/filesystem/npm/worker_ms	float	266.167858
/rows/136/result/filesystem/npm/workload	string	npm
/rows/136/result/filesystem/read	object	-
/rows/136/result/filesystem/read/check	object	-
/rows/136/result/filesystem/read/check/bytes	integer	67108864
/rows/136/result/filesystem/read/check/sha256	string	42ef3a50fe506ced865473b082c8b28f6ce254e6e2b01266b6a563531a6267bc
/rows/136/result/filesystem/read/python	string	3.14.7
/rows/136/result/filesystem/read/worker_ms	float	71.651337
/rows/136/result/filesystem/read/workload	string	read
/rows/136/result/filesystem/rg	object	-
/rows/136/result/filesystem/rg/check	object	-
/rows/136/result/filesystem/rg/check/matches	integer	2048
/rows/136/result/filesystem/rg/python	string	3.14.7
/rows/136/result/filesystem/rg/worker_ms	float	90.202875
/rows/136/result/filesystem/rg/workload	string	rg
/rows/136/result/filesystem/write	object	-
/rows/136/result/filesystem/write/check	object	-
/rows/136/result/filesystem/write/check/bytes	integer	16777216
/rows/136/result/filesystem/write/check/files	integer	256
/rows/136/result/filesystem/write/python	string	3.14.7
/rows/136/result/filesystem/write/worker_ms	float	203.286657
/rows/136/result/filesystem/write/workload	string	write
/rows/136/result/mode	string	filesystem
/rows/136/result/worker_ms	float	1118.305376
/rows/136/result_ms	float	1178.62668
/rows/136/trial	integer	27
/rows/136/variant	string	baseline
/rows/137	object	-
/rows/137/backend	string	pvisor-vm
/rows/137/completion_ms	float	4032.991416
/rows/137/correctness	string	passed
/rows/137/logs	string	/home/reiase/workspace/pvisor/target/sb/run/candidate/trials/filesystem-pvisor-vm-027
/rows/137/memory_scope	string	owned launcher tree; Docker daemon/container RSS excluded
/rows/137/mode	string	filesystem
/rows/137/peak_tree_rss_kib	integer	613080
/rows/137/prepare_ms	float	35.685943
/rows/137/ready_ms	float	380.775554
/rows/137/result	object	-
/rows/137/result/correctness	string	passed
/rows/137/result/filesystem	object	-
/rows/137/result/filesystem/cargo	object	-
/rows/137/result/filesystem/cargo/check	object	-
/rows/137/result/filesystem/cargo/check/modules	integer	64
/rows/137/result/filesystem/cargo/check/result	string	2016
/rows/137/result/filesystem/cargo/python	string	3.14.7
/rows/137/result/filesystem/cargo/worker_ms	float	522.406993
/rows/137/result/filesystem/cargo/workload	string	cargo
/rows/137/result/filesystem/git	object	-
/rows/137/result/filesystem/git/check	object	-
/rows/137/result/filesystem/git/check/git_clean	boolean	true
/rows/137/result/filesystem/git/python	string	3.14.7
/rows/137/result/filesystem/git/worker_ms	float	354.017005
/rows/137/result/filesystem/git/workload	string	git
/rows/137/result/filesystem/metadata	object	-
/rows/137/result/filesystem/metadata/check	object	-
/rows/137/result/filesystem/metadata/check/bytes	integer	2095104
/rows/137/result/filesystem/metadata/check/files	integer	2048
/rows/137/result/filesystem/metadata/python	string	3.14.7
/rows/137/result/filesystem/metadata/worker_ms	float	150.215085
/rows/137/result/filesystem/metadata/workload	string	metadata
/rows/137/result/filesystem/npm	object	-
/rows/137/result/filesystem/npm/check	object	-
/rows/137/result/filesystem/npm/check/local_packages	integer	32
/rows/137/result/filesystem/npm/python	string	3.14.7
/rows/137/result/filesystem/npm/worker_ms	float	1324.533136
/rows/137/result/filesystem/npm/workload	string	npm
/rows/137/result/filesystem/read	object	-
/rows/137/result/filesystem/read/check	object	-
/rows/137/result/filesystem/read/check/bytes	integer	67108864
/rows/137/result/filesystem/read/check/sha256	string	42ef3a50fe506ced865473b082c8b28f6ce254e6e2b01266b6a563531a6267bc
/rows/137/result/filesystem/read/python	string	3.14.7
/rows/137/result/filesystem/read/worker_ms	float	114.462837
/rows/137/result/filesystem/read/workload	string	read
/rows/137/result/filesystem/rg	object	-
/rows/137/result/filesystem/rg/check	object	-
/rows/137/result/filesystem/rg/check/matches	integer	2048
/rows/137/result/filesystem/rg/python	string	3.14.7
/rows/137/result/filesystem/rg/worker_ms	float	437.735298
/rows/137/result/filesystem/rg/workload	string	rg
/rows/137/result/filesystem/write	object	-
/rows/137/result/filesystem/write/check	object	-
/rows/137/result/filesystem/write/check/bytes	integer	16777216
/rows/137/result/filesystem/write/check/files	integer	256
/rows/137/result/filesystem/write/python	string	3.14.7
/rows/137/result/filesystem/write/worker_ms	float	132.189652
/rows/137/result/filesystem/write/workload	string	write
/rows/137/result/mode	string	filesystem
/rows/137/result/worker_ms	float	3476.082664
/rows/137/result_ms	float	3856.956963
/rows/137/trial	integer	27
/rows/137/variant	string	candidate
/rows/138	object	-
/rows/138/backend	string	pvisor-vm
/rows/138/completion_ms	float	4174.080909
/rows/138/correctness	string	passed
/rows/138/logs	string	/home/reiase/workspace/pvisor/target/sb/run/baseline/trials/filesystem-pvisor-vm-027
/rows/138/memory_scope	string	owned launcher tree; Docker daemon/container RSS excluded
/rows/138/mode	string	filesystem
/rows/138/peak_tree_rss_kib	integer	613368
/rows/138/prepare_ms	float	37.531316
/rows/138/ready_ms	float	400.829436
/rows/138/result	object	-
/rows/138/result/correctness	string	passed
/rows/138/result/filesystem	object	-
/rows/138/result/filesystem/cargo	object	-
/rows/138/result/filesystem/cargo/check	object	-
/rows/138/result/filesystem/cargo/check/modules	integer	64
/rows/138/result/filesystem/cargo/check/result	string	2016
/rows/138/result/filesystem/cargo/python	string	3.14.7
/rows/138/result/filesystem/cargo/worker_ms	float	506.800339
/rows/138/result/filesystem/cargo/workload	string	cargo
/rows/138/result/filesystem/git	object	-
/rows/138/result/filesystem/git/check	object	-
/rows/138/result/filesystem/git/check/git_clean	boolean	true
/rows/138/result/filesystem/git/python	string	3.14.7
/rows/138/result/filesystem/git/worker_ms	float	393.145812
/rows/138/result/filesystem/git/workload	string	git
/rows/138/result/filesystem/metadata	object	-
/rows/138/result/filesystem/metadata/check	object	-
/rows/138/result/filesystem/metadata/check/bytes	integer	2095104
/rows/138/result/filesystem/metadata/check/files	integer	2048
/rows/138/result/filesystem/metadata/python	string	3.14.7
/rows/138/result/filesystem/metadata/worker_ms	float	156.092064
/rows/138/result/filesystem/metadata/workload	string	metadata
/rows/138/result/filesystem/npm	object	-
/rows/138/result/filesystem/npm/check	object	-
/rows/138/result/filesystem/npm/check/local_packages	integer	32
/rows/138/result/filesystem/npm/python	string	3.14.7
/rows/138/result/filesystem/npm/worker_ms	float	1414.393624
/rows/138/result/filesystem/npm/workload	string	npm
/rows/138/result/filesystem/read	object	-
/rows/138/result/filesystem/read/check	object	-
/rows/138/result/filesystem/read/check/bytes	integer	67108864
/rows/138/result/filesystem/read/check/sha256	string	42ef3a50fe506ced865473b082c8b28f6ce254e6e2b01266b6a563531a6267bc
/rows/138/result/filesystem/read/python	string	3.14.7
/rows/138/result/filesystem/read/worker_ms	float	137.732426
/rows/138/result/filesystem/read/workload	string	read
/rows/138/result/filesystem/rg	object	-
/rows/138/result/filesystem/rg/check	object	-
/rows/138/result/filesystem/rg/check/matches	integer	2048
/rows/138/result/filesystem/rg/python	string	3.14.7
/rows/138/result/filesystem/rg/worker_ms	float	443.536376
/rows/138/result/filesystem/rg/workload	string	rg
/rows/138/result/filesystem/write	object	-
/rows/138/result/filesystem/write/check	object	-
/rows/138/result/filesystem/write/check/bytes	integer	16777216
/rows/138/result/filesystem/write/check/files	integer	256
/rows/138/result/filesystem/write/python	string	3.14.7
/rows/138/result/filesystem/write/worker_ms	float	204.131907
/rows/138/result/filesystem/write/workload	string	write
/rows/138/result/mode	string	filesystem
/rows/138/result/worker_ms	float	3689.955257
/rows/138/result_ms	float	4090.924794
/rows/138/trial	integer	27
/rows/138/variant	string	baseline
/rows/139	object	-
/rows/139/backend	string	native
/rows/139/completion_ms	float	448.578028
/rows/139/correctness	string	passed
/rows/139/logs	string	/home/reiase/workspace/pvisor/target/sb/run/native/trials/filesystem-native-027
/rows/139/memory_scope	string	owned launcher tree; Docker daemon/container RSS excluded
/rows/139/mode	string	filesystem
/rows/139/peak_tree_rss_kib	integer	142212
/rows/139/prepare_ms	float	37.379613
/rows/139/ready_ms	float	38.778353
/rows/139/result	object	-
/rows/139/result/correctness	string	passed
/rows/139/result/filesystem	object	-
/rows/139/result/filesystem/cargo	object	-
/rows/139/result/filesystem/cargo/check	object	-
/rows/139/result/filesystem/cargo/check/modules	integer	64
/rows/139/result/filesystem/cargo/check/result	string	2016
/rows/139/result/filesystem/cargo/python	string	3.14.7
/rows/139/result/filesystem/cargo/worker_ms	float	52.330903
/rows/139/result/filesystem/cargo/workload	string	cargo
/rows/139/result/filesystem/git	object	-
/rows/139/result/filesystem/git/check	object	-
/rows/139/result/filesystem/git/check/git_clean	boolean	true
/rows/139/result/filesystem/git/python	string	3.14.7
/rows/139/result/filesystem/git/worker_ms	float	15.025588
/rows/139/result/filesystem/git/workload	string	git
/rows/139/result/filesystem/metadata	object	-
/rows/139/result/filesystem/metadata/check	object	-
/rows/139/result/filesystem/metadata/check/bytes	integer	2095104
/rows/139/result/filesystem/metadata/check/files	integer	2048
/rows/139/result/filesystem/metadata/python	string	3.14.7
/rows/139/result/filesystem/metadata/worker_ms	float	5.242844
/rows/139/result/filesystem/metadata/workload	string	metadata
/rows/139/result/filesystem/npm	object	-
/rows/139/result/filesystem/npm/check	object	-
/rows/139/result/filesystem/npm/check/local_packages	integer	32
/rows/139/result/filesystem/npm/python	string	3.14.7
/rows/139/result/filesystem/npm/worker_ms	float	171.077222
/rows/139/result/filesystem/npm/workload	string	npm
/rows/139/result/filesystem/read	object	-
/rows/139/result/filesystem/read/check	object	-
/rows/139/result/filesystem/read/check/bytes	integer	67108864
/rows/139/result/filesystem/read/check/sha256	string	42ef3a50fe506ced865473b082c8b28f6ce254e6e2b01266b6a563531a6267bc
/rows/139/result/filesystem/read/python	string	3.14.7
/rows/139/result/filesystem/read/worker_ms	float	32.434205
/rows/139/result/filesystem/read/workload	string	read
/rows/139/result/filesystem/rg	object	-
/rows/139/result/filesystem/rg/check	object	-
/rows/139/result/filesystem/rg/check/matches	integer	2048
/rows/139/result/filesystem/rg/python	string	3.14.7
/rows/139/result/filesystem/rg/worker_ms	float	6.557457
/rows/139/result/filesystem/rg/workload	string	rg
/rows/139/result/filesystem/write	object	-
/rows/139/result/filesystem/write/check	object	-
/rows/139/result/filesystem/write/check/bytes	integer	16777216
/rows/139/result/filesystem/write/check/files	integer	256
/rows/139/result/filesystem/write/python	string	3.14.7
/rows/139/result/filesystem/write/worker_ms	float	4.31371
/rows/139/result/filesystem/write/workload	string	write
/rows/139/result/mode	string	filesystem
/rows/139/result/worker_ms	float	402.177552
/rows/139/result_ms	float	441.008092
/rows/139/trial	integer	27
/rows/139/variant	string	native
/rows/140	object	-
/rows/140/backend	string	pvisor-vm
/rows/140/completion_ms	float	4052.67672
/rows/140/correctness	string	passed
/rows/140/logs	string	/home/reiase/workspace/pvisor/target/sb/run/candidate/trials/filesystem-pvisor-vm-028
/rows/140/memory_scope	string	owned launcher tree; Docker daemon/container RSS excluded
/rows/140/mode	string	filesystem
/rows/140/peak_tree_rss_kib	integer	614088
/rows/140/prepare_ms	float	38.110267
/rows/140/ready_ms	float	375.886941
/rows/140/result	object	-
/rows/140/result/correctness	string	passed
/rows/140/result/filesystem	object	-
/rows/140/result/filesystem/cargo	object	-
/rows/140/result/filesystem/cargo/check	object	-
/rows/140/result/filesystem/cargo/check/modules	integer	64
/rows/140/result/filesystem/cargo/check/result	string	2016
/rows/140/result/filesystem/cargo/python	string	3.14.7
/rows/140/result/filesystem/cargo/worker_ms	float	472.138437
/rows/140/result/filesystem/cargo/workload	string	cargo
/rows/140/result/filesystem/git	object	-
/rows/140/result/filesystem/git/check	object	-
/rows/140/result/filesystem/git/check/git_clean	boolean	true
/rows/140/result/filesystem/git/python	string	3.14.7
/rows/140/result/filesystem/git/worker_ms	float	355.991094
/rows/140/result/filesystem/git/workload	string	git
/rows/140/result/filesystem/metadata	object	-
/rows/140/result/filesystem/metadata/check	object	-
/rows/140/result/filesystem/metadata/check/bytes	integer	2095104
/rows/140/result/filesystem/metadata/check/files	integer	2048
/rows/140/result/filesystem/metadata/python	string	3.14.7
/rows/140/result/filesystem/metadata/worker_ms	float	205.248442
/rows/140/result/filesystem/metadata/workload	string	metadata
/rows/140/result/filesystem/npm	object	-
/rows/140/result/filesystem/npm/check	object	-
/rows/140/result/filesystem/npm/check/local_packages	integer	32
/rows/140/result/filesystem/npm/python	string	3.14.7
/rows/140/result/filesystem/npm/worker_ms	float	1353.533021
/rows/140/result/filesystem/npm/workload	string	npm
/rows/140/result/filesystem/read	object	-
/rows/140/result/filesystem/read/check	object	-
/rows/140/result/filesystem/read/check/bytes	integer	67108864
/rows/140/result/filesystem/read/check/sha256	string	42ef3a50fe506ced865473b082c8b28f6ce254e6e2b01266b6a563531a6267bc
/rows/140/result/filesystem/read/python	string	3.14.7
/rows/140/result/filesystem/read/worker_ms	float	115.799755
/rows/140/result/filesystem/read/workload	string	read
/rows/140/result/filesystem/rg	object	-
/rows/140/result/filesystem/rg/check	object	-
/rows/140/result/filesystem/rg/check/matches	integer	2048
/rows/140/result/filesystem/rg/python	string	3.14.7
/rows/140/result/filesystem/rg/worker_ms	float	432.418436
/rows/140/result/filesystem/rg/workload	string	rg
/rows/140/result/filesystem/write	object	-
/rows/140/result/filesystem/write/check	object	-
/rows/140/result/filesystem/write/check/bytes	integer	16777216
/rows/140/result/filesystem/write/check/files	integer	256
/rows/140/result/filesystem/write/python	string	3.14.7
/rows/140/result/filesystem/write/worker_ms	float	142.801947
/rows/140/result/filesystem/write/workload	string	write
/rows/140/result/mode	string	filesystem
/rows/140/result/worker_ms	float	3516.647663
/rows/140/result_ms	float	3892.597571
/rows/140/trial	integer	28
/rows/140/variant	string	candidate
/rows/141	object	-
/rows/141/backend	string	pvisor-staged
/rows/141/completion_ms	float	1264.36281
/rows/141/correctness	string	passed
/rows/141/logs	string	/home/reiase/workspace/pvisor/target/sb/run/baseline/trials/filesystem-pvisor-staged-028
/rows/141/memory_scope	string	owned launcher tree; Docker daemon/container RSS excluded
/rows/141/mode	string	filesystem
/rows/141/peak_tree_rss_kib	integer	189804
/rows/141/prepare_ms	float	36.757642
/rows/141/ready_ms	float	61.74464
/rows/141/result	object	-
/rows/141/result/correctness	string	passed
/rows/141/result/filesystem	object	-
/rows/141/result/filesystem/cargo	object	-
/rows/141/result/filesystem/cargo/check	object	-
/rows/141/result/filesystem/cargo/check/modules	integer	64
/rows/141/result/filesystem/cargo/check/result	string	2016
/rows/141/result/filesystem/cargo/python	string	3.14.7
/rows/141/result/filesystem/cargo/worker_ms	float	108.139406
/rows/141/result/filesystem/cargo/workload	string	cargo
/rows/141/result/filesystem/git	object	-
/rows/141/result/filesystem/git/check	object	-
/rows/141/result/filesystem/git/check/git_clean	boolean	true
/rows/141/result/filesystem/git/python	string	3.14.7
/rows/141/result/filesystem/git/worker_ms	float	168.690618
/rows/141/result/filesystem/git/workload	string	git
/rows/141/result/filesystem/metadata	object	-
/rows/141/result/filesystem/metadata/check	object	-
/rows/141/result/filesystem/metadata/check/bytes	integer	2095104
/rows/141/result/filesystem/metadata/check/files	integer	2048
/rows/141/result/filesystem/metadata/python	string	3.14.7
/rows/141/result/filesystem/metadata/worker_ms	float	76.581697
/rows/141/result/filesystem/metadata/workload	string	metadata
/rows/141/result/filesystem/npm	object	-
/rows/141/result/filesystem/npm/check	object	-
/rows/141/result/filesystem/npm/check/local_packages	integer	32
/rows/141/result/filesystem/npm/python	string	3.14.7
/rows/141/result/filesystem/npm/worker_ms	float	255.669217
/rows/141/result/filesystem/npm/workload	string	npm
/rows/141/result/filesystem/read	object	-
/rows/141/result/filesystem/read/check	object	-
/rows/141/result/filesystem/read/check/bytes	integer	67108864
/rows/141/result/filesystem/read/check/sha256	string	42ef3a50fe506ced865473b082c8b28f6ce254e6e2b01266b6a563531a6267bc
/rows/141/result/filesystem/read/python	string	3.14.7
/rows/141/result/filesystem/read/worker_ms	float	69.487539
/rows/141/result/filesystem/read/workload	string	read
/rows/141/result/filesystem/rg	object	-
/rows/141/result/filesystem/rg/check	object	-
/rows/141/result/filesystem/rg/check/matches	integer	2048
/rows/141/result/filesystem/rg/python	string	3.14.7
/rows/141/result/filesystem/rg/worker_ms	float	89.424382
/rows/141/result/filesystem/rg/workload	string	rg
/rows/141/result/filesystem/write	object	-
/rows/141/result/filesystem/write/check	object	-
/rows/141/result/filesystem/write/check/bytes	integer	16777216
/rows/141/result/filesystem/write/check/files	integer	256
/rows/141/result/filesystem/write/python	string	3.14.7
/rows/141/result/filesystem/write/worker_ms	float	201.572458
/rows/141/result/filesystem/write/workload	string	write
/rows/141/result/mode	string	filesystem
/rows/141/result/worker_ms	float	1091.648613
/rows/141/result_ms	float	1153.440892
/rows/141/trial	integer	28
/rows/141/variant	string	baseline
/rows/142	object	-
/rows/142/backend	string	native
/rows/142/completion_ms	float	444.81716
/rows/142/correctness	string	passed
/rows/142/logs	string	/home/reiase/workspace/pvisor/target/sb/run/native/trials/filesystem-native-028
/rows/142/memory_scope	string	owned launcher tree; Docker daemon/container RSS excluded
/rows/142/mode	string	filesystem
/rows/142/peak_tree_rss_kib	integer	142336
/rows/142/prepare_ms	float	36.369789
/rows/142/ready_ms	float	39.897892
/rows/142/result	object	-
/rows/142/result/correctness	string	passed
/rows/142/result/filesystem	object	-
/rows/142/result/filesystem/cargo	object	-
/rows/142/result/filesystem/cargo/check	object	-
/rows/142/result/filesystem/cargo/check/modules	integer	64
/rows/142/result/filesystem/cargo/check/result	string	2016
/rows/142/result/filesystem/cargo/python	string	3.14.7
/rows/142/result/filesystem/cargo/worker_ms	float	51.039234
/rows/142/result/filesystem/cargo/workload	string	cargo
/rows/142/result/filesystem/git	object	-
/rows/142/result/filesystem/git/check	object	-
/rows/142/result/filesystem/git/check/git_clean	boolean	true
/rows/142/result/filesystem/git/python	string	3.14.7
/rows/142/result/filesystem/git/worker_ms	float	14.590647
/rows/142/result/filesystem/git/workload	string	git
/rows/142/result/filesystem/metadata	object	-
/rows/142/result/filesystem/metadata/check	object	-
/rows/142/result/filesystem/metadata/check/bytes	integer	2095104
/rows/142/result/filesystem/metadata/check/files	integer	2048
/rows/142/result/filesystem/metadata/python	string	3.14.7
/rows/142/result/filesystem/metadata/worker_ms	float	5.318485
/rows/142/result/filesystem/metadata/workload	string	metadata
/rows/142/result/filesystem/npm	object	-
/rows/142/result/filesystem/npm/check	object	-
/rows/142/result/filesystem/npm/check/local_packages	integer	32
/rows/142/result/filesystem/npm/python	string	3.14.7
/rows/142/result/filesystem/npm/worker_ms	float	171.630946
/rows/142/result/filesystem/npm/workload	string	npm
/rows/142/result/filesystem/read	object	-
/rows/142/result/filesystem/read/check	object	-
/rows/142/result/filesystem/read/check/bytes	integer	67108864
/rows/142/result/filesystem/read/check/sha256	string	42ef3a50fe506ced865473b082c8b28f6ce254e6e2b01266b6a563531a6267bc
/rows/142/result/filesystem/read/python	string	3.14.7
/rows/142/result/filesystem/read/worker_ms	float	31.414141
/rows/142/result/filesystem/read/workload	string	read
/rows/142/result/filesystem/rg	object	-
/rows/142/result/filesystem/rg/check	object	-
/rows/142/result/filesystem/rg/check/matches	integer	2048
/rows/142/result/filesystem/rg/python	string	3.14.7
/rows/142/result/filesystem/rg/worker_ms	float	6.958615
/rows/142/result/filesystem/rg/workload	string	rg
/rows/142/result/filesystem/write	object	-
/rows/142/result/filesystem/write/check	object	-
/rows/142/result/filesystem/write/check/bytes	integer	16777216
/rows/142/result/filesystem/write/check/files	integer	256
/rows/142/result/filesystem/write/python	string	3.14.7
/rows/142/result/filesystem/write/worker_ms	float	4.432722
/rows/142/result/filesystem/write/workload	string	write
/rows/142/result/mode	string	filesystem
/rows/142/result/worker_ms	float	397.644593
/rows/142/result_ms	float	437.585385
/rows/142/trial	integer	28
/rows/142/variant	string	native
/rows/143	object	-
/rows/143/backend	string	pvisor-vm
/rows/143/completion_ms	float	4292.32448
/rows/143/correctness	string	passed
/rows/143/logs	string	/home/reiase/workspace/pvisor/target/sb/run/baseline/trials/filesystem-pvisor-vm-028
/rows/143/memory_scope	string	owned launcher tree; Docker daemon/container RSS excluded
/rows/143/mode	string	filesystem
/rows/143/peak_tree_rss_kib	integer	613588
/rows/143/prepare_ms	float	37.418656
/rows/143/ready_ms	float	382.57354
/rows/143/result	object	-
/rows/143/result/correctness	string	passed
/rows/143/result/filesystem	object	-
/rows/143/result/filesystem/cargo	object	-
/rows/143/result/filesystem/cargo/check	object	-
/rows/143/result/filesystem/cargo/check/modules	integer	64
/rows/143/result/filesystem/cargo/check/result	string	2016
/rows/143/result/filesystem/cargo/python	string	3.14.7
/rows/143/result/filesystem/cargo/worker_ms	float	507.900614
/rows/143/result/filesystem/cargo/workload	string	cargo
/rows/143/result/filesystem/git	object	-
/rows/143/result/filesystem/git/check	object	-
/rows/143/result/filesystem/git/check/git_clean	boolean	true
/rows/143/result/filesystem/git/python	string	3.14.7
/rows/143/result/filesystem/git/worker_ms	float	400.892593
/rows/143/result/filesystem/git/workload	string	git
/rows/143/result/filesystem/metadata	object	-
/rows/143/result/filesystem/metadata/check	object	-
/rows/143/result/filesystem/metadata/check/bytes	integer	2095104
/rows/143/result/filesystem/metadata/check/files	integer	2048
/rows/143/result/filesystem/metadata/python	string	3.14.7
/rows/143/result/filesystem/metadata/worker_ms	float	167.115577
/rows/143/result/filesystem/metadata/workload	string	metadata
/rows/143/result/filesystem/npm	object	-
/rows/143/result/filesystem/npm/check	object	-
/rows/143/result/filesystem/npm/check/local_packages	integer	32
/rows/143/result/filesystem/npm/python	string	3.14.7
/rows/143/result/filesystem/npm/worker_ms	float	1347.480174
/rows/143/result/filesystem/npm/workload	string	npm
/rows/143/result/filesystem/read	object	-
/rows/143/result/filesystem/read/check	object	-
/rows/143/result/filesystem/read/check/bytes	integer	67108864
/rows/143/result/filesystem/read/check/sha256	string	42ef3a50fe506ced865473b082c8b28f6ce254e6e2b01266b6a563531a6267bc
/rows/143/result/filesystem/read/python	string	3.14.7
/rows/143/result/filesystem/read/worker_ms	float	116.597614
/rows/143/result/filesystem/read/workload	string	read
/rows/143/result/filesystem/rg	object	-
/rows/143/result/filesystem/rg/check	object	-
/rows/143/result/filesystem/rg/check/matches	integer	2048
/rows/143/result/filesystem/rg/python	string	3.14.7
/rows/143/result/filesystem/rg/worker_ms	float	409.934424
/rows/143/result/filesystem/rg/workload	string	rg
/rows/143/result/filesystem/write	object	-
/rows/143/result/filesystem/write/check	object	-
/rows/143/result/filesystem/write/check/bytes	integer	16777216
/rows/143/result/filesystem/write/check/files	integer	256
/rows/143/result/filesystem/write/python	string	3.14.7
/rows/143/result/filesystem/write/worker_ms	float	367.055853
/rows/143/result/filesystem/write/workload	string	write
/rows/143/result/mode	string	filesystem
/rows/143/result/worker_ms	float	3786.965491
/rows/143/result_ms	float	4170.149844
/rows/143/trial	integer	28
/rows/143/variant	string	baseline
/rows/144	object	-
/rows/144/backend	string	pvisor-staged
/rows/144/completion_ms	float	1110.812384
/rows/144/correctness	string	passed
/rows/144/logs	string	/home/reiase/workspace/pvisor/target/sb/run/candidate/trials/filesystem-pvisor-staged-028
/rows/144/memory_scope	string	owned launcher tree; Docker daemon/container RSS excluded
/rows/144/mode	string	filesystem
/rows/144/peak_tree_rss_kib	integer	187380
/rows/144/prepare_ms	float	36.964579
/rows/144/ready_ms	float	62.096627
/rows/144/result	object	-
/rows/144/result/correctness	string	passed
/rows/144/result/filesystem	object	-
/rows/144/result/filesystem/cargo	object	-
/rows/144/result/filesystem/cargo/check	object	-
/rows/144/result/filesystem/cargo/check/modules	integer	64
/rows/144/result/filesystem/cargo/check/result	string	2016
/rows/144/result/filesystem/cargo/python	string	3.14.7
/rows/144/result/filesystem/cargo/worker_ms	float	74.222404
/rows/144/result/filesystem/cargo/workload	string	cargo
/rows/144/result/filesystem/git	object	-
/rows/144/result/filesystem/git/check	object	-
/rows/144/result/filesystem/git/check/git_clean	boolean	true
/rows/144/result/filesystem/git/python	string	3.14.7
/rows/144/result/filesystem/git/worker_ms	float	126.631263
/rows/144/result/filesystem/git/workload	string	git
/rows/144/result/filesystem/metadata	object	-
/rows/144/result/filesystem/metadata/check	object	-
/rows/144/result/filesystem/metadata/check/bytes	integer	2095104
/rows/144/result/filesystem/metadata/check/files	integer	2048
/rows/144/result/filesystem/metadata/python	string	3.14.7
/rows/144/result/filesystem/metadata/worker_ms	float	75.785241
/rows/144/result/filesystem/metadata/workload	string	metadata
/rows/144/result/filesystem/npm	object	-
/rows/144/result/filesystem/npm/check	object	-
/rows/144/result/filesystem/npm/check/local_packages	integer	32
/rows/144/result/filesystem/npm/python	string	3.14.7
/rows/144/result/filesystem/npm/worker_ms	float	224.560315
/rows/144/result/filesystem/npm/workload	string	npm
/rows/144/result/filesystem/read	object	-
/rows/144/result/filesystem/read/check	object	-
/rows/144/result/filesystem/read/check/bytes	integer	67108864
/rows/144/result/filesystem/read/check/sha256	string	42ef3a50fe506ced865473b082c8b28f6ce254e6e2b01266b6a563531a6267bc
/rows/144/result/filesystem/read/python	string	3.14.7
/rows/144/result/filesystem/read/worker_ms	float	67.847077
/rows/144/result/filesystem/read/workload	string	read
/rows/144/result/filesystem/rg	object	-
/rows/144/result/filesystem/rg/check	object	-
/rows/144/result/filesystem/rg/check/matches	integer	2048
/rows/144/result/filesystem/rg/python	string	3.14.7
/rows/144/result/filesystem/rg/worker_ms	float	89.739761
/rows/144/result/filesystem/rg/workload	string	rg
/rows/144/result/filesystem/write	object	-
/rows/144/result/filesystem/write/check	object	-
/rows/144/result/filesystem/write/check/bytes	integer	16777216
/rows/144/result/filesystem/write/check/files	integer	256
/rows/144/result/filesystem/write/python	string	3.14.7
/rows/144/result/filesystem/write/worker_ms	float	27.016626
/rows/144/result/filesystem/write/workload	string	write
/rows/144/result/mode	string	filesystem
/rows/144/result/worker_ms	float	808.216599
/rows/144/result_ms	float	870.472223
/rows/144/trial	integer	28
/rows/144/variant	string	candidate
/rows/145	object	-
/rows/145/backend	string	native
/rows/145/completion_ms	float	449.1901
/rows/145/correctness	string	passed
/rows/145/logs	string	/home/reiase/workspace/pvisor/target/sb/run/native/trials/filesystem-native-029
/rows/145/memory_scope	string	owned launcher tree; Docker daemon/container RSS excluded
/rows/145/mode	string	filesystem
/rows/145/peak_tree_rss_kib	integer	144068
/rows/145/prepare_ms	float	38.067096
/rows/145/ready_ms	float	39.311238
/rows/145/result	object	-
/rows/145/result/correctness	string	passed
/rows/145/result/filesystem	object	-
/rows/145/result/filesystem/cargo	object	-
/rows/145/result/filesystem/cargo/check	object	-
/rows/145/result/filesystem/cargo/check/modules	integer	64
/rows/145/result/filesystem/cargo/check/result	string	2016
/rows/145/result/filesystem/cargo/python	string	3.14.7
/rows/145/result/filesystem/cargo/worker_ms	float	52.13071
/rows/145/result/filesystem/cargo/workload	string	cargo
/rows/145/result/filesystem/git	object	-
/rows/145/result/filesystem/git/check	object	-
/rows/145/result/filesystem/git/check/git_clean	boolean	true
/rows/145/result/filesystem/git/python	string	3.14.7
/rows/145/result/filesystem/git/worker_ms	float	14.609432
/rows/145/result/filesystem/git/workload	string	git
/rows/145/result/filesystem/metadata	object	-
/rows/145/result/filesystem/metadata/check	object	-
/rows/145/result/filesystem/metadata/check/bytes	integer	2095104
/rows/145/result/filesystem/metadata/check/files	integer	2048
/rows/145/result/filesystem/metadata/python	string	3.14.7
/rows/145/result/filesystem/metadata/worker_ms	float	4.617236
/rows/145/result/filesystem/metadata/workload	string	metadata
/rows/145/result/filesystem/npm	object	-
/rows/145/result/filesystem/npm/check	object	-
/rows/145/result/filesystem/npm/check/local_packages	integer	32
/rows/145/result/filesystem/npm/python	string	3.14.7
/rows/145/result/filesystem/npm/worker_ms	float	170.040718
/rows/145/result/filesystem/npm/workload	string	npm
/rows/145/result/filesystem/read	object	-
/rows/145/result/filesystem/read/check	object	-
/rows/145/result/filesystem/read/check/bytes	integer	67108864
/rows/145/result/filesystem/read/check/sha256	string	42ef3a50fe506ced865473b082c8b28f6ce254e6e2b01266b6a563531a6267bc
/rows/145/result/filesystem/read/python	string	3.14.7
/rows/145/result/filesystem/read/worker_ms	float	32.609231
/rows/145/result/filesystem/read/workload	string	read
/rows/145/result/filesystem/rg	object	-
/rows/145/result/filesystem/rg/check	object	-
/rows/145/result/filesystem/rg/check/matches	integer	2048
/rows/145/result/filesystem/rg/python	string	3.14.7
/rows/145/result/filesystem/rg/worker_ms	float	9.566842
/rows/145/result/filesystem/rg/workload	string	rg
/rows/145/result/filesystem/write	object	-
/rows/145/result/filesystem/write/check	object	-
/rows/145/result/filesystem/write/check/bytes	integer	16777216
/rows/145/result/filesystem/write/check/files	integer	256
/rows/145/result/filesystem/write/python	string	3.14.7
/rows/145/result/filesystem/write/worker_ms	float	3.513857
/rows/145/result/filesystem/write/workload	string	write
/rows/145/result/mode	string	filesystem
/rows/145/result/worker_ms	float	402.01601
/rows/145/result_ms	float	441.377592
/rows/145/trial	integer	29
/rows/145/variant	string	native
/rows/146	object	-
/rows/146/backend	string	pvisor-staged
/rows/146/completion_ms	float	1283.787458
/rows/146/correctness	string	passed
/rows/146/logs	string	/home/reiase/workspace/pvisor/target/sb/run/baseline/trials/filesystem-pvisor-staged-029
/rows/146/memory_scope	string	owned launcher tree; Docker daemon/container RSS excluded
/rows/146/mode	string	filesystem
/rows/146/peak_tree_rss_kib	integer	177372
/rows/146/prepare_ms	float	36.30586
/rows/146/ready_ms	float	62.566403
/rows/146/result	object	-
/rows/146/result/correctness	string	passed
/rows/146/result/filesystem	object	-
/rows/146/result/filesystem/cargo	object	-
/rows/146/result/filesystem/cargo/check	object	-
/rows/146/result/filesystem/cargo/check/modules	integer	64
/rows/146/result/filesystem/cargo/check/result	string	2016
/rows/146/result/filesystem/cargo/python	string	3.14.7
/rows/146/result/filesystem/cargo/worker_ms	float	109.269264
/rows/146/result/filesystem/cargo/workload	string	cargo
/rows/146/result/filesystem/git	object	-
/rows/146/result/filesystem/git/check	object	-
/rows/146/result/filesystem/git/check/git_clean	boolean	true
/rows/146/result/filesystem/git/python	string	3.14.7
/rows/146/result/filesystem/git/worker_ms	float	165.360825
/rows/146/result/filesystem/git/workload	string	git
/rows/146/result/filesystem/metadata	object	-
/rows/146/result/filesystem/metadata/check	object	-
/rows/146/result/filesystem/metadata/check/bytes	integer	2095104
/rows/146/result/filesystem/metadata/check/files	integer	2048
/rows/146/result/filesystem/metadata/python	string	3.14.7
/rows/146/result/filesystem/metadata/worker_ms	float	75.919611
/rows/146/result/filesystem/metadata/workload	string	metadata
/rows/146/result/filesystem/npm	object	-
/rows/146/result/filesystem/npm/check	object	-
/rows/146/result/filesystem/npm/check/local_packages	integer	32
/rows/146/result/filesystem/npm/python	string	3.14.7
/rows/146/result/filesystem/npm/worker_ms	float	271.784979
/rows/146/result/filesystem/npm/workload	string	npm
/rows/146/result/filesystem/read	object	-
/rows/146/result/filesystem/read/check	object	-
/rows/146/result/filesystem/read/check/bytes	integer	67108864
/rows/146/result/filesystem/read/check/sha256	string	42ef3a50fe506ced865473b082c8b28f6ce254e6e2b01266b6a563531a6267bc
/rows/146/result/filesystem/read/python	string	3.14.7
/rows/146/result/filesystem/read/worker_ms	float	66.824209
/rows/146/result/filesystem/read/workload	string	read
/rows/146/result/filesystem/rg	object	-
/rows/146/result/filesystem/rg/check	object	-
/rows/146/result/filesystem/rg/check/matches	integer	2048
/rows/146/result/filesystem/rg/python	string	3.14.7
/rows/146/result/filesystem/rg/worker_ms	float	90.680236
/rows/146/result/filesystem/rg/workload	string	rg
/rows/146/result/filesystem/write	object	-
/rows/146/result/filesystem/write/check	object	-
/rows/146/result/filesystem/write/check/bytes	integer	16777216
/rows/146/result/filesystem/write/check/files	integer	256
/rows/146/result/filesystem/write/python	string	3.14.7
/rows/146/result/filesystem/write/worker_ms	float	202.486013
/rows/146/result/filesystem/write/workload	string	write
/rows/146/result/mode	string	filesystem
/rows/146/result/worker_ms	float	1106.408436
/rows/146/result_ms	float	1169.018711
/rows/146/trial	integer	29
/rows/146/variant	string	baseline
/rows/147	object	-
/rows/147/backend	string	pvisor-vm
/rows/147/completion_ms	float	3810.940984
/rows/147/correctness	string	passed
/rows/147/logs	string	/home/reiase/workspace/pvisor/target/sb/run/candidate/trials/filesystem-pvisor-vm-029
/rows/147/memory_scope	string	owned launcher tree; Docker daemon/container RSS excluded
/rows/147/mode	string	filesystem
/rows/147/peak_tree_rss_kib	integer	614236
/rows/147/prepare_ms	float	37.974854
/rows/147/ready_ms	float	385.936565
/rows/147/result	object	-
/rows/147/result/correctness	string	passed
/rows/147/result/filesystem	object	-
/rows/147/result/filesystem/cargo	object	-
/rows/147/result/filesystem/cargo/check	object	-
/rows/147/result/filesystem/cargo/check/modules	integer	64
/rows/147/result/filesystem/cargo/check/result	string	2016
/rows/147/result/filesystem/cargo/python	string	3.14.7
/rows/147/result/filesystem/cargo/worker_ms	float	499.401818
/rows/147/result/filesystem/cargo/workload	string	cargo
/rows/147/result/filesystem/git	object	-
/rows/147/result/filesystem/git/check	object	-
/rows/147/result/filesystem/git/check/git_clean	boolean	true
/rows/147/result/filesystem/git/python	string	3.14.7
/rows/147/result/filesystem/git/worker_ms	float	368.303003
/rows/147/result/filesystem/git/workload	string	git
/rows/147/result/filesystem/metadata	object	-
/rows/147/result/filesystem/metadata/check	object	-
/rows/147/result/filesystem/metadata/check/bytes	integer	2095104
/rows/147/result/filesystem/metadata/check/files	integer	2048
/rows/147/result/filesystem/metadata/python	string	3.14.7
/rows/147/result/filesystem/metadata/worker_ms	float	121.730614
/rows/147/result/filesystem/metadata/workload	string	metadata
/rows/147/result/filesystem/npm	object	-
/rows/147/result/filesystem/npm/check	object	-
/rows/147/result/filesystem/npm/check/local_packages	integer	32
/rows/147/result/filesystem/npm/python	string	3.14.7
/rows/147/result/filesystem/npm/worker_ms	float	1138.355881
/rows/147/result/filesystem/npm/workload	string	npm
/rows/147/result/filesystem/read	object	-
/rows/147/result/filesystem/read/check	object	-
/rows/147/result/filesystem/read/check/bytes	integer	67108864
/rows/147/result/filesystem/read/check/sha256	string	42ef3a50fe506ced865473b082c8b28f6ce254e6e2b01266b6a563531a6267bc
/rows/147/result/filesystem/read/python	string	3.14.7
/rows/147/result/filesystem/read/worker_ms	float	136.482141
/rows/147/result/filesystem/read/workload	string	read
/rows/147/result/filesystem/rg	object	-
/rows/147/result/filesystem/rg/check	object	-
/rows/147/result/filesystem/rg/check/matches	integer	2048
/rows/147/result/filesystem/rg/python	string	3.14.7
/rows/147/result/filesystem/rg/worker_ms	float	442.759985
/rows/147/result/filesystem/rg/workload	string	rg
/rows/147/result/filesystem/write	object	-
/rows/147/result/filesystem/write/check	object	-
/rows/147/result/filesystem/write/check/bytes	integer	16777216
/rows/147/result/filesystem/write/check/files	integer	256
/rows/147/result/filesystem/write/python	string	3.14.7
/rows/147/result/filesystem/write/worker_ms	float	120.418112
/rows/147/result/filesystem/write/workload	string	write
/rows/147/result/mode	string	filesystem
/rows/147/result/worker_ms	float	3246.806525
/rows/147/result_ms	float	3635.454534
/rows/147/trial	integer	29
/rows/147/variant	string	candidate
/rows/148	object	-
/rows/148/backend	string	pvisor-vm
/rows/148/completion_ms	float	4353.423865
/rows/148/correctness	string	passed
/rows/148/logs	string	/home/reiase/workspace/pvisor/target/sb/run/baseline/trials/filesystem-pvisor-vm-029
/rows/148/memory_scope	string	owned launcher tree; Docker daemon/container RSS excluded
/rows/148/mode	string	filesystem
/rows/148/peak_tree_rss_kib	integer	614756
/rows/148/prepare_ms	float	36.524808
/rows/148/ready_ms	float	378.27657
/rows/148/result	object	-
/rows/148/result/correctness	string	passed
/rows/148/result/filesystem	object	-
/rows/148/result/filesystem/cargo	object	-
/rows/148/result/filesystem/cargo/check	object	-
/rows/148/result/filesystem/cargo/check/modules	integer	64
/rows/148/result/filesystem/cargo/check/result	string	2016
/rows/148/result/filesystem/cargo/python	string	3.14.7
/rows/148/result/filesystem/cargo/worker_ms	float	500.813494
/rows/148/result/filesystem/cargo/workload	string	cargo
/rows/148/result/filesystem/git	object	-
/rows/148/result/filesystem/git/check	object	-
/rows/148/result/filesystem/git/check/git_clean	boolean	true
/rows/148/result/filesystem/git/python	string	3.14.7
/rows/148/result/filesystem/git/worker_ms	float	616.709208
/rows/148/result/filesystem/git/workload	string	git
/rows/148/result/filesystem/metadata	object	-
/rows/148/result/filesystem/metadata/check	object	-
/rows/148/result/filesystem/metadata/check/bytes	integer	2095104
/rows/148/result/filesystem/metadata/check/files	integer	2048
/rows/148/result/filesystem/metadata/python	string	3.14.7
/rows/148/result/filesystem/metadata/worker_ms	float	178.743038
/rows/148/result/filesystem/metadata/workload	string	metadata
/rows/148/result/filesystem/npm	object	-
/rows/148/result/filesystem/npm/check	object	-
/rows/148/result/filesystem/npm/check/local_packages	integer	32
/rows/148/result/filesystem/npm/python	string	3.14.7
/rows/148/result/filesystem/npm/worker_ms	float	1347.615657
/rows/148/result/filesystem/npm/workload	string	npm
/rows/148/result/filesystem/read	object	-
/rows/148/result/filesystem/read/check	object	-
/rows/148/result/filesystem/read/check/bytes	integer	67108864
/rows/148/result/filesystem/read/check/sha256	string	42ef3a50fe506ced865473b082c8b28f6ce254e6e2b01266b6a563531a6267bc
/rows/148/result/filesystem/read/python	string	3.14.7
/rows/148/result/filesystem/read/worker_ms	float	116.805754
/rows/148/result/filesystem/read/workload	string	read
/rows/148/result/filesystem/rg	object	-
/rows/148/result/filesystem/rg/check	object	-
/rows/148/result/filesystem/rg/check/matches	integer	2048
/rows/148/result/filesystem/rg/python	string	3.14.7
/rows/148/result/filesystem/rg/worker_ms	float	444.594712
/rows/148/result/filesystem/rg/workload	string	rg
/rows/148/result/filesystem/write	object	-
/rows/148/result/filesystem/write/check	object	-
/rows/148/result/filesystem/write/check/bytes	integer	16777216
/rows/148/result/filesystem/write/check/files	integer	256
/rows/148/result/filesystem/write/python	string	3.14.7
/rows/148/result/filesystem/write/worker_ms	float	254.076428
/rows/148/result/filesystem/write/workload	string	write
/rows/148/result/mode	string	filesystem
/rows/148/result/worker_ms	float	3887.466285
/rows/148/result_ms	float	4265.942168
/rows/148/trial	integer	29
/rows/148/variant	string	baseline
/rows/149	object	-
/rows/149/backend	string	pvisor-staged
/rows/149/completion_ms	float	1105.800231
/rows/149/correctness	string	passed
/rows/149/logs	string	/home/reiase/workspace/pvisor/target/sb/run/candidate/trials/filesystem-pvisor-staged-029
/rows/149/memory_scope	string	owned launcher tree; Docker daemon/container RSS excluded
/rows/149/mode	string	filesystem
/rows/149/peak_tree_rss_kib	integer	178000
/rows/149/prepare_ms	float	37.146709
/rows/149/ready_ms	float	64.445109
/rows/149/result	object	-
/rows/149/result/correctness	string	passed
/rows/149/result/filesystem	object	-
/rows/149/result/filesystem/cargo	object	-
/rows/149/result/filesystem/cargo/check	object	-
/rows/149/result/filesystem/cargo/check/modules	integer	64
/rows/149/result/filesystem/cargo/check/result	string	2016
/rows/149/result/filesystem/cargo/python	string	3.14.7
/rows/149/result/filesystem/cargo/worker_ms	float	73.964072
/rows/149/result/filesystem/cargo/workload	string	cargo
/rows/149/result/filesystem/git	object	-
/rows/149/result/filesystem/git/check	object	-
/rows/149/result/filesystem/git/check/git_clean	boolean	true
/rows/149/result/filesystem/git/python	string	3.14.7
/rows/149/result/filesystem/git/worker_ms	float	124.993557
/rows/149/result/filesystem/git/workload	string	git
/rows/149/result/filesystem/metadata	object	-
/rows/149/result/filesystem/metadata/check	object	-
/rows/149/result/filesystem/metadata/check/bytes	integer	2095104
/rows/149/result/filesystem/metadata/check/files	integer	2048
/rows/149/result/filesystem/metadata/python	string	3.14.7
/rows/149/result/filesystem/metadata/worker_ms	float	77.455237
/rows/149/result/filesystem/metadata/workload	string	metadata
/rows/149/result/filesystem/npm	object	-
/rows/149/result/filesystem/npm/check	object	-
/rows/149/result/filesystem/npm/check/local_packages	integer	32
/rows/149/result/filesystem/npm/python	string	3.14.7
/rows/149/result/filesystem/npm/worker_ms	float	229.839697
/rows/149/result/filesystem/npm/workload	string	npm
/rows/149/result/filesystem/read	object	-
/rows/149/result/filesystem/read/check	object	-
/rows/149/result/filesystem/read/check/bytes	integer	67108864
/rows/149/result/filesystem/read/check/sha256	string	42ef3a50fe506ced865473b082c8b28f6ce254e6e2b01266b6a563531a6267bc
/rows/149/result/filesystem/read/python	string	3.14.7
/rows/149/result/filesystem/read/worker_ms	float	67.95026
/rows/149/result/filesystem/read/workload	string	read
/rows/149/result/filesystem/rg	object	-
/rows/149/result/filesystem/rg/check	object	-
/rows/149/result/filesystem/rg/check/matches	integer	2048
/rows/149/result/filesystem/rg/python	string	3.14.7
/rows/149/result/filesystem/rg/worker_ms	float	90.001629
/rows/149/result/filesystem/rg/workload	string	rg
/rows/149/result/filesystem/write	object	-
/rows/149/result/filesystem/write/check	object	-
/rows/149/result/filesystem/write/check/bytes	integer	16777216
/rows/149/result/filesystem/write/check/files	integer	256
/rows/149/result/filesystem/write/python	string	3.14.7
/rows/149/result/filesystem/write/worker_ms	float	26.597502
/rows/149/result/filesystem/write/workload	string	write
/rows/149/result/mode	string	filesystem
/rows/149/result/worker_ms	float	811.039266
/rows/149/result_ms	float	875.534439
/rows/149/trial	integer	29
/rows/149/variant	string	candidate
/schema	string	pvisor-filesystem-ab/v1
/source_commit	string	6b5f3ee2413d44f2b85b7d183d9767efbb7f4213
/source_status	string	""
/summary	object	-
/summary/baseline~1pvisor-staged	object	-
/summary/baseline~1pvisor-staged/n	integer	30
/summary/baseline~1pvisor-staged/timings_ms	object	-
/summary/baseline~1pvisor-staged/timings_ms/cargo	object	-
/summary/baseline~1pvisor-staged/timings_ms/cargo/p50	float	108.614182
/summary/baseline~1pvisor-staged/timings_ms/cargo/p95	float	146.63056890000001
/summary/baseline~1pvisor-staged/timings_ms/cargo/p99	float	185.45259977000006
/summary/baseline~1pvisor-staged/timings_ms/completion_ms	object	-
/summary/baseline~1pvisor-staged/timings_ms/completion_ms/p50	float	1275.6820875
/summary/baseline~1pvisor-staged/timings_ms/completion_ms/p95	float	1455.8985838
/summary/baseline~1pvisor-staged/timings_ms/completion_ms/p99	float	1749.7967728800004
/summary/baseline~1pvisor-staged/timings_ms/git	object	-
/summary/baseline~1pvisor-staged/timings_ms/git/p50	float	168.44366250000002
/summary/baseline~1pvisor-staged/timings_ms/git/p95	float	187.3707668
/summary/baseline~1pvisor-staged/timings_ms/git/p99	float	272.4731224100001
/summary/baseline~1pvisor-staged/timings_ms/metadata	object	-
/summary/baseline~1pvisor-staged/timings_ms/metadata/p50	float	77.08677449999999
/summary/baseline~1pvisor-staged/timings_ms/metadata/p95	float	80.11983325
/summary/baseline~1pvisor-staged/timings_ms/metadata/p99	float	86.14089439
/summary/baseline~1pvisor-staged/timings_ms/npm	object	-
/summary/baseline~1pvisor-staged/timings_ms/npm/p50	float	258.4763795
/summary/baseline~1pvisor-staged/timings_ms/npm/p95	float	294.37284825
/summary/baseline~1pvisor-staged/timings_ms/npm/p99	float	359.64919555000006
/summary/baseline~1pvisor-staged/timings_ms/read	object	-
/summary/baseline~1pvisor-staged/timings_ms/read/p50	float	67.345692
/summary/baseline~1pvisor-staged/timings_ms/read/p95	float	81.19375500000001
/summary/baseline~1pvisor-staged/timings_ms/read/p99	float	86.01934939
/summary/baseline~1pvisor-staged/timings_ms/rg	object	-
/summary/baseline~1pvisor-staged/timings_ms/rg/p50	float	90.890699
/summary/baseline~1pvisor-staged/timings_ms/rg/p95	float	95.523326
/summary/baseline~1pvisor-staged/timings_ms/rg/p99	float	128.06083012000005
/summary/baseline~1pvisor-staged/timings_ms/write	object	-
/summary/baseline~1pvisor-staged/timings_ms/write/p50	float	198.32413200000002
/summary/baseline~1pvisor-staged/timings_ms/write/p95	float	214.74062185000003
/summary/baseline~1pvisor-staged/timings_ms/write/p99	float	247.02827066000003
/summary/baseline~1pvisor-vm	object	-
/summary/baseline~1pvisor-vm/n	integer	30
/summary/baseline~1pvisor-vm/timings_ms	object	-
/summary/baseline~1pvisor-vm/timings_ms/cargo	object	-
/summary/baseline~1pvisor-vm/timings_ms/cargo/p50	float	510.47669099999996
/summary/baseline~1pvisor-vm/timings_ms/cargo/p95	float	774.8793440500001
/summary/baseline~1pvisor-vm/timings_ms/cargo/p99	float	1081.2296057800004
/summary/baseline~1pvisor-vm/timings_ms/completion_ms	object	-
/summary/baseline~1pvisor-vm/timings_ms/completion_ms/p50	float	4344.4945824999995
/summary/baseline~1pvisor-vm/timings_ms/completion_ms/p95	float	5208.5173146
/summary/baseline~1pvisor-vm/timings_ms/completion_ms/p99	float	6349.918176220001
/summary/baseline~1pvisor-vm/timings_ms/git	object	-
/summary/baseline~1pvisor-vm/timings_ms/git/p50	float	483.0467495
/summary/baseline~1pvisor-vm/timings_ms/git/p95	float	790.90993415
/summary/baseline~1pvisor-vm/timings_ms/git/p99	float	832.35259299
/summary/baseline~1pvisor-vm/timings_ms/metadata	object	-
/summary/baseline~1pvisor-vm/timings_ms/metadata/p50	float	156.2893275
/summary/baseline~1pvisor-vm/timings_ms/metadata/p95	float	205.18152730000003
/summary/baseline~1pvisor-vm/timings_ms/metadata/p99	float	223.54905417
/summary/baseline~1pvisor-vm/timings_ms/npm	object	-
/summary/baseline~1pvisor-vm/timings_ms/npm/p50	float	1380.359375
/summary/baseline~1pvisor-vm/timings_ms/npm/p95	float	1706.0726834000002
/summary/baseline~1pvisor-vm/timings_ms/npm/p99	float	2045.1599668300003
/summary/baseline~1pvisor-vm/timings_ms/read	object	-
/summary/baseline~1pvisor-vm/timings_ms/read/p50	float	117.882936
/summary/baseline~1pvisor-vm/timings_ms/read/p95	float	143.6668057
/summary/baseline~1pvisor-vm/timings_ms/read/p99	float	144.83721096
/summary/baseline~1pvisor-vm/timings_ms/rg	object	-
/summary/baseline~1pvisor-vm/timings_ms/rg/p50	float	447.491033
/summary/baseline~1pvisor-vm/timings_ms/rg/p95	float	456.5051949
/summary/baseline~1pvisor-vm/timings_ms/rg/p99	float	594.3795914300001
/summary/baseline~1pvisor-vm/timings_ms/write	object	-
/summary/baseline~1pvisor-vm/timings_ms/write/p50	float	244.5034845
/summary/baseline~1pvisor-vm/timings_ms/write/p95	float	290.67060375
/summary/baseline~1pvisor-vm/timings_ms/write/p99	float	349.04911413
/summary/candidate~1pvisor-staged	object	-
/summary/candidate~1pvisor-staged/n	integer	30
/summary/candidate~1pvisor-staged/timings_ms	object	-
/summary/candidate~1pvisor-staged/timings_ms/cargo	object	-
/summary/candidate~1pvisor-staged/timings_ms/cargo/p50	float	73.4213995
/summary/candidate~1pvisor-staged/timings_ms/cargo/p95	float	105.62888175000002
/summary/candidate~1pvisor-staged/timings_ms/cargo/p99	float	143.92223351000004
/summary/candidate~1pvisor-staged/timings_ms/completion_ms	object	-
/summary/candidate~1pvisor-staged/timings_ms/completion_ms/p50	float	1108.8022325
/summary/candidate~1pvisor-staged/timings_ms/completion_ms/p95	float	1255.8471354
/summary/candidate~1pvisor-staged/timings_ms/completion_ms/p99	float	1464.0752662300004
/summary/candidate~1pvisor-staged/timings_ms/git	object	-
/summary/candidate~1pvisor-staged/timings_ms/git/p50	float	124.372929
/summary/candidate~1pvisor-staged/timings_ms/git/p95	float	131.9254448
/summary/candidate~1pvisor-staged/timings_ms/git/p99	float	166.63006376000004
/summary/candidate~1pvisor-staged/timings_ms/metadata	object	-
/summary/candidate~1pvisor-staged/timings_ms/metadata/p50	float	77.1190695
/summary/candidate~1pvisor-staged/timings_ms/metadata/p95	float	91.40922190000002
/summary/candidate~1pvisor-staged/timings_ms/metadata/p99	float	100.58383309
/summary/candidate~1pvisor-staged/timings_ms/npm	object	-
/summary/candidate~1pvisor-staged/timings_ms/npm/p50	float	228.71853499999997
/summary/candidate~1pvisor-staged/timings_ms/npm/p95	float	258.50620265000003
/summary/candidate~1pvisor-staged/timings_ms/npm/p99	float	331.1845501900001
/summary/candidate~1pvisor-staged/timings_ms/read	object	-
/summary/candidate~1pvisor-staged/timings_ms/read/p50	float	67.838787
/summary/candidate~1pvisor-staged/timings_ms/read/p95	float	82.0826055
/summary/candidate~1pvisor-staged/timings_ms/read/p99	float	87.79580985000001
/summary/candidate~1pvisor-staged/timings_ms/rg	object	-
/summary/candidate~1pvisor-staged/timings_ms/rg/p50	float	88.071492
/summary/candidate~1pvisor-staged/timings_ms/rg/p95	float	101.07644885000002
/summary/candidate~1pvisor-staged/timings_ms/rg/p99	float	152.31452325000004
/summary/candidate~1pvisor-staged/timings_ms/write	object	-
/summary/candidate~1pvisor-staged/timings_ms/write/p50	float	27.054361
/summary/candidate~1pvisor-staged/timings_ms/write/p95	float	34.47132135000001
/summary/candidate~1pvisor-staged/timings_ms/write/p99	float	46.57717892000001
/summary/candidate~1pvisor-vm	object	-
/summary/candidate~1pvisor-vm/n	integer	30
/summary/candidate~1pvisor-vm/timings_ms	object	-
/summary/candidate~1pvisor-vm/timings_ms/cargo	object	-
/summary/candidate~1pvisor-vm/timings_ms/cargo/p50	float	489.18481099999997
/summary/candidate~1pvisor-vm/timings_ms/cargo/p95	float	1677.2236716000014
/summary/candidate~1pvisor-vm/timings_ms/cargo/p99	float	2796.07439
/summary/candidate~1pvisor-vm/timings_ms/completion_ms	object	-
/summary/candidate~1pvisor-vm/timings_ms/completion_ms/p50	float	4075.5837064999996
/summary/candidate~1pvisor-vm/timings_ms/completion_ms/p95	float	9302.324288100002
/summary/candidate~1pvisor-vm/timings_ms/completion_ms/p99	float	11451.901308640001
/summary/candidate~1pvisor-vm/timings_ms/git	object	-
/summary/candidate~1pvisor-vm/timings_ms/git/p50	float	371.5782265
/summary/candidate~1pvisor-vm/timings_ms/git/p95	float	1117.4725134
/summary/candidate~1pvisor-vm/timings_ms/git/p99	float	1277.6555239900001
/summary/candidate~1pvisor-vm/timings_ms/metadata	object	-
/summary/candidate~1pvisor-vm/timings_ms/metadata/p50	float	166.9037765
/summary/candidate~1pvisor-vm/timings_ms/metadata/p95	float	214.7504477
/summary/candidate~1pvisor-vm/timings_ms/metadata/p99	float	342.08831545000015
/summary/candidate~1pvisor-vm/timings_ms/npm	object	-
/summary/candidate~1pvisor-vm/timings_ms/npm/p50	float	1330.945285
/summary/candidate~1pvisor-vm/timings_ms/npm/p95	float	2496.0404621000007
/summary/candidate~1pvisor-vm/timings_ms/npm/p99	float	3204.7606095600004
/summary/candidate~1pvisor-vm/timings_ms/read	object	-
/summary/candidate~1pvisor-vm/timings_ms/read/p50	float	117.820279
/summary/candidate~1pvisor-vm/timings_ms/read/p95	float	191.2606983500001
/summary/candidate~1pvisor-vm/timings_ms/read/p99	float	368.4476118500002
/summary/candidate~1pvisor-vm/timings_ms/rg	object	-
/summary/candidate~1pvisor-vm/timings_ms/rg/p50	float	442.7442005
/summary/candidate~1pvisor-vm/timings_ms/rg/p95	float	1499.43357065
/summary/candidate~1pvisor-vm/timings_ms/rg/p99	float	1829.5207192100004
/summary/candidate~1pvisor-vm/timings_ms/write	object	-
/summary/candidate~1pvisor-vm/timings_ms/write/p50	float	141.591741
/summary/candidate~1pvisor-vm/timings_ms/write/p95	float	289.8420237
/summary/candidate~1pvisor-vm/timings_ms/write/p99	float	367.1182048700001
/summary/native~1native	object	-
/summary/native~1native/n	integer	30
/summary/native~1native/timings_ms	object	-
/summary/native~1native/timings_ms/cargo	object	-
/summary/native~1native/timings_ms/cargo/p50	float	51.550066
/summary/native~1native/timings_ms/cargo/p95	float	56.33582535
/summary/native~1native/timings_ms/cargo/p99	float	70.89815742000002
/summary/native~1native/timings_ms/completion_ms	object	-
/summary/native~1native/timings_ms/completion_ms/p50	float	449.25711049999995
/summary/native~1native/timings_ms/completion_ms/p95	float	521.2157818000001
/summary/native~1native/timings_ms/completion_ms/p99	float	576.23628962
/summary/native~1native/timings_ms/git	object	-
/summary/native~1native/timings_ms/git/p50	float	14.794423
/summary/native~1native/timings_ms/git/p95	float	17.323598800000003
/summary/native~1native/timings_ms/git/p99	float	18.7617946
/summary/native~1native/timings_ms/metadata	object	-
/summary/native~1native/timings_ms/metadata/p50	float	4.761269
/summary/native~1native/timings_ms/metadata/p95	float	5.32372485
/summary/native~1native/timings_ms/metadata/p99	float	6.371714840000001
/summary/native~1native/timings_ms/npm	object	-
/summary/native~1native/timings_ms/npm/p50	float	170.7008055
/summary/native~1native/timings_ms/npm/p95	float	188.71316050000001
/summary/native~1native/timings_ms/npm/p99	float	250.28143510000007
/summary/native~1native/timings_ms/read	object	-
/summary/native~1native/timings_ms/read/p50	float	32.291298
/summary/native~1native/timings_ms/read/p95	float	37.5099111
/summary/native~1native/timings_ms/read/p99	float	40.921482940000004
/summary/native~1native/timings_ms/rg	object	-
/summary/native~1native/timings_ms/rg/p50	float	7.38164
/summary/native~1native/timings_ms/rg/p95	float	10.146978100000002
/summary/native~1native/timings_ms/rg/p99	float	10.73263296
/summary/native~1native/timings_ms/write	object	-
/summary/native~1native/timings_ms/write/p50	float	3.8229385000000002
/summary/native~1native/timings_ms/write/p95	float	4.43552095
/summary/native~1native/timings_ms/write/p99	float	4.8074739200000005
