path	type	value
	object	-
/arguments	object	-
/arguments/assets	string	/home/reiase/workspace/pvisor/target/reference-env-final-20261004
/arguments/backends	string	pvisor-vm
/arguments/baseline	string	/home/reiase/workspace/pvisor/target/stage-doc-benchmark-20261005/artifacts/baseline-release
/arguments/baseline_staged_isolation	string	rootless_process
/arguments/candidate	string	/home/reiase/workspace/pvisor/target/stage-doc-benchmark-20261005/artifacts/candidate-release
/arguments/candidate_staged_isolation	string	rootless_process
/arguments/cpu_affinity	string	0,1
/arguments/firmware	string	/home/reiase/workspace/pvisor/target/p0-filesystem-artifacts-20261005/firmware
/arguments/memory_mib	integer	4096
/arguments/output	string	/home/reiase/workspace/pvisor/target/sb/vr
/arguments/profile	boolean	false
/arguments/provenance	string	target/stage-doc-benchmark-20261005/build-provenance-release.json
/arguments/samples	integer	30
/arguments/warmups	integer	3
/assets	object	-
/assets/disk	string	/home/reiase/workspace/pvisor/target/reference-env-final-20261004/agent-env.ext4
/assets/docker_image	string	sha256:4a379f54216364021da005dccde6edad3c1ae64dff222588425e5f2fc181ad95
/assets/files	integer	75540
/assets/fixture_git_commit	string	1bf3d4896439bb6a2bc89daa94f22cc037c27737
/assets/init_sha256	string	c94b00e2b96f5c7403b985f269e90e8512467d927a92b9db2d2b7fc8fde58cc7
/assets/kernel	string	/home/reiase/workspace/pvisor/target/reference-env-final-20261004/vmlinux
/assets/kernel_config_sha256	string	aee73a94bfba4fe057e472e2ba05d2125fbdea20bef89a6eedf5e160d0e7616e
/assets/preparation_scope	string	offline copying installed tools, image import and ext4 creation; excludes package download and kernel compilation
/assets/rootfs	string	/home/reiase/workspace/pvisor/target/reference-env-final-20261004/rootfs
/assets/rootfs_file_bytes	integer	3827107007
/assets/setup_wall_ms	float	108381.35316
/assets/workload_sha256	string	403eab78571c26ea5e1ba1ab10fa1fa930ac18bb39487749563b264a4a0b9040
/assets_fs_workload_sha256	string	484e661b91720d03119998cca082db6fe57d5d40591957af1840e872066b61cc
/assets_workload_sha256	string	ff6c391b623e12351cf3dbca19e15af33c6162b8b8134748f13d86b30dde400e
/binary_sha256	object	-
/binary_sha256/baseline	string	e9bc6f5e4467f40354730f0d9e164fe94ace0118e14967521e694d7e838de6bd
/binary_sha256/candidate	string	20f731082c0125f4323d7c8dc4e16ced0d341981c58f47a944d325bfeae6e135
/binary_sha256/native	string	20f731082c0125f4323d7c8dc4e16ced0d341981c58f47a944d325bfeae6e135
/build_provenance	object	-
/build_provenance/baseline	object	-
/build_provenance/baseline/historical_report	string	target/fs-service-benchmark-20261005/local-release/report.json
/build_provenance/baseline/release_sha256	string	e9bc6f5e4467f40354730f0d9e164fe94ace0118e14967521e694d7e838de6bd
/build_provenance/baseline/source	string	target/fs-service-benchmark-20261005/source-provenance.json
/build_provenance/binary_sha256	object	-
/build_provenance/binary_sha256/baseline	string	e9bc6f5e4467f40354730f0d9e164fe94ace0118e14967521e694d7e838de6bd
/build_provenance/binary_sha256/candidate	string	20f731082c0125f4323d7c8dc4e16ced0d341981c58f47a944d325bfeae6e135
/build_provenance/candidate	object	-
/build_provenance/candidate/build_log	string	build.log
/build_provenance/candidate/git_head	string	6b5f3ee2413d44f2b85b7d183d9767efbb7f4213
/build_provenance/candidate/profile	string	release: opt-level=z
/build_provenance/candidate/source_manifest	string	source-manifest.json
/build_provenance/candidate/source_status	string	""
/build_provenance/schema	string	pvisor-stage-doc-build/v1
/build_provenance/scope	string	Version comparison: documented integrated filesystem-service release versus current frozen stage refactor; not single-function attribution.
/capabilities	object	-
/capabilities/baseline~1pvisor-vm	object	-
/capabilities/baseline~1pvisor-vm/state	string	available
/capabilities/candidate~1pvisor-vm	object	-
/capabilities/candidate~1pvisor-vm/state	string	available
/capabilities/native~1native	object	-
/capabilities/native~1native/state	string	available
/cpu	string	AMD Ryzen 7 9700X 8-Core Processor
/firmware_sha256	string	b61f68dac3ef20a88e1ee387733e4baed2f7c02edac940c8882e0b549dac95e4
/harness_sha256	object	-
/harness_sha256/bench.py	string	ef814d8f4002e8a653edf50030dc145ace3c881f80afd5bca20d711bbaff0608
/harness_sha256/cluster_scalability.py	string	71b720865f3dcb713ce8fe71dce0b25e3b76770146f55751add76cff1172e643
/harness_sha256/evidence_tsv.py	string	7acd86af52762b582d13917eeb46ceaa213722b42dcc9572714593ed46ca6a8e
/harness_sha256/filesystem_ab.py	string	98ca3fd8570286a08a45dac00a4f72c17682a29e6db3fb60e040d4495efe36a9
/harness_sha256/filesystem_diagnostic.py	string	da4f3efc3e8581e9ba5f287735d63e2f6bcf6620da18e6e3cd7dcb42846b23cc
/harness_sha256/filesystem_fuse_ab.py	string	939351de10c9485b4832b3c62249182e5a6e1146961f3b4a24168e431886772e
/harness_sha256/filesystem_kernel_probe.py	string	c15bc977da19cf38a9e316d6941284a914cbc307bdd2696c4cfbc4810c6a7e89
/harness_sha256/filesystem_lazy_ab.py	string	66dfa24adf6954b1874271b965c26483a20ad91c1b807f2558fd0e8e72c43ca9
/harness_sha256/filesystem_stage_ab.py	string	1fd01896a5fe7d57af45f772d9c26cd0025317db84f54f08a27c4f74d5ab2809
/harness_sha256/filesystem_stage_durability.py	string	81c75d08172c1c707015e1a3c4f19fff61c833869b383c6500d594425c3bd25a
/harness_sha256/firmware_boot.py	string	277cdcb479271c5e3d9683769cd4332236c53744a5389ca76f94c44d37d28284
/harness_sha256/guest_init.py	string	e6ef21cf45781c58f8a9162d61f1ca1ef6046b4913ec76cfa2fc15d708a7b6b9
/harness_sha256/linux_vm_ready.py	string	dfc980b6d804588f758f0424ab1e12a2534b59dbd09faad1297df4c7fc6281b0
/harness_sha256/macos_cold_ram.py	string	75146963b1b7b5dd7da65923fa86ee7630afa0990b3f2059b7352eb1bc6a0944
/harness_sha256/macos_docker_tools.py	string	47aab2ba8d9d6bdf0019541da9f589159a32e9390312731863549120055ec327
/harness_sha256/macos_migration.py	string	66a81a73b1168206128a1717713c5b6720bb8abba31232641be5d5a1f2baf738
/harness_sha256/plot_cluster_scalability.py	string	69669f0734035ca8fc1d520c1f26e3ee3490af2fe18b4672009ecd90fc63f667
/harness_sha256/plot_filesystem_service.py	string	e9fe95e0436a9e0841bda722ef386d80b95eecaeb7b0c4115db5b0c4d2b18531
/harness_sha256/plot_startup.py	string	010160bc15534c206d5bff7ee069233798ec28ef1e1e44a84e82dd4529353004
/harness_sha256/prepare_reference_env.py	string	865313e5940bc7a66ef22028342a78f7bd9abcc88df521c5a9df6ac29ba115ff
/harness_sha256/prepare_ubuntu_reference.py	string	422d7f10ac8c9d9153778801ee012e84274ebf932078c2bde8e63295fcc3f1dc
/harness_sha256/product_v1.py	string	da261b063a7356cc98601bbafac9db069a2a7ecb9de5def6f836c3aea0ce9056
/harness_sha256/reference_baselines.py	string	0f3a3626d67e32f7cefc107df32d7beddc5b82699d79393bd8d2d3d291e5ef92
/harness_sha256/reference_fixture.py	string	46f64cb8eaef80c1c885d3449368f21d217609f8a58efdd4d776f2c5f2634978
/harness_sha256/reference_workload.py	string	a3b120813d58746e9da8594d71a45cdc093ac9bdbad9f4cf0edc741bb9b30fd8
/harness_sha256/render_filesystem_fuse_ab.py	string	476dd1cadcdcb935b6e2efc4448f4d80ca21ebdb50e53230a0bc101ecf9219af
/harness_sha256/render_reference_baselines.py	string	35dc980db1c13f4485a79d2d5d9f49bc198e6e91430589e012e6964aa98c462d
/harness_sha256/render_ubuntu_baselines.py	string	dc20a57c6bd6d166071ab4e6ced8d7f467bc08679e77fc00c8273b3ce0d00df7
/harness_sha256/run_all.py	string	ef45a6a8120f3d4734ae2fee2674848eacc6b583a68839adaede49552ae11da2
/harness_sha256/startup.py	string	5dfac911d447a3562c095fe5acddcc2acb4bae93af78db0491eee02b6d199cee
/harness_sha256/summarize_product_v1.py	string	df6f7be01a21089a70dd4c1c23023a6898148d2f3579a5964f8e403eeca660da
/harness_sha256/test_bench.py	string	d9dcea3319ad50da4f8fd7f12befed87f53bd68bd07456c71d27f103c1d18602
/harness_sha256/test_evidence_tsv.py	string	2930154e7547d27d5174ddc0e67e480c86e69eb8627781a1fb39cf3411931359
/harness_sha256/test_filesystem_ab.py	string	6f1df19e65309f329117fa3c072c195106cc48bef948bee81eb7cdaa8c2e42cd
/harness_sha256/test_filesystem_fuse_ab.py	string	613764db622b451813bf98cb741c910d06467417043494f75e5841cb667082d1
/harness_sha256/test_filesystem_lazy_ab.py	string	d63d5a81bb821d9bc19d8bcbb5012f91732c9edbdd1507bc12937f4f6486f384
/harness_sha256/test_filesystem_stage_ab.py	string	860f4ce30e56892deeea7a814fc4d1f326e6416abd0078f84534d5a0209196b9
/harness_sha256/test_filesystem_stage_durability.py	string	ae4bbc4ecd3227122d14ec93fc49603a48dac600cf215360635cd5e0772bd6c0
/harness_sha256/test_macos_docker_tools.py	string	defa4f7442496729f295efb9468d949672b8302160530ace22b78602de89a657
/harness_sha256/test_macos_migration.py	string	920e362e3ffa4da7d10a3e5fa1901712a056c059b8443bb1ada85255572af243
/harness_sha256/test_product_v1.py	string	12c34aea8a7df1da1218d761f3d44cf170dfd76fd39eaf949c31e887fbf57a2b
/harness_sha256/test_reference_baselines.py	string	44c6fe4de3b62e98e81a3122fd2eb55d6ffed11919ff919ee376f20569d86d60
/harness_sha256/test_run_all.py	string	76ec448980e0ea0afece9037e9af6c273c90c0cb6ee81d93ebe85659acd6a08c
/harness_sha256/test_startup.py	string	a19f0e3c8a9fa47f4f8116c6415a7ace363ebbcee1a672e8f002ca48144d5b43
/harness_sha256/test_ubuntu_baselines.py	string	cf0a30d779d3f408e92310c08a4c65cf79fce38e321f721aadc276115144c98c
/harness_sha256/test_vm_ready.py	string	510e171d9af9a4e64085f70f983036709e2c41c3303974b7af319c142df313bc
/harness_sha256/test_vm_stress.py	string	195cb5e6265af15a95f1d75ef84ecf7706a149dee9d72ea68cadf0a7d88c895a
/harness_sha256/ubuntu_baselines.py	string	04b240d48c20e14ab5773cdf76adf4e576ba3ae40ba44d327a1e9ab4cdf76c36
/harness_sha256/ubuntu_vm_network.py	string	e1920f47d603a117ec5b14cdb6cf93e2816bc9321f8bc9c59c97b8f9e0052be1
/harness_sha256/v1~1agent.py	string	ecc8eda0af6812d3df4c59f61ada6122b7e3a95e2b5c971af88b83856425e656
/harness_sha256/v1~1apply.py	string	fd6b5e42c2cfec99bdf605d06adb9dbcfa561d49d3803856553766af12f8311a
/harness_sha256/v1~1apply_worker.py	string	0b6c542251721fa948245ba021a8695d6e0fd375ec6d72bd2d1f118fd12957f6
/harness_sha256/v1~1baselines.py	string	fd8f9acc32e7e470c3686a5cd9580be946331338c28fedb7ea1c0378047b9e2d
/harness_sha256/v1~1common.py	string	8a1a7eea32f62bf9217df58299f299550d645d5ed66de163347d0aed325d8c08
/harness_sha256/v1~1density.py	string	df0b2dd3246e1c23b7dcd3b185807ff6afe12c92639b842be1186223e51d2c7e
/harness_sha256/v1~1filesystem.py	string	22bb9a0137a252e85a347ffd19d1d6b3161008ff13d67f793f6118ad1c3a034c
/harness_sha256/v1~1isolation.py	string	13a82608320ccc2d98e93e5a9eb8229f33c3433a5fa8cbfb2274a16df428e943
/harness_sha256/v1~1isolation_worker.py	string	ee0c710c8b9d4ebc2339387b323b33b699d74c430092f13986b5d26be7bfd9f8
/harness_sha256/v1~1network.py	string	743d37fe8eddf9d417672d1f1ffae0e040c2e4de8670fbf2894608bd473823f9
/harness_sha256/v1~1network_worker.py	string	6ad52b1fc76789e3560f4853576c4ac70faec8f22666de8ae74ba4956fb547be
/harness_sha256/v1~1oci.py	string	ebf40f2cd6b74573a78fdc06266ae25d92ce230c94275afa44b87bd1350642f3
/harness_sha256/v1~1replay.py	string	cffe049650e0137e789dbc236a4f0589c02e62c9bfe5096070438cb52d1f7c4c
/harness_sha256/v1~1supervision.py	string	cb685d7e289c23a9b254e08929f307e70bd273ef18e653222fa3d896285f685a
/harness_sha256/v1~1workload.py	string	484e661b91720d03119998cca082db6fe57d5d40591957af1840e872066b61cc
/harness_sha256/vm_ready.py	string	b3bc5aede44b1c42000a97754cc4500b55a5d629428218cf4e7e58435985f0f2
/harness_sha256/vm_snapshot.py	string	747fa8cc15d2ee044d33c5e79382e08cfd3ee9512400547ff369a9fb0cd5b192
/harness_sha256/vm_snapshot_lazy.py	string	9343189a35826086b1aefadac18224a94e48da68ec1c331a64cbbccc857571fd
/harness_sha256/vm_stage_snapshot.py	string	8324c1d1049eb7df49d7372347c5ee0829851942dd067d1a8fdfd0ed30cf52d7
/harness_sha256/vm_stress.py	string	20e62136981e430950278dfed49d942c43b8f46994e04a671d5f710d36784a31
/host_kernel	string	7.2.8-200.fc44.x86_64
/load_after	array	-
/load_after/0	float	2.7587890625
/load_after/1	float	2.62060546875
/load_after/2	float	2.80224609375
/load_before	array	-
/load_before/0	float	0.95166015625
/load_before/1	float	2.46826171875
/load_before/2	float	2.837890625
/protocol	object	-
/protocol/cache	string	warm; no eviction; fresh workspace and stage for every job
/protocol/completion_timing	string	launch to process exit; preparation excluded
/protocol/correctness	string	all workload checks, Run Bundle isolation, lower write absence and upper file count/size required
/protocol/cpu_affinity	string	0,1
/protocol/filesystem_profile	boolean	false
/protocol/order	string	all 3 cells shuffled each round; seed 20261005
/protocol/percentile	string	linear interpolation
/protocol/samples	integer	30
/protocol/staged_isolation	object	-
/protocol/staged_isolation/baseline	string	rootless_process
/protocol/staged_isolation/candidate	string	rootless_process
/protocol/vm_memory_mib	integer	4096
/protocol/vm_vcpus	integer	2
/protocol/warmups	integer	3
/protocol/worker_timing	string	operation and correctness check; all seven workloads run in order per job
/recorded_at	string	2026-10-05T22:09:37.166300+08:00
/rows	array	-
/rows/0	object	-
/rows/0/backend	string	pvisor-vm
/rows/0/completion_ms	float	4214.161742
/rows/0/correctness	string	passed
/rows/0/logs	string	/home/reiase/workspace/pvisor/target/sb/vr/baseline/trials/filesystem-pvisor-vm-000
/rows/0/memory_scope	string	owned launcher tree; Docker daemon/container RSS excluded
/rows/0/mode	string	filesystem
/rows/0/peak_tree_rss_kib	integer	614020
/rows/0/prepare_ms	float	37.016645
/rows/0/ready_ms	float	371.863864
/rows/0/result	object	-
/rows/0/result/correctness	string	passed
/rows/0/result/filesystem	object	-
/rows/0/result/filesystem/cargo	object	-
/rows/0/result/filesystem/cargo/check	object	-
/rows/0/result/filesystem/cargo/check/modules	integer	64
/rows/0/result/filesystem/cargo/check/result	string	2016
/rows/0/result/filesystem/cargo/python	string	3.14.7
/rows/0/result/filesystem/cargo/worker_ms	float	506.369553
/rows/0/result/filesystem/cargo/workload	string	cargo
/rows/0/result/filesystem/git	object	-
/rows/0/result/filesystem/git/check	object	-
/rows/0/result/filesystem/git/check/git_clean	boolean	true
/rows/0/result/filesystem/git/python	string	3.14.7
/rows/0/result/filesystem/git/worker_ms	float	361.412
/rows/0/result/filesystem/git/workload	string	git
/rows/0/result/filesystem/metadata	object	-
/rows/0/result/filesystem/metadata/check	object	-
/rows/0/result/filesystem/metadata/check/bytes	integer	2095104
/rows/0/result/filesystem/metadata/check/files	integer	2048
/rows/0/result/filesystem/metadata/python	string	3.14.7
/rows/0/result/filesystem/metadata/worker_ms	float	163.883028
/rows/0/result/filesystem/metadata/workload	string	metadata
/rows/0/result/filesystem/npm	object	-
/rows/0/result/filesystem/npm/check	object	-
/rows/0/result/filesystem/npm/check/local_packages	integer	32
/rows/0/result/filesystem/npm/python	string	3.14.7
/rows/0/result/filesystem/npm/worker_ms	float	1411.792525
/rows/0/result/filesystem/npm/workload	string	npm
/rows/0/result/filesystem/read	object	-
/rows/0/result/filesystem/read/check	object	-
/rows/0/result/filesystem/read/check/bytes	integer	67108864
/rows/0/result/filesystem/read/check/sha256	string	42ef3a50fe506ced865473b082c8b28f6ce254e6e2b01266b6a563531a6267bc
/rows/0/result/filesystem/read/python	string	3.14.7
/rows/0/result/filesystem/read/worker_ms	float	117.086127
/rows/0/result/filesystem/read/workload	string	read
/rows/0/result/filesystem/rg	object	-
/rows/0/result/filesystem/rg/check	object	-
/rows/0/result/filesystem/rg/check/matches	integer	2048
/rows/0/result/filesystem/rg/python	string	3.14.7
/rows/0/result/filesystem/rg/worker_ms	float	458.021916
/rows/0/result/filesystem/rg/workload	string	rg
/rows/0/result/filesystem/write	object	-
/rows/0/result/filesystem/write/check	object	-
/rows/0/result/filesystem/write/check/bytes	integer	16777216
/rows/0/result/filesystem/write/check/files	integer	256
/rows/0/result/filesystem/write/python	string	3.14.7
/rows/0/result/filesystem/write/worker_ms	float	252.902014
/rows/0/result/filesystem/write/workload	string	write
/rows/0/result/mode	string	filesystem
/rows/0/result/worker_ms	float	3714.933107
/rows/0/result_ms	float	4087.673426
/rows/0/trial	integer	0
/rows/0/variant	string	baseline
/rows/1	object	-
/rows/1/backend	string	pvisor-vm
/rows/1/completion_ms	float	4031.715756
/rows/1/correctness	string	passed
/rows/1/logs	string	/home/reiase/workspace/pvisor/target/sb/vr/candidate/trials/filesystem-pvisor-vm-000
/rows/1/memory_scope	string	owned launcher tree; Docker daemon/container RSS excluded
/rows/1/mode	string	filesystem
/rows/1/peak_tree_rss_kib	integer	615260
/rows/1/prepare_ms	float	36.99214
/rows/1/ready_ms	float	378.071218
/rows/1/result	object	-
/rows/1/result/correctness	string	passed
/rows/1/result/filesystem	object	-
/rows/1/result/filesystem/cargo	object	-
/rows/1/result/filesystem/cargo/check	object	-
/rows/1/result/filesystem/cargo/check/modules	integer	64
/rows/1/result/filesystem/cargo/check/result	string	2016
/rows/1/result/filesystem/cargo/python	string	3.14.7
/rows/1/result/filesystem/cargo/worker_ms	float	487.258082
/rows/1/result/filesystem/cargo/workload	string	cargo
/rows/1/result/filesystem/git	object	-
/rows/1/result/filesystem/git/check	object	-
/rows/1/result/filesystem/git/check/git_clean	boolean	true
/rows/1/result/filesystem/git/python	string	3.14.7
/rows/1/result/filesystem/git/worker_ms	float	356.655835
/rows/1/result/filesystem/git/workload	string	git
/rows/1/result/filesystem/metadata	object	-
/rows/1/result/filesystem/metadata/check	object	-
/rows/1/result/filesystem/metadata/check/bytes	integer	2095104
/rows/1/result/filesystem/metadata/check/files	integer	2048
/rows/1/result/filesystem/metadata/python	string	3.14.7
/rows/1/result/filesystem/metadata/worker_ms	float	117.059608
/rows/1/result/filesystem/metadata/workload	string	metadata
/rows/1/result/filesystem/npm	object	-
/rows/1/result/filesystem/npm/check	object	-
/rows/1/result/filesystem/npm/check/local_packages	integer	32
/rows/1/result/filesystem/npm/python	string	3.14.7
/rows/1/result/filesystem/npm/worker_ms	float	1326.926287
/rows/1/result/filesystem/npm/workload	string	npm
/rows/1/result/filesystem/read	object	-
/rows/1/result/filesystem/read/check	object	-
/rows/1/result/filesystem/read/check/bytes	integer	67108864
/rows/1/result/filesystem/read/check/sha256	string	42ef3a50fe506ced865473b082c8b28f6ce254e6e2b01266b6a563531a6267bc
/rows/1/result/filesystem/read/python	string	3.14.7
/rows/1/result/filesystem/read/worker_ms	float	120.253043
/rows/1/result/filesystem/read/workload	string	read
/rows/1/result/filesystem/rg	object	-
/rows/1/result/filesystem/rg/check	object	-
/rows/1/result/filesystem/rg/check/matches	integer	2048
/rows/1/result/filesystem/rg/python	string	3.14.7
/rows/1/result/filesystem/rg/worker_ms	float	440.572749
/rows/1/result/filesystem/rg/workload	string	rg
/rows/1/result/filesystem/write	object	-
/rows/1/result/filesystem/write/check	object	-
/rows/1/result/filesystem/write/check/bytes	integer	16777216
/rows/1/result/filesystem/write/check/files	integer	256
/rows/1/result/filesystem/write/python	string	3.14.7
/rows/1/result/filesystem/write/worker_ms	float	171.117613
/rows/1/result/filesystem/write/workload	string	write
/rows/1/result/mode	string	filesystem
/rows/1/result/worker_ms	float	3449.254637
/rows/1/result_ms	float	3827.401871
/rows/1/trial	integer	0
/rows/1/variant	string	candidate
/rows/2	object	-
/rows/2/backend	string	native
/rows/2/completion_ms	float	474.715342
/rows/2/correctness	string	passed
/rows/2/logs	string	/home/reiase/workspace/pvisor/target/sb/vr/native/trials/filesystem-native-000
/rows/2/memory_scope	string	owned launcher tree; Docker daemon/container RSS excluded
/rows/2/mode	string	filesystem
/rows/2/peak_tree_rss_kib	integer	148232
/rows/2/prepare_ms	float	36.423309
/rows/2/ready_ms	float	39.818203
/rows/2/result	object	-
/rows/2/result/correctness	string	passed
/rows/2/result/filesystem	object	-
/rows/2/result/filesystem/cargo	object	-
/rows/2/result/filesystem/cargo/check	object	-
/rows/2/result/filesystem/cargo/check/modules	integer	64
/rows/2/result/filesystem/cargo/check/result	string	2016
/rows/2/result/filesystem/cargo/python	string	3.14.7
/rows/2/result/filesystem/cargo/worker_ms	float	52.325944
/rows/2/result/filesystem/cargo/workload	string	cargo
/rows/2/result/filesystem/git	object	-
/rows/2/result/filesystem/git/check	object	-
/rows/2/result/filesystem/git/check/git_clean	boolean	true
/rows/2/result/filesystem/git/python	string	3.14.7
/rows/2/result/filesystem/git/worker_ms	float	15.855648
/rows/2/result/filesystem/git/workload	string	git
/rows/2/result/filesystem/metadata	object	-
/rows/2/result/filesystem/metadata/check	object	-
/rows/2/result/filesystem/metadata/check/bytes	integer	2095104
/rows/2/result/filesystem/metadata/check/files	integer	2048
/rows/2/result/filesystem/metadata/python	string	3.14.7
/rows/2/result/filesystem/metadata/worker_ms	float	4.655719
/rows/2/result/filesystem/metadata/workload	string	metadata
/rows/2/result/filesystem/npm	object	-
/rows/2/result/filesystem/npm/check	object	-
/rows/2/result/filesystem/npm/check/local_packages	integer	32
/rows/2/result/filesystem/npm/python	string	3.14.7
/rows/2/result/filesystem/npm/worker_ms	float	172.122422
/rows/2/result/filesystem/npm/workload	string	npm
/rows/2/result/filesystem/read	object	-
/rows/2/result/filesystem/read/check	object	-
/rows/2/result/filesystem/read/check/bytes	integer	67108864
/rows/2/result/filesystem/read/check/sha256	string	42ef3a50fe506ced865473b082c8b28f6ce254e6e2b01266b6a563531a6267bc
/rows/2/result/filesystem/read/python	string	3.14.7
/rows/2/result/filesystem/read/worker_ms	float	51.207417
/rows/2/result/filesystem/read/workload	string	read
/rows/2/result/filesystem/rg	object	-
/rows/2/result/filesystem/rg/check	object	-
/rows/2/result/filesystem/rg/check/matches	integer	2048
/rows/2/result/filesystem/rg/python	string	3.14.7
/rows/2/result/filesystem/rg/worker_ms	float	10.555006
/rows/2/result/filesystem/rg/workload	string	rg
/rows/2/result/filesystem/write	object	-
/rows/2/result/filesystem/write/check	object	-
/rows/2/result/filesystem/write/check/bytes	integer	16777216
/rows/2/result/filesystem/write/check/files	integer	256
/rows/2/result/filesystem/write/python	string	3.14.7
/rows/2/result/filesystem/write/worker_ms	float	3.600398
/rows/2/result/filesystem/write/workload	string	write
/rows/2/result/mode	string	filesystem
/rows/2/result/worker_ms	float	426.573676
/rows/2/result_ms	float	466.446241
/rows/2/trial	integer	0
/rows/2/variant	string	native
/rows/3	object	-
/rows/3/backend	string	native
/rows/3/completion_ms	float	454.519815
/rows/3/correctness	string	passed
/rows/3/logs	string	/home/reiase/workspace/pvisor/target/sb/vr/native/trials/filesystem-native-001
/rows/3/memory_scope	string	owned launcher tree; Docker daemon/container RSS excluded
/rows/3/mode	string	filesystem
/rows/3/peak_tree_rss_kib	integer	139208
/rows/3/prepare_ms	float	36.17218
/rows/3/ready_ms	float	38.596663
/rows/3/result	object	-
/rows/3/result/correctness	string	passed
/rows/3/result/filesystem	object	-
/rows/3/result/filesystem/cargo	object	-
/rows/3/result/filesystem/cargo/check	object	-
/rows/3/result/filesystem/cargo/check/modules	integer	64
/rows/3/result/filesystem/cargo/check/result	string	2016
/rows/3/result/filesystem/cargo/python	string	3.14.7
/rows/3/result/filesystem/cargo/worker_ms	float	50.372519
/rows/3/result/filesystem/cargo/workload	string	cargo
/rows/3/result/filesystem/git	object	-
/rows/3/result/filesystem/git/check	object	-
/rows/3/result/filesystem/git/check/git_clean	boolean	true
/rows/3/result/filesystem/git/python	string	3.14.7
/rows/3/result/filesystem/git/worker_ms	float	14.202123
/rows/3/result/filesystem/git/workload	string	git
/rows/3/result/filesystem/metadata	object	-
/rows/3/result/filesystem/metadata/check	object	-
/rows/3/result/filesystem/metadata/check/bytes	integer	2095104
/rows/3/result/filesystem/metadata/check/files	integer	2048
/rows/3/result/filesystem/metadata/python	string	3.14.7
/rows/3/result/filesystem/metadata/worker_ms	float	4.746527
/rows/3/result/filesystem/metadata/workload	string	metadata
/rows/3/result/filesystem/npm	object	-
/rows/3/result/filesystem/npm/check	object	-
/rows/3/result/filesystem/npm/check/local_packages	integer	32
/rows/3/result/filesystem/npm/python	string	3.14.7
/rows/3/result/filesystem/npm/worker_ms	float	175.81359
/rows/3/result/filesystem/npm/workload	string	npm
/rows/3/result/filesystem/read	object	-
/rows/3/result/filesystem/read/check	object	-
/rows/3/result/filesystem/read/check/bytes	integer	67108864
/rows/3/result/filesystem/read/check/sha256	string	42ef3a50fe506ced865473b082c8b28f6ce254e6e2b01266b6a563531a6267bc
/rows/3/result/filesystem/read/python	string	3.14.7
/rows/3/result/filesystem/read/worker_ms	float	31.554703
/rows/3/result/filesystem/read/workload	string	read
/rows/3/result/filesystem/rg	object	-
/rows/3/result/filesystem/rg/check	object	-
/rows/3/result/filesystem/rg/check/matches	integer	2048
/rows/3/result/filesystem/rg/python	string	3.14.7
/rows/3/result/filesystem/rg/worker_ms	float	9.567774
/rows/3/result/filesystem/rg/workload	string	rg
/rows/3/result/filesystem/write	object	-
/rows/3/result/filesystem/write/check	object	-
/rows/3/result/filesystem/write/check/bytes	integer	16777216
/rows/3/result/filesystem/write/check/files	integer	256
/rows/3/result/filesystem/write/python	string	3.14.7
/rows/3/result/filesystem/write/worker_ms	float	3.755839
/rows/3/result/filesystem/write/workload	string	write
/rows/3/result/mode	string	filesystem
/rows/3/result/worker_ms	float	406.767607
/rows/3/result_ms	float	445.424082
/rows/3/trial	integer	1
/rows/3/variant	string	native
/rows/4	object	-
/rows/4/backend	string	pvisor-vm
/rows/4/completion_ms	float	4231.598912
/rows/4/correctness	string	passed
/rows/4/logs	string	/home/reiase/workspace/pvisor/target/sb/vr/baseline/trials/filesystem-pvisor-vm-001
/rows/4/memory_scope	string	owned launcher tree; Docker daemon/container RSS excluded
/rows/4/mode	string	filesystem
/rows/4/peak_tree_rss_kib	integer	616924
/rows/4/prepare_ms	float	37.838159
/rows/4/ready_ms	float	404.869034
/rows/4/result	object	-
/rows/4/result/correctness	string	passed
/rows/4/result/filesystem	object	-
/rows/4/result/filesystem/cargo	object	-
/rows/4/result/filesystem/cargo/check	object	-
/rows/4/result/filesystem/cargo/check/modules	integer	64
/rows/4/result/filesystem/cargo/check/result	string	2016
/rows/4/result/filesystem/cargo/python	string	3.14.7
/rows/4/result/filesystem/cargo/worker_ms	float	497.32629
/rows/4/result/filesystem/cargo/workload	string	cargo
/rows/4/result/filesystem/git	object	-
/rows/4/result/filesystem/git/check	object	-
/rows/4/result/filesystem/git/check/git_clean	boolean	true
/rows/4/result/filesystem/git/python	string	3.14.7
/rows/4/result/filesystem/git/worker_ms	float	363.290399
/rows/4/result/filesystem/git/workload	string	git
/rows/4/result/filesystem/metadata	object	-
/rows/4/result/filesystem/metadata/check	object	-
/rows/4/result/filesystem/metadata/check/bytes	integer	2095104
/rows/4/result/filesystem/metadata/check/files	integer	2048
/rows/4/result/filesystem/metadata/python	string	3.14.7
/rows/4/result/filesystem/metadata/worker_ms	float	194.045173
/rows/4/result/filesystem/metadata/workload	string	metadata
/rows/4/result/filesystem/npm	object	-
/rows/4/result/filesystem/npm/check	object	-
/rows/4/result/filesystem/npm/check/local_packages	integer	32
/rows/4/result/filesystem/npm/python	string	3.14.7
/rows/4/result/filesystem/npm/worker_ms	float	1418.431437
/rows/4/result/filesystem/npm/workload	string	npm
/rows/4/result/filesystem/read	object	-
/rows/4/result/filesystem/read/check	object	-
/rows/4/result/filesystem/read/check/bytes	integer	67108864
/rows/4/result/filesystem/read/check/sha256	string	42ef3a50fe506ced865473b082c8b28f6ce254e6e2b01266b6a563531a6267bc
/rows/4/result/filesystem/read/python	string	3.14.7
/rows/4/result/filesystem/read/worker_ms	float	121.536692
/rows/4/result/filesystem/read/workload	string	read
/rows/4/result/filesystem/rg	object	-
/rows/4/result/filesystem/rg/check	object	-
/rows/4/result/filesystem/rg/check/matches	integer	2048
/rows/4/result/filesystem/rg/python	string	3.14.7
/rows/4/result/filesystem/rg/worker_ms	float	458.00784
/rows/4/result/filesystem/rg/workload	string	rg
/rows/4/result/filesystem/write	object	-
/rows/4/result/filesystem/write/check	object	-
/rows/4/result/filesystem/write/check/bytes	integer	16777216
/rows/4/result/filesystem/write/check/files	integer	256
/rows/4/result/filesystem/write/python	string	3.14.7
/rows/4/result/filesystem/write/worker_ms	float	236.686722
/rows/4/result/filesystem/write/workload	string	write
/rows/4/result/mode	string	filesystem
/rows/4/result/worker_ms	float	3752.814935
/rows/4/result_ms	float	4157.857094
/rows/4/trial	integer	1
/rows/4/variant	string	baseline
/rows/5	object	-
/rows/5/backend	string	pvisor-vm
/rows/5/completion_ms	float	4054.200443
/rows/5/correctness	string	passed
/rows/5/logs	string	/home/reiase/workspace/pvisor/target/sb/vr/candidate/trials/filesystem-pvisor-vm-001
/rows/5/memory_scope	string	owned launcher tree; Docker daemon/container RSS excluded
/rows/5/mode	string	filesystem
/rows/5/peak_tree_rss_kib	integer	616136
/rows/5/prepare_ms	float	37.193465
/rows/5/ready_ms	float	383.658694
/rows/5/result	object	-
/rows/5/result/correctness	string	passed
/rows/5/result/filesystem	object	-
/rows/5/result/filesystem/cargo	object	-
/rows/5/result/filesystem/cargo/check	object	-
/rows/5/result/filesystem/cargo/check/modules	integer	64
/rows/5/result/filesystem/cargo/check/result	string	2016
/rows/5/result/filesystem/cargo/python	string	3.14.7
/rows/5/result/filesystem/cargo/worker_ms	float	492.42786
/rows/5/result/filesystem/cargo/workload	string	cargo
/rows/5/result/filesystem/git	object	-
/rows/5/result/filesystem/git/check	object	-
/rows/5/result/filesystem/git/check/git_clean	boolean	true
/rows/5/result/filesystem/git/python	string	3.14.7
/rows/5/result/filesystem/git/worker_ms	float	356.73852
/rows/5/result/filesystem/git/workload	string	git
/rows/5/result/filesystem/metadata	object	-
/rows/5/result/filesystem/metadata/check	object	-
/rows/5/result/filesystem/metadata/check/bytes	integer	2095104
/rows/5/result/filesystem/metadata/check/files	integer	2048
/rows/5/result/filesystem/metadata/python	string	3.14.7
/rows/5/result/filesystem/metadata/worker_ms	float	168.963339
/rows/5/result/filesystem/metadata/workload	string	metadata
/rows/5/result/filesystem/npm	object	-
/rows/5/result/filesystem/npm/check	object	-
/rows/5/result/filesystem/npm/check/local_packages	integer	32
/rows/5/result/filesystem/npm/python	string	3.14.7
/rows/5/result/filesystem/npm/worker_ms	float	1301.410902
/rows/5/result/filesystem/npm/workload	string	npm
/rows/5/result/filesystem/read	object	-
/rows/5/result/filesystem/read/check	object	-
/rows/5/result/filesystem/read/check/bytes	integer	67108864
/rows/5/result/filesystem/read/check/sha256	string	42ef3a50fe506ced865473b082c8b28f6ce254e6e2b01266b6a563531a6267bc
/rows/5/result/filesystem/read/python	string	3.14.7
/rows/5/result/filesystem/read/worker_ms	float	118.73069
/rows/5/result/filesystem/read/workload	string	read
/rows/5/result/filesystem/rg	object	-
/rows/5/result/filesystem/rg/check	object	-
/rows/5/result/filesystem/rg/check/matches	integer	2048
/rows/5/result/filesystem/rg/python	string	3.14.7
/rows/5/result/filesystem/rg/worker_ms	float	439.551532
/rows/5/result/filesystem/rg/workload	string	rg
/rows/5/result/filesystem/write	object	-
/rows/5/result/filesystem/write/check	object	-
/rows/5/result/filesystem/write/check/bytes	integer	16777216
/rows/5/result/filesystem/write/check/files	integer	256
/rows/5/result/filesystem/write/python	string	3.14.7
/rows/5/result/filesystem/write/worker_ms	float	157.56185
/rows/5/result/filesystem/write/workload	string	write
/rows/5/result/mode	string	filesystem
/rows/5/result/worker_ms	float	3467.651273
/rows/5/result_ms	float	3851.375227
/rows/5/trial	integer	1
/rows/5/variant	string	candidate
/rows/6	object	-
/rows/6/backend	string	native
/rows/6/completion_ms	float	450.129283
/rows/6/correctness	string	passed
/rows/6/logs	string	/home/reiase/workspace/pvisor/target/sb/vr/native/trials/filesystem-native-002
/rows/6/memory_scope	string	owned launcher tree; Docker daemon/container RSS excluded
/rows/6/mode	string	filesystem
/rows/6/peak_tree_rss_kib	integer	136996
/rows/6/prepare_ms	float	36.027509
/rows/6/ready_ms	float	38.328734
/rows/6/result	object	-
/rows/6/result/correctness	string	passed
/rows/6/result/filesystem	object	-
/rows/6/result/filesystem/cargo	object	-
/rows/6/result/filesystem/cargo/check	object	-
/rows/6/result/filesystem/cargo/check/modules	integer	64
/rows/6/result/filesystem/cargo/check/result	string	2016
/rows/6/result/filesystem/cargo/python	string	3.14.7
/rows/6/result/filesystem/cargo/worker_ms	float	53.867672
/rows/6/result/filesystem/cargo/workload	string	cargo
/rows/6/result/filesystem/git	object	-
/rows/6/result/filesystem/git/check	object	-
/rows/6/result/filesystem/git/check/git_clean	boolean	true
/rows/6/result/filesystem/git/python	string	3.14.7
/rows/6/result/filesystem/git/worker_ms	float	15.172813
/rows/6/result/filesystem/git/workload	string	git
/rows/6/result/filesystem/metadata	object	-
/rows/6/result/filesystem/metadata/check	object	-
/rows/6/result/filesystem/metadata/check/bytes	integer	2095104
/rows/6/result/filesystem/metadata/check/files	integer	2048
/rows/6/result/filesystem/metadata/python	string	3.14.7
/rows/6/result/filesystem/metadata/worker_ms	float	4.722563
/rows/6/result/filesystem/metadata/workload	string	metadata
/rows/6/result/filesystem/npm	object	-
/rows/6/result/filesystem/npm/check	object	-
/rows/6/result/filesystem/npm/check/local_packages	integer	32
/rows/6/result/filesystem/npm/python	string	3.14.7
/rows/6/result/filesystem/npm/worker_ms	float	168.849314
/rows/6/result/filesystem/npm/workload	string	npm
/rows/6/result/filesystem/read	object	-
/rows/6/result/filesystem/read/check	object	-
/rows/6/result/filesystem/read/check/bytes	integer	67108864
/rows/6/result/filesystem/read/check/sha256	string	42ef3a50fe506ced865473b082c8b28f6ce254e6e2b01266b6a563531a6267bc
/rows/6/result/filesystem/read/python	string	3.14.7
/rows/6/result/filesystem/read/worker_ms	float	33.065292
/rows/6/result/filesystem/read/workload	string	read
/rows/6/result/filesystem/rg	object	-
/rows/6/result/filesystem/rg/check	object	-
/rows/6/result/filesystem/rg/check/matches	integer	2048
/rows/6/result/filesystem/rg/python	string	3.14.7
/rows/6/result/filesystem/rg/worker_ms	float	7.61532
/rows/6/result/filesystem/rg/workload	string	rg
/rows/6/result/filesystem/write	object	-
/rows/6/result/filesystem/write/check	object	-
/rows/6/result/filesystem/write/check/bytes	integer	16777216
/rows/6/result/filesystem/write/check/files	integer	256
/rows/6/result/filesystem/write/python	string	3.14.7
/rows/6/result/filesystem/write/worker_ms	float	3.635184
/rows/6/result/filesystem/write/workload	string	write
/rows/6/result/mode	string	filesystem
/rows/6/result/worker_ms	float	402.200955
/rows/6/result_ms	float	440.590553
/rows/6/trial	integer	2
/rows/6/variant	string	native
/rows/7	object	-
/rows/7/backend	string	pvisor-vm
/rows/7/completion_ms	float	3829.577722
/rows/7/correctness	string	passed
/rows/7/logs	string	/home/reiase/workspace/pvisor/target/sb/vr/baseline/trials/filesystem-pvisor-vm-002
/rows/7/memory_scope	string	owned launcher tree; Docker daemon/container RSS excluded
/rows/7/mode	string	filesystem
/rows/7/peak_tree_rss_kib	integer	612232
/rows/7/prepare_ms	float	36.733207
/rows/7/ready_ms	float	379.289502
/rows/7/result	object	-
/rows/7/result/correctness	string	passed
/rows/7/result/filesystem	object	-
/rows/7/result/filesystem/cargo	object	-
/rows/7/result/filesystem/cargo/check	object	-
/rows/7/result/filesystem/cargo/check/modules	integer	64
/rows/7/result/filesystem/cargo/check/result	string	2016
/rows/7/result/filesystem/cargo/python	string	3.14.7
/rows/7/result/filesystem/cargo/worker_ms	float	496.199775
/rows/7/result/filesystem/cargo/workload	string	cargo
/rows/7/result/filesystem/git	object	-
/rows/7/result/filesystem/git/check	object	-
/rows/7/result/filesystem/git/check/git_clean	boolean	true
/rows/7/result/filesystem/git/python	string	3.14.7
/rows/7/result/filesystem/git/worker_ms	float	357.710535
/rows/7/result/filesystem/git/workload	string	git
/rows/7/result/filesystem/metadata	object	-
/rows/7/result/filesystem/metadata/check	object	-
/rows/7/result/filesystem/metadata/check/bytes	integer	2095104
/rows/7/result/filesystem/metadata/check/files	integer	2048
/rows/7/result/filesystem/metadata/python	string	3.14.7
/rows/7/result/filesystem/metadata/worker_ms	float	116.739069
/rows/7/result/filesystem/metadata/workload	string	metadata
/rows/7/result/filesystem/npm	object	-
/rows/7/result/filesystem/npm/check	object	-
/rows/7/result/filesystem/npm/check/local_packages	integer	32
/rows/7/result/filesystem/npm/python	string	3.14.7
/rows/7/result/filesystem/npm/worker_ms	float	1166.798144
/rows/7/result/filesystem/npm/workload	string	npm
/rows/7/result/filesystem/read	object	-
/rows/7/result/filesystem/read/check	object	-
/rows/7/result/filesystem/read/check/bytes	integer	67108864
/rows/7/result/filesystem/read/check/sha256	string	42ef3a50fe506ced865473b082c8b28f6ce254e6e2b01266b6a563531a6267bc
/rows/7/result/filesystem/read/python	string	3.14.7
/rows/7/result/filesystem/read/worker_ms	float	118.256213
/rows/7/result/filesystem/read/workload	string	read
/rows/7/result/filesystem/rg	object	-
/rows/7/result/filesystem/rg/check	object	-
/rows/7/result/filesystem/rg/check/matches	integer	2048
/rows/7/result/filesystem/rg/python	string	3.14.7
/rows/7/result/filesystem/rg/worker_ms	float	461.72826
/rows/7/result/filesystem/rg/workload	string	rg
/rows/7/result/filesystem/write	object	-
/rows/7/result/filesystem/write/check	object	-
/rows/7/result/filesystem/write/check/bytes	integer	16777216
/rows/7/result/filesystem/write/check/files	integer	256
/rows/7/result/filesystem/write/python	string	3.14.7
/rows/7/result/filesystem/write/worker_ms	float	236.851911
/rows/7/result/filesystem/write/workload	string	write
/rows/7/result/mode	string	filesystem
/rows/7/result/worker_ms	float	3377.956375
/rows/7/result_ms	float	3757.311789
/rows/7/trial	integer	2
/rows/7/variant	string	baseline
/rows/8	object	-
/rows/8/backend	string	pvisor-vm
/rows/8/completion_ms	float	4034.471167
/rows/8/correctness	string	passed
/rows/8/logs	string	/home/reiase/workspace/pvisor/target/sb/vr/candidate/trials/filesystem-pvisor-vm-002
/rows/8/memory_scope	string	owned launcher tree; Docker daemon/container RSS excluded
/rows/8/mode	string	filesystem
/rows/8/peak_tree_rss_kib	integer	613664
/rows/8/prepare_ms	float	40.26119
/rows/8/ready_ms	float	378.114788
/rows/8/result	object	-
/rows/8/result/correctness	string	passed
/rows/8/result/filesystem	object	-
/rows/8/result/filesystem/cargo	object	-
/rows/8/result/filesystem/cargo/check	object	-
/rows/8/result/filesystem/cargo/check/modules	integer	64
/rows/8/result/filesystem/cargo/check/result	string	2016
/rows/8/result/filesystem/cargo/python	string	3.14.7
/rows/8/result/filesystem/cargo/worker_ms	float	483.636045
/rows/8/result/filesystem/cargo/workload	string	cargo
/rows/8/result/filesystem/git	object	-
/rows/8/result/filesystem/git/check	object	-
/rows/8/result/filesystem/git/check/git_clean	boolean	true
/rows/8/result/filesystem/git/python	string	3.14.7
/rows/8/result/filesystem/git/worker_ms	float	355.434874
/rows/8/result/filesystem/git/workload	string	git
/rows/8/result/filesystem/metadata	object	-
/rows/8/result/filesystem/metadata/check	object	-
/rows/8/result/filesystem/metadata/check/bytes	integer	2095104
/rows/8/result/filesystem/metadata/check/files	integer	2048
/rows/8/result/filesystem/metadata/python	string	3.14.7
/rows/8/result/filesystem/metadata/worker_ms	float	185.781266
/rows/8/result/filesystem/metadata/workload	string	metadata
/rows/8/result/filesystem/npm	object	-
/rows/8/result/filesystem/npm/check	object	-
/rows/8/result/filesystem/npm/check/local_packages	integer	32
/rows/8/result/filesystem/npm/python	string	3.14.7
/rows/8/result/filesystem/npm/worker_ms	float	1350.738009
/rows/8/result/filesystem/npm/workload	string	npm
/rows/8/result/filesystem/read	object	-
/rows/8/result/filesystem/read/check	object	-
/rows/8/result/filesystem/read/check/bytes	integer	67108864
/rows/8/result/filesystem/read/check/sha256	string	42ef3a50fe506ced865473b082c8b28f6ce254e6e2b01266b6a563531a6267bc
/rows/8/result/filesystem/read/python	string	3.14.7
/rows/8/result/filesystem/read/worker_ms	float	115.209902
/rows/8/result/filesystem/read/workload	string	read
/rows/8/result/filesystem/rg	object	-
/rows/8/result/filesystem/rg/check	object	-
/rows/8/result/filesystem/rg/check/matches	integer	2048
/rows/8/result/filesystem/rg/python	string	3.14.7
/rows/8/result/filesystem/rg/worker_ms	float	429.293809
/rows/8/result/filesystem/rg/workload	string	rg
/rows/8/result/filesystem/write	object	-
/rows/8/result/filesystem/write/check	object	-
/rows/8/result/filesystem/write/check/bytes	integer	16777216
/rows/8/result/filesystem/write/check/files	integer	256
/rows/8/result/filesystem/write/python	string	3.14.7
/rows/8/result/filesystem/write/worker_ms	float	119.290014
/rows/8/result/filesystem/write/workload	string	write
/rows/8/result/mode	string	filesystem
/rows/8/result/worker_ms	float	3467.839074
/rows/8/result_ms	float	3846.006318
/rows/8/trial	integer	2
/rows/8/variant	string	candidate
/rows/9	object	-
/rows/9/backend	string	native
/rows/9/completion_ms	float	446.831849
/rows/9/correctness	string	passed
/rows/9/logs	string	/home/reiase/workspace/pvisor/target/sb/vr/native/trials/filesystem-native-003
/rows/9/memory_scope	string	owned launcher tree; Docker daemon/container RSS excluded
/rows/9/mode	string	filesystem
/rows/9/peak_tree_rss_kib	integer	148348
/rows/9/prepare_ms	float	39.39818
/rows/9/ready_ms	float	40.843957
/rows/9/result	object	-
/rows/9/result/correctness	string	passed
/rows/9/result/filesystem	object	-
/rows/9/result/filesystem/cargo	object	-
/rows/9/result/filesystem/cargo/check	object	-
/rows/9/result/filesystem/cargo/check/modules	integer	64
/rows/9/result/filesystem/cargo/check/result	string	2016
/rows/9/result/filesystem/cargo/python	string	3.14.7
/rows/9/result/filesystem/cargo/worker_ms	float	51.447956
/rows/9/result/filesystem/cargo/workload	string	cargo
/rows/9/result/filesystem/git	object	-
/rows/9/result/filesystem/git/check	object	-
/rows/9/result/filesystem/git/check/git_clean	boolean	true
/rows/9/result/filesystem/git/python	string	3.14.7
/rows/9/result/filesystem/git/worker_ms	float	14.310024
/rows/9/result/filesystem/git/workload	string	git
/rows/9/result/filesystem/metadata	object	-
/rows/9/result/filesystem/metadata/check	object	-
/rows/9/result/filesystem/metadata/check/bytes	integer	2095104
/rows/9/result/filesystem/metadata/check/files	integer	2048
/rows/9/result/filesystem/metadata/python	string	3.14.7
/rows/9/result/filesystem/metadata/worker_ms	float	4.702195
/rows/9/result/filesystem/metadata/workload	string	metadata
/rows/9/result/filesystem/npm	object	-
/rows/9/result/filesystem/npm/check	object	-
/rows/9/result/filesystem/npm/check/local_packages	integer	32
/rows/9/result/filesystem/npm/python	string	3.14.7
/rows/9/result/filesystem/npm/worker_ms	float	170.456434
/rows/9/result/filesystem/npm/workload	string	npm
/rows/9/result/filesystem/read	object	-
/rows/9/result/filesystem/read/check	object	-
/rows/9/result/filesystem/read/check/bytes	integer	67108864
/rows/9/result/filesystem/read/check/sha256	string	42ef3a50fe506ced865473b082c8b28f6ce254e6e2b01266b6a563531a6267bc
/rows/9/result/filesystem/read/python	string	3.14.7
/rows/9/result/filesystem/read/worker_ms	float	31.743305
/rows/9/result/filesystem/read/workload	string	read
/rows/9/result/filesystem/rg	object	-
/rows/9/result/filesystem/rg/check	object	-
/rows/9/result/filesystem/rg/check/matches	integer	2048
/rows/9/result/filesystem/rg/python	string	3.14.7
/rows/9/result/filesystem/rg/worker_ms	float	7.144532
/rows/9/result/filesystem/rg/workload	string	rg
/rows/9/result/filesystem/write	object	-
/rows/9/result/filesystem/write/check	object	-
/rows/9/result/filesystem/write/check/bytes	integer	16777216
/rows/9/result/filesystem/write/check/files	integer	256
/rows/9/result/filesystem/write/python	string	3.14.7
/rows/9/result/filesystem/write/worker_ms	float	4.211509
/rows/9/result/filesystem/write/workload	string	write
/rows/9/result/mode	string	filesystem
/rows/9/result/worker_ms	float	397.556669
/rows/9/result_ms	float	438.451501
/rows/9/trial	integer	3
/rows/9/variant	string	native
/rows/10	object	-
/rows/10/backend	string	pvisor-vm
/rows/10/completion_ms	float	4051.104957
/rows/10/correctness	string	passed
/rows/10/logs	string	/home/reiase/workspace/pvisor/target/sb/vr/baseline/trials/filesystem-pvisor-vm-003
/rows/10/memory_scope	string	owned launcher tree; Docker daemon/container RSS excluded
/rows/10/mode	string	filesystem
/rows/10/peak_tree_rss_kib	integer	614076
/rows/10/prepare_ms	float	36.263951
/rows/10/ready_ms	float	376.568223
/rows/10/result	object	-
/rows/10/result/correctness	string	passed
/rows/10/result/filesystem	object	-
/rows/10/result/filesystem/cargo	object	-
/rows/10/result/filesystem/cargo/check	object	-
/rows/10/result/filesystem/cargo/check/modules	integer	64
/rows/10/result/filesystem/cargo/check/result	string	2016
/rows/10/result/filesystem/cargo/python	string	3.14.7
/rows/10/result/filesystem/cargo/worker_ms	float	508.10201
/rows/10/result/filesystem/cargo/workload	string	cargo
/rows/10/result/filesystem/git	object	-
/rows/10/result/filesystem/git/check	object	-
/rows/10/result/filesystem/git/check/git_clean	boolean	true
/rows/10/result/filesystem/git/python	string	3.14.7
/rows/10/result/filesystem/git/worker_ms	float	358.913422
/rows/10/result/filesystem/git/workload	string	git
/rows/10/result/filesystem/metadata	object	-
/rows/10/result/filesystem/metadata/check	object	-
/rows/10/result/filesystem/metadata/check/bytes	integer	2095104
/rows/10/result/filesystem/metadata/check/files	integer	2048
/rows/10/result/filesystem/metadata/python	string	3.14.7
/rows/10/result/filesystem/metadata/worker_ms	float	130.165812
/rows/10/result/filesystem/metadata/workload	string	metadata
/rows/10/result/filesystem/npm	object	-
/rows/10/result/filesystem/npm/check	object	-
/rows/10/result/filesystem/npm/check/local_packages	integer	32
/rows/10/result/filesystem/npm/python	string	3.14.7
/rows/10/result/filesystem/npm/worker_ms	float	1368.71901
/rows/10/result/filesystem/npm/workload	string	npm
/rows/10/result/filesystem/read	object	-
/rows/10/result/filesystem/read/check	object	-
/rows/10/result/filesystem/read/check/bytes	integer	67108864
/rows/10/result/filesystem/read/check/sha256	string	42ef3a50fe506ced865473b082c8b28f6ce254e6e2b01266b6a563531a6267bc
/rows/10/result/filesystem/read/python	string	3.14.7
/rows/10/result/filesystem/read/worker_ms	float	121.127668
/rows/10/result/filesystem/read/workload	string	read
/rows/10/result/filesystem/rg	object	-
/rows/10/result/filesystem/rg/check	object	-
/rows/10/result/filesystem/rg/check/matches	integer	2048
/rows/10/result/filesystem/rg/python	string	3.14.7
/rows/10/result/filesystem/rg/worker_ms	float	460.935699
/rows/10/result/filesystem/rg/workload	string	rg
/rows/10/result/filesystem/write	object	-
/rows/10/result/filesystem/write/check	object	-
/rows/10/result/filesystem/write/check/bytes	integer	16777216
/rows/10/result/filesystem/write/check/files	integer	256
/rows/10/result/filesystem/write/python	string	3.14.7
/rows/10/result/filesystem/write/worker_ms	float	225.731387
/rows/10/result/filesystem/write/workload	string	write
/rows/10/result/mode	string	filesystem
/rows/10/result/worker_ms	float	3595.278772
/rows/10/result_ms	float	3971.90792
/rows/10/trial	integer	3
/rows/10/variant	string	baseline
/rows/11	object	-
/rows/11/backend	string	pvisor-vm
/rows/11/completion_ms	float	4152.947592
/rows/11/correctness	string	passed
/rows/11/logs	string	/home/reiase/workspace/pvisor/target/sb/vr/candidate/trials/filesystem-pvisor-vm-003
/rows/11/memory_scope	string	owned launcher tree; Docker daemon/container RSS excluded
/rows/11/mode	string	filesystem
/rows/11/peak_tree_rss_kib	integer	614104
/rows/11/prepare_ms	float	37.14215
/rows/11/ready_ms	float	379.831602
/rows/11/result	object	-
/rows/11/result/correctness	string	passed
/rows/11/result/filesystem	object	-
/rows/11/result/filesystem/cargo	object	-
/rows/11/result/filesystem/cargo/check	object	-
/rows/11/result/filesystem/cargo/check/modules	integer	64
/rows/11/result/filesystem/cargo/check/result	string	2016
/rows/11/result/filesystem/cargo/python	string	3.14.7
/rows/11/result/filesystem/cargo/worker_ms	float	473.41974
/rows/11/result/filesystem/cargo/workload	string	cargo
/rows/11/result/filesystem/git	object	-
/rows/11/result/filesystem/git/check	object	-
/rows/11/result/filesystem/git/check/git_clean	boolean	true
/rows/11/result/filesystem/git/python	string	3.14.7
/rows/11/result/filesystem/git/worker_ms	float	359.932296
/rows/11/result/filesystem/git/workload	string	git
/rows/11/result/filesystem/metadata	object	-
/rows/11/result/filesystem/metadata/check	object	-
/rows/11/result/filesystem/metadata/check/bytes	integer	2095104
/rows/11/result/filesystem/metadata/check/files	integer	2048
/rows/11/result/filesystem/metadata/python	string	3.14.7
/rows/11/result/filesystem/metadata/worker_ms	float	205.733408
/rows/11/result/filesystem/metadata/workload	string	metadata
/rows/11/result/filesystem/npm	object	-
/rows/11/result/filesystem/npm/check	object	-
/rows/11/result/filesystem/npm/check/local_packages	integer	32
/rows/11/result/filesystem/npm/python	string	3.14.7
/rows/11/result/filesystem/npm/worker_ms	float	1400.458833
/rows/11/result/filesystem/npm/workload	string	npm
/rows/11/result/filesystem/read	object	-
/rows/11/result/filesystem/read/check	object	-
/rows/11/result/filesystem/read/check/bytes	integer	67108864
/rows/11/result/filesystem/read/check/sha256	string	42ef3a50fe506ced865473b082c8b28f6ce254e6e2b01266b6a563531a6267bc
/rows/11/result/filesystem/read/python	string	3.14.7
/rows/11/result/filesystem/read/worker_ms	float	117.148844
/rows/11/result/filesystem/read/workload	string	read
/rows/11/result/filesystem/rg	object	-
/rows/11/result/filesystem/rg/check	object	-
/rows/11/result/filesystem/rg/check/matches	integer	2048
/rows/11/result/filesystem/rg/python	string	3.14.7
/rows/11/result/filesystem/rg/worker_ms	float	436.813938
/rows/11/result/filesystem/rg/workload	string	rg
/rows/11/result/filesystem/write	object	-
/rows/11/result/filesystem/write/check	object	-
/rows/11/result/filesystem/write/check/bytes	integer	16777216
/rows/11/result/filesystem/write/check/files	integer	256
/rows/11/result/filesystem/write/python	string	3.14.7
/rows/11/result/filesystem/write/worker_ms	float	130.787292
/rows/11/result/filesystem/write/workload	string	write
/rows/11/result/mode	string	filesystem
/rows/11/result/worker_ms	float	3560.164506
/rows/11/result_ms	float	3940.092089
/rows/11/trial	integer	3
/rows/11/variant	string	candidate
/rows/12	object	-
/rows/12/backend	string	native
/rows/12/completion_ms	float	455.391602
/rows/12/correctness	string	passed
/rows/12/logs	string	/home/reiase/workspace/pvisor/target/sb/vr/native/trials/filesystem-native-004
/rows/12/memory_scope	string	owned launcher tree; Docker daemon/container RSS excluded
/rows/12/mode	string	filesystem
/rows/12/peak_tree_rss_kib	integer	140204
/rows/12/prepare_ms	float	36.665691
/rows/12/ready_ms	float	39.246406
/rows/12/result	object	-
/rows/12/result/correctness	string	passed
/rows/12/result/filesystem	object	-
/rows/12/result/filesystem/cargo	object	-
/rows/12/result/filesystem/cargo/check	object	-
/rows/12/result/filesystem/cargo/check/modules	integer	64
/rows/12/result/filesystem/cargo/check/result	string	2016
/rows/12/result/filesystem/cargo/python	string	3.14.7
/rows/12/result/filesystem/cargo/worker_ms	float	52.035913
/rows/12/result/filesystem/cargo/workload	string	cargo
/rows/12/result/filesystem/git	object	-
/rows/12/result/filesystem/git/check	object	-
/rows/12/result/filesystem/git/check/git_clean	boolean	true
/rows/12/result/filesystem/git/python	string	3.14.7
/rows/12/result/filesystem/git/worker_ms	float	15.630528
/rows/12/result/filesystem/git/workload	string	git
/rows/12/result/filesystem/metadata	object	-
/rows/12/result/filesystem/metadata/check	object	-
/rows/12/result/filesystem/metadata/check/bytes	integer	2095104
/rows/12/result/filesystem/metadata/check/files	integer	2048
/rows/12/result/filesystem/metadata/python	string	3.14.7
/rows/12/result/filesystem/metadata/worker_ms	float	4.993338
/rows/12/result/filesystem/metadata/workload	string	metadata
/rows/12/result/filesystem/npm	object	-
/rows/12/result/filesystem/npm/check	object	-
/rows/12/result/filesystem/npm/check/local_packages	integer	32
/rows/12/result/filesystem/npm/python	string	3.14.7
/rows/12/result/filesystem/npm/worker_ms	float	170.979429
/rows/12/result/filesystem/npm/workload	string	npm
/rows/12/result/filesystem/read	object	-
/rows/12/result/filesystem/read/check	object	-
/rows/12/result/filesystem/read/check/bytes	integer	67108864
/rows/12/result/filesystem/read/check/sha256	string	42ef3a50fe506ced865473b082c8b28f6ce254e6e2b01266b6a563531a6267bc
/rows/12/result/filesystem/read/python	string	3.14.7
/rows/12/result/filesystem/read/worker_ms	float	36.86896
/rows/12/result/filesystem/read/workload	string	read
/rows/12/result/filesystem/rg	object	-
/rows/12/result/filesystem/rg/check	object	-
/rows/12/result/filesystem/rg/check/matches	integer	2048
/rows/12/result/filesystem/rg/python	string	3.14.7
/rows/12/result/filesystem/rg/worker_ms	float	7.966627
/rows/12/result/filesystem/rg/workload	string	rg
/rows/12/result/filesystem/write	object	-
/rows/12/result/filesystem/write/check	object	-
/rows/12/result/filesystem/write/check/bytes	integer	16777216
/rows/12/result/filesystem/write/check/files	integer	256
/rows/12/result/filesystem/write/python	string	3.14.7
/rows/12/result/filesystem/write/worker_ms	float	3.849163
/rows/12/result/filesystem/write/workload	string	write
/rows/12/result/mode	string	filesystem
/rows/12/result/worker_ms	float	408.107308
/rows/12/result_ms	float	447.399108
/rows/12/trial	integer	4
/rows/12/variant	string	native
/rows/13	object	-
/rows/13/backend	string	pvisor-vm
/rows/13/completion_ms	float	4474.617742
/rows/13/correctness	string	passed
/rows/13/logs	string	/home/reiase/workspace/pvisor/target/sb/vr/baseline/trials/filesystem-pvisor-vm-004
/rows/13/memory_scope	string	owned launcher tree; Docker daemon/container RSS excluded
/rows/13/mode	string	filesystem
/rows/13/peak_tree_rss_kib	integer	612156
/rows/13/prepare_ms	float	37.487124
/rows/13/ready_ms	float	382.306371
/rows/13/result	object	-
/rows/13/result/correctness	string	passed
/rows/13/result/filesystem	object	-
/rows/13/result/filesystem/cargo	object	-
/rows/13/result/filesystem/cargo/check	object	-
/rows/13/result/filesystem/cargo/check/modules	integer	64
/rows/13/result/filesystem/cargo/check/result	string	2016
/rows/13/result/filesystem/cargo/python	string	3.14.7
/rows/13/result/filesystem/cargo/worker_ms	float	551.012701
/rows/13/result/filesystem/cargo/workload	string	cargo
/rows/13/result/filesystem/git	object	-
/rows/13/result/filesystem/git/check	object	-
/rows/13/result/filesystem/git/check/git_clean	boolean	true
/rows/13/result/filesystem/git/python	string	3.14.7
/rows/13/result/filesystem/git/worker_ms	float	693.994134
/rows/13/result/filesystem/git/workload	string	git
/rows/13/result/filesystem/metadata	object	-
/rows/13/result/filesystem/metadata/check	object	-
/rows/13/result/filesystem/metadata/check/bytes	integer	2095104
/rows/13/result/filesystem/metadata/check/files	integer	2048
/rows/13/result/filesystem/metadata/python	string	3.14.7
/rows/13/result/filesystem/metadata/worker_ms	float	158.124009
/rows/13/result/filesystem/metadata/workload	string	metadata
/rows/13/result/filesystem/npm	object	-
/rows/13/result/filesystem/npm/check	object	-
/rows/13/result/filesystem/npm/check/local_packages	integer	32
/rows/13/result/filesystem/npm/python	string	3.14.7
/rows/13/result/filesystem/npm/worker_ms	float	1440.211404
/rows/13/result/filesystem/npm/workload	string	npm
/rows/13/result/filesystem/read	object	-
/rows/13/result/filesystem/read/check	object	-
/rows/13/result/filesystem/read/check/bytes	integer	67108864
/rows/13/result/filesystem/read/check/sha256	string	42ef3a50fe506ced865473b082c8b28f6ce254e6e2b01266b6a563531a6267bc
/rows/13/result/filesystem/read/python	string	3.14.7
/rows/13/result/filesystem/read/worker_ms	float	126.849607
/rows/13/result/filesystem/read/workload	string	read
/rows/13/result/filesystem/rg	object	-
/rows/13/result/filesystem/rg/check	object	-
/rows/13/result/filesystem/rg/check/matches	integer	2048
/rows/13/result/filesystem/rg/python	string	3.14.7
/rows/13/result/filesystem/rg/worker_ms	float	432.462629
/rows/13/result/filesystem/rg/workload	string	rg
/rows/13/result/filesystem/write	object	-
/rows/13/result/filesystem/write/check	object	-
/rows/13/result/filesystem/write/check/bytes	integer	16777216
/rows/13/result/filesystem/write/check/files	integer	256
/rows/13/result/filesystem/write/python	string	3.14.7
/rows/13/result/filesystem/write/worker_ms	float	203.741798
/rows/13/result/filesystem/write/workload	string	write
/rows/13/result/mode	string	filesystem
/rows/13/result/worker_ms	float	4013.498083
/rows/13/result_ms	float	4395.923543
/rows/13/trial	integer	4
/rows/13/variant	string	baseline
/rows/14	object	-
/rows/14/backend	string	pvisor-vm
/rows/14/completion_ms	float	4053.610654
/rows/14/correctness	string	passed
/rows/14/logs	string	/home/reiase/workspace/pvisor/target/sb/vr/candidate/trials/filesystem-pvisor-vm-004
/rows/14/memory_scope	string	owned launcher tree; Docker daemon/container RSS excluded
/rows/14/mode	string	filesystem
/rows/14/peak_tree_rss_kib	integer	615072
/rows/14/prepare_ms	float	36.562798
/rows/14/ready_ms	float	391.840793
/rows/14/result	object	-
/rows/14/result/correctness	string	passed
/rows/14/result/filesystem	object	-
/rows/14/result/filesystem/cargo	object	-
/rows/14/result/filesystem/cargo/check	object	-
/rows/14/result/filesystem/cargo/check/modules	integer	64
/rows/14/result/filesystem/cargo/check/result	string	2016
/rows/14/result/filesystem/cargo/python	string	3.14.7
/rows/14/result/filesystem/cargo/worker_ms	float	490.048204
/rows/14/result/filesystem/cargo/workload	string	cargo
/rows/14/result/filesystem/git	object	-
/rows/14/result/filesystem/git/check	object	-
/rows/14/result/filesystem/git/check/git_clean	boolean	true
/rows/14/result/filesystem/git/python	string	3.14.7
/rows/14/result/filesystem/git/worker_ms	float	564.593872
/rows/14/result/filesystem/git/workload	string	git
/rows/14/result/filesystem/metadata	object	-
/rows/14/result/filesystem/metadata/check	object	-
/rows/14/result/filesystem/metadata/check/bytes	integer	2095104
/rows/14/result/filesystem/metadata/check/files	integer	2048
/rows/14/result/filesystem/metadata/python	string	3.14.7
/rows/14/result/filesystem/metadata/worker_ms	float	123.171886
/rows/14/result/filesystem/metadata/workload	string	metadata
/rows/14/result/filesystem/npm	object	-
/rows/14/result/filesystem/npm/check	object	-
/rows/14/result/filesystem/npm/check/local_packages	integer	32
/rows/14/result/filesystem/npm/python	string	3.14.7
/rows/14/result/filesystem/npm/worker_ms	float	1176.94023
/rows/14/result/filesystem/npm/workload	string	npm
/rows/14/result/filesystem/read	object	-
/rows/14/result/filesystem/read/check	object	-
/rows/14/result/filesystem/read/check/bytes	integer	67108864
/rows/14/result/filesystem/read/check/sha256	string	42ef3a50fe506ced865473b082c8b28f6ce254e6e2b01266b6a563531a6267bc
/rows/14/result/filesystem/read/python	string	3.14.7
/rows/14/result/filesystem/read/worker_ms	float	118.283864
/rows/14/result/filesystem/read/workload	string	read
/rows/14/result/filesystem/rg	object	-
/rows/14/result/filesystem/rg/check	object	-
/rows/14/result/filesystem/rg/check/matches	integer	2048
/rows/14/result/filesystem/rg/python	string	3.14.7
/rows/14/result/filesystem/rg/worker_ms	float	453.675497
/rows/14/result/filesystem/rg/workload	string	rg
/rows/14/result/filesystem/write	object	-
/rows/14/result/filesystem/write/check	object	-
/rows/14/result/filesystem/write/check/bytes	integer	16777216
/rows/14/result/filesystem/write/check/files	integer	256
/rows/14/result/filesystem/write/python	string	3.14.7
/rows/14/result/filesystem/write/worker_ms	float	133.798287
/rows/14/result/filesystem/write/workload	string	write
/rows/14/result/mode	string	filesystem
/rows/14/result/worker_ms	float	3482.166288
/rows/14/result_ms	float	3874.072112
/rows/14/trial	integer	4
/rows/14/variant	string	candidate
/rows/15	object	-
/rows/15/backend	string	native
/rows/15/completion_ms	float	447.318979
/rows/15/correctness	string	passed
/rows/15/logs	string	/home/reiase/workspace/pvisor/target/sb/vr/native/trials/filesystem-native-005
/rows/15/memory_scope	string	owned launcher tree; Docker daemon/container RSS excluded
/rows/15/mode	string	filesystem
/rows/15/peak_tree_rss_kib	integer	135304
/rows/15/prepare_ms	float	36.939502
/rows/15/ready_ms	float	38.753286
/rows/15/result	object	-
/rows/15/result/correctness	string	passed
/rows/15/result/filesystem	object	-
/rows/15/result/filesystem/cargo	object	-
/rows/15/result/filesystem/cargo/check	object	-
/rows/15/result/filesystem/cargo/check/modules	integer	64
/rows/15/result/filesystem/cargo/check/result	string	2016
/rows/15/result/filesystem/cargo/python	string	3.14.7
/rows/15/result/filesystem/cargo/worker_ms	float	51.512986
/rows/15/result/filesystem/cargo/workload	string	cargo
/rows/15/result/filesystem/git	object	-
/rows/15/result/filesystem/git/check	object	-
/rows/15/result/filesystem/git/check/git_clean	boolean	true
/rows/15/result/filesystem/git/python	string	3.14.7
/rows/15/result/filesystem/git/worker_ms	float	14.335571
/rows/15/result/filesystem/git/workload	string	git
/rows/15/result/filesystem/metadata	object	-
/rows/15/result/filesystem/metadata/check	object	-
/rows/15/result/filesystem/metadata/check/bytes	integer	2095104
/rows/15/result/filesystem/metadata/check/files	integer	2048
/rows/15/result/filesystem/metadata/python	string	3.14.7
/rows/15/result/filesystem/metadata/worker_ms	float	4.620562
/rows/15/result/filesystem/metadata/workload	string	metadata
/rows/15/result/filesystem/npm	object	-
/rows/15/result/filesystem/npm/check	object	-
/rows/15/result/filesystem/npm/check/local_packages	integer	32
/rows/15/result/filesystem/npm/python	string	3.14.7
/rows/15/result/filesystem/npm/worker_ms	float	172.289865
/rows/15/result/filesystem/npm/workload	string	npm
/rows/15/result/filesystem/read	object	-
/rows/15/result/filesystem/read/check	object	-
/rows/15/result/filesystem/read/check/bytes	integer	67108864
/rows/15/result/filesystem/read/check/sha256	string	42ef3a50fe506ced865473b082c8b28f6ce254e6e2b01266b6a563531a6267bc
/rows/15/result/filesystem/read/python	string	3.14.7
/rows/15/result/filesystem/read/worker_ms	float	32.986094
/rows/15/result/filesystem/read/workload	string	read
/rows/15/result/filesystem/rg	object	-
/rows/15/result/filesystem/rg/check	object	-
/rows/15/result/filesystem/rg/check/matches	integer	2048
/rows/15/result/filesystem/rg/python	string	3.14.7
/rows/15/result/filesystem/rg/worker_ms	float	7.457396
/rows/15/result/filesystem/rg/workload	string	rg
/rows/15/result/filesystem/write	object	-
/rows/15/result/filesystem/write/check	object	-
/rows/15/result/filesystem/write/check/bytes	integer	16777216
/rows/15/result/filesystem/write/check/files	integer	256
/rows/15/result/filesystem/write/python	string	3.14.7
/rows/15/result/filesystem/write/worker_ms	float	3.581704
/rows/15/result/filesystem/write/workload	string	write
/rows/15/result/mode	string	filesystem
/rows/15/result/worker_ms	float	401.175031
/rows/15/result_ms	float	439.949116
/rows/15/trial	integer	5
/rows/15/variant	string	native
/rows/16	object	-
/rows/16/backend	string	pvisor-vm
/rows/16/completion_ms	float	4476.060354
/rows/16/correctness	string	passed
/rows/16/logs	string	/home/reiase/workspace/pvisor/target/sb/vr/baseline/trials/filesystem-pvisor-vm-005
/rows/16/memory_scope	string	owned launcher tree; Docker daemon/container RSS excluded
/rows/16/mode	string	filesystem
/rows/16/peak_tree_rss_kib	integer	612600
/rows/16/prepare_ms	float	35.912506
/rows/16/ready_ms	float	384.285725
/rows/16/result	object	-
/rows/16/result/correctness	string	passed
/rows/16/result/filesystem	object	-
/rows/16/result/filesystem/cargo	object	-
/rows/16/result/filesystem/cargo/check	object	-
/rows/16/result/filesystem/cargo/check/modules	integer	64
/rows/16/result/filesystem/cargo/check/result	string	2016
/rows/16/result/filesystem/cargo/python	string	3.14.7
/rows/16/result/filesystem/cargo/worker_ms	float	511.965587
/rows/16/result/filesystem/cargo/workload	string	cargo
/rows/16/result/filesystem/git	object	-
/rows/16/result/filesystem/git/check	object	-
/rows/16/result/filesystem/git/check/git_clean	boolean	true
/rows/16/result/filesystem/git/python	string	3.14.7
/rows/16/result/filesystem/git/worker_ms	float	705.604613
/rows/16/result/filesystem/git/workload	string	git
/rows/16/result/filesystem/metadata	object	-
/rows/16/result/filesystem/metadata/check	object	-
/rows/16/result/filesystem/metadata/check/bytes	integer	2095104
/rows/16/result/filesystem/metadata/check/files	integer	2048
/rows/16/result/filesystem/metadata/python	string	3.14.7
/rows/16/result/filesystem/metadata/worker_ms	float	202.460474
/rows/16/result/filesystem/metadata/workload	string	metadata
/rows/16/result/filesystem/npm	object	-
/rows/16/result/filesystem/npm/check	object	-
/rows/16/result/filesystem/npm/check/local_packages	integer	32
/rows/16/result/filesystem/npm/python	string	3.14.7
/rows/16/result/filesystem/npm/worker_ms	float	1407.488966
/rows/16/result/filesystem/npm/workload	string	npm
/rows/16/result/filesystem/read	object	-
/rows/16/result/filesystem/read/check	object	-
/rows/16/result/filesystem/read/check/bytes	integer	67108864
/rows/16/result/filesystem/read/check/sha256	string	42ef3a50fe506ced865473b082c8b28f6ce254e6e2b01266b6a563531a6267bc
/rows/16/result/filesystem/read/python	string	3.14.7
/rows/16/result/filesystem/read/worker_ms	float	116.483632
/rows/16/result/filesystem/read/workload	string	read
/rows/16/result/filesystem/rg	object	-
/rows/16/result/filesystem/rg/check	object	-
/rows/16/result/filesystem/rg/check/matches	integer	2048
/rows/16/result/filesystem/rg/python	string	3.14.7
/rows/16/result/filesystem/rg/worker_ms	float	433.497382
/rows/16/result/filesystem/rg/workload	string	rg
/rows/16/result/filesystem/write	object	-
/rows/16/result/filesystem/write/check	object	-
/rows/16/result/filesystem/write/check/bytes	integer	16777216
/rows/16/result/filesystem/write/check/files	integer	256
/rows/16/result/filesystem/write/python	string	3.14.7
/rows/16/result/filesystem/write/worker_ms	float	204.630709
/rows/16/result/filesystem/write/workload	string	write
/rows/16/result/mode	string	filesystem
/rows/16/result/worker_ms	float	4018.99857
/rows/16/result_ms	float	4403.42939
/rows/16/trial	integer	5
/rows/16/variant	string	baseline
/rows/17	object	-
/rows/17/backend	string	pvisor-vm
/rows/17/completion_ms	float	4314.709201
/rows/17/correctness	string	passed
/rows/17/logs	string	/home/reiase/workspace/pvisor/target/sb/vr/candidate/trials/filesystem-pvisor-vm-005
/rows/17/memory_scope	string	owned launcher tree; Docker daemon/container RSS excluded
/rows/17/mode	string	filesystem
/rows/17/peak_tree_rss_kib	integer	614504
/rows/17/prepare_ms	float	36.557379
/rows/17/ready_ms	float	376.019359
/rows/17/result	object	-
/rows/17/result/correctness	string	passed
/rows/17/result/filesystem	object	-
/rows/17/result/filesystem/cargo	object	-
/rows/17/result/filesystem/cargo/check	object	-
/rows/17/result/filesystem/cargo/check/modules	integer	64
/rows/17/result/filesystem/cargo/check/result	string	2016
/rows/17/result/filesystem/cargo/python	string	3.14.7
/rows/17/result/filesystem/cargo/worker_ms	float	475.051439
/rows/17/result/filesystem/cargo/workload	string	cargo
/rows/17/result/filesystem/git	object	-
/rows/17/result/filesystem/git/check	object	-
/rows/17/result/filesystem/git/check/git_clean	boolean	true
/rows/17/result/filesystem/git/python	string	3.14.7
/rows/17/result/filesystem/git/worker_ms	float	664.93072
/rows/17/result/filesystem/git/workload	string	git
/rows/17/result/filesystem/metadata	object	-
/rows/17/result/filesystem/metadata/check	object	-
/rows/17/result/filesystem/metadata/check/bytes	integer	2095104
/rows/17/result/filesystem/metadata/check/files	integer	2048
/rows/17/result/filesystem/metadata/python	string	3.14.7
/rows/17/result/filesystem/metadata/worker_ms	float	147.249766
/rows/17/result/filesystem/metadata/workload	string	metadata
/rows/17/result/filesystem/npm	object	-
/rows/17/result/filesystem/npm/check	object	-
/rows/17/result/filesystem/npm/check/local_packages	integer	32
/rows/17/result/filesystem/npm/python	string	3.14.7
/rows/17/result/filesystem/npm/worker_ms	float	1345.898108
/rows/17/result/filesystem/npm/workload	string	npm
/rows/17/result/filesystem/read	object	-
/rows/17/result/filesystem/read/check	object	-
/rows/17/result/filesystem/read/check/bytes	integer	67108864
/rows/17/result/filesystem/read/check/sha256	string	42ef3a50fe506ced865473b082c8b28f6ce254e6e2b01266b6a563531a6267bc
/rows/17/result/filesystem/read/python	string	3.14.7
/rows/17/result/filesystem/read/worker_ms	float	117.00737
/rows/17/result/filesystem/read/workload	string	read
/rows/17/result/filesystem/rg	object	-
/rows/17/result/filesystem/rg/check	object	-
/rows/17/result/filesystem/rg/check/matches	integer	2048
/rows/17/result/filesystem/rg/python	string	3.14.7
/rows/17/result/filesystem/rg/worker_ms	float	449.392695
/rows/17/result/filesystem/rg/workload	string	rg
/rows/17/result/filesystem/write	object	-
/rows/17/result/filesystem/write/check	object	-
/rows/17/result/filesystem/write/check/bytes	integer	16777216
/rows/17/result/filesystem/write/check/files	integer	256
/rows/17/result/filesystem/write/python	string	3.14.7
/rows/17/result/filesystem/write/worker_ms	float	117.958257
/rows/17/result/filesystem/write/workload	string	write
/rows/17/result/mode	string	filesystem
/rows/17/result/worker_ms	float	3739.873979
/rows/17/result_ms	float	4115.937339
/rows/17/trial	integer	5
/rows/17/variant	string	candidate
/rows/18	object	-
/rows/18/backend	string	pvisor-vm
/rows/18/completion_ms	float	4232.783091
/rows/18/correctness	string	passed
/rows/18/logs	string	/home/reiase/workspace/pvisor/target/sb/vr/baseline/trials/filesystem-pvisor-vm-006
/rows/18/memory_scope	string	owned launcher tree; Docker daemon/container RSS excluded
/rows/18/mode	string	filesystem
/rows/18/peak_tree_rss_kib	integer	613840
/rows/18/prepare_ms	float	36.763193
/rows/18/ready_ms	float	374.12303
/rows/18/result	object	-
/rows/18/result/correctness	string	passed
/rows/18/result/filesystem	object	-
/rows/18/result/filesystem/cargo	object	-
/rows/18/result/filesystem/cargo/check	object	-
/rows/18/result/filesystem/cargo/check/modules	integer	64
/rows/18/result/filesystem/cargo/check/result	string	2016
/rows/18/result/filesystem/cargo/python	string	3.14.7
/rows/18/result/filesystem/cargo/worker_ms	float	504.45114
/rows/18/result/filesystem/cargo/workload	string	cargo
/rows/18/result/filesystem/git	object	-
/rows/18/result/filesystem/git/check	object	-
/rows/18/result/filesystem/git/check/git_clean	boolean	true
/rows/18/result/filesystem/git/python	string	3.14.7
/rows/18/result/filesystem/git/worker_ms	float	554.533628
/rows/18/result/filesystem/git/workload	string	git
/rows/18/result/filesystem/metadata	object	-
/rows/18/result/filesystem/metadata/check	object	-
/rows/18/result/filesystem/metadata/check/bytes	integer	2095104
/rows/18/result/filesystem/metadata/check/files	integer	2048
/rows/18/result/filesystem/metadata/python	string	3.14.7
/rows/18/result/filesystem/metadata/worker_ms	float	175.620375
/rows/18/result/filesystem/metadata/workload	string	metadata
/rows/18/result/filesystem/npm	object	-
/rows/18/result/filesystem/npm/check	object	-
/rows/18/result/filesystem/npm/check/local_packages	integer	32
/rows/18/result/filesystem/npm/python	string	3.14.7
/rows/18/result/filesystem/npm/worker_ms	float	1346.495845
/rows/18/result/filesystem/npm/workload	string	npm
/rows/18/result/filesystem/read	object	-
/rows/18/result/filesystem/read/check	object	-
/rows/18/result/filesystem/read/check/bytes	integer	67108864
/rows/18/result/filesystem/read/check/sha256	string	42ef3a50fe506ced865473b082c8b28f6ce254e6e2b01266b6a563531a6267bc
/rows/18/result/filesystem/read/python	string	3.14.7
/rows/18/result/filesystem/read/worker_ms	float	118.577634
/rows/18/result/filesystem/read/workload	string	read
/rows/18/result/filesystem/rg	object	-
/rows/18/result/filesystem/rg/check	object	-
/rows/18/result/filesystem/rg/check/matches	integer	2048
/rows/18/result/filesystem/rg/python	string	3.14.7
/rows/18/result/filesystem/rg/worker_ms	float	448.3031
/rows/18/result/filesystem/rg/workload	string	rg
/rows/18/result/filesystem/write	object	-
/rows/18/result/filesystem/write/check	object	-
/rows/18/result/filesystem/write/check/bytes	integer	16777216
/rows/18/result/filesystem/write/check/files	integer	256
/rows/18/result/filesystem/write/python	string	3.14.7
/rows/18/result/filesystem/write/worker_ms	float	212.091596
/rows/18/result/filesystem/write/workload	string	write
/rows/18/result/mode	string	filesystem
/rows/18/result/worker_ms	float	3791.109372
/rows/18/result_ms	float	4165.270598
/rows/18/trial	integer	6
/rows/18/variant	string	baseline
/rows/19	object	-
/rows/19/backend	string	pvisor-vm
/rows/19/completion_ms	float	4072.654581
/rows/19/correctness	string	passed
/rows/19/logs	string	/home/reiase/workspace/pvisor/target/sb/vr/candidate/trials/filesystem-pvisor-vm-006
/rows/19/memory_scope	string	owned launcher tree; Docker daemon/container RSS excluded
/rows/19/mode	string	filesystem
/rows/19/peak_tree_rss_kib	integer	614228
/rows/19/prepare_ms	float	37.937584
/rows/19/ready_ms	float	376.607176
/rows/19/result	object	-
/rows/19/result/correctness	string	passed
/rows/19/result/filesystem	object	-
/rows/19/result/filesystem/cargo	object	-
/rows/19/result/filesystem/cargo/check	object	-
/rows/19/result/filesystem/cargo/check/modules	integer	64
/rows/19/result/filesystem/cargo/check/result	string	2016
/rows/19/result/filesystem/cargo/python	string	3.14.7
/rows/19/result/filesystem/cargo/worker_ms	float	482.846891
/rows/19/result/filesystem/cargo/workload	string	cargo
/rows/19/result/filesystem/git	object	-
/rows/19/result/filesystem/git/check	object	-
/rows/19/result/filesystem/git/check/git_clean	boolean	true
/rows/19/result/filesystem/git/python	string	3.14.7
/rows/19/result/filesystem/git/worker_ms	float	384.061782
/rows/19/result/filesystem/git/workload	string	git
/rows/19/result/filesystem/metadata	object	-
/rows/19/result/filesystem/metadata/check	object	-
/rows/19/result/filesystem/metadata/check/bytes	integer	2095104
/rows/19/result/filesystem/metadata/check/files	integer	2048
/rows/19/result/filesystem/metadata/python	string	3.14.7
/rows/19/result/filesystem/metadata/worker_ms	float	179.721005
/rows/19/result/filesystem/metadata/workload	string	metadata
/rows/19/result/filesystem/npm	object	-
/rows/19/result/filesystem/npm/check	object	-
/rows/19/result/filesystem/npm/check/local_packages	integer	32
/rows/19/result/filesystem/npm/python	string	3.14.7
/rows/19/result/filesystem/npm/worker_ms	float	1347.84776
/rows/19/result/filesystem/npm/workload	string	npm
/rows/19/result/filesystem/read	object	-
/rows/19/result/filesystem/read/check	object	-
/rows/19/result/filesystem/read/check/bytes	integer	67108864
/rows/19/result/filesystem/read/check/sha256	string	42ef3a50fe506ced865473b082c8b28f6ce254e6e2b01266b6a563531a6267bc
/rows/19/result/filesystem/read/python	string	3.14.7
/rows/19/result/filesystem/read/worker_ms	float	116.429
/rows/19/result/filesystem/read/workload	string	read
/rows/19/result/filesystem/rg	object	-
/rows/19/result/filesystem/rg/check	object	-
/rows/19/result/filesystem/rg/check/matches	integer	2048
/rows/19/result/filesystem/rg/python	string	3.14.7
/rows/19/result/filesystem/rg/worker_ms	float	451.863141
/rows/19/result/filesystem/rg/workload	string	rg
/rows/19/result/filesystem/write	object	-
/rows/19/result/filesystem/write/check	object	-
/rows/19/result/filesystem/write/check/bytes	integer	16777216
/rows/19/result/filesystem/write/check/files	integer	256
/rows/19/result/filesystem/write/python	string	3.14.7
/rows/19/result/filesystem/write/worker_ms	float	140.61975
/rows/19/result/filesystem/write/workload	string	write
/rows/19/result/mode	string	filesystem
/rows/19/result/worker_ms	float	3541.137382
/rows/19/result_ms	float	3917.799811
/rows/19/trial	integer	6
/rows/19/variant	string	candidate
/rows/20	object	-
/rows/20/backend	string	native
/rows/20/completion_ms	float	456.464525
/rows/20/correctness	string	passed
/rows/20/logs	string	/home/reiase/workspace/pvisor/target/sb/vr/native/trials/filesystem-native-006
/rows/20/memory_scope	string	owned launcher tree; Docker daemon/container RSS excluded
/rows/20/mode	string	filesystem
/rows/20/peak_tree_rss_kib	integer	136388
/rows/20/prepare_ms	float	37.133123
/rows/20/ready_ms	float	43.347479
/rows/20/result	object	-
/rows/20/result/correctness	string	passed
/rows/20/result/filesystem	object	-
/rows/20/result/filesystem/cargo	object	-
/rows/20/result/filesystem/cargo/check	object	-
/rows/20/result/filesystem/cargo/check/modules	integer	64
/rows/20/result/filesystem/cargo/check/result	string	2016
/rows/20/result/filesystem/cargo/python	string	3.14.7
/rows/20/result/filesystem/cargo/worker_ms	float	54.808125
/rows/20/result/filesystem/cargo/workload	string	cargo
/rows/20/result/filesystem/git	object	-
/rows/20/result/filesystem/git/check	object	-
/rows/20/result/filesystem/git/check/git_clean	boolean	true
/rows/20/result/filesystem/git/python	string	3.14.7
/rows/20/result/filesystem/git/worker_ms	float	15.247282
/rows/20/result/filesystem/git/workload	string	git
/rows/20/result/filesystem/metadata	object	-
/rows/20/result/filesystem/metadata/check	object	-
/rows/20/result/filesystem/metadata/check/bytes	integer	2095104
/rows/20/result/filesystem/metadata/check/files	integer	2048
/rows/20/result/filesystem/metadata/python	string	3.14.7
/rows/20/result/filesystem/metadata/worker_ms	float	4.701503
/rows/20/result/filesystem/metadata/workload	string	metadata
/rows/20/result/filesystem/npm	object	-
/rows/20/result/filesystem/npm/check	object	-
/rows/20/result/filesystem/npm/check/local_packages	integer	32
/rows/20/result/filesystem/npm/python	string	3.14.7
/rows/20/result/filesystem/npm/worker_ms	float	171.583717
/rows/20/result/filesystem/npm/workload	string	npm
/rows/20/result/filesystem/read	object	-
/rows/20/result/filesystem/read/check	object	-
/rows/20/result/filesystem/read/check/bytes	integer	67108864
/rows/20/result/filesystem/read/check/sha256	string	42ef3a50fe506ced865473b082c8b28f6ce254e6e2b01266b6a563531a6267bc
/rows/20/result/filesystem/read/python	string	3.14.7
/rows/20/result/filesystem/read/worker_ms	float	32.827758
/rows/20/result/filesystem/read/workload	string	read
/rows/20/result/filesystem/rg	object	-
/rows/20/result/filesystem/rg/check	object	-
/rows/20/result/filesystem/rg/check/matches	integer	2048
/rows/20/result/filesystem/rg/python	string	3.14.7
/rows/20/result/filesystem/rg/worker_ms	float	8.014495
/rows/20/result/filesystem/rg/workload	string	rg
/rows/20/result/filesystem/write	object	-
/rows/20/result/filesystem/write/check	object	-
/rows/20/result/filesystem/write/check/bytes	integer	16777216
/rows/20/result/filesystem/write/check/files	integer	256
/rows/20/result/filesystem/write/python	string	3.14.7
/rows/20/result/filesystem/write/worker_ms	float	3.732676
/rows/20/result/filesystem/write/workload	string	write
/rows/20/result/mode	string	filesystem
/rows/20/result/worker_ms	float	405.32244
/rows/20/result_ms	float	448.709143
/rows/20/trial	integer	6
/rows/20/variant	string	native
/rows/21	object	-
/rows/21/backend	string	pvisor-vm
/rows/21/completion_ms	float	4192.476697
/rows/21/correctness	string	passed
/rows/21/logs	string	/home/reiase/workspace/pvisor/target/sb/vr/candidate/trials/filesystem-pvisor-vm-007
/rows/21/memory_scope	string	owned launcher tree; Docker daemon/container RSS excluded
/rows/21/mode	string	filesystem
/rows/21/peak_tree_rss_kib	integer	614852
/rows/21/prepare_ms	float	36.828525
/rows/21/ready_ms	float	384.311883
/rows/21/result	object	-
/rows/21/result/correctness	string	passed
/rows/21/result/filesystem	object	-
/rows/21/result/filesystem/cargo	object	-
/rows/21/result/filesystem/cargo/check	object	-
/rows/21/result/filesystem/cargo/check/modules	integer	64
/rows/21/result/filesystem/cargo/check/result	string	2016
/rows/21/result/filesystem/cargo/python	string	3.14.7
/rows/21/result/filesystem/cargo/worker_ms	float	478.030193
/rows/21/result/filesystem/cargo/workload	string	cargo
/rows/21/result/filesystem/git	object	-
/rows/21/result/filesystem/git/check	object	-
/rows/21/result/filesystem/git/check/git_clean	boolean	true
/rows/21/result/filesystem/git/python	string	3.14.7
/rows/21/result/filesystem/git/worker_ms	float	678.22779
/rows/21/result/filesystem/git/workload	string	git
/rows/21/result/filesystem/metadata	object	-
/rows/21/result/filesystem/metadata/check	object	-
/rows/21/result/filesystem/metadata/check/bytes	integer	2095104
/rows/21/result/filesystem/metadata/check/files	integer	2048
/rows/21/result/filesystem/metadata/python	string	3.14.7
/rows/21/result/filesystem/metadata/worker_ms	float	160.751158
/rows/21/result/filesystem/metadata/workload	string	metadata
/rows/21/result/filesystem/npm	object	-
/rows/21/result/filesystem/npm/check	object	-
/rows/21/result/filesystem/npm/check/local_packages	integer	32
/rows/21/result/filesystem/npm/python	string	3.14.7
/rows/21/result/filesystem/npm/worker_ms	float	1189.906993
/rows/21/result/filesystem/npm/workload	string	npm
/rows/21/result/filesystem/read	object	-
/rows/21/result/filesystem/read/check	object	-
/rows/21/result/filesystem/read/check/bytes	integer	67108864
/rows/21/result/filesystem/read/check/sha256	string	42ef3a50fe506ced865473b082c8b28f6ce254e6e2b01266b6a563531a6267bc
/rows/21/result/filesystem/read/python	string	3.14.7
/rows/21/result/filesystem/read/worker_ms	float	117.596431
/rows/21/result/filesystem/read/workload	string	read
/rows/21/result/filesystem/rg	object	-
/rows/21/result/filesystem/rg/check	object	-
/rows/21/result/filesystem/rg/check/matches	integer	2048
/rows/21/result/filesystem/rg/python	string	3.14.7
/rows/21/result/filesystem/rg/worker_ms	float	444.877881
/rows/21/result/filesystem/rg/workload	string	rg
/rows/21/result/filesystem/write	object	-
/rows/21/result/filesystem/write/check	object	-
/rows/21/result/filesystem/write/check/bytes	integer	16777216
/rows/21/result/filesystem/write/check/files	integer	256
/rows/21/result/filesystem/write/python	string	3.14.7
/rows/21/result/filesystem/write/worker_ms	float	136.933604
/rows/21/result/filesystem/write/workload	string	write
/rows/21/result/mode	string	filesystem
/rows/21/result/worker_ms	float	3618.692272
/rows/21/result_ms	float	4003.056956
/rows/21/trial	integer	7
/rows/21/variant	string	candidate
/rows/22	object	-
/rows/22/backend	string	pvisor-vm
/rows/22/completion_ms	float	4014.818845
/rows/22/correctness	string	passed
/rows/22/logs	string	/home/reiase/workspace/pvisor/target/sb/vr/baseline/trials/filesystem-pvisor-vm-007
/rows/22/memory_scope	string	owned launcher tree; Docker daemon/container RSS excluded
/rows/22/mode	string	filesystem
/rows/22/peak_tree_rss_kib	integer	614624
/rows/22/prepare_ms	float	37.251583
/rows/22/ready_ms	float	379.368619
/rows/22/result	object	-
/rows/22/result/correctness	string	passed
/rows/22/result/filesystem	object	-
/rows/22/result/filesystem/cargo	object	-
/rows/22/result/filesystem/cargo/check	object	-
/rows/22/result/filesystem/cargo/check/modules	integer	64
/rows/22/result/filesystem/cargo/check/result	string	2016
/rows/22/result/filesystem/cargo/python	string	3.14.7
/rows/22/result/filesystem/cargo/worker_ms	float	491.037663
/rows/22/result/filesystem/cargo/workload	string	cargo
/rows/22/result/filesystem/git	object	-
/rows/22/result/filesystem/git/check	object	-
/rows/22/result/filesystem/git/check/git_clean	boolean	true
/rows/22/result/filesystem/git/python	string	3.14.7
/rows/22/result/filesystem/git/worker_ms	float	360.312175
/rows/22/result/filesystem/git/workload	string	git
/rows/22/result/filesystem/metadata	object	-
/rows/22/result/filesystem/metadata/check	object	-
/rows/22/result/filesystem/metadata/check/bytes	integer	2095104
/rows/22/result/filesystem/metadata/check/files	integer	2048
/rows/22/result/filesystem/metadata/python	string	3.14.7
/rows/22/result/filesystem/metadata/worker_ms	float	120.151273
/rows/22/result/filesystem/metadata/workload	string	metadata
/rows/22/result/filesystem/npm	object	-
/rows/22/result/filesystem/npm/check	object	-
/rows/22/result/filesystem/npm/check/local_packages	integer	32
/rows/22/result/filesystem/npm/python	string	3.14.7
/rows/22/result/filesystem/npm/worker_ms	float	1338.85451
/rows/22/result/filesystem/npm/workload	string	npm
/rows/22/result/filesystem/read	object	-
/rows/22/result/filesystem/read/check	object	-
/rows/22/result/filesystem/read/check/bytes	integer	67108864
/rows/22/result/filesystem/read/check/sha256	string	42ef3a50fe506ced865473b082c8b28f6ce254e6e2b01266b6a563531a6267bc
/rows/22/result/filesystem/read/python	string	3.14.7
/rows/22/result/filesystem/read/worker_ms	float	119.785049
/rows/22/result/filesystem/read/workload	string	read
/rows/22/result/filesystem/rg	object	-
/rows/22/result/filesystem/rg/check	object	-
/rows/22/result/filesystem/rg/check/matches	integer	2048
/rows/22/result/filesystem/rg/python	string	3.14.7
/rows/22/result/filesystem/rg/worker_ms	float	449.080993
/rows/22/result/filesystem/rg/workload	string	rg
/rows/22/result/filesystem/write	object	-
/rows/22/result/filesystem/write/check	object	-
/rows/22/result/filesystem/write/check/bytes	integer	16777216
/rows/22/result/filesystem/write/check/files	integer	256
/rows/22/result/filesystem/write/python	string	3.14.7
/rows/22/result/filesystem/write/worker_ms	float	245.023235
/rows/22/result/filesystem/write/workload	string	write
/rows/22/result/mode	string	filesystem
/rows/22/result/worker_ms	float	3545.028271
/rows/22/result_ms	float	3924.55185
/rows/22/trial	integer	7
/rows/22/variant	string	baseline
/rows/23	object	-
/rows/23/backend	string	native
/rows/23/completion_ms	float	449.555682
/rows/23/correctness	string	passed
/rows/23/logs	string	/home/reiase/workspace/pvisor/target/sb/vr/native/trials/filesystem-native-007
/rows/23/memory_scope	string	owned launcher tree; Docker daemon/container RSS excluded
/rows/23/mode	string	filesystem
/rows/23/peak_tree_rss_kib	integer	142348
/rows/23/prepare_ms	float	36.15615
/rows/23/ready_ms	float	39.955569
/rows/23/result	object	-
/rows/23/result/correctness	string	passed
/rows/23/result/filesystem	object	-
/rows/23/result/filesystem/cargo	object	-
/rows/23/result/filesystem/cargo/check	object	-
/rows/23/result/filesystem/cargo/check/modules	integer	64
/rows/23/result/filesystem/cargo/check/result	string	2016
/rows/23/result/filesystem/cargo/python	string	3.14.7
/rows/23/result/filesystem/cargo/worker_ms	float	52.197574
/rows/23/result/filesystem/cargo/workload	string	cargo
/rows/23/result/filesystem/git	object	-
/rows/23/result/filesystem/git/check	object	-
/rows/23/result/filesystem/git/check/git_clean	boolean	true
/rows/23/result/filesystem/git/python	string	3.14.7
/rows/23/result/filesystem/git/worker_ms	float	14.233842
/rows/23/result/filesystem/git/workload	string	git
/rows/23/result/filesystem/metadata	object	-
/rows/23/result/filesystem/metadata/check	object	-
/rows/23/result/filesystem/metadata/check/bytes	integer	2095104
/rows/23/result/filesystem/metadata/check/files	integer	2048
/rows/23/result/filesystem/metadata/python	string	3.14.7
/rows/23/result/filesystem/metadata/worker_ms	float	5.107151
/rows/23/result/filesystem/metadata/workload	string	metadata
/rows/23/result/filesystem/npm	object	-
/rows/23/result/filesystem/npm/check	object	-
/rows/23/result/filesystem/npm/check/local_packages	integer	32
/rows/23/result/filesystem/npm/python	string	3.14.7
/rows/23/result/filesystem/npm/worker_ms	float	171.678524
/rows/23/result/filesystem/npm/workload	string	npm
/rows/23/result/filesystem/read	object	-
/rows/23/result/filesystem/read/check	object	-
/rows/23/result/filesystem/read/check/bytes	integer	67108864
/rows/23/result/filesystem/read/check/sha256	string	42ef3a50fe506ced865473b082c8b28f6ce254e6e2b01266b6a563531a6267bc
/rows/23/result/filesystem/read/python	string	3.14.7
/rows/23/result/filesystem/read/worker_ms	float	32.286048
/rows/23/result/filesystem/read/workload	string	read
/rows/23/result/filesystem/rg	object	-
/rows/23/result/filesystem/rg/check	object	-
/rows/23/result/filesystem/rg/check/matches	integer	2048
/rows/23/result/filesystem/rg/python	string	3.14.7
/rows/23/result/filesystem/rg/worker_ms	float	7.134483
/rows/23/result/filesystem/rg/workload	string	rg
/rows/23/result/filesystem/write	object	-
/rows/23/result/filesystem/write/check	object	-
/rows/23/result/filesystem/write/check/bytes	integer	16777216
/rows/23/result/filesystem/write/check/files	integer	256
/rows/23/result/filesystem/write/python	string	3.14.7
/rows/23/result/filesystem/write/worker_ms	float	3.970068
/rows/23/result/filesystem/write/workload	string	write
/rows/23/result/mode	string	filesystem
/rows/23/result/worker_ms	float	401.408186
/rows/23/result_ms	float	441.417636
/rows/23/trial	integer	7
/rows/23/variant	string	native
/rows/24	object	-
/rows/24/backend	string	native
/rows/24/completion_ms	float	458.52496
/rows/24/correctness	string	passed
/rows/24/logs	string	/home/reiase/workspace/pvisor/target/sb/vr/native/trials/filesystem-native-008
/rows/24/memory_scope	string	owned launcher tree; Docker daemon/container RSS excluded
/rows/24/mode	string	filesystem
/rows/24/peak_tree_rss_kib	integer	144236
/rows/24/prepare_ms	float	38.361926
/rows/24/ready_ms	float	40.015021
/rows/24/result	object	-
/rows/24/result/correctness	string	passed
/rows/24/result/filesystem	object	-
/rows/24/result/filesystem/cargo	object	-
/rows/24/result/filesystem/cargo/check	object	-
/rows/24/result/filesystem/cargo/check/modules	integer	64
/rows/24/result/filesystem/cargo/check/result	string	2016
/rows/24/result/filesystem/cargo/python	string	3.14.7
/rows/24/result/filesystem/cargo/worker_ms	float	54.22109
/rows/24/result/filesystem/cargo/workload	string	cargo
/rows/24/result/filesystem/git	object	-
/rows/24/result/filesystem/git/check	object	-
/rows/24/result/filesystem/git/check/git_clean	boolean	true
/rows/24/result/filesystem/git/python	string	3.14.7
/rows/24/result/filesystem/git/worker_ms	float	14.630552
/rows/24/result/filesystem/git/workload	string	git
/rows/24/result/filesystem/metadata	object	-
/rows/24/result/filesystem/metadata/check	object	-
/rows/24/result/filesystem/metadata/check/bytes	integer	2095104
/rows/24/result/filesystem/metadata/check/files	integer	2048
/rows/24/result/filesystem/metadata/python	string	3.14.7
/rows/24/result/filesystem/metadata/worker_ms	float	4.857424
/rows/24/result/filesystem/metadata/workload	string	metadata
/rows/24/result/filesystem/npm	object	-
/rows/24/result/filesystem/npm/check	object	-
/rows/24/result/filesystem/npm/check/local_packages	integer	32
/rows/24/result/filesystem/npm/python	string	3.14.7
/rows/24/result/filesystem/npm/worker_ms	float	176.107819
/rows/24/result/filesystem/npm/workload	string	npm
/rows/24/result/filesystem/read	object	-
/rows/24/result/filesystem/read/check	object	-
/rows/24/result/filesystem/read/check/bytes	integer	67108864
/rows/24/result/filesystem/read/check/sha256	string	42ef3a50fe506ced865473b082c8b28f6ce254e6e2b01266b6a563531a6267bc
/rows/24/result/filesystem/read/python	string	3.14.7
/rows/24/result/filesystem/read/worker_ms	float	31.90088
/rows/24/result/filesystem/read/workload	string	read
/rows/24/result/filesystem/rg	object	-
/rows/24/result/filesystem/rg/check	object	-
/rows/24/result/filesystem/rg/check/matches	integer	2048
/rows/24/result/filesystem/rg/python	string	3.14.7
/rows/24/result/filesystem/rg/worker_ms	float	7.757176
/rows/24/result/filesystem/rg/workload	string	rg
/rows/24/result/filesystem/write	object	-
/rows/24/result/filesystem/write/check	object	-
/rows/24/result/filesystem/write/check/bytes	integer	16777216
/rows/24/result/filesystem/write/check/files	integer	256
/rows/24/result/filesystem/write/python	string	3.14.7
/rows/24/result/filesystem/write/worker_ms	float	4.027987
/rows/24/result/filesystem/write/workload	string	write
/rows/24/result/mode	string	filesystem
/rows/24/result/worker_ms	float	410.304327
/rows/24/result_ms	float	450.346098
/rows/24/trial	integer	8
/rows/24/variant	string	native
/rows/25	object	-
/rows/25/backend	string	pvisor-vm
/rows/25/completion_ms	float	4233.556544
/rows/25/correctness	string	passed
/rows/25/logs	string	/home/reiase/workspace/pvisor/target/sb/vr/candidate/trials/filesystem-pvisor-vm-008
/rows/25/memory_scope	string	owned launcher tree; Docker daemon/container RSS excluded
/rows/25/mode	string	filesystem
/rows/25/peak_tree_rss_kib	integer	621436
/rows/25/prepare_ms	float	36.506554
/rows/25/ready_ms	float	376.817318
/rows/25/result	object	-
/rows/25/result/correctness	string	passed
/rows/25/result/filesystem	object	-
/rows/25/result/filesystem/cargo	object	-
/rows/25/result/filesystem/cargo/check	object	-
/rows/25/result/filesystem/cargo/check/modules	integer	64
/rows/25/result/filesystem/cargo/check/result	string	2016
/rows/25/result/filesystem/cargo/python	string	3.14.7
/rows/25/result/filesystem/cargo/worker_ms	float	484.931055
/rows/25/result/filesystem/cargo/workload	string	cargo
/rows/25/result/filesystem/git	object	-
/rows/25/result/filesystem/git/check	object	-
/rows/25/result/filesystem/git/check/git_clean	boolean	true
/rows/25/result/filesystem/git/python	string	3.14.7
/rows/25/result/filesystem/git/worker_ms	float	592.226693
/rows/25/result/filesystem/git/workload	string	git
/rows/25/result/filesystem/metadata	object	-
/rows/25/result/filesystem/metadata/check	object	-
/rows/25/result/filesystem/metadata/check/bytes	integer	2095104
/rows/25/result/filesystem/metadata/check/files	integer	2048
/rows/25/result/filesystem/metadata/python	string	3.14.7
/rows/25/result/filesystem/metadata/worker_ms	float	118.427604
/rows/25/result/filesystem/metadata/workload	string	metadata
/rows/25/result/filesystem/npm	object	-
/rows/25/result/filesystem/npm/check	object	-
/rows/25/result/filesystem/npm/check/local_packages	integer	32
/rows/25/result/filesystem/npm/python	string	3.14.7
/rows/25/result/filesystem/npm/worker_ms	float	1333.785841
/rows/25/result/filesystem/npm/workload	string	npm
/rows/25/result/filesystem/read	object	-
/rows/25/result/filesystem/read/check	object	-
/rows/25/result/filesystem/read/check/bytes	integer	67108864
/rows/25/result/filesystem/read/check/sha256	string	42ef3a50fe506ced865473b082c8b28f6ce254e6e2b01266b6a563531a6267bc
/rows/25/result/filesystem/read/python	string	3.14.7
/rows/25/result/filesystem/read/worker_ms	float	121.355743
/rows/25/result/filesystem/read/workload	string	read
/rows/25/result/filesystem/rg	object	-
/rows/25/result/filesystem/rg/check	object	-
/rows/25/result/filesystem/rg/check/matches	integer	2048
/rows/25/result/filesystem/rg/python	string	3.14.7
/rows/25/result/filesystem/rg/worker_ms	float	457.699573
/rows/25/result/filesystem/rg/workload	string	rg
/rows/25/result/filesystem/write	object	-
/rows/25/result/filesystem/write/check	object	-
/rows/25/result/filesystem/write/check/bytes	integer	16777216
/rows/25/result/filesystem/write/check/files	integer	256
/rows/25/result/filesystem/write/python	string	3.14.7
/rows/25/result/filesystem/write/worker_ms	float	137.147284
/rows/25/result/filesystem/write/workload	string	write
/rows/25/result/mode	string	filesystem
/rows/25/result/worker_ms	float	3671.873709
/rows/25/result_ms	float	4048.749091
/rows/25/trial	integer	8
/rows/25/variant	string	candidate
/rows/26	object	-
/rows/26/backend	string	pvisor-vm
/rows/26/completion_ms	float	4131.052785
/rows/26/correctness	string	passed
/rows/26/logs	string	/home/reiase/workspace/pvisor/target/sb/vr/baseline/trials/filesystem-pvisor-vm-008
/rows/26/memory_scope	string	owned launcher tree; Docker daemon/container RSS excluded
/rows/26/mode	string	filesystem
/rows/26/peak_tree_rss_kib	integer	614212
/rows/26/prepare_ms	float	36.266916
/rows/26/ready_ms	float	374.023745
/rows/26/result	object	-
/rows/26/result/correctness	string	passed
/rows/26/result/filesystem	object	-
/rows/26/result/filesystem/cargo	object	-
/rows/26/result/filesystem/cargo/check	object	-
/rows/26/result/filesystem/cargo/check/modules	integer	64
/rows/26/result/filesystem/cargo/check/result	string	2016
/rows/26/result/filesystem/cargo/python	string	3.14.7
/rows/26/result/filesystem/cargo/worker_ms	float	494.252999
/rows/26/result/filesystem/cargo/workload	string	cargo
/rows/26/result/filesystem/git	object	-
/rows/26/result/filesystem/git/check	object	-
/rows/26/result/filesystem/git/check/git_clean	boolean	true
/rows/26/result/filesystem/git/python	string	3.14.7
/rows/26/result/filesystem/git/worker_ms	float	359.871512
/rows/26/result/filesystem/git/workload	string	git
/rows/26/result/filesystem/metadata	object	-
/rows/26/result/filesystem/metadata/check	object	-
/rows/26/result/filesystem/metadata/check/bytes	integer	2095104
/rows/26/result/filesystem/metadata/check/files	integer	2048
/rows/26/result/filesystem/metadata/python	string	3.14.7
/rows/26/result/filesystem/metadata/worker_ms	float	174.309676
/rows/26/result/filesystem/metadata/workload	string	metadata
/rows/26/result/filesystem/npm	object	-
/rows/26/result/filesystem/npm/check	object	-
/rows/26/result/filesystem/npm/check/local_packages	integer	32
/rows/26/result/filesystem/npm/python	string	3.14.7
/rows/26/result/filesystem/npm/worker_ms	float	1409.553873
/rows/26/result/filesystem/npm/workload	string	npm
/rows/26/result/filesystem/read	object	-
/rows/26/result/filesystem/read/check	object	-
/rows/26/result/filesystem/read/check/bytes	integer	67108864
/rows/26/result/filesystem/read/check/sha256	string	42ef3a50fe506ced865473b082c8b28f6ce254e6e2b01266b6a563531a6267bc
/rows/26/result/filesystem/read/python	string	3.14.7
/rows/26/result/filesystem/read/worker_ms	float	119.305384
/rows/26/result/filesystem/read/workload	string	read
/rows/26/result/filesystem/rg	object	-
/rows/26/result/filesystem/rg/check	object	-
/rows/26/result/filesystem/rg/check/matches	integer	2048
/rows/26/result/filesystem/rg/python	string	3.14.7
/rows/26/result/filesystem/rg/worker_ms	float	455.455101
/rows/26/result/filesystem/rg/workload	string	rg
/rows/26/result/filesystem/write	object	-
/rows/26/result/filesystem/write/check	object	-
/rows/26/result/filesystem/write/check/bytes	integer	16777216
/rows/26/result/filesystem/write/check/files	integer	256
/rows/26/result/filesystem/write/python	string	3.14.7
/rows/26/result/filesystem/write/worker_ms	float	236.903597
/rows/26/result/filesystem/write/workload	string	write
/rows/26/result/mode	string	filesystem
/rows/26/result/worker_ms	float	3679.844679
/rows/26/result_ms	float	4054.004538
/rows/26/trial	integer	8
/rows/26/variant	string	baseline
/rows/27	object	-
/rows/27/backend	string	native
/rows/27/completion_ms	float	447.26113
/rows/27/correctness	string	passed
/rows/27/logs	string	/home/reiase/workspace/pvisor/target/sb/vr/native/trials/filesystem-native-009
/rows/27/memory_scope	string	owned launcher tree; Docker daemon/container RSS excluded
/rows/27/mode	string	filesystem
/rows/27/peak_tree_rss_kib	integer	141716
/rows/27/prepare_ms	float	38.678156
/rows/27/ready_ms	float	39.518313
/rows/27/result	object	-
/rows/27/result/correctness	string	passed
/rows/27/result/filesystem	object	-
/rows/27/result/filesystem/cargo	object	-
/rows/27/result/filesystem/cargo/check	object	-
/rows/27/result/filesystem/cargo/check/modules	integer	64
/rows/27/result/filesystem/cargo/check/result	string	2016
/rows/27/result/filesystem/cargo/python	string	3.14.7
/rows/27/result/filesystem/cargo/worker_ms	float	52.579337
/rows/27/result/filesystem/cargo/workload	string	cargo
/rows/27/result/filesystem/git	object	-
/rows/27/result/filesystem/git/check	object	-
/rows/27/result/filesystem/git/check/git_clean	boolean	true
/rows/27/result/filesystem/git/python	string	3.14.7
/rows/27/result/filesystem/git/worker_ms	float	14.471385
/rows/27/result/filesystem/git/workload	string	git
/rows/27/result/filesystem/metadata	object	-
/rows/27/result/filesystem/metadata/check	object	-
/rows/27/result/filesystem/metadata/check/bytes	integer	2095104
/rows/27/result/filesystem/metadata/check/files	integer	2048
/rows/27/result/filesystem/metadata/python	string	3.14.7
/rows/27/result/filesystem/metadata/worker_ms	float	4.597509
/rows/27/result/filesystem/metadata/workload	string	metadata
/rows/27/result/filesystem/npm	object	-
/rows/27/result/filesystem/npm/check	object	-
/rows/27/result/filesystem/npm/check/local_packages	integer	32
/rows/27/result/filesystem/npm/python	string	3.14.7
/rows/27/result/filesystem/npm/worker_ms	float	169.921736
/rows/27/result/filesystem/npm/workload	string	npm
/rows/27/result/filesystem/read	object	-
/rows/27/result/filesystem/read/check	object	-
/rows/27/result/filesystem/read/check/bytes	integer	67108864
/rows/27/result/filesystem/read/check/sha256	string	42ef3a50fe506ced865473b082c8b28f6ce254e6e2b01266b6a563531a6267bc
/rows/27/result/filesystem/read/python	string	3.14.7
/rows/27/result/filesystem/read/worker_ms	float	32.566161
/rows/27/result/filesystem/read/workload	string	read
/rows/27/result/filesystem/rg	object	-
/rows/27/result/filesystem/rg/check	object	-
/rows/27/result/filesystem/rg/check/matches	integer	2048
/rows/27/result/filesystem/rg/python	string	3.14.7
/rows/27/result/filesystem/rg/worker_ms	float	8.170116
/rows/27/result/filesystem/rg/workload	string	rg
/rows/27/result/filesystem/write	object	-
/rows/27/result/filesystem/write/check	object	-
/rows/27/result/filesystem/write/check/bytes	integer	16777216
/rows/27/result/filesystem/write/check/files	integer	256
/rows/27/result/filesystem/write/python	string	3.14.7
/rows/27/result/filesystem/write/worker_ms	float	3.58505
/rows/27/result/filesystem/write/workload	string	write
/rows/27/result/mode	string	filesystem
/rows/27/result/worker_ms	float	400.056133
/rows/27/result_ms	float	439.593021
/rows/27/trial	integer	9
/rows/27/variant	string	native
/rows/28	object	-
/rows/28/backend	string	pvisor-vm
/rows/28/completion_ms	float	4295.169589
/rows/28/correctness	string	passed
/rows/28/logs	string	/home/reiase/workspace/pvisor/target/sb/vr/candidate/trials/filesystem-pvisor-vm-009
/rows/28/memory_scope	string	owned launcher tree; Docker daemon/container RSS excluded
/rows/28/mode	string	filesystem
/rows/28/peak_tree_rss_kib	integer	613176
/rows/28/prepare_ms	float	36.688052
/rows/28/ready_ms	float	370.470113
/rows/28/result	object	-
/rows/28/result/correctness	string	passed
/rows/28/result/filesystem	object	-
/rows/28/result/filesystem/cargo	object	-
/rows/28/result/filesystem/cargo/check	object	-
/rows/28/result/filesystem/cargo/check/modules	integer	64
/rows/28/result/filesystem/cargo/check/result	string	2016
/rows/28/result/filesystem/cargo/python	string	3.14.7
/rows/28/result/filesystem/cargo/worker_ms	float	489.574739
/rows/28/result/filesystem/cargo/workload	string	cargo
/rows/28/result/filesystem/git	object	-
/rows/28/result/filesystem/git/check	object	-
/rows/28/result/filesystem/git/check/git_clean	boolean	true
/rows/28/result/filesystem/git/python	string	3.14.7
/rows/28/result/filesystem/git/worker_ms	float	626.199086
/rows/28/result/filesystem/git/workload	string	git
/rows/28/result/filesystem/metadata	object	-
/rows/28/result/filesystem/metadata/check	object	-
/rows/28/result/filesystem/metadata/check/bytes	integer	2095104
/rows/28/result/filesystem/metadata/check/files	integer	2048
/rows/28/result/filesystem/metadata/python	string	3.14.7
/rows/28/result/filesystem/metadata/worker_ms	float	170.24837
/rows/28/result/filesystem/metadata/workload	string	metadata
/rows/28/result/filesystem/npm	object	-
/rows/28/result/filesystem/npm/check	object	-
/rows/28/result/filesystem/npm/check/local_packages	integer	32
/rows/28/result/filesystem/npm/python	string	3.14.7
/rows/28/result/filesystem/npm/worker_ms	float	1320.995818
/rows/28/result/filesystem/npm/workload	string	npm
/rows/28/result/filesystem/read	object	-
/rows/28/result/filesystem/read/check	object	-
/rows/28/result/filesystem/read/check/bytes	integer	67108864
/rows/28/result/filesystem/read/check/sha256	string	42ef3a50fe506ced865473b082c8b28f6ce254e6e2b01266b6a563531a6267bc
/rows/28/result/filesystem/read/python	string	3.14.7
/rows/28/result/filesystem/read/worker_ms	float	115.700098
/rows/28/result/filesystem/read/workload	string	read
/rows/28/result/filesystem/rg	object	-
/rows/28/result/filesystem/rg/check	object	-
/rows/28/result/filesystem/rg/check/matches	integer	2048
/rows/28/result/filesystem/rg/python	string	3.14.7
/rows/28/result/filesystem/rg/worker_ms	float	449.778036
/rows/28/result/filesystem/rg/workload	string	rg
/rows/28/result/filesystem/write	object	-
/rows/28/result/filesystem/write/check	object	-
/rows/28/result/filesystem/write/check/bytes	integer	16777216
/rows/28/result/filesystem/write/check/files	integer	256
/rows/28/result/filesystem/write/python	string	3.14.7
/rows/28/result/filesystem/write/worker_ms	float	162.62619
/rows/28/result/filesystem/write/workload	string	write
/rows/28/result/mode	string	filesystem
/rows/28/result/worker_ms	float	3758.191399
/rows/28/result_ms	float	4128.726514
/rows/28/trial	integer	9
/rows/28/variant	string	candidate
/rows/29	object	-
/rows/29/backend	string	pvisor-vm
/rows/29/completion_ms	float	4092.582638
/rows/29/correctness	string	passed
/rows/29/logs	string	/home/reiase/workspace/pvisor/target/sb/vr/baseline/trials/filesystem-pvisor-vm-009
/rows/29/memory_scope	string	owned launcher tree; Docker daemon/container RSS excluded
/rows/29/mode	string	filesystem
/rows/29/peak_tree_rss_kib	integer	612332
/rows/29/prepare_ms	float	36.233414
/rows/29/ready_ms	float	375.501512
/rows/29/result	object	-
/rows/29/result/correctness	string	passed
/rows/29/result/filesystem	object	-
/rows/29/result/filesystem/cargo	object	-
/rows/29/result/filesystem/cargo/check	object	-
/rows/29/result/filesystem/cargo/check/modules	integer	64
/rows/29/result/filesystem/cargo/check/result	string	2016
/rows/29/result/filesystem/cargo/python	string	3.14.7
/rows/29/result/filesystem/cargo/worker_ms	float	502.671275
/rows/29/result/filesystem/cargo/workload	string	cargo
/rows/29/result/filesystem/git	object	-
/rows/29/result/filesystem/git/check	object	-
/rows/29/result/filesystem/git/check/git_clean	boolean	true
/rows/29/result/filesystem/git/python	string	3.14.7
/rows/29/result/filesystem/git/worker_ms	float	451.158043
/rows/29/result/filesystem/git/workload	string	git
/rows/29/result/filesystem/metadata	object	-
/rows/29/result/filesystem/metadata/check	object	-
/rows/29/result/filesystem/metadata/check/bytes	integer	2095104
/rows/29/result/filesystem/metadata/check/files	integer	2048
/rows/29/result/filesystem/metadata/python	string	3.14.7
/rows/29/result/filesystem/metadata/worker_ms	float	121.231801
/rows/29/result/filesystem/metadata/workload	string	metadata
/rows/29/result/filesystem/npm	object	-
/rows/29/result/filesystem/npm/check	object	-
/rows/29/result/filesystem/npm/check/local_packages	integer	32
/rows/29/result/filesystem/npm/python	string	3.14.7
/rows/29/result/filesystem/npm/worker_ms	float	1365.896096
/rows/29/result/filesystem/npm/workload	string	npm
/rows/29/result/filesystem/read	object	-
/rows/29/result/filesystem/read/check	object	-
/rows/29/result/filesystem/read/check/bytes	integer	67108864
/rows/29/result/filesystem/read/check/sha256	string	42ef3a50fe506ced865473b082c8b28f6ce254e6e2b01266b6a563531a6267bc
/rows/29/result/filesystem/read/python	string	3.14.7
/rows/29/result/filesystem/read/worker_ms	float	118.46344
/rows/29/result/filesystem/read/workload	string	read
/rows/29/result/filesystem/rg	object	-
/rows/29/result/filesystem/rg/check	object	-
/rows/29/result/filesystem/rg/check/matches	integer	2048
/rows/29/result/filesystem/rg/python	string	3.14.7
/rows/29/result/filesystem/rg/worker_ms	float	452.325485
/rows/29/result/filesystem/rg/workload	string	rg
/rows/29/result/filesystem/write	object	-
/rows/29/result/filesystem/write/check	object	-
/rows/29/result/filesystem/write/check/bytes	integer	16777216
/rows/29/result/filesystem/write/check/files	integer	256
/rows/29/result/filesystem/write/python	string	3.14.7
/rows/29/result/filesystem/write/worker_ms	float	199.346107
/rows/29/result/filesystem/write/workload	string	write
/rows/29/result/mode	string	filesystem
/rows/29/result/worker_ms	float	3623.784133
/rows/29/result_ms	float	3999.33472
/rows/29/trial	integer	9
/rows/29/variant	string	baseline
/rows/30	object	-
/rows/30/backend	string	native
/rows/30/completion_ms	float	453.381943
/rows/30/correctness	string	passed
/rows/30/logs	string	/home/reiase/workspace/pvisor/target/sb/vr/native/trials/filesystem-native-010
/rows/30/memory_scope	string	owned launcher tree; Docker daemon/container RSS excluded
/rows/30/mode	string	filesystem
/rows/30/peak_tree_rss_kib	integer	142156
/rows/30/prepare_ms	float	36.925195
/rows/30/ready_ms	float	39.186515
/rows/30/result	object	-
/rows/30/result/correctness	string	passed
/rows/30/result/filesystem	object	-
/rows/30/result/filesystem/cargo	object	-
/rows/30/result/filesystem/cargo/check	object	-
/rows/30/result/filesystem/cargo/check/modules	integer	64
/rows/30/result/filesystem/cargo/check/result	string	2016
/rows/30/result/filesystem/cargo/python	string	3.14.7
/rows/30/result/filesystem/cargo/worker_ms	float	55.451657
/rows/30/result/filesystem/cargo/workload	string	cargo
/rows/30/result/filesystem/git	object	-
/rows/30/result/filesystem/git/check	object	-
/rows/30/result/filesystem/git/check/git_clean	boolean	true
/rows/30/result/filesystem/git/python	string	3.14.7
/rows/30/result/filesystem/git/worker_ms	float	14.235644
/rows/30/result/filesystem/git/workload	string	git
/rows/30/result/filesystem/metadata	object	-
/rows/30/result/filesystem/metadata/check	object	-
/rows/30/result/filesystem/metadata/check/bytes	integer	2095104
/rows/30/result/filesystem/metadata/check/files	integer	2048
/rows/30/result/filesystem/metadata/python	string	3.14.7
/rows/30/result/filesystem/metadata/worker_ms	float	4.633026
/rows/30/result/filesystem/metadata/workload	string	metadata
/rows/30/result/filesystem/npm	object	-
/rows/30/result/filesystem/npm/check	object	-
/rows/30/result/filesystem/npm/check/local_packages	integer	32
/rows/30/result/filesystem/npm/python	string	3.14.7
/rows/30/result/filesystem/npm/worker_ms	float	169.757579
/rows/30/result/filesystem/npm/workload	string	npm
/rows/30/result/filesystem/read	object	-
/rows/30/result/filesystem/read/check	object	-
/rows/30/result/filesystem/read/check/bytes	integer	67108864
/rows/30/result/filesystem/read/check/sha256	string	42ef3a50fe506ced865473b082c8b28f6ce254e6e2b01266b6a563531a6267bc
/rows/30/result/filesystem/read/python	string	3.14.7
/rows/30/result/filesystem/read/worker_ms	float	32.501039
/rows/30/result/filesystem/read/workload	string	read
/rows/30/result/filesystem/rg	object	-
/rows/30/result/filesystem/rg/check	object	-
/rows/30/result/filesystem/rg/check/matches	integer	2048
/rows/30/result/filesystem/rg/python	string	3.14.7
/rows/30/result/filesystem/rg/worker_ms	float	7.491971
/rows/30/result/filesystem/rg/workload	string	rg
/rows/30/result/filesystem/write	object	-
/rows/30/result/filesystem/write/check	object	-
/rows/30/result/filesystem/write/check/bytes	integer	16777216
/rows/30/result/filesystem/write/check/files	integer	256
/rows/30/result/filesystem/write/python	string	3.14.7
/rows/30/result/filesystem/write/worker_ms	float	4.050598
/rows/30/result/filesystem/write/workload	string	write
/rows/30/result/mode	string	filesystem
/rows/30/result/worker_ms	float	406.103297
/rows/30/result_ms	float	445.348983
/rows/30/trial	integer	10
/rows/30/variant	string	native
/rows/31	object	-
/rows/31/backend	string	pvisor-vm
/rows/31/completion_ms	float	3998.914376
/rows/31/correctness	string	passed
/rows/31/logs	string	/home/reiase/workspace/pvisor/target/sb/vr/candidate/trials/filesystem-pvisor-vm-010
/rows/31/memory_scope	string	owned launcher tree; Docker daemon/container RSS excluded
/rows/31/mode	string	filesystem
/rows/31/peak_tree_rss_kib	integer	613596
/rows/31/prepare_ms	float	37.076908
/rows/31/ready_ms	float	379.306292
/rows/31/result	object	-
/rows/31/result/correctness	string	passed
/rows/31/result/filesystem	object	-
/rows/31/result/filesystem/cargo	object	-
/rows/31/result/filesystem/cargo/check	object	-
/rows/31/result/filesystem/cargo/check/modules	integer	64
/rows/31/result/filesystem/cargo/check/result	string	2016
/rows/31/result/filesystem/cargo/python	string	3.14.7
/rows/31/result/filesystem/cargo/worker_ms	float	488.866967
/rows/31/result/filesystem/cargo/workload	string	cargo
/rows/31/result/filesystem/git	object	-
/rows/31/result/filesystem/git/check	object	-
/rows/31/result/filesystem/git/check/git_clean	boolean	true
/rows/31/result/filesystem/git/python	string	3.14.7
/rows/31/result/filesystem/git/worker_ms	float	354.302058
/rows/31/result/filesystem/git/workload	string	git
/rows/31/result/filesystem/metadata	object	-
/rows/31/result/filesystem/metadata/check	object	-
/rows/31/result/filesystem/metadata/check/bytes	integer	2095104
/rows/31/result/filesystem/metadata/check/files	integer	2048
/rows/31/result/filesystem/metadata/python	string	3.14.7
/rows/31/result/filesystem/metadata/worker_ms	float	123.664646
/rows/31/result/filesystem/metadata/workload	string	metadata
/rows/31/result/filesystem/npm	object	-
/rows/31/result/filesystem/npm/check	object	-
/rows/31/result/filesystem/npm/check/local_packages	integer	32
/rows/31/result/filesystem/npm/python	string	3.14.7
/rows/31/result/filesystem/npm/worker_ms	float	1336.553071
/rows/31/result/filesystem/npm/workload	string	npm
/rows/31/result/filesystem/read	object	-
/rows/31/result/filesystem/read/check	object	-
/rows/31/result/filesystem/read/check/bytes	integer	67108864
/rows/31/result/filesystem/read/check/sha256	string	42ef3a50fe506ced865473b082c8b28f6ce254e6e2b01266b6a563531a6267bc
/rows/31/result/filesystem/read/python	string	3.14.7
/rows/31/result/filesystem/read/worker_ms	float	122.078584
/rows/31/result/filesystem/read/workload	string	read
/rows/31/result/filesystem/rg	object	-
/rows/31/result/filesystem/rg/check	object	-
/rows/31/result/filesystem/rg/check/matches	integer	2048
/rows/31/result/filesystem/rg/python	string	3.14.7
/rows/31/result/filesystem/rg/worker_ms	float	438.576941
/rows/31/result/filesystem/rg/workload	string	rg
/rows/31/result/filesystem/write	object	-
/rows/31/result/filesystem/write/check	object	-
/rows/31/result/filesystem/write/check/bytes	integer	16777216
/rows/31/result/filesystem/write/check/files	integer	256
/rows/31/result/filesystem/write/python	string	3.14.7
/rows/31/result/filesystem/write/worker_ms	float	142.313153
/rows/31/result/filesystem/write/workload	string	write
/rows/31/result/mode	string	filesystem
/rows/31/result/worker_ms	float	3428.575025
/rows/31/result_ms	float	3807.918955
/rows/31/trial	integer	10
/rows/31/variant	string	candidate
/rows/32	object	-
/rows/32/backend	string	pvisor-vm
/rows/32/completion_ms	float	4030.696884
/rows/32/correctness	string	passed
/rows/32/logs	string	/home/reiase/workspace/pvisor/target/sb/vr/baseline/trials/filesystem-pvisor-vm-010
/rows/32/memory_scope	string	owned launcher tree; Docker daemon/container RSS excluded
/rows/32/mode	string	filesystem
/rows/32/peak_tree_rss_kib	integer	619932
/rows/32/prepare_ms	float	36.929333
/rows/32/ready_ms	float	379.449549
/rows/32/result	object	-
/rows/32/result/correctness	string	passed
/rows/32/result/filesystem	object	-
/rows/32/result/filesystem/cargo	object	-
/rows/32/result/filesystem/cargo/check	object	-
/rows/32/result/filesystem/cargo/check/modules	integer	64
/rows/32/result/filesystem/cargo/check/result	string	2016
/rows/32/result/filesystem/cargo/python	string	3.14.7
/rows/32/result/filesystem/cargo/worker_ms	float	517.657291
/rows/32/result/filesystem/cargo/workload	string	cargo
/rows/32/result/filesystem/git	object	-
/rows/32/result/filesystem/git/check	object	-
/rows/32/result/filesystem/git/check/git_clean	boolean	true
/rows/32/result/filesystem/git/python	string	3.14.7
/rows/32/result/filesystem/git/worker_ms	float	352.615127
/rows/32/result/filesystem/git/workload	string	git
/rows/32/result/filesystem/metadata	object	-
/rows/32/result/filesystem/metadata/check	object	-
/rows/32/result/filesystem/metadata/check/bytes	integer	2095104
/rows/32/result/filesystem/metadata/check/files	integer	2048
/rows/32/result/filesystem/metadata/python	string	3.14.7
/rows/32/result/filesystem/metadata/worker_ms	float	146.638444
/rows/32/result/filesystem/metadata/workload	string	metadata
/rows/32/result/filesystem/npm	object	-
/rows/32/result/filesystem/npm/check	object	-
/rows/32/result/filesystem/npm/check/local_packages	integer	32
/rows/32/result/filesystem/npm/python	string	3.14.7
/rows/32/result/filesystem/npm/worker_ms	float	1334.06341
/rows/32/result/filesystem/npm/workload	string	npm
/rows/32/result/filesystem/read	object	-
/rows/32/result/filesystem/read/check	object	-
/rows/32/result/filesystem/read/check/bytes	integer	67108864
/rows/32/result/filesystem/read/check/sha256	string	42ef3a50fe506ced865473b082c8b28f6ce254e6e2b01266b6a563531a6267bc
/rows/32/result/filesystem/read/python	string	3.14.7
/rows/32/result/filesystem/read/worker_ms	float	116.820111
/rows/32/result/filesystem/read/workload	string	read
/rows/32/result/filesystem/rg	object	-
/rows/32/result/filesystem/rg/check	object	-
/rows/32/result/filesystem/rg/check/matches	integer	2048
/rows/32/result/filesystem/rg/python	string	3.14.7
/rows/32/result/filesystem/rg/worker_ms	float	472.030044
/rows/32/result/filesystem/rg/workload	string	rg
/rows/32/result/filesystem/write	object	-
/rows/32/result/filesystem/write/check	object	-
/rows/32/result/filesystem/write/check/bytes	integer	16777216
/rows/32/result/filesystem/write/check/files	integer	256
/rows/32/result/filesystem/write/python	string	3.14.7
/rows/32/result/filesystem/write/worker_ms	float	214.450453
/rows/32/result/filesystem/write/workload	string	write
/rows/32/result/mode	string	filesystem
/rows/32/result/worker_ms	float	3575.193652
/rows/32/result_ms	float	3954.745343
/rows/32/trial	integer	10
/rows/32/variant	string	baseline
/rows/33	object	-
/rows/33/backend	string	pvisor-vm
/rows/33/completion_ms	float	4433.359171
/rows/33/correctness	string	passed
/rows/33/logs	string	/home/reiase/workspace/pvisor/target/sb/vr/baseline/trials/filesystem-pvisor-vm-011
/rows/33/memory_scope	string	owned launcher tree; Docker daemon/container RSS excluded
/rows/33/mode	string	filesystem
/rows/33/peak_tree_rss_kib	integer	615080
/rows/33/prepare_ms	float	37.059225
/rows/33/ready_ms	float	378.344438
/rows/33/result	object	-
/rows/33/result/correctness	string	passed
/rows/33/result/filesystem	object	-
/rows/33/result/filesystem/cargo	object	-
/rows/33/result/filesystem/cargo/check	object	-
/rows/33/result/filesystem/cargo/check/modules	integer	64
/rows/33/result/filesystem/cargo/check/result	string	2016
/rows/33/result/filesystem/cargo/python	string	3.14.7
/rows/33/result/filesystem/cargo/worker_ms	float	520.924293
/rows/33/result/filesystem/cargo/workload	string	cargo
/rows/33/result/filesystem/git	object	-
/rows/33/result/filesystem/git/check	object	-
/rows/33/result/filesystem/git/check/git_clean	boolean	true
/rows/33/result/filesystem/git/python	string	3.14.7
/rows/33/result/filesystem/git/worker_ms	float	719.513245
/rows/33/result/filesystem/git/workload	string	git
/rows/33/result/filesystem/metadata	object	-
/rows/33/result/filesystem/metadata/check	object	-
/rows/33/result/filesystem/metadata/check/bytes	integer	2095104
/rows/33/result/filesystem/metadata/check/files	integer	2048
/rows/33/result/filesystem/metadata/python	string	3.14.7
/rows/33/result/filesystem/metadata/worker_ms	float	146.518299
/rows/33/result/filesystem/metadata/workload	string	metadata
/rows/33/result/filesystem/npm	object	-
/rows/33/result/filesystem/npm/check	object	-
/rows/33/result/filesystem/npm/check/local_packages	integer	32
/rows/33/result/filesystem/npm/python	string	3.14.7
/rows/33/result/filesystem/npm/worker_ms	float	1345.007795
/rows/33/result/filesystem/npm/workload	string	npm
/rows/33/result/filesystem/read	object	-
/rows/33/result/filesystem/read/check	object	-
/rows/33/result/filesystem/read/check/bytes	integer	67108864
/rows/33/result/filesystem/read/check/sha256	string	42ef3a50fe506ced865473b082c8b28f6ce254e6e2b01266b6a563531a6267bc
/rows/33/result/filesystem/read/python	string	3.14.7
/rows/33/result/filesystem/read/worker_ms	float	116.085077
/rows/33/result/filesystem/read/workload	string	read
/rows/33/result/filesystem/rg	object	-
/rows/33/result/filesystem/rg/check	object	-
/rows/33/result/filesystem/rg/check/matches	integer	2048
/rows/33/result/filesystem/rg/python	string	3.14.7
/rows/33/result/filesystem/rg/worker_ms	float	436.979778
/rows/33/result/filesystem/rg/workload	string	rg
/rows/33/result/filesystem/write	object	-
/rows/33/result/filesystem/write/check	object	-
/rows/33/result/filesystem/write/check/bytes	integer	16777216
/rows/33/result/filesystem/write/check/files	integer	256
/rows/33/result/filesystem/write/python	string	3.14.7
/rows/33/result/filesystem/write/worker_ms	float	265.404269
/rows/33/result/filesystem/write/workload	string	write
/rows/33/result/mode	string	filesystem
/rows/33/result/worker_ms	float	3977.450223
/rows/33/result_ms	float	4355.836227
/rows/33/trial	integer	11
/rows/33/variant	string	baseline
/rows/34	object	-
/rows/34/backend	string	pvisor-vm
/rows/34/completion_ms	float	4024.057395
/rows/34/correctness	string	passed
/rows/34/logs	string	/home/reiase/workspace/pvisor/target/sb/vr/candidate/trials/filesystem-pvisor-vm-011
/rows/34/memory_scope	string	owned launcher tree; Docker daemon/container RSS excluded
/rows/34/mode	string	filesystem
/rows/34/peak_tree_rss_kib	integer	614688
/rows/34/prepare_ms	float	36.993253
/rows/34/ready_ms	float	380.14621
/rows/34/result	object	-
/rows/34/result/correctness	string	passed
/rows/34/result/filesystem	object	-
/rows/34/result/filesystem/cargo	object	-
/rows/34/result/filesystem/cargo/check	object	-
/rows/34/result/filesystem/cargo/check/modules	integer	64
/rows/34/result/filesystem/cargo/check/result	string	2016
/rows/34/result/filesystem/cargo/python	string	3.14.7
/rows/34/result/filesystem/cargo/worker_ms	float	481.356677
/rows/34/result/filesystem/cargo/workload	string	cargo
/rows/34/result/filesystem/git	object	-
/rows/34/result/filesystem/git/check	object	-
/rows/34/result/filesystem/git/check/git_clean	boolean	true
/rows/34/result/filesystem/git/python	string	3.14.7
/rows/34/result/filesystem/git/worker_ms	float	353.920385
/rows/34/result/filesystem/git/workload	string	git
/rows/34/result/filesystem/metadata	object	-
/rows/34/result/filesystem/metadata/check	object	-
/rows/34/result/filesystem/metadata/check/bytes	integer	2095104
/rows/34/result/filesystem/metadata/check/files	integer	2048
/rows/34/result/filesystem/metadata/python	string	3.14.7
/rows/34/result/filesystem/metadata/worker_ms	float	122.182407
/rows/34/result/filesystem/metadata/workload	string	metadata
/rows/34/result/filesystem/npm	object	-
/rows/34/result/filesystem/npm/check	object	-
/rows/34/result/filesystem/npm/check/local_packages	integer	32
/rows/34/result/filesystem/npm/python	string	3.14.7
/rows/34/result/filesystem/npm/worker_ms	float	1362.834577
/rows/34/result/filesystem/npm/workload	string	npm
/rows/34/result/filesystem/read	object	-
/rows/34/result/filesystem/read/check	object	-
/rows/34/result/filesystem/read/check/bytes	integer	67108864
/rows/34/result/filesystem/read/check/sha256	string	42ef3a50fe506ced865473b082c8b28f6ce254e6e2b01266b6a563531a6267bc
/rows/34/result/filesystem/read/python	string	3.14.7
/rows/34/result/filesystem/read/worker_ms	float	120.108063
/rows/34/result/filesystem/read/workload	string	read
/rows/34/result/filesystem/rg	object	-
/rows/34/result/filesystem/rg/check	object	-
/rows/34/result/filesystem/rg/check/matches	integer	2048
/rows/34/result/filesystem/rg/python	string	3.14.7
/rows/34/result/filesystem/rg/worker_ms	float	437.546586
/rows/34/result/filesystem/rg/workload	string	rg
/rows/34/result/filesystem/write	object	-
/rows/34/result/filesystem/write/check	object	-
/rows/34/result/filesystem/write/check/bytes	integer	16777216
/rows/34/result/filesystem/write/check/files	integer	256
/rows/34/result/filesystem/write/python	string	3.14.7
/rows/34/result/filesystem/write/worker_ms	float	133.683162
/rows/34/result/filesystem/write/workload	string	write
/rows/34/result/mode	string	filesystem
/rows/34/result/worker_ms	float	3449.769649
/rows/34/result_ms	float	3829.975204
/rows/34/trial	integer	11
/rows/34/variant	string	candidate
/rows/35	object	-
/rows/35/backend	string	native
/rows/35/completion_ms	float	455.773465
/rows/35/correctness	string	passed
/rows/35/logs	string	/home/reiase/workspace/pvisor/target/sb/vr/native/trials/filesystem-native-011
/rows/35/memory_scope	string	owned launcher tree; Docker daemon/container RSS excluded
/rows/35/mode	string	filesystem
/rows/35/peak_tree_rss_kib	integer	145000
/rows/35/prepare_ms	float	36.150259
/rows/35/ready_ms	float	39.248209
/rows/35/result	object	-
/rows/35/result/correctness	string	passed
/rows/35/result/filesystem	object	-
/rows/35/result/filesystem/cargo	object	-
/rows/35/result/filesystem/cargo/check	object	-
/rows/35/result/filesystem/cargo/check/modules	integer	64
/rows/35/result/filesystem/cargo/check/result	string	2016
/rows/35/result/filesystem/cargo/python	string	3.14.7
/rows/35/result/filesystem/cargo/worker_ms	float	54.415012
/rows/35/result/filesystem/cargo/workload	string	cargo
/rows/35/result/filesystem/git	object	-
/rows/35/result/filesystem/git/check	object	-
/rows/35/result/filesystem/git/check/git_clean	boolean	true
/rows/35/result/filesystem/git/python	string	3.14.7
/rows/35/result/filesystem/git/worker_ms	float	15.174216
/rows/35/result/filesystem/git/workload	string	git
/rows/35/result/filesystem/metadata	object	-
/rows/35/result/filesystem/metadata/check	object	-
/rows/35/result/filesystem/metadata/check/bytes	integer	2095104
/rows/35/result/filesystem/metadata/check/files	integer	2048
/rows/35/result/filesystem/metadata/python	string	3.14.7
/rows/35/result/filesystem/metadata/worker_ms	float	4.725949
/rows/35/result/filesystem/metadata/workload	string	metadata
/rows/35/result/filesystem/npm	object	-
/rows/35/result/filesystem/npm/check	object	-
/rows/35/result/filesystem/npm/check/local_packages	integer	32
/rows/35/result/filesystem/npm/python	string	3.14.7
/rows/35/result/filesystem/npm/worker_ms	float	175.986373
/rows/35/result/filesystem/npm/workload	string	npm
/rows/35/result/filesystem/read	object	-
/rows/35/result/filesystem/read/check	object	-
/rows/35/result/filesystem/read/check/bytes	integer	67108864
/rows/35/result/filesystem/read/check/sha256	string	42ef3a50fe506ced865473b082c8b28f6ce254e6e2b01266b6a563531a6267bc
/rows/35/result/filesystem/read/python	string	3.14.7
/rows/35/result/filesystem/read/worker_ms	float	31.671622
/rows/35/result/filesystem/read/workload	string	read
/rows/35/result/filesystem/rg	object	-
/rows/35/result/filesystem/rg/check	object	-
/rows/35/result/filesystem/rg/check/matches	integer	2048
/rows/35/result/filesystem/rg/python	string	3.14.7
/rows/35/result/filesystem/rg/worker_ms	float	7.519132
/rows/35/result/filesystem/rg/workload	string	rg
/rows/35/result/filesystem/write	object	-
/rows/35/result/filesystem/write/check	object	-
/rows/35/result/filesystem/write/check/bytes	integer	16777216
/rows/35/result/filesystem/write/check/files	integer	256
/rows/35/result/filesystem/write/python	string	3.14.7
/rows/35/result/filesystem/write/worker_ms	float	3.627408
/rows/35/result/filesystem/write/workload	string	write
/rows/35/result/mode	string	filesystem
/rows/35/result/worker_ms	float	408.519817
/rows/35/result_ms	float	447.846463
/rows/35/trial	integer	11
/rows/35/variant	string	native
/rows/36	object	-
/rows/36/backend	string	pvisor-vm
/rows/36/completion_ms	float	4089.783525
/rows/36/correctness	string	passed
/rows/36/logs	string	/home/reiase/workspace/pvisor/target/sb/vr/baseline/trials/filesystem-pvisor-vm-012
/rows/36/memory_scope	string	owned launcher tree; Docker daemon/container RSS excluded
/rows/36/mode	string	filesystem
/rows/36/peak_tree_rss_kib	integer	613088
/rows/36/prepare_ms	float	36.550285
/rows/36/ready_ms	float	378.605746
/rows/36/result	object	-
/rows/36/result/correctness	string	passed
/rows/36/result/filesystem	object	-
/rows/36/result/filesystem/cargo	object	-
/rows/36/result/filesystem/cargo/check	object	-
/rows/36/result/filesystem/cargo/check/modules	integer	64
/rows/36/result/filesystem/cargo/check/result	string	2016
/rows/36/result/filesystem/cargo/python	string	3.14.7
/rows/36/result/filesystem/cargo/worker_ms	float	501.065004
/rows/36/result/filesystem/cargo/workload	string	cargo
/rows/36/result/filesystem/git	object	-
/rows/36/result/filesystem/git/check	object	-
/rows/36/result/filesystem/git/check/git_clean	boolean	true
/rows/36/result/filesystem/git/python	string	3.14.7
/rows/36/result/filesystem/git/worker_ms	float	360.713204
/rows/36/result/filesystem/git/workload	string	git
/rows/36/result/filesystem/metadata	object	-
/rows/36/result/filesystem/metadata/check	object	-
/rows/36/result/filesystem/metadata/check/bytes	integer	2095104
/rows/36/result/filesystem/metadata/check/files	integer	2048
/rows/36/result/filesystem/metadata/python	string	3.14.7
/rows/36/result/filesystem/metadata/worker_ms	float	179.272908
/rows/36/result/filesystem/metadata/workload	string	metadata
/rows/36/result/filesystem/npm	object	-
/rows/36/result/filesystem/npm/check	object	-
/rows/36/result/filesystem/npm/check/local_packages	integer	32
/rows/36/result/filesystem/npm/python	string	3.14.7
/rows/36/result/filesystem/npm/worker_ms	float	1358.30167
/rows/36/result/filesystem/npm/workload	string	npm
/rows/36/result/filesystem/read	object	-
/rows/36/result/filesystem/read/check	object	-
/rows/36/result/filesystem/read/check/bytes	integer	67108864
/rows/36/result/filesystem/read/check/sha256	string	42ef3a50fe506ced865473b082c8b28f6ce254e6e2b01266b6a563531a6267bc
/rows/36/result/filesystem/read/python	string	3.14.7
/rows/36/result/filesystem/read/worker_ms	float	116.2151
/rows/36/result/filesystem/read/workload	string	read
/rows/36/result/filesystem/rg	object	-
/rows/36/result/filesystem/rg/check	object	-
/rows/36/result/filesystem/rg/check/matches	integer	2048
/rows/36/result/filesystem/rg/python	string	3.14.7
/rows/36/result/filesystem/rg/worker_ms	float	449.773327
/rows/36/result/filesystem/rg/workload	string	rg
/rows/36/result/filesystem/write	object	-
/rows/36/result/filesystem/write/check	object	-
/rows/36/result/filesystem/write/check/bytes	integer	16777216
/rows/36/result/filesystem/write/check/files	integer	256
/rows/36/result/filesystem/write/python	string	3.14.7
/rows/36/result/filesystem/write/worker_ms	float	243.503235
/rows/36/result/filesystem/write/workload	string	write
/rows/36/result/mode	string	filesystem
/rows/36/result/worker_ms	float	3645.441502
/rows/36/result_ms	float	4024.142875
/rows/36/trial	integer	12
/rows/36/variant	string	baseline
/rows/37	object	-
/rows/37/backend	string	pvisor-vm
/rows/37/completion_ms	float	4055.043968
/rows/37/correctness	string	passed
/rows/37/logs	string	/home/reiase/workspace/pvisor/target/sb/vr/candidate/trials/filesystem-pvisor-vm-012
/rows/37/memory_scope	string	owned launcher tree; Docker daemon/container RSS excluded
/rows/37/mode	string	filesystem
/rows/37/peak_tree_rss_kib	integer	614472
/rows/37/prepare_ms	float	36.234276
/rows/37/ready_ms	float	375.212904
/rows/37/result	object	-
/rows/37/result/correctness	string	passed
/rows/37/result/filesystem	object	-
/rows/37/result/filesystem/cargo	object	-
/rows/37/result/filesystem/cargo/check	object	-
/rows/37/result/filesystem/cargo/check/modules	integer	64
/rows/37/result/filesystem/cargo/check/result	string	2016
/rows/37/result/filesystem/cargo/python	string	3.14.7
/rows/37/result/filesystem/cargo/worker_ms	float	481.878522
/rows/37/result/filesystem/cargo/workload	string	cargo
/rows/37/result/filesystem/git	object	-
/rows/37/result/filesystem/git/check	object	-
/rows/37/result/filesystem/git/check/git_clean	boolean	true
/rows/37/result/filesystem/git/python	string	3.14.7
/rows/37/result/filesystem/git/worker_ms	float	356.919658
/rows/37/result/filesystem/git/workload	string	git
/rows/37/result/filesystem/metadata	object	-
/rows/37/result/filesystem/metadata/check	object	-
/rows/37/result/filesystem/metadata/check/bytes	integer	2095104
/rows/37/result/filesystem/metadata/check/files	integer	2048
/rows/37/result/filesystem/metadata/python	string	3.14.7
/rows/37/result/filesystem/metadata/worker_ms	float	165.852888
/rows/37/result/filesystem/metadata/workload	string	metadata
/rows/37/result/filesystem/npm	object	-
/rows/37/result/filesystem/npm/check	object	-
/rows/37/result/filesystem/npm/check/local_packages	integer	32
/rows/37/result/filesystem/npm/python	string	3.14.7
/rows/37/result/filesystem/npm/worker_ms	float	1345.682245
/rows/37/result/filesystem/npm/workload	string	npm
/rows/37/result/filesystem/read	object	-
/rows/37/result/filesystem/read/check	object	-
/rows/37/result/filesystem/read/check/bytes	integer	67108864
/rows/37/result/filesystem/read/check/sha256	string	42ef3a50fe506ced865473b082c8b28f6ce254e6e2b01266b6a563531a6267bc
/rows/37/result/filesystem/read/python	string	3.14.7
/rows/37/result/filesystem/read/worker_ms	float	116.248603
/rows/37/result/filesystem/read/workload	string	read
/rows/37/result/filesystem/rg	object	-
/rows/37/result/filesystem/rg/check	object	-
/rows/37/result/filesystem/rg/check/matches	integer	2048
/rows/37/result/filesystem/rg/python	string	3.14.7
/rows/37/result/filesystem/rg/worker_ms	float	433.966709
/rows/37/result/filesystem/rg/workload	string	rg
/rows/37/result/filesystem/write	object	-
/rows/37/result/filesystem/write/check	object	-
/rows/37/result/filesystem/write/check/bytes	integer	16777216
/rows/37/result/filesystem/write/check/files	integer	256
/rows/37/result/filesystem/write/python	string	3.14.7
/rows/37/result/filesystem/write/worker_ms	float	142.274191
/rows/37/result/filesystem/write/workload	string	write
/rows/37/result/mode	string	filesystem
/rows/37/result/worker_ms	float	3477.986941
/rows/37/result_ms	float	3853.217506
/rows/37/trial	integer	12
/rows/37/variant	string	candidate
/rows/38	object	-
/rows/38/backend	string	native
/rows/38/completion_ms	float	485.005505
/rows/38/correctness	string	passed
/rows/38/logs	string	/home/reiase/workspace/pvisor/target/sb/vr/native/trials/filesystem-native-012
/rows/38/memory_scope	string	owned launcher tree; Docker daemon/container RSS excluded
/rows/38/mode	string	filesystem
/rows/38/peak_tree_rss_kib	integer	137772
/rows/38/prepare_ms	float	36.680969
/rows/38/ready_ms	float	41.178322
/rows/38/result	object	-
/rows/38/result/correctness	string	passed
/rows/38/result/filesystem	object	-
/rows/38/result/filesystem/cargo	object	-
/rows/38/result/filesystem/cargo/check	object	-
/rows/38/result/filesystem/cargo/check/modules	integer	64
/rows/38/result/filesystem/cargo/check/result	string	2016
/rows/38/result/filesystem/cargo/python	string	3.14.7
/rows/38/result/filesystem/cargo/worker_ms	float	53.658781
/rows/38/result/filesystem/cargo/workload	string	cargo
/rows/38/result/filesystem/git	object	-
/rows/38/result/filesystem/git/check	object	-
/rows/38/result/filesystem/git/check/git_clean	boolean	true
/rows/38/result/filesystem/git/python	string	3.14.7
/rows/38/result/filesystem/git/worker_ms	float	15.335097
/rows/38/result/filesystem/git/workload	string	git
/rows/38/result/filesystem/metadata	object	-
/rows/38/result/filesystem/metadata/check	object	-
/rows/38/result/filesystem/metadata/check/bytes	integer	2095104
/rows/38/result/filesystem/metadata/check/files	integer	2048
/rows/38/result/filesystem/metadata/python	string	3.14.7
/rows/38/result/filesystem/metadata/worker_ms	float	4.601588
/rows/38/result/filesystem/metadata/workload	string	metadata
/rows/38/result/filesystem/npm	object	-
/rows/38/result/filesystem/npm/check	object	-
/rows/38/result/filesystem/npm/check/local_packages	integer	32
/rows/38/result/filesystem/npm/python	string	3.14.7
/rows/38/result/filesystem/npm/worker_ms	float	189.18359
/rows/38/result/filesystem/npm/workload	string	npm
/rows/38/result/filesystem/read	object	-
/rows/38/result/filesystem/read/check	object	-
/rows/38/result/filesystem/read/check/bytes	integer	67108864
/rows/38/result/filesystem/read/check/sha256	string	42ef3a50fe506ced865473b082c8b28f6ce254e6e2b01266b6a563531a6267bc
/rows/38/result/filesystem/read/python	string	3.14.7
/rows/38/result/filesystem/read/worker_ms	float	33.199682
/rows/38/result/filesystem/read/workload	string	read
/rows/38/result/filesystem/rg	object	-
/rows/38/result/filesystem/rg/check	object	-
/rows/38/result/filesystem/rg/check/matches	integer	2048
/rows/38/result/filesystem/rg/python	string	3.14.7
/rows/38/result/filesystem/rg/worker_ms	float	7.370032
/rows/38/result/filesystem/rg/workload	string	rg
/rows/38/result/filesystem/write	object	-
/rows/38/result/filesystem/write/check	object	-
/rows/38/result/filesystem/write/check/bytes	integer	16777216
/rows/38/result/filesystem/write/check/files	integer	256
/rows/38/result/filesystem/write/python	string	3.14.7
/rows/38/result/filesystem/write/worker_ms	float	7.026882
/rows/38/result/filesystem/write/workload	string	write
/rows/38/result/mode	string	filesystem
/rows/38/result/worker_ms	float	435.607725
/rows/38/result_ms	float	476.849395
/rows/38/trial	integer	12
/rows/38/variant	string	native
/rows/39	object	-
/rows/39/backend	string	native
/rows/39/completion_ms	float	470.466874
/rows/39/correctness	string	passed
/rows/39/logs	string	/home/reiase/workspace/pvisor/target/sb/vr/native/trials/filesystem-native-013
/rows/39/memory_scope	string	owned launcher tree; Docker daemon/container RSS excluded
/rows/39/mode	string	filesystem
/rows/39/peak_tree_rss_kib	integer	135608
/rows/39/prepare_ms	float	39.556575
/rows/39/ready_ms	float	39.971279
/rows/39/result	object	-
/rows/39/result/correctness	string	passed
/rows/39/result/filesystem	object	-
/rows/39/result/filesystem/cargo	object	-
/rows/39/result/filesystem/cargo/check	object	-
/rows/39/result/filesystem/cargo/check/modules	integer	64
/rows/39/result/filesystem/cargo/check/result	string	2016
/rows/39/result/filesystem/cargo/python	string	3.14.7
/rows/39/result/filesystem/cargo/worker_ms	float	54.650872
/rows/39/result/filesystem/cargo/workload	string	cargo
/rows/39/result/filesystem/git	object	-
/rows/39/result/filesystem/git/check	object	-
/rows/39/result/filesystem/git/check/git_clean	boolean	true
/rows/39/result/filesystem/git/python	string	3.14.7
/rows/39/result/filesystem/git/worker_ms	float	14.855682
/rows/39/result/filesystem/git/workload	string	git
/rows/39/result/filesystem/metadata	object	-
/rows/39/result/filesystem/metadata/check	object	-
/rows/39/result/filesystem/metadata/check/bytes	integer	2095104
/rows/39/result/filesystem/metadata/check/files	integer	2048
/rows/39/result/filesystem/metadata/python	string	3.14.7
/rows/39/result/filesystem/metadata/worker_ms	float	4.652222
/rows/39/result/filesystem/metadata/workload	string	metadata
/rows/39/result/filesystem/npm	object	-
/rows/39/result/filesystem/npm/check	object	-
/rows/39/result/filesystem/npm/check/local_packages	integer	32
/rows/39/result/filesystem/npm/python	string	3.14.7
/rows/39/result/filesystem/npm/worker_ms	float	179.248651
/rows/39/result/filesystem/npm/workload	string	npm
/rows/39/result/filesystem/read	object	-
/rows/39/result/filesystem/read/check	object	-
/rows/39/result/filesystem/read/check/bytes	integer	67108864
/rows/39/result/filesystem/read/check/sha256	string	42ef3a50fe506ced865473b082c8b28f6ce254e6e2b01266b6a563531a6267bc
/rows/39/result/filesystem/read/python	string	3.14.7
/rows/39/result/filesystem/read/worker_ms	float	32.546784
/rows/39/result/filesystem/read/workload	string	read
/rows/39/result/filesystem/rg	object	-
/rows/39/result/filesystem/rg/check	object	-
/rows/39/result/filesystem/rg/check/matches	integer	2048
/rows/39/result/filesystem/rg/python	string	3.14.7
/rows/39/result/filesystem/rg/worker_ms	float	9.349427
/rows/39/result/filesystem/rg/workload	string	rg
/rows/39/result/filesystem/write	object	-
/rows/39/result/filesystem/write/check	object	-
/rows/39/result/filesystem/write/check/bytes	integer	16777216
/rows/39/result/filesystem/write/check/files	integer	256
/rows/39/result/filesystem/write/python	string	3.14.7
/rows/39/result/filesystem/write/worker_ms	float	3.615066
/rows/39/result/filesystem/write/workload	string	write
/rows/39/result/mode	string	filesystem
/rows/39/result/worker_ms	float	422.947199
/rows/39/result_ms	float	462.975244
/rows/39/trial	integer	13
/rows/39/variant	string	native
/rows/40	object	-
/rows/40/backend	string	pvisor-vm
/rows/40/completion_ms	float	4032.777126
/rows/40/correctness	string	passed
/rows/40/logs	string	/home/reiase/workspace/pvisor/target/sb/vr/candidate/trials/filesystem-pvisor-vm-013
/rows/40/memory_scope	string	owned launcher tree; Docker daemon/container RSS excluded
/rows/40/mode	string	filesystem
/rows/40/peak_tree_rss_kib	integer	616960
/rows/40/prepare_ms	float	36.661382
/rows/40/ready_ms	float	379.161211
/rows/40/result	object	-
/rows/40/result/correctness	string	passed
/rows/40/result/filesystem	object	-
/rows/40/result/filesystem/cargo	object	-
/rows/40/result/filesystem/cargo/check	object	-
/rows/40/result/filesystem/cargo/check/modules	integer	64
/rows/40/result/filesystem/cargo/check/result	string	2016
/rows/40/result/filesystem/cargo/python	string	3.14.7
/rows/40/result/filesystem/cargo/worker_ms	float	481.819782
/rows/40/result/filesystem/cargo/workload	string	cargo
/rows/40/result/filesystem/git	object	-
/rows/40/result/filesystem/git/check	object	-
/rows/40/result/filesystem/git/check/git_clean	boolean	true
/rows/40/result/filesystem/git/python	string	3.14.7
/rows/40/result/filesystem/git/worker_ms	float	357.530379
/rows/40/result/filesystem/git/workload	string	git
/rows/40/result/filesystem/metadata	object	-
/rows/40/result/filesystem/metadata/check	object	-
/rows/40/result/filesystem/metadata/check/bytes	integer	2095104
/rows/40/result/filesystem/metadata/check/files	integer	2048
/rows/40/result/filesystem/metadata/python	string	3.14.7
/rows/40/result/filesystem/metadata/worker_ms	float	199.903487
/rows/40/result/filesystem/metadata/workload	string	metadata
/rows/40/result/filesystem/npm	object	-
/rows/40/result/filesystem/npm/check	object	-
/rows/40/result/filesystem/npm/check/local_packages	integer	32
/rows/40/result/filesystem/npm/python	string	3.14.7
/rows/40/result/filesystem/npm/worker_ms	float	1356.968749
/rows/40/result/filesystem/npm/workload	string	npm
/rows/40/result/filesystem/read	object	-
/rows/40/result/filesystem/read/check	object	-
/rows/40/result/filesystem/read/check/bytes	integer	67108864
/rows/40/result/filesystem/read/check/sha256	string	42ef3a50fe506ced865473b082c8b28f6ce254e6e2b01266b6a563531a6267bc
/rows/40/result/filesystem/read/python	string	3.14.7
/rows/40/result/filesystem/read/worker_ms	float	115.793893
/rows/40/result/filesystem/read/workload	string	read
/rows/40/result/filesystem/rg	object	-
/rows/40/result/filesystem/rg/check	object	-
/rows/40/result/filesystem/rg/check/matches	integer	2048
/rows/40/result/filesystem/rg/python	string	3.14.7
/rows/40/result/filesystem/rg/worker_ms	float	436.186656
/rows/40/result/filesystem/rg/workload	string	rg
/rows/40/result/filesystem/write	object	-
/rows/40/result/filesystem/write/check	object	-
/rows/40/result/filesystem/write/check/bytes	integer	16777216
/rows/40/result/filesystem/write/check/files	integer	256
/rows/40/result/filesystem/write/python	string	3.14.7
/rows/40/result/filesystem/write/worker_ms	float	119.416892
/rows/40/result/filesystem/write/workload	string	write
/rows/40/result/mode	string	filesystem
/rows/40/result/worker_ms	float	3501.588901
/rows/40/result_ms	float	3880.796118
/rows/40/trial	integer	13
/rows/40/variant	string	candidate
/rows/41	object	-
/rows/41/backend	string	pvisor-vm
/rows/41/completion_ms	float	4353.588593
/rows/41/correctness	string	passed
/rows/41/logs	string	/home/reiase/workspace/pvisor/target/sb/vr/baseline/trials/filesystem-pvisor-vm-013
/rows/41/memory_scope	string	owned launcher tree; Docker daemon/container RSS excluded
/rows/41/mode	string	filesystem
/rows/41/peak_tree_rss_kib	integer	612696
/rows/41/prepare_ms	float	37.706974
/rows/41/ready_ms	float	387.26298
/rows/41/result	object	-
/rows/41/result/correctness	string	passed
/rows/41/result/filesystem	object	-
/rows/41/result/filesystem/cargo	object	-
/rows/41/result/filesystem/cargo/check	object	-
/rows/41/result/filesystem/cargo/check/modules	integer	64
/rows/41/result/filesystem/cargo/check/result	string	2016
/rows/41/result/filesystem/cargo/python	string	3.14.7
/rows/41/result/filesystem/cargo/worker_ms	float	517.953183
/rows/41/result/filesystem/cargo/workload	string	cargo
/rows/41/result/filesystem/git	object	-
/rows/41/result/filesystem/git/check	object	-
/rows/41/result/filesystem/git/check/git_clean	boolean	true
/rows/41/result/filesystem/git/python	string	3.14.7
/rows/41/result/filesystem/git/worker_ms	float	712.461412
/rows/41/result/filesystem/git/workload	string	git
/rows/41/result/filesystem/metadata	object	-
/rows/41/result/filesystem/metadata/check	object	-
/rows/41/result/filesystem/metadata/check/bytes	integer	2095104
/rows/41/result/filesystem/metadata/check/files	integer	2048
/rows/41/result/filesystem/metadata/python	string	3.14.7
/rows/41/result/filesystem/metadata/worker_ms	float	125.677747
/rows/41/result/filesystem/metadata/workload	string	metadata
/rows/41/result/filesystem/npm	object	-
/rows/41/result/filesystem/npm/check	object	-
/rows/41/result/filesystem/npm/check/local_packages	integer	32
/rows/41/result/filesystem/npm/python	string	3.14.7
/rows/41/result/filesystem/npm/worker_ms	float	1275.491743
/rows/41/result/filesystem/npm/workload	string	npm
/rows/41/result/filesystem/read	object	-
/rows/41/result/filesystem/read/check	object	-
/rows/41/result/filesystem/read/check/bytes	integer	67108864
/rows/41/result/filesystem/read/check/sha256	string	42ef3a50fe506ced865473b082c8b28f6ce254e6e2b01266b6a563531a6267bc
/rows/41/result/filesystem/read/python	string	3.14.7
/rows/41/result/filesystem/read/worker_ms	float	118.432973
/rows/41/result/filesystem/read/workload	string	read
/rows/41/result/filesystem/rg	object	-
/rows/41/result/filesystem/rg/check	object	-
/rows/41/result/filesystem/rg/check/matches	integer	2048
/rows/41/result/filesystem/rg/python	string	3.14.7
/rows/41/result/filesystem/rg/worker_ms	float	433.360295
/rows/41/result/filesystem/rg/workload	string	rg
/rows/41/result/filesystem/write	object	-
/rows/41/result/filesystem/write/check	object	-
/rows/41/result/filesystem/write/check/bytes	integer	16777216
/rows/41/result/filesystem/write/check/files	integer	256
/rows/41/result/filesystem/write/python	string	3.14.7
/rows/41/result/filesystem/write/worker_ms	float	263.399755
/rows/41/result/filesystem/write/workload	string	write
/rows/41/result/mode	string	filesystem
/rows/41/result/worker_ms	float	3869.121856
/rows/41/result_ms	float	4256.451218
/rows/41/trial	integer	13
/rows/41/variant	string	baseline
/rows/42	object	-
/rows/42/backend	string	native
/rows/42/completion_ms	float	450.675052
/rows/42/correctness	string	passed
/rows/42/logs	string	/home/reiase/workspace/pvisor/target/sb/vr/native/trials/filesystem-native-014
/rows/42/memory_scope	string	owned launcher tree; Docker daemon/container RSS excluded
/rows/42/mode	string	filesystem
/rows/42/peak_tree_rss_kib	integer	142128
/rows/42/prepare_ms	float	37.429887
/rows/42/ready_ms	float	39.586241
/rows/42/result	object	-
/rows/42/result/correctness	string	passed
/rows/42/result/filesystem	object	-
/rows/42/result/filesystem/cargo	object	-
/rows/42/result/filesystem/cargo/check	object	-
/rows/42/result/filesystem/cargo/check/modules	integer	64
/rows/42/result/filesystem/cargo/check/result	string	2016
/rows/42/result/filesystem/cargo/python	string	3.14.7
/rows/42/result/filesystem/cargo/worker_ms	float	51.476009
/rows/42/result/filesystem/cargo/workload	string	cargo
/rows/42/result/filesystem/git	object	-
/rows/42/result/filesystem/git/check	object	-
/rows/42/result/filesystem/git/check/git_clean	boolean	true
/rows/42/result/filesystem/git/python	string	3.14.7
/rows/42/result/filesystem/git/worker_ms	float	14.893923
/rows/42/result/filesystem/git/workload	string	git
/rows/42/result/filesystem/metadata	object	-
/rows/42/result/filesystem/metadata/check	object	-
/rows/42/result/filesystem/metadata/check/bytes	integer	2095104
/rows/42/result/filesystem/metadata/check/files	integer	2048
/rows/42/result/filesystem/metadata/python	string	3.14.7
/rows/42/result/filesystem/metadata/worker_ms	float	4.866211
/rows/42/result/filesystem/metadata/workload	string	metadata
/rows/42/result/filesystem/npm	object	-
/rows/42/result/filesystem/npm/check	object	-
/rows/42/result/filesystem/npm/check/local_packages	integer	32
/rows/42/result/filesystem/npm/python	string	3.14.7
/rows/42/result/filesystem/npm/worker_ms	float	171.428558
/rows/42/result/filesystem/npm/workload	string	npm
/rows/42/result/filesystem/read	object	-
/rows/42/result/filesystem/read/check	object	-
/rows/42/result/filesystem/read/check/bytes	integer	67108864
/rows/42/result/filesystem/read/check/sha256	string	42ef3a50fe506ced865473b082c8b28f6ce254e6e2b01266b6a563531a6267bc
/rows/42/result/filesystem/read/python	string	3.14.7
/rows/42/result/filesystem/read/worker_ms	float	32.795689
/rows/42/result/filesystem/read/workload	string	read
/rows/42/result/filesystem/rg	object	-
/rows/42/result/filesystem/rg/check	object	-
/rows/42/result/filesystem/rg/check/matches	integer	2048
/rows/42/result/filesystem/rg/python	string	3.14.7
/rows/42/result/filesystem/rg/worker_ms	float	7.167014
/rows/42/result/filesystem/rg/workload	string	rg
/rows/42/result/filesystem/write	object	-
/rows/42/result/filesystem/write/check	object	-
/rows/42/result/filesystem/write/check/bytes	integer	16777216
/rows/42/result/filesystem/write/check/files	integer	256
/rows/42/result/filesystem/write/python	string	3.14.7
/rows/42/result/filesystem/write/worker_ms	float	4.369864
/rows/42/result/filesystem/write/workload	string	write
/rows/42/result/mode	string	filesystem
/rows/42/result/worker_ms	float	403.774272
/rows/42/result_ms	float	443.394426
/rows/42/trial	integer	14
/rows/42/variant	string	native
/rows/43	object	-
/rows/43/backend	string	pvisor-vm
/rows/43/completion_ms	float	3888.736748
/rows/43/correctness	string	passed
/rows/43/logs	string	/home/reiase/workspace/pvisor/target/sb/vr/baseline/trials/filesystem-pvisor-vm-014
/rows/43/memory_scope	string	owned launcher tree; Docker daemon/container RSS excluded
/rows/43/mode	string	filesystem
/rows/43/peak_tree_rss_kib	integer	612836
/rows/43/prepare_ms	float	36.161019
/rows/43/ready_ms	float	379.052239
/rows/43/result	object	-
/rows/43/result/correctness	string	passed
/rows/43/result/filesystem	object	-
/rows/43/result/filesystem/cargo	object	-
/rows/43/result/filesystem/cargo/check	object	-
/rows/43/result/filesystem/cargo/check/modules	integer	64
/rows/43/result/filesystem/cargo/check/result	string	2016
/rows/43/result/filesystem/cargo/python	string	3.14.7
/rows/43/result/filesystem/cargo/worker_ms	float	506.899414
/rows/43/result/filesystem/cargo/workload	string	cargo
/rows/43/result/filesystem/git	object	-
/rows/43/result/filesystem/git/check	object	-
/rows/43/result/filesystem/git/check/git_clean	boolean	true
/rows/43/result/filesystem/git/python	string	3.14.7
/rows/43/result/filesystem/git/worker_ms	float	356.780999
/rows/43/result/filesystem/git/workload	string	git
/rows/43/result/filesystem/metadata	object	-
/rows/43/result/filesystem/metadata/check	object	-
/rows/43/result/filesystem/metadata/check/bytes	integer	2095104
/rows/43/result/filesystem/metadata/check/files	integer	2048
/rows/43/result/filesystem/metadata/python	string	3.14.7
/rows/43/result/filesystem/metadata/worker_ms	float	126.991772
/rows/43/result/filesystem/metadata/workload	string	metadata
/rows/43/result/filesystem/npm	object	-
/rows/43/result/filesystem/npm/check	object	-
/rows/43/result/filesystem/npm/check/local_packages	integer	32
/rows/43/result/filesystem/npm/python	string	3.14.7
/rows/43/result/filesystem/npm/worker_ms	float	1205.391749
/rows/43/result/filesystem/npm/workload	string	npm
/rows/43/result/filesystem/read	object	-
/rows/43/result/filesystem/read/check	object	-
/rows/43/result/filesystem/read/check/bytes	integer	67108864
/rows/43/result/filesystem/read/check/sha256	string	42ef3a50fe506ced865473b082c8b28f6ce254e6e2b01266b6a563531a6267bc
/rows/43/result/filesystem/read/python	string	3.14.7
/rows/43/result/filesystem/read/worker_ms	float	117.307421
/rows/43/result/filesystem/read/workload	string	read
/rows/43/result/filesystem/rg	object	-
/rows/43/result/filesystem/rg/check	object	-
/rows/43/result/filesystem/rg/check/matches	integer	2048
/rows/43/result/filesystem/rg/python	string	3.14.7
/rows/43/result/filesystem/rg/worker_ms	float	450.392244
/rows/43/result/filesystem/rg/workload	string	rg
/rows/43/result/filesystem/write	object	-
/rows/43/result/filesystem/write/check	object	-
/rows/43/result/filesystem/write/check/bytes	integer	16777216
/rows/43/result/filesystem/write/check/files	integer	256
/rows/43/result/filesystem/write/python	string	3.14.7
/rows/43/result/filesystem/write/worker_ms	float	241.028112
/rows/43/result/filesystem/write/workload	string	write
/rows/43/result/mode	string	filesystem
/rows/43/result/worker_ms	float	3431.546406
/rows/43/result_ms	float	3810.637879
/rows/43/trial	integer	14
/rows/43/variant	string	baseline
/rows/44	object	-
/rows/44/backend	string	pvisor-vm
/rows/44/completion_ms	float	3994.383271
/rows/44/correctness	string	passed
/rows/44/logs	string	/home/reiase/workspace/pvisor/target/sb/vr/candidate/trials/filesystem-pvisor-vm-014
/rows/44/memory_scope	string	owned launcher tree; Docker daemon/container RSS excluded
/rows/44/mode	string	filesystem
/rows/44/peak_tree_rss_kib	integer	614520
/rows/44/prepare_ms	float	40.720608
/rows/44/ready_ms	float	383.093168
/rows/44/result	object	-
/rows/44/result/correctness	string	passed
/rows/44/result/filesystem	object	-
/rows/44/result/filesystem/cargo	object	-
/rows/44/result/filesystem/cargo/check	object	-
/rows/44/result/filesystem/cargo/check/modules	integer	64
/rows/44/result/filesystem/cargo/check/result	string	2016
/rows/44/result/filesystem/cargo/python	string	3.14.7
/rows/44/result/filesystem/cargo/worker_ms	float	470.214343
/rows/44/result/filesystem/cargo/workload	string	cargo
/rows/44/result/filesystem/git	object	-
/rows/44/result/filesystem/git/check	object	-
/rows/44/result/filesystem/git/check/git_clean	boolean	true
/rows/44/result/filesystem/git/python	string	3.14.7
/rows/44/result/filesystem/git/worker_ms	float	368.152312
/rows/44/result/filesystem/git/workload	string	git
/rows/44/result/filesystem/metadata	object	-
/rows/44/result/filesystem/metadata/check	object	-
/rows/44/result/filesystem/metadata/check/bytes	integer	2095104
/rows/44/result/filesystem/metadata/check/files	integer	2048
/rows/44/result/filesystem/metadata/python	string	3.14.7
/rows/44/result/filesystem/metadata/worker_ms	float	117.816232
/rows/44/result/filesystem/metadata/workload	string	metadata
/rows/44/result/filesystem/npm	object	-
/rows/44/result/filesystem/npm/check	object	-
/rows/44/result/filesystem/npm/check/local_packages	integer	32
/rows/44/result/filesystem/npm/python	string	3.14.7
/rows/44/result/filesystem/npm/worker_ms	float	1337.054007
/rows/44/result/filesystem/npm/workload	string	npm
/rows/44/result/filesystem/read	object	-
/rows/44/result/filesystem/read/check	object	-
/rows/44/result/filesystem/read/check/bytes	integer	67108864
/rows/44/result/filesystem/read/check/sha256	string	42ef3a50fe506ced865473b082c8b28f6ce254e6e2b01266b6a563531a6267bc
/rows/44/result/filesystem/read/python	string	3.14.7
/rows/44/result/filesystem/read/worker_ms	float	117.847299
/rows/44/result/filesystem/read/workload	string	read
/rows/44/result/filesystem/rg	object	-
/rows/44/result/filesystem/rg/check	object	-
/rows/44/result/filesystem/rg/check/matches	integer	2048
/rows/44/result/filesystem/rg/python	string	3.14.7
/rows/44/result/filesystem/rg/worker_ms	float	443.054266
/rows/44/result/filesystem/rg/workload	string	rg
/rows/44/result/filesystem/write	object	-
/rows/44/result/filesystem/write/check	object	-
/rows/44/result/filesystem/write/check/bytes	integer	16777216
/rows/44/result/filesystem/write/check/files	integer	256
/rows/44/result/filesystem/write/python	string	3.14.7
/rows/44/result/filesystem/write/worker_ms	float	154.313772
/rows/44/result/filesystem/write/workload	string	write
/rows/44/result/mode	string	filesystem
/rows/44/result/worker_ms	float	3444.248254
/rows/44/result_ms	float	3827.40123
/rows/44/trial	integer	14
/rows/44/variant	string	candidate
/rows/45	object	-
/rows/45/backend	string	pvisor-vm
/rows/45/completion_ms	float	4031.879061
/rows/45/correctness	string	passed
/rows/45/logs	string	/home/reiase/workspace/pvisor/target/sb/vr/baseline/trials/filesystem-pvisor-vm-015
/rows/45/memory_scope	string	owned launcher tree; Docker daemon/container RSS excluded
/rows/45/mode	string	filesystem
/rows/45/peak_tree_rss_kib	integer	612608
/rows/45/prepare_ms	float	36.908033
/rows/45/ready_ms	float	372.637428
/rows/45/result	object	-
/rows/45/result/correctness	string	passed
/rows/45/result/filesystem	object	-
/rows/45/result/filesystem/cargo	object	-
/rows/45/result/filesystem/cargo/check	object	-
/rows/45/result/filesystem/cargo/check/modules	integer	64
/rows/45/result/filesystem/cargo/check/result	string	2016
/rows/45/result/filesystem/cargo/python	string	3.14.7
/rows/45/result/filesystem/cargo/worker_ms	float	497.819902
/rows/45/result/filesystem/cargo/workload	string	cargo
/rows/45/result/filesystem/git	object	-
/rows/45/result/filesystem/git/check	object	-
/rows/45/result/filesystem/git/check/git_clean	boolean	true
/rows/45/result/filesystem/git/python	string	3.14.7
/rows/45/result/filesystem/git/worker_ms	float	359.012848
/rows/45/result/filesystem/git/workload	string	git
/rows/45/result/filesystem/metadata	object	-
/rows/45/result/filesystem/metadata/check	object	-
/rows/45/result/filesystem/metadata/check/bytes	integer	2095104
/rows/45/result/filesystem/metadata/check/files	integer	2048
/rows/45/result/filesystem/metadata/python	string	3.14.7
/rows/45/result/filesystem/metadata/worker_ms	float	126.054161
/rows/45/result/filesystem/metadata/workload	string	metadata
/rows/45/result/filesystem/npm	object	-
/rows/45/result/filesystem/npm/check	object	-
/rows/45/result/filesystem/npm/check/local_packages	integer	32
/rows/45/result/filesystem/npm/python	string	3.14.7
/rows/45/result/filesystem/npm/worker_ms	float	1358.047675
/rows/45/result/filesystem/npm/workload	string	npm
/rows/45/result/filesystem/read	object	-
/rows/45/result/filesystem/read/check	object	-
/rows/45/result/filesystem/read/check/bytes	integer	67108864
/rows/45/result/filesystem/read/check/sha256	string	42ef3a50fe506ced865473b082c8b28f6ce254e6e2b01266b6a563531a6267bc
/rows/45/result/filesystem/read/python	string	3.14.7
/rows/45/result/filesystem/read/worker_ms	float	119.659455
/rows/45/result/filesystem/read/workload	string	read
/rows/45/result/filesystem/rg	object	-
/rows/45/result/filesystem/rg/check	object	-
/rows/45/result/filesystem/rg/check/matches	integer	2048
/rows/45/result/filesystem/rg/python	string	3.14.7
/rows/45/result/filesystem/rg/worker_ms	float	450.252933
/rows/45/result/filesystem/rg/workload	string	rg
/rows/45/result/filesystem/write	object	-
/rows/45/result/filesystem/write/check	object	-
/rows/45/result/filesystem/write/check/bytes	integer	16777216
/rows/45/result/filesystem/write/check/files	integer	256
/rows/45/result/filesystem/write/python	string	3.14.7
/rows/45/result/filesystem/write/worker_ms	float	237.318232
/rows/45/result/filesystem/write/workload	string	write
/rows/45/result/mode	string	filesystem
/rows/45/result/worker_ms	float	3575.346728
/rows/45/result_ms	float	3948.045732
/rows/45/trial	integer	15
/rows/45/variant	string	baseline
/rows/46	object	-
/rows/46/backend	string	pvisor-vm
/rows/46/completion_ms	float	4133.216182
/rows/46/correctness	string	passed
/rows/46/logs	string	/home/reiase/workspace/pvisor/target/sb/vr/candidate/trials/filesystem-pvisor-vm-015
/rows/46/memory_scope	string	owned launcher tree; Docker daemon/container RSS excluded
/rows/46/mode	string	filesystem
/rows/46/peak_tree_rss_kib	integer	615116
/rows/46/prepare_ms	float	36.761239
/rows/46/ready_ms	float	392.650383
/rows/46/result	object	-
/rows/46/result/correctness	string	passed
/rows/46/result/filesystem	object	-
/rows/46/result/filesystem/cargo	object	-
/rows/46/result/filesystem/cargo/check	object	-
/rows/46/result/filesystem/cargo/check/modules	integer	64
/rows/46/result/filesystem/cargo/check/result	string	2016
/rows/46/result/filesystem/cargo/python	string	3.14.7
/rows/46/result/filesystem/cargo/worker_ms	float	487.505625
/rows/46/result/filesystem/cargo/workload	string	cargo
/rows/46/result/filesystem/git	object	-
/rows/46/result/filesystem/git/check	object	-
/rows/46/result/filesystem/git/check/git_clean	boolean	true
/rows/46/result/filesystem/git/python	string	3.14.7
/rows/46/result/filesystem/git/worker_ms	float	452.34985
/rows/46/result/filesystem/git/workload	string	git
/rows/46/result/filesystem/metadata	object	-
/rows/46/result/filesystem/metadata/check	object	-
/rows/46/result/filesystem/metadata/check/bytes	integer	2095104
/rows/46/result/filesystem/metadata/check/files	integer	2048
/rows/46/result/filesystem/metadata/python	string	3.14.7
/rows/46/result/filesystem/metadata/worker_ms	float	168.456953
/rows/46/result/filesystem/metadata/workload	string	metadata
/rows/46/result/filesystem/npm	object	-
/rows/46/result/filesystem/npm/check	object	-
/rows/46/result/filesystem/npm/check/local_packages	integer	32
/rows/46/result/filesystem/npm/python	string	3.14.7
/rows/46/result/filesystem/npm/worker_ms	float	1351.557771
/rows/46/result/filesystem/npm/workload	string	npm
/rows/46/result/filesystem/read	object	-
/rows/46/result/filesystem/read/check	object	-
/rows/46/result/filesystem/read/check/bytes	integer	67108864
/rows/46/result/filesystem/read/check/sha256	string	42ef3a50fe506ced865473b082c8b28f6ce254e6e2b01266b6a563531a6267bc
/rows/46/result/filesystem/read/python	string	3.14.7
/rows/46/result/filesystem/read/worker_ms	float	118.318469
/rows/46/result/filesystem/read/workload	string	read
/rows/46/result/filesystem/rg	object	-
/rows/46/result/filesystem/rg/check	object	-
/rows/46/result/filesystem/rg/check/matches	integer	2048
/rows/46/result/filesystem/rg/python	string	3.14.7
/rows/46/result/filesystem/rg/worker_ms	float	449.485009
/rows/46/result/filesystem/rg/workload	string	rg
/rows/46/result/filesystem/write	object	-
/rows/46/result/filesystem/write/check	object	-
/rows/46/result/filesystem/write/check/bytes	integer	16777216
/rows/46/result/filesystem/write/check/files	integer	256
/rows/46/result/filesystem/write/python	string	3.14.7
/rows/46/result/filesystem/write/worker_ms	float	127.453284
/rows/46/result/filesystem/write/workload	string	write
/rows/46/result/mode	string	filesystem
/rows/46/result/worker_ms	float	3585.452817
/rows/46/result_ms	float	3978.159395
/rows/46/trial	integer	15
/rows/46/variant	string	candidate
/rows/47	object	-
/rows/47/backend	string	native
/rows/47/completion_ms	float	453.911692
/rows/47/correctness	string	passed
/rows/47/logs	string	/home/reiase/workspace/pvisor/target/sb/vr/native/trials/filesystem-native-015
/rows/47/memory_scope	string	owned launcher tree; Docker daemon/container RSS excluded
/rows/47/mode	string	filesystem
/rows/47/peak_tree_rss_kib	integer	143892
/rows/47/prepare_ms	float	36.812335
/rows/47/ready_ms	float	40.142419
/rows/47/result	object	-
/rows/47/result/correctness	string	passed
/rows/47/result/filesystem	object	-
/rows/47/result/filesystem/cargo	object	-
/rows/47/result/filesystem/cargo/check	object	-
/rows/47/result/filesystem/cargo/check/modules	integer	64
/rows/47/result/filesystem/cargo/check/result	string	2016
/rows/47/result/filesystem/cargo/python	string	3.14.7
/rows/47/result/filesystem/cargo/worker_ms	float	52.745235
/rows/47/result/filesystem/cargo/workload	string	cargo
/rows/47/result/filesystem/git	object	-
/rows/47/result/filesystem/git/check	object	-
/rows/47/result/filesystem/git/check/git_clean	boolean	true
/rows/47/result/filesystem/git/python	string	3.14.7
/rows/47/result/filesystem/git/worker_ms	float	14.813574
/rows/47/result/filesystem/git/workload	string	git
/rows/47/result/filesystem/metadata	object	-
/rows/47/result/filesystem/metadata/check	object	-
/rows/47/result/filesystem/metadata/check/bytes	integer	2095104
/rows/47/result/filesystem/metadata/check/files	integer	2048
/rows/47/result/filesystem/metadata/python	string	3.14.7
/rows/47/result/filesystem/metadata/worker_ms	float	4.627986
/rows/47/result/filesystem/metadata/workload	string	metadata
/rows/47/result/filesystem/npm	object	-
/rows/47/result/filesystem/npm/check	object	-
/rows/47/result/filesystem/npm/check/local_packages	integer	32
/rows/47/result/filesystem/npm/python	string	3.14.7
/rows/47/result/filesystem/npm/worker_ms	float	174.866262
/rows/47/result/filesystem/npm/workload	string	npm
/rows/47/result/filesystem/read	object	-
/rows/47/result/filesystem/read/check	object	-
/rows/47/result/filesystem/read/check/bytes	integer	67108864
/rows/47/result/filesystem/read/check/sha256	string	42ef3a50fe506ced865473b082c8b28f6ce254e6e2b01266b6a563531a6267bc
/rows/47/result/filesystem/read/python	string	3.14.7
/rows/47/result/filesystem/read/worker_ms	float	32.503775
/rows/47/result/filesystem/read/workload	string	read
/rows/47/result/filesystem/rg	object	-
/rows/47/result/filesystem/rg/check	object	-
/rows/47/result/filesystem/rg/check/matches	integer	2048
/rows/47/result/filesystem/rg/python	string	3.14.7
/rows/47/result/filesystem/rg/worker_ms	float	7.032102
/rows/47/result/filesystem/rg/workload	string	rg
/rows/47/result/filesystem/write	object	-
/rows/47/result/filesystem/write/check	object	-
/rows/47/result/filesystem/write/check/bytes	integer	16777216
/rows/47/result/filesystem/write/check/files	integer	256
/rows/47/result/filesystem/write/python	string	3.14.7
/rows/47/result/filesystem/write/worker_ms	float	3.690467
/rows/47/result/filesystem/write/workload	string	write
/rows/47/result/mode	string	filesystem
/rows/47/result/worker_ms	float	406.132962
/rows/47/result_ms	float	446.308574
/rows/47/trial	integer	15
/rows/47/variant	string	native
/rows/48	object	-
/rows/48/backend	string	pvisor-vm
/rows/48/completion_ms	float	4192.752331
/rows/48/correctness	string	passed
/rows/48/logs	string	/home/reiase/workspace/pvisor/target/sb/vr/baseline/trials/filesystem-pvisor-vm-016
/rows/48/memory_scope	string	owned launcher tree; Docker daemon/container RSS excluded
/rows/48/mode	string	filesystem
/rows/48/peak_tree_rss_kib	integer	612132
/rows/48/prepare_ms	float	37.52267
/rows/48/ready_ms	float	378.441128
/rows/48/result	object	-
/rows/48/result/correctness	string	passed
/rows/48/result/filesystem	object	-
/rows/48/result/filesystem/cargo	object	-
/rows/48/result/filesystem/cargo/check	object	-
/rows/48/result/filesystem/cargo/check/modules	integer	64
/rows/48/result/filesystem/cargo/check/result	string	2016
/rows/48/result/filesystem/cargo/python	string	3.14.7
/rows/48/result/filesystem/cargo/worker_ms	float	503.051606
/rows/48/result/filesystem/cargo/workload	string	cargo
/rows/48/result/filesystem/git	object	-
/rows/48/result/filesystem/git/check	object	-
/rows/48/result/filesystem/git/check/git_clean	boolean	true
/rows/48/result/filesystem/git/python	string	3.14.7
/rows/48/result/filesystem/git/worker_ms	float	364.453192
/rows/48/result/filesystem/git/workload	string	git
/rows/48/result/filesystem/metadata	object	-
/rows/48/result/filesystem/metadata/check	object	-
/rows/48/result/filesystem/metadata/check/bytes	integer	2095104
/rows/48/result/filesystem/metadata/check/files	integer	2048
/rows/48/result/filesystem/metadata/python	string	3.14.7
/rows/48/result/filesystem/metadata/worker_ms	float	195.335655
/rows/48/result/filesystem/metadata/workload	string	metadata
/rows/48/result/filesystem/npm	object	-
/rows/48/result/filesystem/npm/check	object	-
/rows/48/result/filesystem/npm/check/local_packages	integer	32
/rows/48/result/filesystem/npm/python	string	3.14.7
/rows/48/result/filesystem/npm/worker_ms	float	1395.385144
/rows/48/result/filesystem/npm/workload	string	npm
/rows/48/result/filesystem/read	object	-
/rows/48/result/filesystem/read/check	object	-
/rows/48/result/filesystem/read/check/bytes	integer	67108864
/rows/48/result/filesystem/read/check/sha256	string	42ef3a50fe506ced865473b082c8b28f6ce254e6e2b01266b6a563531a6267bc
/rows/48/result/filesystem/read/python	string	3.14.7
/rows/48/result/filesystem/read/worker_ms	float	118.279917
/rows/48/result/filesystem/read/workload	string	read
/rows/48/result/filesystem/rg	object	-
/rows/48/result/filesystem/rg/check	object	-
/rows/48/result/filesystem/rg/check/matches	integer	2048
/rows/48/result/filesystem/rg/python	string	3.14.7
/rows/48/result/filesystem/rg/worker_ms	float	455.578081
/rows/48/result/filesystem/rg/workload	string	rg
/rows/48/result/filesystem/write	object	-
/rows/48/result/filesystem/write/check	object	-
/rows/48/result/filesystem/write/check/bytes	integer	16777216
/rows/48/result/filesystem/write/check/files	integer	256
/rows/48/result/filesystem/write/python	string	3.14.7
/rows/48/result/filesystem/write/worker_ms	float	260.247265
/rows/48/result/filesystem/write/workload	string	write
/rows/48/result/mode	string	filesystem
/rows/48/result/worker_ms	float	3725.740226
/rows/48/result_ms	float	4104.337472
/rows/48/trial	integer	16
/rows/48/variant	string	baseline
/rows/49	object	-
/rows/49/backend	string	native
/rows/49/completion_ms	float	448.546158
/rows/49/correctness	string	passed
/rows/49/logs	string	/home/reiase/workspace/pvisor/target/sb/vr/native/trials/filesystem-native-016
/rows/49/memory_scope	string	owned launcher tree; Docker daemon/container RSS excluded
/rows/49/mode	string	filesystem
/rows/49/peak_tree_rss_kib	integer	140816
/rows/49/prepare_ms	float	37.487024
/rows/49/ready_ms	float	39.255594
/rows/49/result	object	-
/rows/49/result/correctness	string	passed
/rows/49/result/filesystem	object	-
/rows/49/result/filesystem/cargo	object	-
/rows/49/result/filesystem/cargo/check	object	-
/rows/49/result/filesystem/cargo/check/modules	integer	64
/rows/49/result/filesystem/cargo/check/result	string	2016
/rows/49/result/filesystem/cargo/python	string	3.14.7
/rows/49/result/filesystem/cargo/worker_ms	float	50.388688
/rows/49/result/filesystem/cargo/workload	string	cargo
/rows/49/result/filesystem/git	object	-
/rows/49/result/filesystem/git/check	object	-
/rows/49/result/filesystem/git/check/git_clean	boolean	true
/rows/49/result/filesystem/git/python	string	3.14.7
/rows/49/result/filesystem/git/worker_ms	float	13.923181
/rows/49/result/filesystem/git/workload	string	git
/rows/49/result/filesystem/metadata	object	-
/rows/49/result/filesystem/metadata/check	object	-
/rows/49/result/filesystem/metadata/check/bytes	integer	2095104
/rows/49/result/filesystem/metadata/check/files	integer	2048
/rows/49/result/filesystem/metadata/python	string	3.14.7
/rows/49/result/filesystem/metadata/worker_ms	float	5.082885
/rows/49/result/filesystem/metadata/workload	string	metadata
/rows/49/result/filesystem/npm	object	-
/rows/49/result/filesystem/npm/check	object	-
/rows/49/result/filesystem/npm/check/local_packages	integer	32
/rows/49/result/filesystem/npm/python	string	3.14.7
/rows/49/result/filesystem/npm/worker_ms	float	169.165645
/rows/49/result/filesystem/npm/workload	string	npm
/rows/49/result/filesystem/read	object	-
/rows/49/result/filesystem/read/check	object	-
/rows/49/result/filesystem/read/check/bytes	integer	67108864
/rows/49/result/filesystem/read/check/sha256	string	42ef3a50fe506ced865473b082c8b28f6ce254e6e2b01266b6a563531a6267bc
/rows/49/result/filesystem/read/python	string	3.14.7
/rows/49/result/filesystem/read/worker_ms	float	32.725848
/rows/49/result/filesystem/read/workload	string	read
/rows/49/result/filesystem/rg	object	-
/rows/49/result/filesystem/rg/check	object	-
/rows/49/result/filesystem/rg/check/matches	integer	2048
/rows/49/result/filesystem/rg/python	string	3.14.7
/rows/49/result/filesystem/rg/worker_ms	float	10.029405
/rows/49/result/filesystem/rg/workload	string	rg
/rows/49/result/filesystem/write	object	-
/rows/49/result/filesystem/write/check	object	-
/rows/49/result/filesystem/write/check/bytes	integer	16777216
/rows/49/result/filesystem/write/check/files	integer	256
/rows/49/result/filesystem/write/python	string	3.14.7
/rows/49/result/filesystem/write/worker_ms	float	3.707969
/rows/49/result/filesystem/write/workload	string	write
/rows/49/result/mode	string	filesystem
/rows/49/result/worker_ms	float	401.948144
/rows/49/result_ms	float	441.24833
/rows/49/trial	integer	16
/rows/49/variant	string	native
/rows/50	object	-
/rows/50/backend	string	pvisor-vm
/rows/50/completion_ms	float	4458.405258
/rows/50/correctness	string	passed
/rows/50/logs	string	/home/reiase/workspace/pvisor/target/sb/vr/candidate/trials/filesystem-pvisor-vm-016
/rows/50/memory_scope	string	owned launcher tree; Docker daemon/container RSS excluded
/rows/50/mode	string	filesystem
/rows/50/peak_tree_rss_kib	integer	617124
/rows/50/prepare_ms	float	36.020628
/rows/50/ready_ms	float	376.890103
/rows/50/result	object	-
/rows/50/result/correctness	string	passed
/rows/50/result/filesystem	object	-
/rows/50/result/filesystem/cargo	object	-
/rows/50/result/filesystem/cargo/check	object	-
/rows/50/result/filesystem/cargo/check/modules	integer	64
/rows/50/result/filesystem/cargo/check/result	string	2016
/rows/50/result/filesystem/cargo/python	string	3.14.7
/rows/50/result/filesystem/cargo/worker_ms	float	487.929416
/rows/50/result/filesystem/cargo/workload	string	cargo
/rows/50/result/filesystem/git	object	-
/rows/50/result/filesystem/git/check	object	-
/rows/50/result/filesystem/git/check/git_clean	boolean	true
/rows/50/result/filesystem/git/python	string	3.14.7
/rows/50/result/filesystem/git/worker_ms	float	672.550645
/rows/50/result/filesystem/git/workload	string	git
/rows/50/result/filesystem/metadata	object	-
/rows/50/result/filesystem/metadata/check	object	-
/rows/50/result/filesystem/metadata/check/bytes	integer	2095104
/rows/50/result/filesystem/metadata/check/files	integer	2048
/rows/50/result/filesystem/metadata/python	string	3.14.7
/rows/50/result/filesystem/metadata/worker_ms	float	173.507638
/rows/50/result/filesystem/metadata/workload	string	metadata
/rows/50/result/filesystem/npm	object	-
/rows/50/result/filesystem/npm/check	object	-
/rows/50/result/filesystem/npm/check/local_packages	integer	32
/rows/50/result/filesystem/npm/python	string	3.14.7
/rows/50/result/filesystem/npm/worker_ms	float	1416.819906
/rows/50/result/filesystem/npm/workload	string	npm
/rows/50/result/filesystem/read	object	-
/rows/50/result/filesystem/read/check	object	-
/rows/50/result/filesystem/read/check/bytes	integer	67108864
/rows/50/result/filesystem/read/check/sha256	string	42ef3a50fe506ced865473b082c8b28f6ce254e6e2b01266b6a563531a6267bc
/rows/50/result/filesystem/read/python	string	3.14.7
/rows/50/result/filesystem/read/worker_ms	float	114.842045
/rows/50/result/filesystem/read/workload	string	read
/rows/50/result/filesystem/rg	object	-
/rows/50/result/filesystem/rg/check	object	-
/rows/50/result/filesystem/rg/check/matches	integer	2048
/rows/50/result/filesystem/rg/python	string	3.14.7
/rows/50/result/filesystem/rg/worker_ms	float	444.424524
/rows/50/result/filesystem/rg/workload	string	rg
/rows/50/result/filesystem/write	object	-
/rows/50/result/filesystem/write/check	object	-
/rows/50/result/filesystem/write/check/bytes	integer	16777216
/rows/50/result/filesystem/write/check/files	integer	256
/rows/50/result/filesystem/write/python	string	3.14.7
/rows/50/result/filesystem/write/worker_ms	float	153.137925
/rows/50/result/filesystem/write/workload	string	write
/rows/50/result/mode	string	filesystem
/rows/50/result/worker_ms	float	3898.777575
/rows/50/result_ms	float	4275.843074
/rows/50/trial	integer	16
/rows/50/variant	string	candidate
/rows/51	object	-
/rows/51/backend	string	native
/rows/51/completion_ms	float	461.14555
/rows/51/correctness	string	passed
/rows/51/logs	string	/home/reiase/workspace/pvisor/target/sb/vr/native/trials/filesystem-native-017
/rows/51/memory_scope	string	owned launcher tree; Docker daemon/container RSS excluded
/rows/51/mode	string	filesystem
/rows/51/peak_tree_rss_kib	integer	140364
/rows/51/prepare_ms	float	37.09455
/rows/51/ready_ms	float	39.722294
/rows/51/result	object	-
/rows/51/result/correctness	string	passed
/rows/51/result/filesystem	object	-
/rows/51/result/filesystem/cargo	object	-
/rows/51/result/filesystem/cargo/check	object	-
/rows/51/result/filesystem/cargo/check/modules	integer	64
/rows/51/result/filesystem/cargo/check/result	string	2016
/rows/51/result/filesystem/cargo/python	string	3.14.7
/rows/51/result/filesystem/cargo/worker_ms	float	54.72981
/rows/51/result/filesystem/cargo/workload	string	cargo
/rows/51/result/filesystem/git	object	-
/rows/51/result/filesystem/git/check	object	-
/rows/51/result/filesystem/git/check/git_clean	boolean	true
/rows/51/result/filesystem/git/python	string	3.14.7
/rows/51/result/filesystem/git/worker_ms	float	15.073879
/rows/51/result/filesystem/git/workload	string	git
/rows/51/result/filesystem/metadata	object	-
/rows/51/result/filesystem/metadata/check	object	-
/rows/51/result/filesystem/metadata/check/bytes	integer	2095104
/rows/51/result/filesystem/metadata/check/files	integer	2048
/rows/51/result/filesystem/metadata/python	string	3.14.7
/rows/51/result/filesystem/metadata/worker_ms	float	4.852766
/rows/51/result/filesystem/metadata/workload	string	metadata
/rows/51/result/filesystem/npm	object	-
/rows/51/result/filesystem/npm/check	object	-
/rows/51/result/filesystem/npm/check/local_packages	integer	32
/rows/51/result/filesystem/npm/python	string	3.14.7
/rows/51/result/filesystem/npm/worker_ms	float	177.347864
/rows/51/result/filesystem/npm/workload	string	npm
/rows/51/result/filesystem/read	object	-
/rows/51/result/filesystem/read/check	object	-
/rows/51/result/filesystem/read/check/bytes	integer	67108864
/rows/51/result/filesystem/read/check/sha256	string	42ef3a50fe506ced865473b082c8b28f6ce254e6e2b01266b6a563531a6267bc
/rows/51/result/filesystem/read/python	string	3.14.7
/rows/51/result/filesystem/read/worker_ms	float	32.866712
/rows/51/result/filesystem/read/workload	string	read
/rows/51/result/filesystem/rg	object	-
/rows/51/result/filesystem/rg/check	object	-
/rows/51/result/filesystem/rg/check/matches	integer	2048
/rows/51/result/filesystem/rg/python	string	3.14.7
/rows/51/result/filesystem/rg/worker_ms	float	7.424234
/rows/51/result/filesystem/rg/workload	string	rg
/rows/51/result/filesystem/write	object	-
/rows/51/result/filesystem/write/check	object	-
/rows/51/result/filesystem/write/check/bytes	integer	16777216
/rows/51/result/filesystem/write/check/files	integer	256
/rows/51/result/filesystem/write/python	string	3.14.7
/rows/51/result/filesystem/write/worker_ms	float	3.709122
/rows/51/result/filesystem/write/workload	string	write
/rows/51/result/mode	string	filesystem
/rows/51/result/worker_ms	float	412.871017
/rows/51/result_ms	float	452.655618
/rows/51/trial	integer	17
/rows/51/variant	string	native
/rows/52	object	-
/rows/52/backend	string	pvisor-vm
/rows/52/completion_ms	float	4032.040121
/rows/52/correctness	string	passed
/rows/52/logs	string	/home/reiase/workspace/pvisor/target/sb/vr/baseline/trials/filesystem-pvisor-vm-017
/rows/52/memory_scope	string	owned launcher tree; Docker daemon/container RSS excluded
/rows/52/mode	string	filesystem
/rows/52/peak_tree_rss_kib	integer	612956
/rows/52/prepare_ms	float	36.880802
/rows/52/ready_ms	float	375.472789
/rows/52/result	object	-
/rows/52/result/correctness	string	passed
/rows/52/result/filesystem	object	-
/rows/52/result/filesystem/cargo	object	-
/rows/52/result/filesystem/cargo/check	object	-
/rows/52/result/filesystem/cargo/check/modules	integer	64
/rows/52/result/filesystem/cargo/check/result	string	2016
/rows/52/result/filesystem/cargo/python	string	3.14.7
/rows/52/result/filesystem/cargo/worker_ms	float	516.867836
/rows/52/result/filesystem/cargo/workload	string	cargo
/rows/52/result/filesystem/git	object	-
/rows/52/result/filesystem/git/check	object	-
/rows/52/result/filesystem/git/check/git_clean	boolean	true
/rows/52/result/filesystem/git/python	string	3.14.7
/rows/52/result/filesystem/git/worker_ms	float	358.408719
/rows/52/result/filesystem/git/workload	string	git
/rows/52/result/filesystem/metadata	object	-
/rows/52/result/filesystem/metadata/check	object	-
/rows/52/result/filesystem/metadata/check/bytes	integer	2095104
/rows/52/result/filesystem/metadata/check/files	integer	2048
/rows/52/result/filesystem/metadata/python	string	3.14.7
/rows/52/result/filesystem/metadata/worker_ms	float	122.486906
/rows/52/result/filesystem/metadata/workload	string	metadata
/rows/52/result/filesystem/npm	object	-
/rows/52/result/filesystem/npm/check	object	-
/rows/52/result/filesystem/npm/check/local_packages	integer	32
/rows/52/result/filesystem/npm/python	string	3.14.7
/rows/52/result/filesystem/npm/worker_ms	float	1351.740813
/rows/52/result/filesystem/npm/workload	string	npm
/rows/52/result/filesystem/read	object	-
/rows/52/result/filesystem/read/check	object	-
/rows/52/result/filesystem/read/check/bytes	integer	67108864
/rows/52/result/filesystem/read/check/sha256	string	42ef3a50fe506ced865473b082c8b28f6ce254e6e2b01266b6a563531a6267bc
/rows/52/result/filesystem/read/python	string	3.14.7
/rows/52/result/filesystem/read/worker_ms	float	121.389046
/rows/52/result/filesystem/read/workload	string	read
/rows/52/result/filesystem/rg	object	-
/rows/52/result/filesystem/rg/check	object	-
/rows/52/result/filesystem/rg/check/matches	integer	2048
/rows/52/result/filesystem/rg/python	string	3.14.7
/rows/52/result/filesystem/rg/worker_ms	float	450.925449
/rows/52/result/filesystem/rg/workload	string	rg
/rows/52/result/filesystem/write	object	-
/rows/52/result/filesystem/write/check	object	-
/rows/52/result/filesystem/write/check/bytes	integer	16777216
/rows/52/result/filesystem/write/check/files	integer	256
/rows/52/result/filesystem/write/python	string	3.14.7
/rows/52/result/filesystem/write/worker_ms	float	227.650091
/rows/52/result/filesystem/write/workload	string	write
/rows/52/result/mode	string	filesystem
/rows/52/result/worker_ms	float	3592.287555
/rows/52/result_ms	float	3967.841832
/rows/52/trial	integer	17
/rows/52/variant	string	baseline
/rows/53	object	-
/rows/53/backend	string	pvisor-vm
/rows/53/completion_ms	float	4354.88919
/rows/53/correctness	string	passed
/rows/53/logs	string	/home/reiase/workspace/pvisor/target/sb/vr/candidate/trials/filesystem-pvisor-vm-017
/rows/53/memory_scope	string	owned launcher tree; Docker daemon/container RSS excluded
/rows/53/mode	string	filesystem
/rows/53/peak_tree_rss_kib	integer	613684
/rows/53/prepare_ms	float	36.197067
/rows/53/ready_ms	float	384.360183
/rows/53/result	object	-
/rows/53/result/correctness	string	passed
/rows/53/result/filesystem	object	-
/rows/53/result/filesystem/cargo	object	-
/rows/53/result/filesystem/cargo/check	object	-
/rows/53/result/filesystem/cargo/check/modules	integer	64
/rows/53/result/filesystem/cargo/check/result	string	2016
/rows/53/result/filesystem/cargo/python	string	3.14.7
/rows/53/result/filesystem/cargo/worker_ms	float	486.653312
/rows/53/result/filesystem/cargo/workload	string	cargo
/rows/53/result/filesystem/git	object	-
/rows/53/result/filesystem/git/check	object	-
/rows/53/result/filesystem/git/check/git_clean	boolean	true
/rows/53/result/filesystem/git/python	string	3.14.7
/rows/53/result/filesystem/git/worker_ms	float	675.558875
/rows/53/result/filesystem/git/workload	string	git
/rows/53/result/filesystem/metadata	object	-
/rows/53/result/filesystem/metadata/check	object	-
/rows/53/result/filesystem/metadata/check/bytes	integer	2095104
/rows/53/result/filesystem/metadata/check/files	integer	2048
/rows/53/result/filesystem/metadata/python	string	3.14.7
/rows/53/result/filesystem/metadata/worker_ms	float	118.710702
/rows/53/result/filesystem/metadata/workload	string	metadata
/rows/53/result/filesystem/npm	object	-
/rows/53/result/filesystem/npm/check	object	-
/rows/53/result/filesystem/npm/check/local_packages	integer	32
/rows/53/result/filesystem/npm/python	string	3.14.7
/rows/53/result/filesystem/npm/worker_ms	float	1356.829539
/rows/53/result/filesystem/npm/workload	string	npm
/rows/53/result/filesystem/read	object	-
/rows/53/result/filesystem/read/check	object	-
/rows/53/result/filesystem/read/check/bytes	integer	67108864
/rows/53/result/filesystem/read/check/sha256	string	42ef3a50fe506ced865473b082c8b28f6ce254e6e2b01266b6a563531a6267bc
/rows/53/result/filesystem/read/python	string	3.14.7
/rows/53/result/filesystem/read/worker_ms	float	119.383529
/rows/53/result/filesystem/read/workload	string	read
/rows/53/result/filesystem/rg	object	-
/rows/53/result/filesystem/rg/check	object	-
/rows/53/result/filesystem/rg/check/matches	integer	2048
/rows/53/result/filesystem/rg/python	string	3.14.7
/rows/53/result/filesystem/rg/worker_ms	float	449.163328
/rows/53/result/filesystem/rg/workload	string	rg
/rows/53/result/filesystem/write	object	-
/rows/53/result/filesystem/write/check	object	-
/rows/53/result/filesystem/write/check/bytes	integer	16777216
/rows/53/result/filesystem/write/check/files	integer	256
/rows/53/result/filesystem/write/python	string	3.14.7
/rows/53/result/filesystem/write/worker_ms	float	141.525222
/rows/53/result/filesystem/write/workload	string	write
/rows/53/result/mode	string	filesystem
/rows/53/result/worker_ms	float	3772.100992
/rows/53/result_ms	float	4156.54748
/rows/53/trial	integer	17
/rows/53/variant	string	candidate
/rows/54	object	-
/rows/54/backend	string	pvisor-vm
/rows/54/completion_ms	float	4094.947401
/rows/54/correctness	string	passed
/rows/54/logs	string	/home/reiase/workspace/pvisor/target/sb/vr/baseline/trials/filesystem-pvisor-vm-018
/rows/54/memory_scope	string	owned launcher tree; Docker daemon/container RSS excluded
/rows/54/mode	string	filesystem
/rows/54/peak_tree_rss_kib	integer	612456
/rows/54/prepare_ms	float	37.741368
/rows/54/ready_ms	float	374.592476
/rows/54/result	object	-
/rows/54/result/correctness	string	passed
/rows/54/result/filesystem	object	-
/rows/54/result/filesystem/cargo	object	-
/rows/54/result/filesystem/cargo/check	object	-
/rows/54/result/filesystem/cargo/check/modules	integer	64
/rows/54/result/filesystem/cargo/check/result	string	2016
/rows/54/result/filesystem/cargo/python	string	3.14.7
/rows/54/result/filesystem/cargo/worker_ms	float	504.397429
/rows/54/result/filesystem/cargo/workload	string	cargo
/rows/54/result/filesystem/git	object	-
/rows/54/result/filesystem/git/check	object	-
/rows/54/result/filesystem/git/check/git_clean	boolean	true
/rows/54/result/filesystem/git/python	string	3.14.7
/rows/54/result/filesystem/git/worker_ms	float	358.639571
/rows/54/result/filesystem/git/workload	string	git
/rows/54/result/filesystem/metadata	object	-
/rows/54/result/filesystem/metadata/check	object	-
/rows/54/result/filesystem/metadata/check/bytes	integer	2095104
/rows/54/result/filesystem/metadata/check/files	integer	2048
/rows/54/result/filesystem/metadata/python	string	3.14.7
/rows/54/result/filesystem/metadata/worker_ms	float	152.134551
/rows/54/result/filesystem/metadata/workload	string	metadata
/rows/54/result/filesystem/npm	object	-
/rows/54/result/filesystem/npm/check	object	-
/rows/54/result/filesystem/npm/check/local_packages	integer	32
/rows/54/result/filesystem/npm/python	string	3.14.7
/rows/54/result/filesystem/npm/worker_ms	float	1358.029221
/rows/54/result/filesystem/npm/workload	string	npm
/rows/54/result/filesystem/read	object	-
/rows/54/result/filesystem/read/check	object	-
/rows/54/result/filesystem/read/check/bytes	integer	67108864
/rows/54/result/filesystem/read/check/sha256	string	42ef3a50fe506ced865473b082c8b28f6ce254e6e2b01266b6a563531a6267bc
/rows/54/result/filesystem/read/python	string	3.14.7
/rows/54/result/filesystem/read/worker_ms	float	117.216
/rows/54/result/filesystem/read/workload	string	read
/rows/54/result/filesystem/rg	object	-
/rows/54/result/filesystem/rg/check	object	-
/rows/54/result/filesystem/rg/check/matches	integer	2048
/rows/54/result/filesystem/rg/python	string	3.14.7
/rows/54/result/filesystem/rg/worker_ms	float	457.592614
/rows/54/result/filesystem/rg/workload	string	rg
/rows/54/result/filesystem/write	object	-
/rows/54/result/filesystem/write/check	object	-
/rows/54/result/filesystem/write/check/bytes	integer	16777216
/rows/54/result/filesystem/write/check/files	integer	256
/rows/54/result/filesystem/write/python	string	3.14.7
/rows/54/result/filesystem/write/worker_ms	float	258.482659
/rows/54/result/filesystem/write/workload	string	write
/rows/54/result/mode	string	filesystem
/rows/54/result/worker_ms	float	3647.486081
/rows/54/result_ms	float	4022.131882
/rows/54/trial	integer	18
/rows/54/variant	string	baseline
/rows/55	object	-
/rows/55/backend	string	native
/rows/55/completion_ms	float	449.646652
/rows/55/correctness	string	passed
/rows/55/logs	string	/home/reiase/workspace/pvisor/target/sb/vr/native/trials/filesystem-native-018
/rows/55/memory_scope	string	owned launcher tree; Docker daemon/container RSS excluded
/rows/55/mode	string	filesystem
/rows/55/peak_tree_rss_kib	integer	141660
/rows/55/prepare_ms	float	35.847945
/rows/55/ready_ms	float	39.121122
/rows/55/result	object	-
/rows/55/result/correctness	string	passed
/rows/55/result/filesystem	object	-
/rows/55/result/filesystem/cargo	object	-
/rows/55/result/filesystem/cargo/check	object	-
/rows/55/result/filesystem/cargo/check/modules	integer	64
/rows/55/result/filesystem/cargo/check/result	string	2016
/rows/55/result/filesystem/cargo/python	string	3.14.7
/rows/55/result/filesystem/cargo/worker_ms	float	55.598571
/rows/55/result/filesystem/cargo/workload	string	cargo
/rows/55/result/filesystem/git	object	-
/rows/55/result/filesystem/git/check	object	-
/rows/55/result/filesystem/git/check/git_clean	boolean	true
/rows/55/result/filesystem/git/python	string	3.14.7
/rows/55/result/filesystem/git/worker_ms	float	15.643832
/rows/55/result/filesystem/git/workload	string	git
/rows/55/result/filesystem/metadata	object	-
/rows/55/result/filesystem/metadata/check	object	-
/rows/55/result/filesystem/metadata/check/bytes	integer	2095104
/rows/55/result/filesystem/metadata/check/files	integer	2048
/rows/55/result/filesystem/metadata/python	string	3.14.7
/rows/55/result/filesystem/metadata/worker_ms	float	4.718335
/rows/55/result/filesystem/metadata/workload	string	metadata
/rows/55/result/filesystem/npm	object	-
/rows/55/result/filesystem/npm/check	object	-
/rows/55/result/filesystem/npm/check/local_packages	integer	32
/rows/55/result/filesystem/npm/python	string	3.14.7
/rows/55/result/filesystem/npm/worker_ms	float	167.481352
/rows/55/result/filesystem/npm/workload	string	npm
/rows/55/result/filesystem/read	object	-
/rows/55/result/filesystem/read/check	object	-
/rows/55/result/filesystem/read/check/bytes	integer	67108864
/rows/55/result/filesystem/read/check/sha256	string	42ef3a50fe506ced865473b082c8b28f6ce254e6e2b01266b6a563531a6267bc
/rows/55/result/filesystem/read/python	string	3.14.7
/rows/55/result/filesystem/read/worker_ms	float	32.858506
/rows/55/result/filesystem/read/workload	string	read
/rows/55/result/filesystem/rg	object	-
/rows/55/result/filesystem/rg/check	object	-
/rows/55/result/filesystem/rg/check/matches	integer	2048
/rows/55/result/filesystem/rg/python	string	3.14.7
/rows/55/result/filesystem/rg/worker_ms	float	7.761022
/rows/55/result/filesystem/rg/workload	string	rg
/rows/55/result/filesystem/write	object	-
/rows/55/result/filesystem/write/check	object	-
/rows/55/result/filesystem/write/check/bytes	integer	16777216
/rows/55/result/filesystem/write/check/files	integer	256
/rows/55/result/filesystem/write/python	string	3.14.7
/rows/55/result/filesystem/write/worker_ms	float	3.60093
/rows/55/result/filesystem/write/workload	string	write
/rows/55/result/mode	string	filesystem
/rows/55/result/worker_ms	float	402.197338
/rows/55/result_ms	float	441.381378
/rows/55/trial	integer	18
/rows/55/variant	string	native
/rows/56	object	-
/rows/56/backend	string	pvisor-vm
/rows/56/completion_ms	float	4051.7821
/rows/56/correctness	string	passed
/rows/56/logs	string	/home/reiase/workspace/pvisor/target/sb/vr/candidate/trials/filesystem-pvisor-vm-018
/rows/56/memory_scope	string	owned launcher tree; Docker daemon/container RSS excluded
/rows/56/mode	string	filesystem
/rows/56/peak_tree_rss_kib	integer	615504
/rows/56/prepare_ms	float	40.044606
/rows/56/ready_ms	float	376.709637
/rows/56/result	object	-
/rows/56/result/correctness	string	passed
/rows/56/result/filesystem	object	-
/rows/56/result/filesystem/cargo	object	-
/rows/56/result/filesystem/cargo/check	object	-
/rows/56/result/filesystem/cargo/check/modules	integer	64
/rows/56/result/filesystem/cargo/check/result	string	2016
/rows/56/result/filesystem/cargo/python	string	3.14.7
/rows/56/result/filesystem/cargo/worker_ms	float	484.593714
/rows/56/result/filesystem/cargo/workload	string	cargo
/rows/56/result/filesystem/git	object	-
/rows/56/result/filesystem/git/check	object	-
/rows/56/result/filesystem/git/check/git_clean	boolean	true
/rows/56/result/filesystem/git/python	string	3.14.7
/rows/56/result/filesystem/git/worker_ms	float	355.824392
/rows/56/result/filesystem/git/workload	string	git
/rows/56/result/filesystem/metadata	object	-
/rows/56/result/filesystem/metadata/check	object	-
/rows/56/result/filesystem/metadata/check/bytes	integer	2095104
/rows/56/result/filesystem/metadata/check/files	integer	2048
/rows/56/result/filesystem/metadata/python	string	3.14.7
/rows/56/result/filesystem/metadata/worker_ms	float	162.741245
/rows/56/result/filesystem/metadata/workload	string	metadata
/rows/56/result/filesystem/npm	object	-
/rows/56/result/filesystem/npm/check	object	-
/rows/56/result/filesystem/npm/check/local_packages	integer	32
/rows/56/result/filesystem/npm/python	string	3.14.7
/rows/56/result/filesystem/npm/worker_ms	float	1348.628198
/rows/56/result/filesystem/npm/workload	string	npm
/rows/56/result/filesystem/read	object	-
/rows/56/result/filesystem/read/check	object	-
/rows/56/result/filesystem/read/check/bytes	integer	67108864
/rows/56/result/filesystem/read/check/sha256	string	42ef3a50fe506ced865473b082c8b28f6ce254e6e2b01266b6a563531a6267bc
/rows/56/result/filesystem/read/python	string	3.14.7
/rows/56/result/filesystem/read/worker_ms	float	117.842981
/rows/56/result/filesystem/read/workload	string	read
/rows/56/result/filesystem/rg	object	-
/rows/56/result/filesystem/rg/check	object	-
/rows/56/result/filesystem/rg/check/matches	integer	2048
/rows/56/result/filesystem/rg/python	string	3.14.7
/rows/56/result/filesystem/rg/worker_ms	float	434.525081
/rows/56/result/filesystem/rg/workload	string	rg
/rows/56/result/filesystem/write	object	-
/rows/56/result/filesystem/write/check	object	-
/rows/56/result/filesystem/write/check/bytes	integer	16777216
/rows/56/result/filesystem/write/check/files	integer	256
/rows/56/result/filesystem/write/python	string	3.14.7
/rows/56/result/filesystem/write/worker_ms	float	144.429608
/rows/56/result/filesystem/write/workload	string	write
/rows/56/result/mode	string	filesystem
/rows/56/result/worker_ms	float	3478.112135
/rows/56/result_ms	float	3854.867043
/rows/56/trial	integer	18
/rows/56/variant	string	candidate
/rows/57	object	-
/rows/57/backend	string	native
/rows/57/completion_ms	float	448.988314
/rows/57/correctness	string	passed
/rows/57/logs	string	/home/reiase/workspace/pvisor/target/sb/vr/native/trials/filesystem-native-019
/rows/57/memory_scope	string	owned launcher tree; Docker daemon/container RSS excluded
/rows/57/mode	string	filesystem
/rows/57/peak_tree_rss_kib	integer	142276
/rows/57/prepare_ms	float	35.511637
/rows/57/ready_ms	float	39.746359
/rows/57/result	object	-
/rows/57/result/correctness	string	passed
/rows/57/result/filesystem	object	-
/rows/57/result/filesystem/cargo	object	-
/rows/57/result/filesystem/cargo/check	object	-
/rows/57/result/filesystem/cargo/check/modules	integer	64
/rows/57/result/filesystem/cargo/check/result	string	2016
/rows/57/result/filesystem/cargo/python	string	3.14.7
/rows/57/result/filesystem/cargo/worker_ms	float	53.570457
/rows/57/result/filesystem/cargo/workload	string	cargo
/rows/57/result/filesystem/git	object	-
/rows/57/result/filesystem/git/check	object	-
/rows/57/result/filesystem/git/check/git_clean	boolean	true
/rows/57/result/filesystem/git/python	string	3.14.7
/rows/57/result/filesystem/git/worker_ms	float	15.758797
/rows/57/result/filesystem/git/workload	string	git
/rows/57/result/filesystem/metadata	object	-
/rows/57/result/filesystem/metadata/check	object	-
/rows/57/result/filesystem/metadata/check/bytes	integer	2095104
/rows/57/result/filesystem/metadata/check/files	integer	2048
/rows/57/result/filesystem/metadata/python	string	3.14.7
/rows/57/result/filesystem/metadata/worker_ms	float	4.740285
/rows/57/result/filesystem/metadata/workload	string	metadata
/rows/57/result/filesystem/npm	object	-
/rows/57/result/filesystem/npm/check	object	-
/rows/57/result/filesystem/npm/check/local_packages	integer	32
/rows/57/result/filesystem/npm/python	string	3.14.7
/rows/57/result/filesystem/npm/worker_ms	float	167.883752
/rows/57/result/filesystem/npm/workload	string	npm
/rows/57/result/filesystem/read	object	-
/rows/57/result/filesystem/read/check	object	-
/rows/57/result/filesystem/read/check/bytes	integer	67108864
/rows/57/result/filesystem/read/check/sha256	string	42ef3a50fe506ced865473b082c8b28f6ce254e6e2b01266b6a563531a6267bc
/rows/57/result/filesystem/read/python	string	3.14.7
/rows/57/result/filesystem/read/worker_ms	float	32.172597
/rows/57/result/filesystem/read/workload	string	read
/rows/57/result/filesystem/rg	object	-
/rows/57/result/filesystem/rg/check	object	-
/rows/57/result/filesystem/rg/check/matches	integer	2048
/rows/57/result/filesystem/rg/python	string	3.14.7
/rows/57/result/filesystem/rg/worker_ms	float	8.042437
/rows/57/result/filesystem/rg/workload	string	rg
/rows/57/result/filesystem/write	object	-
/rows/57/result/filesystem/write/check	object	-
/rows/57/result/filesystem/write/check/bytes	integer	16777216
/rows/57/result/filesystem/write/check/files	integer	256
/rows/57/result/filesystem/write/python	string	3.14.7
/rows/57/result/filesystem/write/worker_ms	float	3.640182
/rows/57/result/filesystem/write/workload	string	write
/rows/57/result/mode	string	filesystem
/rows/57/result/worker_ms	float	401.172967
/rows/57/result_ms	float	440.933883
/rows/57/trial	integer	19
/rows/57/variant	string	native
/rows/58	object	-
/rows/58/backend	string	pvisor-vm
/rows/58/completion_ms	float	4358.639798
/rows/58/correctness	string	passed
/rows/58/logs	string	/home/reiase/workspace/pvisor/target/sb/vr/candidate/trials/filesystem-pvisor-vm-019
/rows/58/memory_scope	string	owned launcher tree; Docker daemon/container RSS excluded
/rows/58/mode	string	filesystem
/rows/58/peak_tree_rss_kib	integer	614136
/rows/58/prepare_ms	float	36.130382
/rows/58/ready_ms	float	378.583834
/rows/58/result	object	-
/rows/58/result/correctness	string	passed
/rows/58/result/filesystem	object	-
/rows/58/result/filesystem/cargo	object	-
/rows/58/result/filesystem/cargo/check	object	-
/rows/58/result/filesystem/cargo/check/modules	integer	64
/rows/58/result/filesystem/cargo/check/result	string	2016
/rows/58/result/filesystem/cargo/python	string	3.14.7
/rows/58/result/filesystem/cargo/worker_ms	float	481.001053
/rows/58/result/filesystem/cargo/workload	string	cargo
/rows/58/result/filesystem/git	object	-
/rows/58/result/filesystem/git/check	object	-
/rows/58/result/filesystem/git/check/git_clean	boolean	true
/rows/58/result/filesystem/git/python	string	3.14.7
/rows/58/result/filesystem/git/worker_ms	float	682.808928
/rows/58/result/filesystem/git/workload	string	git
/rows/58/result/filesystem/metadata	object	-
/rows/58/result/filesystem/metadata/check	object	-
/rows/58/result/filesystem/metadata/check/bytes	integer	2095104
/rows/58/result/filesystem/metadata/check/files	integer	2048
/rows/58/result/filesystem/metadata/python	string	3.14.7
/rows/58/result/filesystem/metadata/worker_ms	float	166.163088
/rows/58/result/filesystem/metadata/workload	string	metadata
/rows/58/result/filesystem/npm	object	-
/rows/58/result/filesystem/npm/check	object	-
/rows/58/result/filesystem/npm/check/local_packages	integer	32
/rows/58/result/filesystem/npm/python	string	3.14.7
/rows/58/result/filesystem/npm/worker_ms	float	1318.203462
/rows/58/result/filesystem/npm/workload	string	npm
/rows/58/result/filesystem/read	object	-
/rows/58/result/filesystem/read/check	object	-
/rows/58/result/filesystem/read/check/bytes	integer	67108864
/rows/58/result/filesystem/read/check/sha256	string	42ef3a50fe506ced865473b082c8b28f6ce254e6e2b01266b6a563531a6267bc
/rows/58/result/filesystem/read/python	string	3.14.7
/rows/58/result/filesystem/read/worker_ms	float	114.440495
/rows/58/result/filesystem/read/workload	string	read
/rows/58/result/filesystem/rg	object	-
/rows/58/result/filesystem/rg/check	object	-
/rows/58/result/filesystem/rg/check/matches	integer	2048
/rows/58/result/filesystem/rg/python	string	3.14.7
/rows/58/result/filesystem/rg/worker_ms	float	441.371481
/rows/58/result/filesystem/rg/workload	string	rg
/rows/58/result/filesystem/write	object	-
/rows/58/result/filesystem/write/check	object	-
/rows/58/result/filesystem/write/check/bytes	integer	16777216
/rows/58/result/filesystem/write/check/files	integer	256
/rows/58/result/filesystem/write/python	string	3.14.7
/rows/58/result/filesystem/write/worker_ms	float	143.900339
/rows/58/result/filesystem/write/workload	string	write
/rows/58/result/mode	string	filesystem
/rows/58/result/worker_ms	float	3771.750317
/rows/58/result_ms	float	4150.390611
/rows/58/trial	integer	19
/rows/58/variant	string	candidate
/rows/59	object	-
/rows/59/backend	string	pvisor-vm
/rows/59/completion_ms	float	4092.522034
/rows/59/correctness	string	passed
/rows/59/logs	string	/home/reiase/workspace/pvisor/target/sb/vr/baseline/trials/filesystem-pvisor-vm-019
/rows/59/memory_scope	string	owned launcher tree; Docker daemon/container RSS excluded
/rows/59/mode	string	filesystem
/rows/59/peak_tree_rss_kib	integer	614892
/rows/59/prepare_ms	float	36.548182
/rows/59/ready_ms	float	379.183012
/rows/59/result	object	-
/rows/59/result/correctness	string	passed
/rows/59/result/filesystem	object	-
/rows/59/result/filesystem/cargo	object	-
/rows/59/result/filesystem/cargo/check	object	-
/rows/59/result/filesystem/cargo/check/modules	integer	64
/rows/59/result/filesystem/cargo/check/result	string	2016
/rows/59/result/filesystem/cargo/python	string	3.14.7
/rows/59/result/filesystem/cargo/worker_ms	float	507.846283
/rows/59/result/filesystem/cargo/workload	string	cargo
/rows/59/result/filesystem/git	object	-
/rows/59/result/filesystem/git/check	object	-
/rows/59/result/filesystem/git/check/git_clean	boolean	true
/rows/59/result/filesystem/git/python	string	3.14.7
/rows/59/result/filesystem/git/worker_ms	float	362.049942
/rows/59/result/filesystem/git/workload	string	git
/rows/59/result/filesystem/metadata	object	-
/rows/59/result/filesystem/metadata/check	object	-
/rows/59/result/filesystem/metadata/check/bytes	integer	2095104
/rows/59/result/filesystem/metadata/check/files	integer	2048
/rows/59/result/filesystem/metadata/python	string	3.14.7
/rows/59/result/filesystem/metadata/worker_ms	float	195.422798
/rows/59/result/filesystem/metadata/workload	string	metadata
/rows/59/result/filesystem/npm	object	-
/rows/59/result/filesystem/npm/check	object	-
/rows/59/result/filesystem/npm/check/local_packages	integer	32
/rows/59/result/filesystem/npm/python	string	3.14.7
/rows/59/result/filesystem/npm/worker_ms	float	1360.350957
/rows/59/result/filesystem/npm/workload	string	npm
/rows/59/result/filesystem/read	object	-
/rows/59/result/filesystem/read/check	object	-
/rows/59/result/filesystem/read/check/bytes	integer	67108864
/rows/59/result/filesystem/read/check/sha256	string	42ef3a50fe506ced865473b082c8b28f6ce254e6e2b01266b6a563531a6267bc
/rows/59/result/filesystem/read/python	string	3.14.7
/rows/59/result/filesystem/read/worker_ms	float	117.895429
/rows/59/result/filesystem/read/workload	string	read
/rows/59/result/filesystem/rg	object	-
/rows/59/result/filesystem/rg/check	object	-
/rows/59/result/filesystem/rg/check/matches	integer	2048
/rows/59/result/filesystem/rg/python	string	3.14.7
/rows/59/result/filesystem/rg/worker_ms	float	447.631435
/rows/59/result/filesystem/rg/workload	string	rg
/rows/59/result/filesystem/write	object	-
/rows/59/result/filesystem/write/check	object	-
/rows/59/result/filesystem/write/check/bytes	integer	16777216
/rows/59/result/filesystem/write/check/files	integer	256
/rows/59/result/filesystem/write/python	string	3.14.7
/rows/59/result/filesystem/write/worker_ms	float	225.890974
/rows/59/result/filesystem/write/workload	string	write
/rows/59/result/mode	string	filesystem
/rows/59/result/worker_ms	float	3647.64112
/rows/59/result_ms	float	4026.853542
/rows/59/trial	integer	19
/rows/59/variant	string	baseline
/rows/60	object	-
/rows/60/backend	string	pvisor-vm
/rows/60/completion_ms	float	4458.739853
/rows/60/correctness	string	passed
/rows/60/logs	string	/home/reiase/workspace/pvisor/target/sb/vr/candidate/trials/filesystem-pvisor-vm-020
/rows/60/memory_scope	string	owned launcher tree; Docker daemon/container RSS excluded
/rows/60/mode	string	filesystem
/rows/60/peak_tree_rss_kib	integer	615832
/rows/60/prepare_ms	float	37.962271
/rows/60/ready_ms	float	374.789995
/rows/60/result	object	-
/rows/60/result/correctness	string	passed
/rows/60/result/filesystem	object	-
/rows/60/result/filesystem/cargo	object	-
/rows/60/result/filesystem/cargo/check	object	-
/rows/60/result/filesystem/cargo/check/modules	integer	64
/rows/60/result/filesystem/cargo/check/result	string	2016
/rows/60/result/filesystem/cargo/python	string	3.14.7
/rows/60/result/filesystem/cargo/worker_ms	float	498.207005
/rows/60/result/filesystem/cargo/workload	string	cargo
/rows/60/result/filesystem/git	object	-
/rows/60/result/filesystem/git/check	object	-
/rows/60/result/filesystem/git/check/git_clean	boolean	true
/rows/60/result/filesystem/git/python	string	3.14.7
/rows/60/result/filesystem/git/worker_ms	float	680.514371
/rows/60/result/filesystem/git/workload	string	git
/rows/60/result/filesystem/metadata	object	-
/rows/60/result/filesystem/metadata/check	object	-
/rows/60/result/filesystem/metadata/check/bytes	integer	2095104
/rows/60/result/filesystem/metadata/check/files	integer	2048
/rows/60/result/filesystem/metadata/python	string	3.14.7
/rows/60/result/filesystem/metadata/worker_ms	float	118.777518
/rows/60/result/filesystem/metadata/workload	string	metadata
/rows/60/result/filesystem/npm	object	-
/rows/60/result/filesystem/npm/check	object	-
/rows/60/result/filesystem/npm/check/local_packages	integer	32
/rows/60/result/filesystem/npm/python	string	3.14.7
/rows/60/result/filesystem/npm/worker_ms	float	1418.746385
/rows/60/result/filesystem/npm/workload	string	npm
/rows/60/result/filesystem/read	object	-
/rows/60/result/filesystem/read/check	object	-
/rows/60/result/filesystem/read/check/bytes	integer	67108864
/rows/60/result/filesystem/read/check/sha256	string	42ef3a50fe506ced865473b082c8b28f6ce254e6e2b01266b6a563531a6267bc
/rows/60/result/filesystem/read/python	string	3.14.7
/rows/60/result/filesystem/read/worker_ms	float	118.932828
/rows/60/result/filesystem/read/workload	string	read
/rows/60/result/filesystem/rg	object	-
/rows/60/result/filesystem/rg/check	object	-
/rows/60/result/filesystem/rg/check/matches	integer	2048
/rows/60/result/filesystem/rg/python	string	3.14.7
/rows/60/result/filesystem/rg/worker_ms	float	443.186342
/rows/60/result/filesystem/rg/workload	string	rg
/rows/60/result/filesystem/write	object	-
/rows/60/result/filesystem/write/check	object	-
/rows/60/result/filesystem/write/check/bytes	integer	16777216
/rows/60/result/filesystem/write/check/files	integer	256
/rows/60/result/filesystem/write/python	string	3.14.7
/rows/60/result/filesystem/write/worker_ms	float	167.323175
/rows/60/result/filesystem/write/workload	string	write
/rows/60/result/mode	string	filesystem
/rows/60/result/worker_ms	float	3876.436761
/rows/60/result_ms	float	4252.167113
/rows/60/trial	integer	20
/rows/60/variant	string	candidate
/rows/61	object	-
/rows/61/backend	string	native
/rows/61/completion_ms	float	462.119247
/rows/61/correctness	string	passed
/rows/61/logs	string	/home/reiase/workspace/pvisor/target/sb/vr/native/trials/filesystem-native-020
/rows/61/memory_scope	string	owned launcher tree; Docker daemon/container RSS excluded
/rows/61/mode	string	filesystem
/rows/61/peak_tree_rss_kib	integer	143368
/rows/61/prepare_ms	float	36.408631
/rows/61/ready_ms	float	41.962355
/rows/61/result	object	-
/rows/61/result/correctness	string	passed
/rows/61/result/filesystem	object	-
/rows/61/result/filesystem/cargo	object	-
/rows/61/result/filesystem/cargo/check	object	-
/rows/61/result/filesystem/cargo/check/modules	integer	64
/rows/61/result/filesystem/cargo/check/result	string	2016
/rows/61/result/filesystem/cargo/python	string	3.14.7
/rows/61/result/filesystem/cargo/worker_ms	float	52.353636
/rows/61/result/filesystem/cargo/workload	string	cargo
/rows/61/result/filesystem/git	object	-
/rows/61/result/filesystem/git/check	object	-
/rows/61/result/filesystem/git/check/git_clean	boolean	true
/rows/61/result/filesystem/git/python	string	3.14.7
/rows/61/result/filesystem/git/worker_ms	float	16.045742
/rows/61/result/filesystem/git/workload	string	git
/rows/61/result/filesystem/metadata	object	-
/rows/61/result/filesystem/metadata/check	object	-
/rows/61/result/filesystem/metadata/check/bytes	integer	2095104
/rows/61/result/filesystem/metadata/check/files	integer	2048
/rows/61/result/filesystem/metadata/python	string	3.14.7
/rows/61/result/filesystem/metadata/worker_ms	float	4.707144
/rows/61/result/filesystem/metadata/workload	string	metadata
/rows/61/result/filesystem/npm	object	-
/rows/61/result/filesystem/npm/check	object	-
/rows/61/result/filesystem/npm/check/local_packages	integer	32
/rows/61/result/filesystem/npm/python	string	3.14.7
/rows/61/result/filesystem/npm/worker_ms	float	174.186344
/rows/61/result/filesystem/npm/workload	string	npm
/rows/61/result/filesystem/read	object	-
/rows/61/result/filesystem/read/check	object	-
/rows/61/result/filesystem/read/check/bytes	integer	67108864
/rows/61/result/filesystem/read/check/sha256	string	42ef3a50fe506ced865473b082c8b28f6ce254e6e2b01266b6a563531a6267bc
/rows/61/result/filesystem/read/python	string	3.14.7
/rows/61/result/filesystem/read/worker_ms	float	33.056516
/rows/61/result/filesystem/read/workload	string	read
/rows/61/result/filesystem/rg	object	-
/rows/61/result/filesystem/rg/check	object	-
/rows/61/result/filesystem/rg/check/matches	integer	2048
/rows/61/result/filesystem/rg/python	string	3.14.7
/rows/61/result/filesystem/rg/worker_ms	float	8.987892
/rows/61/result/filesystem/rg/workload	string	rg
/rows/61/result/filesystem/write	object	-
/rows/61/result/filesystem/write/check	object	-
/rows/61/result/filesystem/write/check/bytes	integer	16777216
/rows/61/result/filesystem/write/check/files	integer	256
/rows/61/result/filesystem/write/python	string	3.14.7
/rows/61/result/filesystem/write/worker_ms	float	3.62233
/rows/61/result/filesystem/write/workload	string	write
/rows/61/result/mode	string	filesystem
/rows/61/result/worker_ms	float	411.879746
/rows/61/result_ms	float	453.870495
/rows/61/trial	integer	20
/rows/61/variant	string	native
/rows/62	object	-
/rows/62/backend	string	pvisor-vm
/rows/62/completion_ms	float	4153.769066
/rows/62/correctness	string	passed
/rows/62/logs	string	/home/reiase/workspace/pvisor/target/sb/vr/baseline/trials/filesystem-pvisor-vm-020
/rows/62/memory_scope	string	owned launcher tree; Docker daemon/container RSS excluded
/rows/62/mode	string	filesystem
/rows/62/peak_tree_rss_kib	integer	611928
/rows/62/prepare_ms	float	36.280713
/rows/62/ready_ms	float	374.685479
/rows/62/result	object	-
/rows/62/result/correctness	string	passed
/rows/62/result/filesystem	object	-
/rows/62/result/filesystem/cargo	object	-
/rows/62/result/filesystem/cargo/check	object	-
/rows/62/result/filesystem/cargo/check/modules	integer	64
/rows/62/result/filesystem/cargo/check/result	string	2016
/rows/62/result/filesystem/cargo/python	string	3.14.7
/rows/62/result/filesystem/cargo/worker_ms	float	493.778192
/rows/62/result/filesystem/cargo/workload	string	cargo
/rows/62/result/filesystem/git	object	-
/rows/62/result/filesystem/git/check	object	-
/rows/62/result/filesystem/git/check/git_clean	boolean	true
/rows/62/result/filesystem/git/python	string	3.14.7
/rows/62/result/filesystem/git/worker_ms	float	361.361035
/rows/62/result/filesystem/git/workload	string	git
/rows/62/result/filesystem/metadata	object	-
/rows/62/result/filesystem/metadata/check	object	-
/rows/62/result/filesystem/metadata/check/bytes	integer	2095104
/rows/62/result/filesystem/metadata/check/files	integer	2048
/rows/62/result/filesystem/metadata/python	string	3.14.7
/rows/62/result/filesystem/metadata/worker_ms	float	205.636186
/rows/62/result/filesystem/metadata/workload	string	metadata
/rows/62/result/filesystem/npm	object	-
/rows/62/result/filesystem/npm/check	object	-
/rows/62/result/filesystem/npm/check/local_packages	integer	32
/rows/62/result/filesystem/npm/python	string	3.14.7
/rows/62/result/filesystem/npm/worker_ms	float	1415.561887
/rows/62/result/filesystem/npm/workload	string	npm
/rows/62/result/filesystem/read	object	-
/rows/62/result/filesystem/read/check	object	-
/rows/62/result/filesystem/read/check/bytes	integer	67108864
/rows/62/result/filesystem/read/check/sha256	string	42ef3a50fe506ced865473b082c8b28f6ce254e6e2b01266b6a563531a6267bc
/rows/62/result/filesystem/read/python	string	3.14.7
/rows/62/result/filesystem/read/worker_ms	float	117.97588
/rows/62/result/filesystem/read/workload	string	read
/rows/62/result/filesystem/rg	object	-
/rows/62/result/filesystem/rg/check	object	-
/rows/62/result/filesystem/rg/check/matches	integer	2048
/rows/62/result/filesystem/rg/python	string	3.14.7
/rows/62/result/filesystem/rg/worker_ms	float	448.315794
/rows/62/result/filesystem/rg/workload	string	rg
/rows/62/result/filesystem/write	object	-
/rows/62/result/filesystem/write/check	object	-
/rows/62/result/filesystem/write/check/bytes	integer	16777216
/rows/62/result/filesystem/write/check/files	integer	256
/rows/62/result/filesystem/write/python	string	3.14.7
/rows/62/result/filesystem/write/worker_ms	float	235.42263
/rows/62/result/filesystem/write/workload	string	write
/rows/62/result/mode	string	filesystem
/rows/62/result/worker_ms	float	3704.140997
/rows/62/result_ms	float	4078.902389
/rows/62/trial	integer	20
/rows/62/variant	string	baseline
/rows/63	object	-
/rows/63/backend	string	pvisor-vm
/rows/63/completion_ms	float	4055.40954
/rows/63/correctness	string	passed
/rows/63/logs	string	/home/reiase/workspace/pvisor/target/sb/vr/candidate/trials/filesystem-pvisor-vm-021
/rows/63/memory_scope	string	owned launcher tree; Docker daemon/container RSS excluded
/rows/63/mode	string	filesystem
/rows/63/peak_tree_rss_kib	integer	614084
/rows/63/prepare_ms	float	38.304589
/rows/63/ready_ms	float	376.925911
/rows/63/result	object	-
/rows/63/result/correctness	string	passed
/rows/63/result/filesystem	object	-
/rows/63/result/filesystem/cargo	object	-
/rows/63/result/filesystem/cargo/check	object	-
/rows/63/result/filesystem/cargo/check/modules	integer	64
/rows/63/result/filesystem/cargo/check/result	string	2016
/rows/63/result/filesystem/cargo/python	string	3.14.7
/rows/63/result/filesystem/cargo/worker_ms	float	486.220353
/rows/63/result/filesystem/cargo/workload	string	cargo
/rows/63/result/filesystem/git	object	-
/rows/63/result/filesystem/git/check	object	-
/rows/63/result/filesystem/git/check/git_clean	boolean	true
/rows/63/result/filesystem/git/python	string	3.14.7
/rows/63/result/filesystem/git/worker_ms	float	356.076823
/rows/63/result/filesystem/git/workload	string	git
/rows/63/result/filesystem/metadata	object	-
/rows/63/result/filesystem/metadata/check	object	-
/rows/63/result/filesystem/metadata/check/bytes	integer	2095104
/rows/63/result/filesystem/metadata/check/files	integer	2048
/rows/63/result/filesystem/metadata/python	string	3.14.7
/rows/63/result/filesystem/metadata/worker_ms	float	159.9389
/rows/63/result/filesystem/metadata/workload	string	metadata
/rows/63/result/filesystem/npm	object	-
/rows/63/result/filesystem/npm/check	object	-
/rows/63/result/filesystem/npm/check/local_packages	integer	32
/rows/63/result/filesystem/npm/python	string	3.14.7
/rows/63/result/filesystem/npm/worker_ms	float	1320.923122
/rows/63/result/filesystem/npm/workload	string	npm
/rows/63/result/filesystem/read	object	-
/rows/63/result/filesystem/read/check	object	-
/rows/63/result/filesystem/read/check/bytes	integer	67108864
/rows/63/result/filesystem/read/check/sha256	string	42ef3a50fe506ced865473b082c8b28f6ce254e6e2b01266b6a563531a6267bc
/rows/63/result/filesystem/read/python	string	3.14.7
/rows/63/result/filesystem/read/worker_ms	float	117.897313
/rows/63/result/filesystem/read/workload	string	read
/rows/63/result/filesystem/rg	object	-
/rows/63/result/filesystem/rg/check	object	-
/rows/63/result/filesystem/rg/check/matches	integer	2048
/rows/63/result/filesystem/rg/python	string	3.14.7
/rows/63/result/filesystem/rg/worker_ms	float	449.989952
/rows/63/result/filesystem/rg/workload	string	rg
/rows/63/result/filesystem/write	object	-
/rows/63/result/filesystem/write/check	object	-
/rows/63/result/filesystem/write/check/bytes	integer	16777216
/rows/63/result/filesystem/write/check/files	integer	256
/rows/63/result/filesystem/write/python	string	3.14.7
/rows/63/result/filesystem/write/worker_ms	float	153.52608
/rows/63/result/filesystem/write/workload	string	write
/rows/63/result/mode	string	filesystem
/rows/63/result/worker_ms	float	3475.373268
/rows/63/result_ms	float	3852.314821
/rows/63/trial	integer	21
/rows/63/variant	string	candidate
/rows/64	object	-
/rows/64/backend	string	native
/rows/64/completion_ms	float	449.510388
/rows/64/correctness	string	passed
/rows/64/logs	string	/home/reiase/workspace/pvisor/target/sb/vr/native/trials/filesystem-native-021
/rows/64/memory_scope	string	owned launcher tree; Docker daemon/container RSS excluded
/rows/64/mode	string	filesystem
/rows/64/peak_tree_rss_kib	integer	142244
/rows/64/prepare_ms	float	37.106283
/rows/64/ready_ms	float	39.845334
/rows/64/result	object	-
/rows/64/result/correctness	string	passed
/rows/64/result/filesystem	object	-
/rows/64/result/filesystem/cargo	object	-
/rows/64/result/filesystem/cargo/check	object	-
/rows/64/result/filesystem/cargo/check/modules	integer	64
/rows/64/result/filesystem/cargo/check/result	string	2016
/rows/64/result/filesystem/cargo/python	string	3.14.7
/rows/64/result/filesystem/cargo/worker_ms	float	53.620139
/rows/64/result/filesystem/cargo/workload	string	cargo
/rows/64/result/filesystem/git	object	-
/rows/64/result/filesystem/git/check	object	-
/rows/64/result/filesystem/git/check/git_clean	boolean	true
/rows/64/result/filesystem/git/python	string	3.14.7
/rows/64/result/filesystem/git/worker_ms	float	13.624564
/rows/64/result/filesystem/git/workload	string	git
/rows/64/result/filesystem/metadata	object	-
/rows/64/result/filesystem/metadata/check	object	-
/rows/64/result/filesystem/metadata/check/bytes	integer	2095104
/rows/64/result/filesystem/metadata/check/files	integer	2048
/rows/64/result/filesystem/metadata/python	string	3.14.7
/rows/64/result/filesystem/metadata/worker_ms	float	4.575788
/rows/64/result/filesystem/metadata/workload	string	metadata
/rows/64/result/filesystem/npm	object	-
/rows/64/result/filesystem/npm/check	object	-
/rows/64/result/filesystem/npm/check/local_packages	integer	32
/rows/64/result/filesystem/npm/python	string	3.14.7
/rows/64/result/filesystem/npm/worker_ms	float	170.673419
/rows/64/result/filesystem/npm/workload	string	npm
/rows/64/result/filesystem/read	object	-
/rows/64/result/filesystem/read/check	object	-
/rows/64/result/filesystem/read/check/bytes	integer	67108864
/rows/64/result/filesystem/read/check/sha256	string	42ef3a50fe506ced865473b082c8b28f6ce254e6e2b01266b6a563531a6267bc
/rows/64/result/filesystem/read/python	string	3.14.7
/rows/64/result/filesystem/read/worker_ms	float	33.294099
/rows/64/result/filesystem/read/workload	string	read
/rows/64/result/filesystem/rg	object	-
/rows/64/result/filesystem/rg/check	object	-
/rows/64/result/filesystem/rg/check/matches	integer	2048
/rows/64/result/filesystem/rg/python	string	3.14.7
/rows/64/result/filesystem/rg/worker_ms	float	8.782689
/rows/64/result/filesystem/rg/workload	string	rg
/rows/64/result/filesystem/write	object	-
/rows/64/result/filesystem/write/check	object	-
/rows/64/result/filesystem/write/check/bytes	integer	16777216
/rows/64/result/filesystem/write/check/files	integer	256
/rows/64/result/filesystem/write/python	string	3.14.7
/rows/64/result/filesystem/write/worker_ms	float	3.496946
/rows/64/result/filesystem/write/workload	string	write
/rows/64/result/mode	string	filesystem
/rows/64/result/worker_ms	float	402.16603
/rows/64/result_ms	float	442.042112
/rows/64/trial	integer	21
/rows/64/variant	string	native
/rows/65	object	-
/rows/65/backend	string	pvisor-vm
/rows/65/completion_ms	float	3991.038018
/rows/65/correctness	string	passed
/rows/65/logs	string	/home/reiase/workspace/pvisor/target/sb/vr/baseline/trials/filesystem-pvisor-vm-021
/rows/65/memory_scope	string	owned launcher tree; Docker daemon/container RSS excluded
/rows/65/mode	string	filesystem
/rows/65/peak_tree_rss_kib	integer	613108
/rows/65/prepare_ms	float	36.728097
/rows/65/ready_ms	float	369.213659
/rows/65/result	object	-
/rows/65/result/correctness	string	passed
/rows/65/result/filesystem	object	-
/rows/65/result/filesystem/cargo	object	-
/rows/65/result/filesystem/cargo/check	object	-
/rows/65/result/filesystem/cargo/check/modules	integer	64
/rows/65/result/filesystem/cargo/check/result	string	2016
/rows/65/result/filesystem/cargo/python	string	3.14.7
/rows/65/result/filesystem/cargo/worker_ms	float	490.305244
/rows/65/result/filesystem/cargo/workload	string	cargo
/rows/65/result/filesystem/git	object	-
/rows/65/result/filesystem/git/check	object	-
/rows/65/result/filesystem/git/check/git_clean	boolean	true
/rows/65/result/filesystem/git/python	string	3.14.7
/rows/65/result/filesystem/git/worker_ms	float	358.227571
/rows/65/result/filesystem/git/workload	string	git
/rows/65/result/filesystem/metadata	object	-
/rows/65/result/filesystem/metadata/check	object	-
/rows/65/result/filesystem/metadata/check/bytes	integer	2095104
/rows/65/result/filesystem/metadata/check/files	integer	2048
/rows/65/result/filesystem/metadata/python	string	3.14.7
/rows/65/result/filesystem/metadata/worker_ms	float	127.051594
/rows/65/result/filesystem/metadata/workload	string	metadata
/rows/65/result/filesystem/npm	object	-
/rows/65/result/filesystem/npm/check	object	-
/rows/65/result/filesystem/npm/check/local_packages	integer	32
/rows/65/result/filesystem/npm/python	string	3.14.7
/rows/65/result/filesystem/npm/worker_ms	float	1366.401029
/rows/65/result/filesystem/npm/workload	string	npm
/rows/65/result/filesystem/read	object	-
/rows/65/result/filesystem/read/check	object	-
/rows/65/result/filesystem/read/check/bytes	integer	67108864
/rows/65/result/filesystem/read/check/sha256	string	42ef3a50fe506ced865473b082c8b28f6ce254e6e2b01266b6a563531a6267bc
/rows/65/result/filesystem/read/python	string	3.14.7
/rows/65/result/filesystem/read/worker_ms	float	119.538137
/rows/65/result/filesystem/read/workload	string	read
/rows/65/result/filesystem/rg	object	-
/rows/65/result/filesystem/rg/check	object	-
/rows/65/result/filesystem/rg/check/matches	integer	2048
/rows/65/result/filesystem/rg/python	string	3.14.7
/rows/65/result/filesystem/rg/worker_ms	float	446.104242
/rows/65/result/filesystem/rg/workload	string	rg
/rows/65/result/filesystem/write	object	-
/rows/65/result/filesystem/write/check	object	-
/rows/65/result/filesystem/write/check/bytes	integer	16777216
/rows/65/result/filesystem/write/check/files	integer	256
/rows/65/result/filesystem/write/python	string	3.14.7
/rows/65/result/filesystem/write/worker_ms	float	220.79785
/rows/65/result/filesystem/write/workload	string	write
/rows/65/result/mode	string	filesystem
/rows/65/result/worker_ms	float	3553.420638
/rows/65/result_ms	float	3922.680107
/rows/65/trial	integer	21
/rows/65/variant	string	baseline
/rows/66	object	-
/rows/66/backend	string	pvisor-vm
/rows/66/completion_ms	float	4093.028359
/rows/66/correctness	string	passed
/rows/66/logs	string	/home/reiase/workspace/pvisor/target/sb/vr/baseline/trials/filesystem-pvisor-vm-022
/rows/66/memory_scope	string	owned launcher tree; Docker daemon/container RSS excluded
/rows/66/mode	string	filesystem
/rows/66/peak_tree_rss_kib	integer	617896
/rows/66/prepare_ms	float	36.01655
/rows/66/ready_ms	float	374.209802
/rows/66/result	object	-
/rows/66/result/correctness	string	passed
/rows/66/result/filesystem	object	-
/rows/66/result/filesystem/cargo	object	-
/rows/66/result/filesystem/cargo/check	object	-
/rows/66/result/filesystem/cargo/check/modules	integer	64
/rows/66/result/filesystem/cargo/check/result	string	2016
/rows/66/result/filesystem/cargo/python	string	3.14.7
/rows/66/result/filesystem/cargo/worker_ms	float	525.917691
/rows/66/result/filesystem/cargo/workload	string	cargo
/rows/66/result/filesystem/git	object	-
/rows/66/result/filesystem/git/check	object	-
/rows/66/result/filesystem/git/check/git_clean	boolean	true
/rows/66/result/filesystem/git/python	string	3.14.7
/rows/66/result/filesystem/git/worker_ms	float	359.88667
/rows/66/result/filesystem/git/workload	string	git
/rows/66/result/filesystem/metadata	object	-
/rows/66/result/filesystem/metadata/check	object	-
/rows/66/result/filesystem/metadata/check/bytes	integer	2095104
/rows/66/result/filesystem/metadata/check/files	integer	2048
/rows/66/result/filesystem/metadata/python	string	3.14.7
/rows/66/result/filesystem/metadata/worker_ms	float	151.726909
/rows/66/result/filesystem/metadata/workload	string	metadata
/rows/66/result/filesystem/npm	object	-
/rows/66/result/filesystem/npm/check	object	-
/rows/66/result/filesystem/npm/check/local_packages	integer	32
/rows/66/result/filesystem/npm/python	string	3.14.7
/rows/66/result/filesystem/npm/worker_ms	float	1351.704214
/rows/66/result/filesystem/npm/workload	string	npm
/rows/66/result/filesystem/read	object	-
/rows/66/result/filesystem/read/check	object	-
/rows/66/result/filesystem/read/check/bytes	integer	67108864
/rows/66/result/filesystem/read/check/sha256	string	42ef3a50fe506ced865473b082c8b28f6ce254e6e2b01266b6a563531a6267bc
/rows/66/result/filesystem/read/python	string	3.14.7
/rows/66/result/filesystem/read/worker_ms	float	120.110126
/rows/66/result/filesystem/read/workload	string	read
/rows/66/result/filesystem/rg	object	-
/rows/66/result/filesystem/rg/check	object	-
/rows/66/result/filesystem/rg/check/matches	integer	2048
/rows/66/result/filesystem/rg/python	string	3.14.7
/rows/66/result/filesystem/rg/worker_ms	float	452.282464
/rows/66/result/filesystem/rg/workload	string	rg
/rows/66/result/filesystem/write	object	-
/rows/66/result/filesystem/write/check	object	-
/rows/66/result/filesystem/write/check/bytes	integer	16777216
/rows/66/result/filesystem/write/check/files	integer	256
/rows/66/result/filesystem/write/python	string	3.14.7
/rows/66/result/filesystem/write/worker_ms	float	255.087436
/rows/66/result/filesystem/write/workload	string	write
/rows/66/result/mode	string	filesystem
/rows/66/result/worker_ms	float	3640.336465
/rows/66/result_ms	float	4014.601018
/rows/66/trial	integer	22
/rows/66/variant	string	baseline
/rows/67	object	-
/rows/67/backend	string	native
/rows/67/completion_ms	float	455.176261
/rows/67/correctness	string	passed
/rows/67/logs	string	/home/reiase/workspace/pvisor/target/sb/vr/native/trials/filesystem-native-022
/rows/67/memory_scope	string	owned launcher tree; Docker daemon/container RSS excluded
/rows/67/mode	string	filesystem
/rows/67/peak_tree_rss_kib	integer	146060
/rows/67/prepare_ms	float	36.388003
/rows/67/ready_ms	float	39.856375
/rows/67/result	object	-
/rows/67/result/correctness	string	passed
/rows/67/result/filesystem	object	-
/rows/67/result/filesystem/cargo	object	-
/rows/67/result/filesystem/cargo/check	object	-
/rows/67/result/filesystem/cargo/check/modules	integer	64
/rows/67/result/filesystem/cargo/check/result	string	2016
/rows/67/result/filesystem/cargo/python	string	3.14.7
/rows/67/result/filesystem/cargo/worker_ms	float	52.981728
/rows/67/result/filesystem/cargo/workload	string	cargo
/rows/67/result/filesystem/git	object	-
/rows/67/result/filesystem/git/check	object	-
/rows/67/result/filesystem/git/check/git_clean	boolean	true
/rows/67/result/filesystem/git/python	string	3.14.7
/rows/67/result/filesystem/git/worker_ms	float	14.809275
/rows/67/result/filesystem/git/workload	string	git
/rows/67/result/filesystem/metadata	object	-
/rows/67/result/filesystem/metadata/check	object	-
/rows/67/result/filesystem/metadata/check/bytes	integer	2095104
/rows/67/result/filesystem/metadata/check/files	integer	2048
/rows/67/result/filesystem/metadata/python	string	3.14.7
/rows/67/result/filesystem/metadata/worker_ms	float	4.745887
/rows/67/result/filesystem/metadata/workload	string	metadata
/rows/67/result/filesystem/npm	object	-
/rows/67/result/filesystem/npm/check	object	-
/rows/67/result/filesystem/npm/check/local_packages	integer	32
/rows/67/result/filesystem/npm/python	string	3.14.7
/rows/67/result/filesystem/npm/worker_ms	float	175.039826
/rows/67/result/filesystem/npm/workload	string	npm
/rows/67/result/filesystem/read	object	-
/rows/67/result/filesystem/read/check	object	-
/rows/67/result/filesystem/read/check/bytes	integer	67108864
/rows/67/result/filesystem/read/check/sha256	string	42ef3a50fe506ced865473b082c8b28f6ce254e6e2b01266b6a563531a6267bc
/rows/67/result/filesystem/read/python	string	3.14.7
/rows/67/result/filesystem/read/worker_ms	float	32.386937
/rows/67/result/filesystem/read/workload	string	read
/rows/67/result/filesystem/rg	object	-
/rows/67/result/filesystem/rg/check	object	-
/rows/67/result/filesystem/rg/check/matches	integer	2048
/rows/67/result/filesystem/rg/python	string	3.14.7
/rows/67/result/filesystem/rg/worker_ms	float	7.115638
/rows/67/result/filesystem/rg/workload	string	rg
/rows/67/result/filesystem/write	object	-
/rows/67/result/filesystem/write/check	object	-
/rows/67/result/filesystem/write/check/bytes	integer	16777216
/rows/67/result/filesystem/write/check/files	integer	256
/rows/67/result/filesystem/write/python	string	3.14.7
/rows/67/result/filesystem/write/worker_ms	float	3.523766
/rows/67/result/filesystem/write/workload	string	write
/rows/67/result/mode	string	filesystem
/rows/67/result/worker_ms	float	407.172492
/rows/67/result_ms	float	447.07842
/rows/67/trial	integer	22
/rows/67/variant	string	native
/rows/68	object	-
/rows/68/backend	string	pvisor-vm
/rows/68/completion_ms	float	4013.038202
/rows/68/correctness	string	passed
/rows/68/logs	string	/home/reiase/workspace/pvisor/target/sb/vr/candidate/trials/filesystem-pvisor-vm-022
/rows/68/memory_scope	string	owned launcher tree; Docker daemon/container RSS excluded
/rows/68/mode	string	filesystem
/rows/68/peak_tree_rss_kib	integer	616568
/rows/68/prepare_ms	float	36.402129
/rows/68/ready_ms	float	372.935023
/rows/68/result	object	-
/rows/68/result/correctness	string	passed
/rows/68/result/filesystem	object	-
/rows/68/result/filesystem/cargo	object	-
/rows/68/result/filesystem/cargo/check	object	-
/rows/68/result/filesystem/cargo/check/modules	integer	64
/rows/68/result/filesystem/cargo/check/result	string	2016
/rows/68/result/filesystem/cargo/python	string	3.14.7
/rows/68/result/filesystem/cargo/worker_ms	float	476.432078
/rows/68/result/filesystem/cargo/workload	string	cargo
/rows/68/result/filesystem/git	object	-
/rows/68/result/filesystem/git/check	object	-
/rows/68/result/filesystem/git/check/git_clean	boolean	true
/rows/68/result/filesystem/git/python	string	3.14.7
/rows/68/result/filesystem/git/worker_ms	float	364.452771
/rows/68/result/filesystem/git/workload	string	git
/rows/68/result/filesystem/metadata	object	-
/rows/68/result/filesystem/metadata/check	object	-
/rows/68/result/filesystem/metadata/check/bytes	integer	2095104
/rows/68/result/filesystem/metadata/check/files	integer	2048
/rows/68/result/filesystem/metadata/python	string	3.14.7
/rows/68/result/filesystem/metadata/worker_ms	float	180.177288
/rows/68/result/filesystem/metadata/workload	string	metadata
/rows/68/result/filesystem/npm	object	-
/rows/68/result/filesystem/npm/check	object	-
/rows/68/result/filesystem/npm/check/local_packages	integer	32
/rows/68/result/filesystem/npm/python	string	3.14.7
/rows/68/result/filesystem/npm/worker_ms	float	1301.834123
/rows/68/result/filesystem/npm/workload	string	npm
/rows/68/result/filesystem/read	object	-
/rows/68/result/filesystem/read/check	object	-
/rows/68/result/filesystem/read/check/bytes	integer	67108864
/rows/68/result/filesystem/read/check/sha256	string	42ef3a50fe506ced865473b082c8b28f6ce254e6e2b01266b6a563531a6267bc
/rows/68/result/filesystem/read/python	string	3.14.7
/rows/68/result/filesystem/read/worker_ms	float	115.614649
/rows/68/result/filesystem/read/workload	string	read
/rows/68/result/filesystem/rg	object	-
/rows/68/result/filesystem/rg/check	object	-
/rows/68/result/filesystem/rg/check/matches	integer	2048
/rows/68/result/filesystem/rg/python	string	3.14.7
/rows/68/result/filesystem/rg/worker_ms	float	436.784833
/rows/68/result/filesystem/rg/workload	string	rg
/rows/68/result/filesystem/write	object	-
/rows/68/result/filesystem/write/check	object	-
/rows/68/result/filesystem/write/check/bytes	integer	16777216
/rows/68/result/filesystem/write/check/files	integer	256
/rows/68/result/filesystem/write/python	string	3.14.7
/rows/68/result/filesystem/write/worker_ms	float	136.823429
/rows/68/result/filesystem/write/workload	string	write
/rows/68/result/mode	string	filesystem
/rows/68/result/worker_ms	float	3452.781875
/rows/68/result_ms	float	3825.854894
/rows/68/trial	integer	22
/rows/68/variant	string	candidate
/rows/69	object	-
/rows/69/backend	string	pvisor-vm
/rows/69/completion_ms	float	4110.102561
/rows/69/correctness	string	passed
/rows/69/logs	string	/home/reiase/workspace/pvisor/target/sb/vr/baseline/trials/filesystem-pvisor-vm-023
/rows/69/memory_scope	string	owned launcher tree; Docker daemon/container RSS excluded
/rows/69/mode	string	filesystem
/rows/69/peak_tree_rss_kib	integer	612480
/rows/69/prepare_ms	float	37.096685
/rows/69/ready_ms	float	377.126484
/rows/69/result	object	-
/rows/69/result/correctness	string	passed
/rows/69/result/filesystem	object	-
/rows/69/result/filesystem/cargo	object	-
/rows/69/result/filesystem/cargo/check	object	-
/rows/69/result/filesystem/cargo/check/modules	integer	64
/rows/69/result/filesystem/cargo/check/result	string	2016
/rows/69/result/filesystem/cargo/python	string	3.14.7
/rows/69/result/filesystem/cargo/worker_ms	float	500.604074
/rows/69/result/filesystem/cargo/workload	string	cargo
/rows/69/result/filesystem/git	object	-
/rows/69/result/filesystem/git/check	object	-
/rows/69/result/filesystem/git/check/git_clean	boolean	true
/rows/69/result/filesystem/git/python	string	3.14.7
/rows/69/result/filesystem/git/worker_ms	float	364.900928
/rows/69/result/filesystem/git/workload	string	git
/rows/69/result/filesystem/metadata	object	-
/rows/69/result/filesystem/metadata/check	object	-
/rows/69/result/filesystem/metadata/check/bytes	integer	2095104
/rows/69/result/filesystem/metadata/check/files	integer	2048
/rows/69/result/filesystem/metadata/python	string	3.14.7
/rows/69/result/filesystem/metadata/worker_ms	float	203.37309
/rows/69/result/filesystem/metadata/workload	string	metadata
/rows/69/result/filesystem/npm	object	-
/rows/69/result/filesystem/npm/check	object	-
/rows/69/result/filesystem/npm/check/local_packages	integer	32
/rows/69/result/filesystem/npm/python	string	3.14.7
/rows/69/result/filesystem/npm/worker_ms	float	1355.450483
/rows/69/result/filesystem/npm/workload	string	npm
/rows/69/result/filesystem/read	object	-
/rows/69/result/filesystem/read/check	object	-
/rows/69/result/filesystem/read/check/bytes	integer	67108864
/rows/69/result/filesystem/read/check/sha256	string	42ef3a50fe506ced865473b082c8b28f6ce254e6e2b01266b6a563531a6267bc
/rows/69/result/filesystem/read/python	string	3.14.7
/rows/69/result/filesystem/read/worker_ms	float	119.124085
/rows/69/result/filesystem/read/workload	string	read
/rows/69/result/filesystem/rg	object	-
/rows/69/result/filesystem/rg/check	object	-
/rows/69/result/filesystem/rg/check/matches	integer	2048
/rows/69/result/filesystem/rg/python	string	3.14.7
/rows/69/result/filesystem/rg/worker_ms	float	463.69313
/rows/69/result/filesystem/rg/workload	string	rg
/rows/69/result/filesystem/write	object	-
/rows/69/result/filesystem/write/check	object	-
/rows/69/result/filesystem/write/check/bytes	integer	16777216
/rows/69/result/filesystem/write/check/files	integer	256
/rows/69/result/filesystem/write/python	string	3.14.7
/rows/69/result/filesystem/write/worker_ms	float	225.88358
/rows/69/result/filesystem/write/workload	string	write
/rows/69/result/mode	string	filesystem
/rows/69/result/worker_ms	float	3661.531619
/rows/69/result_ms	float	4038.714656
/rows/69/trial	integer	23
/rows/69/variant	string	baseline
/rows/70	object	-
/rows/70/backend	string	native
/rows/70/completion_ms	float	450.385902
/rows/70/correctness	string	passed
/rows/70/logs	string	/home/reiase/workspace/pvisor/target/sb/vr/native/trials/filesystem-native-023
/rows/70/memory_scope	string	owned launcher tree; Docker daemon/container RSS excluded
/rows/70/mode	string	filesystem
/rows/70/peak_tree_rss_kib	integer	142860
/rows/70/prepare_ms	float	37.082608
/rows/70/ready_ms	float	39.215039
/rows/70/result	object	-
/rows/70/result/correctness	string	passed
/rows/70/result/filesystem	object	-
/rows/70/result/filesystem/cargo	object	-
/rows/70/result/filesystem/cargo/check	object	-
/rows/70/result/filesystem/cargo/check/modules	integer	64
/rows/70/result/filesystem/cargo/check/result	string	2016
/rows/70/result/filesystem/cargo/python	string	3.14.7
/rows/70/result/filesystem/cargo/worker_ms	float	52.766436
/rows/70/result/filesystem/cargo/workload	string	cargo
/rows/70/result/filesystem/git	object	-
/rows/70/result/filesystem/git/check	object	-
/rows/70/result/filesystem/git/check/git_clean	boolean	true
/rows/70/result/filesystem/git/python	string	3.14.7
/rows/70/result/filesystem/git/worker_ms	float	14.966269
/rows/70/result/filesystem/git/workload	string	git
/rows/70/result/filesystem/metadata	object	-
/rows/70/result/filesystem/metadata/check	object	-
/rows/70/result/filesystem/metadata/check/bytes	integer	2095104
/rows/70/result/filesystem/metadata/check/files	integer	2048
/rows/70/result/filesystem/metadata/python	string	3.14.7
/rows/70/result/filesystem/metadata/worker_ms	float	5.354362
/rows/70/result/filesystem/metadata/workload	string	metadata
/rows/70/result/filesystem/npm	object	-
/rows/70/result/filesystem/npm/check	object	-
/rows/70/result/filesystem/npm/check/local_packages	integer	32
/rows/70/result/filesystem/npm/python	string	3.14.7
/rows/70/result/filesystem/npm/worker_ms	float	171.657706
/rows/70/result/filesystem/npm/workload	string	npm
/rows/70/result/filesystem/read	object	-
/rows/70/result/filesystem/read/check	object	-
/rows/70/result/filesystem/read/check/bytes	integer	67108864
/rows/70/result/filesystem/read/check/sha256	string	42ef3a50fe506ced865473b082c8b28f6ce254e6e2b01266b6a563531a6267bc
/rows/70/result/filesystem/read/python	string	3.14.7
/rows/70/result/filesystem/read/worker_ms	float	32.545072
/rows/70/result/filesystem/read/workload	string	read
/rows/70/result/filesystem/rg	object	-
/rows/70/result/filesystem/rg/check	object	-
/rows/70/result/filesystem/rg/check/matches	integer	2048
/rows/70/result/filesystem/rg/python	string	3.14.7
/rows/70/result/filesystem/rg/worker_ms	float	7.332913
/rows/70/result/filesystem/rg/workload	string	rg
/rows/70/result/filesystem/write	object	-
/rows/70/result/filesystem/write/check	object	-
/rows/70/result/filesystem/write/check/bytes	integer	16777216
/rows/70/result/filesystem/write/check/files	integer	256
/rows/70/result/filesystem/write/python	string	3.14.7
/rows/70/result/filesystem/write/worker_ms	float	3.753504
/rows/70/result/filesystem/write/workload	string	write
/rows/70/result/mode	string	filesystem
/rows/70/result/worker_ms	float	403.464974
/rows/70/result_ms	float	442.736368
/rows/70/trial	integer	23
/rows/70/variant	string	native
/rows/71	object	-
/rows/71/backend	string	pvisor-vm
/rows/71/completion_ms	float	4717.712764
/rows/71/correctness	string	passed
/rows/71/logs	string	/home/reiase/workspace/pvisor/target/sb/vr/candidate/trials/filesystem-pvisor-vm-023
/rows/71/memory_scope	string	owned launcher tree; Docker daemon/container RSS excluded
/rows/71/mode	string	filesystem
/rows/71/peak_tree_rss_kib	integer	609004
/rows/71/prepare_ms	float	37.54414
/rows/71/ready_ms	float	374.084057
/rows/71/result	object	-
/rows/71/result/correctness	string	passed
/rows/71/result/filesystem	object	-
/rows/71/result/filesystem/cargo	object	-
/rows/71/result/filesystem/cargo/check	object	-
/rows/71/result/filesystem/cargo/check/modules	integer	64
/rows/71/result/filesystem/cargo/check/result	string	2016
/rows/71/result/filesystem/cargo/python	string	3.14.7
/rows/71/result/filesystem/cargo/worker_ms	float	506.26088
/rows/71/result/filesystem/cargo/workload	string	cargo
/rows/71/result/filesystem/git	object	-
/rows/71/result/filesystem/git/check	object	-
/rows/71/result/filesystem/git/check/git_clean	boolean	true
/rows/71/result/filesystem/git/python	string	3.14.7
/rows/71/result/filesystem/git/worker_ms	float	365.299642
/rows/71/result/filesystem/git/workload	string	git
/rows/71/result/filesystem/metadata	object	-
/rows/71/result/filesystem/metadata/check	object	-
/rows/71/result/filesystem/metadata/check/bytes	integer	2095104
/rows/71/result/filesystem/metadata/check/files	integer	2048
/rows/71/result/filesystem/metadata/python	string	3.14.7
/rows/71/result/filesystem/metadata/worker_ms	float	210.114924
/rows/71/result/filesystem/metadata/workload	string	metadata
/rows/71/result/filesystem/npm	object	-
/rows/71/result/filesystem/npm/check	object	-
/rows/71/result/filesystem/npm/check/local_packages	integer	32
/rows/71/result/filesystem/npm/python	string	3.14.7
/rows/71/result/filesystem/npm/worker_ms	float	1834.965921
/rows/71/result/filesystem/npm/workload	string	npm
/rows/71/result/filesystem/read	object	-
/rows/71/result/filesystem/read/check	object	-
/rows/71/result/filesystem/read/check/bytes	integer	67108864
/rows/71/result/filesystem/read/check/sha256	string	42ef3a50fe506ced865473b082c8b28f6ce254e6e2b01266b6a563531a6267bc
/rows/71/result/filesystem/read/python	string	3.14.7
/rows/71/result/filesystem/read/worker_ms	float	114.77472
/rows/71/result/filesystem/read/workload	string	read
/rows/71/result/filesystem/rg	object	-
/rows/71/result/filesystem/rg/check	object	-
/rows/71/result/filesystem/rg/check/matches	integer	2048
/rows/71/result/filesystem/rg/python	string	3.14.7
/rows/71/result/filesystem/rg/worker_ms	float	455.37454
/rows/71/result/filesystem/rg/workload	string	rg
/rows/71/result/filesystem/write	object	-
/rows/71/result/filesystem/write/check	object	-
/rows/71/result/filesystem/write/check/bytes	integer	16777216
/rows/71/result/filesystem/write/check/files	integer	256
/rows/71/result/filesystem/write/python	string	3.14.7
/rows/71/result/filesystem/write/worker_ms	float	176.855572
/rows/71/result/filesystem/write/workload	string	write
/rows/71/result/mode	string	filesystem
/rows/71/result/worker_ms	float	4132.560433
/rows/71/result_ms	float	4507.553793
/rows/71/trial	integer	23
/rows/71/variant	string	candidate
/rows/72	object	-
/rows/72/backend	string	pvisor-vm
/rows/72/completion_ms	float	4094.580576
/rows/72/correctness	string	passed
/rows/72/logs	string	/home/reiase/workspace/pvisor/target/sb/vr/candidate/trials/filesystem-pvisor-vm-024
/rows/72/memory_scope	string	owned launcher tree; Docker daemon/container RSS excluded
/rows/72/mode	string	filesystem
/rows/72/peak_tree_rss_kib	integer	615320
/rows/72/prepare_ms	float	36.171778
/rows/72/ready_ms	float	397.473934
/rows/72/result	object	-
/rows/72/result/correctness	string	passed
/rows/72/result/filesystem	object	-
/rows/72/result/filesystem/cargo	object	-
/rows/72/result/filesystem/cargo/check	object	-
/rows/72/result/filesystem/cargo/check/modules	integer	64
/rows/72/result/filesystem/cargo/check/result	string	2016
/rows/72/result/filesystem/cargo/python	string	3.14.7
/rows/72/result/filesystem/cargo/worker_ms	float	478.779102
/rows/72/result/filesystem/cargo/workload	string	cargo
/rows/72/result/filesystem/git	object	-
/rows/72/result/filesystem/git/check	object	-
/rows/72/result/filesystem/git/check/git_clean	boolean	true
/rows/72/result/filesystem/git/python	string	3.14.7
/rows/72/result/filesystem/git/worker_ms	float	392.318426
/rows/72/result/filesystem/git/workload	string	git
/rows/72/result/filesystem/metadata	object	-
/rows/72/result/filesystem/metadata/check	object	-
/rows/72/result/filesystem/metadata/check/bytes	integer	2095104
/rows/72/result/filesystem/metadata/check/files	integer	2048
/rows/72/result/filesystem/metadata/python	string	3.14.7
/rows/72/result/filesystem/metadata/worker_ms	float	200.130071
/rows/72/result/filesystem/metadata/workload	string	metadata
/rows/72/result/filesystem/npm	object	-
/rows/72/result/filesystem/npm/check	object	-
/rows/72/result/filesystem/npm/check/local_packages	integer	32
/rows/72/result/filesystem/npm/python	string	3.14.7
/rows/72/result/filesystem/npm/worker_ms	float	1296.05131
/rows/72/result/filesystem/npm/workload	string	npm
/rows/72/result/filesystem/read	object	-
/rows/72/result/filesystem/read/check	object	-
/rows/72/result/filesystem/read/check/bytes	integer	67108864
/rows/72/result/filesystem/read/check/sha256	string	42ef3a50fe506ced865473b082c8b28f6ce254e6e2b01266b6a563531a6267bc
/rows/72/result/filesystem/read/python	string	3.14.7
/rows/72/result/filesystem/read/worker_ms	float	132.121255
/rows/72/result/filesystem/read/workload	string	read
/rows/72/result/filesystem/rg	object	-
/rows/72/result/filesystem/rg/check	object	-
/rows/72/result/filesystem/rg/check/matches	integer	2048
/rows/72/result/filesystem/rg/python	string	3.14.7
/rows/72/result/filesystem/rg/worker_ms	float	444.11705
/rows/72/result/filesystem/rg/workload	string	rg
/rows/72/result/filesystem/write	object	-
/rows/72/result/filesystem/write/check	object	-
/rows/72/result/filesystem/write/check/bytes	integer	16777216
/rows/72/result/filesystem/write/check/files	integer	256
/rows/72/result/filesystem/write/python	string	3.14.7
/rows/72/result/filesystem/write/worker_ms	float	119.343174
/rows/72/result/filesystem/write/workload	string	write
/rows/72/result/mode	string	filesystem
/rows/72/result/worker_ms	float	3490.601666
/rows/72/result_ms	float	3888.098997
/rows/72/trial	integer	24
/rows/72/variant	string	candidate
/rows/73	object	-
/rows/73/backend	string	native
/rows/73/completion_ms	float	442.838788
/rows/73/correctness	string	passed
/rows/73/logs	string	/home/reiase/workspace/pvisor/target/sb/vr/native/trials/filesystem-native-024
/rows/73/memory_scope	string	owned launcher tree; Docker daemon/container RSS excluded
/rows/73/mode	string	filesystem
/rows/73/peak_tree_rss_kib	integer	134620
/rows/73/prepare_ms	float	37.467427
/rows/73/ready_ms	float	40.768997
/rows/73/result	object	-
/rows/73/result/correctness	string	passed
/rows/73/result/filesystem	object	-
/rows/73/result/filesystem/cargo	object	-
/rows/73/result/filesystem/cargo/check	object	-
/rows/73/result/filesystem/cargo/check/modules	integer	64
/rows/73/result/filesystem/cargo/check/result	string	2016
/rows/73/result/filesystem/cargo/python	string	3.14.7
/rows/73/result/filesystem/cargo/worker_ms	float	47.83284
/rows/73/result/filesystem/cargo/workload	string	cargo
/rows/73/result/filesystem/git	object	-
/rows/73/result/filesystem/git/check	object	-
/rows/73/result/filesystem/git/check/git_clean	boolean	true
/rows/73/result/filesystem/git/python	string	3.14.7
/rows/73/result/filesystem/git/worker_ms	float	14.208554
/rows/73/result/filesystem/git/workload	string	git
/rows/73/result/filesystem/metadata	object	-
/rows/73/result/filesystem/metadata/check	object	-
/rows/73/result/filesystem/metadata/check/bytes	integer	2095104
/rows/73/result/filesystem/metadata/check/files	integer	2048
/rows/73/result/filesystem/metadata/python	string	3.14.7
/rows/73/result/filesystem/metadata/worker_ms	float	4.639067
/rows/73/result/filesystem/metadata/workload	string	metadata
/rows/73/result/filesystem/npm	object	-
/rows/73/result/filesystem/npm/check	object	-
/rows/73/result/filesystem/npm/check/local_packages	integer	32
/rows/73/result/filesystem/npm/python	string	3.14.7
/rows/73/result/filesystem/npm/worker_ms	float	174.764203
/rows/73/result/filesystem/npm/workload	string	npm
/rows/73/result/filesystem/read	object	-
/rows/73/result/filesystem/read/check	object	-
/rows/73/result/filesystem/read/check/bytes	integer	67108864
/rows/73/result/filesystem/read/check/sha256	string	42ef3a50fe506ced865473b082c8b28f6ce254e6e2b01266b6a563531a6267bc
/rows/73/result/filesystem/read/python	string	3.14.7
/rows/73/result/filesystem/read/worker_ms	float	31.304426
/rows/73/result/filesystem/read/workload	string	read
/rows/73/result/filesystem/rg	object	-
/rows/73/result/filesystem/rg/check	object	-
/rows/73/result/filesystem/rg/check/matches	integer	2048
/rows/73/result/filesystem/rg/python	string	3.14.7
/rows/73/result/filesystem/rg/worker_ms	float	6.829404
/rows/73/result/filesystem/rg/workload	string	rg
/rows/73/result/filesystem/write	object	-
/rows/73/result/filesystem/write/check	object	-
/rows/73/result/filesystem/write/check/bytes	integer	16777216
/rows/73/result/filesystem/write/check/files	integer	256
/rows/73/result/filesystem/write/python	string	3.14.7
/rows/73/result/filesystem/write/worker_ms	float	3.755909
/rows/73/result/filesystem/write/workload	string	write
/rows/73/result/mode	string	filesystem
/rows/73/result/worker_ms	float	394.697754
/rows/73/result_ms	float	435.516324
/rows/73/trial	integer	24
/rows/73/variant	string	native
/rows/74	object	-
/rows/74/backend	string	pvisor-vm
/rows/74/completion_ms	float	5339.085169
/rows/74/correctness	string	passed
/rows/74/logs	string	/home/reiase/workspace/pvisor/target/sb/vr/baseline/trials/filesystem-pvisor-vm-024
/rows/74/memory_scope	string	owned launcher tree; Docker daemon/container RSS excluded
/rows/74/mode	string	filesystem
/rows/74/peak_tree_rss_kib	integer	585440
/rows/74/prepare_ms	float	37.049206
/rows/74/ready_ms	float	366.414014
/rows/74/result	object	-
/rows/74/result/correctness	string	passed
/rows/74/result/filesystem	object	-
/rows/74/result/filesystem/cargo	object	-
/rows/74/result/filesystem/cargo/check	object	-
/rows/74/result/filesystem/cargo/check/modules	integer	64
/rows/74/result/filesystem/cargo/check/result	string	2016
/rows/74/result/filesystem/cargo/python	string	3.14.7
/rows/74/result/filesystem/cargo/worker_ms	float	576.204121
/rows/74/result/filesystem/cargo/workload	string	cargo
/rows/74/result/filesystem/git	object	-
/rows/74/result/filesystem/git/check	object	-
/rows/74/result/filesystem/git/check/git_clean	boolean	true
/rows/74/result/filesystem/git/python	string	3.14.7
/rows/74/result/filesystem/git/worker_ms	float	374.056942
/rows/74/result/filesystem/git/workload	string	git
/rows/74/result/filesystem/metadata	object	-
/rows/74/result/filesystem/metadata/check	object	-
/rows/74/result/filesystem/metadata/check/bytes	integer	2095104
/rows/74/result/filesystem/metadata/check/files	integer	2048
/rows/74/result/filesystem/metadata/python	string	3.14.7
/rows/74/result/filesystem/metadata/worker_ms	float	123.105722
/rows/74/result/filesystem/metadata/workload	string	metadata
/rows/74/result/filesystem/npm	object	-
/rows/74/result/filesystem/npm/check	object	-
/rows/74/result/filesystem/npm/check/local_packages	integer	32
/rows/74/result/filesystem/npm/python	string	3.14.7
/rows/74/result/filesystem/npm/worker_ms	float	2020.156944
/rows/74/result/filesystem/npm/workload	string	npm
/rows/74/result/filesystem/read	object	-
/rows/74/result/filesystem/read/check	object	-
/rows/74/result/filesystem/read/check/bytes	integer	67108864
/rows/74/result/filesystem/read/check/sha256	string	42ef3a50fe506ced865473b082c8b28f6ce254e6e2b01266b6a563531a6267bc
/rows/74/result/filesystem/read/python	string	3.14.7
/rows/74/result/filesystem/read/worker_ms	float	132.498599
/rows/74/result/filesystem/read/workload	string	read
/rows/74/result/filesystem/rg	object	-
/rows/74/result/filesystem/rg/check	object	-
/rows/74/result/filesystem/rg/check/matches	integer	2048
/rows/74/result/filesystem/rg/python	string	3.14.7
/rows/74/result/filesystem/rg/worker_ms	float	839.755207
/rows/74/result/filesystem/rg/workload	string	rg
/rows/74/result/filesystem/write	object	-
/rows/74/result/filesystem/write/check	object	-
/rows/74/result/filesystem/write/check/bytes	integer	16777216
/rows/74/result/filesystem/write/check/files	integer	256
/rows/74/result/filesystem/write/python	string	3.14.7
/rows/74/result/filesystem/write/worker_ms	float	273.119061
/rows/74/result/filesystem/write/workload	string	write
/rows/74/result/mode	string	filesystem
/rows/74/result/worker_ms	float	4844.127764
/rows/74/result_ms	float	5211.387646
/rows/74/trial	integer	24
/rows/74/variant	string	baseline
/rows/75	object	-
/rows/75/backend	string	pvisor-vm
/rows/75/completion_ms	float	4278.025647
/rows/75/correctness	string	passed
/rows/75/logs	string	/home/reiase/workspace/pvisor/target/sb/vr/candidate/trials/filesystem-pvisor-vm-025
/rows/75/memory_scope	string	owned launcher tree; Docker daemon/container RSS excluded
/rows/75/mode	string	filesystem
/rows/75/peak_tree_rss_kib	integer	613628
/rows/75/prepare_ms	float	36.525078
/rows/75/ready_ms	float	416.446669
/rows/75/result	object	-
/rows/75/result/correctness	string	passed
/rows/75/result/filesystem	object	-
/rows/75/result/filesystem/cargo	object	-
/rows/75/result/filesystem/cargo/check	object	-
/rows/75/result/filesystem/cargo/check/modules	integer	64
/rows/75/result/filesystem/cargo/check/result	string	2016
/rows/75/result/filesystem/cargo/python	string	3.14.7
/rows/75/result/filesystem/cargo/worker_ms	float	508.253733
/rows/75/result/filesystem/cargo/workload	string	cargo
/rows/75/result/filesystem/git	object	-
/rows/75/result/filesystem/git/check	object	-
/rows/75/result/filesystem/git/check/git_clean	boolean	true
/rows/75/result/filesystem/git/python	string	3.14.7
/rows/75/result/filesystem/git/worker_ms	float	484.306768
/rows/75/result/filesystem/git/workload	string	git
/rows/75/result/filesystem/metadata	object	-
/rows/75/result/filesystem/metadata/check	object	-
/rows/75/result/filesystem/metadata/check/bytes	integer	2095104
/rows/75/result/filesystem/metadata/check/files	integer	2048
/rows/75/result/filesystem/metadata/python	string	3.14.7
/rows/75/result/filesystem/metadata/worker_ms	float	151.803192
/rows/75/result/filesystem/metadata/workload	string	metadata
/rows/75/result/filesystem/npm	object	-
/rows/75/result/filesystem/npm/check	object	-
/rows/75/result/filesystem/npm/check/local_packages	integer	32
/rows/75/result/filesystem/npm/python	string	3.14.7
/rows/75/result/filesystem/npm/worker_ms	float	1323.510897
/rows/75/result/filesystem/npm/workload	string	npm
/rows/75/result/filesystem/read	object	-
/rows/75/result/filesystem/read/check	object	-
/rows/75/result/filesystem/read/check/bytes	integer	67108864
/rows/75/result/filesystem/read/check/sha256	string	42ef3a50fe506ced865473b082c8b28f6ce254e6e2b01266b6a563531a6267bc
/rows/75/result/filesystem/read/python	string	3.14.7
/rows/75/result/filesystem/read/worker_ms	float	145.295946
/rows/75/result/filesystem/read/workload	string	read
/rows/75/result/filesystem/rg	object	-
/rows/75/result/filesystem/rg/check	object	-
/rows/75/result/filesystem/rg/check/matches	integer	2048
/rows/75/result/filesystem/rg/python	string	3.14.7
/rows/75/result/filesystem/rg/worker_ms	float	456.107529
/rows/75/result/filesystem/rg/workload	string	rg
/rows/75/result/filesystem/write	object	-
/rows/75/result/filesystem/write/check	object	-
/rows/75/result/filesystem/write/check/bytes	integer	16777216
/rows/75/result/filesystem/write/check/files	integer	256
/rows/75/result/filesystem/write/python	string	3.14.7
/rows/75/result/filesystem/write/worker_ms	float	155.730909
/rows/75/result/filesystem/write/workload	string	write
/rows/75/result/mode	string	filesystem
/rows/75/result/worker_ms	float	3666.690216
/rows/75/result_ms	float	4083.205609
/rows/75/trial	integer	25
/rows/75/variant	string	candidate
/rows/76	object	-
/rows/76/backend	string	pvisor-vm
/rows/76/completion_ms	float	4333.150604
/rows/76/correctness	string	passed
/rows/76/logs	string	/home/reiase/workspace/pvisor/target/sb/vr/baseline/trials/filesystem-pvisor-vm-025
/rows/76/memory_scope	string	owned launcher tree; Docker daemon/container RSS excluded
/rows/76/mode	string	filesystem
/rows/76/peak_tree_rss_kib	integer	612320
/rows/76/prepare_ms	float	36.781136
/rows/76/ready_ms	float	374.342479
/rows/76/result	object	-
/rows/76/result/correctness	string	passed
/rows/76/result/filesystem	object	-
/rows/76/result/filesystem/cargo	object	-
/rows/76/result/filesystem/cargo/check	object	-
/rows/76/result/filesystem/cargo/check/modules	integer	64
/rows/76/result/filesystem/cargo/check/result	string	2016
/rows/76/result/filesystem/cargo/python	string	3.14.7
/rows/76/result/filesystem/cargo/worker_ms	float	497.314739
/rows/76/result/filesystem/cargo/workload	string	cargo
/rows/76/result/filesystem/git	object	-
/rows/76/result/filesystem/git/check	object	-
/rows/76/result/filesystem/git/check/git_clean	boolean	true
/rows/76/result/filesystem/git/python	string	3.14.7
/rows/76/result/filesystem/git/worker_ms	float	568.254981
/rows/76/result/filesystem/git/workload	string	git
/rows/76/result/filesystem/metadata	object	-
/rows/76/result/filesystem/metadata/check	object	-
/rows/76/result/filesystem/metadata/check/bytes	integer	2095104
/rows/76/result/filesystem/metadata/check/files	integer	2048
/rows/76/result/filesystem/metadata/python	string	3.14.7
/rows/76/result/filesystem/metadata/worker_ms	float	174.782931
/rows/76/result/filesystem/metadata/workload	string	metadata
/rows/76/result/filesystem/npm	object	-
/rows/76/result/filesystem/npm/check	object	-
/rows/76/result/filesystem/npm/check/local_packages	integer	32
/rows/76/result/filesystem/npm/python	string	3.14.7
/rows/76/result/filesystem/npm/worker_ms	float	1367.001622
/rows/76/result/filesystem/npm/workload	string	npm
/rows/76/result/filesystem/read	object	-
/rows/76/result/filesystem/read/check	object	-
/rows/76/result/filesystem/read/check/bytes	integer	67108864
/rows/76/result/filesystem/read/check/sha256	string	42ef3a50fe506ced865473b082c8b28f6ce254e6e2b01266b6a563531a6267bc
/rows/76/result/filesystem/read/python	string	3.14.7
/rows/76/result/filesystem/read/worker_ms	float	113.768791
/rows/76/result/filesystem/read/workload	string	read
/rows/76/result/filesystem/rg	object	-
/rows/76/result/filesystem/rg/check	object	-
/rows/76/result/filesystem/rg/check/matches	integer	2048
/rows/76/result/filesystem/rg/python	string	3.14.7
/rows/76/result/filesystem/rg/worker_ms	float	445.638473
/rows/76/result/filesystem/rg/workload	string	rg
/rows/76/result/filesystem/write	object	-
/rows/76/result/filesystem/write/check	object	-
/rows/76/result/filesystem/write/check/bytes	integer	16777216
/rows/76/result/filesystem/write/check/files	integer	256
/rows/76/result/filesystem/write/python	string	3.14.7
/rows/76/result/filesystem/write/worker_ms	float	250.743541
/rows/76/result/filesystem/write/workload	string	write
/rows/76/result/mode	string	filesystem
/rows/76/result/worker_ms	float	3886.371219
/rows/76/result_ms	float	4260.757013
/rows/76/trial	integer	25
/rows/76/variant	string	baseline
/rows/77	object	-
/rows/77/backend	string	native
/rows/77/completion_ms	float	448.672534
/rows/77/correctness	string	passed
/rows/77/logs	string	/home/reiase/workspace/pvisor/target/sb/vr/native/trials/filesystem-native-025
/rows/77/memory_scope	string	owned launcher tree; Docker daemon/container RSS excluded
/rows/77/mode	string	filesystem
/rows/77/peak_tree_rss_kib	integer	136212
/rows/77/prepare_ms	float	37.512601
/rows/77/ready_ms	float	40.29868
/rows/77/result	object	-
/rows/77/result/correctness	string	passed
/rows/77/result/filesystem	object	-
/rows/77/result/filesystem/cargo	object	-
/rows/77/result/filesystem/cargo/check	object	-
/rows/77/result/filesystem/cargo/check/modules	integer	64
/rows/77/result/filesystem/cargo/check/result	string	2016
/rows/77/result/filesystem/cargo/python	string	3.14.7
/rows/77/result/filesystem/cargo/worker_ms	float	52.02885
/rows/77/result/filesystem/cargo/workload	string	cargo
/rows/77/result/filesystem/git	object	-
/rows/77/result/filesystem/git/check	object	-
/rows/77/result/filesystem/git/check/git_clean	boolean	true
/rows/77/result/filesystem/git/python	string	3.14.7
/rows/77/result/filesystem/git/worker_ms	float	14.780501
/rows/77/result/filesystem/git/workload	string	git
/rows/77/result/filesystem/metadata	object	-
/rows/77/result/filesystem/metadata/check	object	-
/rows/77/result/filesystem/metadata/check/bytes	integer	2095104
/rows/77/result/filesystem/metadata/check/files	integer	2048
/rows/77/result/filesystem/metadata/python	string	3.14.7
/rows/77/result/filesystem/metadata/worker_ms	float	4.574166
/rows/77/result/filesystem/metadata/workload	string	metadata
/rows/77/result/filesystem/npm	object	-
/rows/77/result/filesystem/npm/check	object	-
/rows/77/result/filesystem/npm/check/local_packages	integer	32
/rows/77/result/filesystem/npm/python	string	3.14.7
/rows/77/result/filesystem/npm/worker_ms	float	172.404629
/rows/77/result/filesystem/npm/workload	string	npm
/rows/77/result/filesystem/read	object	-
/rows/77/result/filesystem/read/check	object	-
/rows/77/result/filesystem/read/check/bytes	integer	67108864
/rows/77/result/filesystem/read/check/sha256	string	42ef3a50fe506ced865473b082c8b28f6ce254e6e2b01266b6a563531a6267bc
/rows/77/result/filesystem/read/python	string	3.14.7
/rows/77/result/filesystem/read/worker_ms	float	31.727285
/rows/77/result/filesystem/read/workload	string	read
/rows/77/result/filesystem/rg	object	-
/rows/77/result/filesystem/rg/check	object	-
/rows/77/result/filesystem/rg/check/matches	integer	2048
/rows/77/result/filesystem/rg/python	string	3.14.7
/rows/77/result/filesystem/rg/worker_ms	float	7.694489
/rows/77/result/filesystem/rg/workload	string	rg
/rows/77/result/filesystem/write	object	-
/rows/77/result/filesystem/write/check	object	-
/rows/77/result/filesystem/write/check/bytes	integer	16777216
/rows/77/result/filesystem/write/check/files	integer	256
/rows/77/result/filesystem/write/python	string	3.14.7
/rows/77/result/filesystem/write/worker_ms	float	3.575271
/rows/77/result/filesystem/write/workload	string	write
/rows/77/result/mode	string	filesystem
/rows/77/result/worker_ms	float	400.537621
/rows/77/result_ms	float	440.875635
/rows/77/trial	integer	25
/rows/77/variant	string	native
/rows/78	object	-
/rows/78/backend	string	pvisor-vm
/rows/78/completion_ms	float	4135.305691
/rows/78/correctness	string	passed
/rows/78/logs	string	/home/reiase/workspace/pvisor/target/sb/vr/baseline/trials/filesystem-pvisor-vm-026
/rows/78/memory_scope	string	owned launcher tree; Docker daemon/container RSS excluded
/rows/78/mode	string	filesystem
/rows/78/peak_tree_rss_kib	integer	612392
/rows/78/prepare_ms	float	37.304242
/rows/78/ready_ms	float	378.26042
/rows/78/result	object	-
/rows/78/result/correctness	string	passed
/rows/78/result/filesystem	object	-
/rows/78/result/filesystem/cargo	object	-
/rows/78/result/filesystem/cargo/check	object	-
/rows/78/result/filesystem/cargo/check/modules	integer	64
/rows/78/result/filesystem/cargo/check/result	string	2016
/rows/78/result/filesystem/cargo/python	string	3.14.7
/rows/78/result/filesystem/cargo/worker_ms	float	486.188814
/rows/78/result/filesystem/cargo/workload	string	cargo
/rows/78/result/filesystem/git	object	-
/rows/78/result/filesystem/git/check	object	-
/rows/78/result/filesystem/git/check/git_clean	boolean	true
/rows/78/result/filesystem/git/python	string	3.14.7
/rows/78/result/filesystem/git/worker_ms	float	370.124165
/rows/78/result/filesystem/git/workload	string	git
/rows/78/result/filesystem/metadata	object	-
/rows/78/result/filesystem/metadata/check	object	-
/rows/78/result/filesystem/metadata/check/bytes	integer	2095104
/rows/78/result/filesystem/metadata/check/files	integer	2048
/rows/78/result/filesystem/metadata/python	string	3.14.7
/rows/78/result/filesystem/metadata/worker_ms	float	199.74972
/rows/78/result/filesystem/metadata/workload	string	metadata
/rows/78/result/filesystem/npm	object	-
/rows/78/result/filesystem/npm/check	object	-
/rows/78/result/filesystem/npm/check/local_packages	integer	32
/rows/78/result/filesystem/npm/python	string	3.14.7
/rows/78/result/filesystem/npm/worker_ms	float	1355.396612
/rows/78/result/filesystem/npm/workload	string	npm
/rows/78/result/filesystem/read	object	-
/rows/78/result/filesystem/read/check	object	-
/rows/78/result/filesystem/read/check/bytes	integer	67108864
/rows/78/result/filesystem/read/check/sha256	string	42ef3a50fe506ced865473b082c8b28f6ce254e6e2b01266b6a563531a6267bc
/rows/78/result/filesystem/read/python	string	3.14.7
/rows/78/result/filesystem/read/worker_ms	float	115.698876
/rows/78/result/filesystem/read/workload	string	read
/rows/78/result/filesystem/rg	object	-
/rows/78/result/filesystem/rg/check	object	-
/rows/78/result/filesystem/rg/check/matches	integer	2048
/rows/78/result/filesystem/rg/python	string	3.14.7
/rows/78/result/filesystem/rg/worker_ms	float	457.747584
/rows/78/result/filesystem/rg/workload	string	rg
/rows/78/result/filesystem/write	object	-
/rows/78/result/filesystem/write/check	object	-
/rows/78/result/filesystem/write/check/bytes	integer	16777216
/rows/78/result/filesystem/write/check/files	integer	256
/rows/78/result/filesystem/write/python	string	3.14.7
/rows/78/result/filesystem/write/worker_ms	float	246.510734
/rows/78/result/filesystem/write/workload	string	write
/rows/78/result/mode	string	filesystem
/rows/78/result/worker_ms	float	3675.427859
/rows/78/result_ms	float	4053.75408
/rows/78/trial	integer	26
/rows/78/variant	string	baseline
/rows/79	object	-
/rows/79/backend	string	pvisor-vm
/rows/79/completion_ms	float	4334.401949
/rows/79/correctness	string	passed
/rows/79/logs	string	/home/reiase/workspace/pvisor/target/sb/vr/candidate/trials/filesystem-pvisor-vm-026
/rows/79/memory_scope	string	owned launcher tree; Docker daemon/container RSS excluded
/rows/79/mode	string	filesystem
/rows/79/peak_tree_rss_kib	integer	614124
/rows/79/prepare_ms	float	36.782008
/rows/79/ready_ms	float	371.623786
/rows/79/result	object	-
/rows/79/result/correctness	string	passed
/rows/79/result/filesystem	object	-
/rows/79/result/filesystem/cargo	object	-
/rows/79/result/filesystem/cargo/check	object	-
/rows/79/result/filesystem/cargo/check/modules	integer	64
/rows/79/result/filesystem/cargo/check/result	string	2016
/rows/79/result/filesystem/cargo/python	string	3.14.7
/rows/79/result/filesystem/cargo/worker_ms	float	486.836333
/rows/79/result/filesystem/cargo/workload	string	cargo
/rows/79/result/filesystem/git	object	-
/rows/79/result/filesystem/git/check	object	-
/rows/79/result/filesystem/git/check/git_clean	boolean	true
/rows/79/result/filesystem/git/python	string	3.14.7
/rows/79/result/filesystem/git/worker_ms	float	673.094211
/rows/79/result/filesystem/git/workload	string	git
/rows/79/result/filesystem/metadata	object	-
/rows/79/result/filesystem/metadata/check	object	-
/rows/79/result/filesystem/metadata/check/bytes	integer	2095104
/rows/79/result/filesystem/metadata/check/files	integer	2048
/rows/79/result/filesystem/metadata/python	string	3.14.7
/rows/79/result/filesystem/metadata/worker_ms	float	130.631431
/rows/79/result/filesystem/metadata/workload	string	metadata
/rows/79/result/filesystem/npm	object	-
/rows/79/result/filesystem/npm/check	object	-
/rows/79/result/filesystem/npm/check/local_packages	integer	32
/rows/79/result/filesystem/npm/python	string	3.14.7
/rows/79/result/filesystem/npm/worker_ms	float	1347.021326
/rows/79/result/filesystem/npm/workload	string	npm
/rows/79/result/filesystem/read	object	-
/rows/79/result/filesystem/read/check	object	-
/rows/79/result/filesystem/read/check/bytes	integer	67108864
/rows/79/result/filesystem/read/check/sha256	string	42ef3a50fe506ced865473b082c8b28f6ce254e6e2b01266b6a563531a6267bc
/rows/79/result/filesystem/read/python	string	3.14.7
/rows/79/result/filesystem/read/worker_ms	float	117.677362
/rows/79/result/filesystem/read/workload	string	read
/rows/79/result/filesystem/rg	object	-
/rows/79/result/filesystem/rg/check	object	-
/rows/79/result/filesystem/rg/check/matches	integer	2048
/rows/79/result/filesystem/rg/python	string	3.14.7
/rows/79/result/filesystem/rg/worker_ms	float	447.622439
/rows/79/result/filesystem/rg/workload	string	rg
/rows/79/result/filesystem/write	object	-
/rows/79/result/filesystem/write/check	object	-
/rows/79/result/filesystem/write/check/bytes	integer	16777216
/rows/79/result/filesystem/write/check/files	integer	256
/rows/79/result/filesystem/write/python	string	3.14.7
/rows/79/result/filesystem/write/worker_ms	float	137.159396
/rows/79/result/filesystem/write/workload	string	write
/rows/79/result/mode	string	filesystem
/rows/79/result/worker_ms	float	3770.90073
/rows/79/result_ms	float	4142.586929
/rows/79/trial	integer	26
/rows/79/variant	string	candidate
/rows/80	object	-
/rows/80/backend	string	native
/rows/80/completion_ms	float	453.672224
/rows/80/correctness	string	passed
/rows/80/logs	string	/home/reiase/workspace/pvisor/target/sb/vr/native/trials/filesystem-native-026
/rows/80/memory_scope	string	owned launcher tree; Docker daemon/container RSS excluded
/rows/80/mode	string	filesystem
/rows/80/peak_tree_rss_kib	integer	134660
/rows/80/prepare_ms	float	36.585381
/rows/80/ready_ms	float	38.840329
/rows/80/result	object	-
/rows/80/result/correctness	string	passed
/rows/80/result/filesystem	object	-
/rows/80/result/filesystem/cargo	object	-
/rows/80/result/filesystem/cargo/check	object	-
/rows/80/result/filesystem/cargo/check/modules	integer	64
/rows/80/result/filesystem/cargo/check/result	string	2016
/rows/80/result/filesystem/cargo/python	string	3.14.7
/rows/80/result/filesystem/cargo/worker_ms	float	51.715605
/rows/80/result/filesystem/cargo/workload	string	cargo
/rows/80/result/filesystem/git	object	-
/rows/80/result/filesystem/git/check	object	-
/rows/80/result/filesystem/git/check/git_clean	boolean	true
/rows/80/result/filesystem/git/python	string	3.14.7
/rows/80/result/filesystem/git/worker_ms	float	15.365954
/rows/80/result/filesystem/git/workload	string	git
/rows/80/result/filesystem/metadata	object	-
/rows/80/result/filesystem/metadata/check	object	-
/rows/80/result/filesystem/metadata/check/bytes	integer	2095104
/rows/80/result/filesystem/metadata/check/files	integer	2048
/rows/80/result/filesystem/metadata/python	string	3.14.7
/rows/80/result/filesystem/metadata/worker_ms	float	4.71598
/rows/80/result/filesystem/metadata/workload	string	metadata
/rows/80/result/filesystem/npm	object	-
/rows/80/result/filesystem/npm/check	object	-
/rows/80/result/filesystem/npm/check/local_packages	integer	32
/rows/80/result/filesystem/npm/python	string	3.14.7
/rows/80/result/filesystem/npm/worker_ms	float	169.79015
/rows/80/result/filesystem/npm/workload	string	npm
/rows/80/result/filesystem/read	object	-
/rows/80/result/filesystem/read/check	object	-
/rows/80/result/filesystem/read/check/bytes	integer	67108864
/rows/80/result/filesystem/read/check/sha256	string	42ef3a50fe506ced865473b082c8b28f6ce254e6e2b01266b6a563531a6267bc
/rows/80/result/filesystem/read/python	string	3.14.7
/rows/80/result/filesystem/read/worker_ms	float	34.802043
/rows/80/result/filesystem/read/workload	string	read
/rows/80/result/filesystem/rg	object	-
/rows/80/result/filesystem/rg/check	object	-
/rows/80/result/filesystem/rg/check/matches	integer	2048
/rows/80/result/filesystem/rg/python	string	3.14.7
/rows/80/result/filesystem/rg/worker_ms	float	9.587842
/rows/80/result/filesystem/rg/workload	string	rg
/rows/80/result/filesystem/write	object	-
/rows/80/result/filesystem/write/check	object	-
/rows/80/result/filesystem/write/check/bytes	integer	16777216
/rows/80/result/filesystem/write/check/files	integer	256
/rows/80/result/filesystem/write/python	string	3.14.7
/rows/80/result/filesystem/write/worker_ms	float	4.020151
/rows/80/result/filesystem/write/workload	string	write
/rows/80/result/mode	string	filesystem
/rows/80/result/worker_ms	float	406.749483
/rows/80/result_ms	float	445.63144
/rows/80/trial	integer	26
/rows/80/variant	string	native
/rows/81	object	-
/rows/81/backend	string	native
/rows/81/completion_ms	float	460.498683
/rows/81/correctness	string	passed
/rows/81/logs	string	/home/reiase/workspace/pvisor/target/sb/vr/native/trials/filesystem-native-027
/rows/81/memory_scope	string	owned launcher tree; Docker daemon/container RSS excluded
/rows/81/mode	string	filesystem
/rows/81/peak_tree_rss_kib	integer	144452
/rows/81/prepare_ms	float	37.066188
/rows/81/ready_ms	float	41.211894
/rows/81/result	object	-
/rows/81/result/correctness	string	passed
/rows/81/result/filesystem	object	-
/rows/81/result/filesystem/cargo	object	-
/rows/81/result/filesystem/cargo/check	object	-
/rows/81/result/filesystem/cargo/check/modules	integer	64
/rows/81/result/filesystem/cargo/check/result	string	2016
/rows/81/result/filesystem/cargo/python	string	3.14.7
/rows/81/result/filesystem/cargo/worker_ms	float	52.204608
/rows/81/result/filesystem/cargo/workload	string	cargo
/rows/81/result/filesystem/git	object	-
/rows/81/result/filesystem/git/check	object	-
/rows/81/result/filesystem/git/check/git_clean	boolean	true
/rows/81/result/filesystem/git/python	string	3.14.7
/rows/81/result/filesystem/git/worker_ms	float	14.752549
/rows/81/result/filesystem/git/workload	string	git
/rows/81/result/filesystem/metadata	object	-
/rows/81/result/filesystem/metadata/check	object	-
/rows/81/result/filesystem/metadata/check/bytes	integer	2095104
/rows/81/result/filesystem/metadata/check/files	integer	2048
/rows/81/result/filesystem/metadata/python	string	3.14.7
/rows/81/result/filesystem/metadata/worker_ms	float	5.3856
/rows/81/result/filesystem/metadata/workload	string	metadata
/rows/81/result/filesystem/npm	object	-
/rows/81/result/filesystem/npm/check	object	-
/rows/81/result/filesystem/npm/check/local_packages	integer	32
/rows/81/result/filesystem/npm/python	string	3.14.7
/rows/81/result/filesystem/npm/worker_ms	float	172.824602
/rows/81/result/filesystem/npm/workload	string	npm
/rows/81/result/filesystem/read	object	-
/rows/81/result/filesystem/read/check	object	-
/rows/81/result/filesystem/read/check/bytes	integer	67108864
/rows/81/result/filesystem/read/check/sha256	string	42ef3a50fe506ced865473b082c8b28f6ce254e6e2b01266b6a563531a6267bc
/rows/81/result/filesystem/read/python	string	3.14.7
/rows/81/result/filesystem/read/worker_ms	float	40.012958
/rows/81/result/filesystem/read/workload	string	read
/rows/81/result/filesystem/rg	object	-
/rows/81/result/filesystem/rg/check	object	-
/rows/81/result/filesystem/rg/check/matches	integer	2048
/rows/81/result/filesystem/rg/python	string	3.14.7
/rows/81/result/filesystem/rg/worker_ms	float	6.842649
/rows/81/result/filesystem/rg/workload	string	rg
/rows/81/result/filesystem/write	object	-
/rows/81/result/filesystem/write/check	object	-
/rows/81/result/filesystem/write/check/bytes	integer	16777216
/rows/81/result/filesystem/write/check/files	integer	256
/rows/81/result/filesystem/write/python	string	3.14.7
/rows/81/result/filesystem/write/worker_ms	float	3.888206
/rows/81/result/filesystem/write/workload	string	write
/rows/81/result/mode	string	filesystem
/rows/81/result/worker_ms	float	411.539843
/rows/81/result_ms	float	452.807932
/rows/81/trial	integer	27
/rows/81/variant	string	native
/rows/82	object	-
/rows/82/backend	string	pvisor-vm
/rows/82/completion_ms	float	4559.799227
/rows/82/correctness	string	passed
/rows/82/logs	string	/home/reiase/workspace/pvisor/target/sb/vr/baseline/trials/filesystem-pvisor-vm-027
/rows/82/memory_scope	string	owned launcher tree; Docker daemon/container RSS excluded
/rows/82/mode	string	filesystem
/rows/82/peak_tree_rss_kib	integer	612728
/rows/82/prepare_ms	float	36.104684
/rows/82/ready_ms	float	399.354404
/rows/82/result	object	-
/rows/82/result/correctness	string	passed
/rows/82/result/filesystem	object	-
/rows/82/result/filesystem/cargo	object	-
/rows/82/result/filesystem/cargo/check	object	-
/rows/82/result/filesystem/cargo/check/modules	integer	64
/rows/82/result/filesystem/cargo/check/result	string	2016
/rows/82/result/filesystem/cargo/python	string	3.14.7
/rows/82/result/filesystem/cargo/worker_ms	float	568.328749
/rows/82/result/filesystem/cargo/workload	string	cargo
/rows/82/result/filesystem/git	object	-
/rows/82/result/filesystem/git/check	object	-
/rows/82/result/filesystem/git/check/git_clean	boolean	true
/rows/82/result/filesystem/git/python	string	3.14.7
/rows/82/result/filesystem/git/worker_ms	float	733.871347
/rows/82/result/filesystem/git/workload	string	git
/rows/82/result/filesystem/metadata	object	-
/rows/82/result/filesystem/metadata/check	object	-
/rows/82/result/filesystem/metadata/check/bytes	integer	2095104
/rows/82/result/filesystem/metadata/check/files	integer	2048
/rows/82/result/filesystem/metadata/python	string	3.14.7
/rows/82/result/filesystem/metadata/worker_ms	float	173.218017
/rows/82/result/filesystem/metadata/workload	string	metadata
/rows/82/result/filesystem/npm	object	-
/rows/82/result/filesystem/npm/check	object	-
/rows/82/result/filesystem/npm/check/local_packages	integer	32
/rows/82/result/filesystem/npm/python	string	3.14.7
/rows/82/result/filesystem/npm/worker_ms	float	1346.50888
/rows/82/result/filesystem/npm/workload	string	npm
/rows/82/result/filesystem/read	object	-
/rows/82/result/filesystem/read/check	object	-
/rows/82/result/filesystem/read/check/bytes	integer	67108864
/rows/82/result/filesystem/read/check/sha256	string	42ef3a50fe506ced865473b082c8b28f6ce254e6e2b01266b6a563531a6267bc
/rows/82/result/filesystem/read/python	string	3.14.7
/rows/82/result/filesystem/read/worker_ms	float	119.243468
/rows/82/result/filesystem/read/workload	string	read
/rows/82/result/filesystem/rg	object	-
/rows/82/result/filesystem/rg/check	object	-
/rows/82/result/filesystem/rg/check/matches	integer	2048
/rows/82/result/filesystem/rg/python	string	3.14.7
/rows/82/result/filesystem/rg/worker_ms	float	425.316649
/rows/82/result/filesystem/rg/workload	string	rg
/rows/82/result/filesystem/write	object	-
/rows/82/result/filesystem/write/check	object	-
/rows/82/result/filesystem/write/check/bytes	integer	16777216
/rows/82/result/filesystem/write/check/files	integer	256
/rows/82/result/filesystem/write/python	string	3.14.7
/rows/82/result/filesystem/write/worker_ms	float	251.013836
/rows/82/result/filesystem/write/workload	string	write
/rows/82/result/mode	string	filesystem
/rows/82/result/worker_ms	float	4066.998949
/rows/82/result_ms	float	4466.431556
/rows/82/trial	integer	27
/rows/82/variant	string	baseline
/rows/83	object	-
/rows/83/backend	string	pvisor-vm
/rows/83/completion_ms	float	4092.677415
/rows/83/correctness	string	passed
/rows/83/logs	string	/home/reiase/workspace/pvisor/target/sb/vr/candidate/trials/filesystem-pvisor-vm-027
/rows/83/memory_scope	string	owned launcher tree; Docker daemon/container RSS excluded
/rows/83/mode	string	filesystem
/rows/83/peak_tree_rss_kib	integer	614596
/rows/83/prepare_ms	float	38.88382
/rows/83/ready_ms	float	378.057402
/rows/83/result	object	-
/rows/83/result/correctness	string	passed
/rows/83/result/filesystem	object	-
/rows/83/result/filesystem/cargo	object	-
/rows/83/result/filesystem/cargo/check	object	-
/rows/83/result/filesystem/cargo/check/modules	integer	64
/rows/83/result/filesystem/cargo/check/result	string	2016
/rows/83/result/filesystem/cargo/python	string	3.14.7
/rows/83/result/filesystem/cargo/worker_ms	float	483.139287
/rows/83/result/filesystem/cargo/workload	string	cargo
/rows/83/result/filesystem/git	object	-
/rows/83/result/filesystem/git/check	object	-
/rows/83/result/filesystem/git/check/git_clean	boolean	true
/rows/83/result/filesystem/git/python	string	3.14.7
/rows/83/result/filesystem/git/worker_ms	float	370.022505
/rows/83/result/filesystem/git/workload	string	git
/rows/83/result/filesystem/metadata	object	-
/rows/83/result/filesystem/metadata/check	object	-
/rows/83/result/filesystem/metadata/check/bytes	integer	2095104
/rows/83/result/filesystem/metadata/check/files	integer	2048
/rows/83/result/filesystem/metadata/python	string	3.14.7
/rows/83/result/filesystem/metadata/worker_ms	float	122.74041
/rows/83/result/filesystem/metadata/workload	string	metadata
/rows/83/result/filesystem/npm	object	-
/rows/83/result/filesystem/npm/check	object	-
/rows/83/result/filesystem/npm/check/local_packages	integer	32
/rows/83/result/filesystem/npm/python	string	3.14.7
/rows/83/result/filesystem/npm/worker_ms	float	1354.868656
/rows/83/result/filesystem/npm/workload	string	npm
/rows/83/result/filesystem/read	object	-
/rows/83/result/filesystem/read/check	object	-
/rows/83/result/filesystem/read/check/bytes	integer	67108864
/rows/83/result/filesystem/read/check/sha256	string	42ef3a50fe506ced865473b082c8b28f6ce254e6e2b01266b6a563531a6267bc
/rows/83/result/filesystem/read/python	string	3.14.7
/rows/83/result/filesystem/read/worker_ms	float	162.857713
/rows/83/result/filesystem/read/workload	string	read
/rows/83/result/filesystem/rg	object	-
/rows/83/result/filesystem/rg/check	object	-
/rows/83/result/filesystem/rg/check/matches	integer	2048
/rows/83/result/filesystem/rg/python	string	3.14.7
/rows/83/result/filesystem/rg/worker_ms	float	448.026784
/rows/83/result/filesystem/rg/workload	string	rg
/rows/83/result/filesystem/write	object	-
/rows/83/result/filesystem/write/check	object	-
/rows/83/result/filesystem/write/check/bytes	integer	16777216
/rows/83/result/filesystem/write/check/files	integer	256
/rows/83/result/filesystem/write/python	string	3.14.7
/rows/83/result/filesystem/write/worker_ms	float	145.993629
/rows/83/result/filesystem/write/workload	string	write
/rows/83/result/mode	string	filesystem
/rows/83/result/worker_ms	float	3524.808558
/rows/83/result_ms	float	3902.915776
/rows/83/trial	integer	27
/rows/83/variant	string	candidate
/rows/84	object	-
/rows/84/backend	string	pvisor-vm
/rows/84/completion_ms	float	4429.999481
/rows/84/correctness	string	passed
/rows/84/logs	string	/home/reiase/workspace/pvisor/target/sb/vr/baseline/trials/filesystem-pvisor-vm-028
/rows/84/memory_scope	string	owned launcher tree; Docker daemon/container RSS excluded
/rows/84/mode	string	filesystem
/rows/84/peak_tree_rss_kib	integer	611248
/rows/84/prepare_ms	float	37.050889
/rows/84/ready_ms	float	382.309005
/rows/84/result	object	-
/rows/84/result/correctness	string	passed
/rows/84/result/filesystem	object	-
/rows/84/result/filesystem/cargo	object	-
/rows/84/result/filesystem/cargo/check	object	-
/rows/84/result/filesystem/cargo/check/modules	integer	64
/rows/84/result/filesystem/cargo/check/result	string	2016
/rows/84/result/filesystem/cargo/python	string	3.14.7
/rows/84/result/filesystem/cargo/worker_ms	float	512.686444
/rows/84/result/filesystem/cargo/workload	string	cargo
/rows/84/result/filesystem/git	object	-
/rows/84/result/filesystem/git/check	object	-
/rows/84/result/filesystem/git/check/git_clean	boolean	true
/rows/84/result/filesystem/git/python	string	3.14.7
/rows/84/result/filesystem/git/worker_ms	float	716.042672
/rows/84/result/filesystem/git/workload	string	git
/rows/84/result/filesystem/metadata	object	-
/rows/84/result/filesystem/metadata/check	object	-
/rows/84/result/filesystem/metadata/check/bytes	integer	2095104
/rows/84/result/filesystem/metadata/check/files	integer	2048
/rows/84/result/filesystem/metadata/python	string	3.14.7
/rows/84/result/filesystem/metadata/worker_ms	float	166.435206
/rows/84/result/filesystem/metadata/workload	string	metadata
/rows/84/result/filesystem/npm	object	-
/rows/84/result/filesystem/npm/check	object	-
/rows/84/result/filesystem/npm/check/local_packages	integer	32
/rows/84/result/filesystem/npm/python	string	3.14.7
/rows/84/result/filesystem/npm/worker_ms	float	1365.589494
/rows/84/result/filesystem/npm/workload	string	npm
/rows/84/result/filesystem/read	object	-
/rows/84/result/filesystem/read/check	object	-
/rows/84/result/filesystem/read/check/bytes	integer	67108864
/rows/84/result/filesystem/read/check/sha256	string	42ef3a50fe506ced865473b082c8b28f6ce254e6e2b01266b6a563531a6267bc
/rows/84/result/filesystem/read/python	string	3.14.7
/rows/84/result/filesystem/read/worker_ms	float	115.121347
/rows/84/result/filesystem/read/workload	string	read
/rows/84/result/filesystem/rg	object	-
/rows/84/result/filesystem/rg/check	object	-
/rows/84/result/filesystem/rg/check/matches	integer	2048
/rows/84/result/filesystem/rg/python	string	3.14.7
/rows/84/result/filesystem/rg/worker_ms	float	425.579851
/rows/84/result/filesystem/rg/workload	string	rg
/rows/84/result/filesystem/write	object	-
/rows/84/result/filesystem/write/check	object	-
/rows/84/result/filesystem/write/check/bytes	integer	16777216
/rows/84/result/filesystem/write/check/files	integer	256
/rows/84/result/filesystem/write/python	string	3.14.7
/rows/84/result/filesystem/write/worker_ms	float	233.652403
/rows/84/result/filesystem/write/workload	string	write
/rows/84/result/mode	string	filesystem
/rows/84/result/worker_ms	float	3973.943242
/rows/84/result_ms	float	4356.300193
/rows/84/trial	integer	28
/rows/84/variant	string	baseline
/rows/85	object	-
/rows/85/backend	string	native
/rows/85/completion_ms	float	466.638791
/rows/85/correctness	string	passed
/rows/85/logs	string	/home/reiase/workspace/pvisor/target/sb/vr/native/trials/filesystem-native-028
/rows/85/memory_scope	string	owned launcher tree; Docker daemon/container RSS excluded
/rows/85/mode	string	filesystem
/rows/85/peak_tree_rss_kib	integer	137004
/rows/85/prepare_ms	float	37.522379
/rows/85/ready_ms	float	41.174745
/rows/85/result	object	-
/rows/85/result/correctness	string	passed
/rows/85/result/filesystem	object	-
/rows/85/result/filesystem/cargo	object	-
/rows/85/result/filesystem/cargo/check	object	-
/rows/85/result/filesystem/cargo/check/modules	integer	64
/rows/85/result/filesystem/cargo/check/result	string	2016
/rows/85/result/filesystem/cargo/python	string	3.14.7
/rows/85/result/filesystem/cargo/worker_ms	float	55.820635
/rows/85/result/filesystem/cargo/workload	string	cargo
/rows/85/result/filesystem/git	object	-
/rows/85/result/filesystem/git/check	object	-
/rows/85/result/filesystem/git/check/git_clean	boolean	true
/rows/85/result/filesystem/git/python	string	3.14.7
/rows/85/result/filesystem/git/worker_ms	float	20.441014
/rows/85/result/filesystem/git/workload	string	git
/rows/85/result/filesystem/metadata	object	-
/rows/85/result/filesystem/metadata/check	object	-
/rows/85/result/filesystem/metadata/check/bytes	integer	2095104
/rows/85/result/filesystem/metadata/check/files	integer	2048
/rows/85/result/filesystem/metadata/python	string	3.14.7
/rows/85/result/filesystem/metadata/worker_ms	float	4.988589
/rows/85/result/filesystem/metadata/workload	string	metadata
/rows/85/result/filesystem/npm	object	-
/rows/85/result/filesystem/npm/check	object	-
/rows/85/result/filesystem/npm/check/local_packages	integer	32
/rows/85/result/filesystem/npm/python	string	3.14.7
/rows/85/result/filesystem/npm/worker_ms	float	168.539767
/rows/85/result/filesystem/npm/workload	string	npm
/rows/85/result/filesystem/read	object	-
/rows/85/result/filesystem/read/check	object	-
/rows/85/result/filesystem/read/check/bytes	integer	67108864
/rows/85/result/filesystem/read/check/sha256	string	42ef3a50fe506ced865473b082c8b28f6ce254e6e2b01266b6a563531a6267bc
/rows/85/result/filesystem/read/python	string	3.14.7
/rows/85/result/filesystem/read/worker_ms	float	32.574876
/rows/85/result/filesystem/read/workload	string	read
/rows/85/result/filesystem/rg	object	-
/rows/85/result/filesystem/rg/check	object	-
/rows/85/result/filesystem/rg/check/matches	integer	2048
/rows/85/result/filesystem/rg/python	string	3.14.7
/rows/85/result/filesystem/rg/worker_ms	float	7.919728
/rows/85/result/filesystem/rg/workload	string	rg
/rows/85/result/filesystem/write	object	-
/rows/85/result/filesystem/write/check	object	-
/rows/85/result/filesystem/write/check/bytes	integer	16777216
/rows/85/result/filesystem/write/check/files	integer	256
/rows/85/result/filesystem/write/python	string	3.14.7
/rows/85/result/filesystem/write/worker_ms	float	3.819287
/rows/85/result/filesystem/write/workload	string	write
/rows/85/result/mode	string	filesystem
/rows/85/result/worker_ms	float	418.123949
/rows/85/result_ms	float	459.338758
/rows/85/trial	integer	28
/rows/85/variant	string	native
/rows/86	object	-
/rows/86/backend	string	pvisor-vm
/rows/86/completion_ms	float	4034.364989
/rows/86/correctness	string	passed
/rows/86/logs	string	/home/reiase/workspace/pvisor/target/sb/vr/candidate/trials/filesystem-pvisor-vm-028
/rows/86/memory_scope	string	owned launcher tree; Docker daemon/container RSS excluded
/rows/86/mode	string	filesystem
/rows/86/peak_tree_rss_kib	integer	614380
/rows/86/prepare_ms	float	36.721455
/rows/86/ready_ms	float	376.554557
/rows/86/result	object	-
/rows/86/result/correctness	string	passed
/rows/86/result/filesystem	object	-
/rows/86/result/filesystem/cargo	object	-
/rows/86/result/filesystem/cargo/check	object	-
/rows/86/result/filesystem/cargo/check/modules	integer	64
/rows/86/result/filesystem/cargo/check/result	string	2016
/rows/86/result/filesystem/cargo/python	string	3.14.7
/rows/86/result/filesystem/cargo/worker_ms	float	478.979477
/rows/86/result/filesystem/cargo/workload	string	cargo
/rows/86/result/filesystem/git	object	-
/rows/86/result/filesystem/git/check	object	-
/rows/86/result/filesystem/git/check/git_clean	boolean	true
/rows/86/result/filesystem/git/python	string	3.14.7
/rows/86/result/filesystem/git/worker_ms	float	355.446065
/rows/86/result/filesystem/git/workload	string	git
/rows/86/result/filesystem/metadata	object	-
/rows/86/result/filesystem/metadata/check	object	-
/rows/86/result/filesystem/metadata/check/bytes	integer	2095104
/rows/86/result/filesystem/metadata/check/files	integer	2048
/rows/86/result/filesystem/metadata/python	string	3.14.7
/rows/86/result/filesystem/metadata/worker_ms	float	178.991843
/rows/86/result/filesystem/metadata/workload	string	metadata
/rows/86/result/filesystem/npm	object	-
/rows/86/result/filesystem/npm/check	object	-
/rows/86/result/filesystem/npm/check/local_packages	integer	32
/rows/86/result/filesystem/npm/python	string	3.14.7
/rows/86/result/filesystem/npm/worker_ms	float	1337.40372
/rows/86/result/filesystem/npm/workload	string	npm
/rows/86/result/filesystem/read	object	-
/rows/86/result/filesystem/read/check	object	-
/rows/86/result/filesystem/read/check/bytes	integer	67108864
/rows/86/result/filesystem/read/check/sha256	string	42ef3a50fe506ced865473b082c8b28f6ce254e6e2b01266b6a563531a6267bc
/rows/86/result/filesystem/read/python	string	3.14.7
/rows/86/result/filesystem/read/worker_ms	float	113.959276
/rows/86/result/filesystem/read/workload	string	read
/rows/86/result/filesystem/rg	object	-
/rows/86/result/filesystem/rg/check	object	-
/rows/86/result/filesystem/rg/check/matches	integer	2048
/rows/86/result/filesystem/rg/python	string	3.14.7
/rows/86/result/filesystem/rg/worker_ms	float	448.872053
/rows/86/result/filesystem/rg/workload	string	rg
/rows/86/result/filesystem/write	object	-
/rows/86/result/filesystem/write/check	object	-
/rows/86/result/filesystem/write/check/bytes	integer	16777216
/rows/86/result/filesystem/write/check/files	integer	256
/rows/86/result/filesystem/write/python	string	3.14.7
/rows/86/result/filesystem/write/worker_ms	float	121.231421
/rows/86/result/filesystem/write/workload	string	write
/rows/86/result/mode	string	filesystem
/rows/86/result/worker_ms	float	3471.687974
/rows/86/result_ms	float	3848.309116
/rows/86/trial	integer	28
/rows/86/variant	string	candidate
/rows/87	object	-
/rows/87/backend	string	pvisor-vm
/rows/87/completion_ms	float	4075.589938
/rows/87/correctness	string	passed
/rows/87/logs	string	/home/reiase/workspace/pvisor/target/sb/vr/baseline/trials/filesystem-pvisor-vm-029
/rows/87/memory_scope	string	owned launcher tree; Docker daemon/container RSS excluded
/rows/87/mode	string	filesystem
/rows/87/peak_tree_rss_kib	integer	612020
/rows/87/prepare_ms	float	36.674207
/rows/87/ready_ms	float	370.877083
/rows/87/result	object	-
/rows/87/result/correctness	string	passed
/rows/87/result/filesystem	object	-
/rows/87/result/filesystem/cargo	object	-
/rows/87/result/filesystem/cargo/check	object	-
/rows/87/result/filesystem/cargo/check/modules	integer	64
/rows/87/result/filesystem/cargo/check/result	string	2016
/rows/87/result/filesystem/cargo/python	string	3.14.7
/rows/87/result/filesystem/cargo/worker_ms	float	509.370539
/rows/87/result/filesystem/cargo/workload	string	cargo
/rows/87/result/filesystem/git	object	-
/rows/87/result/filesystem/git/check	object	-
/rows/87/result/filesystem/git/check/git_clean	boolean	true
/rows/87/result/filesystem/git/python	string	3.14.7
/rows/87/result/filesystem/git/worker_ms	float	364.766046
/rows/87/result/filesystem/git/workload	string	git
/rows/87/result/filesystem/metadata	object	-
/rows/87/result/filesystem/metadata/check	object	-
/rows/87/result/filesystem/metadata/check/bytes	integer	2095104
/rows/87/result/filesystem/metadata/check/files	integer	2048
/rows/87/result/filesystem/metadata/python	string	3.14.7
/rows/87/result/filesystem/metadata/worker_ms	float	200.657115
/rows/87/result/filesystem/metadata/workload	string	metadata
/rows/87/result/filesystem/npm	object	-
/rows/87/result/filesystem/npm/check	object	-
/rows/87/result/filesystem/npm/check/local_packages	integer	32
/rows/87/result/filesystem/npm/python	string	3.14.7
/rows/87/result/filesystem/npm/worker_ms	float	1285.797264
/rows/87/result/filesystem/npm/workload	string	npm
/rows/87/result/filesystem/read	object	-
/rows/87/result/filesystem/read/check	object	-
/rows/87/result/filesystem/read/check/bytes	integer	67108864
/rows/87/result/filesystem/read/check/sha256	string	42ef3a50fe506ced865473b082c8b28f6ce254e6e2b01266b6a563531a6267bc
/rows/87/result/filesystem/read/python	string	3.14.7
/rows/87/result/filesystem/read/worker_ms	float	118.423927
/rows/87/result/filesystem/read/workload	string	read
/rows/87/result/filesystem/rg	object	-
/rows/87/result/filesystem/rg/check	object	-
/rows/87/result/filesystem/rg/check/matches	integer	2048
/rows/87/result/filesystem/rg/python	string	3.14.7
/rows/87/result/filesystem/rg/worker_ms	float	451.652077
/rows/87/result/filesystem/rg/workload	string	rg
/rows/87/result/filesystem/write	object	-
/rows/87/result/filesystem/write/check	object	-
/rows/87/result/filesystem/write/check/bytes	integer	16777216
/rows/87/result/filesystem/write/check/files	integer	256
/rows/87/result/filesystem/write/python	string	3.14.7
/rows/87/result/filesystem/write/worker_ms	float	242.471438
/rows/87/result/filesystem/write/workload	string	write
/rows/87/result/mode	string	filesystem
/rows/87/result/worker_ms	float	3613.163924
/rows/87/result_ms	float	3984.159362
/rows/87/trial	integer	29
/rows/87/variant	string	baseline
/rows/88	object	-
/rows/88/backend	string	pvisor-vm
/rows/88/completion_ms	float	3833.310718
/rows/88/correctness	string	passed
/rows/88/logs	string	/home/reiase/workspace/pvisor/target/sb/vr/candidate/trials/filesystem-pvisor-vm-029
/rows/88/memory_scope	string	owned launcher tree; Docker daemon/container RSS excluded
/rows/88/mode	string	filesystem
/rows/88/peak_tree_rss_kib	integer	616320
/rows/88/prepare_ms	float	36.917951
/rows/88/ready_ms	float	377.673866
/rows/88/result	object	-
/rows/88/result/correctness	string	passed
/rows/88/result/filesystem	object	-
/rows/88/result/filesystem/cargo	object	-
/rows/88/result/filesystem/cargo/check	object	-
/rows/88/result/filesystem/cargo/check/modules	integer	64
/rows/88/result/filesystem/cargo/check/result	string	2016
/rows/88/result/filesystem/cargo/python	string	3.14.7
/rows/88/result/filesystem/cargo/worker_ms	float	503.436885
/rows/88/result/filesystem/cargo/workload	string	cargo
/rows/88/result/filesystem/git	object	-
/rows/88/result/filesystem/git/check	object	-
/rows/88/result/filesystem/git/check/git_clean	boolean	true
/rows/88/result/filesystem/git/python	string	3.14.7
/rows/88/result/filesystem/git/worker_ms	float	346.167001
/rows/88/result/filesystem/git/workload	string	git
/rows/88/result/filesystem/metadata	object	-
/rows/88/result/filesystem/metadata/check	object	-
/rows/88/result/filesystem/metadata/check/bytes	integer	2095104
/rows/88/result/filesystem/metadata/check/files	integer	2048
/rows/88/result/filesystem/metadata/python	string	3.14.7
/rows/88/result/filesystem/metadata/worker_ms	float	201.1629
/rows/88/result/filesystem/metadata/workload	string	metadata
/rows/88/result/filesystem/npm	object	-
/rows/88/result/filesystem/npm/check	object	-
/rows/88/result/filesystem/npm/check/local_packages	integer	32
/rows/88/result/filesystem/npm/python	string	3.14.7
/rows/88/result/filesystem/npm/worker_ms	float	1153.931788
/rows/88/result/filesystem/npm/workload	string	npm
/rows/88/result/filesystem/read	object	-
/rows/88/result/filesystem/read/check	object	-
/rows/88/result/filesystem/read/check/bytes	integer	67108864
/rows/88/result/filesystem/read/check/sha256	string	42ef3a50fe506ced865473b082c8b28f6ce254e6e2b01266b6a563531a6267bc
/rows/88/result/filesystem/read/python	string	3.14.7
/rows/88/result/filesystem/read/worker_ms	float	116.023352
/rows/88/result/filesystem/read/workload	string	read
/rows/88/result/filesystem/rg	object	-
/rows/88/result/filesystem/rg/check	object	-
/rows/88/result/filesystem/rg/check/matches	integer	2048
/rows/88/result/filesystem/rg/python	string	3.14.7
/rows/88/result/filesystem/rg/worker_ms	float	424.506146
/rows/88/result/filesystem/rg/workload	string	rg
/rows/88/result/filesystem/write	object	-
/rows/88/result/filesystem/write/check	object	-
/rows/88/result/filesystem/write/check/bytes	integer	16777216
/rows/88/result/filesystem/write/check/files	integer	256
/rows/88/result/filesystem/write/python	string	3.14.7
/rows/88/result/filesystem/write/worker_ms	float	104.319318
/rows/88/result/filesystem/write/workload	string	write
/rows/88/result/mode	string	filesystem
/rows/88/result/worker_ms	float	3264.264669
/rows/88/result_ms	float	3641.975513
/rows/88/trial	integer	29
/rows/88/variant	string	candidate
/rows/89	object	-
/rows/89/backend	string	native
/rows/89/completion_ms	float	473.360745
/rows/89/correctness	string	passed
/rows/89/logs	string	/home/reiase/workspace/pvisor/target/sb/vr/native/trials/filesystem-native-029
/rows/89/memory_scope	string	owned launcher tree; Docker daemon/container RSS excluded
/rows/89/mode	string	filesystem
/rows/89/peak_tree_rss_kib	integer	148600
/rows/89/prepare_ms	float	36.732265
/rows/89/ready_ms	float	40.612055
/rows/89/result	object	-
/rows/89/result/correctness	string	passed
/rows/89/result/filesystem	object	-
/rows/89/result/filesystem/cargo	object	-
/rows/89/result/filesystem/cargo/check	object	-
/rows/89/result/filesystem/cargo/check/modules	integer	64
/rows/89/result/filesystem/cargo/check/result	string	2016
/rows/89/result/filesystem/cargo/python	string	3.14.7
/rows/89/result/filesystem/cargo/worker_ms	float	53.876558
/rows/89/result/filesystem/cargo/workload	string	cargo
/rows/89/result/filesystem/git	object	-
/rows/89/result/filesystem/git/check	object	-
/rows/89/result/filesystem/git/check/git_clean	boolean	true
/rows/89/result/filesystem/git/python	string	3.14.7
/rows/89/result/filesystem/git/worker_ms	float	18.581614
/rows/89/result/filesystem/git/workload	string	git
/rows/89/result/filesystem/metadata	object	-
/rows/89/result/filesystem/metadata/check	object	-
/rows/89/result/filesystem/metadata/check/bytes	integer	2095104
/rows/89/result/filesystem/metadata/check/files	integer	2048
/rows/89/result/filesystem/metadata/python	string	3.14.7
/rows/89/result/filesystem/metadata/worker_ms	float	4.661008
/rows/89/result/filesystem/metadata/workload	string	metadata
/rows/89/result/filesystem/npm	object	-
/rows/89/result/filesystem/npm/check	object	-
/rows/89/result/filesystem/npm/check/local_packages	integer	32
/rows/89/result/filesystem/npm/python	string	3.14.7
/rows/89/result/filesystem/npm/worker_ms	float	171.598355
/rows/89/result/filesystem/npm/workload	string	npm
/rows/89/result/filesystem/read	object	-
/rows/89/result/filesystem/read/check	object	-
/rows/89/result/filesystem/read/check/bytes	integer	67108864
/rows/89/result/filesystem/read/check/sha256	string	42ef3a50fe506ced865473b082c8b28f6ce254e6e2b01266b6a563531a6267bc
/rows/89/result/filesystem/read/python	string	3.14.7
/rows/89/result/filesystem/read/worker_ms	float	33.292747
/rows/89/result/filesystem/read/workload	string	read
/rows/89/result/filesystem/rg	object	-
/rows/89/result/filesystem/rg/check	object	-
/rows/89/result/filesystem/rg/check/matches	integer	2048
/rows/89/result/filesystem/rg/python	string	3.14.7
/rows/89/result/filesystem/rg/worker_ms	float	7.793343
/rows/89/result/filesystem/rg/workload	string	rg
/rows/89/result/filesystem/write	object	-
/rows/89/result/filesystem/write/check	object	-
/rows/89/result/filesystem/write/check/bytes	integer	16777216
/rows/89/result/filesystem/write/check/files	integer	256
/rows/89/result/filesystem/write/python	string	3.14.7
/rows/89/result/filesystem/write/worker_ms	float	6.896239
/rows/89/result/filesystem/write/workload	string	write
/rows/89/result/mode	string	filesystem
/rows/89/result/worker_ms	float	424.585927
/rows/89/result_ms	float	465.257444
/rows/89/trial	integer	29
/rows/89/variant	string	native
/schema	string	pvisor-filesystem-ab/v1
/source_commit	string	6b5f3ee2413d44f2b85b7d183d9767efbb7f4213
/source_status	string	 M crates/pvisor/src/cli/mod.rs\n M crates/pvisor/tests/command_extensions.rs\n M docs/src/en/design/cli.md\n M docs/src/en/reference/cli.md\n M docs/src/zh/design/cli.md\n M docs/src/zh/reference/cli.md\n M docs/translations.json\n
/summary	object	-
/summary/baseline~1pvisor-vm	object	-
/summary/baseline~1pvisor-vm/n	integer	30
/summary/baseline~1pvisor-vm/timings_ms	object	-
/summary/baseline~1pvisor-vm/timings_ms/cargo	object	-
/summary/baseline~1pvisor-vm/timings_ms/cargo/p50	float	505.4103465
/summary/baseline~1pvisor-vm/timings_ms/cargo/p95	float	560.5365274000001
/summary/baseline~1pvisor-vm/timings_ms/cargo/p99	float	573.92026312
/summary/baseline~1pvisor-vm/timings_ms/completion_ms	object	-
/summary/baseline~1pvisor-vm/timings_ms/completion_ms/p50	float	4120.577673
/summary/baseline~1pvisor-vm/timings_ms/completion_ms/p95	float	4522.11673415
/summary/baseline~1pvisor-vm/timings_ms/completion_ms/p99	float	5113.092245820001
/summary/baseline~1pvisor-vm/timings_ms/git	object	-
/summary/baseline~1pvisor-vm/timings_ms/git/p50	float	362.6701705
/summary/baseline~1pvisor-vm/timings_ms/git/p95	float	717.95148715
/summary/baseline~1pvisor-vm/timings_ms/git/p99	float	729.7074974200001
/summary/baseline~1pvisor-vm/timings_ms/metadata	object	-
/summary/baseline~1pvisor-vm/timings_ms/metadata/p50	float	161.00351849999998
/summary/baseline~1pvisor-vm/timings_ms/metadata/p95	float	202.96241279999998
/summary/baseline~1pvisor-vm/timings_ms/metadata/p99	float	204.97988816
/summary/baseline~1pvisor-vm/timings_ms/npm	object	-
/summary/baseline~1pvisor-vm/timings_ms/npm/p50	float	1358.1746725
/summary/baseline~1pvisor-vm/timings_ms/npm/p95	float	1430.41041885
/summary/baseline~1pvisor-vm/timings_ms/npm/p99	float	1851.9727374000004
/summary/baseline~1pvisor-vm/timings_ms/read	object	-
/summary/baseline~1pvisor-vm/timings_ms/read/p50	float	118.42845
/summary/baseline~1pvisor-vm/timings_ms/read/p95	float	124.45879525000001
/summary/baseline~1pvisor-vm/timings_ms/read/p99	float	130.86039132000002
/summary/baseline~1pvisor-vm/timings_ms/rg	object	-
/summary/baseline~1pvisor-vm/timings_ms/rg/p50	float	450.6588465
/summary/baseline~1pvisor-vm/timings_ms/rg/p95	float	468.27843269999994
/summary/baseline~1pvisor-vm/timings_ms/rg/p99	float	733.1149097300004
/summary/baseline~1pvisor-vm/timings_ms/write	object	-
/summary/baseline~1pvisor-vm/timings_ms/write/p50	float	237.11091449999998
/summary/baseline~1pvisor-vm/timings_ms/write/p95	float	264.5022377
/summary/baseline~1pvisor-vm/timings_ms/write/p99	float	270.88177132
/summary/candidate~1pvisor-vm	object	-
/summary/candidate~1pvisor-vm/n	integer	30
/summary/candidate~1pvisor-vm/timings_ms	object	-
/summary/candidate~1pvisor-vm/timings_ms/cargo	object	-
/summary/candidate~1pvisor-vm/timings_ms/cargo/p50	float	484.7623845
/summary/candidate~1pvisor-vm/timings_ms/cargo/p95	float	504.99008225
/summary/candidate~1pvisor-vm/timings_ms/cargo/p99	float	507.67580563
/summary/candidate~1pvisor-vm/timings_ms/completion_ms	object	-
/summary/candidate~1pvisor-vm/timings_ms/completion_ms/p50	float	4082.665998
/summary/candidate~1pvisor-vm/timings_ms/completion_ms/p95	float	4458.58928525
/summary/candidate~1pvisor-vm/timings_ms/completion_ms/p99	float	4642.610619810001
/summary/candidate~1pvisor-vm/timings_ms/git	object	-
/summary/candidate~1pvisor-vm/timings_ms/git/p50	float	369.08740850000004
/summary/candidate~1pvisor-vm/timings_ms/git/p95	float	679.48540955
/summary/candidate~1pvisor-vm/timings_ms/git/p99	float	682.14350647
/summary/candidate~1pvisor-vm/timings_ms/metadata	object	-
/summary/candidate~1pvisor-vm/timings_ms/metadata/p50	float	164.2970665
/summary/candidate~1pvisor-vm/timings_ms/metadata/p95	float	203.6766794
/summary/candidate~1pvisor-vm/timings_ms/metadata/p99	float	208.84428436000002
/summary/candidate~1pvisor-vm/timings_ms/npm	object	-
/summary/candidate~1pvisor-vm/timings_ms/npm/p50	float	1341.5429825
/summary/candidate~1pvisor-vm/timings_ms/npm/p95	float	1417.8794694499998
/summary/candidate~1pvisor-vm/timings_ms/npm/p99	float	1714.2622555600003
/summary/candidate~1pvisor-vm/timings_ms/read	object	-
/summary/candidate~1pvisor-vm/timings_ms/read/p50	float	117.7601715
/summary/candidate~1pvisor-vm/timings_ms/read/p95	float	139.36733505
/summary/candidate~1pvisor-vm/timings_ms/read/p99	float	157.76480057
/summary/candidate~1pvisor-vm/timings_ms/rg	object	-
/summary/candidate~1pvisor-vm/timings_ms/rg/p50	float	444.27078700000004
/summary/candidate~1pvisor-vm/timings_ms/rg/p95	float	455.77768395
/summary/candidate~1pvisor-vm/timings_ms/rg/p99	float	457.23788024
/summary/candidate~1pvisor-vm/timings_ms/write	object	-
/summary/candidate~1pvisor-vm/timings_ms/write/p50	float	141.07248600000003
/summary/candidate~1pvisor-vm/timings_ms/write/p95	float	169.4101159
/summary/candidate~1pvisor-vm/timings_ms/write/p99	float	175.19156389
/summary/native~1native	object	-
/summary/native~1native/n	integer	30
/summary/native~1native/timings_ms	object	-
/summary/native~1native/timings_ms/cargo	object	-
/summary/native~1native/timings_ms/cargo/p50	float	52.7558355
/summary/native~1native/timings_ms/cargo/p95	float	55.532459700000004
/summary/native~1native/timings_ms/cargo/p99	float	55.756236439999995
/summary/native~1native/timings_ms/completion_ms	object	-
/summary/native~1native/timings_ms/completion_ms/p50	float	453.791958
/summary/native~1native/timings_ms/completion_ms/p95	float	474.10577335000005
/summary/native~1native/timings_ms/completion_ms/p99	float	482.02135773000003
/summary/native~1native/timings_ms/git	object	-
/summary/native~1native/timings_ms/git/p50	float	14.8748025
/summary/native~1native/timings_ms/git/p95	float	17.440471600000002
/summary/native~1native/timings_ms/git/p99	float	19.901788
/summary/native~1native/timings_ms/metadata	object	-
/summary/native~1native/timings_ms/metadata/p50	float	4.7171575
/summary/native~1native/timings_ms/metadata/p95	float	5.24311705
/summary/native~1native/timings_ms/metadata/p99	float	5.37654098
/summary/native~1native/timings_ms/npm	object	-
/summary/native~1native/timings_ms/npm/p50	float	171.668115
/summary/native~1native/timings_ms/npm/p95	float	178.39329685
/summary/native~1native/timings_ms/npm/p99	float	186.30245769
/summary/native~1native/timings_ms/read	object	-
/summary/native~1native/timings_ms/read/p50	float	32.650362
/summary/native~1native/timings_ms/read/p95	float	38.5981589
/summary/native~1native/timings_ms/read/p99	float	47.96102389000001
/summary/native~1native/timings_ms/rg	object	-
/summary/native~1native/timings_ms/rg/p50	float	7.7258325
/summary/native~1native/timings_ms/rg/p95	float	9.83070165
/summary/native~1native/timings_ms/rg/p99	float	10.402581710000002
/summary/native~1native/timings_ms/write	object	-
/summary/native~1native/timings_ms/write/p50	float	3.720899
/summary/native~1native/timings_ms/write/p95	float	5.759370250000002
/summary/native~1native/timings_ms/write/p99	float	6.98899553
