batch,binary_sha256,workload,condition,scope,samples,backing,metric,unit,median,minimum,maximum
kernel-cache-p1-final-profile-20261007,05e9310754456f67b7623e4b4cbec5c2bd3bdc0e5474d278d60f84891d7f4c8b,hot,native,fresh_mount_lifecycle,3,private-noatime-tmpfs,lookup,callbacks,0,0,0
kernel-cache-p1-final-profile-20261007,05e9310754456f67b7623e4b4cbec5c2bd3bdc0e5474d278d60f84891d7f4c8b,hot,native,fresh_mount_lifecycle,3,private-noatime-tmpfs,getattr,callbacks,0,0,0
kernel-cache-p1-final-profile-20261007,05e9310754456f67b7623e4b4cbec5c2bd3bdc0e5474d278d60f84891d7f4c8b,hot,native,fresh_mount_lifecycle,3,private-noatime-tmpfs,open,callbacks,0,0,0
kernel-cache-p1-final-profile-20261007,05e9310754456f67b7623e4b4cbec5c2bd3bdc0e5474d278d60f84891d7f4c8b,hot,native,fresh_mount_lifecycle,3,private-noatime-tmpfs,read,callbacks,0,0,0
kernel-cache-p1-final-profile-20261007,05e9310754456f67b7623e4b4cbec5c2bd3bdc0e5474d278d60f84891d7f4c8b,hot,native,fresh_mount_lifecycle,3,private-noatime-tmpfs,release,callbacks,0,0,0
kernel-cache-p1-final-profile-20261007,05e9310754456f67b7623e4b4cbec5c2bd3bdc0e5474d278d60f84891d7f4c8b,hot,native,fresh_mount_lifecycle,3,private-noatime-tmpfs,layer_parent_stats,units,0,0,0
kernel-cache-p1-final-profile-20261007,05e9310754456f67b7623e4b4cbec5c2bd3bdc0e5474d278d60f84891d7f4c8b,hot,native,fresh_mount_lifecycle,3,private-noatime-tmpfs,layer_leaf_stats,units,0,0,0
kernel-cache-p1-final-profile-20261007,05e9310754456f67b7623e4b4cbec5c2bd3bdc0e5474d278d60f84891d7f4c8b,hot,native,fresh_mount_lifecycle,3,private-noatime-tmpfs,immutable_lower_cache_hits,units,0,0,0
kernel-cache-p1-final-profile-20261007,05e9310754456f67b7623e4b4cbec5c2bd3bdc0e5474d278d60f84891d7f4c8b,hot,native,fresh_mount_lifecycle,3,private-noatime-tmpfs,immutable_lower_cache_misses,units,0,0,0
kernel-cache-p1-final-profile-20261007,05e9310754456f67b7623e4b4cbec5c2bd3bdc0e5474d278d60f84891d7f4c8b,hot,native,fresh_mount_lifecycle,3,private-noatime-tmpfs,immutable_lower_cache_evictions,units,0,0,0
kernel-cache-p1-final-profile-20261007,05e9310754456f67b7623e4b4cbec5c2bd3bdc0e5474d278d60f84891d7f4c8b,hot,native,fresh_mount_lifecycle,3,private-noatime-tmpfs,four_callback_subtotal,callbacks,0,0,0
kernel-cache-p1-final-profile-20261007,05e9310754456f67b7623e4b4cbec5c2bd3bdc0e5474d278d60f84891d7f4c8b,hot,native,warm_operation_minus_independent_prime,3,private-noatime-tmpfs,lookup,callbacks,0,0,0
kernel-cache-p1-final-profile-20261007,05e9310754456f67b7623e4b4cbec5c2bd3bdc0e5474d278d60f84891d7f4c8b,hot,native,warm_operation_minus_independent_prime,3,private-noatime-tmpfs,getattr,callbacks,0,0,0
kernel-cache-p1-final-profile-20261007,05e9310754456f67b7623e4b4cbec5c2bd3bdc0e5474d278d60f84891d7f4c8b,hot,native,warm_operation_minus_independent_prime,3,private-noatime-tmpfs,open,callbacks,0,0,0
kernel-cache-p1-final-profile-20261007,05e9310754456f67b7623e4b4cbec5c2bd3bdc0e5474d278d60f84891d7f4c8b,hot,native,warm_operation_minus_independent_prime,3,private-noatime-tmpfs,read,callbacks,0,0,0
kernel-cache-p1-final-profile-20261007,05e9310754456f67b7623e4b4cbec5c2bd3bdc0e5474d278d60f84891d7f4c8b,hot,native,warm_operation_minus_independent_prime,3,private-noatime-tmpfs,release,callbacks,0,0,0
kernel-cache-p1-final-profile-20261007,05e9310754456f67b7623e4b4cbec5c2bd3bdc0e5474d278d60f84891d7f4c8b,hot,native,warm_operation_minus_independent_prime,3,private-noatime-tmpfs,layer_parent_stats,units,0,0,0
kernel-cache-p1-final-profile-20261007,05e9310754456f67b7623e4b4cbec5c2bd3bdc0e5474d278d60f84891d7f4c8b,hot,native,warm_operation_minus_independent_prime,3,private-noatime-tmpfs,layer_leaf_stats,units,0,0,0
kernel-cache-p1-final-profile-20261007,05e9310754456f67b7623e4b4cbec5c2bd3bdc0e5474d278d60f84891d7f4c8b,hot,native,warm_operation_minus_independent_prime,3,private-noatime-tmpfs,immutable_lower_cache_hits,units,0,0,0
kernel-cache-p1-final-profile-20261007,05e9310754456f67b7623e4b4cbec5c2bd3bdc0e5474d278d60f84891d7f4c8b,hot,native,warm_operation_minus_independent_prime,3,private-noatime-tmpfs,immutable_lower_cache_misses,units,0,0,0
kernel-cache-p1-final-profile-20261007,05e9310754456f67b7623e4b4cbec5c2bd3bdc0e5474d278d60f84891d7f4c8b,hot,native,warm_operation_minus_independent_prime,3,private-noatime-tmpfs,immutable_lower_cache_evictions,units,0,0,0
kernel-cache-p1-final-profile-20261007,05e9310754456f67b7623e4b4cbec5c2bd3bdc0e5474d278d60f84891d7f4c8b,hot,native,warm_operation_minus_independent_prime,3,private-noatime-tmpfs,four_callback_subtotal,callbacks,0,0,0
kernel-cache-p1-final-profile-20261007,05e9310754456f67b7623e4b4cbec5c2bd3bdc0e5474d278d60f84891d7f4c8b,hot,legacy-writable,fresh_mount_lifecycle,3,private-noatime-tmpfs,lookup,callbacks,2192,2192,2192
kernel-cache-p1-final-profile-20261007,05e9310754456f67b7623e4b4cbec5c2bd3bdc0e5474d278d60f84891d7f4c8b,hot,legacy-writable,fresh_mount_lifecycle,3,private-noatime-tmpfs,getattr,callbacks,6145,6145,6145
kernel-cache-p1-final-profile-20261007,05e9310754456f67b7623e4b4cbec5c2bd3bdc0e5474d278d60f84891d7f4c8b,hot,legacy-writable,fresh_mount_lifecycle,3,private-noatime-tmpfs,open,callbacks,8192,8192,8192
kernel-cache-p1-final-profile-20261007,05e9310754456f67b7623e4b4cbec5c2bd3bdc0e5474d278d60f84891d7f4c8b,hot,legacy-writable,fresh_mount_lifecycle,3,private-noatime-tmpfs,read,callbacks,8192,8192,8192
kernel-cache-p1-final-profile-20261007,05e9310754456f67b7623e4b4cbec5c2bd3bdc0e5474d278d60f84891d7f4c8b,hot,legacy-writable,fresh_mount_lifecycle,3,private-noatime-tmpfs,release,callbacks,8192,8192,8192
kernel-cache-p1-final-profile-20261007,05e9310754456f67b7623e4b4cbec5c2bd3bdc0e5474d278d60f84891d7f4c8b,hot,legacy-writable,fresh_mount_lifecycle,3,private-noatime-tmpfs,layer_parent_stats,units,194880,194880,194880
kernel-cache-p1-final-profile-20261007,05e9310754456f67b7623e4b4cbec5c2bd3bdc0e5474d278d60f84891d7f4c8b,hot,legacy-writable,fresh_mount_lifecycle,3,private-noatime-tmpfs,layer_leaf_stats,units,43440,43440,43440
kernel-cache-p1-final-profile-20261007,05e9310754456f67b7623e4b4cbec5c2bd3bdc0e5474d278d60f84891d7f4c8b,hot,legacy-writable,fresh_mount_lifecycle,3,private-noatime-tmpfs,immutable_lower_cache_hits,units,224272,224272,224272
kernel-cache-p1-final-profile-20261007,05e9310754456f67b7623e4b4cbec5c2bd3bdc0e5474d278d60f84891d7f4c8b,hot,legacy-writable,fresh_mount_lifecycle,3,private-noatime-tmpfs,immutable_lower_cache_misses,units,2192,2192,2192
kernel-cache-p1-final-profile-20261007,05e9310754456f67b7623e4b4cbec5c2bd3bdc0e5474d278d60f84891d7f4c8b,hot,legacy-writable,fresh_mount_lifecycle,3,private-noatime-tmpfs,immutable_lower_cache_evictions,units,0,0,0
kernel-cache-p1-final-profile-20261007,05e9310754456f67b7623e4b4cbec5c2bd3bdc0e5474d278d60f84891d7f4c8b,hot,legacy-writable,fresh_mount_lifecycle,3,private-noatime-tmpfs,four_callback_subtotal,callbacks,24721,24721,24721
kernel-cache-p1-final-profile-20261007,05e9310754456f67b7623e4b4cbec5c2bd3bdc0e5474d278d60f84891d7f4c8b,hot,legacy-writable,warm_operation_minus_independent_prime,3,private-noatime-tmpfs,lookup,callbacks,0,0,0
kernel-cache-p1-final-profile-20261007,05e9310754456f67b7623e4b4cbec5c2bd3bdc0e5474d278d60f84891d7f4c8b,hot,legacy-writable,warm_operation_minus_independent_prime,3,private-noatime-tmpfs,getattr,callbacks,4096,4096,4096
kernel-cache-p1-final-profile-20261007,05e9310754456f67b7623e4b4cbec5c2bd3bdc0e5474d278d60f84891d7f4c8b,hot,legacy-writable,warm_operation_minus_independent_prime,3,private-noatime-tmpfs,open,callbacks,4096,4096,4096
kernel-cache-p1-final-profile-20261007,05e9310754456f67b7623e4b4cbec5c2bd3bdc0e5474d278d60f84891d7f4c8b,hot,legacy-writable,warm_operation_minus_independent_prime,3,private-noatime-tmpfs,read,callbacks,4096,4096,4096
kernel-cache-p1-final-profile-20261007,05e9310754456f67b7623e4b4cbec5c2bd3bdc0e5474d278d60f84891d7f4c8b,hot,legacy-writable,warm_operation_minus_independent_prime,3,private-noatime-tmpfs,release,callbacks,4096,4096,4096
kernel-cache-p1-final-profile-20261007,05e9310754456f67b7623e4b4cbec5c2bd3bdc0e5474d278d60f84891d7f4c8b,hot,legacy-writable,warm_operation_minus_independent_prime,3,private-noatime-tmpfs,layer_parent_stats,units,92160,92160,92160
kernel-cache-p1-final-profile-20261007,05e9310754456f67b7623e4b4cbec5c2bd3bdc0e5474d278d60f84891d7f4c8b,hot,legacy-writable,warm_operation_minus_independent_prime,3,private-noatime-tmpfs,layer_leaf_stats,units,20480,20480,20480
kernel-cache-p1-final-profile-20261007,05e9310754456f67b7623e4b4cbec5c2bd3bdc0e5474d278d60f84891d7f4c8b,hot,legacy-writable,warm_operation_minus_independent_prime,3,private-noatime-tmpfs,immutable_lower_cache_hits,units,112640,112640,112640
kernel-cache-p1-final-profile-20261007,05e9310754456f67b7623e4b4cbec5c2bd3bdc0e5474d278d60f84891d7f4c8b,hot,legacy-writable,warm_operation_minus_independent_prime,3,private-noatime-tmpfs,immutable_lower_cache_misses,units,0,0,0
kernel-cache-p1-final-profile-20261007,05e9310754456f67b7623e4b4cbec5c2bd3bdc0e5474d278d60f84891d7f4c8b,hot,legacy-writable,warm_operation_minus_independent_prime,3,private-noatime-tmpfs,immutable_lower_cache_evictions,units,0,0,0
kernel-cache-p1-final-profile-20261007,05e9310754456f67b7623e4b4cbec5c2bd3bdc0e5474d278d60f84891d7f4c8b,hot,legacy-writable,warm_operation_minus_independent_prime,3,private-noatime-tmpfs,four_callback_subtotal,callbacks,12288,12288,12288
kernel-cache-p1-final-profile-20261007,05e9310754456f67b7623e4b4cbec5c2bd3bdc0e5474d278d60f84891d7f4c8b,hot,metadata-writable,fresh_mount_lifecycle,3,private-noatime-tmpfs,lookup,callbacks,2192,2192,2192
kernel-cache-p1-final-profile-20261007,05e9310754456f67b7623e4b4cbec5c2bd3bdc0e5474d278d60f84891d7f4c8b,hot,metadata-writable,fresh_mount_lifecycle,3,private-noatime-tmpfs,getattr,callbacks,6145,6145,6145
kernel-cache-p1-final-profile-20261007,05e9310754456f67b7623e4b4cbec5c2bd3bdc0e5474d278d60f84891d7f4c8b,hot,metadata-writable,fresh_mount_lifecycle,3,private-noatime-tmpfs,open,callbacks,8192,8192,8192
kernel-cache-p1-final-profile-20261007,05e9310754456f67b7623e4b4cbec5c2bd3bdc0e5474d278d60f84891d7f4c8b,hot,metadata-writable,fresh_mount_lifecycle,3,private-noatime-tmpfs,read,callbacks,8192,8192,8192
kernel-cache-p1-final-profile-20261007,05e9310754456f67b7623e4b4cbec5c2bd3bdc0e5474d278d60f84891d7f4c8b,hot,metadata-writable,fresh_mount_lifecycle,3,private-noatime-tmpfs,release,callbacks,8192,8192,8192
kernel-cache-p1-final-profile-20261007,05e9310754456f67b7623e4b4cbec5c2bd3bdc0e5474d278d60f84891d7f4c8b,hot,metadata-writable,fresh_mount_lifecycle,3,private-noatime-tmpfs,layer_parent_stats,units,194880,194880,194880
kernel-cache-p1-final-profile-20261007,05e9310754456f67b7623e4b4cbec5c2bd3bdc0e5474d278d60f84891d7f4c8b,hot,metadata-writable,fresh_mount_lifecycle,3,private-noatime-tmpfs,layer_leaf_stats,units,43440,43440,43440
kernel-cache-p1-final-profile-20261007,05e9310754456f67b7623e4b4cbec5c2bd3bdc0e5474d278d60f84891d7f4c8b,hot,metadata-writable,fresh_mount_lifecycle,3,private-noatime-tmpfs,immutable_lower_cache_hits,units,224272,224272,224272
kernel-cache-p1-final-profile-20261007,05e9310754456f67b7623e4b4cbec5c2bd3bdc0e5474d278d60f84891d7f4c8b,hot,metadata-writable,fresh_mount_lifecycle,3,private-noatime-tmpfs,immutable_lower_cache_misses,units,2192,2192,2192
kernel-cache-p1-final-profile-20261007,05e9310754456f67b7623e4b4cbec5c2bd3bdc0e5474d278d60f84891d7f4c8b,hot,metadata-writable,fresh_mount_lifecycle,3,private-noatime-tmpfs,immutable_lower_cache_evictions,units,0,0,0
kernel-cache-p1-final-profile-20261007,05e9310754456f67b7623e4b4cbec5c2bd3bdc0e5474d278d60f84891d7f4c8b,hot,metadata-writable,fresh_mount_lifecycle,3,private-noatime-tmpfs,four_callback_subtotal,callbacks,24721,24721,24721
kernel-cache-p1-final-profile-20261007,05e9310754456f67b7623e4b4cbec5c2bd3bdc0e5474d278d60f84891d7f4c8b,hot,metadata-writable,warm_operation_minus_independent_prime,3,private-noatime-tmpfs,lookup,callbacks,0,0,0
kernel-cache-p1-final-profile-20261007,05e9310754456f67b7623e4b4cbec5c2bd3bdc0e5474d278d60f84891d7f4c8b,hot,metadata-writable,warm_operation_minus_independent_prime,3,private-noatime-tmpfs,getattr,callbacks,4096,4096,4096
kernel-cache-p1-final-profile-20261007,05e9310754456f67b7623e4b4cbec5c2bd3bdc0e5474d278d60f84891d7f4c8b,hot,metadata-writable,warm_operation_minus_independent_prime,3,private-noatime-tmpfs,open,callbacks,4096,4096,4096
kernel-cache-p1-final-profile-20261007,05e9310754456f67b7623e4b4cbec5c2bd3bdc0e5474d278d60f84891d7f4c8b,hot,metadata-writable,warm_operation_minus_independent_prime,3,private-noatime-tmpfs,read,callbacks,4096,4096,4096
kernel-cache-p1-final-profile-20261007,05e9310754456f67b7623e4b4cbec5c2bd3bdc0e5474d278d60f84891d7f4c8b,hot,metadata-writable,warm_operation_minus_independent_prime,3,private-noatime-tmpfs,release,callbacks,4096,4096,4096
kernel-cache-p1-final-profile-20261007,05e9310754456f67b7623e4b4cbec5c2bd3bdc0e5474d278d60f84891d7f4c8b,hot,metadata-writable,warm_operation_minus_independent_prime,3,private-noatime-tmpfs,layer_parent_stats,units,92160,92160,92160
kernel-cache-p1-final-profile-20261007,05e9310754456f67b7623e4b4cbec5c2bd3bdc0e5474d278d60f84891d7f4c8b,hot,metadata-writable,warm_operation_minus_independent_prime,3,private-noatime-tmpfs,layer_leaf_stats,units,20480,20480,20480
kernel-cache-p1-final-profile-20261007,05e9310754456f67b7623e4b4cbec5c2bd3bdc0e5474d278d60f84891d7f4c8b,hot,metadata-writable,warm_operation_minus_independent_prime,3,private-noatime-tmpfs,immutable_lower_cache_hits,units,112640,112640,112640
kernel-cache-p1-final-profile-20261007,05e9310754456f67b7623e4b4cbec5c2bd3bdc0e5474d278d60f84891d7f4c8b,hot,metadata-writable,warm_operation_minus_independent_prime,3,private-noatime-tmpfs,immutable_lower_cache_misses,units,0,0,0
kernel-cache-p1-final-profile-20261007,05e9310754456f67b7623e4b4cbec5c2bd3bdc0e5474d278d60f84891d7f4c8b,hot,metadata-writable,warm_operation_minus_independent_prime,3,private-noatime-tmpfs,immutable_lower_cache_evictions,units,0,0,0
kernel-cache-p1-final-profile-20261007,05e9310754456f67b7623e4b4cbec5c2bd3bdc0e5474d278d60f84891d7f4c8b,hot,metadata-writable,warm_operation_minus_independent_prime,3,private-noatime-tmpfs,four_callback_subtotal,callbacks,12288,12288,12288
kernel-cache-p1-final-profile-20261007,05e9310754456f67b7623e4b4cbec5c2bd3bdc0e5474d278d60f84891d7f4c8b,hot,metadata-readonly,fresh_mount_lifecycle,3,private-noatime-tmpfs,lookup,callbacks,2192,2192,2192
kernel-cache-p1-final-profile-20261007,05e9310754456f67b7623e4b4cbec5c2bd3bdc0e5474d278d60f84891d7f4c8b,hot,metadata-readonly,fresh_mount_lifecycle,3,private-noatime-tmpfs,getattr,callbacks,1,1,1
kernel-cache-p1-final-profile-20261007,05e9310754456f67b7623e4b4cbec5c2bd3bdc0e5474d278d60f84891d7f4c8b,hot,metadata-readonly,fresh_mount_lifecycle,3,private-noatime-tmpfs,open,callbacks,8192,8192,8192
kernel-cache-p1-final-profile-20261007,05e9310754456f67b7623e4b4cbec5c2bd3bdc0e5474d278d60f84891d7f4c8b,hot,metadata-readonly,fresh_mount_lifecycle,3,private-noatime-tmpfs,read,callbacks,8192,8192,8192
kernel-cache-p1-final-profile-20261007,05e9310754456f67b7623e4b4cbec5c2bd3bdc0e5474d278d60f84891d7f4c8b,hot,metadata-readonly,fresh_mount_lifecycle,3,private-noatime-tmpfs,release,callbacks,8192,8192,8192
kernel-cache-p1-final-profile-20261007,05e9310754456f67b7623e4b4cbec5c2bd3bdc0e5474d278d60f84891d7f4c8b,hot,metadata-readonly,fresh_mount_lifecycle,3,private-noatime-tmpfs,layer_parent_stats,units,65856,65856,65856
kernel-cache-p1-final-profile-20261007,05e9310754456f67b7623e4b4cbec5c2bd3bdc0e5474d278d60f84891d7f4c8b,hot,metadata-readonly,fresh_mount_lifecycle,3,private-noatime-tmpfs,layer_leaf_stats,units,14768,14768,14768
kernel-cache-p1-final-profile-20261007,05e9310754456f67b7623e4b4cbec5c2bd3bdc0e5474d278d60f84891d7f4c8b,hot,metadata-readonly,fresh_mount_lifecycle,3,private-noatime-tmpfs,immutable_lower_cache_hits,units,66576,66576,66576
kernel-cache-p1-final-profile-20261007,05e9310754456f67b7623e4b4cbec5c2bd3bdc0e5474d278d60f84891d7f4c8b,hot,metadata-readonly,fresh_mount_lifecycle,3,private-noatime-tmpfs,immutable_lower_cache_misses,units,2192,2192,2192
kernel-cache-p1-final-profile-20261007,05e9310754456f67b7623e4b4cbec5c2bd3bdc0e5474d278d60f84891d7f4c8b,hot,metadata-readonly,fresh_mount_lifecycle,3,private-noatime-tmpfs,immutable_lower_cache_evictions,units,0,0,0
kernel-cache-p1-final-profile-20261007,05e9310754456f67b7623e4b4cbec5c2bd3bdc0e5474d278d60f84891d7f4c8b,hot,metadata-readonly,fresh_mount_lifecycle,3,private-noatime-tmpfs,four_callback_subtotal,callbacks,18577,18577,18577
kernel-cache-p1-final-profile-20261007,05e9310754456f67b7623e4b4cbec5c2bd3bdc0e5474d278d60f84891d7f4c8b,hot,metadata-readonly,warm_operation_minus_independent_prime,3,private-noatime-tmpfs,lookup,callbacks,0,0,0
kernel-cache-p1-final-profile-20261007,05e9310754456f67b7623e4b4cbec5c2bd3bdc0e5474d278d60f84891d7f4c8b,hot,metadata-readonly,warm_operation_minus_independent_prime,3,private-noatime-tmpfs,getattr,callbacks,0,0,0
kernel-cache-p1-final-profile-20261007,05e9310754456f67b7623e4b4cbec5c2bd3bdc0e5474d278d60f84891d7f4c8b,hot,metadata-readonly,warm_operation_minus_independent_prime,3,private-noatime-tmpfs,open,callbacks,4096,4096,4096
kernel-cache-p1-final-profile-20261007,05e9310754456f67b7623e4b4cbec5c2bd3bdc0e5474d278d60f84891d7f4c8b,hot,metadata-readonly,warm_operation_minus_independent_prime,3,private-noatime-tmpfs,read,callbacks,4096,4096,4096
kernel-cache-p1-final-profile-20261007,05e9310754456f67b7623e4b4cbec5c2bd3bdc0e5474d278d60f84891d7f4c8b,hot,metadata-readonly,warm_operation_minus_independent_prime,3,private-noatime-tmpfs,release,callbacks,4096,4096,4096
kernel-cache-p1-final-profile-20261007,05e9310754456f67b7623e4b4cbec5c2bd3bdc0e5474d278d60f84891d7f4c8b,hot,metadata-readonly,warm_operation_minus_independent_prime,3,private-noatime-tmpfs,layer_parent_stats,units,18432,18432,18432
kernel-cache-p1-final-profile-20261007,05e9310754456f67b7623e4b4cbec5c2bd3bdc0e5474d278d60f84891d7f4c8b,hot,metadata-readonly,warm_operation_minus_independent_prime,3,private-noatime-tmpfs,layer_leaf_stats,units,4096,4096,4096
kernel-cache-p1-final-profile-20261007,05e9310754456f67b7623e4b4cbec5c2bd3bdc0e5474d278d60f84891d7f4c8b,hot,metadata-readonly,warm_operation_minus_independent_prime,3,private-noatime-tmpfs,immutable_lower_cache_hits,units,22528,22528,22528
kernel-cache-p1-final-profile-20261007,05e9310754456f67b7623e4b4cbec5c2bd3bdc0e5474d278d60f84891d7f4c8b,hot,metadata-readonly,warm_operation_minus_independent_prime,3,private-noatime-tmpfs,immutable_lower_cache_misses,units,0,0,0
kernel-cache-p1-final-profile-20261007,05e9310754456f67b7623e4b4cbec5c2bd3bdc0e5474d278d60f84891d7f4c8b,hot,metadata-readonly,warm_operation_minus_independent_prime,3,private-noatime-tmpfs,immutable_lower_cache_evictions,units,0,0,0
kernel-cache-p1-final-profile-20261007,05e9310754456f67b7623e4b4cbec5c2bd3bdc0e5474d278d60f84891d7f4c8b,hot,metadata-readonly,warm_operation_minus_independent_prime,3,private-noatime-tmpfs,four_callback_subtotal,callbacks,8192,8192,8192
kernel-cache-p1-final-profile-20261007,05e9310754456f67b7623e4b4cbec5c2bd3bdc0e5474d278d60f84891d7f4c8b,hot,metadata-and-data-readonly,fresh_mount_lifecycle,3,private-noatime-tmpfs,lookup,callbacks,2192,2192,2192
kernel-cache-p1-final-profile-20261007,05e9310754456f67b7623e4b4cbec5c2bd3bdc0e5474d278d60f84891d7f4c8b,hot,metadata-and-data-readonly,fresh_mount_lifecycle,3,private-noatime-tmpfs,getattr,callbacks,1,1,1
kernel-cache-p1-final-profile-20261007,05e9310754456f67b7623e4b4cbec5c2bd3bdc0e5474d278d60f84891d7f4c8b,hot,metadata-and-data-readonly,fresh_mount_lifecycle,3,private-noatime-tmpfs,open,callbacks,8192,8192,8192
kernel-cache-p1-final-profile-20261007,05e9310754456f67b7623e4b4cbec5c2bd3bdc0e5474d278d60f84891d7f4c8b,hot,metadata-and-data-readonly,fresh_mount_lifecycle,3,private-noatime-tmpfs,read,callbacks,2048,2048,2048
kernel-cache-p1-final-profile-20261007,05e9310754456f67b7623e4b4cbec5c2bd3bdc0e5474d278d60f84891d7f4c8b,hot,metadata-and-data-readonly,fresh_mount_lifecycle,3,private-noatime-tmpfs,release,callbacks,8192,8192,8192
kernel-cache-p1-final-profile-20261007,05e9310754456f67b7623e4b4cbec5c2bd3bdc0e5474d278d60f84891d7f4c8b,hot,metadata-and-data-readonly,fresh_mount_lifecycle,3,private-noatime-tmpfs,layer_parent_stats,units,65856,65856,65856
kernel-cache-p1-final-profile-20261007,05e9310754456f67b7623e4b4cbec5c2bd3bdc0e5474d278d60f84891d7f4c8b,hot,metadata-and-data-readonly,fresh_mount_lifecycle,3,private-noatime-tmpfs,layer_leaf_stats,units,14768,14768,14768
kernel-cache-p1-final-profile-20261007,05e9310754456f67b7623e4b4cbec5c2bd3bdc0e5474d278d60f84891d7f4c8b,hot,metadata-and-data-readonly,fresh_mount_lifecycle,3,private-noatime-tmpfs,immutable_lower_cache_hits,units,66576,66576,66576
kernel-cache-p1-final-profile-20261007,05e9310754456f67b7623e4b4cbec5c2bd3bdc0e5474d278d60f84891d7f4c8b,hot,metadata-and-data-readonly,fresh_mount_lifecycle,3,private-noatime-tmpfs,immutable_lower_cache_misses,units,2192,2192,2192
kernel-cache-p1-final-profile-20261007,05e9310754456f67b7623e4b4cbec5c2bd3bdc0e5474d278d60f84891d7f4c8b,hot,metadata-and-data-readonly,fresh_mount_lifecycle,3,private-noatime-tmpfs,immutable_lower_cache_evictions,units,0,0,0
kernel-cache-p1-final-profile-20261007,05e9310754456f67b7623e4b4cbec5c2bd3bdc0e5474d278d60f84891d7f4c8b,hot,metadata-and-data-readonly,fresh_mount_lifecycle,3,private-noatime-tmpfs,four_callback_subtotal,callbacks,12433,12433,12433
kernel-cache-p1-final-profile-20261007,05e9310754456f67b7623e4b4cbec5c2bd3bdc0e5474d278d60f84891d7f4c8b,hot,metadata-and-data-readonly,warm_operation_minus_independent_prime,3,private-noatime-tmpfs,lookup,callbacks,0,0,0
kernel-cache-p1-final-profile-20261007,05e9310754456f67b7623e4b4cbec5c2bd3bdc0e5474d278d60f84891d7f4c8b,hot,metadata-and-data-readonly,warm_operation_minus_independent_prime,3,private-noatime-tmpfs,getattr,callbacks,0,0,0
kernel-cache-p1-final-profile-20261007,05e9310754456f67b7623e4b4cbec5c2bd3bdc0e5474d278d60f84891d7f4c8b,hot,metadata-and-data-readonly,warm_operation_minus_independent_prime,3,private-noatime-tmpfs,open,callbacks,4096,4096,4096
kernel-cache-p1-final-profile-20261007,05e9310754456f67b7623e4b4cbec5c2bd3bdc0e5474d278d60f84891d7f4c8b,hot,metadata-and-data-readonly,warm_operation_minus_independent_prime,3,private-noatime-tmpfs,read,callbacks,0,0,0
kernel-cache-p1-final-profile-20261007,05e9310754456f67b7623e4b4cbec5c2bd3bdc0e5474d278d60f84891d7f4c8b,hot,metadata-and-data-readonly,warm_operation_minus_independent_prime,3,private-noatime-tmpfs,release,callbacks,4096,4096,4096
kernel-cache-p1-final-profile-20261007,05e9310754456f67b7623e4b4cbec5c2bd3bdc0e5474d278d60f84891d7f4c8b,hot,metadata-and-data-readonly,warm_operation_minus_independent_prime,3,private-noatime-tmpfs,layer_parent_stats,units,18432,18432,18432
kernel-cache-p1-final-profile-20261007,05e9310754456f67b7623e4b4cbec5c2bd3bdc0e5474d278d60f84891d7f4c8b,hot,metadata-and-data-readonly,warm_operation_minus_independent_prime,3,private-noatime-tmpfs,layer_leaf_stats,units,4096,4096,4096
kernel-cache-p1-final-profile-20261007,05e9310754456f67b7623e4b4cbec5c2bd3bdc0e5474d278d60f84891d7f4c8b,hot,metadata-and-data-readonly,warm_operation_minus_independent_prime,3,private-noatime-tmpfs,immutable_lower_cache_hits,units,22528,22528,22528
kernel-cache-p1-final-profile-20261007,05e9310754456f67b7623e4b4cbec5c2bd3bdc0e5474d278d60f84891d7f4c8b,hot,metadata-and-data-readonly,warm_operation_minus_independent_prime,3,private-noatime-tmpfs,immutable_lower_cache_misses,units,0,0,0
kernel-cache-p1-final-profile-20261007,05e9310754456f67b7623e4b4cbec5c2bd3bdc0e5474d278d60f84891d7f4c8b,hot,metadata-and-data-readonly,warm_operation_minus_independent_prime,3,private-noatime-tmpfs,immutable_lower_cache_evictions,units,0,0,0
kernel-cache-p1-final-profile-20261007,05e9310754456f67b7623e4b4cbec5c2bd3bdc0e5474d278d60f84891d7f4c8b,hot,metadata-and-data-readonly,warm_operation_minus_independent_prime,3,private-noatime-tmpfs,four_callback_subtotal,callbacks,4096,4096,4096
kernel-cache-p1-final-profile-20261007,05e9310754456f67b7623e4b4cbec5c2bd3bdc0e5474d278d60f84891d7f4c8b,ttl,native,fresh_mount_lifecycle,3,private-noatime-tmpfs,lookup,callbacks,0,0,0
kernel-cache-p1-final-profile-20261007,05e9310754456f67b7623e4b4cbec5c2bd3bdc0e5474d278d60f84891d7f4c8b,ttl,native,fresh_mount_lifecycle,3,private-noatime-tmpfs,getattr,callbacks,0,0,0
kernel-cache-p1-final-profile-20261007,05e9310754456f67b7623e4b4cbec5c2bd3bdc0e5474d278d60f84891d7f4c8b,ttl,native,fresh_mount_lifecycle,3,private-noatime-tmpfs,open,callbacks,0,0,0
kernel-cache-p1-final-profile-20261007,05e9310754456f67b7623e4b4cbec5c2bd3bdc0e5474d278d60f84891d7f4c8b,ttl,native,fresh_mount_lifecycle,3,private-noatime-tmpfs,read,callbacks,0,0,0
kernel-cache-p1-final-profile-20261007,05e9310754456f67b7623e4b4cbec5c2bd3bdc0e5474d278d60f84891d7f4c8b,ttl,native,fresh_mount_lifecycle,3,private-noatime-tmpfs,release,callbacks,0,0,0
kernel-cache-p1-final-profile-20261007,05e9310754456f67b7623e4b4cbec5c2bd3bdc0e5474d278d60f84891d7f4c8b,ttl,native,fresh_mount_lifecycle,3,private-noatime-tmpfs,layer_parent_stats,units,0,0,0
kernel-cache-p1-final-profile-20261007,05e9310754456f67b7623e4b4cbec5c2bd3bdc0e5474d278d60f84891d7f4c8b,ttl,native,fresh_mount_lifecycle,3,private-noatime-tmpfs,layer_leaf_stats,units,0,0,0
kernel-cache-p1-final-profile-20261007,05e9310754456f67b7623e4b4cbec5c2bd3bdc0e5474d278d60f84891d7f4c8b,ttl,native,fresh_mount_lifecycle,3,private-noatime-tmpfs,immutable_lower_cache_hits,units,0,0,0
kernel-cache-p1-final-profile-20261007,05e9310754456f67b7623e4b4cbec5c2bd3bdc0e5474d278d60f84891d7f4c8b,ttl,native,fresh_mount_lifecycle,3,private-noatime-tmpfs,immutable_lower_cache_misses,units,0,0,0
kernel-cache-p1-final-profile-20261007,05e9310754456f67b7623e4b4cbec5c2bd3bdc0e5474d278d60f84891d7f4c8b,ttl,native,fresh_mount_lifecycle,3,private-noatime-tmpfs,immutable_lower_cache_evictions,units,0,0,0
kernel-cache-p1-final-profile-20261007,05e9310754456f67b7623e4b4cbec5c2bd3bdc0e5474d278d60f84891d7f4c8b,ttl,native,fresh_mount_lifecycle,3,private-noatime-tmpfs,four_callback_subtotal,callbacks,0,0,0
kernel-cache-p1-final-profile-20261007,05e9310754456f67b7623e4b4cbec5c2bd3bdc0e5474d278d60f84891d7f4c8b,ttl,native,warm_operation_minus_independent_prime,3,private-noatime-tmpfs,lookup,callbacks,0,0,0
kernel-cache-p1-final-profile-20261007,05e9310754456f67b7623e4b4cbec5c2bd3bdc0e5474d278d60f84891d7f4c8b,ttl,native,warm_operation_minus_independent_prime,3,private-noatime-tmpfs,getattr,callbacks,0,0,0
kernel-cache-p1-final-profile-20261007,05e9310754456f67b7623e4b4cbec5c2bd3bdc0e5474d278d60f84891d7f4c8b,ttl,native,warm_operation_minus_independent_prime,3,private-noatime-tmpfs,open,callbacks,0,0,0
kernel-cache-p1-final-profile-20261007,05e9310754456f67b7623e4b4cbec5c2bd3bdc0e5474d278d60f84891d7f4c8b,ttl,native,warm_operation_minus_independent_prime,3,private-noatime-tmpfs,read,callbacks,0,0,0
kernel-cache-p1-final-profile-20261007,05e9310754456f67b7623e4b4cbec5c2bd3bdc0e5474d278d60f84891d7f4c8b,ttl,native,warm_operation_minus_independent_prime,3,private-noatime-tmpfs,release,callbacks,0,0,0
kernel-cache-p1-final-profile-20261007,05e9310754456f67b7623e4b4cbec5c2bd3bdc0e5474d278d60f84891d7f4c8b,ttl,native,warm_operation_minus_independent_prime,3,private-noatime-tmpfs,layer_parent_stats,units,0,0,0
kernel-cache-p1-final-profile-20261007,05e9310754456f67b7623e4b4cbec5c2bd3bdc0e5474d278d60f84891d7f4c8b,ttl,native,warm_operation_minus_independent_prime,3,private-noatime-tmpfs,layer_leaf_stats,units,0,0,0
kernel-cache-p1-final-profile-20261007,05e9310754456f67b7623e4b4cbec5c2bd3bdc0e5474d278d60f84891d7f4c8b,ttl,native,warm_operation_minus_independent_prime,3,private-noatime-tmpfs,immutable_lower_cache_hits,units,0,0,0
kernel-cache-p1-final-profile-20261007,05e9310754456f67b7623e4b4cbec5c2bd3bdc0e5474d278d60f84891d7f4c8b,ttl,native,warm_operation_minus_independent_prime,3,private-noatime-tmpfs,immutable_lower_cache_misses,units,0,0,0
kernel-cache-p1-final-profile-20261007,05e9310754456f67b7623e4b4cbec5c2bd3bdc0e5474d278d60f84891d7f4c8b,ttl,native,warm_operation_minus_independent_prime,3,private-noatime-tmpfs,immutable_lower_cache_evictions,units,0,0,0
kernel-cache-p1-final-profile-20261007,05e9310754456f67b7623e4b4cbec5c2bd3bdc0e5474d278d60f84891d7f4c8b,ttl,native,warm_operation_minus_independent_prime,3,private-noatime-tmpfs,four_callback_subtotal,callbacks,0,0,0
kernel-cache-p1-final-profile-20261007,05e9310754456f67b7623e4b4cbec5c2bd3bdc0e5474d278d60f84891d7f4c8b,ttl,legacy-writable,fresh_mount_lifecycle,3,private-noatime-tmpfs,lookup,callbacks,4384,4384,4384
kernel-cache-p1-final-profile-20261007,05e9310754456f67b7623e4b4cbec5c2bd3bdc0e5474d278d60f84891d7f4c8b,ttl,legacy-writable,fresh_mount_lifecycle,3,private-noatime-tmpfs,getattr,callbacks,4098,4098,4098
kernel-cache-p1-final-profile-20261007,05e9310754456f67b7623e4b4cbec5c2bd3bdc0e5474d278d60f84891d7f4c8b,ttl,legacy-writable,fresh_mount_lifecycle,3,private-noatime-tmpfs,open,callbacks,8192,8192,8192
kernel-cache-p1-final-profile-20261007,05e9310754456f67b7623e4b4cbec5c2bd3bdc0e5474d278d60f84891d7f4c8b,ttl,legacy-writable,fresh_mount_lifecycle,3,private-noatime-tmpfs,read,callbacks,8192,8192,8192
kernel-cache-p1-final-profile-20261007,05e9310754456f67b7623e4b4cbec5c2bd3bdc0e5474d278d60f84891d7f4c8b,ttl,legacy-writable,fresh_mount_lifecycle,3,private-noatime-tmpfs,release,callbacks,8192,8192,8192
kernel-cache-p1-final-profile-20261007,05e9310754456f67b7623e4b4cbec5c2bd3bdc0e5474d278d60f84891d7f4c8b,ttl,legacy-writable,fresh_mount_lifecycle,3,private-noatime-tmpfs,layer_parent_stats,units,195776,195776,195776
kernel-cache-p1-final-profile-20261007,05e9310754456f67b7623e4b4cbec5c2bd3bdc0e5474d278d60f84891d7f4c8b,ttl,legacy-writable,fresh_mount_lifecycle,3,private-noatime-tmpfs,layer_leaf_stats,units,43728,43728,43728
kernel-cache-p1-final-profile-20261007,05e9310754456f67b7623e4b4cbec5c2bd3bdc0e5474d278d60f84891d7f4c8b,ttl,legacy-writable,fresh_mount_lifecycle,3,private-noatime-tmpfs,immutable_lower_cache_hits,units,225456,225456,225456
kernel-cache-p1-final-profile-20261007,05e9310754456f67b7623e4b4cbec5c2bd3bdc0e5474d278d60f84891d7f4c8b,ttl,legacy-writable,fresh_mount_lifecycle,3,private-noatime-tmpfs,immutable_lower_cache_misses,units,2192,2192,2192
kernel-cache-p1-final-profile-20261007,05e9310754456f67b7623e4b4cbec5c2bd3bdc0e5474d278d60f84891d7f4c8b,ttl,legacy-writable,fresh_mount_lifecycle,3,private-noatime-tmpfs,immutable_lower_cache_evictions,units,0,0,0
kernel-cache-p1-final-profile-20261007,05e9310754456f67b7623e4b4cbec5c2bd3bdc0e5474d278d60f84891d7f4c8b,ttl,legacy-writable,fresh_mount_lifecycle,3,private-noatime-tmpfs,four_callback_subtotal,callbacks,24866,24866,24866
kernel-cache-p1-final-profile-20261007,05e9310754456f67b7623e4b4cbec5c2bd3bdc0e5474d278d60f84891d7f4c8b,ttl,legacy-writable,warm_operation_minus_independent_prime,3,private-noatime-tmpfs,lookup,callbacks,2192,2192,2192
kernel-cache-p1-final-profile-20261007,05e9310754456f67b7623e4b4cbec5c2bd3bdc0e5474d278d60f84891d7f4c8b,ttl,legacy-writable,warm_operation_minus_independent_prime,3,private-noatime-tmpfs,getattr,callbacks,2049,2049,2049
kernel-cache-p1-final-profile-20261007,05e9310754456f67b7623e4b4cbec5c2bd3bdc0e5474d278d60f84891d7f4c8b,ttl,legacy-writable,warm_operation_minus_independent_prime,3,private-noatime-tmpfs,open,callbacks,4096,4096,4096
kernel-cache-p1-final-profile-20261007,05e9310754456f67b7623e4b4cbec5c2bd3bdc0e5474d278d60f84891d7f4c8b,ttl,legacy-writable,warm_operation_minus_independent_prime,3,private-noatime-tmpfs,read,callbacks,4096,4096,4096
kernel-cache-p1-final-profile-20261007,05e9310754456f67b7623e4b4cbec5c2bd3bdc0e5474d278d60f84891d7f4c8b,ttl,legacy-writable,warm_operation_minus_independent_prime,3,private-noatime-tmpfs,release,callbacks,4096,4096,4096
kernel-cache-p1-final-profile-20261007,05e9310754456f67b7623e4b4cbec5c2bd3bdc0e5474d278d60f84891d7f4c8b,ttl,legacy-writable,warm_operation_minus_independent_prime,3,private-noatime-tmpfs,layer_parent_stats,units,93056,93056,93056
kernel-cache-p1-final-profile-20261007,05e9310754456f67b7623e4b4cbec5c2bd3bdc0e5474d278d60f84891d7f4c8b,ttl,legacy-writable,warm_operation_minus_independent_prime,3,private-noatime-tmpfs,layer_leaf_stats,units,20768,20768,20768
kernel-cache-p1-final-profile-20261007,05e9310754456f67b7623e4b4cbec5c2bd3bdc0e5474d278d60f84891d7f4c8b,ttl,legacy-writable,warm_operation_minus_independent_prime,3,private-noatime-tmpfs,immutable_lower_cache_hits,units,113824,113824,113824
kernel-cache-p1-final-profile-20261007,05e9310754456f67b7623e4b4cbec5c2bd3bdc0e5474d278d60f84891d7f4c8b,ttl,legacy-writable,warm_operation_minus_independent_prime,3,private-noatime-tmpfs,immutable_lower_cache_misses,units,0,0,0
kernel-cache-p1-final-profile-20261007,05e9310754456f67b7623e4b4cbec5c2bd3bdc0e5474d278d60f84891d7f4c8b,ttl,legacy-writable,warm_operation_minus_independent_prime,3,private-noatime-tmpfs,immutable_lower_cache_evictions,units,0,0,0
kernel-cache-p1-final-profile-20261007,05e9310754456f67b7623e4b4cbec5c2bd3bdc0e5474d278d60f84891d7f4c8b,ttl,legacy-writable,warm_operation_minus_independent_prime,3,private-noatime-tmpfs,four_callback_subtotal,callbacks,12433,12433,12433
kernel-cache-p1-final-profile-20261007,05e9310754456f67b7623e4b4cbec5c2bd3bdc0e5474d278d60f84891d7f4c8b,ttl,metadata-writable,fresh_mount_lifecycle,3,private-noatime-tmpfs,lookup,callbacks,2192,2192,2192
kernel-cache-p1-final-profile-20261007,05e9310754456f67b7623e4b4cbec5c2bd3bdc0e5474d278d60f84891d7f4c8b,ttl,metadata-writable,fresh_mount_lifecycle,3,private-noatime-tmpfs,getattr,callbacks,6145,6145,6145
kernel-cache-p1-final-profile-20261007,05e9310754456f67b7623e4b4cbec5c2bd3bdc0e5474d278d60f84891d7f4c8b,ttl,metadata-writable,fresh_mount_lifecycle,3,private-noatime-tmpfs,open,callbacks,8192,8192,8192
kernel-cache-p1-final-profile-20261007,05e9310754456f67b7623e4b4cbec5c2bd3bdc0e5474d278d60f84891d7f4c8b,ttl,metadata-writable,fresh_mount_lifecycle,3,private-noatime-tmpfs,read,callbacks,8192,8192,8192
kernel-cache-p1-final-profile-20261007,05e9310754456f67b7623e4b4cbec5c2bd3bdc0e5474d278d60f84891d7f4c8b,ttl,metadata-writable,fresh_mount_lifecycle,3,private-noatime-tmpfs,release,callbacks,8192,8192,8192
kernel-cache-p1-final-profile-20261007,05e9310754456f67b7623e4b4cbec5c2bd3bdc0e5474d278d60f84891d7f4c8b,ttl,metadata-writable,fresh_mount_lifecycle,3,private-noatime-tmpfs,layer_parent_stats,units,194880,194880,194880
kernel-cache-p1-final-profile-20261007,05e9310754456f67b7623e4b4cbec5c2bd3bdc0e5474d278d60f84891d7f4c8b,ttl,metadata-writable,fresh_mount_lifecycle,3,private-noatime-tmpfs,layer_leaf_stats,units,43440,43440,43440
kernel-cache-p1-final-profile-20261007,05e9310754456f67b7623e4b4cbec5c2bd3bdc0e5474d278d60f84891d7f4c8b,ttl,metadata-writable,fresh_mount_lifecycle,3,private-noatime-tmpfs,immutable_lower_cache_hits,units,224272,224272,224272
kernel-cache-p1-final-profile-20261007,05e9310754456f67b7623e4b4cbec5c2bd3bdc0e5474d278d60f84891d7f4c8b,ttl,metadata-writable,fresh_mount_lifecycle,3,private-noatime-tmpfs,immutable_lower_cache_misses,units,2192,2192,2192
kernel-cache-p1-final-profile-20261007,05e9310754456f67b7623e4b4cbec5c2bd3bdc0e5474d278d60f84891d7f4c8b,ttl,metadata-writable,fresh_mount_lifecycle,3,private-noatime-tmpfs,immutable_lower_cache_evictions,units,0,0,0
kernel-cache-p1-final-profile-20261007,05e9310754456f67b7623e4b4cbec5c2bd3bdc0e5474d278d60f84891d7f4c8b,ttl,metadata-writable,fresh_mount_lifecycle,3,private-noatime-tmpfs,four_callback_subtotal,callbacks,24721,24721,24721
kernel-cache-p1-final-profile-20261007,05e9310754456f67b7623e4b4cbec5c2bd3bdc0e5474d278d60f84891d7f4c8b,ttl,metadata-writable,warm_operation_minus_independent_prime,3,private-noatime-tmpfs,lookup,callbacks,0,0,0
kernel-cache-p1-final-profile-20261007,05e9310754456f67b7623e4b4cbec5c2bd3bdc0e5474d278d60f84891d7f4c8b,ttl,metadata-writable,warm_operation_minus_independent_prime,3,private-noatime-tmpfs,getattr,callbacks,4096,4096,4096
kernel-cache-p1-final-profile-20261007,05e9310754456f67b7623e4b4cbec5c2bd3bdc0e5474d278d60f84891d7f4c8b,ttl,metadata-writable,warm_operation_minus_independent_prime,3,private-noatime-tmpfs,open,callbacks,4096,4096,4096
kernel-cache-p1-final-profile-20261007,05e9310754456f67b7623e4b4cbec5c2bd3bdc0e5474d278d60f84891d7f4c8b,ttl,metadata-writable,warm_operation_minus_independent_prime,3,private-noatime-tmpfs,read,callbacks,4096,4096,4096
kernel-cache-p1-final-profile-20261007,05e9310754456f67b7623e4b4cbec5c2bd3bdc0e5474d278d60f84891d7f4c8b,ttl,metadata-writable,warm_operation_minus_independent_prime,3,private-noatime-tmpfs,release,callbacks,4096,4096,4096
kernel-cache-p1-final-profile-20261007,05e9310754456f67b7623e4b4cbec5c2bd3bdc0e5474d278d60f84891d7f4c8b,ttl,metadata-writable,warm_operation_minus_independent_prime,3,private-noatime-tmpfs,layer_parent_stats,units,92160,92160,92160
kernel-cache-p1-final-profile-20261007,05e9310754456f67b7623e4b4cbec5c2bd3bdc0e5474d278d60f84891d7f4c8b,ttl,metadata-writable,warm_operation_minus_independent_prime,3,private-noatime-tmpfs,layer_leaf_stats,units,20480,20480,20480
kernel-cache-p1-final-profile-20261007,05e9310754456f67b7623e4b4cbec5c2bd3bdc0e5474d278d60f84891d7f4c8b,ttl,metadata-writable,warm_operation_minus_independent_prime,3,private-noatime-tmpfs,immutable_lower_cache_hits,units,112640,112640,112640
kernel-cache-p1-final-profile-20261007,05e9310754456f67b7623e4b4cbec5c2bd3bdc0e5474d278d60f84891d7f4c8b,ttl,metadata-writable,warm_operation_minus_independent_prime,3,private-noatime-tmpfs,immutable_lower_cache_misses,units,0,0,0
kernel-cache-p1-final-profile-20261007,05e9310754456f67b7623e4b4cbec5c2bd3bdc0e5474d278d60f84891d7f4c8b,ttl,metadata-writable,warm_operation_minus_independent_prime,3,private-noatime-tmpfs,immutable_lower_cache_evictions,units,0,0,0
kernel-cache-p1-final-profile-20261007,05e9310754456f67b7623e4b4cbec5c2bd3bdc0e5474d278d60f84891d7f4c8b,ttl,metadata-writable,warm_operation_minus_independent_prime,3,private-noatime-tmpfs,four_callback_subtotal,callbacks,12288,12288,12288
kernel-cache-p1-final-profile-20261007,05e9310754456f67b7623e4b4cbec5c2bd3bdc0e5474d278d60f84891d7f4c8b,ttl,metadata-readonly,fresh_mount_lifecycle,3,private-noatime-tmpfs,lookup,callbacks,2192,2192,2192
kernel-cache-p1-final-profile-20261007,05e9310754456f67b7623e4b4cbec5c2bd3bdc0e5474d278d60f84891d7f4c8b,ttl,metadata-readonly,fresh_mount_lifecycle,3,private-noatime-tmpfs,getattr,callbacks,1,1,1
kernel-cache-p1-final-profile-20261007,05e9310754456f67b7623e4b4cbec5c2bd3bdc0e5474d278d60f84891d7f4c8b,ttl,metadata-readonly,fresh_mount_lifecycle,3,private-noatime-tmpfs,open,callbacks,8192,8192,8192
kernel-cache-p1-final-profile-20261007,05e9310754456f67b7623e4b4cbec5c2bd3bdc0e5474d278d60f84891d7f4c8b,ttl,metadata-readonly,fresh_mount_lifecycle,3,private-noatime-tmpfs,read,callbacks,8192,8192,8192
kernel-cache-p1-final-profile-20261007,05e9310754456f67b7623e4b4cbec5c2bd3bdc0e5474d278d60f84891d7f4c8b,ttl,metadata-readonly,fresh_mount_lifecycle,3,private-noatime-tmpfs,release,callbacks,8192,8192,8192
kernel-cache-p1-final-profile-20261007,05e9310754456f67b7623e4b4cbec5c2bd3bdc0e5474d278d60f84891d7f4c8b,ttl,metadata-readonly,fresh_mount_lifecycle,3,private-noatime-tmpfs,layer_parent_stats,units,65856,65856,65856
kernel-cache-p1-final-profile-20261007,05e9310754456f67b7623e4b4cbec5c2bd3bdc0e5474d278d60f84891d7f4c8b,ttl,metadata-readonly,fresh_mount_lifecycle,3,private-noatime-tmpfs,layer_leaf_stats,units,14768,14768,14768
kernel-cache-p1-final-profile-20261007,05e9310754456f67b7623e4b4cbec5c2bd3bdc0e5474d278d60f84891d7f4c8b,ttl,metadata-readonly,fresh_mount_lifecycle,3,private-noatime-tmpfs,immutable_lower_cache_hits,units,66576,66576,66576
kernel-cache-p1-final-profile-20261007,05e9310754456f67b7623e4b4cbec5c2bd3bdc0e5474d278d60f84891d7f4c8b,ttl,metadata-readonly,fresh_mount_lifecycle,3,private-noatime-tmpfs,immutable_lower_cache_misses,units,2192,2192,2192
kernel-cache-p1-final-profile-20261007,05e9310754456f67b7623e4b4cbec5c2bd3bdc0e5474d278d60f84891d7f4c8b,ttl,metadata-readonly,fresh_mount_lifecycle,3,private-noatime-tmpfs,immutable_lower_cache_evictions,units,0,0,0
kernel-cache-p1-final-profile-20261007,05e9310754456f67b7623e4b4cbec5c2bd3bdc0e5474d278d60f84891d7f4c8b,ttl,metadata-readonly,fresh_mount_lifecycle,3,private-noatime-tmpfs,four_callback_subtotal,callbacks,18577,18577,18577
kernel-cache-p1-final-profile-20261007,05e9310754456f67b7623e4b4cbec5c2bd3bdc0e5474d278d60f84891d7f4c8b,ttl,metadata-readonly,warm_operation_minus_independent_prime,3,private-noatime-tmpfs,lookup,callbacks,0,0,0
kernel-cache-p1-final-profile-20261007,05e9310754456f67b7623e4b4cbec5c2bd3bdc0e5474d278d60f84891d7f4c8b,ttl,metadata-readonly,warm_operation_minus_independent_prime,3,private-noatime-tmpfs,getattr,callbacks,0,0,0
kernel-cache-p1-final-profile-20261007,05e9310754456f67b7623e4b4cbec5c2bd3bdc0e5474d278d60f84891d7f4c8b,ttl,metadata-readonly,warm_operation_minus_independent_prime,3,private-noatime-tmpfs,open,callbacks,4096,4096,4096
kernel-cache-p1-final-profile-20261007,05e9310754456f67b7623e4b4cbec5c2bd3bdc0e5474d278d60f84891d7f4c8b,ttl,metadata-readonly,warm_operation_minus_independent_prime,3,private-noatime-tmpfs,read,callbacks,4096,4096,4096
kernel-cache-p1-final-profile-20261007,05e9310754456f67b7623e4b4cbec5c2bd3bdc0e5474d278d60f84891d7f4c8b,ttl,metadata-readonly,warm_operation_minus_independent_prime,3,private-noatime-tmpfs,release,callbacks,4096,4096,4096
kernel-cache-p1-final-profile-20261007,05e9310754456f67b7623e4b4cbec5c2bd3bdc0e5474d278d60f84891d7f4c8b,ttl,metadata-readonly,warm_operation_minus_independent_prime,3,private-noatime-tmpfs,layer_parent_stats,units,18432,18432,18432
kernel-cache-p1-final-profile-20261007,05e9310754456f67b7623e4b4cbec5c2bd3bdc0e5474d278d60f84891d7f4c8b,ttl,metadata-readonly,warm_operation_minus_independent_prime,3,private-noatime-tmpfs,layer_leaf_stats,units,4096,4096,4096
kernel-cache-p1-final-profile-20261007,05e9310754456f67b7623e4b4cbec5c2bd3bdc0e5474d278d60f84891d7f4c8b,ttl,metadata-readonly,warm_operation_minus_independent_prime,3,private-noatime-tmpfs,immutable_lower_cache_hits,units,22528,22528,22528
kernel-cache-p1-final-profile-20261007,05e9310754456f67b7623e4b4cbec5c2bd3bdc0e5474d278d60f84891d7f4c8b,ttl,metadata-readonly,warm_operation_minus_independent_prime,3,private-noatime-tmpfs,immutable_lower_cache_misses,units,0,0,0
kernel-cache-p1-final-profile-20261007,05e9310754456f67b7623e4b4cbec5c2bd3bdc0e5474d278d60f84891d7f4c8b,ttl,metadata-readonly,warm_operation_minus_independent_prime,3,private-noatime-tmpfs,immutable_lower_cache_evictions,units,0,0,0
kernel-cache-p1-final-profile-20261007,05e9310754456f67b7623e4b4cbec5c2bd3bdc0e5474d278d60f84891d7f4c8b,ttl,metadata-readonly,warm_operation_minus_independent_prime,3,private-noatime-tmpfs,four_callback_subtotal,callbacks,8192,8192,8192
kernel-cache-p1-final-profile-20261007,05e9310754456f67b7623e4b4cbec5c2bd3bdc0e5474d278d60f84891d7f4c8b,ttl,metadata-and-data-readonly,fresh_mount_lifecycle,3,private-noatime-tmpfs,lookup,callbacks,2192,2192,2192
kernel-cache-p1-final-profile-20261007,05e9310754456f67b7623e4b4cbec5c2bd3bdc0e5474d278d60f84891d7f4c8b,ttl,metadata-and-data-readonly,fresh_mount_lifecycle,3,private-noatime-tmpfs,getattr,callbacks,1,1,1
kernel-cache-p1-final-profile-20261007,05e9310754456f67b7623e4b4cbec5c2bd3bdc0e5474d278d60f84891d7f4c8b,ttl,metadata-and-data-readonly,fresh_mount_lifecycle,3,private-noatime-tmpfs,open,callbacks,8192,8192,8192
kernel-cache-p1-final-profile-20261007,05e9310754456f67b7623e4b4cbec5c2bd3bdc0e5474d278d60f84891d7f4c8b,ttl,metadata-and-data-readonly,fresh_mount_lifecycle,3,private-noatime-tmpfs,read,callbacks,2048,2048,2048
kernel-cache-p1-final-profile-20261007,05e9310754456f67b7623e4b4cbec5c2bd3bdc0e5474d278d60f84891d7f4c8b,ttl,metadata-and-data-readonly,fresh_mount_lifecycle,3,private-noatime-tmpfs,release,callbacks,8192,8192,8192
kernel-cache-p1-final-profile-20261007,05e9310754456f67b7623e4b4cbec5c2bd3bdc0e5474d278d60f84891d7f4c8b,ttl,metadata-and-data-readonly,fresh_mount_lifecycle,3,private-noatime-tmpfs,layer_parent_stats,units,65856,65856,65856
kernel-cache-p1-final-profile-20261007,05e9310754456f67b7623e4b4cbec5c2bd3bdc0e5474d278d60f84891d7f4c8b,ttl,metadata-and-data-readonly,fresh_mount_lifecycle,3,private-noatime-tmpfs,layer_leaf_stats,units,14768,14768,14768
kernel-cache-p1-final-profile-20261007,05e9310754456f67b7623e4b4cbec5c2bd3bdc0e5474d278d60f84891d7f4c8b,ttl,metadata-and-data-readonly,fresh_mount_lifecycle,3,private-noatime-tmpfs,immutable_lower_cache_hits,units,66576,66576,66576
kernel-cache-p1-final-profile-20261007,05e9310754456f67b7623e4b4cbec5c2bd3bdc0e5474d278d60f84891d7f4c8b,ttl,metadata-and-data-readonly,fresh_mount_lifecycle,3,private-noatime-tmpfs,immutable_lower_cache_misses,units,2192,2192,2192
kernel-cache-p1-final-profile-20261007,05e9310754456f67b7623e4b4cbec5c2bd3bdc0e5474d278d60f84891d7f4c8b,ttl,metadata-and-data-readonly,fresh_mount_lifecycle,3,private-noatime-tmpfs,immutable_lower_cache_evictions,units,0,0,0
kernel-cache-p1-final-profile-20261007,05e9310754456f67b7623e4b4cbec5c2bd3bdc0e5474d278d60f84891d7f4c8b,ttl,metadata-and-data-readonly,fresh_mount_lifecycle,3,private-noatime-tmpfs,four_callback_subtotal,callbacks,12433,12433,12433
kernel-cache-p1-final-profile-20261007,05e9310754456f67b7623e4b4cbec5c2bd3bdc0e5474d278d60f84891d7f4c8b,ttl,metadata-and-data-readonly,warm_operation_minus_independent_prime,3,private-noatime-tmpfs,lookup,callbacks,0,0,0
kernel-cache-p1-final-profile-20261007,05e9310754456f67b7623e4b4cbec5c2bd3bdc0e5474d278d60f84891d7f4c8b,ttl,metadata-and-data-readonly,warm_operation_minus_independent_prime,3,private-noatime-tmpfs,getattr,callbacks,0,0,0
kernel-cache-p1-final-profile-20261007,05e9310754456f67b7623e4b4cbec5c2bd3bdc0e5474d278d60f84891d7f4c8b,ttl,metadata-and-data-readonly,warm_operation_minus_independent_prime,3,private-noatime-tmpfs,open,callbacks,4096,4096,4096
kernel-cache-p1-final-profile-20261007,05e9310754456f67b7623e4b4cbec5c2bd3bdc0e5474d278d60f84891d7f4c8b,ttl,metadata-and-data-readonly,warm_operation_minus_independent_prime,3,private-noatime-tmpfs,read,callbacks,0,0,0
kernel-cache-p1-final-profile-20261007,05e9310754456f67b7623e4b4cbec5c2bd3bdc0e5474d278d60f84891d7f4c8b,ttl,metadata-and-data-readonly,warm_operation_minus_independent_prime,3,private-noatime-tmpfs,release,callbacks,4096,4096,4096
kernel-cache-p1-final-profile-20261007,05e9310754456f67b7623e4b4cbec5c2bd3bdc0e5474d278d60f84891d7f4c8b,ttl,metadata-and-data-readonly,warm_operation_minus_independent_prime,3,private-noatime-tmpfs,layer_parent_stats,units,18432,18432,18432
kernel-cache-p1-final-profile-20261007,05e9310754456f67b7623e4b4cbec5c2bd3bdc0e5474d278d60f84891d7f4c8b,ttl,metadata-and-data-readonly,warm_operation_minus_independent_prime,3,private-noatime-tmpfs,layer_leaf_stats,units,4096,4096,4096
kernel-cache-p1-final-profile-20261007,05e9310754456f67b7623e4b4cbec5c2bd3bdc0e5474d278d60f84891d7f4c8b,ttl,metadata-and-data-readonly,warm_operation_minus_independent_prime,3,private-noatime-tmpfs,immutable_lower_cache_hits,units,22528,22528,22528
kernel-cache-p1-final-profile-20261007,05e9310754456f67b7623e4b4cbec5c2bd3bdc0e5474d278d60f84891d7f4c8b,ttl,metadata-and-data-readonly,warm_operation_minus_independent_prime,3,private-noatime-tmpfs,immutable_lower_cache_misses,units,0,0,0
kernel-cache-p1-final-profile-20261007,05e9310754456f67b7623e4b4cbec5c2bd3bdc0e5474d278d60f84891d7f4c8b,ttl,metadata-and-data-readonly,warm_operation_minus_independent_prime,3,private-noatime-tmpfs,immutable_lower_cache_evictions,units,0,0,0
kernel-cache-p1-final-profile-20261007,05e9310754456f67b7623e4b4cbec5c2bd3bdc0e5474d278d60f84891d7f4c8b,ttl,metadata-and-data-readonly,warm_operation_minus_independent_prime,3,private-noatime-tmpfs,four_callback_subtotal,callbacks,4096,4096,4096
kernel-cache-p1-final-profile-20261007,05e9310754456f67b7623e4b4cbec5c2bd3bdc0e5474d278d60f84891d7f4c8b,readsearch,native,fresh_mount_lifecycle,3,private-noatime-tmpfs,lookup,callbacks,0,0,0
kernel-cache-p1-final-profile-20261007,05e9310754456f67b7623e4b4cbec5c2bd3bdc0e5474d278d60f84891d7f4c8b,readsearch,native,fresh_mount_lifecycle,3,private-noatime-tmpfs,getattr,callbacks,0,0,0
kernel-cache-p1-final-profile-20261007,05e9310754456f67b7623e4b4cbec5c2bd3bdc0e5474d278d60f84891d7f4c8b,readsearch,native,fresh_mount_lifecycle,3,private-noatime-tmpfs,open,callbacks,0,0,0
kernel-cache-p1-final-profile-20261007,05e9310754456f67b7623e4b4cbec5c2bd3bdc0e5474d278d60f84891d7f4c8b,readsearch,native,fresh_mount_lifecycle,3,private-noatime-tmpfs,read,callbacks,0,0,0
kernel-cache-p1-final-profile-20261007,05e9310754456f67b7623e4b4cbec5c2bd3bdc0e5474d278d60f84891d7f4c8b,readsearch,native,fresh_mount_lifecycle,3,private-noatime-tmpfs,release,callbacks,0,0,0
kernel-cache-p1-final-profile-20261007,05e9310754456f67b7623e4b4cbec5c2bd3bdc0e5474d278d60f84891d7f4c8b,readsearch,native,fresh_mount_lifecycle,3,private-noatime-tmpfs,layer_parent_stats,units,0,0,0
kernel-cache-p1-final-profile-20261007,05e9310754456f67b7623e4b4cbec5c2bd3bdc0e5474d278d60f84891d7f4c8b,readsearch,native,fresh_mount_lifecycle,3,private-noatime-tmpfs,layer_leaf_stats,units,0,0,0
kernel-cache-p1-final-profile-20261007,05e9310754456f67b7623e4b4cbec5c2bd3bdc0e5474d278d60f84891d7f4c8b,readsearch,native,fresh_mount_lifecycle,3,private-noatime-tmpfs,immutable_lower_cache_hits,units,0,0,0
kernel-cache-p1-final-profile-20261007,05e9310754456f67b7623e4b4cbec5c2bd3bdc0e5474d278d60f84891d7f4c8b,readsearch,native,fresh_mount_lifecycle,3,private-noatime-tmpfs,immutable_lower_cache_misses,units,0,0,0
kernel-cache-p1-final-profile-20261007,05e9310754456f67b7623e4b4cbec5c2bd3bdc0e5474d278d60f84891d7f4c8b,readsearch,native,fresh_mount_lifecycle,3,private-noatime-tmpfs,immutable_lower_cache_evictions,units,0,0,0
kernel-cache-p1-final-profile-20261007,05e9310754456f67b7623e4b4cbec5c2bd3bdc0e5474d278d60f84891d7f4c8b,readsearch,native,fresh_mount_lifecycle,3,private-noatime-tmpfs,four_callback_subtotal,callbacks,0,0,0
kernel-cache-p1-final-profile-20261007,05e9310754456f67b7623e4b4cbec5c2bd3bdc0e5474d278d60f84891d7f4c8b,readsearch,native,warm_operation_minus_independent_prime,3,private-noatime-tmpfs,lookup,callbacks,0,0,0
kernel-cache-p1-final-profile-20261007,05e9310754456f67b7623e4b4cbec5c2bd3bdc0e5474d278d60f84891d7f4c8b,readsearch,native,warm_operation_minus_independent_prime,3,private-noatime-tmpfs,getattr,callbacks,0,0,0
kernel-cache-p1-final-profile-20261007,05e9310754456f67b7623e4b4cbec5c2bd3bdc0e5474d278d60f84891d7f4c8b,readsearch,native,warm_operation_minus_independent_prime,3,private-noatime-tmpfs,open,callbacks,0,0,0
kernel-cache-p1-final-profile-20261007,05e9310754456f67b7623e4b4cbec5c2bd3bdc0e5474d278d60f84891d7f4c8b,readsearch,native,warm_operation_minus_independent_prime,3,private-noatime-tmpfs,read,callbacks,0,0,0
kernel-cache-p1-final-profile-20261007,05e9310754456f67b7623e4b4cbec5c2bd3bdc0e5474d278d60f84891d7f4c8b,readsearch,native,warm_operation_minus_independent_prime,3,private-noatime-tmpfs,release,callbacks,0,0,0
kernel-cache-p1-final-profile-20261007,05e9310754456f67b7623e4b4cbec5c2bd3bdc0e5474d278d60f84891d7f4c8b,readsearch,native,warm_operation_minus_independent_prime,3,private-noatime-tmpfs,layer_parent_stats,units,0,0,0
kernel-cache-p1-final-profile-20261007,05e9310754456f67b7623e4b4cbec5c2bd3bdc0e5474d278d60f84891d7f4c8b,readsearch,native,warm_operation_minus_independent_prime,3,private-noatime-tmpfs,layer_leaf_stats,units,0,0,0
kernel-cache-p1-final-profile-20261007,05e9310754456f67b7623e4b4cbec5c2bd3bdc0e5474d278d60f84891d7f4c8b,readsearch,native,warm_operation_minus_independent_prime,3,private-noatime-tmpfs,immutable_lower_cache_hits,units,0,0,0
kernel-cache-p1-final-profile-20261007,05e9310754456f67b7623e4b4cbec5c2bd3bdc0e5474d278d60f84891d7f4c8b,readsearch,native,warm_operation_minus_independent_prime,3,private-noatime-tmpfs,immutable_lower_cache_misses,units,0,0,0
kernel-cache-p1-final-profile-20261007,05e9310754456f67b7623e4b4cbec5c2bd3bdc0e5474d278d60f84891d7f4c8b,readsearch,native,warm_operation_minus_independent_prime,3,private-noatime-tmpfs,immutable_lower_cache_evictions,units,0,0,0
kernel-cache-p1-final-profile-20261007,05e9310754456f67b7623e4b4cbec5c2bd3bdc0e5474d278d60f84891d7f4c8b,readsearch,native,warm_operation_minus_independent_prime,3,private-noatime-tmpfs,four_callback_subtotal,callbacks,0,0,0
kernel-cache-p1-final-profile-20261007,05e9310754456f67b7623e4b4cbec5c2bd3bdc0e5474d278d60f84891d7f4c8b,readsearch,legacy-writable,fresh_mount_lifecycle,3,private-noatime-tmpfs,lookup,callbacks,2192,2192,2192
kernel-cache-p1-final-profile-20261007,05e9310754456f67b7623e4b4cbec5c2bd3bdc0e5474d278d60f84891d7f4c8b,readsearch,legacy-writable,fresh_mount_lifecycle,3,private-noatime-tmpfs,getattr,callbacks,4097,4097,4097
kernel-cache-p1-final-profile-20261007,05e9310754456f67b7623e4b4cbec5c2bd3bdc0e5474d278d60f84891d7f4c8b,readsearch,legacy-writable,fresh_mount_lifecycle,3,private-noatime-tmpfs,open,callbacks,6144,6144,6144
kernel-cache-p1-final-profile-20261007,05e9310754456f67b7623e4b4cbec5c2bd3bdc0e5474d278d60f84891d7f4c8b,readsearch,legacy-writable,fresh_mount_lifecycle,3,private-noatime-tmpfs,read,callbacks,6144,6144,6144
kernel-cache-p1-final-profile-20261007,05e9310754456f67b7623e4b4cbec5c2bd3bdc0e5474d278d60f84891d7f4c8b,readsearch,legacy-writable,fresh_mount_lifecycle,3,private-noatime-tmpfs,release,callbacks,6144,6144,6144
kernel-cache-p1-final-profile-20261007,05e9310754456f67b7623e4b4cbec5c2bd3bdc0e5474d278d60f84891d7f4c8b,readsearch,legacy-writable,fresh_mount_lifecycle,3,private-noatime-tmpfs,layer_parent_stats,units,148800,148800,148800
kernel-cache-p1-final-profile-20261007,05e9310754456f67b7623e4b4cbec5c2bd3bdc0e5474d278d60f84891d7f4c8b,readsearch,legacy-writable,fresh_mount_lifecycle,3,private-noatime-tmpfs,layer_leaf_stats,units,33200,33200,33200
kernel-cache-p1-final-profile-20261007,05e9310754456f67b7623e4b4cbec5c2bd3bdc0e5474d278d60f84891d7f4c8b,readsearch,legacy-writable,fresh_mount_lifecycle,3,private-noatime-tmpfs,immutable_lower_cache_hits,units,167952,167952,167952
kernel-cache-p1-final-profile-20261007,05e9310754456f67b7623e4b4cbec5c2bd3bdc0e5474d278d60f84891d7f4c8b,readsearch,legacy-writable,fresh_mount_lifecycle,3,private-noatime-tmpfs,immutable_lower_cache_misses,units,2192,2192,2192
kernel-cache-p1-final-profile-20261007,05e9310754456f67b7623e4b4cbec5c2bd3bdc0e5474d278d60f84891d7f4c8b,readsearch,legacy-writable,fresh_mount_lifecycle,3,private-noatime-tmpfs,immutable_lower_cache_evictions,units,0,0,0
kernel-cache-p1-final-profile-20261007,05e9310754456f67b7623e4b4cbec5c2bd3bdc0e5474d278d60f84891d7f4c8b,readsearch,legacy-writable,fresh_mount_lifecycle,3,private-noatime-tmpfs,four_callback_subtotal,callbacks,18577,18577,18577
kernel-cache-p1-final-profile-20261007,05e9310754456f67b7623e4b4cbec5c2bd3bdc0e5474d278d60f84891d7f4c8b,readsearch,legacy-writable,warm_operation_minus_independent_prime,3,private-noatime-tmpfs,lookup,callbacks,0,0,0
kernel-cache-p1-final-profile-20261007,05e9310754456f67b7623e4b4cbec5c2bd3bdc0e5474d278d60f84891d7f4c8b,readsearch,legacy-writable,warm_operation_minus_independent_prime,3,private-noatime-tmpfs,getattr,callbacks,2048,2048,2048
kernel-cache-p1-final-profile-20261007,05e9310754456f67b7623e4b4cbec5c2bd3bdc0e5474d278d60f84891d7f4c8b,readsearch,legacy-writable,warm_operation_minus_independent_prime,3,private-noatime-tmpfs,open,callbacks,2048,2048,2048
kernel-cache-p1-final-profile-20261007,05e9310754456f67b7623e4b4cbec5c2bd3bdc0e5474d278d60f84891d7f4c8b,readsearch,legacy-writable,warm_operation_minus_independent_prime,3,private-noatime-tmpfs,read,callbacks,2048,2048,2048
kernel-cache-p1-final-profile-20261007,05e9310754456f67b7623e4b4cbec5c2bd3bdc0e5474d278d60f84891d7f4c8b,readsearch,legacy-writable,warm_operation_minus_independent_prime,3,private-noatime-tmpfs,release,callbacks,2048,2048,2048
kernel-cache-p1-final-profile-20261007,05e9310754456f67b7623e4b4cbec5c2bd3bdc0e5474d278d60f84891d7f4c8b,readsearch,legacy-writable,warm_operation_minus_independent_prime,3,private-noatime-tmpfs,layer_parent_stats,units,46080,46080,46080
kernel-cache-p1-final-profile-20261007,05e9310754456f67b7623e4b4cbec5c2bd3bdc0e5474d278d60f84891d7f4c8b,readsearch,legacy-writable,warm_operation_minus_independent_prime,3,private-noatime-tmpfs,layer_leaf_stats,units,10240,10240,10240
kernel-cache-p1-final-profile-20261007,05e9310754456f67b7623e4b4cbec5c2bd3bdc0e5474d278d60f84891d7f4c8b,readsearch,legacy-writable,warm_operation_minus_independent_prime,3,private-noatime-tmpfs,immutable_lower_cache_hits,units,56320,56320,56320
kernel-cache-p1-final-profile-20261007,05e9310754456f67b7623e4b4cbec5c2bd3bdc0e5474d278d60f84891d7f4c8b,readsearch,legacy-writable,warm_operation_minus_independent_prime,3,private-noatime-tmpfs,immutable_lower_cache_misses,units,0,0,0
kernel-cache-p1-final-profile-20261007,05e9310754456f67b7623e4b4cbec5c2bd3bdc0e5474d278d60f84891d7f4c8b,readsearch,legacy-writable,warm_operation_minus_independent_prime,3,private-noatime-tmpfs,immutable_lower_cache_evictions,units,0,0,0
kernel-cache-p1-final-profile-20261007,05e9310754456f67b7623e4b4cbec5c2bd3bdc0e5474d278d60f84891d7f4c8b,readsearch,legacy-writable,warm_operation_minus_independent_prime,3,private-noatime-tmpfs,four_callback_subtotal,callbacks,6144,6144,6144
kernel-cache-p1-final-profile-20261007,05e9310754456f67b7623e4b4cbec5c2bd3bdc0e5474d278d60f84891d7f4c8b,readsearch,metadata-writable,fresh_mount_lifecycle,3,private-noatime-tmpfs,lookup,callbacks,2192,2192,2192
kernel-cache-p1-final-profile-20261007,05e9310754456f67b7623e4b4cbec5c2bd3bdc0e5474d278d60f84891d7f4c8b,readsearch,metadata-writable,fresh_mount_lifecycle,3,private-noatime-tmpfs,getattr,callbacks,4097,4097,4097
kernel-cache-p1-final-profile-20261007,05e9310754456f67b7623e4b4cbec5c2bd3bdc0e5474d278d60f84891d7f4c8b,readsearch,metadata-writable,fresh_mount_lifecycle,3,private-noatime-tmpfs,open,callbacks,6144,6144,6144
kernel-cache-p1-final-profile-20261007,05e9310754456f67b7623e4b4cbec5c2bd3bdc0e5474d278d60f84891d7f4c8b,readsearch,metadata-writable,fresh_mount_lifecycle,3,private-noatime-tmpfs,read,callbacks,6144,6144,6144
kernel-cache-p1-final-profile-20261007,05e9310754456f67b7623e4b4cbec5c2bd3bdc0e5474d278d60f84891d7f4c8b,readsearch,metadata-writable,fresh_mount_lifecycle,3,private-noatime-tmpfs,release,callbacks,6144,6144,6144
kernel-cache-p1-final-profile-20261007,05e9310754456f67b7623e4b4cbec5c2bd3bdc0e5474d278d60f84891d7f4c8b,readsearch,metadata-writable,fresh_mount_lifecycle,3,private-noatime-tmpfs,layer_parent_stats,units,148800,148800,148800
kernel-cache-p1-final-profile-20261007,05e9310754456f67b7623e4b4cbec5c2bd3bdc0e5474d278d60f84891d7f4c8b,readsearch,metadata-writable,fresh_mount_lifecycle,3,private-noatime-tmpfs,layer_leaf_stats,units,33200,33200,33200
kernel-cache-p1-final-profile-20261007,05e9310754456f67b7623e4b4cbec5c2bd3bdc0e5474d278d60f84891d7f4c8b,readsearch,metadata-writable,fresh_mount_lifecycle,3,private-noatime-tmpfs,immutable_lower_cache_hits,units,167952,167952,167952
kernel-cache-p1-final-profile-20261007,05e9310754456f67b7623e4b4cbec5c2bd3bdc0e5474d278d60f84891d7f4c8b,readsearch,metadata-writable,fresh_mount_lifecycle,3,private-noatime-tmpfs,immutable_lower_cache_misses,units,2192,2192,2192
kernel-cache-p1-final-profile-20261007,05e9310754456f67b7623e4b4cbec5c2bd3bdc0e5474d278d60f84891d7f4c8b,readsearch,metadata-writable,fresh_mount_lifecycle,3,private-noatime-tmpfs,immutable_lower_cache_evictions,units,0,0,0
kernel-cache-p1-final-profile-20261007,05e9310754456f67b7623e4b4cbec5c2bd3bdc0e5474d278d60f84891d7f4c8b,readsearch,metadata-writable,fresh_mount_lifecycle,3,private-noatime-tmpfs,four_callback_subtotal,callbacks,18577,18577,18577
kernel-cache-p1-final-profile-20261007,05e9310754456f67b7623e4b4cbec5c2bd3bdc0e5474d278d60f84891d7f4c8b,readsearch,metadata-writable,warm_operation_minus_independent_prime,3,private-noatime-tmpfs,lookup,callbacks,0,0,0
kernel-cache-p1-final-profile-20261007,05e9310754456f67b7623e4b4cbec5c2bd3bdc0e5474d278d60f84891d7f4c8b,readsearch,metadata-writable,warm_operation_minus_independent_prime,3,private-noatime-tmpfs,getattr,callbacks,2048,2048,2048
kernel-cache-p1-final-profile-20261007,05e9310754456f67b7623e4b4cbec5c2bd3bdc0e5474d278d60f84891d7f4c8b,readsearch,metadata-writable,warm_operation_minus_independent_prime,3,private-noatime-tmpfs,open,callbacks,2048,2048,2048
kernel-cache-p1-final-profile-20261007,05e9310754456f67b7623e4b4cbec5c2bd3bdc0e5474d278d60f84891d7f4c8b,readsearch,metadata-writable,warm_operation_minus_independent_prime,3,private-noatime-tmpfs,read,callbacks,2048,2048,2048
kernel-cache-p1-final-profile-20261007,05e9310754456f67b7623e4b4cbec5c2bd3bdc0e5474d278d60f84891d7f4c8b,readsearch,metadata-writable,warm_operation_minus_independent_prime,3,private-noatime-tmpfs,release,callbacks,2048,2048,2048
kernel-cache-p1-final-profile-20261007,05e9310754456f67b7623e4b4cbec5c2bd3bdc0e5474d278d60f84891d7f4c8b,readsearch,metadata-writable,warm_operation_minus_independent_prime,3,private-noatime-tmpfs,layer_parent_stats,units,46080,46080,46080
kernel-cache-p1-final-profile-20261007,05e9310754456f67b7623e4b4cbec5c2bd3bdc0e5474d278d60f84891d7f4c8b,readsearch,metadata-writable,warm_operation_minus_independent_prime,3,private-noatime-tmpfs,layer_leaf_stats,units,10240,10240,10240
kernel-cache-p1-final-profile-20261007,05e9310754456f67b7623e4b4cbec5c2bd3bdc0e5474d278d60f84891d7f4c8b,readsearch,metadata-writable,warm_operation_minus_independent_prime,3,private-noatime-tmpfs,immutable_lower_cache_hits,units,56320,56320,56320
kernel-cache-p1-final-profile-20261007,05e9310754456f67b7623e4b4cbec5c2bd3bdc0e5474d278d60f84891d7f4c8b,readsearch,metadata-writable,warm_operation_minus_independent_prime,3,private-noatime-tmpfs,immutable_lower_cache_misses,units,0,0,0
kernel-cache-p1-final-profile-20261007,05e9310754456f67b7623e4b4cbec5c2bd3bdc0e5474d278d60f84891d7f4c8b,readsearch,metadata-writable,warm_operation_minus_independent_prime,3,private-noatime-tmpfs,immutable_lower_cache_evictions,units,0,0,0
kernel-cache-p1-final-profile-20261007,05e9310754456f67b7623e4b4cbec5c2bd3bdc0e5474d278d60f84891d7f4c8b,readsearch,metadata-writable,warm_operation_minus_independent_prime,3,private-noatime-tmpfs,four_callback_subtotal,callbacks,6144,6144,6144
kernel-cache-p1-final-profile-20261007,05e9310754456f67b7623e4b4cbec5c2bd3bdc0e5474d278d60f84891d7f4c8b,readsearch,metadata-readonly,fresh_mount_lifecycle,3,private-noatime-tmpfs,lookup,callbacks,2192,2192,2192
kernel-cache-p1-final-profile-20261007,05e9310754456f67b7623e4b4cbec5c2bd3bdc0e5474d278d60f84891d7f4c8b,readsearch,metadata-readonly,fresh_mount_lifecycle,3,private-noatime-tmpfs,getattr,callbacks,1,1,1
kernel-cache-p1-final-profile-20261007,05e9310754456f67b7623e4b4cbec5c2bd3bdc0e5474d278d60f84891d7f4c8b,readsearch,metadata-readonly,fresh_mount_lifecycle,3,private-noatime-tmpfs,open,callbacks,6144,6144,6144
kernel-cache-p1-final-profile-20261007,05e9310754456f67b7623e4b4cbec5c2bd3bdc0e5474d278d60f84891d7f4c8b,readsearch,metadata-readonly,fresh_mount_lifecycle,3,private-noatime-tmpfs,read,callbacks,6144,6144,6144
kernel-cache-p1-final-profile-20261007,05e9310754456f67b7623e4b4cbec5c2bd3bdc0e5474d278d60f84891d7f4c8b,readsearch,metadata-readonly,fresh_mount_lifecycle,3,private-noatime-tmpfs,release,callbacks,6144,6144,6144
kernel-cache-p1-final-profile-20261007,05e9310754456f67b7623e4b4cbec5c2bd3bdc0e5474d278d60f84891d7f4c8b,readsearch,metadata-readonly,fresh_mount_lifecycle,3,private-noatime-tmpfs,layer_parent_stats,units,56640,56640,56640
kernel-cache-p1-final-profile-20261007,05e9310754456f67b7623e4b4cbec5c2bd3bdc0e5474d278d60f84891d7f4c8b,readsearch,metadata-readonly,fresh_mount_lifecycle,3,private-noatime-tmpfs,layer_leaf_stats,units,12720,12720,12720
kernel-cache-p1-final-profile-20261007,05e9310754456f67b7623e4b4cbec5c2bd3bdc0e5474d278d60f84891d7f4c8b,readsearch,metadata-readonly,fresh_mount_lifecycle,3,private-noatime-tmpfs,immutable_lower_cache_hits,units,55312,55312,55312
kernel-cache-p1-final-profile-20261007,05e9310754456f67b7623e4b4cbec5c2bd3bdc0e5474d278d60f84891d7f4c8b,readsearch,metadata-readonly,fresh_mount_lifecycle,3,private-noatime-tmpfs,immutable_lower_cache_misses,units,2192,2192,2192
kernel-cache-p1-final-profile-20261007,05e9310754456f67b7623e4b4cbec5c2bd3bdc0e5474d278d60f84891d7f4c8b,readsearch,metadata-readonly,fresh_mount_lifecycle,3,private-noatime-tmpfs,immutable_lower_cache_evictions,units,0,0,0
kernel-cache-p1-final-profile-20261007,05e9310754456f67b7623e4b4cbec5c2bd3bdc0e5474d278d60f84891d7f4c8b,readsearch,metadata-readonly,fresh_mount_lifecycle,3,private-noatime-tmpfs,four_callback_subtotal,callbacks,14481,14481,14481
kernel-cache-p1-final-profile-20261007,05e9310754456f67b7623e4b4cbec5c2bd3bdc0e5474d278d60f84891d7f4c8b,readsearch,metadata-readonly,warm_operation_minus_independent_prime,3,private-noatime-tmpfs,lookup,callbacks,0,0,0
kernel-cache-p1-final-profile-20261007,05e9310754456f67b7623e4b4cbec5c2bd3bdc0e5474d278d60f84891d7f4c8b,readsearch,metadata-readonly,warm_operation_minus_independent_prime,3,private-noatime-tmpfs,getattr,callbacks,0,0,0
kernel-cache-p1-final-profile-20261007,05e9310754456f67b7623e4b4cbec5c2bd3bdc0e5474d278d60f84891d7f4c8b,readsearch,metadata-readonly,warm_operation_minus_independent_prime,3,private-noatime-tmpfs,open,callbacks,2048,2048,2048
kernel-cache-p1-final-profile-20261007,05e9310754456f67b7623e4b4cbec5c2bd3bdc0e5474d278d60f84891d7f4c8b,readsearch,metadata-readonly,warm_operation_minus_independent_prime,3,private-noatime-tmpfs,read,callbacks,2048,2048,2048
kernel-cache-p1-final-profile-20261007,05e9310754456f67b7623e4b4cbec5c2bd3bdc0e5474d278d60f84891d7f4c8b,readsearch,metadata-readonly,warm_operation_minus_independent_prime,3,private-noatime-tmpfs,release,callbacks,2048,2048,2048
kernel-cache-p1-final-profile-20261007,05e9310754456f67b7623e4b4cbec5c2bd3bdc0e5474d278d60f84891d7f4c8b,readsearch,metadata-readonly,warm_operation_minus_independent_prime,3,private-noatime-tmpfs,layer_parent_stats,units,9216,9216,9216
kernel-cache-p1-final-profile-20261007,05e9310754456f67b7623e4b4cbec5c2bd3bdc0e5474d278d60f84891d7f4c8b,readsearch,metadata-readonly,warm_operation_minus_independent_prime,3,private-noatime-tmpfs,layer_leaf_stats,units,2048,2048,2048
kernel-cache-p1-final-profile-20261007,05e9310754456f67b7623e4b4cbec5c2bd3bdc0e5474d278d60f84891d7f4c8b,readsearch,metadata-readonly,warm_operation_minus_independent_prime,3,private-noatime-tmpfs,immutable_lower_cache_hits,units,11264,11264,11264
kernel-cache-p1-final-profile-20261007,05e9310754456f67b7623e4b4cbec5c2bd3bdc0e5474d278d60f84891d7f4c8b,readsearch,metadata-readonly,warm_operation_minus_independent_prime,3,private-noatime-tmpfs,immutable_lower_cache_misses,units,0,0,0
kernel-cache-p1-final-profile-20261007,05e9310754456f67b7623e4b4cbec5c2bd3bdc0e5474d278d60f84891d7f4c8b,readsearch,metadata-readonly,warm_operation_minus_independent_prime,3,private-noatime-tmpfs,immutable_lower_cache_evictions,units,0,0,0
kernel-cache-p1-final-profile-20261007,05e9310754456f67b7623e4b4cbec5c2bd3bdc0e5474d278d60f84891d7f4c8b,readsearch,metadata-readonly,warm_operation_minus_independent_prime,3,private-noatime-tmpfs,four_callback_subtotal,callbacks,4096,4096,4096
kernel-cache-p1-final-profile-20261007,05e9310754456f67b7623e4b4cbec5c2bd3bdc0e5474d278d60f84891d7f4c8b,readsearch,metadata-and-data-readonly,fresh_mount_lifecycle,3,private-noatime-tmpfs,lookup,callbacks,2192,2192,2192
kernel-cache-p1-final-profile-20261007,05e9310754456f67b7623e4b4cbec5c2bd3bdc0e5474d278d60f84891d7f4c8b,readsearch,metadata-and-data-readonly,fresh_mount_lifecycle,3,private-noatime-tmpfs,getattr,callbacks,1,1,1
kernel-cache-p1-final-profile-20261007,05e9310754456f67b7623e4b4cbec5c2bd3bdc0e5474d278d60f84891d7f4c8b,readsearch,metadata-and-data-readonly,fresh_mount_lifecycle,3,private-noatime-tmpfs,open,callbacks,6144,6144,6144
kernel-cache-p1-final-profile-20261007,05e9310754456f67b7623e4b4cbec5c2bd3bdc0e5474d278d60f84891d7f4c8b,readsearch,metadata-and-data-readonly,fresh_mount_lifecycle,3,private-noatime-tmpfs,read,callbacks,2048,2048,2048
kernel-cache-p1-final-profile-20261007,05e9310754456f67b7623e4b4cbec5c2bd3bdc0e5474d278d60f84891d7f4c8b,readsearch,metadata-and-data-readonly,fresh_mount_lifecycle,3,private-noatime-tmpfs,release,callbacks,6144,6144,6144
kernel-cache-p1-final-profile-20261007,05e9310754456f67b7623e4b4cbec5c2bd3bdc0e5474d278d60f84891d7f4c8b,readsearch,metadata-and-data-readonly,fresh_mount_lifecycle,3,private-noatime-tmpfs,layer_parent_stats,units,56640,56640,56640
kernel-cache-p1-final-profile-20261007,05e9310754456f67b7623e4b4cbec5c2bd3bdc0e5474d278d60f84891d7f4c8b,readsearch,metadata-and-data-readonly,fresh_mount_lifecycle,3,private-noatime-tmpfs,layer_leaf_stats,units,12720,12720,12720
kernel-cache-p1-final-profile-20261007,05e9310754456f67b7623e4b4cbec5c2bd3bdc0e5474d278d60f84891d7f4c8b,readsearch,metadata-and-data-readonly,fresh_mount_lifecycle,3,private-noatime-tmpfs,immutable_lower_cache_hits,units,55312,55312,55312
kernel-cache-p1-final-profile-20261007,05e9310754456f67b7623e4b4cbec5c2bd3bdc0e5474d278d60f84891d7f4c8b,readsearch,metadata-and-data-readonly,fresh_mount_lifecycle,3,private-noatime-tmpfs,immutable_lower_cache_misses,units,2192,2192,2192
kernel-cache-p1-final-profile-20261007,05e9310754456f67b7623e4b4cbec5c2bd3bdc0e5474d278d60f84891d7f4c8b,readsearch,metadata-and-data-readonly,fresh_mount_lifecycle,3,private-noatime-tmpfs,immutable_lower_cache_evictions,units,0,0,0
kernel-cache-p1-final-profile-20261007,05e9310754456f67b7623e4b4cbec5c2bd3bdc0e5474d278d60f84891d7f4c8b,readsearch,metadata-and-data-readonly,fresh_mount_lifecycle,3,private-noatime-tmpfs,four_callback_subtotal,callbacks,10385,10385,10385
kernel-cache-p1-final-profile-20261007,05e9310754456f67b7623e4b4cbec5c2bd3bdc0e5474d278d60f84891d7f4c8b,readsearch,metadata-and-data-readonly,warm_operation_minus_independent_prime,3,private-noatime-tmpfs,lookup,callbacks,0,0,0
kernel-cache-p1-final-profile-20261007,05e9310754456f67b7623e4b4cbec5c2bd3bdc0e5474d278d60f84891d7f4c8b,readsearch,metadata-and-data-readonly,warm_operation_minus_independent_prime,3,private-noatime-tmpfs,getattr,callbacks,0,0,0
kernel-cache-p1-final-profile-20261007,05e9310754456f67b7623e4b4cbec5c2bd3bdc0e5474d278d60f84891d7f4c8b,readsearch,metadata-and-data-readonly,warm_operation_minus_independent_prime,3,private-noatime-tmpfs,open,callbacks,2048,2048,2048
kernel-cache-p1-final-profile-20261007,05e9310754456f67b7623e4b4cbec5c2bd3bdc0e5474d278d60f84891d7f4c8b,readsearch,metadata-and-data-readonly,warm_operation_minus_independent_prime,3,private-noatime-tmpfs,read,callbacks,0,0,0
kernel-cache-p1-final-profile-20261007,05e9310754456f67b7623e4b4cbec5c2bd3bdc0e5474d278d60f84891d7f4c8b,readsearch,metadata-and-data-readonly,warm_operation_minus_independent_prime,3,private-noatime-tmpfs,release,callbacks,2048,2048,2048
kernel-cache-p1-final-profile-20261007,05e9310754456f67b7623e4b4cbec5c2bd3bdc0e5474d278d60f84891d7f4c8b,readsearch,metadata-and-data-readonly,warm_operation_minus_independent_prime,3,private-noatime-tmpfs,layer_parent_stats,units,9216,9216,9216
kernel-cache-p1-final-profile-20261007,05e9310754456f67b7623e4b4cbec5c2bd3bdc0e5474d278d60f84891d7f4c8b,readsearch,metadata-and-data-readonly,warm_operation_minus_independent_prime,3,private-noatime-tmpfs,layer_leaf_stats,units,2048,2048,2048
kernel-cache-p1-final-profile-20261007,05e9310754456f67b7623e4b4cbec5c2bd3bdc0e5474d278d60f84891d7f4c8b,readsearch,metadata-and-data-readonly,warm_operation_minus_independent_prime,3,private-noatime-tmpfs,immutable_lower_cache_hits,units,11264,11264,11264
kernel-cache-p1-final-profile-20261007,05e9310754456f67b7623e4b4cbec5c2bd3bdc0e5474d278d60f84891d7f4c8b,readsearch,metadata-and-data-readonly,warm_operation_minus_independent_prime,3,private-noatime-tmpfs,immutable_lower_cache_misses,units,0,0,0
kernel-cache-p1-final-profile-20261007,05e9310754456f67b7623e4b4cbec5c2bd3bdc0e5474d278d60f84891d7f4c8b,readsearch,metadata-and-data-readonly,warm_operation_minus_independent_prime,3,private-noatime-tmpfs,immutable_lower_cache_evictions,units,0,0,0
kernel-cache-p1-final-profile-20261007,05e9310754456f67b7623e4b4cbec5c2bd3bdc0e5474d278d60f84891d7f4c8b,readsearch,metadata-and-data-readonly,warm_operation_minus_independent_prime,3,private-noatime-tmpfs,four_callback_subtotal,callbacks,2048,2048,2048
kernel-cache-p1-final-profile-20261007,05e9310754456f67b7623e4b4cbec5c2bd3bdc0e5474d278d60f84891d7f4c8b,tools,native,fresh_mount_lifecycle,3,private-noatime-tmpfs,lookup,callbacks,0,0,0
kernel-cache-p1-final-profile-20261007,05e9310754456f67b7623e4b4cbec5c2bd3bdc0e5474d278d60f84891d7f4c8b,tools,native,fresh_mount_lifecycle,3,private-noatime-tmpfs,getattr,callbacks,0,0,0
kernel-cache-p1-final-profile-20261007,05e9310754456f67b7623e4b4cbec5c2bd3bdc0e5474d278d60f84891d7f4c8b,tools,native,fresh_mount_lifecycle,3,private-noatime-tmpfs,open,callbacks,0,0,0
kernel-cache-p1-final-profile-20261007,05e9310754456f67b7623e4b4cbec5c2bd3bdc0e5474d278d60f84891d7f4c8b,tools,native,fresh_mount_lifecycle,3,private-noatime-tmpfs,read,callbacks,0,0,0
kernel-cache-p1-final-profile-20261007,05e9310754456f67b7623e4b4cbec5c2bd3bdc0e5474d278d60f84891d7f4c8b,tools,native,fresh_mount_lifecycle,3,private-noatime-tmpfs,release,callbacks,0,0,0
kernel-cache-p1-final-profile-20261007,05e9310754456f67b7623e4b4cbec5c2bd3bdc0e5474d278d60f84891d7f4c8b,tools,native,fresh_mount_lifecycle,3,private-noatime-tmpfs,layer_parent_stats,units,0,0,0
kernel-cache-p1-final-profile-20261007,05e9310754456f67b7623e4b4cbec5c2bd3bdc0e5474d278d60f84891d7f4c8b,tools,native,fresh_mount_lifecycle,3,private-noatime-tmpfs,layer_leaf_stats,units,0,0,0
kernel-cache-p1-final-profile-20261007,05e9310754456f67b7623e4b4cbec5c2bd3bdc0e5474d278d60f84891d7f4c8b,tools,native,fresh_mount_lifecycle,3,private-noatime-tmpfs,immutable_lower_cache_hits,units,0,0,0
kernel-cache-p1-final-profile-20261007,05e9310754456f67b7623e4b4cbec5c2bd3bdc0e5474d278d60f84891d7f4c8b,tools,native,fresh_mount_lifecycle,3,private-noatime-tmpfs,immutable_lower_cache_misses,units,0,0,0
kernel-cache-p1-final-profile-20261007,05e9310754456f67b7623e4b4cbec5c2bd3bdc0e5474d278d60f84891d7f4c8b,tools,native,fresh_mount_lifecycle,3,private-noatime-tmpfs,immutable_lower_cache_evictions,units,0,0,0
kernel-cache-p1-final-profile-20261007,05e9310754456f67b7623e4b4cbec5c2bd3bdc0e5474d278d60f84891d7f4c8b,tools,native,fresh_mount_lifecycle,3,private-noatime-tmpfs,four_callback_subtotal,callbacks,0,0,0
kernel-cache-p1-final-profile-20261007,05e9310754456f67b7623e4b4cbec5c2bd3bdc0e5474d278d60f84891d7f4c8b,tools,legacy-writable,fresh_mount_lifecycle,3,private-noatime-tmpfs,lookup,callbacks,2512,2512,2512
kernel-cache-p1-final-profile-20261007,05e9310754456f67b7623e4b4cbec5c2bd3bdc0e5474d278d60f84891d7f4c8b,tools,legacy-writable,fresh_mount_lifecycle,3,private-noatime-tmpfs,getattr,callbacks,2206,2206,2206
kernel-cache-p1-final-profile-20261007,05e9310754456f67b7623e4b4cbec5c2bd3bdc0e5474d278d60f84891d7f4c8b,tools,legacy-writable,fresh_mount_lifecycle,3,private-noatime-tmpfs,open,callbacks,6163,6163,6163
kernel-cache-p1-final-profile-20261007,05e9310754456f67b7623e4b4cbec5c2bd3bdc0e5474d278d60f84891d7f4c8b,tools,legacy-writable,fresh_mount_lifecycle,3,private-noatime-tmpfs,read,callbacks,6164,6164,6164
kernel-cache-p1-final-profile-20261007,05e9310754456f67b7623e4b4cbec5c2bd3bdc0e5474d278d60f84891d7f4c8b,tools,legacy-writable,fresh_mount_lifecycle,3,private-noatime-tmpfs,release,callbacks,6163,6163,6163
kernel-cache-p1-final-profile-20261007,05e9310754456f67b7623e4b4cbec5c2bd3bdc0e5474d278d60f84891d7f4c8b,tools,legacy-writable,fresh_mount_lifecycle,3,private-noatime-tmpfs,layer_parent_stats,units,134634,134634,134634
kernel-cache-p1-final-profile-20261007,05e9310754456f67b7623e4b4cbec5c2bd3bdc0e5474d278d60f84891d7f4c8b,tools,legacy-writable,fresh_mount_lifecycle,3,private-noatime-tmpfs,layer_leaf_stats,units,30421,30421,30421
kernel-cache-p1-final-profile-20261007,05e9310754456f67b7623e4b4cbec5c2bd3bdc0e5474d278d60f84891d7f4c8b,tools,legacy-writable,fresh_mount_lifecycle,3,private-noatime-tmpfs,immutable_lower_cache_hits,units,149227,149227,149227
kernel-cache-p1-final-profile-20261007,05e9310754456f67b7623e4b4cbec5c2bd3bdc0e5474d278d60f84891d7f4c8b,tools,legacy-writable,fresh_mount_lifecycle,3,private-noatime-tmpfs,immutable_lower_cache_misses,units,2512,2512,2512
kernel-cache-p1-final-profile-20261007,05e9310754456f67b7623e4b4cbec5c2bd3bdc0e5474d278d60f84891d7f4c8b,tools,legacy-writable,fresh_mount_lifecycle,3,private-noatime-tmpfs,immutable_lower_cache_evictions,units,0,0,0
kernel-cache-p1-final-profile-20261007,05e9310754456f67b7623e4b4cbec5c2bd3bdc0e5474d278d60f84891d7f4c8b,tools,legacy-writable,fresh_mount_lifecycle,3,private-noatime-tmpfs,four_callback_subtotal,callbacks,17045,17045,17045
kernel-cache-p1-final-profile-20261007,05e9310754456f67b7623e4b4cbec5c2bd3bdc0e5474d278d60f84891d7f4c8b,tools,metadata-writable,fresh_mount_lifecycle,3,private-noatime-tmpfs,lookup,callbacks,2488,2488,2488
kernel-cache-p1-final-profile-20261007,05e9310754456f67b7623e4b4cbec5c2bd3bdc0e5474d278d60f84891d7f4c8b,tools,metadata-writable,fresh_mount_lifecycle,3,private-noatime-tmpfs,getattr,callbacks,2206,2206,2206
kernel-cache-p1-final-profile-20261007,05e9310754456f67b7623e4b4cbec5c2bd3bdc0e5474d278d60f84891d7f4c8b,tools,metadata-writable,fresh_mount_lifecycle,3,private-noatime-tmpfs,open,callbacks,6163,6163,6163
kernel-cache-p1-final-profile-20261007,05e9310754456f67b7623e4b4cbec5c2bd3bdc0e5474d278d60f84891d7f4c8b,tools,metadata-writable,fresh_mount_lifecycle,3,private-noatime-tmpfs,read,callbacks,6164,6164,6164
kernel-cache-p1-final-profile-20261007,05e9310754456f67b7623e4b4cbec5c2bd3bdc0e5474d278d60f84891d7f4c8b,tools,metadata-writable,fresh_mount_lifecycle,3,private-noatime-tmpfs,release,callbacks,6163,6163,6163
kernel-cache-p1-final-profile-20261007,05e9310754456f67b7623e4b4cbec5c2bd3bdc0e5474d278d60f84891d7f4c8b,tools,metadata-writable,fresh_mount_lifecycle,3,private-noatime-tmpfs,layer_parent_stats,units,135372,135372,135372
kernel-cache-p1-final-profile-20261007,05e9310754456f67b7623e4b4cbec5c2bd3bdc0e5474d278d60f84891d7f4c8b,tools,metadata-writable,fresh_mount_lifecycle,3,private-noatime-tmpfs,layer_leaf_stats,units,30650,30650,30650
kernel-cache-p1-final-profile-20261007,05e9310754456f67b7623e4b4cbec5c2bd3bdc0e5474d278d60f84891d7f4c8b,tools,metadata-writable,fresh_mount_lifecycle,3,private-noatime-tmpfs,immutable_lower_cache_hits,units,150274,150274,150274
kernel-cache-p1-final-profile-20261007,05e9310754456f67b7623e4b4cbec5c2bd3bdc0e5474d278d60f84891d7f4c8b,tools,metadata-writable,fresh_mount_lifecycle,3,private-noatime-tmpfs,immutable_lower_cache_misses,units,2488,2488,2488
kernel-cache-p1-final-profile-20261007,05e9310754456f67b7623e4b4cbec5c2bd3bdc0e5474d278d60f84891d7f4c8b,tools,metadata-writable,fresh_mount_lifecycle,3,private-noatime-tmpfs,immutable_lower_cache_evictions,units,0,0,0
kernel-cache-p1-final-profile-20261007,05e9310754456f67b7623e4b4cbec5c2bd3bdc0e5474d278d60f84891d7f4c8b,tools,metadata-writable,fresh_mount_lifecycle,3,private-noatime-tmpfs,four_callback_subtotal,callbacks,17021,17021,17021
kernel-cache-p1-final-profile-20261007,05e9310754456f67b7623e4b4cbec5c2bd3bdc0e5474d278d60f84891d7f4c8b,tools,metadata-readonly,fresh_mount_lifecycle,3,private-noatime-tmpfs,lookup,callbacks,2488,2488,2488
kernel-cache-p1-final-profile-20261007,05e9310754456f67b7623e4b4cbec5c2bd3bdc0e5474d278d60f84891d7f4c8b,tools,metadata-readonly,fresh_mount_lifecycle,3,private-noatime-tmpfs,getattr,callbacks,1,1,1
kernel-cache-p1-final-profile-20261007,05e9310754456f67b7623e4b4cbec5c2bd3bdc0e5474d278d60f84891d7f4c8b,tools,metadata-readonly,fresh_mount_lifecycle,3,private-noatime-tmpfs,open,callbacks,6163,6163,6163
kernel-cache-p1-final-profile-20261007,05e9310754456f67b7623e4b4cbec5c2bd3bdc0e5474d278d60f84891d7f4c8b,tools,metadata-readonly,fresh_mount_lifecycle,3,private-noatime-tmpfs,read,callbacks,6164,6164,6164
kernel-cache-p1-final-profile-20261007,05e9310754456f67b7623e4b4cbec5c2bd3bdc0e5474d278d60f84891d7f4c8b,tools,metadata-readonly,fresh_mount_lifecycle,3,private-noatime-tmpfs,release,callbacks,6163,6163,6163
kernel-cache-p1-final-profile-20261007,05e9310754456f67b7623e4b4cbec5c2bd3bdc0e5474d278d60f84891d7f4c8b,tools,metadata-readonly,fresh_mount_lifecycle,3,private-noatime-tmpfs,layer_parent_stats,units,60624,60624,60624
kernel-cache-p1-final-profile-20261007,05e9310754456f67b7623e4b4cbec5c2bd3bdc0e5474d278d60f84891d7f4c8b,tools,metadata-readonly,fresh_mount_lifecycle,3,private-noatime-tmpfs,layer_leaf_stats,units,13916,13916,13916
kernel-cache-p1-final-profile-20261007,05e9310754456f67b7623e4b4cbec5c2bd3bdc0e5474d278d60f84891d7f4c8b,tools,metadata-readonly,fresh_mount_lifecycle,3,private-noatime-tmpfs,immutable_lower_cache_hits,units,58792,58792,58792
kernel-cache-p1-final-profile-20261007,05e9310754456f67b7623e4b4cbec5c2bd3bdc0e5474d278d60f84891d7f4c8b,tools,metadata-readonly,fresh_mount_lifecycle,3,private-noatime-tmpfs,immutable_lower_cache_misses,units,2488,2488,2488
kernel-cache-p1-final-profile-20261007,05e9310754456f67b7623e4b4cbec5c2bd3bdc0e5474d278d60f84891d7f4c8b,tools,metadata-readonly,fresh_mount_lifecycle,3,private-noatime-tmpfs,immutable_lower_cache_evictions,units,0,0,0
kernel-cache-p1-final-profile-20261007,05e9310754456f67b7623e4b4cbec5c2bd3bdc0e5474d278d60f84891d7f4c8b,tools,metadata-readonly,fresh_mount_lifecycle,3,private-noatime-tmpfs,four_callback_subtotal,callbacks,14816,14816,14816
kernel-cache-p1-final-profile-20261007,05e9310754456f67b7623e4b4cbec5c2bd3bdc0e5474d278d60f84891d7f4c8b,tools,metadata-and-data-readonly,fresh_mount_lifecycle,3,private-noatime-tmpfs,lookup,callbacks,2488,2488,2488
kernel-cache-p1-final-profile-20261007,05e9310754456f67b7623e4b4cbec5c2bd3bdc0e5474d278d60f84891d7f4c8b,tools,metadata-and-data-readonly,fresh_mount_lifecycle,3,private-noatime-tmpfs,getattr,callbacks,1,1,1
kernel-cache-p1-final-profile-20261007,05e9310754456f67b7623e4b4cbec5c2bd3bdc0e5474d278d60f84891d7f4c8b,tools,metadata-and-data-readonly,fresh_mount_lifecycle,3,private-noatime-tmpfs,open,callbacks,6163,6163,6163
kernel-cache-p1-final-profile-20261007,05e9310754456f67b7623e4b4cbec5c2bd3bdc0e5474d278d60f84891d7f4c8b,tools,metadata-and-data-readonly,fresh_mount_lifecycle,3,private-noatime-tmpfs,read,callbacks,2056,2056,2056
kernel-cache-p1-final-profile-20261007,05e9310754456f67b7623e4b4cbec5c2bd3bdc0e5474d278d60f84891d7f4c8b,tools,metadata-and-data-readonly,fresh_mount_lifecycle,3,private-noatime-tmpfs,release,callbacks,6163,6163,6163
kernel-cache-p1-final-profile-20261007,05e9310754456f67b7623e4b4cbec5c2bd3bdc0e5474d278d60f84891d7f4c8b,tools,metadata-and-data-readonly,fresh_mount_lifecycle,3,private-noatime-tmpfs,layer_parent_stats,units,60624,60624,60624
kernel-cache-p1-final-profile-20261007,05e9310754456f67b7623e4b4cbec5c2bd3bdc0e5474d278d60f84891d7f4c8b,tools,metadata-and-data-readonly,fresh_mount_lifecycle,3,private-noatime-tmpfs,layer_leaf_stats,units,13916,13916,13916
kernel-cache-p1-final-profile-20261007,05e9310754456f67b7623e4b4cbec5c2bd3bdc0e5474d278d60f84891d7f4c8b,tools,metadata-and-data-readonly,fresh_mount_lifecycle,3,private-noatime-tmpfs,immutable_lower_cache_hits,units,58792,58792,58792
kernel-cache-p1-final-profile-20261007,05e9310754456f67b7623e4b4cbec5c2bd3bdc0e5474d278d60f84891d7f4c8b,tools,metadata-and-data-readonly,fresh_mount_lifecycle,3,private-noatime-tmpfs,immutable_lower_cache_misses,units,2488,2488,2488
kernel-cache-p1-final-profile-20261007,05e9310754456f67b7623e4b4cbec5c2bd3bdc0e5474d278d60f84891d7f4c8b,tools,metadata-and-data-readonly,fresh_mount_lifecycle,3,private-noatime-tmpfs,immutable_lower_cache_evictions,units,0,0,0
kernel-cache-p1-final-profile-20261007,05e9310754456f67b7623e4b4cbec5c2bd3bdc0e5474d278d60f84891d7f4c8b,tools,metadata-and-data-readonly,fresh_mount_lifecycle,3,private-noatime-tmpfs,four_callback_subtotal,callbacks,10708,10708,10708
kernel-cache-p1-final-profile-20261007,05e9310754456f67b7623e4b4cbec5c2bd3bdc0e5474d278d60f84891d7f4c8b,whole-tools,native,fresh_mount_lifecycle,3,private-noatime-tmpfs,lookup,callbacks,0,0,0
kernel-cache-p1-final-profile-20261007,05e9310754456f67b7623e4b4cbec5c2bd3bdc0e5474d278d60f84891d7f4c8b,whole-tools,native,fresh_mount_lifecycle,3,private-noatime-tmpfs,getattr,callbacks,0,0,0
kernel-cache-p1-final-profile-20261007,05e9310754456f67b7623e4b4cbec5c2bd3bdc0e5474d278d60f84891d7f4c8b,whole-tools,native,fresh_mount_lifecycle,3,private-noatime-tmpfs,open,callbacks,0,0,0
kernel-cache-p1-final-profile-20261007,05e9310754456f67b7623e4b4cbec5c2bd3bdc0e5474d278d60f84891d7f4c8b,whole-tools,native,fresh_mount_lifecycle,3,private-noatime-tmpfs,read,callbacks,0,0,0
kernel-cache-p1-final-profile-20261007,05e9310754456f67b7623e4b4cbec5c2bd3bdc0e5474d278d60f84891d7f4c8b,whole-tools,native,fresh_mount_lifecycle,3,private-noatime-tmpfs,release,callbacks,0,0,0
kernel-cache-p1-final-profile-20261007,05e9310754456f67b7623e4b4cbec5c2bd3bdc0e5474d278d60f84891d7f4c8b,whole-tools,native,fresh_mount_lifecycle,3,private-noatime-tmpfs,layer_parent_stats,units,0,0,0
kernel-cache-p1-final-profile-20261007,05e9310754456f67b7623e4b4cbec5c2bd3bdc0e5474d278d60f84891d7f4c8b,whole-tools,native,fresh_mount_lifecycle,3,private-noatime-tmpfs,layer_leaf_stats,units,0,0,0
kernel-cache-p1-final-profile-20261007,05e9310754456f67b7623e4b4cbec5c2bd3bdc0e5474d278d60f84891d7f4c8b,whole-tools,native,fresh_mount_lifecycle,3,private-noatime-tmpfs,immutable_lower_cache_hits,units,0,0,0
kernel-cache-p1-final-profile-20261007,05e9310754456f67b7623e4b4cbec5c2bd3bdc0e5474d278d60f84891d7f4c8b,whole-tools,native,fresh_mount_lifecycle,3,private-noatime-tmpfs,immutable_lower_cache_misses,units,0,0,0
kernel-cache-p1-final-profile-20261007,05e9310754456f67b7623e4b4cbec5c2bd3bdc0e5474d278d60f84891d7f4c8b,whole-tools,native,fresh_mount_lifecycle,3,private-noatime-tmpfs,immutable_lower_cache_evictions,units,0,0,0
kernel-cache-p1-final-profile-20261007,05e9310754456f67b7623e4b4cbec5c2bd3bdc0e5474d278d60f84891d7f4c8b,whole-tools,native,fresh_mount_lifecycle,3,private-noatime-tmpfs,four_callback_subtotal,callbacks,0,0,0
kernel-cache-p1-final-profile-20261007,05e9310754456f67b7623e4b4cbec5c2bd3bdc0e5474d278d60f84891d7f4c8b,whole-tools,legacy-writable,fresh_mount_lifecycle,3,private-noatime-tmpfs,lookup,callbacks,2512,2512,2512
kernel-cache-p1-final-profile-20261007,05e9310754456f67b7623e4b4cbec5c2bd3bdc0e5474d278d60f84891d7f4c8b,whole-tools,legacy-writable,fresh_mount_lifecycle,3,private-noatime-tmpfs,getattr,callbacks,2206,2206,2206
kernel-cache-p1-final-profile-20261007,05e9310754456f67b7623e4b4cbec5c2bd3bdc0e5474d278d60f84891d7f4c8b,whole-tools,legacy-writable,fresh_mount_lifecycle,3,private-noatime-tmpfs,open,callbacks,6163,6163,6163
kernel-cache-p1-final-profile-20261007,05e9310754456f67b7623e4b4cbec5c2bd3bdc0e5474d278d60f84891d7f4c8b,whole-tools,legacy-writable,fresh_mount_lifecycle,3,private-noatime-tmpfs,read,callbacks,6164,6164,6164
kernel-cache-p1-final-profile-20261007,05e9310754456f67b7623e4b4cbec5c2bd3bdc0e5474d278d60f84891d7f4c8b,whole-tools,legacy-writable,fresh_mount_lifecycle,3,private-noatime-tmpfs,release,callbacks,6163,6163,6163
kernel-cache-p1-final-profile-20261007,05e9310754456f67b7623e4b4cbec5c2bd3bdc0e5474d278d60f84891d7f4c8b,whole-tools,legacy-writable,fresh_mount_lifecycle,3,private-noatime-tmpfs,layer_parent_stats,units,134634,134634,134634
kernel-cache-p1-final-profile-20261007,05e9310754456f67b7623e4b4cbec5c2bd3bdc0e5474d278d60f84891d7f4c8b,whole-tools,legacy-writable,fresh_mount_lifecycle,3,private-noatime-tmpfs,layer_leaf_stats,units,30421,30421,30421
kernel-cache-p1-final-profile-20261007,05e9310754456f67b7623e4b4cbec5c2bd3bdc0e5474d278d60f84891d7f4c8b,whole-tools,legacy-writable,fresh_mount_lifecycle,3,private-noatime-tmpfs,immutable_lower_cache_hits,units,149227,149227,149227
kernel-cache-p1-final-profile-20261007,05e9310754456f67b7623e4b4cbec5c2bd3bdc0e5474d278d60f84891d7f4c8b,whole-tools,legacy-writable,fresh_mount_lifecycle,3,private-noatime-tmpfs,immutable_lower_cache_misses,units,2512,2512,2512
kernel-cache-p1-final-profile-20261007,05e9310754456f67b7623e4b4cbec5c2bd3bdc0e5474d278d60f84891d7f4c8b,whole-tools,legacy-writable,fresh_mount_lifecycle,3,private-noatime-tmpfs,immutable_lower_cache_evictions,units,0,0,0
kernel-cache-p1-final-profile-20261007,05e9310754456f67b7623e4b4cbec5c2bd3bdc0e5474d278d60f84891d7f4c8b,whole-tools,legacy-writable,fresh_mount_lifecycle,3,private-noatime-tmpfs,four_callback_subtotal,callbacks,17045,17045,17045
kernel-cache-p1-final-profile-20261007,05e9310754456f67b7623e4b4cbec5c2bd3bdc0e5474d278d60f84891d7f4c8b,whole-tools,metadata-writable,fresh_mount_lifecycle,3,private-noatime-tmpfs,lookup,callbacks,2488,2488,2488
kernel-cache-p1-final-profile-20261007,05e9310754456f67b7623e4b4cbec5c2bd3bdc0e5474d278d60f84891d7f4c8b,whole-tools,metadata-writable,fresh_mount_lifecycle,3,private-noatime-tmpfs,getattr,callbacks,2206,2206,2206
kernel-cache-p1-final-profile-20261007,05e9310754456f67b7623e4b4cbec5c2bd3bdc0e5474d278d60f84891d7f4c8b,whole-tools,metadata-writable,fresh_mount_lifecycle,3,private-noatime-tmpfs,open,callbacks,6163,6163,6163
kernel-cache-p1-final-profile-20261007,05e9310754456f67b7623e4b4cbec5c2bd3bdc0e5474d278d60f84891d7f4c8b,whole-tools,metadata-writable,fresh_mount_lifecycle,3,private-noatime-tmpfs,read,callbacks,6164,6164,6164
kernel-cache-p1-final-profile-20261007,05e9310754456f67b7623e4b4cbec5c2bd3bdc0e5474d278d60f84891d7f4c8b,whole-tools,metadata-writable,fresh_mount_lifecycle,3,private-noatime-tmpfs,release,callbacks,6163,6163,6163
kernel-cache-p1-final-profile-20261007,05e9310754456f67b7623e4b4cbec5c2bd3bdc0e5474d278d60f84891d7f4c8b,whole-tools,metadata-writable,fresh_mount_lifecycle,3,private-noatime-tmpfs,layer_parent_stats,units,135372,135372,135372
kernel-cache-p1-final-profile-20261007,05e9310754456f67b7623e4b4cbec5c2bd3bdc0e5474d278d60f84891d7f4c8b,whole-tools,metadata-writable,fresh_mount_lifecycle,3,private-noatime-tmpfs,layer_leaf_stats,units,30650,30650,30650
kernel-cache-p1-final-profile-20261007,05e9310754456f67b7623e4b4cbec5c2bd3bdc0e5474d278d60f84891d7f4c8b,whole-tools,metadata-writable,fresh_mount_lifecycle,3,private-noatime-tmpfs,immutable_lower_cache_hits,units,150274,150274,150274
kernel-cache-p1-final-profile-20261007,05e9310754456f67b7623e4b4cbec5c2bd3bdc0e5474d278d60f84891d7f4c8b,whole-tools,metadata-writable,fresh_mount_lifecycle,3,private-noatime-tmpfs,immutable_lower_cache_misses,units,2488,2488,2488
kernel-cache-p1-final-profile-20261007,05e9310754456f67b7623e4b4cbec5c2bd3bdc0e5474d278d60f84891d7f4c8b,whole-tools,metadata-writable,fresh_mount_lifecycle,3,private-noatime-tmpfs,immutable_lower_cache_evictions,units,0,0,0
kernel-cache-p1-final-profile-20261007,05e9310754456f67b7623e4b4cbec5c2bd3bdc0e5474d278d60f84891d7f4c8b,whole-tools,metadata-writable,fresh_mount_lifecycle,3,private-noatime-tmpfs,four_callback_subtotal,callbacks,17021,17021,17021
kernel-cache-p1-final-profile-20261007,05e9310754456f67b7623e4b4cbec5c2bd3bdc0e5474d278d60f84891d7f4c8b,whole-tools,metadata-readonly,fresh_mount_lifecycle,3,private-noatime-tmpfs,lookup,callbacks,2488,2488,2488
kernel-cache-p1-final-profile-20261007,05e9310754456f67b7623e4b4cbec5c2bd3bdc0e5474d278d60f84891d7f4c8b,whole-tools,metadata-readonly,fresh_mount_lifecycle,3,private-noatime-tmpfs,getattr,callbacks,1,1,1
kernel-cache-p1-final-profile-20261007,05e9310754456f67b7623e4b4cbec5c2bd3bdc0e5474d278d60f84891d7f4c8b,whole-tools,metadata-readonly,fresh_mount_lifecycle,3,private-noatime-tmpfs,open,callbacks,6163,6163,6163
kernel-cache-p1-final-profile-20261007,05e9310754456f67b7623e4b4cbec5c2bd3bdc0e5474d278d60f84891d7f4c8b,whole-tools,metadata-readonly,fresh_mount_lifecycle,3,private-noatime-tmpfs,read,callbacks,6164,6164,6164
kernel-cache-p1-final-profile-20261007,05e9310754456f67b7623e4b4cbec5c2bd3bdc0e5474d278d60f84891d7f4c8b,whole-tools,metadata-readonly,fresh_mount_lifecycle,3,private-noatime-tmpfs,release,callbacks,6163,6163,6163
kernel-cache-p1-final-profile-20261007,05e9310754456f67b7623e4b4cbec5c2bd3bdc0e5474d278d60f84891d7f4c8b,whole-tools,metadata-readonly,fresh_mount_lifecycle,3,private-noatime-tmpfs,layer_parent_stats,units,60624,60624,60624
kernel-cache-p1-final-profile-20261007,05e9310754456f67b7623e4b4cbec5c2bd3bdc0e5474d278d60f84891d7f4c8b,whole-tools,metadata-readonly,fresh_mount_lifecycle,3,private-noatime-tmpfs,layer_leaf_stats,units,13916,13916,13916
kernel-cache-p1-final-profile-20261007,05e9310754456f67b7623e4b4cbec5c2bd3bdc0e5474d278d60f84891d7f4c8b,whole-tools,metadata-readonly,fresh_mount_lifecycle,3,private-noatime-tmpfs,immutable_lower_cache_hits,units,58792,58792,58792
kernel-cache-p1-final-profile-20261007,05e9310754456f67b7623e4b4cbec5c2bd3bdc0e5474d278d60f84891d7f4c8b,whole-tools,metadata-readonly,fresh_mount_lifecycle,3,private-noatime-tmpfs,immutable_lower_cache_misses,units,2488,2488,2488
kernel-cache-p1-final-profile-20261007,05e9310754456f67b7623e4b4cbec5c2bd3bdc0e5474d278d60f84891d7f4c8b,whole-tools,metadata-readonly,fresh_mount_lifecycle,3,private-noatime-tmpfs,immutable_lower_cache_evictions,units,0,0,0
kernel-cache-p1-final-profile-20261007,05e9310754456f67b7623e4b4cbec5c2bd3bdc0e5474d278d60f84891d7f4c8b,whole-tools,metadata-readonly,fresh_mount_lifecycle,3,private-noatime-tmpfs,four_callback_subtotal,callbacks,14816,14816,14816
kernel-cache-p1-final-profile-20261007,05e9310754456f67b7623e4b4cbec5c2bd3bdc0e5474d278d60f84891d7f4c8b,whole-tools,metadata-and-data-readonly,fresh_mount_lifecycle,3,private-noatime-tmpfs,lookup,callbacks,2488,2488,2488
kernel-cache-p1-final-profile-20261007,05e9310754456f67b7623e4b4cbec5c2bd3bdc0e5474d278d60f84891d7f4c8b,whole-tools,metadata-and-data-readonly,fresh_mount_lifecycle,3,private-noatime-tmpfs,getattr,callbacks,1,1,1
kernel-cache-p1-final-profile-20261007,05e9310754456f67b7623e4b4cbec5c2bd3bdc0e5474d278d60f84891d7f4c8b,whole-tools,metadata-and-data-readonly,fresh_mount_lifecycle,3,private-noatime-tmpfs,open,callbacks,6163,6163,6163
kernel-cache-p1-final-profile-20261007,05e9310754456f67b7623e4b4cbec5c2bd3bdc0e5474d278d60f84891d7f4c8b,whole-tools,metadata-and-data-readonly,fresh_mount_lifecycle,3,private-noatime-tmpfs,read,callbacks,2056,2056,2056
kernel-cache-p1-final-profile-20261007,05e9310754456f67b7623e4b4cbec5c2bd3bdc0e5474d278d60f84891d7f4c8b,whole-tools,metadata-and-data-readonly,fresh_mount_lifecycle,3,private-noatime-tmpfs,release,callbacks,6163,6163,6163
kernel-cache-p1-final-profile-20261007,05e9310754456f67b7623e4b4cbec5c2bd3bdc0e5474d278d60f84891d7f4c8b,whole-tools,metadata-and-data-readonly,fresh_mount_lifecycle,3,private-noatime-tmpfs,layer_parent_stats,units,60624,60624,60624
kernel-cache-p1-final-profile-20261007,05e9310754456f67b7623e4b4cbec5c2bd3bdc0e5474d278d60f84891d7f4c8b,whole-tools,metadata-and-data-readonly,fresh_mount_lifecycle,3,private-noatime-tmpfs,layer_leaf_stats,units,13916,13916,13916
kernel-cache-p1-final-profile-20261007,05e9310754456f67b7623e4b4cbec5c2bd3bdc0e5474d278d60f84891d7f4c8b,whole-tools,metadata-and-data-readonly,fresh_mount_lifecycle,3,private-noatime-tmpfs,immutable_lower_cache_hits,units,58792,58792,58792
kernel-cache-p1-final-profile-20261007,05e9310754456f67b7623e4b4cbec5c2bd3bdc0e5474d278d60f84891d7f4c8b,whole-tools,metadata-and-data-readonly,fresh_mount_lifecycle,3,private-noatime-tmpfs,immutable_lower_cache_misses,units,2488,2488,2488
kernel-cache-p1-final-profile-20261007,05e9310754456f67b7623e4b4cbec5c2bd3bdc0e5474d278d60f84891d7f4c8b,whole-tools,metadata-and-data-readonly,fresh_mount_lifecycle,3,private-noatime-tmpfs,immutable_lower_cache_evictions,units,0,0,0
kernel-cache-p1-final-profile-20261007,05e9310754456f67b7623e4b4cbec5c2bd3bdc0e5474d278d60f84891d7f4c8b,whole-tools,metadata-and-data-readonly,fresh_mount_lifecycle,3,private-noatime-tmpfs,four_callback_subtotal,callbacks,10708,10708,10708
kernel-cache-p1-final-profile-20261007,05e9310754456f67b7623e4b4cbec5c2bd3bdc0e5474d278d60f84891d7f4c8b,prime-only,native,fresh_mount_lifecycle,3,private-noatime-tmpfs,lookup,callbacks,0,0,0
kernel-cache-p1-final-profile-20261007,05e9310754456f67b7623e4b4cbec5c2bd3bdc0e5474d278d60f84891d7f4c8b,prime-only,native,fresh_mount_lifecycle,3,private-noatime-tmpfs,getattr,callbacks,0,0,0
kernel-cache-p1-final-profile-20261007,05e9310754456f67b7623e4b4cbec5c2bd3bdc0e5474d278d60f84891d7f4c8b,prime-only,native,fresh_mount_lifecycle,3,private-noatime-tmpfs,open,callbacks,0,0,0
kernel-cache-p1-final-profile-20261007,05e9310754456f67b7623e4b4cbec5c2bd3bdc0e5474d278d60f84891d7f4c8b,prime-only,native,fresh_mount_lifecycle,3,private-noatime-tmpfs,read,callbacks,0,0,0
kernel-cache-p1-final-profile-20261007,05e9310754456f67b7623e4b4cbec5c2bd3bdc0e5474d278d60f84891d7f4c8b,prime-only,native,fresh_mount_lifecycle,3,private-noatime-tmpfs,release,callbacks,0,0,0
kernel-cache-p1-final-profile-20261007,05e9310754456f67b7623e4b4cbec5c2bd3bdc0e5474d278d60f84891d7f4c8b,prime-only,native,fresh_mount_lifecycle,3,private-noatime-tmpfs,layer_parent_stats,units,0,0,0
kernel-cache-p1-final-profile-20261007,05e9310754456f67b7623e4b4cbec5c2bd3bdc0e5474d278d60f84891d7f4c8b,prime-only,native,fresh_mount_lifecycle,3,private-noatime-tmpfs,layer_leaf_stats,units,0,0,0
kernel-cache-p1-final-profile-20261007,05e9310754456f67b7623e4b4cbec5c2bd3bdc0e5474d278d60f84891d7f4c8b,prime-only,native,fresh_mount_lifecycle,3,private-noatime-tmpfs,immutable_lower_cache_hits,units,0,0,0
kernel-cache-p1-final-profile-20261007,05e9310754456f67b7623e4b4cbec5c2bd3bdc0e5474d278d60f84891d7f4c8b,prime-only,native,fresh_mount_lifecycle,3,private-noatime-tmpfs,immutable_lower_cache_misses,units,0,0,0
kernel-cache-p1-final-profile-20261007,05e9310754456f67b7623e4b4cbec5c2bd3bdc0e5474d278d60f84891d7f4c8b,prime-only,native,fresh_mount_lifecycle,3,private-noatime-tmpfs,immutable_lower_cache_evictions,units,0,0,0
kernel-cache-p1-final-profile-20261007,05e9310754456f67b7623e4b4cbec5c2bd3bdc0e5474d278d60f84891d7f4c8b,prime-only,native,fresh_mount_lifecycle,3,private-noatime-tmpfs,four_callback_subtotal,callbacks,0,0,0
kernel-cache-p1-final-profile-20261007,05e9310754456f67b7623e4b4cbec5c2bd3bdc0e5474d278d60f84891d7f4c8b,prime-only,legacy-writable,fresh_mount_lifecycle,3,private-noatime-tmpfs,lookup,callbacks,2192,2192,2192
kernel-cache-p1-final-profile-20261007,05e9310754456f67b7623e4b4cbec5c2bd3bdc0e5474d278d60f84891d7f4c8b,prime-only,legacy-writable,fresh_mount_lifecycle,3,private-noatime-tmpfs,getattr,callbacks,2049,2049,2049
kernel-cache-p1-final-profile-20261007,05e9310754456f67b7623e4b4cbec5c2bd3bdc0e5474d278d60f84891d7f4c8b,prime-only,legacy-writable,fresh_mount_lifecycle,3,private-noatime-tmpfs,open,callbacks,4096,4096,4096
kernel-cache-p1-final-profile-20261007,05e9310754456f67b7623e4b4cbec5c2bd3bdc0e5474d278d60f84891d7f4c8b,prime-only,legacy-writable,fresh_mount_lifecycle,3,private-noatime-tmpfs,read,callbacks,4096,4096,4096
kernel-cache-p1-final-profile-20261007,05e9310754456f67b7623e4b4cbec5c2bd3bdc0e5474d278d60f84891d7f4c8b,prime-only,legacy-writable,fresh_mount_lifecycle,3,private-noatime-tmpfs,release,callbacks,4096,4096,4096
kernel-cache-p1-final-profile-20261007,05e9310754456f67b7623e4b4cbec5c2bd3bdc0e5474d278d60f84891d7f4c8b,prime-only,legacy-writable,fresh_mount_lifecycle,3,private-noatime-tmpfs,layer_parent_stats,units,102720,102720,102720
kernel-cache-p1-final-profile-20261007,05e9310754456f67b7623e4b4cbec5c2bd3bdc0e5474d278d60f84891d7f4c8b,prime-only,legacy-writable,fresh_mount_lifecycle,3,private-noatime-tmpfs,layer_leaf_stats,units,22960,22960,22960
kernel-cache-p1-final-profile-20261007,05e9310754456f67b7623e4b4cbec5c2bd3bdc0e5474d278d60f84891d7f4c8b,prime-only,legacy-writable,fresh_mount_lifecycle,3,private-noatime-tmpfs,immutable_lower_cache_hits,units,111632,111632,111632
kernel-cache-p1-final-profile-20261007,05e9310754456f67b7623e4b4cbec5c2bd3bdc0e5474d278d60f84891d7f4c8b,prime-only,legacy-writable,fresh_mount_lifecycle,3,private-noatime-tmpfs,immutable_lower_cache_misses,units,2192,2192,2192
kernel-cache-p1-final-profile-20261007,05e9310754456f67b7623e4b4cbec5c2bd3bdc0e5474d278d60f84891d7f4c8b,prime-only,legacy-writable,fresh_mount_lifecycle,3,private-noatime-tmpfs,immutable_lower_cache_evictions,units,0,0,0
kernel-cache-p1-final-profile-20261007,05e9310754456f67b7623e4b4cbec5c2bd3bdc0e5474d278d60f84891d7f4c8b,prime-only,legacy-writable,fresh_mount_lifecycle,3,private-noatime-tmpfs,four_callback_subtotal,callbacks,12433,12433,12433
kernel-cache-p1-final-profile-20261007,05e9310754456f67b7623e4b4cbec5c2bd3bdc0e5474d278d60f84891d7f4c8b,prime-only,metadata-writable,fresh_mount_lifecycle,3,private-noatime-tmpfs,lookup,callbacks,2192,2192,2192
kernel-cache-p1-final-profile-20261007,05e9310754456f67b7623e4b4cbec5c2bd3bdc0e5474d278d60f84891d7f4c8b,prime-only,metadata-writable,fresh_mount_lifecycle,3,private-noatime-tmpfs,getattr,callbacks,2049,2049,2049
kernel-cache-p1-final-profile-20261007,05e9310754456f67b7623e4b4cbec5c2bd3bdc0e5474d278d60f84891d7f4c8b,prime-only,metadata-writable,fresh_mount_lifecycle,3,private-noatime-tmpfs,open,callbacks,4096,4096,4096
kernel-cache-p1-final-profile-20261007,05e9310754456f67b7623e4b4cbec5c2bd3bdc0e5474d278d60f84891d7f4c8b,prime-only,metadata-writable,fresh_mount_lifecycle,3,private-noatime-tmpfs,read,callbacks,4096,4096,4096
kernel-cache-p1-final-profile-20261007,05e9310754456f67b7623e4b4cbec5c2bd3bdc0e5474d278d60f84891d7f4c8b,prime-only,metadata-writable,fresh_mount_lifecycle,3,private-noatime-tmpfs,release,callbacks,4096,4096,4096
kernel-cache-p1-final-profile-20261007,05e9310754456f67b7623e4b4cbec5c2bd3bdc0e5474d278d60f84891d7f4c8b,prime-only,metadata-writable,fresh_mount_lifecycle,3,private-noatime-tmpfs,layer_parent_stats,units,102720,102720,102720
kernel-cache-p1-final-profile-20261007,05e9310754456f67b7623e4b4cbec5c2bd3bdc0e5474d278d60f84891d7f4c8b,prime-only,metadata-writable,fresh_mount_lifecycle,3,private-noatime-tmpfs,layer_leaf_stats,units,22960,22960,22960
kernel-cache-p1-final-profile-20261007,05e9310754456f67b7623e4b4cbec5c2bd3bdc0e5474d278d60f84891d7f4c8b,prime-only,metadata-writable,fresh_mount_lifecycle,3,private-noatime-tmpfs,immutable_lower_cache_hits,units,111632,111632,111632
kernel-cache-p1-final-profile-20261007,05e9310754456f67b7623e4b4cbec5c2bd3bdc0e5474d278d60f84891d7f4c8b,prime-only,metadata-writable,fresh_mount_lifecycle,3,private-noatime-tmpfs,immutable_lower_cache_misses,units,2192,2192,2192
kernel-cache-p1-final-profile-20261007,05e9310754456f67b7623e4b4cbec5c2bd3bdc0e5474d278d60f84891d7f4c8b,prime-only,metadata-writable,fresh_mount_lifecycle,3,private-noatime-tmpfs,immutable_lower_cache_evictions,units,0,0,0
kernel-cache-p1-final-profile-20261007,05e9310754456f67b7623e4b4cbec5c2bd3bdc0e5474d278d60f84891d7f4c8b,prime-only,metadata-writable,fresh_mount_lifecycle,3,private-noatime-tmpfs,four_callback_subtotal,callbacks,12433,12433,12433
kernel-cache-p1-final-profile-20261007,05e9310754456f67b7623e4b4cbec5c2bd3bdc0e5474d278d60f84891d7f4c8b,prime-only,metadata-readonly,fresh_mount_lifecycle,3,private-noatime-tmpfs,lookup,callbacks,2192,2192,2192
kernel-cache-p1-final-profile-20261007,05e9310754456f67b7623e4b4cbec5c2bd3bdc0e5474d278d60f84891d7f4c8b,prime-only,metadata-readonly,fresh_mount_lifecycle,3,private-noatime-tmpfs,getattr,callbacks,1,1,1
kernel-cache-p1-final-profile-20261007,05e9310754456f67b7623e4b4cbec5c2bd3bdc0e5474d278d60f84891d7f4c8b,prime-only,metadata-readonly,fresh_mount_lifecycle,3,private-noatime-tmpfs,open,callbacks,4096,4096,4096
kernel-cache-p1-final-profile-20261007,05e9310754456f67b7623e4b4cbec5c2bd3bdc0e5474d278d60f84891d7f4c8b,prime-only,metadata-readonly,fresh_mount_lifecycle,3,private-noatime-tmpfs,read,callbacks,4096,4096,4096
kernel-cache-p1-final-profile-20261007,05e9310754456f67b7623e4b4cbec5c2bd3bdc0e5474d278d60f84891d7f4c8b,prime-only,metadata-readonly,fresh_mount_lifecycle,3,private-noatime-tmpfs,release,callbacks,4096,4096,4096
kernel-cache-p1-final-profile-20261007,05e9310754456f67b7623e4b4cbec5c2bd3bdc0e5474d278d60f84891d7f4c8b,prime-only,metadata-readonly,fresh_mount_lifecycle,3,private-noatime-tmpfs,layer_parent_stats,units,47424,47424,47424
kernel-cache-p1-final-profile-20261007,05e9310754456f67b7623e4b4cbec5c2bd3bdc0e5474d278d60f84891d7f4c8b,prime-only,metadata-readonly,fresh_mount_lifecycle,3,private-noatime-tmpfs,layer_leaf_stats,units,10672,10672,10672
kernel-cache-p1-final-profile-20261007,05e9310754456f67b7623e4b4cbec5c2bd3bdc0e5474d278d60f84891d7f4c8b,prime-only,metadata-readonly,fresh_mount_lifecycle,3,private-noatime-tmpfs,immutable_lower_cache_hits,units,44048,44048,44048
kernel-cache-p1-final-profile-20261007,05e9310754456f67b7623e4b4cbec5c2bd3bdc0e5474d278d60f84891d7f4c8b,prime-only,metadata-readonly,fresh_mount_lifecycle,3,private-noatime-tmpfs,immutable_lower_cache_misses,units,2192,2192,2192
kernel-cache-p1-final-profile-20261007,05e9310754456f67b7623e4b4cbec5c2bd3bdc0e5474d278d60f84891d7f4c8b,prime-only,metadata-readonly,fresh_mount_lifecycle,3,private-noatime-tmpfs,immutable_lower_cache_evictions,units,0,0,0
kernel-cache-p1-final-profile-20261007,05e9310754456f67b7623e4b4cbec5c2bd3bdc0e5474d278d60f84891d7f4c8b,prime-only,metadata-readonly,fresh_mount_lifecycle,3,private-noatime-tmpfs,four_callback_subtotal,callbacks,10385,10385,10385
kernel-cache-p1-final-profile-20261007,05e9310754456f67b7623e4b4cbec5c2bd3bdc0e5474d278d60f84891d7f4c8b,prime-only,metadata-and-data-readonly,fresh_mount_lifecycle,3,private-noatime-tmpfs,lookup,callbacks,2192,2192,2192
kernel-cache-p1-final-profile-20261007,05e9310754456f67b7623e4b4cbec5c2bd3bdc0e5474d278d60f84891d7f4c8b,prime-only,metadata-and-data-readonly,fresh_mount_lifecycle,3,private-noatime-tmpfs,getattr,callbacks,1,1,1
kernel-cache-p1-final-profile-20261007,05e9310754456f67b7623e4b4cbec5c2bd3bdc0e5474d278d60f84891d7f4c8b,prime-only,metadata-and-data-readonly,fresh_mount_lifecycle,3,private-noatime-tmpfs,open,callbacks,4096,4096,4096
kernel-cache-p1-final-profile-20261007,05e9310754456f67b7623e4b4cbec5c2bd3bdc0e5474d278d60f84891d7f4c8b,prime-only,metadata-and-data-readonly,fresh_mount_lifecycle,3,private-noatime-tmpfs,read,callbacks,2048,2048,2048
kernel-cache-p1-final-profile-20261007,05e9310754456f67b7623e4b4cbec5c2bd3bdc0e5474d278d60f84891d7f4c8b,prime-only,metadata-and-data-readonly,fresh_mount_lifecycle,3,private-noatime-tmpfs,release,callbacks,4096,4096,4096
kernel-cache-p1-final-profile-20261007,05e9310754456f67b7623e4b4cbec5c2bd3bdc0e5474d278d60f84891d7f4c8b,prime-only,metadata-and-data-readonly,fresh_mount_lifecycle,3,private-noatime-tmpfs,layer_parent_stats,units,47424,47424,47424
kernel-cache-p1-final-profile-20261007,05e9310754456f67b7623e4b4cbec5c2bd3bdc0e5474d278d60f84891d7f4c8b,prime-only,metadata-and-data-readonly,fresh_mount_lifecycle,3,private-noatime-tmpfs,layer_leaf_stats,units,10672,10672,10672
kernel-cache-p1-final-profile-20261007,05e9310754456f67b7623e4b4cbec5c2bd3bdc0e5474d278d60f84891d7f4c8b,prime-only,metadata-and-data-readonly,fresh_mount_lifecycle,3,private-noatime-tmpfs,immutable_lower_cache_hits,units,44048,44048,44048
kernel-cache-p1-final-profile-20261007,05e9310754456f67b7623e4b4cbec5c2bd3bdc0e5474d278d60f84891d7f4c8b,prime-only,metadata-and-data-readonly,fresh_mount_lifecycle,3,private-noatime-tmpfs,immutable_lower_cache_misses,units,2192,2192,2192
kernel-cache-p1-final-profile-20261007,05e9310754456f67b7623e4b4cbec5c2bd3bdc0e5474d278d60f84891d7f4c8b,prime-only,metadata-and-data-readonly,fresh_mount_lifecycle,3,private-noatime-tmpfs,immutable_lower_cache_evictions,units,0,0,0
kernel-cache-p1-final-profile-20261007,05e9310754456f67b7623e4b4cbec5c2bd3bdc0e5474d278d60f84891d7f4c8b,prime-only,metadata-and-data-readonly,fresh_mount_lifecycle,3,private-noatime-tmpfs,four_callback_subtotal,callbacks,8337,8337,8337
