path	type	value
	object	-
/arguments	object	-
/arguments/assets	string	/home/reiase/workspace/pvisor/target/reference-env-release-20261004
/arguments/backends	string	native,pvisor-host,pvisor-staged,pvisor-vm,docker,firecracker,qemu,qemu-microvm
/arguments/binary	string	/home/reiase/workspace/pvisor/target/reference-baselines-controlled-20261004/bin/pvisor
/arguments/cpu_affinity	string	0,1
/arguments/docker_host	string	unix:///tmp/pv-docker-v2/docker.sock
/arguments/docker_root_pid	string	1095314
/arguments/firmware	string	None
/arguments/memory_mib	string	16384
/arguments/modes	string	tools
/arguments/output	string	/home/reiase/workspace/pvisor/target/reference-resources-20261004
/arguments/samples	string	10
/arguments/warmups	string	1
/assets	object	-
/assets/affinity_patch_wall_ms	float	5301.926199
/assets/affinity_sha256	string	9b427c7c8ac4ca8f1580ac08b445e26c95e1049ae456a3cc3cafaf69b2bb4ccb
/assets/disk	string	/home/reiase/workspace/pvisor/target/reference-env-release-20261004/agent-env.ext4
/assets/docker_base_image	string	sha256:5d6bb5093a6d570e1da0188ab24a536cae45f2ffe68e2e5ac20530563bbc5a46
/assets/docker_image	string	sha256:43bfa55ff056caf0e8652429ce956060f7b3d4bfcd72bf2ec2658c37086f1a26
/assets/files	integer	75566
/assets/fixture_git_commit	string	c28e68a8f9256997a5467ce4f286fae7ae624a87
/assets/init_sha256	string	c94b00e2b96f5c7403b985f269e90e8512467d927a92b9db2d2b7fc8fde58cc7
/assets/kernel	string	/home/reiase/workspace/pvisor/target/reference-env-release-20261004/vmlinux
/assets/kernel_config_sha256	string	aee73a94bfba4fe057e472e2ba05d2125fbdea20bef89a6eedf5e160d0e7616e
/assets/preparation_scope	string	offline copying installed tools, image import and ext4 creation; excludes package download and kernel compilation
/assets/rootfs	string	/home/reiase/workspace/pvisor/target/reference-env-release-20261004/rootfs
/assets/rootfs_file_bytes	integer	3840181180
/assets/setup_wall_ms	float	108708.738233
/assets/workload_sha256	string	bb56a7727316cb566dfc7fca7223a5e0e1be591e6f90376d1b3c599a8fe4764e
/bzimage_sha256	string	99de4727b274d92232bd67f9e62b9744e67e99ca89d1bdb09a55e2deb7c80619
/capabilities	object	-
/capabilities/tools~1docker	object	-
/capabilities/tools~1docker/state	string	available
/capabilities/tools~1firecracker	object	-
/capabilities/tools~1firecracker/state	string	available
/capabilities/tools~1native	object	-
/capabilities/tools~1native/state	string	available
/capabilities/tools~1pvisor-host	object	-
/capabilities/tools~1pvisor-host/state	string	available
/capabilities/tools~1pvisor-staged	object	-
/capabilities/tools~1pvisor-staged/state	string	available
/capabilities/tools~1pvisor-vm	object	-
/capabilities/tools~1pvisor-vm/state	string	available
/capabilities/tools~1qemu	object	-
/capabilities/tools~1qemu/state	string	available
/capabilities/tools~1qemu-microvm	object	-
/capabilities/tools~1qemu-microvm/state	string	available
/docker_idle_tree_rss_kib	integer	76864
/docker_version	string	Docker version 29.7.2, build 1.fc44
/driver_sha256	string	b1b96cf49a90bb72361c64878271adb3d3a05ebbebbc3e1a5b233033ecedec7d
/firecracker_version	string	Firecracker v1.13.1\n\n2026-10-04T07:06:18.128913958 [anonymous-instance:main] Firecracker exiting successfully. exit_code=0
/host_kernel	string	7.2.8-200.fc44.x86_64
/host_os	string	NAME=\"Fedora Linux\"\nVERSION=\"44 (Workstation Edition)\"\nRELEASE_TYPE=stable\nID=fedora\nVERSION_ID=44\nVERSION_CODENAME=\"\"\nPRETTY_NAME=\"Fedora Linux 44 (Workstation Edition)\"\nANSI_COLOR=\"0;38;2;60;110;180\"\nLOGO=fedora-logo-icon\nCPE_NAME=\"cpe:/o:fedoraproject:fedora:44\"\nDEFAULT_HOSTNAME=\"fedora\"\nHOME_URL=\"https://fedoraproject.org/\"\nDOCUMENTATION_URL=\"https://docs.fedoraproject.org/en-US/fedora/f44/\"\nSUPPORT_URL=\"https://ask.fedoraproject.org/\"\nBUG_REPORT_URL=\"https://bugzilla.redhat.com/\"\nREDHAT_BUGZILLA_PRODUCT=\"Fedora\"\nREDHAT_BUGZILLA_PRODUCT_VERSION=44\nREDHAT_SUPPORT_PRODUCT=\"Fedora\"\nREDHAT_SUPPORT_PRODUCT_VERSION=44\nSUPPORT_END=2027-05-19\nVARIANT=\"Workstation Edition\"\nVARIANT_ID=workstation\n
/kernel_sha256	string	aa55fa2dbe2762a55020182560fabd16562d565392505b1986fc51326c741f3d
/load_after	array	-
/load_after/0	float	5.5380859375
/load_after/1	float	4.57958984375
/load_after/2	float	4.0048828125
/load_before	array	-
/load_before/0	float	3.17578125
/load_before/1	float	3.654296875
/load_before/2	float	3.63134765625
/protocol	object	-
/protocol/agent_model	string	same-guest deterministic fixture; no real inference
/protocol/cache	string	warm; no eviction
/protocol/codex_sandbox	string	danger-full-access uniformly; fixed commands, outer runtime boundary
/protocol/image_preparation	string	excluded from timed job; measured separately
/protocol/order	string	seeded random backend per round
/protocol/percentile	string	linear interpolation
/protocol/resource_scope	string	All launch trees bound to host CPUs 0,1; Docker private daemon pinned separately; VMs 2 vCPU; Rust -j2; RSS sums may double-count shared pages
/protocol/vm_shape	string	2 vCPU; shell ready 128 MiB; complete environment 16384 MiB configured RAM
/pvisor_sha256	string	1a2db5ad015c5ace40b3c96c7dd0dc94a08b8893de35150bd909554286e2cd3c
/qemu-system-x86_64_version	string	QEMU emulator version 10.2.2 (qemu-10.2.2-1.fc44)\nCopyright (c) 2003-2025 Fabrice Bellard and the QEMU Project developers
/recorded_at	string	2026-10-04T07:06:18.074232+08:00
/rows	array	-
/rows/0	object	-
/rows/0/backend	string	firecracker
/rows/0/completion_ms	float	2334.091254
/rows/0/correctness	string	passed
/rows/0/logs	string	/home/reiase/workspace/pvisor/target/reference-resources-20261004/trials/tools-firecracker-000
/rows/0/memory_scope	string	owned launcher tree; Docker daemon/container RSS excluded
/rows/0/mode	string	tools
/rows/0/peak_tree_rss_kib	integer	781340
/rows/0/prepare_ms	float	37.482868
/rows/0/ready_ms	float	929.950545
/rows/0/result	object	-
/rows/0/result/correctness	string	passed
/rows/0/result/mode	string	tools
/rows/0/result/phases_ms	object	-
/rows/0/result/phases_ms/diff	float	1.040467
/rows/0/result/phases_ms/inspect	float	19.104649
/rows/0/result/phases_ms/node-install	float	538.521097
/rows/0/result/phases_ms/node-tests	float	203.338807
/rows/0/result/phases_ms/python-tests	float	81.760344
/rows/0/result/phases_ms/rust-tests	float	478.49332
/rows/0/result/phases_ms/search	float	10.224913
/rows/0/result/worker_ms	float	1334.218454
/rows/0/result_ms	float	2268.521863
/rows/0/trial	integer	0
/rows/1	object	-
/rows/1/backend	string	docker
/rows/1/completion_ms	float	1030.129733
/rows/1/correctness	string	passed
/rows/1/logs	string	/home/reiase/workspace/pvisor/target/reference-resources-20261004/trials/tools-docker-000
/rows/1/memory_scope	string	CLI + private daemon + exact container shim/descendants; sampled RSS sum
/rows/1/mode	string	tools
/rows/1/peak_tree_rss_kib	integer	266312
/rows/1/prepare_ms	float	36.736576
/rows/1/ready_ms	float	416.740354
/rows/1/result	object	-
/rows/1/result/correctness	string	passed
/rows/1/result/mode	string	tools
/rows/1/result/phases_ms	object	-
/rows/1/result/phases_ms/diff	float	0.814419
/rows/1/result/phases_ms/inspect	float	26.231061
/rows/1/result/phases_ms/node-install	float	229.641903
/rows/1/result/phases_ms/node-tests	float	116.676545
/rows/1/result/phases_ms/python-tests	float	49.478193
/rows/1/result/phases_ms/rust-tests	float	83.790545
/rows/1/result/phases_ms/search	float	2.169689
/rows/1/result/worker_ms	float	509.647892
/rows/1/result_ms	float	926.441837
/rows/1/trial	integer	0
/rows/2	object	-
/rows/2/backend	string	native
/rows/2/completion_ms	float	476.286976
/rows/2/correctness	string	passed
/rows/2/logs	string	/home/reiase/workspace/pvisor/target/reference-resources-20261004/trials/tools-native-000
/rows/2/memory_scope	string	owned launcher tree; Docker daemon/container RSS excluded
/rows/2/mode	string	tools
/rows/2/peak_tree_rss_kib	integer	173276
/rows/2/prepare_ms	float	35.447329
/rows/2/ready_ms	float	45.037897
/rows/2/result	object	-
/rows/2/result/correctness	string	passed
/rows/2/result/mode	string	tools
/rows/2/result/phases_ms	object	-
/rows/2/result/phases_ms/diff	float	0.95906
/rows/2/result/phases_ms/inspect	float	1.941614
/rows/2/result/phases_ms/node-install	float	176.275134
/rows/2/result/phases_ms/node-tests	float	124.077606
/rows/2/result/phases_ms/python-tests	float	26.874261
/rows/2/result/phases_ms/rust-tests	float	89.801703
/rows/2/result/phases_ms/search	float	2.405279
/rows/2/result/worker_ms	float	423.275169
/rows/2/result_ms	float	468.367818
/rows/2/trial	integer	0
/rows/3	object	-
/rows/3/backend	string	qemu-microvm
/rows/3/completion_ms	float	1855.291619
/rows/3/correctness	string	passed
/rows/3/logs	string	/home/reiase/workspace/pvisor/target/reference-resources-20261004/trials/tools-qemu-microvm-000
/rows/3/memory_scope	string	owned launcher tree; Docker daemon/container RSS excluded
/rows/3/mode	string	tools
/rows/3/peak_tree_rss_kib	integer	817444
/rows/3/prepare_ms	float	36.88872
/rows/3/ready_ms	float	422.840589
/rows/3/result	object	-
/rows/3/result/correctness	string	passed
/rows/3/result/mode	string	tools
/rows/3/result/phases_ms	object	-
/rows/3/result/phases_ms/diff	float	0.929549
/rows/3/result/phases_ms/inspect	float	19.354168
/rows/3/result/phases_ms/node-install	float	579.056553
/rows/3/result/phases_ms/node-tests	float	140.38467
/rows/3/result/phases_ms/python-tests	float	57.645042
/rows/3/result/phases_ms/rust-tests	float	576.083932
/rows/3/result/phases_ms/search	float	9.697171
/rows/3/result/worker_ms	float	1385.692889
/rows/3/result_ms	float	1810.709532
/rows/3/trial	integer	0
/rows/4	object	-
/rows/4/backend	string	qemu
/rows/4/completion_ms	float	1978.87413
/rows/4/correctness	string	passed
/rows/4/logs	string	/home/reiase/workspace/pvisor/target/reference-resources-20261004/trials/tools-qemu-000
/rows/4/memory_scope	string	owned launcher tree; Docker daemon/container RSS excluded
/rows/4/mode	string	tools
/rows/4/peak_tree_rss_kib	integer	824516
/rows/4/prepare_ms	float	37.283737
/rows/4/ready_ms	float	514.741297
/rows/4/result	object	-
/rows/4/result/correctness	string	passed
/rows/4/result/mode	string	tools
/rows/4/result/phases_ms	object	-
/rows/4/result/phases_ms/diff	float	0.896668
/rows/4/result/phases_ms/inspect	float	17.717816
/rows/4/result/phases_ms/node-install	float	581.624186
/rows/4/result/phases_ms/node-tests	float	150.992164
/rows/4/result/phases_ms/python-tests	float	53.117281
/rows/4/result/phases_ms/rust-tests	float	584.214122
/rows/4/result/phases_ms/search	float	7.919766
/rows/4/result/worker_ms	float	1399.011486
/rows/4/result_ms	float	1916.014845
/rows/4/trial	integer	0
/rows/5	object	-
/rows/5/backend	string	pvisor-host
/rows/5/completion_ms	float	507.256971
/rows/5/correctness	string	passed
/rows/5/logs	string	/home/reiase/workspace/pvisor/target/reference-resources-20261004/trials/tools-pvisor-host-000
/rows/5/memory_scope	string	owned launcher tree; Docker daemon/container RSS excluded
/rows/5/mode	string	tools
/rows/5/peak_tree_rss_kib	integer	182652
/rows/5/prepare_ms	float	35.734295
/rows/5/ready_ms	float	47.35999
/rows/5/result	object	-
/rows/5/result/correctness	string	passed
/rows/5/result/mode	string	tools
/rows/5/result/phases_ms	object	-
/rows/5/result/phases_ms/diff	float	1.391687
/rows/5/result/phases_ms/inspect	float	2.015551
/rows/5/result/phases_ms/node-install	float	181.16576
/rows/5/result/phases_ms/node-tests	float	131.896617
/rows/5/result/phases_ms/python-tests	float	26.523637
/rows/5/result/phases_ms/rust-tests	float	90.698806
/rows/5/result/phases_ms/search	float	2.442137
/rows/5/result/worker_ms	float	437.036419
/rows/5/result_ms	float	484.408472
/rows/5/trial	integer	0
/rows/6	object	-
/rows/6/backend	string	pvisor-vm
/rows/6/completion_ms	float	4266.712219
/rows/6/correctness	string	passed
/rows/6/logs	string	/home/reiase/workspace/pvisor/target/reference-resources-20261004/trials/tools-pvisor-vm-000
/rows/6/memory_scope	string	owned launcher tree; Docker daemon/container RSS excluded
/rows/6/mode	string	tools
/rows/6/peak_tree_rss_kib	integer	724360
/rows/6/prepare_ms	float	38.150574
/rows/6/ready_ms	float	569.983898
/rows/6/result	object	-
/rows/6/result/correctness	string	passed
/rows/6/result/mode	string	tools
/rows/6/result/phases_ms	object	-
/rows/6/result/phases_ms/diff	float	19.17429
/rows/6/result/phases_ms/inspect	float	74.701495
/rows/6/result/phases_ms/node-install	float	1720.239666
/rows/6/result/phases_ms/node-tests	float	405.399062
/rows/6/result/phases_ms/python-tests	float	119.705619
/rows/6/result/phases_ms/rust-tests	float	1211.936294
/rows/6/result/phases_ms/search	float	19.843101
/rows/6/result/worker_ms	float	3588.714146
/rows/6/result_ms	float	4158.920395
/rows/6/trial	integer	0
/rows/7	object	-
/rows/7/backend	string	pvisor-staged
/rows/7/completion_ms	float	693.204856
/rows/7/correctness	string	passed
/rows/7/logs	string	/home/reiase/workspace/pvisor/target/reference-resources-20261004/trials/tools-pvisor-staged-000
/rows/7/memory_scope	string	owned launcher tree; Docker daemon/container RSS excluded
/rows/7/mode	string	tools
/rows/7/peak_tree_rss_kib	integer	228840
/rows/7/prepare_ms	float	35.547947
/rows/7/ready_ms	float	53.5325
/rows/7/result	object	-
/rows/7/result/correctness	string	passed
/rows/7/result/mode	string	tools
/rows/7/result/phases_ms	object	-
/rows/7/result/phases_ms/diff	float	2.678429
/rows/7/result/phases_ms/inspect	float	16.879739
/rows/7/result/phases_ms/node-install	float	200.936846
/rows/7/result/phases_ms/node-tests	float	137.404074
/rows/7/result/phases_ms/python-tests	float	28.592477
/rows/7/result/phases_ms/rust-tests	float	197.739649
/rows/7/result/phases_ms/search	float	2.416229
/rows/7/result/worker_ms	float	589.854119
/rows/7/result_ms	float	643.416854
/rows/7/trial	integer	0
/rows/8	object	-
/rows/8/backend	string	docker
/rows/8/completion_ms	float	935.153815
/rows/8/correctness	string	passed
/rows/8/logs	string	/home/reiase/workspace/pvisor/target/reference-resources-20261004/trials/tools-docker-001
/rows/8/memory_scope	string	CLI + private daemon + exact container shim/descendants; sampled RSS sum
/rows/8/mode	string	tools
/rows/8/peak_tree_rss_kib	integer	258816
/rows/8/prepare_ms	float	35.730689
/rows/8/ready_ms	float	375.323555
/rows/8/result	object	-
/rows/8/result/correctness	string	passed
/rows/8/result/mode	string	tools
/rows/8/result/phases_ms	object	-
/rows/8/result/phases_ms/diff	float	0.812636
/rows/8/result/phases_ms/inspect	float	2.681344
/rows/8/result/phases_ms/node-install	float	215.96986
/rows/8/result/phases_ms/node-tests	float	117.144127
/rows/8/result/phases_ms/python-tests	float	48.77455
/rows/8/result/phases_ms/rust-tests	float	86.024334
/rows/8/result/phases_ms/search	float	2.063561
/rows/8/result/worker_ms	float	474.236791
/rows/8/result_ms	float	850.462098
/rows/8/trial	integer	1
/rows/9	object	-
/rows/9/backend	string	native
/rows/9/completion_ms	float	447.626934
/rows/9/correctness	string	passed
/rows/9/logs	string	/home/reiase/workspace/pvisor/target/reference-resources-20261004/trials/tools-native-001
/rows/9/memory_scope	string	owned launcher tree; Docker daemon/container RSS excluded
/rows/9/mode	string	tools
/rows/9/peak_tree_rss_kib	integer	137672
/rows/9/prepare_ms	float	35.169671
/rows/9/ready_ms	float	37.892964
/rows/9/result	object	-
/rows/9/result/correctness	string	passed
/rows/9/result/mode	string	tools
/rows/9/result/phases_ms	object	-
/rows/9/result/phases_ms/diff	float	0.941596
/rows/9/result/phases_ms/inspect	float	3.710936
/rows/9/result/phases_ms/node-install	float	167.181093
/rows/9/result/phases_ms/node-tests	float	119.563301
/rows/9/result/phases_ms/python-tests	float	23.648071
/rows/9/result/phases_ms/rust-tests	float	84.383632
/rows/9/result/phases_ms/search	float	2.17049
/rows/9/result/worker_ms	float	402.484792
/rows/9/result_ms	float	440.403013
/rows/9/trial	integer	1
/rows/10	object	-
/rows/10/backend	string	firecracker
/rows/10/completion_ms	float	2286.117658
/rows/10/correctness	string	passed
/rows/10/logs	string	/home/reiase/workspace/pvisor/target/reference-resources-20261004/trials/tools-firecracker-001
/rows/10/memory_scope	string	owned launcher tree; Docker daemon/container RSS excluded
/rows/10/mode	string	tools
/rows/10/peak_tree_rss_kib	integer	780684
/rows/10/prepare_ms	float	37.224466
/rows/10/ready_ms	float	902.203204
/rows/10/result	object	-
/rows/10/result/correctness	string	passed
/rows/10/result/mode	string	tools
/rows/10/result/phases_ms	object	-
/rows/10/result/phases_ms/diff	float	0.970416
/rows/10/result/phases_ms/inspect	float	24.017763
/rows/10/result/phases_ms/node-install	float	540.810661
/rows/10/result/phases_ms/node-tests	float	193.541404
/rows/10/result/phases_ms/python-tests	float	81.776484
/rows/10/result/phases_ms/rust-tests	float	473.472175
/rows/10/result/phases_ms/search	float	9.271049
/rows/10/result/worker_ms	float	1325.640102
/rows/10/result_ms	float	2232.211121
/rows/10/trial	integer	1
/rows/11	object	-
/rows/11/backend	string	pvisor-vm
/rows/11/completion_ms	float	4418.055286
/rows/11/correctness	string	passed
/rows/11/logs	string	/home/reiase/workspace/pvisor/target/reference-resources-20261004/trials/tools-pvisor-vm-001
/rows/11/memory_scope	string	owned launcher tree; Docker daemon/container RSS excluded
/rows/11/mode	string	tools
/rows/11/peak_tree_rss_kib	integer	738872
/rows/11/prepare_ms	float	35.942764
/rows/11/ready_ms	float	544.364088
/rows/11/result	object	-
/rows/11/result/correctness	string	passed
/rows/11/result/mode	string	tools
/rows/11/result/phases_ms	object	-
/rows/11/result/phases_ms/diff	float	16.72671
/rows/11/result/phases_ms/inspect	float	78.512436
/rows/11/result/phases_ms/node-install	float	1822.31235
/rows/11/result/phases_ms/node-tests	float	513.19744
/rows/11/result/phases_ms/python-tests	float	135.708935
/rows/11/result/phases_ms/rust-tests	float	1164.038004
/rows/11/result/phases_ms/search	float	19.399551
/rows/11/result/worker_ms	float	3766.301948
/rows/11/result_ms	float	4310.620698
/rows/11/trial	integer	1
/rows/12	object	-
/rows/12/backend	string	pvisor-staged
/rows/12/completion_ms	float	695.623207
/rows/12/correctness	string	passed
/rows/12/logs	string	/home/reiase/workspace/pvisor/target/reference-resources-20261004/trials/tools-pvisor-staged-001
/rows/12/memory_scope	string	owned launcher tree; Docker daemon/container RSS excluded
/rows/12/mode	string	tools
/rows/12/peak_tree_rss_kib	integer	227604
/rows/12/prepare_ms	float	36.274714
/rows/12/ready_ms	float	51.233478
/rows/12/result	object	-
/rows/12/result/correctness	string	passed
/rows/12/result/mode	string	tools
/rows/12/result/phases_ms	object	-
/rows/12/result/phases_ms/diff	float	2.685061
/rows/12/result/phases_ms/inspect	float	18.124073
/rows/12/result/phases_ms/node-install	float	205.546457
/rows/12/result/phases_ms/node-tests	float	133.73663
/rows/12/result/phases_ms/python-tests	float	29.248081
/rows/12/result/phases_ms/rust-tests	float	200.8644
/rows/12/result/phases_ms/search	float	2.216305
/rows/12/result/worker_ms	float	595.677616
/rows/12/result_ms	float	646.959134
/rows/12/trial	integer	1
/rows/13	object	-
/rows/13/backend	string	qemu
/rows/13/completion_ms	float	1943.10003
/rows/13/correctness	string	passed
/rows/13/logs	string	/home/reiase/workspace/pvisor/target/reference-resources-20261004/trials/tools-qemu-001
/rows/13/memory_scope	string	owned launcher tree; Docker daemon/container RSS excluded
/rows/13/mode	string	tools
/rows/13/peak_tree_rss_kib	integer	836276
/rows/13/prepare_ms	float	37.141441
/rows/13/ready_ms	float	506.987848
/rows/13/result	object	-
/rows/13/result/correctness	string	passed
/rows/13/result/mode	string	tools
/rows/13/result/phases_ms	object	-
/rows/13/result/phases_ms/diff	float	0.895525
/rows/13/result/phases_ms/inspect	float	17.285096
/rows/13/result/phases_ms/node-install	float	559.752018
/rows/13/result/phases_ms/node-tests	float	168.776826
/rows/13/result/phases_ms/python-tests	float	80.320192
/rows/13/result/phases_ms/rust-tests	float	545.102923
/rows/13/result/phases_ms/search	float	11.363599
/rows/13/result/worker_ms	float	1386.011416
/rows/13/result_ms	float	1895.286213
/rows/13/trial	integer	1
/rows/14	object	-
/rows/14/backend	string	qemu-microvm
/rows/14/completion_ms	float	1889.866019
/rows/14/correctness	string	passed
/rows/14/logs	string	/home/reiase/workspace/pvisor/target/reference-resources-20261004/trials/tools-qemu-microvm-001
/rows/14/memory_scope	string	owned launcher tree; Docker daemon/container RSS excluded
/rows/14/mode	string	tools
/rows/14/peak_tree_rss_kib	integer	825164
/rows/14/prepare_ms	float	36.725455
/rows/14/ready_ms	float	379.340271
/rows/14/result	object	-
/rows/14/result/correctness	string	passed
/rows/14/result/mode	string	tools
/rows/14/result/phases_ms	object	-
/rows/14/result/phases_ms/diff	float	1.060634
/rows/14/result/phases_ms/inspect	float	17.822943
/rows/14/result/phases_ms/node-install	float	601.192695
/rows/14/result/phases_ms/node-tests	float	176.36929
/rows/14/result/phases_ms/python-tests	float	51.330279
/rows/14/result/phases_ms/rust-tests	float	601.463542
/rows/14/result/phases_ms/search	float	6.28584
/rows/14/result/worker_ms	float	1458.00477
/rows/14/result_ms	float	1839.506071
/rows/14/trial	integer	1
/rows/15	object	-
/rows/15/backend	string	pvisor-host
/rows/15/completion_ms	float	481.625128
/rows/15/correctness	string	passed
/rows/15/logs	string	/home/reiase/workspace/pvisor/target/reference-resources-20261004/trials/tools-pvisor-host-001
/rows/15/memory_scope	string	owned launcher tree; Docker daemon/container RSS excluded
/rows/15/mode	string	tools
/rows/15/peak_tree_rss_kib	integer	182188
/rows/15/prepare_ms	float	38.209704
/rows/15/ready_ms	float	45.370337
/rows/15/result	object	-
/rows/15/result/correctness	string	passed
/rows/15/result/mode	string	tools
/rows/15/result/phases_ms	object	-
/rows/15/result/phases_ms/diff	float	0.86787
/rows/15/result/phases_ms/inspect	float	2.27678
/rows/15/result/phases_ms/node-install	float	167.424787
/rows/15/result/phases_ms/node-tests	float	121.659523
/rows/15/result/phases_ms/python-tests	float	24.842239
/rows/15/result/phases_ms/rust-tests	float	89.438174
/rows/15/result/phases_ms/search	float	2.125106
/rows/15/result/worker_ms	float	409.462343
/rows/15/result_ms	float	454.863217
/rows/15/trial	integer	1
/rows/16	object	-
/rows/16/backend	string	docker
/rows/16/completion_ms	float	960.084169
/rows/16/correctness	string	passed
/rows/16/logs	string	/home/reiase/workspace/pvisor/target/reference-resources-20261004/trials/tools-docker-002
/rows/16/memory_scope	string	CLI + private daemon + exact container shim/descendants; sampled RSS sum
/rows/16/mode	string	tools
/rows/16/peak_tree_rss_kib	integer	299160
/rows/16/prepare_ms	float	35.561091
/rows/16/ready_ms	float	383.23528
/rows/16/result	object	-
/rows/16/result/correctness	string	passed
/rows/16/result/mode	string	tools
/rows/16/result/phases_ms	object	-
/rows/16/result/phases_ms/diff	float	0.785456
/rows/16/result/phases_ms/inspect	float	2.73873
/rows/16/result/phases_ms/node-install	float	215.597985
/rows/16/result/phases_ms/node-tests	float	118.31411
/rows/16/result/phases_ms/python-tests	float	48.79574
/rows/16/result/phases_ms/rust-tests	float	83.744238
/rows/16/result/phases_ms/search	float	2.080873
/rows/16/result/worker_ms	float	472.824445
/rows/16/result_ms	float	856.187162
/rows/16/trial	integer	2
/rows/17	object	-
/rows/17/backend	string	qemu-microvm
/rows/17/completion_ms	float	1916.347306
/rows/17/correctness	string	passed
/rows/17/logs	string	/home/reiase/workspace/pvisor/target/reference-resources-20261004/trials/tools-qemu-microvm-002
/rows/17/memory_scope	string	owned launcher tree; Docker daemon/container RSS excluded
/rows/17/mode	string	tools
/rows/17/peak_tree_rss_kib	integer	843236
/rows/17/prepare_ms	float	37.099833
/rows/17/ready_ms	float	386.652446
/rows/17/result	object	-
/rows/17/result/correctness	string	passed
/rows/17/result/mode	string	tools
/rows/17/result/phases_ms	object	-
/rows/17/result/phases_ms/diff	float	1.871993
/rows/17/result/phases_ms/inspect	float	18.700094
/rows/17/result/phases_ms/node-install	float	592.043048
/rows/17/result/phases_ms/node-tests	float	205.669925
/rows/17/result/phases_ms/python-tests	float	51.320029
/rows/17/result/phases_ms/rust-tests	float	601.20618
/rows/17/result/phases_ms/search	float	6.380085
/rows/17/result/worker_ms	float	1478.800425
/rows/17/result_ms	float	1867.648748
/rows/17/trial	integer	2
/rows/18	object	-
/rows/18/backend	string	pvisor-vm
/rows/18/completion_ms	float	4398.563361
/rows/18/correctness	string	passed
/rows/18/logs	string	/home/reiase/workspace/pvisor/target/reference-resources-20261004/trials/tools-pvisor-vm-002
/rows/18/memory_scope	string	owned launcher tree; Docker daemon/container RSS excluded
/rows/18/mode	string	tools
/rows/18/peak_tree_rss_kib	integer	753232
/rows/18/prepare_ms	float	36.075923
/rows/18/ready_ms	float	545.576731
/rows/18/result	object	-
/rows/18/result/correctness	string	passed
/rows/18/result/mode	string	tools
/rows/18/result/phases_ms	object	-
/rows/18/result/phases_ms/diff	float	16.421999
/rows/18/result/phases_ms/inspect	float	51.997891
/rows/18/result/phases_ms/node-install	float	1972.415149
/rows/18/result/phases_ms/node-tests	float	523.033576
/rows/18/result/phases_ms/python-tests	float	124.443665
/rows/18/result/phases_ms/rust-tests	float	1021.184831
/rows/18/result/phases_ms/search	float	18.315653
/rows/18/result/worker_ms	float	3744.824828
/rows/18/result_ms	float	4290.608472
/rows/18/trial	integer	2
/rows/19	object	-
/rows/19/backend	string	qemu
/rows/19/completion_ms	float	2011.209182
/rows/19/correctness	string	passed
/rows/19/logs	string	/home/reiase/workspace/pvisor/target/reference-resources-20261004/trials/tools-qemu-002
/rows/19/memory_scope	string	owned launcher tree; Docker daemon/container RSS excluded
/rows/19/mode	string	tools
/rows/19/peak_tree_rss_kib	integer	835880
/rows/19/prepare_ms	float	36.56209
/rows/19/ready_ms	float	532.562164
/rows/19/result	object	-
/rows/19/result/correctness	string	passed
/rows/19/result/mode	string	tools
/rows/19/result/phases_ms	object	-
/rows/19/result/phases_ms/diff	float	2.090681
/rows/19/result/phases_ms/inspect	float	17.454965
/rows/19/result/phases_ms/node-install	float	579.527935
/rows/19/result/phases_ms/node-tests	float	183.467519
/rows/19/result/phases_ms/python-tests	float	55.310073
/rows/19/result/phases_ms/rust-tests	float	575.186663
/rows/19/result/phases_ms/search	float	7.791797
/rows/19/result/worker_ms	float	1422.653635
/rows/19/result_ms	float	1957.467602
/rows/19/trial	integer	2
/rows/20	object	-
/rows/20/backend	string	native
/rows/20/completion_ms	float	474.569041
/rows/20/correctness	string	passed
/rows/20/logs	string	/home/reiase/workspace/pvisor/target/reference-resources-20261004/trials/tools-native-002
/rows/20/memory_scope	string	owned launcher tree; Docker daemon/container RSS excluded
/rows/20/mode	string	tools
/rows/20/peak_tree_rss_kib	integer	176388
/rows/20/prepare_ms	float	36.304219
/rows/20/ready_ms	float	41.223198
/rows/20/result	object	-
/rows/20/result/correctness	string	passed
/rows/20/result/mode	string	tools
/rows/20/result/phases_ms	object	-
/rows/20/result/phases_ms/diff	float	1.068714
/rows/20/result/phases_ms/inspect	float	2.200476
/rows/20/result/phases_ms/node-install	float	177.917949
/rows/20/result/phases_ms/node-tests	float	130.270963
/rows/20/result/phases_ms/python-tests	float	25.43193
/rows/20/result/phases_ms/rust-tests	float	85.215543
/rows/20/result/phases_ms/search	float	2.235331
/rows/20/result/worker_ms	float	425.358287
/rows/20/result_ms	float	466.614567
/rows/20/trial	integer	2
/rows/21	object	-
/rows/21/backend	string	pvisor-host
/rows/21/completion_ms	float	498.640171
/rows/21/correctness	string	passed
/rows/21/logs	string	/home/reiase/workspace/pvisor/target/reference-resources-20261004/trials/tools-pvisor-host-002
/rows/21/memory_scope	string	owned launcher tree; Docker daemon/container RSS excluded
/rows/21/mode	string	tools
/rows/21/peak_tree_rss_kib	integer	182872
/rows/21/prepare_ms	float	38.36774
/rows/21/ready_ms	float	43.96228
/rows/21/result	object	-
/rows/21/result/correctness	string	passed
/rows/21/result/mode	string	tools
/rows/21/result/phases_ms	object	-
/rows/21/result/phases_ms/diff	float	0.889379
/rows/21/result/phases_ms/inspect	float	2.162735
/rows/21/result/phases_ms/node-install	float	176.46106
/rows/21/result/phases_ms/node-tests	float	129.584101
/rows/21/result/phases_ms/python-tests	float	26.00595
/rows/21/result/phases_ms/rust-tests	float	97.803254
/rows/21/result/phases_ms/search	float	2.234851
/rows/21/result/worker_ms	float	436.075426
/rows/21/result_ms	float	480.08784
/rows/21/trial	integer	2
/rows/22	object	-
/rows/22/backend	string	firecracker
/rows/22/completion_ms	float	2300.624701
/rows/22/correctness	string	passed
/rows/22/logs	string	/home/reiase/workspace/pvisor/target/reference-resources-20261004/trials/tools-firecracker-002
/rows/22/memory_scope	string	owned launcher tree; Docker daemon/container RSS excluded
/rows/22/mode	string	tools
/rows/22/peak_tree_rss_kib	integer	794700
/rows/22/prepare_ms	float	37.692971
/rows/22/ready_ms	float	895.012065
/rows/22/result	object	-
/rows/22/result/correctness	string	passed
/rows/22/result/mode	string	tools
/rows/22/result/phases_ms	object	-
/rows/22/result/phases_ms/diff	float	2.220005
/rows/22/result/phases_ms/inspect	float	18.082878
/rows/22/result/phases_ms/node-install	float	565.393953
/rows/22/result/phases_ms/node-tests	float	178.923851
/rows/22/result/phases_ms/python-tests	float	79.571659
/rows/22/result/phases_ms/rust-tests	float	489.317805
/rows/22/result/phases_ms/search	float	7.910944
/rows/22/result/worker_ms	float	1343.125932
/rows/22/result_ms	float	2242.464646
/rows/22/trial	integer	2
/rows/23	object	-
/rows/23/backend	string	pvisor-staged
/rows/23/completion_ms	float	695.032675
/rows/23/correctness	string	passed
/rows/23/logs	string	/home/reiase/workspace/pvisor/target/reference-resources-20261004/trials/tools-pvisor-staged-002
/rows/23/memory_scope	string	owned launcher tree; Docker daemon/container RSS excluded
/rows/23/mode	string	tools
/rows/23/peak_tree_rss_kib	integer	221048
/rows/23/prepare_ms	float	36.29925
/rows/23/ready_ms	float	51.4326
/rows/23/result	object	-
/rows/23/result/correctness	string	passed
/rows/23/result/mode	string	tools
/rows/23/result/phases_ms	object	-
/rows/23/result/phases_ms/diff	float	2.71707
/rows/23/result/phases_ms/inspect	float	16.902012
/rows/23/result/phases_ms/node-install	float	203.073994
/rows/23/result/phases_ms/node-tests	float	137.287648
/rows/23/result/phases_ms/python-tests	float	28.117601
/rows/23/result/phases_ms/rust-tests	float	204.50232
/rows/23/result/phases_ms/search	float	2.185889
/rows/23/result/worker_ms	float	598.028893
/rows/23/result_ms	float	649.498813
/rows/23/trial	integer	2
/rows/24	object	-
/rows/24/backend	string	firecracker
/rows/24/completion_ms	float	2295.520716
/rows/24/correctness	string	passed
/rows/24/logs	string	/home/reiase/workspace/pvisor/target/reference-resources-20261004/trials/tools-firecracker-003
/rows/24/memory_scope	string	owned launcher tree; Docker daemon/container RSS excluded
/rows/24/mode	string	tools
/rows/24/peak_tree_rss_kib	integer	781852
/rows/24/prepare_ms	float	38.356619
/rows/24/ready_ms	float	903.94751
/rows/24/result	object	-
/rows/24/result/correctness	string	passed
/rows/24/result/mode	string	tools
/rows/24/result/phases_ms	object	-
/rows/24/result/phases_ms/diff	float	2.137379
/rows/24/result/phases_ms/inspect	float	23.013444
/rows/24/result/phases_ms/node-install	float	547.579728
/rows/24/result/phases_ms/node-tests	float	185.19204
/rows/24/result/phases_ms/python-tests	float	79.38557
/rows/24/result/phases_ms/rust-tests	float	474.533019
/rows/24/result/phases_ms/search	float	11.043034
/rows/24/result/worker_ms	float	1324.609784
/rows/24/result_ms	float	2230.236286
/rows/24/trial	integer	3
/rows/25	object	-
/rows/25/backend	string	docker
/rows/25/completion_ms	float	950.253704
/rows/25/correctness	string	passed
/rows/25/logs	string	/home/reiase/workspace/pvisor/target/reference-resources-20261004/trials/tools-docker-003
/rows/25/memory_scope	string	CLI + private daemon + exact container shim/descendants; sampled RSS sum
/rows/25/mode	string	tools
/rows/25/peak_tree_rss_kib	integer	320812
/rows/25/prepare_ms	float	36.849998
/rows/25/ready_ms	float	396.593457
/rows/25/result	object	-
/rows/25/result/correctness	string	passed
/rows/25/result/mode	string	tools
/rows/25/result/phases_ms	object	-
/rows/25/result/phases_ms/diff	float	0.810983
/rows/25/result/phases_ms/inspect	float	3.543913
/rows/25/result/phases_ms/node-install	float	214.892059
/rows/25/result/phases_ms/node-tests	float	115.326475
/rows/25/result/phases_ms/python-tests	float	48.724497
/rows/25/result/phases_ms/rust-tests	float	83.819638
/rows/25/result/phases_ms/search	float	2.086134
/rows/25/result/worker_ms	float	469.988813
/rows/25/result_ms	float	866.611976
/rows/25/trial	integer	3
/rows/26	object	-
/rows/26/backend	string	qemu-microvm
/rows/26/completion_ms	float	2113.368835
/rows/26/correctness	string	passed
/rows/26/logs	string	/home/reiase/workspace/pvisor/target/reference-resources-20261004/trials/tools-qemu-microvm-003
/rows/26/memory_scope	string	owned launcher tree; Docker daemon/container RSS excluded
/rows/26/mode	string	tools
/rows/26/peak_tree_rss_kib	integer	832140
/rows/26/prepare_ms	float	35.598842
/rows/26/ready_ms	float	528.912132
/rows/26/result	object	-
/rows/26/result/correctness	string	passed
/rows/26/result/mode	string	tools
/rows/26/result/phases_ms	object	-
/rows/26/result/phases_ms/diff	float	2.193243
/rows/26/result/phases_ms/inspect	float	26.595655
/rows/26/result/phases_ms/node-install	float	612.569097
/rows/26/result/phases_ms/node-tests	float	192.295034
/rows/26/result/phases_ms/python-tests	float	82.413628
/rows/26/result/phases_ms/rust-tests	float	571.539059
/rows/26/result/phases_ms/search	float	30.117022
/rows/26/result/worker_ms	float	1519.736357
/rows/26/result_ms	float	2050.748858
/rows/26/trial	integer	3
/rows/27	object	-
/rows/27/backend	string	qemu
/rows/27/completion_ms	float	2157.229175
/rows/27/correctness	string	passed
/rows/27/logs	string	/home/reiase/workspace/pvisor/target/reference-resources-20261004/trials/tools-qemu-003
/rows/27/memory_scope	string	owned launcher tree; Docker daemon/container RSS excluded
/rows/27/mode	string	tools
/rows/27/peak_tree_rss_kib	integer	835792
/rows/27/prepare_ms	float	40.48482
/rows/27/ready_ms	float	643.099071
/rows/27/result	object	-
/rows/27/result/correctness	string	passed
/rows/27/result/mode	string	tools
/rows/27/result/phases_ms	object	-
/rows/27/result/phases_ms/diff	float	2.503774
/rows/27/result/phases_ms/inspect	float	21.612703
/rows/27/result/phases_ms/node-install	float	563.520778
/rows/27/result/phases_ms/node-tests	float	186.662176
/rows/27/result/phases_ms/python-tests	float	81.541257
/rows/27/result/phases_ms/rust-tests	float	577.758364
/rows/27/result/phases_ms/search	float	10.900592
/rows/27/result/worker_ms	float	1446.608661
/rows/27/result_ms	float	2092.130352
/rows/27/trial	integer	3
/rows/28	object	-
/rows/28/backend	string	pvisor-host
/rows/28/completion_ms	float	477.647956
/rows/28/correctness	string	passed
/rows/28/logs	string	/home/reiase/workspace/pvisor/target/reference-resources-20261004/trials/tools-pvisor-host-003
/rows/28/memory_scope	string	owned launcher tree; Docker daemon/container RSS excluded
/rows/28/mode	string	tools
/rows/28/peak_tree_rss_kib	integer	183248
/rows/28/prepare_ms	float	34.963036
/rows/28/ready_ms	float	42.358366
/rows/28/result	object	-
/rows/28/result/correctness	string	passed
/rows/28/result/mode	string	tools
/rows/28/result/phases_ms	object	-
/rows/28/result/phases_ms/diff	float	0.860065
/rows/28/result/phases_ms/inspect	float	2.054133
/rows/28/result/phases_ms/node-install	float	167.020453
/rows/28/result/phases_ms/node-tests	float	124.249757
/rows/28/result/phases_ms/python-tests	float	24.047075
/rows/28/result/phases_ms/rust-tests	float	86.884187
/rows/28/result/phases_ms/search	float	2.158739
/rows/28/result/worker_ms	float	408.070725
/rows/28/result_ms	float	450.453337
/rows/28/trial	integer	3
/rows/29	object	-
/rows/29/backend	string	native
/rows/29/completion_ms	float	453.255887
/rows/29/correctness	string	passed
/rows/29/logs	string	/home/reiase/workspace/pvisor/target/reference-resources-20261004/trials/tools-native-003
/rows/29/memory_scope	string	owned launcher tree; Docker daemon/container RSS excluded
/rows/29/mode	string	tools
/rows/29/peak_tree_rss_kib	integer	151116
/rows/29/prepare_ms	float	34.92772
/rows/29/ready_ms	float	37.880751
/rows/29/result	object	-
/rows/29/result/correctness	string	passed
/rows/29/result/mode	string	tools
/rows/29/result/phases_ms	object	-
/rows/29/result/phases_ms/diff	float	0.951115
/rows/29/result/phases_ms/inspect	float	2.676746
/rows/29/result/phases_ms/node-install	float	168.102051
/rows/29/result/phases_ms/node-tests	float	124.490847
/rows/29/result/phases_ms/python-tests	float	23.887608
/rows/29/result/phases_ms/rust-tests	float	84.970195
/rows/29/result/phases_ms/search	float	2.159379
/rows/29/result/worker_ms	float	408.120218
/rows/29/result_ms	float	446.021587
/rows/29/trial	integer	3
/rows/30	object	-
/rows/30/backend	string	pvisor-staged
/rows/30/completion_ms	float	723.068595
/rows/30/correctness	string	passed
/rows/30/logs	string	/home/reiase/workspace/pvisor/target/reference-resources-20261004/trials/tools-pvisor-staged-003
/rows/30/memory_scope	string	owned launcher tree; Docker daemon/container RSS excluded
/rows/30/mode	string	tools
/rows/30/peak_tree_rss_kib	integer	236088
/rows/30/prepare_ms	float	35.787133
/rows/30/ready_ms	float	65.0811
/rows/30/result	object	-
/rows/30/result/correctness	string	passed
/rows/30/result/mode	string	tools
/rows/30/result/phases_ms	object	-
/rows/30/result/phases_ms/diff	float	2.736347
/rows/30/result/phases_ms/inspect	float	18.122218
/rows/30/result/phases_ms/node-install	float	207.526042
/rows/30/result/phases_ms/node-tests	float	146.796102
/rows/30/result/phases_ms/python-tests	float	35.201321
/rows/30/result/phases_ms/rust-tests	float	202.497267
/rows/30/result/phases_ms/search	float	2.190508
/rows/30/result/worker_ms	float	618.349966
/rows/30/result_ms	float	683.437598
/rows/30/trial	integer	3
/rows/31	object	-
/rows/31/backend	string	pvisor-vm
/rows/31/completion_ms	float	4349.560985
/rows/31/correctness	string	passed
/rows/31/logs	string	/home/reiase/workspace/pvisor/target/reference-resources-20261004/trials/tools-pvisor-vm-003
/rows/31/memory_scope	string	owned launcher tree; Docker daemon/container RSS excluded
/rows/31/mode	string	tools
/rows/31/peak_tree_rss_kib	integer	751588
/rows/31/prepare_ms	float	35.248118
/rows/31/ready_ms	float	547.941313
/rows/31/result	object	-
/rows/31/result/correctness	string	passed
/rows/31/result/mode	string	tools
/rows/31/result/phases_ms	object	-
/rows/31/result/phases_ms/diff	float	15.433831
/rows/31/result/phases_ms/inspect	float	51.973846
/rows/31/result/phases_ms/node-install	float	1806.84662
/rows/31/result/phases_ms/node-tests	float	452.004914
/rows/31/result/phases_ms/python-tests	float	116.100403
/rows/31/result/phases_ms/rust-tests	float	1214.669549
/rows/31/result/phases_ms/search	float	18.296077
/rows/31/result/worker_ms	float	3692.086372
/rows/31/result_ms	float	4240.229949
/rows/31/trial	integer	3
/rows/32	object	-
/rows/32/backend	string	pvisor-host
/rows/32/completion_ms	float	471.217567
/rows/32/correctness	string	passed
/rows/32/logs	string	/home/reiase/workspace/pvisor/target/reference-resources-20261004/trials/tools-pvisor-host-004
/rows/32/memory_scope	string	owned launcher tree; Docker daemon/container RSS excluded
/rows/32/mode	string	tools
/rows/32/peak_tree_rss_kib	integer	182924
/rows/32/prepare_ms	float	35.653644
/rows/32/ready_ms	float	42.794781
/rows/32/result	object	-
/rows/32/result/correctness	string	passed
/rows/32/result/mode	string	tools
/rows/32/result/phases_ms	object	-
/rows/32/result/phases_ms/diff	float	0.872499
/rows/32/result/phases_ms/inspect	float	2.679039
/rows/32/result/phases_ms/node-install	float	163.847041
/rows/32/result/phases_ms/node-tests	float	120.022859
/rows/32/result/phases_ms/python-tests	float	23.730514
/rows/32/result/phases_ms/rust-tests	float	89.458622
/rows/32/result/phases_ms/search	float	2.119375
/rows/32/result/worker_ms	float	403.546764
/rows/32/result_ms	float	446.373585
/rows/32/trial	integer	4
/rows/33	object	-
/rows/33/backend	string	native
/rows/33/completion_ms	float	448.725744
/rows/33/correctness	string	passed
/rows/33/logs	string	/home/reiase/workspace/pvisor/target/reference-resources-20261004/trials/tools-native-004
/rows/33/memory_scope	string	owned launcher tree; Docker daemon/container RSS excluded
/rows/33/mode	string	tools
/rows/33/peak_tree_rss_kib	integer	136732
/rows/33/prepare_ms	float	35.257264
/rows/33/ready_ms	float	37.729328
/rows/33/result	object	-
/rows/33/result/correctness	string	passed
/rows/33/result/mode	string	tools
/rows/33/result/phases_ms	object	-
/rows/33/result/phases_ms/diff	float	0.925197
/rows/33/result/phases_ms/inspect	float	2.643795
/rows/33/result/phases_ms/node-install	float	163.819008
/rows/33/result/phases_ms/node-tests	float	123.111664
/rows/33/result/phases_ms/python-tests	float	23.598097
/rows/33/result/phases_ms/rust-tests	float	86.719741
/rows/33/result/phases_ms/search	float	2.122371
/rows/33/result/worker_ms	float	403.808381
/rows/33/result_ms	float	441.57542
/rows/33/trial	integer	4
/rows/34	object	-
/rows/34/backend	string	pvisor-vm
/rows/34/completion_ms	float	4153.976579
/rows/34/correctness	string	passed
/rows/34/logs	string	/home/reiase/workspace/pvisor/target/reference-resources-20261004/trials/tools-pvisor-vm-004
/rows/34/memory_scope	string	owned launcher tree; Docker daemon/container RSS excluded
/rows/34/mode	string	tools
/rows/34/peak_tree_rss_kib	integer	715676
/rows/34/prepare_ms	float	36.415056
/rows/34/ready_ms	float	532.097166
/rows/34/result	object	-
/rows/34/result/correctness	string	passed
/rows/34/result/mode	string	tools
/rows/34/result/phases_ms	object	-
/rows/34/result/phases_ms/diff	float	16.065693
/rows/34/result/phases_ms/inspect	float	53.831241
/rows/34/result/phases_ms/node-install	float	1733.709772
/rows/34/result/phases_ms/node-tests	float	450.475812
/rows/34/result/phases_ms/python-tests	float	116.103148
/rows/34/result/phases_ms/rust-tests	float	1112.856271
/rows/34/result/phases_ms/search	float	17.892532
/rows/34/result/worker_ms	float	3517.241814
/rows/34/result_ms	float	4051.028945
/rows/34/trial	integer	4
/rows/35	object	-
/rows/35/backend	string	docker
/rows/35/completion_ms	float	935.524015
/rows/35/correctness	string	passed
/rows/35/logs	string	/home/reiase/workspace/pvisor/target/reference-resources-20261004/trials/tools-docker-004
/rows/35/memory_scope	string	CLI + private daemon + exact container shim/descendants; sampled RSS sum
/rows/35/mode	string	tools
/rows/35/peak_tree_rss_kib	integer	277140
/rows/35/prepare_ms	float	36.638783
/rows/35/ready_ms	float	391.589469
/rows/35/result	object	-
/rows/35/result/correctness	string	passed
/rows/35/result/mode	string	tools
/rows/35/result/phases_ms	object	-
/rows/35/result/phases_ms/diff	float	0.752865
/rows/35/result/phases_ms/inspect	float	8.167271
/rows/35/result/phases_ms/node-install	float	208.428717
/rows/35/result/phases_ms/node-tests	float	114.230961
/rows/35/result/phases_ms/python-tests	float	48.36712
/rows/35/result/phases_ms/rust-tests	float	79.068633
/rows/35/result/phases_ms/search	float	2.107684
/rows/35/result/worker_ms	float	461.879801
/rows/35/result_ms	float	854.362938
/rows/35/trial	integer	4
/rows/36	object	-
/rows/36/backend	string	qemu-microvm
/rows/36/completion_ms	float	2306.314869
/rows/36/correctness	string	passed
/rows/36/logs	string	/home/reiase/workspace/pvisor/target/reference-resources-20261004/trials/tools-qemu-microvm-004
/rows/36/memory_scope	string	owned launcher tree; Docker daemon/container RSS excluded
/rows/36/mode	string	tools
/rows/36/peak_tree_rss_kib	integer	819948
/rows/36/prepare_ms	float	38.149993
/rows/36/ready_ms	float	485.702788
/rows/36/result	object	-
/rows/36/result/correctness	string	passed
/rows/36/result/mode	string	tools
/rows/36/result/phases_ms	object	-
/rows/36/result/phases_ms/diff	float	1.808694
/rows/36/result/phases_ms/inspect	float	29.876502
/rows/36/result/phases_ms/node-install	float	886.020077
/rows/36/result/phases_ms/node-tests	float	162.365231
/rows/36/result/phases_ms/python-tests	float	81.576863
/rows/36/result/phases_ms/rust-tests	float	574.04114
/rows/36/result/phases_ms/search	float	10.732679
/rows/36/result/worker_ms	float	1748.664332
/rows/36/result_ms	float	2236.993687
/rows/36/trial	integer	4
/rows/37	object	-
/rows/37/backend	string	pvisor-staged
/rows/37/completion_ms	float	762.742452
/rows/37/correctness	string	passed
/rows/37/logs	string	/home/reiase/workspace/pvisor/target/reference-resources-20261004/trials/tools-pvisor-staged-004
/rows/37/memory_scope	string	owned launcher tree; Docker daemon/container RSS excluded
/rows/37/mode	string	tools
/rows/37/peak_tree_rss_kib	integer	246104
/rows/37/prepare_ms	float	39.482981
/rows/37/ready_ms	float	63.878095
/rows/37/result	object	-
/rows/37/result/correctness	string	passed
/rows/37/result/mode	string	tools
/rows/37/result/phases_ms	object	-
/rows/37/result/phases_ms/diff	float	2.87713
/rows/37/result/phases_ms/inspect	float	21.586534
/rows/37/result/phases_ms/node-install	float	232.392537
/rows/37/result/phases_ms/node-tests	float	143.984254
/rows/37/result/phases_ms/python-tests	float	35.084082
/rows/37/result/phases_ms/rust-tests	float	221.884187
/rows/37/result/phases_ms/search	float	2.692545
/rows/37/result/worker_ms	float	664.246084
/rows/37/result_ms	float	728.161038
/rows/37/trial	integer	4
/rows/38	object	-
/rows/38/backend	string	qemu
/rows/38/completion_ms	float	2182.645024
/rows/38/correctness	string	passed
/rows/38/logs	string	/home/reiase/workspace/pvisor/target/reference-resources-20261004/trials/tools-qemu-004
/rows/38/memory_scope	string	owned launcher tree; Docker daemon/container RSS excluded
/rows/38/mode	string	tools
/rows/38/peak_tree_rss_kib	integer	828128
/rows/38/prepare_ms	float	37.139056
/rows/38/ready_ms	float	644.633864
/rows/38/result	object	-
/rows/38/result/correctness	string	passed
/rows/38/result/mode	string	tools
/rows/38/result/phases_ms	object	-
/rows/38/result/phases_ms/diff	float	1.027281
/rows/38/result/phases_ms/inspect	float	22.157572
/rows/38/result/phases_ms/node-install	float	615.405554
/rows/38/result/phases_ms/node-tests	float	163.049782
/rows/38/result/phases_ms/python-tests	float	84.397611
/rows/38/result/phases_ms/rust-tests	float	573.676307
/rows/38/result/phases_ms/search	float	11.245548
/rows/38/result/worker_ms	float	1472.757229
/rows/38/result_ms	float	2119.777565
/rows/38/trial	integer	4
/rows/39	object	-
/rows/39/backend	string	firecracker
/rows/39/completion_ms	float	2677.820048
/rows/39/correctness	string	passed
/rows/39/logs	string	/home/reiase/workspace/pvisor/target/reference-resources-20261004/trials/tools-firecracker-004
/rows/39/memory_scope	string	owned launcher tree; Docker daemon/container RSS excluded
/rows/39/mode	string	tools
/rows/39/peak_tree_rss_kib	integer	783744
/rows/39/prepare_ms	float	37.948637
/rows/39/ready_ms	float	920.965527
/rows/39/result	object	-
/rows/39/result/correctness	string	passed
/rows/39/result/mode	string	tools
/rows/39/result/phases_ms	object	-
/rows/39/result/phases_ms/diff	float	1.106812
/rows/39/result/phases_ms/inspect	float	19.718058
/rows/39/result/phases_ms/node-install	float	796.048665
/rows/39/result/phases_ms/node-tests	float	177.636322
/rows/39/result/phases_ms/python-tests	float	89.94506
/rows/39/result/phases_ms/rust-tests	float	593.205314
/rows/39/result/phases_ms/search	float	10.651782
/rows/39/result/worker_ms	float	1691.349766
/rows/39/result_ms	float	2613.771495
/rows/39/trial	integer	4
/rows/40	object	-
/rows/40/backend	string	firecracker
/rows/40/completion_ms	float	2729.646794
/rows/40/correctness	string	passed
/rows/40/logs	string	/home/reiase/workspace/pvisor/target/reference-resources-20261004/trials/tools-firecracker-005
/rows/40/memory_scope	string	owned launcher tree; Docker daemon/container RSS excluded
/rows/40/mode	string	tools
/rows/40/peak_tree_rss_kib	integer	772876
/rows/40/prepare_ms	float	37.854451
/rows/40/ready_ms	float	1066.848655
/rows/40/result	object	-
/rows/40/result/correctness	string	passed
/rows/40/result/mode	string	tools
/rows/40/result/phases_ms	object	-
/rows/40/result/phases_ms/diff	float	0.994471
/rows/40/result/phases_ms/inspect	float	23.766122
/rows/40/result/phases_ms/node-install	float	565.640113
/rows/40/result/phases_ms/node-tests	float	158.240958
/rows/40/result/phases_ms/python-tests	float	101.228013
/rows/40/result/phases_ms/rust-tests	float	729.903521
/rows/40/result/phases_ms/search	float	9.161934
/rows/40/result/worker_ms	float	1591.513287
/rows/40/result_ms	float	2662.810469
/rows/40/trial	integer	5
/rows/41	object	-
/rows/41/backend	string	pvisor-vm
/rows/41/completion_ms	float	5263.784212
/rows/41/correctness	string	passed
/rows/41/logs	string	/home/reiase/workspace/pvisor/target/reference-resources-20261004/trials/tools-pvisor-vm-005
/rows/41/memory_scope	string	owned launcher tree; Docker daemon/container RSS excluded
/rows/41/mode	string	tools
/rows/41/peak_tree_rss_kib	integer	727460
/rows/41/prepare_ms	float	36.403815
/rows/41/ready_ms	float	1607.729493
/rows/41/result	object	-
/rows/41/result/correctness	string	passed
/rows/41/result/mode	string	tools
/rows/41/result/phases_ms	object	-
/rows/41/result/phases_ms/diff	float	26.333546
/rows/41/result/phases_ms/inspect	float	77.374477
/rows/41/result/phases_ms/node-install	float	1699.754183
/rows/41/result/phases_ms/node-tests	float	487.016509
/rows/41/result/phases_ms/python-tests	float	133.179732
/rows/41/result/phases_ms/rust-tests	float	1077.679557
/rows/41/result/phases_ms/search	float	20.940254
/rows/41/result/worker_ms	float	3540.361897
/rows/41/result_ms	float	5148.639506
/rows/41/trial	integer	5
/rows/42	object	-
/rows/42/backend	string	qemu-microvm
/rows/42/completion_ms	float	3371.248521
/rows/42/correctness	string	passed
/rows/42/logs	string	/home/reiase/workspace/pvisor/target/reference-resources-20261004/trials/tools-qemu-microvm-005
/rows/42/memory_scope	string	owned launcher tree; Docker daemon/container RSS excluded
/rows/42/mode	string	tools
/rows/42/peak_tree_rss_kib	integer	812568
/rows/42/prepare_ms	float	40.93467
/rows/42/ready_ms	float	995.278877
/rows/42/result	object	-
/rows/42/result/correctness	string	passed
/rows/42/result/mode	string	tools
/rows/42/result/phases_ms	object	-
/rows/42/result/phases_ms/diff	float	1.375463
/rows/42/result/phases_ms/inspect	float	41.568787
/rows/42/result/phases_ms/node-install	float	839.858438
/rows/42/result/phases_ms/node-tests	float	158.127102
/rows/42/result/phases_ms/python-tests	float	137.302905
/rows/42/result/phases_ms/rust-tests	float	1111.30635
/rows/42/result/phases_ms/search	float	17.202092
/rows/42/result/worker_ms	float	2309.49038
/rows/42/result_ms	float	3306.994163
/rows/42/trial	integer	5
/rows/43	object	-
/rows/43/backend	string	pvisor-host
/rows/43/completion_ms	float	609.882344
/rows/43/correctness	string	passed
/rows/43/logs	string	/home/reiase/workspace/pvisor/target/reference-resources-20261004/trials/tools-pvisor-host-005
/rows/43/memory_scope	string	owned launcher tree; Docker daemon/container RSS excluded
/rows/43/mode	string	tools
/rows/43/peak_tree_rss_kib	integer	155788
/rows/43/prepare_ms	float	38.698907
/rows/43/ready_ms	float	70.560305
/rows/43/result	object	-
/rows/43/result/correctness	string	passed
/rows/43/result/mode	string	tools
/rows/43/result/phases_ms	object	-
/rows/43/result/phases_ms/diff	float	0.999866
/rows/43/result/phases_ms/inspect	float	3.518446
/rows/43/result/phases_ms/node-install	float	215.667375
/rows/43/result/phases_ms/node-tests	float	151.822541
/rows/43/result/phases_ms/python-tests	float	28.329016
/rows/43/result/phases_ms/rust-tests	float	104.076261
/rows/43/result/phases_ms/search	float	2.77595
/rows/43/result/worker_ms	float	508.165075
/rows/43/result_ms	float	578.748013
/rows/43/trial	integer	5
/rows/44	object	-
/rows/44/backend	string	qemu
/rows/44/completion_ms	float	2490.225341
/rows/44/correctness	string	passed
/rows/44/logs	string	/home/reiase/workspace/pvisor/target/reference-resources-20261004/trials/tools-qemu-005
/rows/44/memory_scope	string	owned launcher tree; Docker daemon/container RSS excluded
/rows/44/mode	string	tools
/rows/44/peak_tree_rss_kib	integer	827436
/rows/44/prepare_ms	float	46.056107
/rows/44/ready_ms	float	866.675595
/rows/44/result	object	-
/rows/44/result/correctness	string	passed
/rows/44/result/mode	string	tools
/rows/44/result/phases_ms	object	-
/rows/44/result/phases_ms/diff	float	1.292819
/rows/44/result/phases_ms/inspect	float	26.870589
/rows/44/result/phases_ms/node-install	float	619.24147
/rows/44/result/phases_ms/node-tests	float	179.77466
/rows/44/result/phases_ms/python-tests	float	99.853825
/rows/44/result/phases_ms/rust-tests	float	607.054962
/rows/44/result/phases_ms/search	float	11.945628
/rows/44/result/worker_ms	float	1547.933868
/rows/44/result_ms	float	2416.958235
/rows/44/trial	integer	5
/rows/45	object	-
/rows/45/backend	string	pvisor-staged
/rows/45/completion_ms	float	1152.559794
/rows/45/correctness	string	passed
/rows/45/logs	string	/home/reiase/workspace/pvisor/target/reference-resources-20261004/trials/tools-pvisor-staged-005
/rows/45/memory_scope	string	owned launcher tree; Docker daemon/container RSS excluded
/rows/45/mode	string	tools
/rows/45/peak_tree_rss_kib	integer	235564
/rows/45/prepare_ms	float	55.438566
/rows/45/ready_ms	float	76.909443
/rows/45/result	object	-
/rows/45/result/correctness	string	passed
/rows/45/result/mode	string	tools
/rows/45/result/phases_ms	object	-
/rows/45/result/phases_ms/diff	float	7.280437
/rows/45/result/phases_ms/inspect	float	23.591766
/rows/45/result/phases_ms/node-install	float	378.720795
/rows/45/result/phases_ms/node-tests	float	216.45777
/rows/45/result/phases_ms/python-tests	float	47.626948
/rows/45/result/phases_ms/rust-tests	float	340.937987
/rows/45/result/phases_ms/search	float	3.132626
/rows/45/result/worker_ms	float	1024.784338
/rows/45/result_ms	float	1101.727384
/rows/45/trial	integer	5
/rows/46	object	-
/rows/46/backend	string	docker
/rows/46/completion_ms	float	1421.808329
/rows/46/correctness	string	passed
/rows/46/logs	string	/home/reiase/workspace/pvisor/target/reference-resources-20261004/trials/tools-docker-005
/rows/46/memory_scope	string	CLI + private daemon + exact container shim/descendants; sampled RSS sum
/rows/46/mode	string	tools
/rows/46/peak_tree_rss_kib	integer	296876
/rows/46/prepare_ms	float	52.716106
/rows/46/ready_ms	float	639.41168
/rows/46/result	object	-
/rows/46/result/correctness	string	passed
/rows/46/result/mode	string	tools
/rows/46/result/phases_ms	object	-
/rows/46/result/phases_ms/diff	float	0.911641
/rows/46/result/phases_ms/inspect	float	3.146312
/rows/46/result/phases_ms/node-install	float	246.120805
/rows/46/result/phases_ms/node-tests	float	141.549441
/rows/46/result/phases_ms/python-tests	float	54.868983
/rows/46/result/phases_ms/rust-tests	float	187.51581
/rows/46/result/phases_ms/search	float	2.186851
/rows/46/result/worker_ms	float	637.276726
/rows/46/result_ms	float	1275.753811
/rows/46/trial	integer	5
/rows/47	object	-
/rows/47/backend	string	native
/rows/47/completion_ms	float	580.052627
/rows/47/correctness	string	passed
/rows/47/logs	string	/home/reiase/workspace/pvisor/target/reference-resources-20261004/trials/tools-native-005
/rows/47/memory_scope	string	owned launcher tree; Docker daemon/container RSS excluded
/rows/47/mode	string	tools
/rows/47/peak_tree_rss_kib	integer	172752
/rows/47/prepare_ms	float	44.974498
/rows/47/ready_ms	float	52.087272
/rows/47/result	object	-
/rows/47/result/correctness	string	passed
/rows/47/result/mode	string	tools
/rows/47/result/phases_ms	object	-
/rows/47/result/phases_ms/diff	float	2.193142
/rows/47/result/phases_ms/inspect	float	4.307408
/rows/47/result/phases_ms/node-install	float	225.999096
/rows/47/result/phases_ms/node-tests	float	151.749115
/rows/47/result/phases_ms/python-tests	float	27.598332
/rows/47/result/phases_ms/rust-tests	float	103.124745
/rows/47/result/phases_ms/search	float	2.745995
/rows/47/result/worker_ms	float	519.148051
/rows/47/result_ms	float	571.262133
/rows/47/trial	integer	5
/rows/48	object	-
/rows/48/backend	string	qemu-microvm
/rows/48/completion_ms	float	2534.12286
/rows/48/correctness	string	passed
/rows/48/logs	string	/home/reiase/workspace/pvisor/target/reference-resources-20261004/trials/tools-qemu-microvm-006
/rows/48/memory_scope	string	owned launcher tree; Docker daemon/container RSS excluded
/rows/48/mode	string	tools
/rows/48/peak_tree_rss_kib	integer	822960
/rows/48/prepare_ms	float	38.896806
/rows/48/ready_ms	float	821.204831
/rows/48/result	object	-
/rows/48/result/correctness	string	passed
/rows/48/result/mode	string	tools
/rows/48/result/phases_ms	object	-
/rows/48/result/phases_ms/diff	float	1.480901
/rows/48/result/phases_ms/inspect	float	24.121015
/rows/48/result/phases_ms/node-install	float	667.674409
/rows/48/result/phases_ms/node-tests	float	206.793006
/rows/48/result/phases_ms/python-tests	float	90.172794
/rows/48/result/phases_ms/rust-tests	float	636.148931
/rows/48/result/phases_ms/search	float	11.65262
/rows/48/result/worker_ms	float	1639.963397
/rows/48/result_ms	float	2463.336463
/rows/48/trial	integer	6
/rows/49	object	-
/rows/49/backend	string	docker
/rows/49/completion_ms	float	1095.799512
/rows/49/correctness	string	passed
/rows/49/logs	string	/home/reiase/workspace/pvisor/target/reference-resources-20261004/trials/tools-docker-006
/rows/49/memory_scope	string	CLI + private daemon + exact container shim/descendants; sampled RSS sum
/rows/49/mode	string	tools
/rows/49/peak_tree_rss_kib	integer	272592
/rows/49/prepare_ms	float	37.541929
/rows/49/ready_ms	float	379.711173
/rows/49/result	object	-
/rows/49/result/correctness	string	passed
/rows/49/result/mode	string	tools
/rows/49/result/phases_ms	object	-
/rows/49/result/phases_ms/diff	float	1.17334
/rows/49/result/phases_ms/inspect	float	3.78283
/rows/49/result/phases_ms/node-install	float	270.765115
/rows/49/result/phases_ms/node-tests	float	125.567856
/rows/49/result/phases_ms/python-tests	float	55.193138
/rows/49/result/phases_ms/rust-tests	float	167.038056
/rows/49/result/phases_ms/search	float	2.605111
/rows/49/result/worker_ms	float	627.134239
/rows/49/result_ms	float	1006.872793
/rows/49/trial	integer	6
/rows/50	object	-
/rows/50/backend	string	pvisor-vm
/rows/50/completion_ms	float	6385.61965
/rows/50/correctness	string	passed
/rows/50/logs	string	/home/reiase/workspace/pvisor/target/reference-resources-20261004/trials/tools-pvisor-vm-006
/rows/50/memory_scope	string	owned launcher tree; Docker daemon/container RSS excluded
/rows/50/mode	string	tools
/rows/50/peak_tree_rss_kib	integer	744384
/rows/50/prepare_ms	float	37.375287
/rows/50/ready_ms	float	633.053805
/rows/50/result	object	-
/rows/50/result/correctness	string	passed
/rows/50/result/mode	string	tools
/rows/50/result/phases_ms	object	-
/rows/50/result/phases_ms/diff	float	25.228118
/rows/50/result/phases_ms/inspect	float	65.817361
/rows/50/result/phases_ms/node-install	float	2197.806953
/rows/50/result/phases_ms/node-tests	float	815.520722
/rows/50/result/phases_ms/python-tests	float	538.150133
/rows/50/result/phases_ms/rust-tests	float	1732.651582
/rows/50/result/phases_ms/search	float	194.853299
/rows/50/result/worker_ms	float	5600.000253
/rows/50/result_ms	float	6236.045064
/rows/50/trial	integer	6
/rows/51	object	-
/rows/51/backend	string	pvisor-staged
/rows/51/completion_ms	float	1018.502836
/rows/51/correctness	string	passed
/rows/51/logs	string	/home/reiase/workspace/pvisor/target/reference-resources-20261004/trials/tools-pvisor-staged-006
/rows/51/memory_scope	string	owned launcher tree; Docker daemon/container RSS excluded
/rows/51/mode	string	tools
/rows/51/peak_tree_rss_kib	integer	237444
/rows/51/prepare_ms	float	41.956887
/rows/51/ready_ms	float	78.417618
/rows/51/result	object	-
/rows/51/result/correctness	string	passed
/rows/51/result/mode	string	tools
/rows/51/result/phases_ms	object	-
/rows/51/result/phases_ms/diff	float	2.828298
/rows/51/result/phases_ms/inspect	float	21.864272
/rows/51/result/phases_ms/node-install	float	300.746233
/rows/51/result/phases_ms/node-tests	float	164.62867
/rows/51/result/phases_ms/python-tests	float	51.681304
/rows/51/result/phases_ms/rust-tests	float	328.26085
/rows/51/result/phases_ms/search	float	4.515285
/rows/51/result/worker_ms	float	878.289509
/rows/51/result_ms	float	956.724119
/rows/51/trial	integer	6
/rows/52	object	-
/rows/52/backend	string	firecracker
/rows/52/completion_ms	float	2332.461863
/rows/52/correctness	string	passed
/rows/52/logs	string	/home/reiase/workspace/pvisor/target/reference-resources-20261004/trials/tools-firecracker-006
/rows/52/memory_scope	string	owned launcher tree; Docker daemon/container RSS excluded
/rows/52/mode	string	tools
/rows/52/peak_tree_rss_kib	integer	783980
/rows/52/prepare_ms	float	38.088969
/rows/52/ready_ms	float	917.2429
/rows/52/result	object	-
/rows/52/result/correctness	string	passed
/rows/52/result/mode	string	tools
/rows/52/result/phases_ms	object	-
/rows/52/result/phases_ms/diff	float	1.002516
/rows/52/result/phases_ms/inspect	float	25.34635
/rows/52/result/phases_ms/node-install	float	528.228227
/rows/52/result/phases_ms/node-tests	float	206.4075
/rows/52/result/phases_ms/python-tests	float	89.246642
/rows/52/result/phases_ms/rust-tests	float	488.627384
/rows/52/result/phases_ms/search	float	9.677078
/rows/52/result/worker_ms	float	1350.52054
/rows/52/result_ms	float	2269.355538
/rows/52/trial	integer	6
/rows/53	object	-
/rows/53/backend	string	pvisor-host
/rows/53/completion_ms	float	510.907984
/rows/53/correctness	string	passed
/rows/53/logs	string	/home/reiase/workspace/pvisor/target/reference-resources-20261004/trials/tools-pvisor-host-006
/rows/53/memory_scope	string	owned launcher tree; Docker daemon/container RSS excluded
/rows/53/mode	string	tools
/rows/53/peak_tree_rss_kib	integer	186556
/rows/53/prepare_ms	float	37.002983
/rows/53/ready_ms	float	43.968702
/rows/53/result	object	-
/rows/53/result/correctness	string	passed
/rows/53/result/mode	string	tools
/rows/53/result/phases_ms	object	-
/rows/53/result/phases_ms/diff	float	0.964099
/rows/53/result/phases_ms/inspect	float	3.138216
/rows/53/result/phases_ms/node-install	float	175.326873
/rows/53/result/phases_ms/node-tests	float	129.293299
/rows/53/result/phases_ms/python-tests	float	25.684661
/rows/53/result/phases_ms/rust-tests	float	91.574962
/rows/53/result/phases_ms/search	float	2.142398
/rows/53/result/worker_ms	float	429.239739
/rows/53/result_ms	float	473.241553
/rows/53/trial	integer	6
/rows/54	object	-
/rows/54/backend	string	native
/rows/54/completion_ms	float	481.131096
/rows/54/correctness	string	passed
/rows/54/logs	string	/home/reiase/workspace/pvisor/target/reference-resources-20261004/trials/tools-native-006
/rows/54/memory_scope	string	owned launcher tree; Docker daemon/container RSS excluded
/rows/54/mode	string	tools
/rows/54/peak_tree_rss_kib	integer	173496
/rows/54/prepare_ms	float	37.213967
/rows/54/ready_ms	float	42.179683
/rows/54/result	object	-
/rows/54/result/correctness	string	passed
/rows/54/result/mode	string	tools
/rows/54/result/phases_ms	object	-
/rows/54/result/phases_ms/diff	float	1.319231
/rows/54/result/phases_ms/inspect	float	2.11149
/rows/54/result/phases_ms/node-install	float	174.030254
/rows/54/result/phases_ms/node-tests	float	127.276756
/rows/54/result/phases_ms/python-tests	float	26.524489
/rows/54/result/phases_ms/rust-tests	float	96.464416
/rows/54/result/phases_ms/search	float	2.264966
/rows/54/result/worker_ms	float	430.956132
/rows/54/result_ms	float	473.165491
/rows/54/trial	integer	6
/rows/55	object	-
/rows/55/backend	string	qemu
/rows/55/completion_ms	float	2340.402432
/rows/55/correctness	string	passed
/rows/55/logs	string	/home/reiase/workspace/pvisor/target/reference-resources-20261004/trials/tools-qemu-006
/rows/55/memory_scope	string	owned launcher tree; Docker daemon/container RSS excluded
/rows/55/mode	string	tools
/rows/55/peak_tree_rss_kib	integer	835484
/rows/55/prepare_ms	float	38.499074
/rows/55/ready_ms	float	900.73199
/rows/55/result	object	-
/rows/55/result/correctness	string	passed
/rows/55/result/mode	string	tools
/rows/55/result/phases_ms	object	-
/rows/55/result/phases_ms/diff	float	1.322013
/rows/55/result/phases_ms/inspect	float	20.582916
/rows/55/result/phases_ms/node-install	float	544.092423
/rows/55/result/phases_ms/node-tests	float	195.812654
/rows/55/result/phases_ms/python-tests	float	85.17244
/rows/55/result/phases_ms/rust-tests	float	512.224334
/rows/55/result/phases_ms/search	float	12.004407
/rows/55/result/worker_ms	float	1374.002069
/rows/55/result_ms	float	2277.08926
/rows/55/trial	integer	6
/rows/56	object	-
/rows/56/backend	string	pvisor-host
/rows/56/completion_ms	float	522.147299
/rows/56/correctness	string	passed
/rows/56/logs	string	/home/reiase/workspace/pvisor/target/reference-resources-20261004/trials/tools-pvisor-host-007
/rows/56/memory_scope	string	owned launcher tree; Docker daemon/container RSS excluded
/rows/56/mode	string	tools
/rows/56/peak_tree_rss_kib	integer	181176
/rows/56/prepare_ms	float	37.495802
/rows/56/ready_ms	float	46.56655
/rows/56/result	object	-
/rows/56/result/correctness	string	passed
/rows/56/result/mode	string	tools
/rows/56/result/phases_ms	object	-
/rows/56/result/phases_ms/diff	float	0.967075
/rows/56/result/phases_ms/inspect	float	2.053131
/rows/56/result/phases_ms/node-install	float	179.766319
/rows/56/result/phases_ms/node-tests	float	128.759112
/rows/56/result/phases_ms/python-tests	float	26.291714
/rows/56/result/phases_ms/rust-tests	float	93.785967
/rows/56/result/phases_ms/search	float	2.239499
/rows/56/result/worker_ms	float	434.816707
/rows/56/result_ms	float	481.398626
/rows/56/trial	integer	7
/rows/57	object	-
/rows/57/backend	string	qemu
/rows/57/completion_ms	float	2013.378781
/rows/57/correctness	string	passed
/rows/57/logs	string	/home/reiase/workspace/pvisor/target/reference-resources-20261004/trials/tools-qemu-007
/rows/57/memory_scope	string	owned launcher tree; Docker daemon/container RSS excluded
/rows/57/mode	string	tools
/rows/57/peak_tree_rss_kib	integer	827832
/rows/57/prepare_ms	float	38.559196
/rows/57/ready_ms	float	550.668343
/rows/57/result	object	-
/rows/57/result/correctness	string	passed
/rows/57/result/mode	string	tools
/rows/57/result/phases_ms	object	-
/rows/57/result/phases_ms/diff	float	1.323235
/rows/57/result/phases_ms/inspect	float	22.608105
/rows/57/result/phases_ms/node-install	float	572.527108
/rows/57/result/phases_ms/node-tests	float	169.90171
/rows/57/result/phases_ms/python-tests	float	85.530409
/rows/57/result/phases_ms/rust-tests	float	536.920174
/rows/57/result/phases_ms/search	float	10.553093
/rows/57/result/worker_ms	float	1402.223815
/rows/57/result_ms	float	1955.845566
/rows/57/trial	integer	7
/rows/58	object	-
/rows/58/backend	string	pvisor-vm
/rows/58/completion_ms	float	4236.269629
/rows/58/correctness	string	passed
/rows/58/logs	string	/home/reiase/workspace/pvisor/target/reference-resources-20261004/trials/tools-pvisor-vm-007
/rows/58/memory_scope	string	owned launcher tree; Docker daemon/container RSS excluded
/rows/58/mode	string	tools
/rows/58/peak_tree_rss_kib	integer	749608
/rows/58/prepare_ms	float	38.110689
/rows/58/ready_ms	float	574.520023
/rows/58/result	object	-
/rows/58/result/correctness	string	passed
/rows/58/result/mode	string	tools
/rows/58/result/phases_ms	object	-
/rows/58/result/phases_ms/diff	float	23.92515
/rows/58/result/phases_ms/inspect	float	75.440207
/rows/58/result/phases_ms/node-install	float	1775.454106
/rows/58/result/phases_ms/node-tests	float	461.183339
/rows/58/result/phases_ms/python-tests	float	126.584551
/rows/58/result/phases_ms/rust-tests	float	1036.050608
/rows/58/result/phases_ms/search	float	19.085093
/rows/58/result/worker_ms	float	3546.731236
/rows/58/result_ms	float	4121.781999
/rows/58/trial	integer	7
/rows/59	object	-
/rows/59/backend	string	native
/rows/59/completion_ms	float	489.866919
/rows/59/correctness	string	passed
/rows/59/logs	string	/home/reiase/workspace/pvisor/target/reference-resources-20261004/trials/tools-native-007
/rows/59/memory_scope	string	owned launcher tree; Docker daemon/container RSS excluded
/rows/59/mode	string	tools
/rows/59/peak_tree_rss_kib	integer	172440
/rows/59/prepare_ms	float	38.293962
/rows/59/ready_ms	float	41.913596
/rows/59/result	object	-
/rows/59/result/correctness	string	passed
/rows/59/result/mode	string	tools
/rows/59/result/phases_ms	object	-
/rows/59/result/phases_ms/diff	float	0.977204
/rows/59/result/phases_ms/inspect	float	3.056764
/rows/59/result/phases_ms/node-install	float	180.908791
/rows/59/result/phases_ms/node-tests	float	129.297436
/rows/59/result/phases_ms/python-tests	float	25.709548
/rows/59/result/phases_ms/rust-tests	float	95.524061
/rows/59/result/phases_ms/search	float	2.241584
/rows/59/result/worker_ms	float	438.656864
/rows/59/result_ms	float	480.606187
/rows/59/trial	integer	7
/rows/60	object	-
/rows/60/backend	string	pvisor-staged
/rows/60/completion_ms	float	744.493147
/rows/60/correctness	string	passed
/rows/60/logs	string	/home/reiase/workspace/pvisor/target/reference-resources-20261004/trials/tools-pvisor-staged-007
/rows/60/memory_scope	string	owned launcher tree; Docker daemon/container RSS excluded
/rows/60/mode	string	tools
/rows/60/peak_tree_rss_kib	integer	219300
/rows/60/prepare_ms	float	37.248831
/rows/60/ready_ms	float	54.442217
/rows/60/result	object	-
/rows/60/result/correctness	string	passed
/rows/60/result/mode	string	tools
/rows/60/result/phases_ms	object	-
/rows/60/result/phases_ms/diff	float	2.817788
/rows/60/result/phases_ms/inspect	float	18.4502
/rows/60/result/phases_ms/node-install	float	213.544513
/rows/60/result/phases_ms/node-tests	float	147.705188
/rows/60/result/phases_ms/python-tests	float	30.602929
/rows/60/result/phases_ms/rust-tests	float	207.645184
/rows/60/result/phases_ms/search	float	2.286818
/rows/60/result/worker_ms	float	626.574334
/rows/60/result_ms	float	681.049161
/rows/60/trial	integer	7
/rows/61	object	-
/rows/61/backend	string	docker
/rows/61/completion_ms	float	1180.103995
/rows/61/correctness	string	passed
/rows/61/logs	string	/home/reiase/workspace/pvisor/target/reference-resources-20261004/trials/tools-docker-007
/rows/61/memory_scope	string	CLI + private daemon + exact container shim/descendants; sampled RSS sum
/rows/61/mode	string	tools
/rows/61/peak_tree_rss_kib	integer	274804
/rows/61/prepare_ms	float	37.156439
/rows/61/ready_ms	float	475.835304
/rows/61/result	object	-
/rows/61/result/correctness	string	passed
/rows/61/result/mode	string	tools
/rows/61/result/phases_ms	object	-
/rows/61/result/phases_ms/diff	float	0.840088
/rows/61/result/phases_ms/inspect	float	3.929954
/rows/61/result/phases_ms/node-install	float	258.269366
/rows/61/result/phases_ms/node-tests	float	120.92925
/rows/61/result/phases_ms/python-tests	float	54.069251
/rows/61/result/phases_ms/rust-tests	float	174.082381
/rows/61/result/phases_ms/search	float	2.788593
/rows/61/result/worker_ms	float	615.829132
/rows/61/result_ms	float	1091.727623
/rows/61/trial	integer	7
/rows/62	object	-
/rows/62/backend	string	firecracker
/rows/62/completion_ms	float	2297.011558
/rows/62/correctness	string	passed
/rows/62/logs	string	/home/reiase/workspace/pvisor/target/reference-resources-20261004/trials/tools-firecracker-007
/rows/62/memory_scope	string	owned launcher tree; Docker daemon/container RSS excluded
/rows/62/mode	string	tools
/rows/62/peak_tree_rss_kib	integer	774544
/rows/62/prepare_ms	float	41.212308
/rows/62/ready_ms	float	894.849271
/rows/62/result	object	-
/rows/62/result/correctness	string	passed
/rows/62/result/mode	string	tools
/rows/62/result/phases_ms	object	-
/rows/62/result/phases_ms/diff	float	1.101452
/rows/62/result/phases_ms/inspect	float	23.877851
/rows/62/result/phases_ms/node-install	float	549.370499
/rows/62/result/phases_ms/node-tests	float	177.036609
/rows/62/result/phases_ms/python-tests	float	83.547708
/rows/62/result/phases_ms/rust-tests	float	493.046884
/rows/62/result/phases_ms/search	float	8.270776
/rows/62/result/worker_ms	float	1339.20207
/rows/62/result_ms	float	2235.513103
/rows/62/trial	integer	7
/rows/63	object	-
/rows/63/backend	string	qemu-microvm
/rows/63/completion_ms	float	1961.894944
/rows/63/correctness	string	passed
/rows/63/logs	string	/home/reiase/workspace/pvisor/target/reference-resources-20261004/trials/tools-qemu-microvm-007
/rows/63/memory_scope	string	owned launcher tree; Docker daemon/container RSS excluded
/rows/63/mode	string	tools
/rows/63/peak_tree_rss_kib	integer	829588
/rows/63/prepare_ms	float	38.906245
/rows/63/ready_ms	float	394.937197
/rows/63/result	object	-
/rows/63/result/correctness	string	passed
/rows/63/result/mode	string	tools
/rows/63/result/phases_ms	object	-
/rows/63/result/phases_ms/diff	float	0.95666
/rows/63/result/phases_ms/inspect	float	19.586542
/rows/63/result/phases_ms/node-install	float	612.20629
/rows/63/result/phases_ms/node-tests	float	197.233202
/rows/63/result/phases_ms/python-tests	float	57.805221
/rows/63/result/phases_ms/rust-tests	float	609.568734
/rows/63/result/phases_ms/search	float	8.379426
/rows/63/result/worker_ms	float	1508.397344
/rows/63/result_ms	float	1905.436866
/rows/63/trial	integer	7
/rows/64	object	-
/rows/64/backend	string	native
/rows/64/completion_ms	float	489.650565
/rows/64/correctness	string	passed
/rows/64/logs	string	/home/reiase/workspace/pvisor/target/reference-resources-20261004/trials/tools-native-008
/rows/64/memory_scope	string	owned launcher tree; Docker daemon/container RSS excluded
/rows/64/mode	string	tools
/rows/64/peak_tree_rss_kib	integer	173244
/rows/64/prepare_ms	float	37.55355
/rows/64/ready_ms	float	41.832154
/rows/64/result	object	-
/rows/64/result/correctness	string	passed
/rows/64/result/mode	string	tools
/rows/64/result/phases_ms	object	-
/rows/64/result/phases_ms/diff	float	0.967726
/rows/64/result/phases_ms/inspect	float	2.922273
/rows/64/result/phases_ms/node-install	float	176.908576
/rows/64/result/phases_ms/node-tests	float	133.131972
/rows/64/result/phases_ms/python-tests	float	26.928752
/rows/64/result/phases_ms/rust-tests	float	95.632073
/rows/64/result/phases_ms/search	float	2.198343
/rows/64/result/worker_ms	float	439.718145
/rows/64/result_ms	float	481.564515
/rows/64/trial	integer	8
/rows/65	object	-
/rows/65/backend	string	pvisor-host
/rows/65/completion_ms	float	514.145877
/rows/65/correctness	string	passed
/rows/65/logs	string	/home/reiase/workspace/pvisor/target/reference-resources-20261004/trials/tools-pvisor-host-008
/rows/65/memory_scope	string	owned launcher tree; Docker daemon/container RSS excluded
/rows/65/mode	string	tools
/rows/65/peak_tree_rss_kib	integer	181124
/rows/65/prepare_ms	float	37.270372
/rows/65/ready_ms	float	46.814082
/rows/65/result	object	-
/rows/65/result/correctness	string	passed
/rows/65/result/mode	string	tools
/rows/65/result/phases_ms	object	-
/rows/65/result/phases_ms/diff	float	0.977604
/rows/65/result/phases_ms/inspect	float	2.077857
/rows/65/result/phases_ms/node-install	float	177.611978
/rows/65/result/phases_ms/node-tests	float	132.147275
/rows/65/result/phases_ms/python-tests	float	25.815084
/rows/65/result/phases_ms/rust-tests	float	96.392652
/rows/65/result/phases_ms/search	float	2.241273
/rows/65/result/worker_ms	float	438.519317
/rows/65/result_ms	float	485.373163
/rows/65/trial	integer	8
/rows/66	object	-
/rows/66/backend	string	pvisor-vm
/rows/66/completion_ms	float	4532.105699
/rows/66/correctness	string	passed
/rows/66/logs	string	/home/reiase/workspace/pvisor/target/reference-resources-20261004/trials/tools-pvisor-vm-008
/rows/66/memory_scope	string	owned launcher tree; Docker daemon/container RSS excluded
/rows/66/mode	string	tools
/rows/66/peak_tree_rss_kib	integer	729080
/rows/66/prepare_ms	float	37.670509
/rows/66/ready_ms	float	560.485142
/rows/66/result	object	-
/rows/66/result/correctness	string	passed
/rows/66/result/mode	string	tools
/rows/66/result/phases_ms	object	-
/rows/66/result/phases_ms/diff	float	20.139826
/rows/66/result/phases_ms/inspect	float	57.562934
/rows/66/result/phases_ms/node-install	float	1872.875466
/rows/66/result/phases_ms/node-tests	float	608.371053
/rows/66/result/phases_ms/python-tests	float	123.807334
/rows/66/result/phases_ms/rust-tests	float	1088.819622
/rows/66/result/phases_ms/search	float	18.237106
/rows/66/result/worker_ms	float	3809.371902
/rows/66/result_ms	float	4370.462611
/rows/66/trial	integer	8
/rows/67	object	-
/rows/67/backend	string	qemu-microvm
/rows/67/completion_ms	float	1902.281819
/rows/67/correctness	string	passed
/rows/67/logs	string	/home/reiase/workspace/pvisor/target/reference-resources-20261004/trials/tools-qemu-microvm-008
/rows/67/memory_scope	string	owned launcher tree; Docker daemon/container RSS excluded
/rows/67/mode	string	tools
/rows/67/peak_tree_rss_kib	integer	821484
/rows/67/prepare_ms	float	41.417771
/rows/67/ready_ms	float	420.489111
/rows/67/result	object	-
/rows/67/result/correctness	string	passed
/rows/67/result/mode	string	tools
/rows/67/result/phases_ms	object	-
/rows/67/result/phases_ms/diff	float	0.956619
/rows/67/result/phases_ms/inspect	float	23.326759
/rows/67/result/phases_ms/node-install	float	615.367563
/rows/67/result/phases_ms/node-tests	float	150.68482
/rows/67/result/phases_ms/python-tests	float	54.222158
/rows/67/result/phases_ms/rust-tests	float	551.474012
/rows/67/result/phases_ms/search	float	8.733348
/rows/67/result/worker_ms	float	1407.283712
/rows/67/result_ms	float	1830.113993
/rows/67/trial	integer	8
/rows/68	object	-
/rows/68/backend	string	pvisor-staged
/rows/68/completion_ms	float	738.069418
/rows/68/correctness	string	passed
/rows/68/logs	string	/home/reiase/workspace/pvisor/target/reference-resources-20261004/trials/tools-pvisor-staged-008
/rows/68/memory_scope	string	owned launcher tree; Docker daemon/container RSS excluded
/rows/68/mode	string	tools
/rows/68/peak_tree_rss_kib	integer	250064
/rows/68/prepare_ms	float	37.0601
/rows/68/ready_ms	float	55.948147
/rows/68/result	object	-
/rows/68/result/correctness	string	passed
/rows/68/result/mode	string	tools
/rows/68/result/phases_ms	object	-
/rows/68/result/phases_ms/diff	float	2.801558
/rows/68/result/phases_ms/inspect	float	19.33959
/rows/68/result/phases_ms/node-install	float	218.848742
/rows/68/result/phases_ms/node-tests	float	138.224155
/rows/68/result/phases_ms/python-tests	float	31.018504
/rows/68/result/phases_ms/rust-tests	float	211.663593
/rows/68/result/phases_ms/search	float	2.444672
/rows/68/result/worker_ms	float	627.74085
/rows/68/result_ms	float	683.714474
/rows/68/trial	integer	8
/rows/69	object	-
/rows/69/backend	string	docker
/rows/69/completion_ms	float	1145.03932
/rows/69/correctness	string	passed
/rows/69/logs	string	/home/reiase/workspace/pvisor/target/reference-resources-20261004/trials/tools-docker-008
/rows/69/memory_scope	string	CLI + private daemon + exact container shim/descendants; sampled RSS sum
/rows/69/mode	string	tools
/rows/69/peak_tree_rss_kib	integer	334212
/rows/69/prepare_ms	float	37.796984
/rows/69/ready_ms	float	485.095455
/rows/69/result	object	-
/rows/69/result/correctness	string	passed
/rows/69/result/mode	string	tools
/rows/69/result/phases_ms	object	-
/rows/69/result/phases_ms/diff	float	1.005816
/rows/69/result/phases_ms/inspect	float	4.594855
/rows/69/result/phases_ms/node-install	float	241.790074
/rows/69/result/phases_ms/node-tests	float	122.60624
/rows/69/result/phases_ms/python-tests	float	54.750592
/rows/69/result/phases_ms/rust-tests	float	146.378042
/rows/69/result/phases_ms/search	float	4.141639
/rows/69/result/worker_ms	float	576.130899
/rows/69/result_ms	float	1061.245109
/rows/69/trial	integer	8
/rows/70	object	-
/rows/70/backend	string	qemu
/rows/70/completion_ms	float	1955.803868
/rows/70/correctness	string	passed
/rows/70/logs	string	/home/reiase/workspace/pvisor/target/reference-resources-20261004/trials/tools-qemu-008
/rows/70/memory_scope	string	owned launcher tree; Docker daemon/container RSS excluded
/rows/70/mode	string	tools
/rows/70/peak_tree_rss_kib	integer	840388
/rows/70/prepare_ms	float	38.62534
/rows/70/ready_ms	float	527.768018
/rows/70/result	object	-
/rows/70/result/correctness	string	passed
/rows/70/result/mode	string	tools
/rows/70/result/phases_ms	object	-
/rows/70/result/phases_ms/diff	float	0.904582
/rows/70/result/phases_ms/inspect	float	17.421652
/rows/70/result/phases_ms/node-install	float	583.996876
/rows/70/result/phases_ms/node-tests	float	195.315615
/rows/70/result/phases_ms/python-tests	float	53.227007
/rows/70/result/phases_ms/rust-tests	float	501.110392
/rows/70/result/phases_ms/search	float	7.897645
/rows/70/result/worker_ms	float	1362.382952
/rows/70/result_ms	float	1892.734372
/rows/70/trial	integer	8
/rows/71	object	-
/rows/71/backend	string	firecracker
/rows/71/completion_ms	float	2304.681862
/rows/71/correctness	string	passed
/rows/71/logs	string	/home/reiase/workspace/pvisor/target/reference-resources-20261004/trials/tools-firecracker-008
/rows/71/memory_scope	string	owned launcher tree; Docker daemon/container RSS excluded
/rows/71/mode	string	tools
/rows/71/peak_tree_rss_kib	integer	775032
/rows/71/prepare_ms	float	38.075674
/rows/71/ready_ms	float	918.281108
/rows/71/result	object	-
/rows/71/result/correctness	string	passed
/rows/71/result/mode	string	tools
/rows/71/result/phases_ms	object	-
/rows/71/result/phases_ms/diff	float	1.051929
/rows/71/result/phases_ms/inspect	float	23.676645
/rows/71/result/phases_ms/node-install	float	527.114212
/rows/71/result/phases_ms/node-tests	float	174.004586
/rows/71/result/phases_ms/python-tests	float	85.551158
/rows/71/result/phases_ms/rust-tests	float	501.676271
/rows/71/result/phases_ms/search	float	9.559198
/rows/71/result/worker_ms	float	1325.458052
/rows/71/result_ms	float	2245.211231
/rows/71/trial	integer	8
/rows/72	object	-
/rows/72/backend	string	native
/rows/72/completion_ms	float	474.341106
/rows/72/correctness	string	passed
/rows/72/logs	string	/home/reiase/workspace/pvisor/target/reference-resources-20261004/trials/tools-native-009
/rows/72/memory_scope	string	owned launcher tree; Docker daemon/container RSS excluded
/rows/72/mode	string	tools
/rows/72/peak_tree_rss_kib	integer	172896
/rows/72/prepare_ms	float	37.675357
/rows/72/ready_ms	float	39.752804
/rows/72/result	object	-
/rows/72/result/correctness	string	passed
/rows/72/result/mode	string	tools
/rows/72/result/phases_ms	object	-
/rows/72/result/phases_ms/diff	float	0.963778
/rows/72/result/phases_ms/inspect	float	3.052076
/rows/72/result/phases_ms/node-install	float	169.035944
/rows/72/result/phases_ms/node-tests	float	131.10489
/rows/72/result/phases_ms/python-tests	float	25.678781
/rows/72/result/phases_ms/rust-tests	float	92.928748
/rows/72/result/phases_ms/search	float	2.155232
/rows/72/result/worker_ms	float	425.854402
/rows/72/result_ms	float	465.6354
/rows/72/trial	integer	9
/rows/73	object	-
/rows/73/backend	string	pvisor-host
/rows/73/completion_ms	float	512.651919
/rows/73/correctness	string	passed
/rows/73/logs	string	/home/reiase/workspace/pvisor/target/reference-resources-20261004/trials/tools-pvisor-host-009
/rows/73/memory_scope	string	owned launcher tree; Docker daemon/container RSS excluded
/rows/73/mode	string	tools
/rows/73/peak_tree_rss_kib	integer	182900
/rows/73/prepare_ms	float	36.783834
/rows/73/ready_ms	float	61.737551
/rows/73/result	object	-
/rows/73/result/correctness	string	passed
/rows/73/result/mode	string	tools
/rows/73/result/phases_ms	object	-
/rows/73/result/phases_ms/diff	float	1.190702
/rows/73/result/phases_ms/inspect	float	2.942912
/rows/73/result/phases_ms/node-install	float	174.210892
/rows/73/result/phases_ms/node-tests	float	129.745703
/rows/73/result/phases_ms/python-tests	float	25.315322
/rows/73/result/phases_ms/rust-tests	float	94.282583
/rows/73/result/phases_ms/search	float	2.198303
/rows/73/result/worker_ms	float	431.078481
/rows/73/result_ms	float	492.844204
/rows/73/trial	integer	9
/rows/74	object	-
/rows/74/backend	string	qemu
/rows/74/completion_ms	float	2092.627489
/rows/74/correctness	string	passed
/rows/74/logs	string	/home/reiase/workspace/pvisor/target/reference-resources-20261004/trials/tools-qemu-009
/rows/74/memory_scope	string	owned launcher tree; Docker daemon/container RSS excluded
/rows/74/mode	string	tools
/rows/74/peak_tree_rss_kib	integer	822928
/rows/74/prepare_ms	float	38.433653
/rows/74/ready_ms	float	591.257507
/rows/74/result	object	-
/rows/74/result/correctness	string	passed
/rows/74/result/mode	string	tools
/rows/74/result/phases_ms	object	-
/rows/74/result/phases_ms/diff	float	0.962301
/rows/74/result/phases_ms/inspect	float	20.962266
/rows/74/result/phases_ms/node-install	float	577.752754
/rows/74/result/phases_ms/node-tests	float	149.432527
/rows/74/result/phases_ms/python-tests	float	84.983275
/rows/74/result/phases_ms/rust-tests	float	585.663193
/rows/74/result/phases_ms/search	float	11.290132
/rows/74/result/worker_ms	float	1433.64615
/rows/74/result_ms	float	2027.255456
/rows/74/trial	integer	9
/rows/75	object	-
/rows/75/backend	string	pvisor-staged
/rows/75/completion_ms	float	726.106023
/rows/75/correctness	string	passed
/rows/75/logs	string	/home/reiase/workspace/pvisor/target/reference-resources-20261004/trials/tools-pvisor-staged-009
/rows/75/memory_scope	string	owned launcher tree; Docker daemon/container RSS excluded
/rows/75/mode	string	tools
/rows/75/peak_tree_rss_kib	integer	216600
/rows/75/prepare_ms	float	37.5535
/rows/75/ready_ms	float	57.092393
/rows/75/result	object	-
/rows/75/result/correctness	string	passed
/rows/75/result/mode	string	tools
/rows/75/result/phases_ms	object	-
/rows/75/result/phases_ms/diff	float	2.927263
/rows/75/result/phases_ms/inspect	float	18.142717
/rows/75/result/phases_ms/node-install	float	213.576153
/rows/75/result/phases_ms/node-tests	float	146.868977
/rows/75/result/phases_ms/python-tests	float	30.424467
/rows/75/result/phases_ms/rust-tests	float	205.206423
/rows/75/result/phases_ms/search	float	2.392034
/rows/75/result/worker_ms	float	623.104879
/rows/75/result_ms	float	680.228971
/rows/75/trial	integer	9
/rows/76	object	-
/rows/76/backend	string	firecracker
/rows/76/completion_ms	float	2271.671019
/rows/76/correctness	string	passed
/rows/76/logs	string	/home/reiase/workspace/pvisor/target/reference-resources-20261004/trials/tools-firecracker-009
/rows/76/memory_scope	string	owned launcher tree; Docker daemon/container RSS excluded
/rows/76/mode	string	tools
/rows/76/peak_tree_rss_kib	integer	778516
/rows/76/prepare_ms	float	38.429805
/rows/76/ready_ms	float	926.261521
/rows/76/result	object	-
/rows/76/result/correctness	string	passed
/rows/76/result/mode	string	tools
/rows/76/result/phases_ms	object	-
/rows/76/result/phases_ms/diff	float	0.974995
/rows/76/result/phases_ms/inspect	float	18.311886
/rows/76/result/phases_ms/node-install	float	554.05239
/rows/76/result/phases_ms/node-tests	float	153.901378
/rows/76/result/phases_ms/python-tests	float	83.019229
/rows/76/result/phases_ms/rust-tests	float	466.013547
/rows/76/result/phases_ms/search	float	10.017876
/rows/76/result/worker_ms	float	1288.858585
/rows/76/result_ms	float	2216.662676
/rows/76/trial	integer	9
/rows/77	object	-
/rows/77/backend	string	docker
/rows/77/completion_ms	float	1145.087309
/rows/77/correctness	string	passed
/rows/77/logs	string	/home/reiase/workspace/pvisor/target/reference-resources-20261004/trials/tools-docker-009
/rows/77/memory_scope	string	CLI + private daemon + exact container shim/descendants; sampled RSS sum
/rows/77/mode	string	tools
/rows/77/peak_tree_rss_kib	integer	297684
/rows/77/prepare_ms	float	36.270706
/rows/77/ready_ms	float	409.468494
/rows/77/result	object	-
/rows/77/result/correctness	string	passed
/rows/77/result/mode	string	tools
/rows/77/result/phases_ms	object	-
/rows/77/result/phases_ms/diff	float	1.380656
/rows/77/result/phases_ms/inspect	float	3.730982
/rows/77/result/phases_ms/node-install	float	264.057538
/rows/77/result/phases_ms/node-tests	float	147.386092
/rows/77/result/phases_ms/python-tests	float	52.739249
/rows/77/result/phases_ms/rust-tests	float	134.29904
/rows/77/result/phases_ms/search	float	3.788871
/rows/77/result/worker_ms	float	609.996237
/rows/77/result_ms	float	1021.191332
/rows/77/trial	integer	9
/rows/78	object	-
/rows/78/backend	string	pvisor-vm
/rows/78/completion_ms	float	4834.342835
/rows/78/correctness	string	passed
/rows/78/logs	string	/home/reiase/workspace/pvisor/target/reference-resources-20261004/trials/tools-pvisor-vm-009
/rows/78/memory_scope	string	owned launcher tree; Docker daemon/container RSS excluded
/rows/78/mode	string	tools
/rows/78/peak_tree_rss_kib	integer	740084
/rows/78/prepare_ms	float	40.74229
/rows/78/ready_ms	float	589.391354
/rows/78/result	object	-
/rows/78/result/correctness	string	passed
/rows/78/result/mode	string	tools
/rows/78/result/phases_ms	object	-
/rows/78/result/phases_ms/diff	float	14.576697
/rows/78/result/phases_ms/inspect	float	92.914897
/rows/78/result/phases_ms/node-install	float	2010.793244
/rows/78/result/phases_ms/node-tests	float	566.745271
/rows/78/result/phases_ms/python-tests	float	132.491224
/rows/78/result/phases_ms/rust-tests	float	1272.531553
/rows/78/result/phases_ms/search	float	21.177127
/rows/78/result/worker_ms	float	4129.635154
/rows/78/result_ms	float	4719.57877
/rows/78/trial	integer	9
/rows/79	object	-
/rows/79/backend	string	qemu-microvm
/rows/79/completion_ms	float	2164.825311
/rows/79/correctness	string	passed
/rows/79/logs	string	/home/reiase/workspace/pvisor/target/reference-resources-20261004/trials/tools-qemu-microvm-009
/rows/79/memory_scope	string	owned launcher tree; Docker daemon/container RSS excluded
/rows/79/mode	string	tools
/rows/79/peak_tree_rss_kib	integer	819868
/rows/79/prepare_ms	float	40.844191
/rows/79/ready_ms	float	636.60925
/rows/79/result	object	-
/rows/79/result/correctness	string	passed
/rows/79/result/mode	string	tools
/rows/79/result/phases_ms	object	-
/rows/79/result/phases_ms/diff	float	0.879365
/rows/79/result/phases_ms/inspect	float	22.431635
/rows/79/result/phases_ms/node-install	float	575.125339
/rows/79/result/phases_ms/node-tests	float	145.725271
/rows/79/result/phases_ms/python-tests	float	82.873589
/rows/79/result/phases_ms/rust-tests	float	624.498485
/rows/79/result/phases_ms/search	float	18.580771
/rows/79/result/worker_ms	float	1472.448631
/rows/79/result_ms	float	2111.196241
/rows/79/trial	integer	9
/schema	string	pvisor-reference-environment/v1
/source_commit	string	6303a88debb66af5517fd4c2cc6582c271f8ab5e
/source_status	string	 M .github/workflows/ci.yml\nM  benchmark/pvisor/reference_baselines.py\nM  benchmark/pvisor/render_reference_baselines.py\nA  crates/pvisor-cluster/src/admission.rs\nM  crates/pvisor-cluster/src/client.rs\nM  crates/pvisor-cluster/src/lib.rs\nM  crates/pvisor-cluster/src/main.rs\nM  crates/pvisor-cluster/src/scheduler.rs\nM  crates/pvisor-cluster/src/server.rs\nM  crates/pvisor-cluster/tests/scheduler.rs\nM  crates/pvisor-cluster/tests/vm_lifecycle.rs\nM  crates/pvisor-core/src/cluster.rs\nM  crates/pvisor/src/bin/pvisor-worker.rs\nM  crates/pvisor/src/image/cache/cli.rs\nM  crates/pvisor/src/image/cache/legacy.rs\nM  crates/pvisor/src/image/cache/mod.rs\nM  crates/pvisor/src/image/cache/portable.rs\nA  crates/pvisor/src/image/cache/portable/binary.rs\nM  crates/pvisor/src/image/cache/portable/legacy_publish.rs\nM  crates/pvisor/src/image/cache/portable/publish.rs\nM  crates/pvisor/src/image/cache/portable/tests.rs\nM  crates/pvisor/src/image/cache/server.rs\nM  crates/pvisor/src/image/cache/storage.rs\nM  crates/pvisor/src/image/oci.rs\nM  crates/pvisor/tests/cache_backends.rs\nM  crates/pvisor/tests/cluster_execution.rs\nM  docs/src/en/benchmarks/filesystem.md\nM  docs/src/en/benchmarks/startup.md\nM  docs/src/en/design/index.md\nM  docs/src/en/design/shared-image-cache-storage-v2.md\nM  docs/src/en/design/shared-image-cache-storage.md\nM  docs/src/zh/benchmarks/filesystem.md\nM  docs/src/zh/benchmarks/startup.md\nM  docs/src/zh/design/index.md\nM  docs/src/zh/design/shared-image-cache-storage-v2.md\nM  docs/src/zh/design/shared-image-cache-storage.md\n
/summary	object	-
/summary/tools~1docker	object	-
/summary/tools~1docker/completion_ms	object	-
/summary/tools~1docker/completion_ms/p50	float	1062.9646225000001
/summary/tools~1docker/completion_ms/p95	float	1313.0413787000002
/summary/tools~1docker/completion_ms/p99	float	1400.05493894
/summary/tools~1docker/n	integer	10
/summary/tools~1docker/peak_tree_rss_kib	object	-
/summary/tools~1docker/peak_tree_rss_kib/p50	float	287008.0
/summary/tools~1docker/peak_tree_rss_kib/p95	float	328182.0
/summary/tools~1docker/peak_tree_rss_kib/p99	float	333006.0
/summary/tools~1docker/prepare_ms	object	-
/summary/tools~1docker/prepare_ms/p50	float	36.793287
/summary/tools~1docker/prepare_ms/p95	float	46.00250110000002
/summary/tools~1docker/prepare_ms/p99	float	51.37338502000001
/summary/tools~1docker/ready_ms	object	-
/summary/tools~1docker/ready_ms/p50	float	403.0309755
/summary/tools~1docker/ready_ms/p95	float	569.9693787500001
/summary/tools~1docker/ready_ms/p99	float	625.5232197500001
/summary/tools~1docker/result_ms	object	-
/summary/tools~1docker/result_ms/p50	float	966.6573149999999
/summary/tools~1docker/result_ms/p95	float	1192.9420264
/summary/tools~1docker/result_ms/p99	float	1259.1914540799999
/summary/tools~1firecracker	object	-
/summary/tools~1firecracker/completion_ms	object	-
/summary/tools~1firecracker/completion_ms/p50	float	2302.6532815
/summary/tools~1firecracker/completion_ms/p95	float	2706.3247583
/summary/tools~1firecracker/completion_ms/p99	float	2724.98238686
/summary/tools~1firecracker/n	integer	10
/summary/tools~1firecracker/peak_tree_rss_kib	object	-
/summary/tools~1firecracker/peak_tree_rss_kib/p50	float	781012.0
/summary/tools~1firecracker/peak_tree_rss_kib/p95	float	789876.0
/summary/tools~1firecracker/peak_tree_rss_kib/p99	float	793735.2
/summary/tools~1firecracker/prepare_ms	object	-
/summary/tools~1firecracker/prepare_ms/p50	float	38.0121555
/summary/tools~1firecracker/prepare_ms/p95	float	39.96018165
/summary/tools~1firecracker/prepare_ms/p99	float	40.961882730000006
/summary/tools~1firecracker/ready_ms	object	-
/summary/tools~1firecracker/ready_ms/p50	float	917.7620039999999
/summary/tools~1firecracker/ready_ms/p95	float	1005.2445055000001
/summary/tools~1firecracker/ready_ms/p99	float	1054.5278251
/summary/tools~1firecracker/result_ms	object	-
/summary/tools~1firecracker/result_ms/p50	float	2243.8379385
/summary/tools~1firecracker/result_ms/p95	float	2640.7429307
/summary/tools~1firecracker/result_ms/p99	float	2658.39696134
/summary/tools~1native	object	-
/summary/tools~1native/completion_ms	object	-
/summary/tools~1native/completion_ms/p50	float	475.42800850000003
/summary/tools~1native/completion_ms/p95	float	539.4690584
/summary/tools~1native/completion_ms/p99	float	571.93591328
/summary/tools~1native/n	integer	10
/summary/tools~1native/peak_tree_rss_kib	object	-
/summary/tools~1native/peak_tree_rss_kib/p50	float	172824.0
/summary/tools~1native/peak_tree_rss_kib/p95	float	175086.6
/summary/tools~1native/peak_tree_rss_kib/p99	float	176127.72
/summary/tools~1native/prepare_ms	object	-
/summary/tools~1native/prepare_ms/p50	float	36.759093
/summary/tools~1native/prepare_ms/p95	float	41.968256800000006
/summary/tools~1native/prepare_ms/p99	float	44.37324976
/summary/tools~1native/ready_ms	object	-
/summary/tools~1native/ready_ms/p50	float	41.527676
/summary/tools~1native/ready_ms/p95	float	48.91505325000001
/summary/tools~1native/ready_ms/p99	float	51.45282825
/summary/tools~1native/result_ms	object	-
/summary/tools~1native/result_ms/p50	float	467.4911925
/summary/tools~1native/result_ms/p95	float	530.8982049
/summary/tools~1native/result_ms/p99	float	563.18934738
/summary/tools~1pvisor-host	object	-
/summary/tools~1pvisor-host/completion_ms	object	-
/summary/tools~1pvisor-host/completion_ms/p50	float	509.0824775
/summary/tools~1pvisor-host/completion_ms/p95	float	570.4015737500001
/summary/tools~1pvisor-host/completion_ms/p99	float	601.9861899499999
/summary/tools~1pvisor-host/n	integer	10
/summary/tools~1pvisor-host/peak_tree_rss_kib	object	-
/summary/tools~1pvisor-host/peak_tree_rss_kib/p50	float	182762.0
/summary/tools~1pvisor-host/peak_tree_rss_kib/p95	float	185067.40000000002
/summary/tools~1pvisor-host/peak_tree_rss_kib/p99	float	186258.28
/summary/tools~1pvisor-host/prepare_ms	object	-
/summary/tools~1pvisor-host/prepare_ms/p50	float	37.136677500000005
/summary/tools~1pvisor-host/prepare_ms/p95	float	38.54988185
/summary/tools~1pvisor-host/prepare_ms/p99	float	38.66910197
/summary/tools~1pvisor-host/ready_ms	object	-
/summary/tools~1pvisor-host/ready_ms/p50	float	45.9684435
/summary/tools~1pvisor-host/ready_ms/p95	float	66.59006570000001
/summary/tools~1pvisor-host/ready_ms/p99	float	69.76625714000001
/summary/tools~1pvisor-host/result_ms	object	-
/summary/tools~1pvisor-host/result_ms/p50	float	480.74323300000003
/summary/tools~1pvisor-host/result_ms/p95	float	540.09129895
/summary/tools~1pvisor-host/result_ms/p99	float	571.01667019
/summary/tools~1pvisor-staged	object	-
/summary/tools~1pvisor-staged/completion_ms	object	-
/summary/tools~1pvisor-staged/completion_ms/p50	float	732.0877205
/summary/tools~1pvisor-staged/completion_ms/p95	float	1092.2341629000002
/summary/tools~1pvisor-staged/completion_ms/p99	float	1140.49466778
/summary/tools~1pvisor-staged/n	integer	10
/summary/tools~1pvisor-staged/peak_tree_rss_kib	object	-
/summary/tools~1pvisor-staged/peak_tree_rss_kib/p50	float	232202.0
/summary/tools~1pvisor-staged/peak_tree_rss_kib/p95	float	248282.0
/summary/tools~1pvisor-staged/peak_tree_rss_kib/p99	float	249707.6
/summary/tools~1pvisor-staged/prepare_ms	object	-
/summary/tools~1pvisor-staged/prepare_ms/p50	float	37.1544655
/summary/tools~1pvisor-staged/prepare_ms/p95	float	49.37181045000001
/summary/tools~1pvisor-staged/prepare_ms/p99	float	54.225214890000004
/summary/tools~1pvisor-staged/ready_ms	object	-
/summary/tools~1pvisor-staged/ready_ms/p50	float	56.52027
/summary/tools~1pvisor-staged/ready_ms/p95	float	77.73893925
/summary/tools~1pvisor-staged/ready_ms/p99	float	78.28188225000001
/summary/tools~1pvisor-staged/result_ms	object	-
/summary/tools~1pvisor-staged/result_ms/p50	float	682.2433795
/summary/tools~1pvisor-staged/result_ms/p95	float	1036.4759147500001
/summary/tools~1pvisor-staged/result_ms/p99	float	1088.6770901500001
/summary/tools~1pvisor-vm	object	-
/summary/tools~1pvisor-vm/completion_ms	object	-
/summary/tools~1pvisor-vm/completion_ms/p50	float	4408.3093235
/summary/tools~1pvisor-vm/completion_ms/p95	float	5880.7937029
/summary/tools~1pvisor-vm/completion_ms/p99	float	6284.65446058
/summary/tools~1pvisor-vm/n	integer	10
/summary/tools~1pvisor-vm/peak_tree_rss_kib	object	-
/summary/tools~1pvisor-vm/peak_tree_rss_kib/p50	float	739478.0
/summary/tools~1pvisor-vm/peak_tree_rss_kib/p95	float	752492.2
/summary/tools~1pvisor-vm/peak_tree_rss_kib/p99	float	753084.04
/summary/tools~1pvisor-vm/prepare_ms	object	-
/summary/tools~1pvisor-vm/prepare_ms/p50	float	36.895171500000004
/summary/tools~1pvisor-vm/prepare_ms/p95	float	39.5760178
/summary/tools~1pvisor-vm/prepare_ms/p99	float	40.509035559999994
/summary/tools~1pvisor-vm/ready_ms	object	-
/summary/tools~1pvisor-vm/ready_ms/p50	float	565.23452
/summary/tools~1pvisor-vm/ready_ms/p95	float	1169.1254334000007
/summary/tools~1pvisor-vm/ready_ms/p99	float	1520.00868108
/summary/tools~1pvisor-vm/result_ms	object	-
/summary/tools~1pvisor-vm/result_ms/p50	float	4300.614584999999
/summary/tools~1pvisor-vm/result_ms/p95	float	5746.712562900001
/summary/tools~1pvisor-vm/result_ms/p99	float	6138.17856378
/summary/tools~1qemu	object	-
/summary/tools~1qemu/completion_ms	object	-
/summary/tools~1qemu/completion_ms/p50	float	2053.003135
/summary/tools~1qemu/completion_ms/p95	float	2422.80503195
/summary/tools~1qemu/completion_ms/p99	float	2476.7412791899997
/summary/tools~1qemu/n	integer	10
/summary/tools~1qemu/peak_tree_rss_kib	object	-
/summary/tools~1qemu/peak_tree_rss_kib/p50	float	831806.0
/summary/tools~1qemu/peak_tree_rss_kib/p95	float	838537.6000000001
/summary/tools~1qemu/peak_tree_rss_kib/p99	float	840017.9199999999
/summary/tools~1qemu/prepare_ms	object	-
/summary/tools~1qemu/prepare_ms/p50	float	38.4663635
/summary/tools~1qemu/prepare_ms/p95	float	43.54902785
/summary/tools~1qemu/prepare_ms/p99	float	45.55469117
/summary/tools~1qemu/ready_ms	object	-
/summary/tools~1qemu/ready_ms/p50	float	570.962925
/summary/tools~1qemu/ready_ms/p95	float	885.4066122500001
/summary/tools~1qemu/ready_ms/p99	float	897.66691445
/summary/tools~1qemu/result_ms	object	-
/summary/tools~1qemu/result_ms/p50	float	1992.361529
/summary/tools~1qemu/result_ms/p95	float	2354.01719625
/summary/tools~1qemu/result_ms/p99	float	2404.37002725
/summary/tools~1qemu-microvm	object	-
/summary/tools~1qemu-microvm/completion_ms	object	-
/summary/tools~1qemu-microvm/completion_ms/p50	float	2037.6318895
/summary/tools~1qemu-microvm/completion_ms/p95	float	2994.541973550001
/summary/tools~1qemu-microvm/completion_ms/p99	float	3295.90721151
/summary/tools~1qemu-microvm/n	integer	10
/summary/tools~1qemu-microvm/peak_tree_rss_kib	object	-
/summary/tools~1qemu-microvm/peak_tree_rss_kib/p50	float	822222.0
/summary/tools~1qemu-microvm/peak_tree_rss_kib/p95	float	838242.8
/summary/tools~1qemu-microvm/peak_tree_rss_kib/p99	float	842237.36
/summary/tools~1qemu-microvm/prepare_ms	object	-
/summary/tools~1qemu-microvm/prepare_ms/p50	float	38.5233995
/summary/tools~1qemu-microvm/prepare_ms/p95	float	41.20037555
/summary/tools~1qemu-microvm/prepare_ms/p99	float	41.374291910000004
/summary/tools~1qemu-microvm/ready_ms	object	-
/summary/tools~1qemu-microvm/ready_ms/p50	float	454.2716885
/summary/tools~1qemu-microvm/ready_ms/p95	float	916.9455563000001
/summary/tools~1qemu-microvm/ready_ms/p99	float	979.61221286
/summary/tools~1qemu-microvm/result_ms	object	-
/summary/tools~1qemu-microvm/result_ms/p50	float	1978.092862
/summary/tools~1qemu-microvm/result_ms/p95	float	2927.3481980000006
/summary/tools~1qemu-microvm/result_ms/p99	float	3231.06497
/workload_sha256	string	bb56a7727316cb566dfc7fca7223a5e0e1be591e6f90376d1b3c599a8fe4764e
