path	type	value
	object	-
/arguments	object	-
/arguments/assets	string	/home/reiase/workspace/pvisor/target/reference-env-final-20261004
/arguments/binary	string	/home/reiase/workspace/pvisor/target/fs-service-benchmark-20261005/artifacts/candidate-release
/arguments/cpu_affinity	string	0,1
/arguments/fuse_driver	string	/home/reiase/workspace/pvisor/target/filesystem-fuse-ab-20261005/build/target/release/filesystem-fuse-probe
/arguments/output	string	/home/reiase/workspace/pvisor/target/filesystem-fuse-ab-20261005/release
/arguments/samples	integer	30
/arguments/warmups	integer	3
/assets	object	-
/assets/disk	string	/home/reiase/workspace/pvisor/target/reference-env-final-20261004/agent-env.ext4
/assets/docker_image	string	sha256:4a379f54216364021da005dccde6edad3c1ae64dff222588425e5f2fc181ad95
/assets/files	integer	75540
/assets/fixture_git_commit	string	1bf3d4896439bb6a2bc89daa94f22cc037c27737
/assets/init_sha256	string	c94b00e2b96f5c7403b985f269e90e8512467d927a92b9db2d2b7fc8fde58cc7
/assets/kernel	string	/home/reiase/workspace/pvisor/target/reference-env-final-20261004/vmlinux
/assets/kernel_config_sha256	string	aee73a94bfba4fe057e472e2ba05d2125fbdea20bef89a6eedf5e160d0e7616e
/assets/preparation_scope	string	offline copying installed tools, image import and ext4 creation; excludes package download and kernel compilation
/assets/rootfs	string	/home/reiase/workspace/pvisor/target/reference-env-final-20261004/rootfs
/assets/rootfs_file_bytes	integer	3827107007
/assets/setup_wall_ms	float	108381.35316
/assets/workload_sha256	string	403eab78571c26ea5e1ba1ab10fa1fa930ac18bb39487749563b264a4a0b9040
/binary_sha256	object	-
/binary_sha256/fuse-passthrough	string	ed2c155f900ec989d7441f7c72033f7851f37ff5ba0f5419e7f22831a9c4fe25
/binary_sha256/pvisor	string	e9bc6f5e4467f40354730f0d9e164fe94ace0118e14967521e694d7e838de6bd
/fs_workload_sha256	string	484e661b91720d03119998cca082db6fe57d5d40591957af1840e872066b61cc
/harness_sha256	object	-
/harness_sha256/filesystem_fuse_ab.py	string	939351de10c9485b4832b3c62249182e5a6e1146961f3b4a24168e431886772e
/harness_sha256/filesystem_fuse_passthrough.rs	string	d0383a9eb1faedd38c0999d734508347e612368112c3db2b7ea2f41adc6bd92f
/harness_sha256/filesystem_stage_ab.py	string	1fd01896a5fe7d57af45f772d9c26cd0025317db84f54f08a27c4f74d5ab2809
/harness_sha256/reference_baselines.py	string	9bb2288413f81e497c994ed71394d053bb8892e50b2cc23769d284aff475bcbe
/host_kernel	string	7.2.8-200.fc44.x86_64
/load_after	array	-
/load_after/0	float	1.98291015625
/load_after/1	float	1.1044921875
/load_after/2	float	0.9228515625
/load_before	array	-
/load_before/0	float	0.5830078125
/load_before/1	float	0.6162109375
/load_before/2	float	0.7587890625
/preflights	object	-
/preflights/native	object	-
/preflights/native/state	string	passed
/preflights/pvisor-fuse	object	-
/preflights/pvisor-fuse/state	string	passed
/preflights/pvisor-host	object	-
/preflights/pvisor-host/state	string	passed
/preflights/pvisor-staged	object	-
/preflights/pvisor-staged/state	string	passed
/protocol	object	-
/protocol/cache	string	warm host caches; fresh copied workspace and mount/upper per job
/protocol/correctness	string	Run Bundle/isolation, full tools, 256 backing or upper writes; passthrough mountinfo plus actual LOOKUP/READ/WRITE request and byte counts
/protocol/counters	string	eight relaxed integer counters in passthrough control; no per-request clocks or logging
/protocol/cpu_affinity	string	0,1
/protocol/fuse	string	same frozen vendored fuser 0.15.1, abi-7-31, default init flags; one synchronous request loop
/protocol/host_isolation	string	rootless_process
/protocol/keep_cache	boolean	false
/protocol/mount_options	string	RW, NoAtime, DefaultPermissions; no kernel backing-FD passthrough
/protocol/native_control	string	filesystem_fuse_passthrough.rs: libc/native files only; no OverlayCore, copy-up, access policy or preimage journal
/protocol/order	string	four cells randomly interleaved each round; seed 20261005
/protocol/samples	integer	30
/protocol/timing	string	seven unchanged workers and checks; wall includes FUSE mount, child pvisor Run and unmount for passthrough; staged CLI mounts internally
/protocol/ttl_seconds	integer	1
/protocol/warmups	integer	3
/protocol/writeback_cache	boolean	false
/recorded_at	string	2026-10-05T20:09:24.292495+08:00
/rows	array	-
/rows/0	object	-
/rows/0/backend	string	native
/rows/0/completion_ms	float	464.345987
/rows/0/correctness	string	passed
/rows/0/logs	string	/home/reiase/workspace/pvisor/target/filesystem-fuse-ab-20261005/release/trials/filesystem-native-000
/rows/0/memory_scope	string	owned launcher tree; Docker daemon/container RSS excluded
/rows/0/mode	string	filesystem
/rows/0/peak_tree_rss_kib	integer	137068
/rows/0/prepare_ms	float	37.1012
/rows/0/ready_ms	float	41.798385
/rows/0/result	object	-
/rows/0/result/correctness	string	passed
/rows/0/result/filesystem	object	-
/rows/0/result/filesystem/cargo	object	-
/rows/0/result/filesystem/cargo/check	object	-
/rows/0/result/filesystem/cargo/check/modules	integer	64
/rows/0/result/filesystem/cargo/check/result	string	2016
/rows/0/result/filesystem/cargo/python	string	3.14.7
/rows/0/result/filesystem/cargo/worker_ms	float	54.649929
/rows/0/result/filesystem/cargo/workload	string	cargo
/rows/0/result/filesystem/git	object	-
/rows/0/result/filesystem/git/check	object	-
/rows/0/result/filesystem/git/check/git_clean	boolean	true
/rows/0/result/filesystem/git/python	string	3.14.7
/rows/0/result/filesystem/git/worker_ms	float	14.316578
/rows/0/result/filesystem/git/workload	string	git
/rows/0/result/filesystem/metadata	object	-
/rows/0/result/filesystem/metadata/check	object	-
/rows/0/result/filesystem/metadata/check/bytes	integer	2095104
/rows/0/result/filesystem/metadata/check/files	integer	2048
/rows/0/result/filesystem/metadata/python	string	3.14.7
/rows/0/result/filesystem/metadata/worker_ms	float	4.791012
/rows/0/result/filesystem/metadata/workload	string	metadata
/rows/0/result/filesystem/npm	object	-
/rows/0/result/filesystem/npm/check	object	-
/rows/0/result/filesystem/npm/check/local_packages	integer	32
/rows/0/result/filesystem/npm/python	string	3.14.7
/rows/0/result/filesystem/npm/worker_ms	float	172.596686
/rows/0/result/filesystem/npm/workload	string	npm
/rows/0/result/filesystem/read	object	-
/rows/0/result/filesystem/read/check	object	-
/rows/0/result/filesystem/read/check/bytes	integer	67108864
/rows/0/result/filesystem/read/check/sha256	string	42ef3a50fe506ced865473b082c8b28f6ce254e6e2b01266b6a563531a6267bc
/rows/0/result/filesystem/read/python	string	3.14.7
/rows/0/result/filesystem/read/worker_ms	float	32.85799
/rows/0/result/filesystem/read/workload	string	read
/rows/0/result/filesystem/rg	object	-
/rows/0/result/filesystem/rg/check	object	-
/rows/0/result/filesystem/rg/check/matches	integer	2048
/rows/0/result/filesystem/rg/python	string	3.14.7
/rows/0/result/filesystem/rg/worker_ms	float	6.586421
/rows/0/result/filesystem/rg/workload	string	rg
/rows/0/result/filesystem/write	object	-
/rows/0/result/filesystem/write/check	object	-
/rows/0/result/filesystem/write/check/bytes	integer	16777216
/rows/0/result/filesystem/write/check/files	integer	256
/rows/0/result/filesystem/write/python	string	3.14.7
/rows/0/result/filesystem/write/worker_ms	float	4.331494
/rows/0/result/filesystem/write/workload	string	write
/rows/0/result/mode	string	filesystem
/rows/0/result/worker_ms	float	415.130339
/rows/0/result_ms	float	456.975742
/rows/0/trial	integer	0
/rows/1	object	-
/rows/1/backend	string	pvisor-host
/rows/1/completion_ms	float	491.624816
/rows/1/correctness	string	passed
/rows/1/logs	string	/home/reiase/workspace/pvisor/target/filesystem-fuse-ab-20261005/release/trials/filesystem-pvisor-host-000
/rows/1/memory_scope	string	owned launcher tree; Docker daemon/container RSS excluded
/rows/1/mode	string	filesystem
/rows/1/peak_tree_rss_kib	integer	160940
/rows/1/prepare_ms	float	37.63224
/rows/1/ready_ms	float	51.539985
/rows/1/result	object	-
/rows/1/result/correctness	string	passed
/rows/1/result/filesystem	object	-
/rows/1/result/filesystem/cargo	object	-
/rows/1/result/filesystem/cargo/check	object	-
/rows/1/result/filesystem/cargo/check/modules	integer	64
/rows/1/result/filesystem/cargo/check/result	string	2016
/rows/1/result/filesystem/cargo/python	string	3.14.7
/rows/1/result/filesystem/cargo/worker_ms	float	57.322957
/rows/1/result/filesystem/cargo/workload	string	cargo
/rows/1/result/filesystem/git	object	-
/rows/1/result/filesystem/git/check	object	-
/rows/1/result/filesystem/git/check/git_clean	boolean	true
/rows/1/result/filesystem/git/python	string	3.14.7
/rows/1/result/filesystem/git/worker_ms	float	14.476386
/rows/1/result/filesystem/git/workload	string	git
/rows/1/result/filesystem/metadata	object	-
/rows/1/result/filesystem/metadata/check	object	-
/rows/1/result/filesystem/metadata/check/bytes	integer	2095104
/rows/1/result/filesystem/metadata/check/files	integer	2048
/rows/1/result/filesystem/metadata/python	string	3.14.7
/rows/1/result/filesystem/metadata/worker_ms	float	4.812301
/rows/1/result/filesystem/metadata/workload	string	metadata
/rows/1/result/filesystem/npm	object	-
/rows/1/result/filesystem/npm/check	object	-
/rows/1/result/filesystem/npm/check/local_packages	integer	32
/rows/1/result/filesystem/npm/python	string	3.14.7
/rows/1/result/filesystem/npm/worker_ms	float	177.998045
/rows/1/result/filesystem/npm/workload	string	npm
/rows/1/result/filesystem/read	object	-
/rows/1/result/filesystem/read/check	object	-
/rows/1/result/filesystem/read/check/bytes	integer	67108864
/rows/1/result/filesystem/read/check/sha256	string	42ef3a50fe506ced865473b082c8b28f6ce254e6e2b01266b6a563531a6267bc
/rows/1/result/filesystem/read/python	string	3.14.7
/rows/1/result/filesystem/read/worker_ms	float	32.279171
/rows/1/result/filesystem/read/workload	string	read
/rows/1/result/filesystem/rg	object	-
/rows/1/result/filesystem/rg/check	object	-
/rows/1/result/filesystem/rg/check/matches	integer	2048
/rows/1/result/filesystem/rg/python	string	3.14.7
/rows/1/result/filesystem/rg/worker_ms	float	10.328926
/rows/1/result/filesystem/rg/workload	string	rg
/rows/1/result/filesystem/write	object	-
/rows/1/result/filesystem/write/check	object	-
/rows/1/result/filesystem/write/check/bytes	integer	16777216
/rows/1/result/filesystem/write/check/files	integer	256
/rows/1/result/filesystem/write/python	string	3.14.7
/rows/1/result/filesystem/write/worker_ms	float	4.300556
/rows/1/result/filesystem/write/workload	string	write
/rows/1/result/mode	string	filesystem
/rows/1/result/worker_ms	float	419.141725
/rows/1/result_ms	float	470.669859
/rows/1/trial	integer	0
/rows/2	object	-
/rows/2/backend	string	pvisor-staged
/rows/2/completion_ms	float	1314.644842
/rows/2/correctness	string	passed
/rows/2/logs	string	/home/reiase/workspace/pvisor/target/filesystem-fuse-ab-20261005/release/trials/filesystem-pvisor-staged-000
/rows/2/memory_scope	string	owned launcher tree; Docker daemon/container RSS excluded
/rows/2/mode	string	filesystem
/rows/2/peak_tree_rss_kib	integer	176624
/rows/2/prepare_ms	float	37.300381
/rows/2/ready_ms	float	65.472156
/rows/2/result	object	-
/rows/2/result/correctness	string	passed
/rows/2/result/filesystem	object	-
/rows/2/result/filesystem/cargo	object	-
/rows/2/result/filesystem/cargo/check	object	-
/rows/2/result/filesystem/cargo/check/modules	integer	64
/rows/2/result/filesystem/cargo/check/result	string	2016
/rows/2/result/filesystem/cargo/python	string	3.14.7
/rows/2/result/filesystem/cargo/worker_ms	float	111.896294
/rows/2/result/filesystem/cargo/workload	string	cargo
/rows/2/result/filesystem/git	object	-
/rows/2/result/filesystem/git/check	object	-
/rows/2/result/filesystem/git/check/git_clean	boolean	true
/rows/2/result/filesystem/git/python	string	3.14.7
/rows/2/result/filesystem/git/worker_ms	float	175.758887
/rows/2/result/filesystem/git/workload	string	git
/rows/2/result/filesystem/metadata	object	-
/rows/2/result/filesystem/metadata/check	object	-
/rows/2/result/filesystem/metadata/check/bytes	integer	2095104
/rows/2/result/filesystem/metadata/check/files	integer	2048
/rows/2/result/filesystem/metadata/python	string	3.14.7
/rows/2/result/filesystem/metadata/worker_ms	float	78.160937
/rows/2/result/filesystem/metadata/workload	string	metadata
/rows/2/result/filesystem/npm	object	-
/rows/2/result/filesystem/npm/check	object	-
/rows/2/result/filesystem/npm/check/local_packages	integer	32
/rows/2/result/filesystem/npm/python	string	3.14.7
/rows/2/result/filesystem/npm/worker_ms	float	267.544891
/rows/2/result/filesystem/npm/workload	string	npm
/rows/2/result/filesystem/read	object	-
/rows/2/result/filesystem/read/check	object	-
/rows/2/result/filesystem/read/check/bytes	integer	67108864
/rows/2/result/filesystem/read/check/sha256	string	42ef3a50fe506ced865473b082c8b28f6ce254e6e2b01266b6a563531a6267bc
/rows/2/result/filesystem/read/python	string	3.14.7
/rows/2/result/filesystem/read/worker_ms	float	68.565218
/rows/2/result/filesystem/read/workload	string	read
/rows/2/result/filesystem/rg	object	-
/rows/2/result/filesystem/rg/check	object	-
/rows/2/result/filesystem/rg/check/matches	integer	2048
/rows/2/result/filesystem/rg/python	string	3.14.7
/rows/2/result/filesystem/rg/worker_ms	float	89.707525
/rows/2/result/filesystem/rg/workload	string	rg
/rows/2/result/filesystem/write	object	-
/rows/2/result/filesystem/write/check	object	-
/rows/2/result/filesystem/write/check/bytes	integer	16777216
/rows/2/result/filesystem/write/check/files	integer	256
/rows/2/result/filesystem/write/python	string	3.14.7
/rows/2/result/filesystem/write/worker_ms	float	205.083543
/rows/2/result/filesystem/write/workload	string	write
/rows/2/result/mode	string	filesystem
/rows/2/result/worker_ms	float	1121.359978
/rows/2/result_ms	float	1186.903677
/rows/2/trial	integer	0
/rows/3	object	-
/rows/3/backend	string	pvisor-fuse
/rows/3/completion_ms	float	592.418511
/rows/3/correctness	string	passed
/rows/3/fuse_requests	object	-
/rows/3/fuse_requests/getattr	integer	478
/rows/3/fuse_requests/lookup	integer	3061
/rows/3/fuse_requests/read	integer	4758
/rows/3/fuse_requests/read_bytes	integer	72389686
/rows/3/fuse_requests/readdir	integer	542
/rows/3/fuse_requests/readdirplus	integer	0
/rows/3/fuse_requests/write	integer	292
/rows/3/fuse_requests/write_bytes	integer	17485492
/rows/3/logs	string	/home/reiase/workspace/pvisor/target/filesystem-fuse-ab-20261005/release/trials/filesystem-pvisor-fuse-000
/rows/3/memory_scope	string	owned launcher tree; Docker daemon/container RSS excluded
/rows/3/mode	string	filesystem
/rows/3/peak_tree_rss_kib	integer	161548
/rows/3/prepare_ms	float	38.313963
/rows/3/ready_ms	float	52.899373
/rows/3/result	object	-
/rows/3/result/correctness	string	passed
/rows/3/result/filesystem	object	-
/rows/3/result/filesystem/cargo	object	-
/rows/3/result/filesystem/cargo/check	object	-
/rows/3/result/filesystem/cargo/check/modules	integer	64
/rows/3/result/filesystem/cargo/check/result	string	2016
/rows/3/result/filesystem/cargo/python	string	3.14.7
/rows/3/result/filesystem/cargo/worker_ms	float	72.560364
/rows/3/result/filesystem/cargo/workload	string	cargo
/rows/3/result/filesystem/git	object	-
/rows/3/result/filesystem/git/check	object	-
/rows/3/result/filesystem/git/check/git_clean	boolean	true
/rows/3/result/filesystem/git/python	string	3.14.7
/rows/3/result/filesystem/git/worker_ms	float	39.644706
/rows/3/result/filesystem/git/workload	string	git
/rows/3/result/filesystem/metadata	object	-
/rows/3/result/filesystem/metadata/check	object	-
/rows/3/result/filesystem/metadata/check/bytes	integer	2095104
/rows/3/result/filesystem/metadata/check/files	integer	2048
/rows/3/result/filesystem/metadata/python	string	3.14.7
/rows/3/result/filesystem/metadata/worker_ms	float	20.167949
/rows/3/result/filesystem/metadata/workload	string	metadata
/rows/3/result/filesystem/npm	object	-
/rows/3/result/filesystem/npm/check	object	-
/rows/3/result/filesystem/npm/check/local_packages	integer	32
/rows/3/result/filesystem/npm/python	string	3.14.7
/rows/3/result/filesystem/npm/worker_ms	float	181.118589
/rows/3/result/filesystem/npm/workload	string	npm
/rows/3/result/filesystem/read	object	-
/rows/3/result/filesystem/read/check	object	-
/rows/3/result/filesystem/read/check/bytes	integer	67108864
/rows/3/result/filesystem/read/check/sha256	string	42ef3a50fe506ced865473b082c8b28f6ce254e6e2b01266b6a563531a6267bc
/rows/3/result/filesystem/read/python	string	3.14.7
/rows/3/result/filesystem/read/worker_ms	float	39.015322
/rows/3/result/filesystem/read/workload	string	read
/rows/3/result/filesystem/rg	object	-
/rows/3/result/filesystem/rg/check	object	-
/rows/3/result/filesystem/rg/check/matches	integer	2048
/rows/3/result/filesystem/rg/python	string	3.14.7
/rows/3/result/filesystem/rg/worker_ms	float	27.24204
/rows/3/result/filesystem/rg/workload	string	rg
/rows/3/result/filesystem/write	object	-
/rows/3/result/filesystem/write/check	object	-
/rows/3/result/filesystem/write/check/bytes	integer	16777216
/rows/3/result/filesystem/write/check/files	integer	256
/rows/3/result/filesystem/write/python	string	3.14.7
/rows/3/result/filesystem/write/worker_ms	float	11.786467
/rows/3/result/filesystem/write/workload	string	write
/rows/3/result/mode	string	filesystem
/rows/3/result/worker_ms	float	514.863715
/rows/3/result_ms	float	567.822278
/rows/3/trial	integer	0
/rows/4	object	-
/rows/4/backend	string	native
/rows/4/completion_ms	float	467.982373
/rows/4/correctness	string	passed
/rows/4/logs	string	/home/reiase/workspace/pvisor/target/filesystem-fuse-ab-20261005/release/trials/filesystem-native-001
/rows/4/memory_scope	string	owned launcher tree; Docker daemon/container RSS excluded
/rows/4/mode	string	filesystem
/rows/4/peak_tree_rss_kib	integer	137764
/rows/4/prepare_ms	float	36.960717
/rows/4/ready_ms	float	39.168457
/rows/4/result	object	-
/rows/4/result/correctness	string	passed
/rows/4/result/filesystem	object	-
/rows/4/result/filesystem/cargo	object	-
/rows/4/result/filesystem/cargo/check	object	-
/rows/4/result/filesystem/cargo/check/modules	integer	64
/rows/4/result/filesystem/cargo/check/result	string	2016
/rows/4/result/filesystem/cargo/python	string	3.14.7
/rows/4/result/filesystem/cargo/worker_ms	float	56.460348
/rows/4/result/filesystem/cargo/workload	string	cargo
/rows/4/result/filesystem/git	object	-
/rows/4/result/filesystem/git/check	object	-
/rows/4/result/filesystem/git/check/git_clean	boolean	true
/rows/4/result/filesystem/git/python	string	3.14.7
/rows/4/result/filesystem/git/worker_ms	float	15.302058
/rows/4/result/filesystem/git/workload	string	git
/rows/4/result/filesystem/metadata	object	-
/rows/4/result/filesystem/metadata/check	object	-
/rows/4/result/filesystem/metadata/check/bytes	integer	2095104
/rows/4/result/filesystem/metadata/check/files	integer	2048
/rows/4/result/filesystem/metadata/python	string	3.14.7
/rows/4/result/filesystem/metadata/worker_ms	float	5.235751
/rows/4/result/filesystem/metadata/workload	string	metadata
/rows/4/result/filesystem/npm	object	-
/rows/4/result/filesystem/npm/check	object	-
/rows/4/result/filesystem/npm/check/local_packages	integer	32
/rows/4/result/filesystem/npm/python	string	3.14.7
/rows/4/result/filesystem/npm/worker_ms	float	175.038983
/rows/4/result/filesystem/npm/workload	string	npm
/rows/4/result/filesystem/read	object	-
/rows/4/result/filesystem/read/check	object	-
/rows/4/result/filesystem/read/check/bytes	integer	67108864
/rows/4/result/filesystem/read/check/sha256	string	42ef3a50fe506ced865473b082c8b28f6ce254e6e2b01266b6a563531a6267bc
/rows/4/result/filesystem/read/python	string	3.14.7
/rows/4/result/filesystem/read/worker_ms	float	32.580492
/rows/4/result/filesystem/read/workload	string	read
/rows/4/result/filesystem/rg	object	-
/rows/4/result/filesystem/rg/check	object	-
/rows/4/result/filesystem/rg/check/matches	integer	2048
/rows/4/result/filesystem/rg/python	string	3.14.7
/rows/4/result/filesystem/rg/worker_ms	float	9.659226
/rows/4/result/filesystem/rg/workload	string	rg
/rows/4/result/filesystem/write	object	-
/rows/4/result/filesystem/write/check	object	-
/rows/4/result/filesystem/write/check/bytes	integer	16777216
/rows/4/result/filesystem/write/check/files	integer	256
/rows/4/result/filesystem/write/python	string	3.14.7
/rows/4/result/filesystem/write/worker_ms	float	3.953498
/rows/4/result/filesystem/write/workload	string	write
/rows/4/result/mode	string	filesystem
/rows/4/result/worker_ms	float	420.511642
/rows/4/result_ms	float	459.7235
/rows/4/trial	integer	1
/rows/5	object	-
/rows/5/backend	string	pvisor-host
/rows/5/completion_ms	float	490.599973
/rows/5/correctness	string	passed
/rows/5/logs	string	/home/reiase/workspace/pvisor/target/filesystem-fuse-ab-20261005/release/trials/filesystem-pvisor-host-001
/rows/5/memory_scope	string	owned launcher tree; Docker daemon/container RSS excluded
/rows/5/mode	string	filesystem
/rows/5/peak_tree_rss_kib	integer	158992
/rows/5/prepare_ms	float	36.227128
/rows/5/ready_ms	float	53.379258
/rows/5/result	object	-
/rows/5/result/correctness	string	passed
/rows/5/result/filesystem	object	-
/rows/5/result/filesystem/cargo	object	-
/rows/5/result/filesystem/cargo/check	object	-
/rows/5/result/filesystem/cargo/check/modules	integer	64
/rows/5/result/filesystem/cargo/check/result	string	2016
/rows/5/result/filesystem/cargo/python	string	3.14.7
/rows/5/result/filesystem/cargo/worker_ms	float	57.403548
/rows/5/result/filesystem/cargo/workload	string	cargo
/rows/5/result/filesystem/git	object	-
/rows/5/result/filesystem/git/check	object	-
/rows/5/result/filesystem/git/check/git_clean	boolean	true
/rows/5/result/filesystem/git/python	string	3.14.7
/rows/5/result/filesystem/git/worker_ms	float	15.599393
/rows/5/result/filesystem/git/workload	string	git
/rows/5/result/filesystem/metadata	object	-
/rows/5/result/filesystem/metadata/check	object	-
/rows/5/result/filesystem/metadata/check/bytes	integer	2095104
/rows/5/result/filesystem/metadata/check/files	integer	2048
/rows/5/result/filesystem/metadata/python	string	3.14.7
/rows/5/result/filesystem/metadata/worker_ms	float	4.778638
/rows/5/result/filesystem/metadata/workload	string	metadata
/rows/5/result/filesystem/npm	object	-
/rows/5/result/filesystem/npm/check	object	-
/rows/5/result/filesystem/npm/check/local_packages	integer	32
/rows/5/result/filesystem/npm/python	string	3.14.7
/rows/5/result/filesystem/npm/worker_ms	float	178.223527
/rows/5/result/filesystem/npm/workload	string	npm
/rows/5/result/filesystem/read	object	-
/rows/5/result/filesystem/read/check	object	-
/rows/5/result/filesystem/read/check/bytes	integer	67108864
/rows/5/result/filesystem/read/check/sha256	string	42ef3a50fe506ced865473b082c8b28f6ce254e6e2b01266b6a563531a6267bc
/rows/5/result/filesystem/read/python	string	3.14.7
/rows/5/result/filesystem/read/worker_ms	float	32.34904
/rows/5/result/filesystem/read/workload	string	read
/rows/5/result/filesystem/rg	object	-
/rows/5/result/filesystem/rg/check	object	-
/rows/5/result/filesystem/rg/check/matches	integer	2048
/rows/5/result/filesystem/rg/python	string	3.14.7
/rows/5/result/filesystem/rg/worker_ms	float	7.41639
/rows/5/result/filesystem/rg/workload	string	rg
/rows/5/result/filesystem/write	object	-
/rows/5/result/filesystem/write/check	object	-
/rows/5/result/filesystem/write/check/bytes	integer	16777216
/rows/5/result/filesystem/write/check/files	integer	256
/rows/5/result/filesystem/write/python	string	3.14.7
/rows/5/result/filesystem/write/worker_ms	float	3.76157
/rows/5/result/filesystem/write/workload	string	write
/rows/5/result/mode	string	filesystem
/rows/5/result/worker_ms	float	419.429743
/rows/5/result_ms	float	472.855779
/rows/5/trial	integer	1
/rows/6	object	-
/rows/6/backend	string	pvisor-fuse
/rows/6/completion_ms	float	601.285818
/rows/6/correctness	string	passed
/rows/6/fuse_requests	object	-
/rows/6/fuse_requests/getattr	integer	477
/rows/6/fuse_requests/lookup	integer	3061
/rows/6/fuse_requests/read	integer	4758
/rows/6/fuse_requests/read_bytes	integer	72389686
/rows/6/fuse_requests/readdir	integer	542
/rows/6/fuse_requests/readdirplus	integer	0
/rows/6/fuse_requests/write	integer	292
/rows/6/fuse_requests/write_bytes	integer	17485492
/rows/6/logs	string	/home/reiase/workspace/pvisor/target/filesystem-fuse-ab-20261005/release/trials/filesystem-pvisor-fuse-001
/rows/6/memory_scope	string	owned launcher tree; Docker daemon/container RSS excluded
/rows/6/mode	string	filesystem
/rows/6/peak_tree_rss_kib	integer	153784
/rows/6/prepare_ms	float	36.517571
/rows/6/ready_ms	float	54.413748
/rows/6/result	object	-
/rows/6/result/correctness	string	passed
/rows/6/result/filesystem	object	-
/rows/6/result/filesystem/cargo	object	-
/rows/6/result/filesystem/cargo/check	object	-
/rows/6/result/filesystem/cargo/check/modules	integer	64
/rows/6/result/filesystem/cargo/check/result	string	2016
/rows/6/result/filesystem/cargo/python	string	3.14.7
/rows/6/result/filesystem/cargo/worker_ms	float	73.513944
/rows/6/result/filesystem/cargo/workload	string	cargo
/rows/6/result/filesystem/git	object	-
/rows/6/result/filesystem/git/check	object	-
/rows/6/result/filesystem/git/check/git_clean	boolean	true
/rows/6/result/filesystem/git/python	string	3.14.7
/rows/6/result/filesystem/git/worker_ms	float	40.088916
/rows/6/result/filesystem/git/workload	string	git
/rows/6/result/filesystem/metadata	object	-
/rows/6/result/filesystem/metadata/check	object	-
/rows/6/result/filesystem/metadata/check/bytes	integer	2095104
/rows/6/result/filesystem/metadata/check/files	integer	2048
/rows/6/result/filesystem/metadata/python	string	3.14.7
/rows/6/result/filesystem/metadata/worker_ms	float	22.628871
/rows/6/result/filesystem/metadata/workload	string	metadata
/rows/6/result/filesystem/npm	object	-
/rows/6/result/filesystem/npm/check	object	-
/rows/6/result/filesystem/npm/check/local_packages	integer	32
/rows/6/result/filesystem/npm/python	string	3.14.7
/rows/6/result/filesystem/npm/worker_ms	float	183.05334
/rows/6/result/filesystem/npm/workload	string	npm
/rows/6/result/filesystem/read	object	-
/rows/6/result/filesystem/read/check	object	-
/rows/6/result/filesystem/read/check/bytes	integer	67108864
/rows/6/result/filesystem/read/check/sha256	string	42ef3a50fe506ced865473b082c8b28f6ce254e6e2b01266b6a563531a6267bc
/rows/6/result/filesystem/read/python	string	3.14.7
/rows/6/result/filesystem/read/worker_ms	float	38.702759
/rows/6/result/filesystem/read/workload	string	read
/rows/6/result/filesystem/rg	object	-
/rows/6/result/filesystem/rg/check	object	-
/rows/6/result/filesystem/rg/check/matches	integer	2048
/rows/6/result/filesystem/rg/python	string	3.14.7
/rows/6/result/filesystem/rg/worker_ms	float	27.183831
/rows/6/result/filesystem/rg/workload	string	rg
/rows/6/result/filesystem/write	object	-
/rows/6/result/filesystem/write/check	object	-
/rows/6/result/filesystem/write/check/bytes	integer	16777216
/rows/6/result/filesystem/write/check/files	integer	256
/rows/6/result/filesystem/write/python	string	3.14.7
/rows/6/result/filesystem/write/worker_ms	float	12.225506
/rows/6/result/filesystem/write/workload	string	write
/rows/6/result/mode	string	filesystem
/rows/6/result/worker_ms	float	520.510403
/rows/6/result_ms	float	574.975026
/rows/6/trial	integer	1
/rows/7	object	-
/rows/7/backend	string	pvisor-staged
/rows/7/completion_ms	float	1336.957833
/rows/7/correctness	string	passed
/rows/7/logs	string	/home/reiase/workspace/pvisor/target/filesystem-fuse-ab-20261005/release/trials/filesystem-pvisor-staged-001
/rows/7/memory_scope	string	owned launcher tree; Docker daemon/container RSS excluded
/rows/7/mode	string	filesystem
/rows/7/peak_tree_rss_kib	integer	182164
/rows/7/prepare_ms	float	37.595842
/rows/7/ready_ms	float	62.118187
/rows/7/result	object	-
/rows/7/result/correctness	string	passed
/rows/7/result/filesystem	object	-
/rows/7/result/filesystem/cargo	object	-
/rows/7/result/filesystem/cargo/check	object	-
/rows/7/result/filesystem/cargo/check/modules	integer	64
/rows/7/result/filesystem/cargo/check/result	string	2016
/rows/7/result/filesystem/cargo/python	string	3.14.7
/rows/7/result/filesystem/cargo/worker_ms	float	114.430624
/rows/7/result/filesystem/cargo/workload	string	cargo
/rows/7/result/filesystem/git	object	-
/rows/7/result/filesystem/git/check	object	-
/rows/7/result/filesystem/git/check/git_clean	boolean	true
/rows/7/result/filesystem/git/python	string	3.14.7
/rows/7/result/filesystem/git/worker_ms	float	174.750755
/rows/7/result/filesystem/git/workload	string	git
/rows/7/result/filesystem/metadata	object	-
/rows/7/result/filesystem/metadata/check	object	-
/rows/7/result/filesystem/metadata/check/bytes	integer	2095104
/rows/7/result/filesystem/metadata/check/files	integer	2048
/rows/7/result/filesystem/metadata/python	string	3.14.7
/rows/7/result/filesystem/metadata/worker_ms	float	78.225197
/rows/7/result/filesystem/metadata/workload	string	metadata
/rows/7/result/filesystem/npm	object	-
/rows/7/result/filesystem/npm/check	object	-
/rows/7/result/filesystem/npm/check/local_packages	integer	32
/rows/7/result/filesystem/npm/python	string	3.14.7
/rows/7/result/filesystem/npm/worker_ms	float	269.764353
/rows/7/result/filesystem/npm/workload	string	npm
/rows/7/result/filesystem/read	object	-
/rows/7/result/filesystem/read/check	object	-
/rows/7/result/filesystem/read/check/bytes	integer	67108864
/rows/7/result/filesystem/read/check/sha256	string	42ef3a50fe506ced865473b082c8b28f6ce254e6e2b01266b6a563531a6267bc
/rows/7/result/filesystem/read/python	string	3.14.7
/rows/7/result/filesystem/read/worker_ms	float	67.239344
/rows/7/result/filesystem/read/workload	string	read
/rows/7/result/filesystem/rg	object	-
/rows/7/result/filesystem/rg/check	object	-
/rows/7/result/filesystem/rg/check/matches	integer	2048
/rows/7/result/filesystem/rg/python	string	3.14.7
/rows/7/result/filesystem/rg/worker_ms	float	92.547244
/rows/7/result/filesystem/rg/workload	string	rg
/rows/7/result/filesystem/write	object	-
/rows/7/result/filesystem/write/check	object	-
/rows/7/result/filesystem/write/check/bytes	integer	16777216
/rows/7/result/filesystem/write/check/files	integer	256
/rows/7/result/filesystem/write/python	string	3.14.7
/rows/7/result/filesystem/write/worker_ms	float	209.611103
/rows/7/result/filesystem/write/workload	string	write
/rows/7/result/mode	string	filesystem
/rows/7/result/worker_ms	float	1136.466079
/rows/7/result_ms	float	1198.625192
/rows/7/trial	integer	1
/rows/8	object	-
/rows/8/backend	string	pvisor-host
/rows/8/completion_ms	float	487.58681
/rows/8/correctness	string	passed
/rows/8/logs	string	/home/reiase/workspace/pvisor/target/filesystem-fuse-ab-20261005/release/trials/filesystem-pvisor-host-002
/rows/8/memory_scope	string	owned launcher tree; Docker daemon/container RSS excluded
/rows/8/mode	string	filesystem
/rows/8/peak_tree_rss_kib	integer	160140
/rows/8/prepare_ms	float	40.26817
/rows/8/ready_ms	float	52.359915
/rows/8/result	object	-
/rows/8/result/correctness	string	passed
/rows/8/result/filesystem	object	-
/rows/8/result/filesystem/cargo	object	-
/rows/8/result/filesystem/cargo/check	object	-
/rows/8/result/filesystem/cargo/check/modules	integer	64
/rows/8/result/filesystem/cargo/check/result	string	2016
/rows/8/result/filesystem/cargo/python	string	3.14.7
/rows/8/result/filesystem/cargo/worker_ms	float	54.252898
/rows/8/result/filesystem/cargo/workload	string	cargo
/rows/8/result/filesystem/git	object	-
/rows/8/result/filesystem/git/check	object	-
/rows/8/result/filesystem/git/check/git_clean	boolean	true
/rows/8/result/filesystem/git/python	string	3.14.7
/rows/8/result/filesystem/git/worker_ms	float	14.780043
/rows/8/result/filesystem/git/workload	string	git
/rows/8/result/filesystem/metadata	object	-
/rows/8/result/filesystem/metadata/check	object	-
/rows/8/result/filesystem/metadata/check/bytes	integer	2095104
/rows/8/result/filesystem/metadata/check/files	integer	2048
/rows/8/result/filesystem/metadata/python	string	3.14.7
/rows/8/result/filesystem/metadata/worker_ms	float	4.73165
/rows/8/result/filesystem/metadata/workload	string	metadata
/rows/8/result/filesystem/npm	object	-
/rows/8/result/filesystem/npm/check	object	-
/rows/8/result/filesystem/npm/check/local_packages	integer	32
/rows/8/result/filesystem/npm/python	string	3.14.7
/rows/8/result/filesystem/npm/worker_ms	float	178.646316
/rows/8/result/filesystem/npm/workload	string	npm
/rows/8/result/filesystem/read	object	-
/rows/8/result/filesystem/read/check	object	-
/rows/8/result/filesystem/read/check/bytes	integer	67108864
/rows/8/result/filesystem/read/check/sha256	string	42ef3a50fe506ced865473b082c8b28f6ce254e6e2b01266b6a563531a6267bc
/rows/8/result/filesystem/read/python	string	3.14.7
/rows/8/result/filesystem/read/worker_ms	float	31.456896
/rows/8/result/filesystem/read/workload	string	read
/rows/8/result/filesystem/rg	object	-
/rows/8/result/filesystem/rg/check	object	-
/rows/8/result/filesystem/rg/check/matches	integer	2048
/rows/8/result/filesystem/rg/python	string	3.14.7
/rows/8/result/filesystem/rg/worker_ms	float	7.415008
/rows/8/result/filesystem/rg/workload	string	rg
/rows/8/result/filesystem/write	object	-
/rows/8/result/filesystem/write/check	object	-
/rows/8/result/filesystem/write/check/bytes	integer	16777216
/rows/8/result/filesystem/write/check/files	integer	256
/rows/8/result/filesystem/write/python	string	3.14.7
/rows/8/result/filesystem/write/worker_ms	float	4.244591
/rows/8/result/filesystem/write/workload	string	write
/rows/8/result/mode	string	filesystem
/rows/8/result/worker_ms	float	415.425951
/rows/8/result_ms	float	467.86802
/rows/8/trial	integer	2
/rows/9	object	-
/rows/9/backend	string	pvisor-fuse
/rows/9/completion_ms	float	610.087174
/rows/9/correctness	string	passed
/rows/9/fuse_requests	object	-
/rows/9/fuse_requests/getattr	integer	477
/rows/9/fuse_requests/lookup	integer	3061
/rows/9/fuse_requests/read	integer	4758
/rows/9/fuse_requests/read_bytes	integer	72389686
/rows/9/fuse_requests/readdir	integer	542
/rows/9/fuse_requests/readdirplus	integer	0
/rows/9/fuse_requests/write	integer	292
/rows/9/fuse_requests/write_bytes	integer	17485492
/rows/9/logs	string	/home/reiase/workspace/pvisor/target/filesystem-fuse-ab-20261005/release/trials/filesystem-pvisor-fuse-002
/rows/9/memory_scope	string	owned launcher tree; Docker daemon/container RSS excluded
/rows/9/mode	string	filesystem
/rows/9/peak_tree_rss_kib	integer	164548
/rows/9/prepare_ms	float	37.674789
/rows/9/ready_ms	float	53.757093
/rows/9/result	object	-
/rows/9/result/correctness	string	passed
/rows/9/result/filesystem	object	-
/rows/9/result/filesystem/cargo	object	-
/rows/9/result/filesystem/cargo/check	object	-
/rows/9/result/filesystem/cargo/check/modules	integer	64
/rows/9/result/filesystem/cargo/check/result	string	2016
/rows/9/result/filesystem/cargo/python	string	3.14.7
/rows/9/result/filesystem/cargo/worker_ms	float	73.86503
/rows/9/result/filesystem/cargo/workload	string	cargo
/rows/9/result/filesystem/git	object	-
/rows/9/result/filesystem/git/check	object	-
/rows/9/result/filesystem/git/check/git_clean	boolean	true
/rows/9/result/filesystem/git/python	string	3.14.7
/rows/9/result/filesystem/git/worker_ms	float	40.833314
/rows/9/result/filesystem/git/workload	string	git
/rows/9/result/filesystem/metadata	object	-
/rows/9/result/filesystem/metadata/check	object	-
/rows/9/result/filesystem/metadata/check/bytes	integer	2095104
/rows/9/result/filesystem/metadata/check/files	integer	2048
/rows/9/result/filesystem/metadata/python	string	3.14.7
/rows/9/result/filesystem/metadata/worker_ms	float	22.328741
/rows/9/result/filesystem/metadata/workload	string	metadata
/rows/9/result/filesystem/npm	object	-
/rows/9/result/filesystem/npm/check	object	-
/rows/9/result/filesystem/npm/check/local_packages	integer	32
/rows/9/result/filesystem/npm/python	string	3.14.7
/rows/9/result/filesystem/npm/worker_ms	float	179.888584
/rows/9/result/filesystem/npm/workload	string	npm
/rows/9/result/filesystem/read	object	-
/rows/9/result/filesystem/read/check	object	-
/rows/9/result/filesystem/read/check/bytes	integer	67108864
/rows/9/result/filesystem/read/check/sha256	string	42ef3a50fe506ced865473b082c8b28f6ce254e6e2b01266b6a563531a6267bc
/rows/9/result/filesystem/read/python	string	3.14.7
/rows/9/result/filesystem/read/worker_ms	float	40.920568
/rows/9/result/filesystem/read/workload	string	read
/rows/9/result/filesystem/rg	object	-
/rows/9/result/filesystem/rg/check	object	-
/rows/9/result/filesystem/rg/check/matches	integer	2048
/rows/9/result/filesystem/rg/python	string	3.14.7
/rows/9/result/filesystem/rg/worker_ms	float	28.530574
/rows/9/result/filesystem/rg/workload	string	rg
/rows/9/result/filesystem/write	object	-
/rows/9/result/filesystem/write/check	object	-
/rows/9/result/filesystem/write/check/bytes	integer	16777216
/rows/9/result/filesystem/write/check/files	integer	256
/rows/9/result/filesystem/write/python	string	3.14.7
/rows/9/result/filesystem/write/worker_ms	float	14.699312
/rows/9/result/filesystem/write/workload	string	write
/rows/9/result/mode	string	filesystem
/rows/9/result/worker_ms	float	528.267209
/rows/9/result_ms	float	582.063946
/rows/9/trial	integer	2
/rows/10	object	-
/rows/10/backend	string	native
/rows/10/completion_ms	float	465.317511
/rows/10/correctness	string	passed
/rows/10/logs	string	/home/reiase/workspace/pvisor/target/filesystem-fuse-ab-20261005/release/trials/filesystem-native-002
/rows/10/memory_scope	string	owned launcher tree; Docker daemon/container RSS excluded
/rows/10/mode	string	filesystem
/rows/10/peak_tree_rss_kib	integer	139200
/rows/10/prepare_ms	float	37.924896
/rows/10/ready_ms	float	41.792625
/rows/10/result	object	-
/rows/10/result/correctness	string	passed
/rows/10/result/filesystem	object	-
/rows/10/result/filesystem/cargo	object	-
/rows/10/result/filesystem/cargo/check	object	-
/rows/10/result/filesystem/cargo/check/modules	integer	64
/rows/10/result/filesystem/cargo/check/result	string	2016
/rows/10/result/filesystem/cargo/python	string	3.14.7
/rows/10/result/filesystem/cargo/worker_ms	float	54.599846
/rows/10/result/filesystem/cargo/workload	string	cargo
/rows/10/result/filesystem/git	object	-
/rows/10/result/filesystem/git/check	object	-
/rows/10/result/filesystem/git/check/git_clean	boolean	true
/rows/10/result/filesystem/git/python	string	3.14.7
/rows/10/result/filesystem/git/worker_ms	float	14.090846
/rows/10/result/filesystem/git/workload	string	git
/rows/10/result/filesystem/metadata	object	-
/rows/10/result/filesystem/metadata/check	object	-
/rows/10/result/filesystem/metadata/check/bytes	integer	2095104
/rows/10/result/filesystem/metadata/check/files	integer	2048
/rows/10/result/filesystem/metadata/python	string	3.14.7
/rows/10/result/filesystem/metadata/worker_ms	float	4.595856
/rows/10/result/filesystem/metadata/workload	string	metadata
/rows/10/result/filesystem/npm	object	-
/rows/10/result/filesystem/npm/check	object	-
/rows/10/result/filesystem/npm/check/local_packages	integer	32
/rows/10/result/filesystem/npm/python	string	3.14.7
/rows/10/result/filesystem/npm/worker_ms	float	176.896751
/rows/10/result/filesystem/npm/workload	string	npm
/rows/10/result/filesystem/read	object	-
/rows/10/result/filesystem/read/check	object	-
/rows/10/result/filesystem/read/check/bytes	integer	67108864
/rows/10/result/filesystem/read/check/sha256	string	42ef3a50fe506ced865473b082c8b28f6ce254e6e2b01266b6a563531a6267bc
/rows/10/result/filesystem/read/python	string	3.14.7
/rows/10/result/filesystem/read/worker_ms	float	32.726976
/rows/10/result/filesystem/read/workload	string	read
/rows/10/result/filesystem/rg	object	-
/rows/10/result/filesystem/rg/check	object	-
/rows/10/result/filesystem/rg/check/matches	integer	2048
/rows/10/result/filesystem/rg/python	string	3.14.7
/rows/10/result/filesystem/rg/worker_ms	float	7.219514
/rows/10/result/filesystem/rg/workload	string	rg
/rows/10/result/filesystem/write	object	-
/rows/10/result/filesystem/write/check	object	-
/rows/10/result/filesystem/write/check/bytes	integer	16777216
/rows/10/result/filesystem/write/check/files	integer	256
/rows/10/result/filesystem/write/python	string	3.14.7
/rows/10/result/filesystem/write/worker_ms	float	4.593923
/rows/10/result/filesystem/write/workload	string	write
/rows/10/result/mode	string	filesystem
/rows/10/result/worker_ms	float	414.827264
/rows/10/result_ms	float	456.680131
/rows/10/trial	integer	2
/rows/11	object	-
/rows/11/backend	string	pvisor-staged
/rows/11/completion_ms	float	1370.709512
/rows/11/correctness	string	passed
/rows/11/logs	string	/home/reiase/workspace/pvisor/target/filesystem-fuse-ab-20261005/release/trials/filesystem-pvisor-staged-002
/rows/11/memory_scope	string	owned launcher tree; Docker daemon/container RSS excluded
/rows/11/mode	string	filesystem
/rows/11/peak_tree_rss_kib	integer	178648
/rows/11/prepare_ms	float	38.391307
/rows/11/ready_ms	float	63.040248
/rows/11/result	object	-
/rows/11/result/correctness	string	passed
/rows/11/result/filesystem	object	-
/rows/11/result/filesystem/cargo	object	-
/rows/11/result/filesystem/cargo/check	object	-
/rows/11/result/filesystem/cargo/check/modules	integer	64
/rows/11/result/filesystem/cargo/check/result	string	2016
/rows/11/result/filesystem/cargo/python	string	3.14.7
/rows/11/result/filesystem/cargo/worker_ms	float	127.847212
/rows/11/result/filesystem/cargo/workload	string	cargo
/rows/11/result/filesystem/git	object	-
/rows/11/result/filesystem/git/check	object	-
/rows/11/result/filesystem/git/check/git_clean	boolean	true
/rows/11/result/filesystem/git/python	string	3.14.7
/rows/11/result/filesystem/git/worker_ms	float	184.673223
/rows/11/result/filesystem/git/workload	string	git
/rows/11/result/filesystem/metadata	object	-
/rows/11/result/filesystem/metadata/check	object	-
/rows/11/result/filesystem/metadata/check/bytes	integer	2095104
/rows/11/result/filesystem/metadata/check/files	integer	2048
/rows/11/result/filesystem/metadata/python	string	3.14.7
/rows/11/result/filesystem/metadata/worker_ms	float	77.992833
/rows/11/result/filesystem/metadata/workload	string	metadata
/rows/11/result/filesystem/npm	object	-
/rows/11/result/filesystem/npm/check	object	-
/rows/11/result/filesystem/npm/check/local_packages	integer	32
/rows/11/result/filesystem/npm/python	string	3.14.7
/rows/11/result/filesystem/npm/worker_ms	float	277.519306
/rows/11/result/filesystem/npm/workload	string	npm
/rows/11/result/filesystem/read	object	-
/rows/11/result/filesystem/read/check	object	-
/rows/11/result/filesystem/read/check/bytes	integer	67108864
/rows/11/result/filesystem/read/check/sha256	string	42ef3a50fe506ced865473b082c8b28f6ce254e6e2b01266b6a563531a6267bc
/rows/11/result/filesystem/read/python	string	3.14.7
/rows/11/result/filesystem/read/worker_ms	float	67.208146
/rows/11/result/filesystem/read/workload	string	read
/rows/11/result/filesystem/rg	object	-
/rows/11/result/filesystem/rg/check	object	-
/rows/11/result/filesystem/rg/check/matches	integer	2048
/rows/11/result/filesystem/rg/python	string	3.14.7
/rows/11/result/filesystem/rg/worker_ms	float	90.863121
/rows/11/result/filesystem/rg/workload	string	rg
/rows/11/result/filesystem/write	object	-
/rows/11/result/filesystem/write/check	object	-
/rows/11/result/filesystem/write/check/bytes	integer	16777216
/rows/11/result/filesystem/write/check/files	integer	256
/rows/11/result/filesystem/write/python	string	3.14.7
/rows/11/result/filesystem/write/worker_ms	float	210.049671
/rows/11/result/filesystem/write/workload	string	write
/rows/11/result/mode	string	filesystem
/rows/11/result/worker_ms	float	1162.970553
/rows/11/result_ms	float	1226.087163
/rows/11/trial	integer	2
/rows/12	object	-
/rows/12/backend	string	native
/rows/12/completion_ms	float	517.225212
/rows/12/correctness	string	passed
/rows/12/logs	string	/home/reiase/workspace/pvisor/target/filesystem-fuse-ab-20261005/release/trials/filesystem-native-003
/rows/12/memory_scope	string	owned launcher tree; Docker daemon/container RSS excluded
/rows/12/mode	string	filesystem
/rows/12/peak_tree_rss_kib	integer	137984
/rows/12/prepare_ms	float	42.279934
/rows/12/ready_ms	float	48.362205
/rows/12/result	object	-
/rows/12/result/correctness	string	passed
/rows/12/result/filesystem	object	-
/rows/12/result/filesystem/cargo	object	-
/rows/12/result/filesystem/cargo/check	object	-
/rows/12/result/filesystem/cargo/check/modules	integer	64
/rows/12/result/filesystem/cargo/check/result	string	2016
/rows/12/result/filesystem/cargo/python	string	3.14.7
/rows/12/result/filesystem/cargo/worker_ms	float	63.280926
/rows/12/result/filesystem/cargo/workload	string	cargo
/rows/12/result/filesystem/git	object	-
/rows/12/result/filesystem/git/check	object	-
/rows/12/result/filesystem/git/check/git_clean	boolean	true
/rows/12/result/filesystem/git/python	string	3.14.7
/rows/12/result/filesystem/git/worker_ms	float	14.170365
/rows/12/result/filesystem/git/workload	string	git
/rows/12/result/filesystem/metadata	object	-
/rows/12/result/filesystem/metadata/check	object	-
/rows/12/result/filesystem/metadata/check/bytes	integer	2095104
/rows/12/result/filesystem/metadata/check/files	integer	2048
/rows/12/result/filesystem/metadata/python	string	3.14.7
/rows/12/result/filesystem/metadata/worker_ms	float	5.2887
/rows/12/result/filesystem/metadata/workload	string	metadata
/rows/12/result/filesystem/npm	object	-
/rows/12/result/filesystem/npm/check	object	-
/rows/12/result/filesystem/npm/check/local_packages	integer	32
/rows/12/result/filesystem/npm/python	string	3.14.7
/rows/12/result/filesystem/npm/worker_ms	float	196.428551
/rows/12/result/filesystem/npm/workload	string	npm
/rows/12/result/filesystem/read	object	-
/rows/12/result/filesystem/read/check	object	-
/rows/12/result/filesystem/read/check/bytes	integer	67108864
/rows/12/result/filesystem/read/check/sha256	string	42ef3a50fe506ced865473b082c8b28f6ce254e6e2b01266b6a563531a6267bc
/rows/12/result/filesystem/read/python	string	3.14.7
/rows/12/result/filesystem/read/worker_ms	float	32.626609
/rows/12/result/filesystem/read/workload	string	read
/rows/12/result/filesystem/rg	object	-
/rows/12/result/filesystem/rg/check	object	-
/rows/12/result/filesystem/rg/check/matches	integer	2048
/rows/12/result/filesystem/rg/python	string	3.14.7
/rows/12/result/filesystem/rg/worker_ms	float	8.38572
/rows/12/result/filesystem/rg/workload	string	rg
/rows/12/result/filesystem/write	object	-
/rows/12/result/filesystem/write/check	object	-
/rows/12/result/filesystem/write/check/bytes	integer	16777216
/rows/12/result/filesystem/write/check/files	integer	256
/rows/12/result/filesystem/write/python	string	3.14.7
/rows/12/result/filesystem/write/worker_ms	float	4.543068
/rows/12/result/filesystem/write/workload	string	write
/rows/12/result/mode	string	filesystem
/rows/12/result/worker_ms	float	459.100988
/rows/12/result_ms	float	507.503449
/rows/12/trial	integer	3
/rows/13	object	-
/rows/13/backend	string	pvisor-fuse
/rows/13/completion_ms	float	611.271143
/rows/13/correctness	string	passed
/rows/13/fuse_requests	object	-
/rows/13/fuse_requests/getattr	integer	477
/rows/13/fuse_requests/lookup	integer	3061
/rows/13/fuse_requests/read	integer	4758
/rows/13/fuse_requests/read_bytes	integer	72389686
/rows/13/fuse_requests/readdir	integer	542
/rows/13/fuse_requests/readdirplus	integer	0
/rows/13/fuse_requests/write	integer	292
/rows/13/fuse_requests/write_bytes	integer	17485492
/rows/13/logs	string	/home/reiase/workspace/pvisor/target/filesystem-fuse-ab-20261005/release/trials/filesystem-pvisor-fuse-003
/rows/13/memory_scope	string	owned launcher tree; Docker daemon/container RSS excluded
/rows/13/mode	string	filesystem
/rows/13/peak_tree_rss_kib	integer	164356
/rows/13/prepare_ms	float	37.035477
/rows/13/ready_ms	float	52.502031
/rows/13/result	object	-
/rows/13/result/correctness	string	passed
/rows/13/result/filesystem	object	-
/rows/13/result/filesystem/cargo	object	-
/rows/13/result/filesystem/cargo/check	object	-
/rows/13/result/filesystem/cargo/check/modules	integer	64
/rows/13/result/filesystem/cargo/check/result	string	2016
/rows/13/result/filesystem/cargo/python	string	3.14.7
/rows/13/result/filesystem/cargo/worker_ms	float	75.54811
/rows/13/result/filesystem/cargo/workload	string	cargo
/rows/13/result/filesystem/git	object	-
/rows/13/result/filesystem/git/check	object	-
/rows/13/result/filesystem/git/check/git_clean	boolean	true
/rows/13/result/filesystem/git/python	string	3.14.7
/rows/13/result/filesystem/git/worker_ms	float	47.587629
/rows/13/result/filesystem/git/workload	string	git
/rows/13/result/filesystem/metadata	object	-
/rows/13/result/filesystem/metadata/check	object	-
/rows/13/result/filesystem/metadata/check/bytes	integer	2095104
/rows/13/result/filesystem/metadata/check/files	integer	2048
/rows/13/result/filesystem/metadata/python	string	3.14.7
/rows/13/result/filesystem/metadata/worker_ms	float	20.355137
/rows/13/result/filesystem/metadata/workload	string	metadata
/rows/13/result/filesystem/npm	object	-
/rows/13/result/filesystem/npm/check	object	-
/rows/13/result/filesystem/npm/check/local_packages	integer	32
/rows/13/result/filesystem/npm/python	string	3.14.7
/rows/13/result/filesystem/npm/worker_ms	float	184.329061
/rows/13/result/filesystem/npm/workload	string	npm
/rows/13/result/filesystem/read	object	-
/rows/13/result/filesystem/read/check	object	-
/rows/13/result/filesystem/read/check/bytes	integer	67108864
/rows/13/result/filesystem/read/check/sha256	string	42ef3a50fe506ced865473b082c8b28f6ce254e6e2b01266b6a563531a6267bc
/rows/13/result/filesystem/read/python	string	3.14.7
/rows/13/result/filesystem/read/worker_ms	float	38.990375
/rows/13/result/filesystem/read/workload	string	read
/rows/13/result/filesystem/rg	object	-
/rows/13/result/filesystem/rg/check	object	-
/rows/13/result/filesystem/rg/check/matches	integer	2048
/rows/13/result/filesystem/rg/python	string	3.14.7
/rows/13/result/filesystem/rg/worker_ms	float	28.186372
/rows/13/result/filesystem/rg/workload	string	rg
/rows/13/result/filesystem/write	object	-
/rows/13/result/filesystem/write/check	object	-
/rows/13/result/filesystem/write/check/bytes	integer	16777216
/rows/13/result/filesystem/write/check/files	integer	256
/rows/13/result/filesystem/write/python	string	3.14.7
/rows/13/result/filesystem/write/worker_ms	float	12.766616
/rows/13/result/filesystem/write/workload	string	write
/rows/13/result/mode	string	filesystem
/rows/13/result/worker_ms	float	532.19509
/rows/13/result_ms	float	584.735912
/rows/13/trial	integer	3
/rows/14	object	-
/rows/14/backend	string	pvisor-staged
/rows/14/completion_ms	float	1343.428589
/rows/14/correctness	string	passed
/rows/14/logs	string	/home/reiase/workspace/pvisor/target/filesystem-fuse-ab-20261005/release/trials/filesystem-pvisor-staged-003
/rows/14/memory_scope	string	owned launcher tree; Docker daemon/container RSS excluded
/rows/14/mode	string	filesystem
/rows/14/peak_tree_rss_kib	integer	177560
/rows/14/prepare_ms	float	38.008543
/rows/14/ready_ms	float	63.779176
/rows/14/result	object	-
/rows/14/result/correctness	string	passed
/rows/14/result/filesystem	object	-
/rows/14/result/filesystem/cargo	object	-
/rows/14/result/filesystem/cargo/check	object	-
/rows/14/result/filesystem/cargo/check/modules	integer	64
/rows/14/result/filesystem/cargo/check/result	string	2016
/rows/14/result/filesystem/cargo/python	string	3.14.7
/rows/14/result/filesystem/cargo/worker_ms	float	112.608142
/rows/14/result/filesystem/cargo/workload	string	cargo
/rows/14/result/filesystem/git	object	-
/rows/14/result/filesystem/git/check	object	-
/rows/14/result/filesystem/git/check/git_clean	boolean	true
/rows/14/result/filesystem/git/python	string	3.14.7
/rows/14/result/filesystem/git/worker_ms	float	175.57809
/rows/14/result/filesystem/git/workload	string	git
/rows/14/result/filesystem/metadata	object	-
/rows/14/result/filesystem/metadata/check	object	-
/rows/14/result/filesystem/metadata/check/bytes	integer	2095104
/rows/14/result/filesystem/metadata/check/files	integer	2048
/rows/14/result/filesystem/metadata/python	string	3.14.7
/rows/14/result/filesystem/metadata/worker_ms	float	84.4106
/rows/14/result/filesystem/metadata/workload	string	metadata
/rows/14/result/filesystem/npm	object	-
/rows/14/result/filesystem/npm/check	object	-
/rows/14/result/filesystem/npm/check/local_packages	integer	32
/rows/14/result/filesystem/npm/python	string	3.14.7
/rows/14/result/filesystem/npm/worker_ms	float	269.602051
/rows/14/result/filesystem/npm/workload	string	npm
/rows/14/result/filesystem/read	object	-
/rows/14/result/filesystem/read/check	object	-
/rows/14/result/filesystem/read/check/bytes	integer	67108864
/rows/14/result/filesystem/read/check/sha256	string	42ef3a50fe506ced865473b082c8b28f6ce254e6e2b01266b6a563531a6267bc
/rows/14/result/filesystem/read/python	string	3.14.7
/rows/14/result/filesystem/read/worker_ms	float	69.776038
/rows/14/result/filesystem/read/workload	string	read
/rows/14/result/filesystem/rg	object	-
/rows/14/result/filesystem/rg/check	object	-
/rows/14/result/filesystem/rg/check/matches	integer	2048
/rows/14/result/filesystem/rg/python	string	3.14.7
/rows/14/result/filesystem/rg/worker_ms	float	92.178918
/rows/14/result/filesystem/rg/workload	string	rg
/rows/14/result/filesystem/write	object	-
/rows/14/result/filesystem/write/check	object	-
/rows/14/result/filesystem/write/check/bytes	integer	16777216
/rows/14/result/filesystem/write/check/files	integer	256
/rows/14/result/filesystem/write/python	string	3.14.7
/rows/14/result/filesystem/write/worker_ms	float	212.415126
/rows/14/result/filesystem/write/workload	string	write
/rows/14/result/mode	string	filesystem
/rows/14/result/worker_ms	float	1147.44552
/rows/14/result_ms	float	1211.273006
/rows/14/trial	integer	3
/rows/15	object	-
/rows/15/backend	string	pvisor-host
/rows/15/completion_ms	float	494.785804
/rows/15/correctness	string	passed
/rows/15/logs	string	/home/reiase/workspace/pvisor/target/filesystem-fuse-ab-20261005/release/trials/filesystem-pvisor-host-003
/rows/15/memory_scope	string	owned launcher tree; Docker daemon/container RSS excluded
/rows/15/mode	string	filesystem
/rows/15/peak_tree_rss_kib	integer	160060
/rows/15/prepare_ms	float	42.841191
/rows/15/ready_ms	float	54.385095
/rows/15/result	object	-
/rows/15/result/correctness	string	passed
/rows/15/result/filesystem	object	-
/rows/15/result/filesystem/cargo	object	-
/rows/15/result/filesystem/cargo/check	object	-
/rows/15/result/filesystem/cargo/check/modules	integer	64
/rows/15/result/filesystem/cargo/check/result	string	2016
/rows/15/result/filesystem/cargo/python	string	3.14.7
/rows/15/result/filesystem/cargo/worker_ms	float	61.09106
/rows/15/result/filesystem/cargo/workload	string	cargo
/rows/15/result/filesystem/git	object	-
/rows/15/result/filesystem/git/check	object	-
/rows/15/result/filesystem/git/check/git_clean	boolean	true
/rows/15/result/filesystem/git/python	string	3.14.7
/rows/15/result/filesystem/git/worker_ms	float	16.632139
/rows/15/result/filesystem/git/workload	string	git
/rows/15/result/filesystem/metadata	object	-
/rows/15/result/filesystem/metadata/check	object	-
/rows/15/result/filesystem/metadata/check/bytes	integer	2095104
/rows/15/result/filesystem/metadata/check/files	integer	2048
/rows/15/result/filesystem/metadata/python	string	3.14.7
/rows/15/result/filesystem/metadata/worker_ms	float	5.195996
/rows/15/result/filesystem/metadata/workload	string	metadata
/rows/15/result/filesystem/npm	object	-
/rows/15/result/filesystem/npm/check	object	-
/rows/15/result/filesystem/npm/check/local_packages	integer	32
/rows/15/result/filesystem/npm/python	string	3.14.7
/rows/15/result/filesystem/npm/worker_ms	float	173.752272
/rows/15/result/filesystem/npm/workload	string	npm
/rows/15/result/filesystem/read	object	-
/rows/15/result/filesystem/read/check	object	-
/rows/15/result/filesystem/read/check/bytes	integer	67108864
/rows/15/result/filesystem/read/check/sha256	string	42ef3a50fe506ced865473b082c8b28f6ce254e6e2b01266b6a563531a6267bc
/rows/15/result/filesystem/read/python	string	3.14.7
/rows/15/result/filesystem/read/worker_ms	float	32.383254
/rows/15/result/filesystem/read/workload	string	read
/rows/15/result/filesystem/rg	object	-
/rows/15/result/filesystem/rg/check	object	-
/rows/15/result/filesystem/rg/check/matches	integer	2048
/rows/15/result/filesystem/rg/python	string	3.14.7
/rows/15/result/filesystem/rg/worker_ms	float	7.583883
/rows/15/result/filesystem/rg/workload	string	rg
/rows/15/result/filesystem/write	object	-
/rows/15/result/filesystem/write/check	object	-
/rows/15/result/filesystem/write/check/bytes	integer	16777216
/rows/15/result/filesystem/write/check/files	integer	256
/rows/15/result/filesystem/write/python	string	3.14.7
/rows/15/result/filesystem/write/worker_ms	float	3.818737
/rows/15/result/filesystem/write/workload	string	write
/rows/15/result/mode	string	filesystem
/rows/15/result/worker_ms	float	422.199462
/rows/15/result_ms	float	476.657583
/rows/15/trial	integer	3
/rows/16	object	-
/rows/16/backend	string	native
/rows/16/completion_ms	float	470.527363
/rows/16/correctness	string	passed
/rows/16/logs	string	/home/reiase/workspace/pvisor/target/filesystem-fuse-ab-20261005/release/trials/filesystem-native-004
/rows/16/memory_scope	string	owned launcher tree; Docker daemon/container RSS excluded
/rows/16/mode	string	filesystem
/rows/16/peak_tree_rss_kib	integer	136760
/rows/16/prepare_ms	float	40.619064
/rows/16/ready_ms	float	42.073448
/rows/16/result	object	-
/rows/16/result/correctness	string	passed
/rows/16/result/filesystem	object	-
/rows/16/result/filesystem/cargo	object	-
/rows/16/result/filesystem/cargo/check	object	-
/rows/16/result/filesystem/cargo/check/modules	integer	64
/rows/16/result/filesystem/cargo/check/result	string	2016
/rows/16/result/filesystem/cargo/python	string	3.14.7
/rows/16/result/filesystem/cargo/worker_ms	float	57.772097
/rows/16/result/filesystem/cargo/workload	string	cargo
/rows/16/result/filesystem/git	object	-
/rows/16/result/filesystem/git/check	object	-
/rows/16/result/filesystem/git/check/git_clean	boolean	true
/rows/16/result/filesystem/git/python	string	3.14.7
/rows/16/result/filesystem/git/worker_ms	float	14.825398
/rows/16/result/filesystem/git/workload	string	git
/rows/16/result/filesystem/metadata	object	-
/rows/16/result/filesystem/metadata/check	object	-
/rows/16/result/filesystem/metadata/check/bytes	integer	2095104
/rows/16/result/filesystem/metadata/check/files	integer	2048
/rows/16/result/filesystem/metadata/python	string	3.14.7
/rows/16/result/filesystem/metadata/worker_ms	float	4.973392
/rows/16/result/filesystem/metadata/workload	string	metadata
/rows/16/result/filesystem/npm	object	-
/rows/16/result/filesystem/npm/check	object	-
/rows/16/result/filesystem/npm/check/local_packages	integer	32
/rows/16/result/filesystem/npm/python	string	3.14.7
/rows/16/result/filesystem/npm/worker_ms	float	173.984385
/rows/16/result/filesystem/npm/workload	string	npm
/rows/16/result/filesystem/read	object	-
/rows/16/result/filesystem/read/check	object	-
/rows/16/result/filesystem/read/check/bytes	integer	67108864
/rows/16/result/filesystem/read/check/sha256	string	42ef3a50fe506ced865473b082c8b28f6ce254e6e2b01266b6a563531a6267bc
/rows/16/result/filesystem/read/python	string	3.14.7
/rows/16/result/filesystem/read/worker_ms	float	32.964158
/rows/16/result/filesystem/read/workload	string	read
/rows/16/result/filesystem/rg	object	-
/rows/16/result/filesystem/rg/check	object	-
/rows/16/result/filesystem/rg/check/matches	integer	2048
/rows/16/result/filesystem/rg/python	string	3.14.7
/rows/16/result/filesystem/rg/worker_ms	float	7.776062
/rows/16/result/filesystem/rg/workload	string	rg
/rows/16/result/filesystem/write	object	-
/rows/16/result/filesystem/write/check	object	-
/rows/16/result/filesystem/write/check/bytes	integer	16777216
/rows/16/result/filesystem/write/check/files	integer	256
/rows/16/result/filesystem/write/python	string	3.14.7
/rows/16/result/filesystem/write/worker_ms	float	5.452695
/rows/16/result/filesystem/write/workload	string	write
/rows/16/result/mode	string	filesystem
/rows/16/result/worker_ms	float	420.822142
/rows/16/result_ms	float	463.000666
/rows/16/trial	integer	4
/rows/17	object	-
/rows/17/backend	string	pvisor-staged
/rows/17/completion_ms	float	1336.654187
/rows/17/correctness	string	passed
/rows/17/logs	string	/home/reiase/workspace/pvisor/target/filesystem-fuse-ab-20261005/release/trials/filesystem-pvisor-staged-004
/rows/17/memory_scope	string	owned launcher tree; Docker daemon/container RSS excluded
/rows/17/mode	string	filesystem
/rows/17/peak_tree_rss_kib	integer	177572
/rows/17/prepare_ms	float	37.962757
/rows/17/ready_ms	float	63.390231
/rows/17/result	object	-
/rows/17/result/correctness	string	passed
/rows/17/result/filesystem	object	-
/rows/17/result/filesystem/cargo	object	-
/rows/17/result/filesystem/cargo/check	object	-
/rows/17/result/filesystem/cargo/check/modules	integer	64
/rows/17/result/filesystem/cargo/check/result	string	2016
/rows/17/result/filesystem/cargo/python	string	3.14.7
/rows/17/result/filesystem/cargo/worker_ms	float	118.862265
/rows/17/result/filesystem/cargo/workload	string	cargo
/rows/17/result/filesystem/git	object	-
/rows/17/result/filesystem/git/check	object	-
/rows/17/result/filesystem/git/check/git_clean	boolean	true
/rows/17/result/filesystem/git/python	string	3.14.7
/rows/17/result/filesystem/git/worker_ms	float	177.513371
/rows/17/result/filesystem/git/workload	string	git
/rows/17/result/filesystem/metadata	object	-
/rows/17/result/filesystem/metadata/check	object	-
/rows/17/result/filesystem/metadata/check/bytes	integer	2095104
/rows/17/result/filesystem/metadata/check/files	integer	2048
/rows/17/result/filesystem/metadata/python	string	3.14.7
/rows/17/result/filesystem/metadata/worker_ms	float	79.092414
/rows/17/result/filesystem/metadata/workload	string	metadata
/rows/17/result/filesystem/npm	object	-
/rows/17/result/filesystem/npm/check	object	-
/rows/17/result/filesystem/npm/check/local_packages	integer	32
/rows/17/result/filesystem/npm/python	string	3.14.7
/rows/17/result/filesystem/npm/worker_ms	float	263.219849
/rows/17/result/filesystem/npm/workload	string	npm
/rows/17/result/filesystem/read	object	-
/rows/17/result/filesystem/read/check	object	-
/rows/17/result/filesystem/read/check/bytes	integer	67108864
/rows/17/result/filesystem/read/check/sha256	string	42ef3a50fe506ced865473b082c8b28f6ce254e6e2b01266b6a563531a6267bc
/rows/17/result/filesystem/read/python	string	3.14.7
/rows/17/result/filesystem/read/worker_ms	float	68.911645
/rows/17/result/filesystem/read/workload	string	read
/rows/17/result/filesystem/rg	object	-
/rows/17/result/filesystem/rg/check	object	-
/rows/17/result/filesystem/rg/check/matches	integer	2048
/rows/17/result/filesystem/rg/python	string	3.14.7
/rows/17/result/filesystem/rg/worker_ms	float	90.446013
/rows/17/result/filesystem/rg/workload	string	rg
/rows/17/result/filesystem/write	object	-
/rows/17/result/filesystem/write/check	object	-
/rows/17/result/filesystem/write/check/bytes	integer	16777216
/rows/17/result/filesystem/write/check/files	integer	256
/rows/17/result/filesystem/write/python	string	3.14.7
/rows/17/result/filesystem/write/worker_ms	float	210.033381
/rows/17/result/filesystem/write/workload	string	write
/rows/17/result/mode	string	filesystem
/rows/17/result/worker_ms	float	1136.544646
/rows/17/result_ms	float	1199.970213
/rows/17/trial	integer	4
/rows/18	object	-
/rows/18/backend	string	pvisor-host
/rows/18/completion_ms	float	502.417909
/rows/18/correctness	string	passed
/rows/18/logs	string	/home/reiase/workspace/pvisor/target/filesystem-fuse-ab-20261005/release/trials/filesystem-pvisor-host-004
/rows/18/memory_scope	string	owned launcher tree; Docker daemon/container RSS excluded
/rows/18/mode	string	filesystem
/rows/18/peak_tree_rss_kib	integer	159940
/rows/18/prepare_ms	float	36.548729
/rows/18/ready_ms	float	51.754556
/rows/18/result	object	-
/rows/18/result/correctness	string	passed
/rows/18/result/filesystem	object	-
/rows/18/result/filesystem/cargo	object	-
/rows/18/result/filesystem/cargo/check	object	-
/rows/18/result/filesystem/cargo/check/modules	integer	64
/rows/18/result/filesystem/cargo/check/result	string	2016
/rows/18/result/filesystem/cargo/python	string	3.14.7
/rows/18/result/filesystem/cargo/worker_ms	float	65.170322
/rows/18/result/filesystem/cargo/workload	string	cargo
/rows/18/result/filesystem/git	object	-
/rows/18/result/filesystem/git/check	object	-
/rows/18/result/filesystem/git/check/git_clean	boolean	true
/rows/18/result/filesystem/git/python	string	3.14.7
/rows/18/result/filesystem/git/worker_ms	float	16.059741
/rows/18/result/filesystem/git/workload	string	git
/rows/18/result/filesystem/metadata	object	-
/rows/18/result/filesystem/metadata/check	object	-
/rows/18/result/filesystem/metadata/check/bytes	integer	2095104
/rows/18/result/filesystem/metadata/check/files	integer	2048
/rows/18/result/filesystem/metadata/python	string	3.14.7
/rows/18/result/filesystem/metadata/worker_ms	float	5.030699
/rows/18/result/filesystem/metadata/workload	string	metadata
/rows/18/result/filesystem/npm	object	-
/rows/18/result/filesystem/npm/check	object	-
/rows/18/result/filesystem/npm/check/local_packages	integer	32
/rows/18/result/filesystem/npm/python	string	3.14.7
/rows/18/result/filesystem/npm/worker_ms	float	179.282964
/rows/18/result/filesystem/npm/workload	string	npm
/rows/18/result/filesystem/read	object	-
/rows/18/result/filesystem/read/check	object	-
/rows/18/result/filesystem/read/check/bytes	integer	67108864
/rows/18/result/filesystem/read/check/sha256	string	42ef3a50fe506ced865473b082c8b28f6ce254e6e2b01266b6a563531a6267bc
/rows/18/result/filesystem/read/python	string	3.14.7
/rows/18/result/filesystem/read/worker_ms	float	32.285973
/rows/18/result/filesystem/read/workload	string	read
/rows/18/result/filesystem/rg	object	-
/rows/18/result/filesystem/rg/check	object	-
/rows/18/result/filesystem/rg/check/matches	integer	2048
/rows/18/result/filesystem/rg/python	string	3.14.7
/rows/18/result/filesystem/rg/worker_ms	float	8.098674
/rows/18/result/filesystem/rg/workload	string	rg
/rows/18/result/filesystem/write	object	-
/rows/18/result/filesystem/write/check	object	-
/rows/18/result/filesystem/write/check/bytes	integer	16777216
/rows/18/result/filesystem/write/check/files	integer	256
/rows/18/result/filesystem/write/python	string	3.14.7
/rows/18/result/filesystem/write/worker_ms	float	3.919134
/rows/18/result/filesystem/write/workload	string	write
/rows/18/result/mode	string	filesystem
/rows/18/result/worker_ms	float	429.491171
/rows/18/result_ms	float	481.297994
/rows/18/trial	integer	4
/rows/19	object	-
/rows/19/backend	string	pvisor-fuse
/rows/19/completion_ms	float	604.269006
/rows/19/correctness	string	passed
/rows/19/fuse_requests	object	-
/rows/19/fuse_requests/getattr	integer	476
/rows/19/fuse_requests/lookup	integer	3061
/rows/19/fuse_requests/read	integer	4758
/rows/19/fuse_requests/read_bytes	integer	72389686
/rows/19/fuse_requests/readdir	integer	542
/rows/19/fuse_requests/readdirplus	integer	0
/rows/19/fuse_requests/write	integer	292
/rows/19/fuse_requests/write_bytes	integer	17485492
/rows/19/logs	string	/home/reiase/workspace/pvisor/target/filesystem-fuse-ab-20261005/release/trials/filesystem-pvisor-fuse-004
/rows/19/memory_scope	string	owned launcher tree; Docker daemon/container RSS excluded
/rows/19/mode	string	filesystem
/rows/19/peak_tree_rss_kib	integer	153928
/rows/19/prepare_ms	float	37.03741
/rows/19/ready_ms	float	54.073354
/rows/19/result	object	-
/rows/19/result/correctness	string	passed
/rows/19/result/filesystem	object	-
/rows/19/result/filesystem/cargo	object	-
/rows/19/result/filesystem/cargo/check	object	-
/rows/19/result/filesystem/cargo/check/modules	integer	64
/rows/19/result/filesystem/cargo/check/result	string	2016
/rows/19/result/filesystem/cargo/python	string	3.14.7
/rows/19/result/filesystem/cargo/worker_ms	float	70.16814
/rows/19/result/filesystem/cargo/workload	string	cargo
/rows/19/result/filesystem/git	object	-
/rows/19/result/filesystem/git/check	object	-
/rows/19/result/filesystem/git/check/git_clean	boolean	true
/rows/19/result/filesystem/git/python	string	3.14.7
/rows/19/result/filesystem/git/worker_ms	float	38.412196
/rows/19/result/filesystem/git/workload	string	git
/rows/19/result/filesystem/metadata	object	-
/rows/19/result/filesystem/metadata/check	object	-
/rows/19/result/filesystem/metadata/check/bytes	integer	2095104
/rows/19/result/filesystem/metadata/check/files	integer	2048
/rows/19/result/filesystem/metadata/python	string	3.14.7
/rows/19/result/filesystem/metadata/worker_ms	float	24.016932
/rows/19/result/filesystem/metadata/workload	string	metadata
/rows/19/result/filesystem/npm	object	-
/rows/19/result/filesystem/npm/check	object	-
/rows/19/result/filesystem/npm/check/local_packages	integer	32
/rows/19/result/filesystem/npm/python	string	3.14.7
/rows/19/result/filesystem/npm/worker_ms	float	189.307802
/rows/19/result/filesystem/npm/workload	string	npm
/rows/19/result/filesystem/read	object	-
/rows/19/result/filesystem/read/check	object	-
/rows/19/result/filesystem/read/check/bytes	integer	67108864
/rows/19/result/filesystem/read/check/sha256	string	42ef3a50fe506ced865473b082c8b28f6ce254e6e2b01266b6a563531a6267bc
/rows/19/result/filesystem/read/python	string	3.14.7
/rows/19/result/filesystem/read/worker_ms	float	40.56309
/rows/19/result/filesystem/read/workload	string	read
/rows/19/result/filesystem/rg	object	-
/rows/19/result/filesystem/rg/check	object	-
/rows/19/result/filesystem/rg/check/matches	integer	2048
/rows/19/result/filesystem/rg/python	string	3.14.7
/rows/19/result/filesystem/rg/worker_ms	float	28.065948
/rows/19/result/filesystem/rg/workload	string	rg
/rows/19/result/filesystem/write	object	-
/rows/19/result/filesystem/write/check	object	-
/rows/19/result/filesystem/write/check/bytes	integer	16777216
/rows/19/result/filesystem/write/check/files	integer	256
/rows/19/result/filesystem/write/python	string	3.14.7
/rows/19/result/filesystem/write/worker_ms	float	11.776738
/rows/19/result/filesystem/write/workload	string	write
/rows/19/result/mode	string	filesystem
/rows/19/result/worker_ms	float	526.643088
/rows/19/result_ms	float	580.780832
/rows/19/trial	integer	4
/rows/20	object	-
/rows/20/backend	string	pvisor-staged
/rows/20/completion_ms	float	1337.566469
/rows/20/correctness	string	passed
/rows/20/logs	string	/home/reiase/workspace/pvisor/target/filesystem-fuse-ab-20261005/release/trials/filesystem-pvisor-staged-005
/rows/20/memory_scope	string	owned launcher tree; Docker daemon/container RSS excluded
/rows/20/mode	string	filesystem
/rows/20/peak_tree_rss_kib	integer	188968
/rows/20/prepare_ms	float	37.139872
/rows/20/ready_ms	float	62.247028
/rows/20/result	object	-
/rows/20/result/correctness	string	passed
/rows/20/result/filesystem	object	-
/rows/20/result/filesystem/cargo	object	-
/rows/20/result/filesystem/cargo/check	object	-
/rows/20/result/filesystem/cargo/check/modules	integer	64
/rows/20/result/filesystem/cargo/check/result	string	2016
/rows/20/result/filesystem/cargo/python	string	3.14.7
/rows/20/result/filesystem/cargo/worker_ms	float	125.025446
/rows/20/result/filesystem/cargo/workload	string	cargo
/rows/20/result/filesystem/git	object	-
/rows/20/result/filesystem/git/check	object	-
/rows/20/result/filesystem/git/check/git_clean	boolean	true
/rows/20/result/filesystem/git/python	string	3.14.7
/rows/20/result/filesystem/git/worker_ms	float	174.412064
/rows/20/result/filesystem/git/workload	string	git
/rows/20/result/filesystem/metadata	object	-
/rows/20/result/filesystem/metadata/check	object	-
/rows/20/result/filesystem/metadata/check/bytes	integer	2095104
/rows/20/result/filesystem/metadata/check/files	integer	2048
/rows/20/result/filesystem/metadata/python	string	3.14.7
/rows/20/result/filesystem/metadata/worker_ms	float	76.354155
/rows/20/result/filesystem/metadata/workload	string	metadata
/rows/20/result/filesystem/npm	object	-
/rows/20/result/filesystem/npm/check	object	-
/rows/20/result/filesystem/npm/check/local_packages	integer	32
/rows/20/result/filesystem/npm/python	string	3.14.7
/rows/20/result/filesystem/npm/worker_ms	float	272.400483
/rows/20/result/filesystem/npm/workload	string	npm
/rows/20/result/filesystem/read	object	-
/rows/20/result/filesystem/read/check	object	-
/rows/20/result/filesystem/read/check/bytes	integer	67108864
/rows/20/result/filesystem/read/check/sha256	string	42ef3a50fe506ced865473b082c8b28f6ce254e6e2b01266b6a563531a6267bc
/rows/20/result/filesystem/read/python	string	3.14.7
/rows/20/result/filesystem/read/worker_ms	float	68.157678
/rows/20/result/filesystem/read/workload	string	read
/rows/20/result/filesystem/rg	object	-
/rows/20/result/filesystem/rg/check	object	-
/rows/20/result/filesystem/rg/check/matches	integer	2048
/rows/20/result/filesystem/rg/python	string	3.14.7
/rows/20/result/filesystem/rg/worker_ms	float	94.513344
/rows/20/result/filesystem/rg/workload	string	rg
/rows/20/result/filesystem/write	object	-
/rows/20/result/filesystem/write/check	object	-
/rows/20/result/filesystem/write/check/bytes	integer	16777216
/rows/20/result/filesystem/write/check/files	integer	256
/rows/20/result/filesystem/write/python	string	3.14.7
/rows/20/result/filesystem/write/worker_ms	float	201.666937
/rows/20/result/filesystem/write/workload	string	write
/rows/20/result/mode	string	filesystem
/rows/20/result/worker_ms	float	1140.95688
/rows/20/result_ms	float	1203.248671
/rows/20/trial	integer	5
/rows/21	object	-
/rows/21/backend	string	native
/rows/21/completion_ms	float	476.605977
/rows/21/correctness	string	passed
/rows/21/logs	string	/home/reiase/workspace/pvisor/target/filesystem-fuse-ab-20261005/release/trials/filesystem-native-005
/rows/21/memory_scope	string	owned launcher tree; Docker daemon/container RSS excluded
/rows/21/mode	string	filesystem
/rows/21/peak_tree_rss_kib	integer	140256
/rows/21/prepare_ms	float	37.023894
/rows/21/ready_ms	float	39.617956
/rows/21/result	object	-
/rows/21/result/correctness	string	passed
/rows/21/result/filesystem	object	-
/rows/21/result/filesystem/cargo	object	-
/rows/21/result/filesystem/cargo/check	object	-
/rows/21/result/filesystem/cargo/check/modules	integer	64
/rows/21/result/filesystem/cargo/check/result	string	2016
/rows/21/result/filesystem/cargo/python	string	3.14.7
/rows/21/result/filesystem/cargo/worker_ms	float	54.911427
/rows/21/result/filesystem/cargo/workload	string	cargo
/rows/21/result/filesystem/git	object	-
/rows/21/result/filesystem/git/check	object	-
/rows/21/result/filesystem/git/check/git_clean	boolean	true
/rows/21/result/filesystem/git/python	string	3.14.7
/rows/21/result/filesystem/git/worker_ms	float	15.640889
/rows/21/result/filesystem/git/workload	string	git
/rows/21/result/filesystem/metadata	object	-
/rows/21/result/filesystem/metadata/check	object	-
/rows/21/result/filesystem/metadata/check/bytes	integer	2095104
/rows/21/result/filesystem/metadata/check/files	integer	2048
/rows/21/result/filesystem/metadata/python	string	3.14.7
/rows/21/result/filesystem/metadata/worker_ms	float	4.662852
/rows/21/result/filesystem/metadata/workload	string	metadata
/rows/21/result/filesystem/npm	object	-
/rows/21/result/filesystem/npm/check	object	-
/rows/21/result/filesystem/npm/check/local_packages	integer	32
/rows/21/result/filesystem/npm/python	string	3.14.7
/rows/21/result/filesystem/npm/worker_ms	float	183.043742
/rows/21/result/filesystem/npm/workload	string	npm
/rows/21/result/filesystem/read	object	-
/rows/21/result/filesystem/read/check	object	-
/rows/21/result/filesystem/read/check/bytes	integer	67108864
/rows/21/result/filesystem/read/check/sha256	string	42ef3a50fe506ced865473b082c8b28f6ce254e6e2b01266b6a563531a6267bc
/rows/21/result/filesystem/read/python	string	3.14.7
/rows/21/result/filesystem/read/worker_ms	float	34.776291
/rows/21/result/filesystem/read/workload	string	read
/rows/21/result/filesystem/rg	object	-
/rows/21/result/filesystem/rg/check	object	-
/rows/21/result/filesystem/rg/check/matches	integer	2048
/rows/21/result/filesystem/rg/python	string	3.14.7
/rows/21/result/filesystem/rg/worker_ms	float	7.482675
/rows/21/result/filesystem/rg/workload	string	rg
/rows/21/result/filesystem/write	object	-
/rows/21/result/filesystem/write/check	object	-
/rows/21/result/filesystem/write/check/bytes	integer	16777216
/rows/21/result/filesystem/write/check/files	integer	256
/rows/21/result/filesystem/write/python	string	3.14.7
/rows/21/result/filesystem/write/worker_ms	float	3.821281
/rows/21/result/filesystem/write/workload	string	write
/rows/21/result/mode	string	filesystem
/rows/21/result/worker_ms	float	424.06834
/rows/21/result_ms	float	463.746849
/rows/21/trial	integer	5
/rows/22	object	-
/rows/22/backend	string	pvisor-host
/rows/22/completion_ms	float	502.502607
/rows/22/correctness	string	passed
/rows/22/logs	string	/home/reiase/workspace/pvisor/target/filesystem-fuse-ab-20261005/release/trials/filesystem-pvisor-host-005
/rows/22/memory_scope	string	owned launcher tree; Docker daemon/container RSS excluded
/rows/22/mode	string	filesystem
/rows/22/peak_tree_rss_kib	integer	160392
/rows/22/prepare_ms	float	38.242439
/rows/22/ready_ms	float	52.955127
/rows/22/result	object	-
/rows/22/result/correctness	string	passed
/rows/22/result/filesystem	object	-
/rows/22/result/filesystem/cargo	object	-
/rows/22/result/filesystem/cargo/check	object	-
/rows/22/result/filesystem/cargo/check/modules	integer	64
/rows/22/result/filesystem/cargo/check/result	string	2016
/rows/22/result/filesystem/cargo/python	string	3.14.7
/rows/22/result/filesystem/cargo/worker_ms	float	54.795331
/rows/22/result/filesystem/cargo/workload	string	cargo
/rows/22/result/filesystem/git	object	-
/rows/22/result/filesystem/git/check	object	-
/rows/22/result/filesystem/git/check/git_clean	boolean	true
/rows/22/result/filesystem/git/python	string	3.14.7
/rows/22/result/filesystem/git/worker_ms	float	15.138602
/rows/22/result/filesystem/git/workload	string	git
/rows/22/result/filesystem/metadata	object	-
/rows/22/result/filesystem/metadata/check	object	-
/rows/22/result/filesystem/metadata/check/bytes	integer	2095104
/rows/22/result/filesystem/metadata/check/files	integer	2048
/rows/22/result/filesystem/metadata/python	string	3.14.7
/rows/22/result/filesystem/metadata/worker_ms	float	4.868706
/rows/22/result/filesystem/metadata/workload	string	metadata
/rows/22/result/filesystem/npm	object	-
/rows/22/result/filesystem/npm/check	object	-
/rows/22/result/filesystem/npm/check/local_packages	integer	32
/rows/22/result/filesystem/npm/python	string	3.14.7
/rows/22/result/filesystem/npm/worker_ms	float	179.381558
/rows/22/result/filesystem/npm/workload	string	npm
/rows/22/result/filesystem/read	object	-
/rows/22/result/filesystem/read/check	object	-
/rows/22/result/filesystem/read/check/bytes	integer	67108864
/rows/22/result/filesystem/read/check/sha256	string	42ef3a50fe506ced865473b082c8b28f6ce254e6e2b01266b6a563531a6267bc
/rows/22/result/filesystem/read/python	string	3.14.7
/rows/22/result/filesystem/read/worker_ms	float	31.524572
/rows/22/result/filesystem/read/workload	string	read
/rows/22/result/filesystem/rg	object	-
/rows/22/result/filesystem/rg/check	object	-
/rows/22/result/filesystem/rg/check/matches	integer	2048
/rows/22/result/filesystem/rg/python	string	3.14.7
/rows/22/result/filesystem/rg/worker_ms	float	8.63269
/rows/22/result/filesystem/rg/workload	string	rg
/rows/22/result/filesystem/write	object	-
/rows/22/result/filesystem/write/check	object	-
/rows/22/result/filesystem/write/check/bytes	integer	16777216
/rows/22/result/filesystem/write/check/files	integer	256
/rows/22/result/filesystem/write/python	string	3.14.7
/rows/22/result/filesystem/write/worker_ms	float	3.816953
/rows/22/result/filesystem/write/workload	string	write
/rows/22/result/mode	string	filesystem
/rows/22/result/worker_ms	float	419.35359
/rows/22/result_ms	float	472.353561
/rows/22/trial	integer	5
/rows/23	object	-
/rows/23/backend	string	pvisor-fuse
/rows/23/completion_ms	float	619.069447
/rows/23/correctness	string	passed
/rows/23/fuse_requests	object	-
/rows/23/fuse_requests/getattr	integer	477
/rows/23/fuse_requests/lookup	integer	3061
/rows/23/fuse_requests/read	integer	4758
/rows/23/fuse_requests/read_bytes	integer	72389686
/rows/23/fuse_requests/readdir	integer	542
/rows/23/fuse_requests/readdirplus	integer	0
/rows/23/fuse_requests/write	integer	292
/rows/23/fuse_requests/write_bytes	integer	17485492
/rows/23/logs	string	/home/reiase/workspace/pvisor/target/filesystem-fuse-ab-20261005/release/trials/filesystem-pvisor-fuse-005
/rows/23/memory_scope	string	owned launcher tree; Docker daemon/container RSS excluded
/rows/23/mode	string	filesystem
/rows/23/peak_tree_rss_kib	integer	159076
/rows/23/prepare_ms	float	37.3105
/rows/23/ready_ms	float	52.481242
/rows/23/result	object	-
/rows/23/result/correctness	string	passed
/rows/23/result/filesystem	object	-
/rows/23/result/filesystem/cargo	object	-
/rows/23/result/filesystem/cargo/check	object	-
/rows/23/result/filesystem/cargo/check/modules	integer	64
/rows/23/result/filesystem/cargo/check/result	string	2016
/rows/23/result/filesystem/cargo/python	string	3.14.7
/rows/23/result/filesystem/cargo/worker_ms	float	81.652292
/rows/23/result/filesystem/cargo/workload	string	cargo
/rows/23/result/filesystem/git	object	-
/rows/23/result/filesystem/git/check	object	-
/rows/23/result/filesystem/git/check/git_clean	boolean	true
/rows/23/result/filesystem/git/python	string	3.14.7
/rows/23/result/filesystem/git/worker_ms	float	40.202477
/rows/23/result/filesystem/git/workload	string	git
/rows/23/result/filesystem/metadata	object	-
/rows/23/result/filesystem/metadata/check	object	-
/rows/23/result/filesystem/metadata/check/bytes	integer	2095104
/rows/23/result/filesystem/metadata/check/files	integer	2048
/rows/23/result/filesystem/metadata/python	string	3.14.7
/rows/23/result/filesystem/metadata/worker_ms	float	22.059167
/rows/23/result/filesystem/metadata/workload	string	metadata
/rows/23/result/filesystem/npm	object	-
/rows/23/result/filesystem/npm/check	object	-
/rows/23/result/filesystem/npm/check/local_packages	integer	32
/rows/23/result/filesystem/npm/python	string	3.14.7
/rows/23/result/filesystem/npm/worker_ms	float	184.063986
/rows/23/result/filesystem/npm/workload	string	npm
/rows/23/result/filesystem/read	object	-
/rows/23/result/filesystem/read/check	object	-
/rows/23/result/filesystem/read/check/bytes	integer	67108864
/rows/23/result/filesystem/read/check/sha256	string	42ef3a50fe506ced865473b082c8b28f6ce254e6e2b01266b6a563531a6267bc
/rows/23/result/filesystem/read/python	string	3.14.7
/rows/23/result/filesystem/read/worker_ms	float	38.436451
/rows/23/result/filesystem/read/workload	string	read
/rows/23/result/filesystem/rg	object	-
/rows/23/result/filesystem/rg/check	object	-
/rows/23/result/filesystem/rg/check/matches	integer	2048
/rows/23/result/filesystem/rg/python	string	3.14.7
/rows/23/result/filesystem/rg/worker_ms	float	27.850606
/rows/23/result/filesystem/rg/workload	string	rg
/rows/23/result/filesystem/write	object	-
/rows/23/result/filesystem/write/check	object	-
/rows/23/result/filesystem/write/check/bytes	integer	16777216
/rows/23/result/filesystem/write/check/files	integer	256
/rows/23/result/filesystem/write/python	string	3.14.7
/rows/23/result/filesystem/write/worker_ms	float	12.590727
/rows/23/result/filesystem/write/workload	string	write
/rows/23/result/mode	string	filesystem
/rows/23/result/worker_ms	float	529.770665
/rows/23/result_ms	float	582.318462
/rows/23/trial	integer	5
/rows/24	object	-
/rows/24/backend	string	pvisor-host
/rows/24/completion_ms	float	485.641019
/rows/24/correctness	string	passed
/rows/24/logs	string	/home/reiase/workspace/pvisor/target/filesystem-fuse-ab-20261005/release/trials/filesystem-pvisor-host-006
/rows/24/memory_scope	string	owned launcher tree; Docker daemon/container RSS excluded
/rows/24/mode	string	filesystem
/rows/24/peak_tree_rss_kib	integer	159952
/rows/24/prepare_ms	float	36.162558
/rows/24/ready_ms	float	50.038133
/rows/24/result	object	-
/rows/24/result/correctness	string	passed
/rows/24/result/filesystem	object	-
/rows/24/result/filesystem/cargo	object	-
/rows/24/result/filesystem/cargo/check	object	-
/rows/24/result/filesystem/cargo/check/modules	integer	64
/rows/24/result/filesystem/cargo/check/result	string	2016
/rows/24/result/filesystem/cargo/python	string	3.14.7
/rows/24/result/filesystem/cargo/worker_ms	float	58.843225
/rows/24/result/filesystem/cargo/workload	string	cargo
/rows/24/result/filesystem/git	object	-
/rows/24/result/filesystem/git/check	object	-
/rows/24/result/filesystem/git/check/git_clean	boolean	true
/rows/24/result/filesystem/git/python	string	3.14.7
/rows/24/result/filesystem/git/worker_ms	float	15.242476
/rows/24/result/filesystem/git/workload	string	git
/rows/24/result/filesystem/metadata	object	-
/rows/24/result/filesystem/metadata/check	object	-
/rows/24/result/filesystem/metadata/check/bytes	integer	2095104
/rows/24/result/filesystem/metadata/check/files	integer	2048
/rows/24/result/filesystem/metadata/python	string	3.14.7
/rows/24/result/filesystem/metadata/worker_ms	float	4.706684
/rows/24/result/filesystem/metadata/workload	string	metadata
/rows/24/result/filesystem/npm	object	-
/rows/24/result/filesystem/npm/check	object	-
/rows/24/result/filesystem/npm/check/local_packages	integer	32
/rows/24/result/filesystem/npm/python	string	3.14.7
/rows/24/result/filesystem/npm/worker_ms	float	176.116423
/rows/24/result/filesystem/npm/workload	string	npm
/rows/24/result/filesystem/read	object	-
/rows/24/result/filesystem/read/check	object	-
/rows/24/result/filesystem/read/check/bytes	integer	67108864
/rows/24/result/filesystem/read/check/sha256	string	42ef3a50fe506ced865473b082c8b28f6ce254e6e2b01266b6a563531a6267bc
/rows/24/result/filesystem/read/python	string	3.14.7
/rows/24/result/filesystem/read/worker_ms	float	32.176639
/rows/24/result/filesystem/read/workload	string	read
/rows/24/result/filesystem/rg	object	-
/rows/24/result/filesystem/rg/check	object	-
/rows/24/result/filesystem/rg/check/matches	integer	2048
/rows/24/result/filesystem/rg/python	string	3.14.7
/rows/24/result/filesystem/rg/worker_ms	float	8.007754
/rows/24/result/filesystem/rg/workload	string	rg
/rows/24/result/filesystem/write	object	-
/rows/24/result/filesystem/write/check	object	-
/rows/24/result/filesystem/write/check/bytes	integer	16777216
/rows/24/result/filesystem/write/check/files	integer	256
/rows/24/result/filesystem/write/python	string	3.14.7
/rows/24/result/filesystem/write/worker_ms	float	3.946415
/rows/24/result/filesystem/write/workload	string	write
/rows/24/result/mode	string	filesystem
/rows/24/result/worker_ms	float	418.700192
/rows/24/result_ms	float	468.818765
/rows/24/trial	integer	6
/rows/25	object	-
/rows/25/backend	string	pvisor-fuse
/rows/25/completion_ms	float	596.880748
/rows/25/correctness	string	passed
/rows/25/fuse_requests	object	-
/rows/25/fuse_requests/getattr	integer	476
/rows/25/fuse_requests/lookup	integer	3061
/rows/25/fuse_requests/read	integer	4758
/rows/25/fuse_requests/read_bytes	integer	72389686
/rows/25/fuse_requests/readdir	integer	542
/rows/25/fuse_requests/readdirplus	integer	0
/rows/25/fuse_requests/write	integer	292
/rows/25/fuse_requests/write_bytes	integer	17485492
/rows/25/logs	string	/home/reiase/workspace/pvisor/target/filesystem-fuse-ab-20261005/release/trials/filesystem-pvisor-fuse-006
/rows/25/memory_scope	string	owned launcher tree; Docker daemon/container RSS excluded
/rows/25/mode	string	filesystem
/rows/25/peak_tree_rss_kib	integer	153140
/rows/25/prepare_ms	float	36.887521
/rows/25/ready_ms	float	51.846036
/rows/25/result	object	-
/rows/25/result/correctness	string	passed
/rows/25/result/filesystem	object	-
/rows/25/result/filesystem/cargo	object	-
/rows/25/result/filesystem/cargo/check	object	-
/rows/25/result/filesystem/cargo/check/modules	integer	64
/rows/25/result/filesystem/cargo/check/result	string	2016
/rows/25/result/filesystem/cargo/python	string	3.14.7
/rows/25/result/filesystem/cargo/worker_ms	float	74.560647
/rows/25/result/filesystem/cargo/workload	string	cargo
/rows/25/result/filesystem/git	object	-
/rows/25/result/filesystem/git/check	object	-
/rows/25/result/filesystem/git/check/git_clean	boolean	true
/rows/25/result/filesystem/git/python	string	3.14.7
/rows/25/result/filesystem/git/worker_ms	float	41.520467
/rows/25/result/filesystem/git/workload	string	git
/rows/25/result/filesystem/metadata	object	-
/rows/25/result/filesystem/metadata/check	object	-
/rows/25/result/filesystem/metadata/check/bytes	integer	2095104
/rows/25/result/filesystem/metadata/check/files	integer	2048
/rows/25/result/filesystem/metadata/python	string	3.14.7
/rows/25/result/filesystem/metadata/worker_ms	float	22.233644
/rows/25/result/filesystem/metadata/workload	string	metadata
/rows/25/result/filesystem/npm	object	-
/rows/25/result/filesystem/npm/check	object	-
/rows/25/result/filesystem/npm/check/local_packages	integer	32
/rows/25/result/filesystem/npm/python	string	3.14.7
/rows/25/result/filesystem/npm/worker_ms	float	181.653909
/rows/25/result/filesystem/npm/workload	string	npm
/rows/25/result/filesystem/read	object	-
/rows/25/result/filesystem/read/check	object	-
/rows/25/result/filesystem/read/check/bytes	integer	67108864
/rows/25/result/filesystem/read/check/sha256	string	42ef3a50fe506ced865473b082c8b28f6ce254e6e2b01266b6a563531a6267bc
/rows/25/result/filesystem/read/python	string	3.14.7
/rows/25/result/filesystem/read/worker_ms	float	39.125207
/rows/25/result/filesystem/read/workload	string	read
/rows/25/result/filesystem/rg	object	-
/rows/25/result/filesystem/rg/check	object	-
/rows/25/result/filesystem/rg/check/matches	integer	2048
/rows/25/result/filesystem/rg/python	string	3.14.7
/rows/25/result/filesystem/rg/worker_ms	float	26.279454
/rows/25/result/filesystem/rg/workload	string	rg
/rows/25/result/filesystem/write	object	-
/rows/25/result/filesystem/write/check	object	-
/rows/25/result/filesystem/write/check/bytes	integer	16777216
/rows/25/result/filesystem/write/check/files	integer	256
/rows/25/result/filesystem/write/python	string	3.14.7
/rows/25/result/filesystem/write/worker_ms	float	11.499391
/rows/25/result/filesystem/write/workload	string	write
/rows/25/result/mode	string	filesystem
/rows/25/result/worker_ms	float	518.947426
/rows/25/result_ms	float	570.848886
/rows/25/trial	integer	6
/rows/26	object	-
/rows/26/backend	string	pvisor-staged
/rows/26/completion_ms	float	1306.053618
/rows/26/correctness	string	passed
/rows/26/logs	string	/home/reiase/workspace/pvisor/target/filesystem-fuse-ab-20261005/release/trials/filesystem-pvisor-staged-006
/rows/26/memory_scope	string	owned launcher tree; Docker daemon/container RSS excluded
/rows/26/mode	string	filesystem
/rows/26/peak_tree_rss_kib	integer	175172
/rows/26/prepare_ms	float	37.521133
/rows/26/ready_ms	float	65.371758
/rows/26/result	object	-
/rows/26/result/correctness	string	passed
/rows/26/result/filesystem	object	-
/rows/26/result/filesystem/cargo	object	-
/rows/26/result/filesystem/cargo/check	object	-
/rows/26/result/filesystem/cargo/check/modules	integer	64
/rows/26/result/filesystem/cargo/check/result	string	2016
/rows/26/result/filesystem/cargo/python	string	3.14.7
/rows/26/result/filesystem/cargo/worker_ms	float	116.713194
/rows/26/result/filesystem/cargo/workload	string	cargo
/rows/26/result/filesystem/git	object	-
/rows/26/result/filesystem/git/check	object	-
/rows/26/result/filesystem/git/check/git_clean	boolean	true
/rows/26/result/filesystem/git/python	string	3.14.7
/rows/26/result/filesystem/git/worker_ms	float	174.071538
/rows/26/result/filesystem/git/workload	string	git
/rows/26/result/filesystem/metadata	object	-
/rows/26/result/filesystem/metadata/check	object	-
/rows/26/result/filesystem/metadata/check/bytes	integer	2095104
/rows/26/result/filesystem/metadata/check/files	integer	2048
/rows/26/result/filesystem/metadata/python	string	3.14.7
/rows/26/result/filesystem/metadata/worker_ms	float	76.453861
/rows/26/result/filesystem/metadata/workload	string	metadata
/rows/26/result/filesystem/npm	object	-
/rows/26/result/filesystem/npm/check	object	-
/rows/26/result/filesystem/npm/check/local_packages	integer	32
/rows/26/result/filesystem/npm/python	string	3.14.7
/rows/26/result/filesystem/npm/worker_ms	float	262.773506
/rows/26/result/filesystem/npm/workload	string	npm
/rows/26/result/filesystem/read	object	-
/rows/26/result/filesystem/read/check	object	-
/rows/26/result/filesystem/read/check/bytes	integer	67108864
/rows/26/result/filesystem/read/check/sha256	string	42ef3a50fe506ced865473b082c8b28f6ce254e6e2b01266b6a563531a6267bc
/rows/26/result/filesystem/read/python	string	3.14.7
/rows/26/result/filesystem/read/worker_ms	float	67.600969
/rows/26/result/filesystem/read/workload	string	read
/rows/26/result/filesystem/rg	object	-
/rows/26/result/filesystem/rg/check	object	-
/rows/26/result/filesystem/rg/check/matches	integer	2048
/rows/26/result/filesystem/rg/python	string	3.14.7
/rows/26/result/filesystem/rg/worker_ms	float	94.268737
/rows/26/result/filesystem/rg/workload	string	rg
/rows/26/result/filesystem/write	object	-
/rows/26/result/filesystem/write/check	object	-
/rows/26/result/filesystem/write/check/bytes	integer	16777216
/rows/26/result/filesystem/write/check/files	integer	256
/rows/26/result/filesystem/write/python	string	3.14.7
/rows/26/result/filesystem/write/worker_ms	float	202.817795
/rows/26/result/filesystem/write/workload	string	write
/rows/26/result/mode	string	filesystem
/rows/26/result/worker_ms	float	1121.117014
/rows/26/result_ms	float	1186.528727
/rows/26/trial	integer	6
/rows/27	object	-
/rows/27/backend	string	native
/rows/27/completion_ms	float	472.888179
/rows/27/correctness	string	passed
/rows/27/logs	string	/home/reiase/workspace/pvisor/target/filesystem-fuse-ab-20261005/release/trials/filesystem-native-006
/rows/27/memory_scope	string	owned launcher tree; Docker daemon/container RSS excluded
/rows/27/mode	string	filesystem
/rows/27/peak_tree_rss_kib	integer	137732
/rows/27/prepare_ms	float	37.77649
/rows/27/ready_ms	float	38.735439
/rows/27/result	object	-
/rows/27/result/correctness	string	passed
/rows/27/result/filesystem	object	-
/rows/27/result/filesystem/cargo	object	-
/rows/27/result/filesystem/cargo/check	object	-
/rows/27/result/filesystem/cargo/check/modules	integer	64
/rows/27/result/filesystem/cargo/check/result	string	2016
/rows/27/result/filesystem/cargo/python	string	3.14.7
/rows/27/result/filesystem/cargo/worker_ms	float	55.244139
/rows/27/result/filesystem/cargo/workload	string	cargo
/rows/27/result/filesystem/git	object	-
/rows/27/result/filesystem/git/check	object	-
/rows/27/result/filesystem/git/check/git_clean	boolean	true
/rows/27/result/filesystem/git/python	string	3.14.7
/rows/27/result/filesystem/git/worker_ms	float	14.73527
/rows/27/result/filesystem/git/workload	string	git
/rows/27/result/filesystem/metadata	object	-
/rows/27/result/filesystem/metadata/check	object	-
/rows/27/result/filesystem/metadata/check/bytes	integer	2095104
/rows/27/result/filesystem/metadata/check/files	integer	2048
/rows/27/result/filesystem/metadata/python	string	3.14.7
/rows/27/result/filesystem/metadata/worker_ms	float	5.649885
/rows/27/result/filesystem/metadata/workload	string	metadata
/rows/27/result/filesystem/npm	object	-
/rows/27/result/filesystem/npm/check	object	-
/rows/27/result/filesystem/npm/check/local_packages	integer	32
/rows/27/result/filesystem/npm/python	string	3.14.7
/rows/27/result/filesystem/npm/worker_ms	float	176.956242
/rows/27/result/filesystem/npm/workload	string	npm
/rows/27/result/filesystem/read	object	-
/rows/27/result/filesystem/read/check	object	-
/rows/27/result/filesystem/read/check/bytes	integer	67108864
/rows/27/result/filesystem/read/check/sha256	string	42ef3a50fe506ced865473b082c8b28f6ce254e6e2b01266b6a563531a6267bc
/rows/27/result/filesystem/read/python	string	3.14.7
/rows/27/result/filesystem/read/worker_ms	float	33.80629
/rows/27/result/filesystem/read/workload	string	read
/rows/27/result/filesystem/rg	object	-
/rows/27/result/filesystem/rg/check	object	-
/rows/27/result/filesystem/rg/check/matches	integer	2048
/rows/27/result/filesystem/rg/python	string	3.14.7
/rows/27/result/filesystem/rg/worker_ms	float	10.156554
/rows/27/result/filesystem/rg/workload	string	rg
/rows/27/result/filesystem/write	object	-
/rows/27/result/filesystem/write/check	object	-
/rows/27/result/filesystem/write/check/bytes	integer	16777216
/rows/27/result/filesystem/write/check/files	integer	256
/rows/27/result/filesystem/write/python	string	3.14.7
/rows/27/result/filesystem/write/worker_ms	float	4.029089
/rows/27/result/filesystem/write/workload	string	write
/rows/27/result/mode	string	filesystem
/rows/27/result/worker_ms	float	426.688049
/rows/27/result_ms	float	465.481957
/rows/27/trial	integer	6
/rows/28	object	-
/rows/28/backend	string	native
/rows/28/completion_ms	float	469.988928
/rows/28/correctness	string	passed
/rows/28/logs	string	/home/reiase/workspace/pvisor/target/filesystem-fuse-ab-20261005/release/trials/filesystem-native-007
/rows/28/memory_scope	string	owned launcher tree; Docker daemon/container RSS excluded
/rows/28/mode	string	filesystem
/rows/28/peak_tree_rss_kib	integer	136992
/rows/28/prepare_ms	float	38.531008
/rows/28/ready_ms	float	43.924804
/rows/28/result	object	-
/rows/28/result/correctness	string	passed
/rows/28/result/filesystem	object	-
/rows/28/result/filesystem/cargo	object	-
/rows/28/result/filesystem/cargo/check	object	-
/rows/28/result/filesystem/cargo/check/modules	integer	64
/rows/28/result/filesystem/cargo/check/result	string	2016
/rows/28/result/filesystem/cargo/python	string	3.14.7
/rows/28/result/filesystem/cargo/worker_ms	float	56.859814
/rows/28/result/filesystem/cargo/workload	string	cargo
/rows/28/result/filesystem/git	object	-
/rows/28/result/filesystem/git/check	object	-
/rows/28/result/filesystem/git/check/git_clean	boolean	true
/rows/28/result/filesystem/git/python	string	3.14.7
/rows/28/result/filesystem/git/worker_ms	float	15.536646
/rows/28/result/filesystem/git/workload	string	git
/rows/28/result/filesystem/metadata	object	-
/rows/28/result/filesystem/metadata/check	object	-
/rows/28/result/filesystem/metadata/check/bytes	integer	2095104
/rows/28/result/filesystem/metadata/check/files	integer	2048
/rows/28/result/filesystem/metadata/python	string	3.14.7
/rows/28/result/filesystem/metadata/worker_ms	float	4.575629
/rows/28/result/filesystem/metadata/workload	string	metadata
/rows/28/result/filesystem/npm	object	-
/rows/28/result/filesystem/npm/check	object	-
/rows/28/result/filesystem/npm/check/local_packages	integer	32
/rows/28/result/filesystem/npm/python	string	3.14.7
/rows/28/result/filesystem/npm/worker_ms	float	173.396509
/rows/28/result/filesystem/npm/workload	string	npm
/rows/28/result/filesystem/read	object	-
/rows/28/result/filesystem/read/check	object	-
/rows/28/result/filesystem/read/check/bytes	integer	67108864
/rows/28/result/filesystem/read/check/sha256	string	42ef3a50fe506ced865473b082c8b28f6ce254e6e2b01266b6a563531a6267bc
/rows/28/result/filesystem/read/python	string	3.14.7
/rows/28/result/filesystem/read/worker_ms	float	32.336027
/rows/28/result/filesystem/read/workload	string	read
/rows/28/result/filesystem/rg	object	-
/rows/28/result/filesystem/rg/check	object	-
/rows/28/result/filesystem/rg/check/matches	integer	2048
/rows/28/result/filesystem/rg/python	string	3.14.7
/rows/28/result/filesystem/rg/worker_ms	float	7.633556
/rows/28/result/filesystem/rg/workload	string	rg
/rows/28/result/filesystem/write	object	-
/rows/28/result/filesystem/write/check	object	-
/rows/28/result/filesystem/write/check/bytes	integer	16777216
/rows/28/result/filesystem/write/check/files	integer	256
/rows/28/result/filesystem/write/python	string	3.14.7
/rows/28/result/filesystem/write/worker_ms	float	4.001758
/rows/28/result/filesystem/write/workload	string	write
/rows/28/result/mode	string	filesystem
/rows/28/result/worker_ms	float	417.600149
/rows/28/result_ms	float	461.585315
/rows/28/trial	integer	7
/rows/29	object	-
/rows/29/backend	string	pvisor-staged
/rows/29/completion_ms	float	1309.267557
/rows/29/correctness	string	passed
/rows/29/logs	string	/home/reiase/workspace/pvisor/target/filesystem-fuse-ab-20261005/release/trials/filesystem-pvisor-staged-007
/rows/29/memory_scope	string	owned launcher tree; Docker daemon/container RSS excluded
/rows/29/mode	string	filesystem
/rows/29/peak_tree_rss_kib	integer	177400
/rows/29/prepare_ms	float	38.673183
/rows/29/ready_ms	float	64.271666
/rows/29/result	object	-
/rows/29/result/correctness	string	passed
/rows/29/result/filesystem	object	-
/rows/29/result/filesystem/cargo	object	-
/rows/29/result/filesystem/cargo/check	object	-
/rows/29/result/filesystem/cargo/check/modules	integer	64
/rows/29/result/filesystem/cargo/check/result	string	2016
/rows/29/result/filesystem/cargo/python	string	3.14.7
/rows/29/result/filesystem/cargo/worker_ms	float	114.932821
/rows/29/result/filesystem/cargo/workload	string	cargo
/rows/29/result/filesystem/git	object	-
/rows/29/result/filesystem/git/check	object	-
/rows/29/result/filesystem/git/check/git_clean	boolean	true
/rows/29/result/filesystem/git/python	string	3.14.7
/rows/29/result/filesystem/git/worker_ms	float	173.13526
/rows/29/result/filesystem/git/workload	string	git
/rows/29/result/filesystem/metadata	object	-
/rows/29/result/filesystem/metadata/check	object	-
/rows/29/result/filesystem/metadata/check/bytes	integer	2095104
/rows/29/result/filesystem/metadata/check/files	integer	2048
/rows/29/result/filesystem/metadata/python	string	3.14.7
/rows/29/result/filesystem/metadata/worker_ms	float	78.998028
/rows/29/result/filesystem/metadata/workload	string	metadata
/rows/29/result/filesystem/npm	object	-
/rows/29/result/filesystem/npm/check	object	-
/rows/29/result/filesystem/npm/check/local_packages	integer	32
/rows/29/result/filesystem/npm/python	string	3.14.7
/rows/29/result/filesystem/npm/worker_ms	float	271.167972
/rows/29/result/filesystem/npm/workload	string	npm
/rows/29/result/filesystem/read	object	-
/rows/29/result/filesystem/read/check	object	-
/rows/29/result/filesystem/read/check/bytes	integer	67108864
/rows/29/result/filesystem/read/check/sha256	string	42ef3a50fe506ced865473b082c8b28f6ce254e6e2b01266b6a563531a6267bc
/rows/29/result/filesystem/read/python	string	3.14.7
/rows/29/result/filesystem/read/worker_ms	float	68.636772
/rows/29/result/filesystem/read/workload	string	read
/rows/29/result/filesystem/rg	object	-
/rows/29/result/filesystem/rg/check	object	-
/rows/29/result/filesystem/rg/check/matches	integer	2048
/rows/29/result/filesystem/rg/python	string	3.14.7
/rows/29/result/filesystem/rg/worker_ms	float	91.125291
/rows/29/result/filesystem/rg/workload	string	rg
/rows/29/result/filesystem/write	object	-
/rows/29/result/filesystem/write/check	object	-
/rows/29/result/filesystem/write/check/bytes	integer	16777216
/rows/29/result/filesystem/write/check/files	integer	256
/rows/29/result/filesystem/write/python	string	3.14.7
/rows/29/result/filesystem/write/worker_ms	float	194.495705
/rows/29/result/filesystem/write/workload	string	write
/rows/29/result/mode	string	filesystem
/rows/29/result/worker_ms	float	1119.72183
/rows/29/result_ms	float	1184.050092
/rows/29/trial	integer	7
/rows/30	object	-
/rows/30/backend	string	pvisor-host
/rows/30/completion_ms	float	499.044733
/rows/30/correctness	string	passed
/rows/30/logs	string	/home/reiase/workspace/pvisor/target/filesystem-fuse-ab-20261005/release/trials/filesystem-pvisor-host-007
/rows/30/memory_scope	string	owned launcher tree; Docker daemon/container RSS excluded
/rows/30/mode	string	filesystem
/rows/30/peak_tree_rss_kib	integer	160496
/rows/30/prepare_ms	float	37.47672
/rows/30/ready_ms	float	51.765145
/rows/30/result	object	-
/rows/30/result/correctness	string	passed
/rows/30/result/filesystem	object	-
/rows/30/result/filesystem/cargo	object	-
/rows/30/result/filesystem/cargo/check	object	-
/rows/30/result/filesystem/cargo/check/modules	integer	64
/rows/30/result/filesystem/cargo/check/result	string	2016
/rows/30/result/filesystem/cargo/python	string	3.14.7
/rows/30/result/filesystem/cargo/worker_ms	float	61.748637
/rows/30/result/filesystem/cargo/workload	string	cargo
/rows/30/result/filesystem/git	object	-
/rows/30/result/filesystem/git/check	object	-
/rows/30/result/filesystem/git/check/git_clean	boolean	true
/rows/30/result/filesystem/git/python	string	3.14.7
/rows/30/result/filesystem/git/worker_ms	float	15.099469
/rows/30/result/filesystem/git/workload	string	git
/rows/30/result/filesystem/metadata	object	-
/rows/30/result/filesystem/metadata/check	object	-
/rows/30/result/filesystem/metadata/check/bytes	integer	2095104
/rows/30/result/filesystem/metadata/check/files	integer	2048
/rows/30/result/filesystem/metadata/python	string	3.14.7
/rows/30/result/filesystem/metadata/worker_ms	float	4.89723
/rows/30/result/filesystem/metadata/workload	string	metadata
/rows/30/result/filesystem/npm	object	-
/rows/30/result/filesystem/npm/check	object	-
/rows/30/result/filesystem/npm/check/local_packages	integer	32
/rows/30/result/filesystem/npm/python	string	3.14.7
/rows/30/result/filesystem/npm/worker_ms	float	181.969948
/rows/30/result/filesystem/npm/workload	string	npm
/rows/30/result/filesystem/read	object	-
/rows/30/result/filesystem/read/check	object	-
/rows/30/result/filesystem/read/check/bytes	integer	67108864
/rows/30/result/filesystem/read/check/sha256	string	42ef3a50fe506ced865473b082c8b28f6ce254e6e2b01266b6a563531a6267bc
/rows/30/result/filesystem/read/python	string	3.14.7
/rows/30/result/filesystem/read/worker_ms	float	31.849709
/rows/30/result/filesystem/read/workload	string	read
/rows/30/result/filesystem/rg	object	-
/rows/30/result/filesystem/rg/check	object	-
/rows/30/result/filesystem/rg/check/matches	integer	2048
/rows/30/result/filesystem/rg/python	string	3.14.7
/rows/30/result/filesystem/rg/worker_ms	float	7.779468
/rows/30/result/filesystem/rg/workload	string	rg
/rows/30/result/filesystem/write	object	-
/rows/30/result/filesystem/write/check	object	-
/rows/30/result/filesystem/write/check/bytes	integer	16777216
/rows/30/result/filesystem/write/check/files	integer	256
/rows/30/result/filesystem/write/python	string	3.14.7
/rows/30/result/filesystem/write/worker_ms	float	4.355509
/rows/30/result/filesystem/write/workload	string	write
/rows/30/result/mode	string	filesystem
/rows/30/result/worker_ms	float	428.535436
/rows/30/result_ms	float	480.360774
/rows/30/trial	integer	7
/rows/31	object	-
/rows/31/backend	string	pvisor-fuse
/rows/31/completion_ms	float	609.791903
/rows/31/correctness	string	passed
/rows/31/fuse_requests	object	-
/rows/31/fuse_requests/getattr	integer	476
/rows/31/fuse_requests/lookup	integer	3061
/rows/31/fuse_requests/read	integer	4758
/rows/31/fuse_requests/read_bytes	integer	72389686
/rows/31/fuse_requests/readdir	integer	542
/rows/31/fuse_requests/readdirplus	integer	0
/rows/31/fuse_requests/write	integer	292
/rows/31/fuse_requests/write_bytes	integer	17485492
/rows/31/logs	string	/home/reiase/workspace/pvisor/target/filesystem-fuse-ab-20261005/release/trials/filesystem-pvisor-fuse-007
/rows/31/memory_scope	string	owned launcher tree; Docker daemon/container RSS excluded
/rows/31/mode	string	filesystem
/rows/31/peak_tree_rss_kib	integer	154272
/rows/31/prepare_ms	float	39.032123
/rows/31/ready_ms	float	53.394146
/rows/31/result	object	-
/rows/31/result/correctness	string	passed
/rows/31/result/filesystem	object	-
/rows/31/result/filesystem/cargo	object	-
/rows/31/result/filesystem/cargo/check	object	-
/rows/31/result/filesystem/cargo/check/modules	integer	64
/rows/31/result/filesystem/cargo/check/result	string	2016
/rows/31/result/filesystem/cargo/python	string	3.14.7
/rows/31/result/filesystem/cargo/worker_ms	float	73.606998
/rows/31/result/filesystem/cargo/workload	string	cargo
/rows/31/result/filesystem/git	object	-
/rows/31/result/filesystem/git/check	object	-
/rows/31/result/filesystem/git/check/git_clean	boolean	true
/rows/31/result/filesystem/git/python	string	3.14.7
/rows/31/result/filesystem/git/worker_ms	float	41.274277
/rows/31/result/filesystem/git/workload	string	git
/rows/31/result/filesystem/metadata	object	-
/rows/31/result/filesystem/metadata/check	object	-
/rows/31/result/filesystem/metadata/check/bytes	integer	2095104
/rows/31/result/filesystem/metadata/check/files	integer	2048
/rows/31/result/filesystem/metadata/python	string	3.14.7
/rows/31/result/filesystem/metadata/worker_ms	float	23.725286
/rows/31/result/filesystem/metadata/workload	string	metadata
/rows/31/result/filesystem/npm	object	-
/rows/31/result/filesystem/npm/check	object	-
/rows/31/result/filesystem/npm/check/local_packages	integer	32
/rows/31/result/filesystem/npm/python	string	3.14.7
/rows/31/result/filesystem/npm/worker_ms	float	180.49217
/rows/31/result/filesystem/npm/workload	string	npm
/rows/31/result/filesystem/read	object	-
/rows/31/result/filesystem/read/check	object	-
/rows/31/result/filesystem/read/check/bytes	integer	67108864
/rows/31/result/filesystem/read/check/sha256	string	42ef3a50fe506ced865473b082c8b28f6ce254e6e2b01266b6a563531a6267bc
/rows/31/result/filesystem/read/python	string	3.14.7
/rows/31/result/filesystem/read/worker_ms	float	39.29278
/rows/31/result/filesystem/read/workload	string	read
/rows/31/result/filesystem/rg	object	-
/rows/31/result/filesystem/rg/check	object	-
/rows/31/result/filesystem/rg/check/matches	integer	2048
/rows/31/result/filesystem/rg/python	string	3.14.7
/rows/31/result/filesystem/rg/worker_ms	float	27.481076
/rows/31/result/filesystem/rg/workload	string	rg
/rows/31/result/filesystem/write	object	-
/rows/31/result/filesystem/write/check	object	-
/rows/31/result/filesystem/write/check/bytes	integer	16777216
/rows/31/result/filesystem/write/check/files	integer	256
/rows/31/result/filesystem/write/python	string	3.14.7
/rows/31/result/filesystem/write/worker_ms	float	13.199824
/rows/31/result/filesystem/write/workload	string	write
/rows/31/result/mode	string	filesystem
/rows/31/result/worker_ms	float	525.748528
/rows/31/result_ms	float	579.22643
/rows/31/trial	integer	7
/rows/32	object	-
/rows/32/backend	string	pvisor-staged
/rows/32/completion_ms	float	1308.73382
/rows/32/correctness	string	passed
/rows/32/logs	string	/home/reiase/workspace/pvisor/target/filesystem-fuse-ab-20261005/release/trials/filesystem-pvisor-staged-008
/rows/32/memory_scope	string	owned launcher tree; Docker daemon/container RSS excluded
/rows/32/mode	string	filesystem
/rows/32/peak_tree_rss_kib	integer	177052
/rows/32/prepare_ms	float	39.71104
/rows/32/ready_ms	float	65.014331
/rows/32/result	object	-
/rows/32/result/correctness	string	passed
/rows/32/result/filesystem	object	-
/rows/32/result/filesystem/cargo	object	-
/rows/32/result/filesystem/cargo/check	object	-
/rows/32/result/filesystem/cargo/check/modules	integer	64
/rows/32/result/filesystem/cargo/check/result	string	2016
/rows/32/result/filesystem/cargo/python	string	3.14.7
/rows/32/result/filesystem/cargo/worker_ms	float	112.776807
/rows/32/result/filesystem/cargo/workload	string	cargo
/rows/32/result/filesystem/git	object	-
/rows/32/result/filesystem/git/check	object	-
/rows/32/result/filesystem/git/check/git_clean	boolean	true
/rows/32/result/filesystem/git/python	string	3.14.7
/rows/32/result/filesystem/git/worker_ms	float	170.901151
/rows/32/result/filesystem/git/workload	string	git
/rows/32/result/filesystem/metadata	object	-
/rows/32/result/filesystem/metadata/check	object	-
/rows/32/result/filesystem/metadata/check/bytes	integer	2095104
/rows/32/result/filesystem/metadata/check/files	integer	2048
/rows/32/result/filesystem/metadata/python	string	3.14.7
/rows/32/result/filesystem/metadata/worker_ms	float	76.669022
/rows/32/result/filesystem/metadata/workload	string	metadata
/rows/32/result/filesystem/npm	object	-
/rows/32/result/filesystem/npm/check	object	-
/rows/32/result/filesystem/npm/check/local_packages	integer	32
/rows/32/result/filesystem/npm/python	string	3.14.7
/rows/32/result/filesystem/npm/worker_ms	float	268.406749
/rows/32/result/filesystem/npm/workload	string	npm
/rows/32/result/filesystem/read	object	-
/rows/32/result/filesystem/read/check	object	-
/rows/32/result/filesystem/read/check/bytes	integer	67108864
/rows/32/result/filesystem/read/check/sha256	string	42ef3a50fe506ced865473b082c8b28f6ce254e6e2b01266b6a563531a6267bc
/rows/32/result/filesystem/read/python	string	3.14.7
/rows/32/result/filesystem/read/worker_ms	float	68.018529
/rows/32/result/filesystem/read/workload	string	read
/rows/32/result/filesystem/rg	object	-
/rows/32/result/filesystem/rg/check	object	-
/rows/32/result/filesystem/rg/check/matches	integer	2048
/rows/32/result/filesystem/rg/python	string	3.14.7
/rows/32/result/filesystem/rg/worker_ms	float	88.876725
/rows/32/result/filesystem/rg/workload	string	rg
/rows/32/result/filesystem/write	object	-
/rows/32/result/filesystem/write/check	object	-
/rows/32/result/filesystem/write/check/bytes	integer	16777216
/rows/32/result/filesystem/write/check/files	integer	256
/rows/32/result/filesystem/write/python	string	3.14.7
/rows/32/result/filesystem/write/worker_ms	float	203.000736
/rows/32/result/filesystem/write/workload	string	write
/rows/32/result/mode	string	filesystem
/rows/32/result/worker_ms	float	1116.735648
/rows/32/result_ms	float	1181.824708
/rows/32/trial	integer	8
/rows/33	object	-
/rows/33/backend	string	pvisor-fuse
/rows/33/completion_ms	float	599.540241
/rows/33/correctness	string	passed
/rows/33/fuse_requests	object	-
/rows/33/fuse_requests/getattr	integer	479
/rows/33/fuse_requests/lookup	integer	3061
/rows/33/fuse_requests/read	integer	4758
/rows/33/fuse_requests/read_bytes	integer	72389686
/rows/33/fuse_requests/readdir	integer	542
/rows/33/fuse_requests/readdirplus	integer	0
/rows/33/fuse_requests/write	integer	292
/rows/33/fuse_requests/write_bytes	integer	17485492
/rows/33/logs	string	/home/reiase/workspace/pvisor/target/filesystem-fuse-ab-20261005/release/trials/filesystem-pvisor-fuse-008
/rows/33/memory_scope	string	owned launcher tree; Docker daemon/container RSS excluded
/rows/33/mode	string	filesystem
/rows/33/peak_tree_rss_kib	integer	153652
/rows/33/prepare_ms	float	38.15199
/rows/33/ready_ms	float	53.611131
/rows/33/result	object	-
/rows/33/result/correctness	string	passed
/rows/33/result/filesystem	object	-
/rows/33/result/filesystem/cargo	object	-
/rows/33/result/filesystem/cargo/check	object	-
/rows/33/result/filesystem/cargo/check/modules	integer	64
/rows/33/result/filesystem/cargo/check/result	string	2016
/rows/33/result/filesystem/cargo/python	string	3.14.7
/rows/33/result/filesystem/cargo/worker_ms	float	73.049508
/rows/33/result/filesystem/cargo/workload	string	cargo
/rows/33/result/filesystem/git	object	-
/rows/33/result/filesystem/git/check	object	-
/rows/33/result/filesystem/git/check/git_clean	boolean	true
/rows/33/result/filesystem/git/python	string	3.14.7
/rows/33/result/filesystem/git/worker_ms	float	39.992005
/rows/33/result/filesystem/git/workload	string	git
/rows/33/result/filesystem/metadata	object	-
/rows/33/result/filesystem/metadata/check	object	-
/rows/33/result/filesystem/metadata/check/bytes	integer	2095104
/rows/33/result/filesystem/metadata/check/files	integer	2048
/rows/33/result/filesystem/metadata/python	string	3.14.7
/rows/33/result/filesystem/metadata/worker_ms	float	22.024122
/rows/33/result/filesystem/metadata/workload	string	metadata
/rows/33/result/filesystem/npm	object	-
/rows/33/result/filesystem/npm/check	object	-
/rows/33/result/filesystem/npm/check/local_packages	integer	32
/rows/33/result/filesystem/npm/python	string	3.14.7
/rows/33/result/filesystem/npm/worker_ms	float	181.123208
/rows/33/result/filesystem/npm/workload	string	npm
/rows/33/result/filesystem/read	object	-
/rows/33/result/filesystem/read/check	object	-
/rows/33/result/filesystem/read/check/bytes	integer	67108864
/rows/33/result/filesystem/read/check/sha256	string	42ef3a50fe506ced865473b082c8b28f6ce254e6e2b01266b6a563531a6267bc
/rows/33/result/filesystem/read/python	string	3.14.7
/rows/33/result/filesystem/read/worker_ms	float	38.577374
/rows/33/result/filesystem/read/workload	string	read
/rows/33/result/filesystem/rg	object	-
/rows/33/result/filesystem/rg/check	object	-
/rows/33/result/filesystem/rg/check/matches	integer	2048
/rows/33/result/filesystem/rg/python	string	3.14.7
/rows/33/result/filesystem/rg/worker_ms	float	28.719026
/rows/33/result/filesystem/rg/workload	string	rg
/rows/33/result/filesystem/write	object	-
/rows/33/result/filesystem/write/check	object	-
/rows/33/result/filesystem/write/check/bytes	integer	16777216
/rows/33/result/filesystem/write/check/files	integer	256
/rows/33/result/filesystem/write/python	string	3.14.7
/rows/33/result/filesystem/write/worker_ms	float	12.539852
/rows/33/result/filesystem/write/workload	string	write
/rows/33/result/mode	string	filesystem
/rows/33/result/worker_ms	float	517.380191
/rows/33/result_ms	float	571.079547
/rows/33/trial	integer	8
/rows/34	object	-
/rows/34/backend	string	native
/rows/34/completion_ms	float	469.267993
/rows/34/correctness	string	passed
/rows/34/logs	string	/home/reiase/workspace/pvisor/target/filesystem-fuse-ab-20261005/release/trials/filesystem-native-008
/rows/34/memory_scope	string	owned launcher tree; Docker daemon/container RSS excluded
/rows/34/mode	string	filesystem
/rows/34/peak_tree_rss_kib	integer	142356
/rows/34/prepare_ms	float	38.389373
/rows/34/ready_ms	float	39.481412
/rows/34/result	object	-
/rows/34/result/correctness	string	passed
/rows/34/result/filesystem	object	-
/rows/34/result/filesystem/cargo	object	-
/rows/34/result/filesystem/cargo/check	object	-
/rows/34/result/filesystem/cargo/check/modules	integer	64
/rows/34/result/filesystem/cargo/check/result	string	2016
/rows/34/result/filesystem/cargo/python	string	3.14.7
/rows/34/result/filesystem/cargo/worker_ms	float	57.768941
/rows/34/result/filesystem/cargo/workload	string	cargo
/rows/34/result/filesystem/git	object	-
/rows/34/result/filesystem/git/check	object	-
/rows/34/result/filesystem/git/check/git_clean	boolean	true
/rows/34/result/filesystem/git/python	string	3.14.7
/rows/34/result/filesystem/git/worker_ms	float	14.495272
/rows/34/result/filesystem/git/workload	string	git
/rows/34/result/filesystem/metadata	object	-
/rows/34/result/filesystem/metadata/check	object	-
/rows/34/result/filesystem/metadata/check/bytes	integer	2095104
/rows/34/result/filesystem/metadata/check/files	integer	2048
/rows/34/result/filesystem/metadata/python	string	3.14.7
/rows/34/result/filesystem/metadata/worker_ms	float	4.896198
/rows/34/result/filesystem/metadata/workload	string	metadata
/rows/34/result/filesystem/npm	object	-
/rows/34/result/filesystem/npm/check	object	-
/rows/34/result/filesystem/npm/check/local_packages	integer	32
/rows/34/result/filesystem/npm/python	string	3.14.7
/rows/34/result/filesystem/npm/worker_ms	float	173.225529
/rows/34/result/filesystem/npm/workload	string	npm
/rows/34/result/filesystem/read	object	-
/rows/34/result/filesystem/read/check	object	-
/rows/34/result/filesystem/read/check/bytes	integer	67108864
/rows/34/result/filesystem/read/check/sha256	string	42ef3a50fe506ced865473b082c8b28f6ce254e6e2b01266b6a563531a6267bc
/rows/34/result/filesystem/read/python	string	3.14.7
/rows/34/result/filesystem/read/worker_ms	float	32.311691
/rows/34/result/filesystem/read/workload	string	read
/rows/34/result/filesystem/rg	object	-
/rows/34/result/filesystem/rg/check	object	-
/rows/34/result/filesystem/rg/check/matches	integer	2048
/rows/34/result/filesystem/rg/python	string	3.14.7
/rows/34/result/filesystem/rg/worker_ms	float	6.892663
/rows/34/result/filesystem/rg/workload	string	rg
/rows/34/result/filesystem/write	object	-
/rows/34/result/filesystem/write/check	object	-
/rows/34/result/filesystem/write/check/bytes	integer	16777216
/rows/34/result/filesystem/write/check/files	integer	256
/rows/34/result/filesystem/write/python	string	3.14.7
/rows/34/result/filesystem/write/worker_ms	float	4.77953
/rows/34/result/filesystem/write/workload	string	write
/rows/34/result/mode	string	filesystem
/rows/34/result/worker_ms	float	421.221828
/rows/34/result_ms	float	460.738896
/rows/34/trial	integer	8
/rows/35	object	-
/rows/35/backend	string	pvisor-host
/rows/35/completion_ms	float	483.164747
/rows/35/correctness	string	passed
/rows/35/logs	string	/home/reiase/workspace/pvisor/target/filesystem-fuse-ab-20261005/release/trials/filesystem-pvisor-host-008
/rows/35/memory_scope	string	owned launcher tree; Docker daemon/container RSS excluded
/rows/35/mode	string	filesystem
/rows/35/peak_tree_rss_kib	integer	153908
/rows/35/prepare_ms	float	37.763475
/rows/35/ready_ms	float	52.088569
/rows/35/result	object	-
/rows/35/result/correctness	string	passed
/rows/35/result/filesystem	object	-
/rows/35/result/filesystem/cargo	object	-
/rows/35/result/filesystem/cargo/check	object	-
/rows/35/result/filesystem/cargo/check/modules	integer	64
/rows/35/result/filesystem/cargo/check/result	string	2016
/rows/35/result/filesystem/cargo/python	string	3.14.7
/rows/35/result/filesystem/cargo/worker_ms	float	51.924573
/rows/35/result/filesystem/cargo/workload	string	cargo
/rows/35/result/filesystem/git	object	-
/rows/35/result/filesystem/git/check	object	-
/rows/35/result/filesystem/git/check/git_clean	boolean	true
/rows/35/result/filesystem/git/python	string	3.14.7
/rows/35/result/filesystem/git/worker_ms	float	14.155387
/rows/35/result/filesystem/git/workload	string	git
/rows/35/result/filesystem/metadata	object	-
/rows/35/result/filesystem/metadata/check	object	-
/rows/35/result/filesystem/metadata/check/bytes	integer	2095104
/rows/35/result/filesystem/metadata/check/files	integer	2048
/rows/35/result/filesystem/metadata/python	string	3.14.7
/rows/35/result/filesystem/metadata/worker_ms	float	4.686817
/rows/35/result/filesystem/metadata/workload	string	metadata
/rows/35/result/filesystem/npm	object	-
/rows/35/result/filesystem/npm/check	object	-
/rows/35/result/filesystem/npm/check/local_packages	integer	32
/rows/35/result/filesystem/npm/python	string	3.14.7
/rows/35/result/filesystem/npm/worker_ms	float	179.77381
/rows/35/result/filesystem/npm/workload	string	npm
/rows/35/result/filesystem/read	object	-
/rows/35/result/filesystem/read/check	object	-
/rows/35/result/filesystem/read/check/bytes	integer	67108864
/rows/35/result/filesystem/read/check/sha256	string	42ef3a50fe506ced865473b082c8b28f6ce254e6e2b01266b6a563531a6267bc
/rows/35/result/filesystem/read/python	string	3.14.7
/rows/35/result/filesystem/read/worker_ms	float	32.094535
/rows/35/result/filesystem/read/workload	string	read
/rows/35/result/filesystem/rg	object	-
/rows/35/result/filesystem/rg/check	object	-
/rows/35/result/filesystem/rg/check/matches	integer	2048
/rows/35/result/filesystem/rg/python	string	3.14.7
/rows/35/result/filesystem/rg/worker_ms	float	7.613719
/rows/35/result/filesystem/rg/workload	string	rg
/rows/35/result/filesystem/write	object	-
/rows/35/result/filesystem/write/check	object	-
/rows/35/result/filesystem/write/check/bytes	integer	16777216
/rows/35/result/filesystem/write/check/files	integer	256
/rows/35/result/filesystem/write/python	string	3.14.7
/rows/35/result/filesystem/write/worker_ms	float	3.945323
/rows/35/result/filesystem/write/workload	string	write
/rows/35/result/mode	string	filesystem
/rows/35/result/worker_ms	float	412.088593
/rows/35/result_ms	float	464.243877
/rows/35/trial	integer	8
/rows/36	object	-
/rows/36/backend	string	pvisor-host
/rows/36/completion_ms	float	480.854035
/rows/36/correctness	string	passed
/rows/36/logs	string	/home/reiase/workspace/pvisor/target/filesystem-fuse-ab-20261005/release/trials/filesystem-pvisor-host-009
/rows/36/memory_scope	string	owned launcher tree; Docker daemon/container RSS excluded
/rows/36/mode	string	filesystem
/rows/36/peak_tree_rss_kib	integer	160156
/rows/36/prepare_ms	float	38.14078
/rows/36/ready_ms	float	51.798508
/rows/36/result	object	-
/rows/36/result/correctness	string	passed
/rows/36/result/filesystem	object	-
/rows/36/result/filesystem/cargo	object	-
/rows/36/result/filesystem/cargo/check	object	-
/rows/36/result/filesystem/cargo/check/modules	integer	64
/rows/36/result/filesystem/cargo/check/result	string	2016
/rows/36/result/filesystem/cargo/python	string	3.14.7
/rows/36/result/filesystem/cargo/worker_ms	float	54.048898
/rows/36/result/filesystem/cargo/workload	string	cargo
/rows/36/result/filesystem/git	object	-
/rows/36/result/filesystem/git/check	object	-
/rows/36/result/filesystem/git/check/git_clean	boolean	true
/rows/36/result/filesystem/git/python	string	3.14.7
/rows/36/result/filesystem/git/worker_ms	float	14.63362
/rows/36/result/filesystem/git/workload	string	git
/rows/36/result/filesystem/metadata	object	-
/rows/36/result/filesystem/metadata/check	object	-
/rows/36/result/filesystem/metadata/check/bytes	integer	2095104
/rows/36/result/filesystem/metadata/check/files	integer	2048
/rows/36/result/filesystem/metadata/python	string	3.14.7
/rows/36/result/filesystem/metadata/worker_ms	float	4.648836
/rows/36/result/filesystem/metadata/workload	string	metadata
/rows/36/result/filesystem/npm	object	-
/rows/36/result/filesystem/npm/check	object	-
/rows/36/result/filesystem/npm/check/local_packages	integer	32
/rows/36/result/filesystem/npm/python	string	3.14.7
/rows/36/result/filesystem/npm/worker_ms	float	172.747226
/rows/36/result/filesystem/npm/workload	string	npm
/rows/36/result/filesystem/read	object	-
/rows/36/result/filesystem/read/check	object	-
/rows/36/result/filesystem/read/check/bytes	integer	67108864
/rows/36/result/filesystem/read/check/sha256	string	42ef3a50fe506ced865473b082c8b28f6ce254e6e2b01266b6a563531a6267bc
/rows/36/result/filesystem/read/python	string	3.14.7
/rows/36/result/filesystem/read/worker_ms	float	32.623193
/rows/36/result/filesystem/read/workload	string	read
/rows/36/result/filesystem/rg	object	-
/rows/36/result/filesystem/rg/check	object	-
/rows/36/result/filesystem/rg/check/matches	integer	2048
/rows/36/result/filesystem/rg/python	string	3.14.7
/rows/36/result/filesystem/rg/worker_ms	float	9.534764
/rows/36/result/filesystem/rg/workload	string	rg
/rows/36/result/filesystem/write	object	-
/rows/36/result/filesystem/write/check	object	-
/rows/36/result/filesystem/write/check/bytes	integer	16777216
/rows/36/result/filesystem/write/check/files	integer	256
/rows/36/result/filesystem/write/python	string	3.14.7
/rows/36/result/filesystem/write/worker_ms	float	4.053705
/rows/36/result/filesystem/write/workload	string	write
/rows/36/result/mode	string	filesystem
/rows/36/result/worker_ms	float	410.570329
/rows/36/result_ms	float	462.429911
/rows/36/trial	integer	9
/rows/37	object	-
/rows/37/backend	string	native
/rows/37/completion_ms	float	472.911944
/rows/37/correctness	string	passed
/rows/37/logs	string	/home/reiase/workspace/pvisor/target/filesystem-fuse-ab-20261005/release/trials/filesystem-native-009
/rows/37/memory_scope	string	owned launcher tree; Docker daemon/container RSS excluded
/rows/37/mode	string	filesystem
/rows/37/peak_tree_rss_kib	integer	137268
/rows/37/prepare_ms	float	37.773223
/rows/37/ready_ms	float	39.406552
/rows/37/result	object	-
/rows/37/result/correctness	string	passed
/rows/37/result/filesystem	object	-
/rows/37/result/filesystem/cargo	object	-
/rows/37/result/filesystem/cargo/check	object	-
/rows/37/result/filesystem/cargo/check/modules	integer	64
/rows/37/result/filesystem/cargo/check/result	string	2016
/rows/37/result/filesystem/cargo/python	string	3.14.7
/rows/37/result/filesystem/cargo/worker_ms	float	56.360061
/rows/37/result/filesystem/cargo/workload	string	cargo
/rows/37/result/filesystem/git	object	-
/rows/37/result/filesystem/git/check	object	-
/rows/37/result/filesystem/git/check/git_clean	boolean	true
/rows/37/result/filesystem/git/python	string	3.14.7
/rows/37/result/filesystem/git/worker_ms	float	15.48046
/rows/37/result/filesystem/git/workload	string	git
/rows/37/result/filesystem/metadata	object	-
/rows/37/result/filesystem/metadata/check	object	-
/rows/37/result/filesystem/metadata/check/bytes	integer	2095104
/rows/37/result/filesystem/metadata/check/files	integer	2048
/rows/37/result/filesystem/metadata/python	string	3.14.7
/rows/37/result/filesystem/metadata/worker_ms	float	4.616766
/rows/37/result/filesystem/metadata/workload	string	metadata
/rows/37/result/filesystem/npm	object	-
/rows/37/result/filesystem/npm/check	object	-
/rows/37/result/filesystem/npm/check/local_packages	integer	32
/rows/37/result/filesystem/npm/python	string	3.14.7
/rows/37/result/filesystem/npm/worker_ms	float	180.523419
/rows/37/result/filesystem/npm/workload	string	npm
/rows/37/result/filesystem/read	object	-
/rows/37/result/filesystem/read/check	object	-
/rows/37/result/filesystem/read/check/bytes	integer	67108864
/rows/37/result/filesystem/read/check/sha256	string	42ef3a50fe506ced865473b082c8b28f6ce254e6e2b01266b6a563531a6267bc
/rows/37/result/filesystem/read/python	string	3.14.7
/rows/37/result/filesystem/read/worker_ms	float	32.850837
/rows/37/result/filesystem/read/workload	string	read
/rows/37/result/filesystem/rg	object	-
/rows/37/result/filesystem/rg/check	object	-
/rows/37/result/filesystem/rg/check/matches	integer	2048
/rows/37/result/filesystem/rg/python	string	3.14.7
/rows/37/result/filesystem/rg/worker_ms	float	10.135144
/rows/37/result/filesystem/rg/workload	string	rg
/rows/37/result/filesystem/write	object	-
/rows/37/result/filesystem/write/check	object	-
/rows/37/result/filesystem/write/check/bytes	integer	16777216
/rows/37/result/filesystem/write/check/files	integer	256
/rows/37/result/filesystem/write/python	string	3.14.7
/rows/37/result/filesystem/write/worker_ms	float	3.582005
/rows/37/result/filesystem/write/workload	string	write
/rows/37/result/mode	string	filesystem
/rows/37/result/worker_ms	float	424.951208
/rows/37/result_ms	float	464.421699
/rows/37/trial	integer	9
/rows/38	object	-
/rows/38/backend	string	pvisor-fuse
/rows/38/completion_ms	float	607.495578
/rows/38/correctness	string	passed
/rows/38/fuse_requests	object	-
/rows/38/fuse_requests/getattr	integer	476
/rows/38/fuse_requests/lookup	integer	3061
/rows/38/fuse_requests/read	integer	4758
/rows/38/fuse_requests/read_bytes	integer	72389686
/rows/38/fuse_requests/readdir	integer	542
/rows/38/fuse_requests/readdirplus	integer	0
/rows/38/fuse_requests/write	integer	292
/rows/38/fuse_requests/write_bytes	integer	17485492
/rows/38/logs	string	/home/reiase/workspace/pvisor/target/filesystem-fuse-ab-20261005/release/trials/filesystem-pvisor-fuse-009
/rows/38/memory_scope	string	owned launcher tree; Docker daemon/container RSS excluded
/rows/38/mode	string	filesystem
/rows/38/peak_tree_rss_kib	integer	154516
/rows/38/prepare_ms	float	36.738122
/rows/38/ready_ms	float	55.391864
/rows/38/result	object	-
/rows/38/result/correctness	string	passed
/rows/38/result/filesystem	object	-
/rows/38/result/filesystem/cargo	object	-
/rows/38/result/filesystem/cargo/check	object	-
/rows/38/result/filesystem/cargo/check/modules	integer	64
/rows/38/result/filesystem/cargo/check/result	string	2016
/rows/38/result/filesystem/cargo/python	string	3.14.7
/rows/38/result/filesystem/cargo/worker_ms	float	74.017404
/rows/38/result/filesystem/cargo/workload	string	cargo
/rows/38/result/filesystem/git	object	-
/rows/38/result/filesystem/git/check	object	-
/rows/38/result/filesystem/git/check/git_clean	boolean	true
/rows/38/result/filesystem/git/python	string	3.14.7
/rows/38/result/filesystem/git/worker_ms	float	41.077691
/rows/38/result/filesystem/git/workload	string	git
/rows/38/result/filesystem/metadata	object	-
/rows/38/result/filesystem/metadata/check	object	-
/rows/38/result/filesystem/metadata/check/bytes	integer	2095104
/rows/38/result/filesystem/metadata/check/files	integer	2048
/rows/38/result/filesystem/metadata/python	string	3.14.7
/rows/38/result/filesystem/metadata/worker_ms	float	22.122325
/rows/38/result/filesystem/metadata/workload	string	metadata
/rows/38/result/filesystem/npm	object	-
/rows/38/result/filesystem/npm/check	object	-
/rows/38/result/filesystem/npm/check/local_packages	integer	32
/rows/38/result/filesystem/npm/python	string	3.14.7
/rows/38/result/filesystem/npm/worker_ms	float	182.846184
/rows/38/result/filesystem/npm/workload	string	npm
/rows/38/result/filesystem/read	object	-
/rows/38/result/filesystem/read/check	object	-
/rows/38/result/filesystem/read/check/bytes	integer	67108864
/rows/38/result/filesystem/read/check/sha256	string	42ef3a50fe506ced865473b082c8b28f6ce254e6e2b01266b6a563531a6267bc
/rows/38/result/filesystem/read/python	string	3.14.7
/rows/38/result/filesystem/read/worker_ms	float	39.245241
/rows/38/result/filesystem/read/workload	string	read
/rows/38/result/filesystem/rg	object	-
/rows/38/result/filesystem/rg/check	object	-
/rows/38/result/filesystem/rg/check/matches	integer	2048
/rows/38/result/filesystem/rg/python	string	3.14.7
/rows/38/result/filesystem/rg/worker_ms	float	28.709819
/rows/38/result/filesystem/rg/workload	string	rg
/rows/38/result/filesystem/write	object	-
/rows/38/result/filesystem/write/check	object	-
/rows/38/result/filesystem/write/check/bytes	integer	16777216
/rows/38/result/filesystem/write/check/files	integer	256
/rows/38/result/filesystem/write/python	string	3.14.7
/rows/38/result/filesystem/write/worker_ms	float	12.883994
/rows/38/result/filesystem/write/workload	string	write
/rows/38/result/mode	string	filesystem
/rows/38/result/worker_ms	float	523.620127
/rows/38/result_ms	float	579.105586
/rows/38/trial	integer	9
/rows/39	object	-
/rows/39/backend	string	pvisor-staged
/rows/39/completion_ms	float	1311.76083
/rows/39/correctness	string	passed
/rows/39/logs	string	/home/reiase/workspace/pvisor/target/filesystem-fuse-ab-20261005/release/trials/filesystem-pvisor-staged-009
/rows/39/memory_scope	string	owned launcher tree; Docker daemon/container RSS excluded
/rows/39/mode	string	filesystem
/rows/39/peak_tree_rss_kib	integer	177272
/rows/39/prepare_ms	float	38.137754
/rows/39/ready_ms	float	64.896252
/rows/39/result	object	-
/rows/39/result/correctness	string	passed
/rows/39/result/filesystem	object	-
/rows/39/result/filesystem/cargo	object	-
/rows/39/result/filesystem/cargo/check	object	-
/rows/39/result/filesystem/cargo/check/modules	integer	64
/rows/39/result/filesystem/cargo/check/result	string	2016
/rows/39/result/filesystem/cargo/python	string	3.14.7
/rows/39/result/filesystem/cargo/worker_ms	float	115.339811
/rows/39/result/filesystem/cargo/workload	string	cargo
/rows/39/result/filesystem/git	object	-
/rows/39/result/filesystem/git/check	object	-
/rows/39/result/filesystem/git/check/git_clean	boolean	true
/rows/39/result/filesystem/git/python	string	3.14.7
/rows/39/result/filesystem/git/worker_ms	float	170.967846
/rows/39/result/filesystem/git/workload	string	git
/rows/39/result/filesystem/metadata	object	-
/rows/39/result/filesystem/metadata/check	object	-
/rows/39/result/filesystem/metadata/check/bytes	integer	2095104
/rows/39/result/filesystem/metadata/check/files	integer	2048
/rows/39/result/filesystem/metadata/python	string	3.14.7
/rows/39/result/filesystem/metadata/worker_ms	float	76.505016
/rows/39/result/filesystem/metadata/workload	string	metadata
/rows/39/result/filesystem/npm	object	-
/rows/39/result/filesystem/npm/check	object	-
/rows/39/result/filesystem/npm/check/local_packages	integer	32
/rows/39/result/filesystem/npm/python	string	3.14.7
/rows/39/result/filesystem/npm/worker_ms	float	268.511365
/rows/39/result/filesystem/npm/workload	string	npm
/rows/39/result/filesystem/read	object	-
/rows/39/result/filesystem/read/check	object	-
/rows/39/result/filesystem/read/check/bytes	integer	67108864
/rows/39/result/filesystem/read/check/sha256	string	42ef3a50fe506ced865473b082c8b28f6ce254e6e2b01266b6a563531a6267bc
/rows/39/result/filesystem/read/python	string	3.14.7
/rows/39/result/filesystem/read/worker_ms	float	67.427676
/rows/39/result/filesystem/read/workload	string	read
/rows/39/result/filesystem/rg	object	-
/rows/39/result/filesystem/rg/check	object	-
/rows/39/result/filesystem/rg/check/matches	integer	2048
/rows/39/result/filesystem/rg/python	string	3.14.7
/rows/39/result/filesystem/rg/worker_ms	float	89.052262
/rows/39/result/filesystem/rg/workload	string	rg
/rows/39/result/filesystem/write	object	-
/rows/39/result/filesystem/write/check	object	-
/rows/39/result/filesystem/write/check/bytes	integer	16777216
/rows/39/result/filesystem/write/check/files	integer	256
/rows/39/result/filesystem/write/python	string	3.14.7
/rows/39/result/filesystem/write/worker_ms	float	205.883777
/rows/39/result/filesystem/write/workload	string	write
/rows/39/result/mode	string	filesystem
/rows/39/result/worker_ms	float	1117.354452
/rows/39/result_ms	float	1182.285158
/rows/39/trial	integer	9
/rows/40	object	-
/rows/40/backend	string	native
/rows/40/completion_ms	float	462.508618
/rows/40/correctness	string	passed
/rows/40/logs	string	/home/reiase/workspace/pvisor/target/filesystem-fuse-ab-20261005/release/trials/filesystem-native-010
/rows/40/memory_scope	string	owned launcher tree; Docker daemon/container RSS excluded
/rows/40/mode	string	filesystem
/rows/40/peak_tree_rss_kib	integer	141072
/rows/40/prepare_ms	float	38.429358
/rows/40/ready_ms	float	40.325777
/rows/40/result	object	-
/rows/40/result/correctness	string	passed
/rows/40/result/filesystem	object	-
/rows/40/result/filesystem/cargo	object	-
/rows/40/result/filesystem/cargo/check	object	-
/rows/40/result/filesystem/cargo/check/modules	integer	64
/rows/40/result/filesystem/cargo/check/result	string	2016
/rows/40/result/filesystem/cargo/python	string	3.14.7
/rows/40/result/filesystem/cargo/worker_ms	float	53.164538
/rows/40/result/filesystem/cargo/workload	string	cargo
/rows/40/result/filesystem/git	object	-
/rows/40/result/filesystem/git/check	object	-
/rows/40/result/filesystem/git/check/git_clean	boolean	true
/rows/40/result/filesystem/git/python	string	3.14.7
/rows/40/result/filesystem/git/worker_ms	float	14.449496
/rows/40/result/filesystem/git/workload	string	git
/rows/40/result/filesystem/metadata	object	-
/rows/40/result/filesystem/metadata/check	object	-
/rows/40/result/filesystem/metadata/check/bytes	integer	2095104
/rows/40/result/filesystem/metadata/check/files	integer	2048
/rows/40/result/filesystem/metadata/python	string	3.14.7
/rows/40/result/filesystem/metadata/worker_ms	float	4.71494
/rows/40/result/filesystem/metadata/workload	string	metadata
/rows/40/result/filesystem/npm	object	-
/rows/40/result/filesystem/npm/check	object	-
/rows/40/result/filesystem/npm/check/local_packages	integer	32
/rows/40/result/filesystem/npm/python	string	3.14.7
/rows/40/result/filesystem/npm/worker_ms	float	174.687187
/rows/40/result/filesystem/npm/workload	string	npm
/rows/40/result/filesystem/read	object	-
/rows/40/result/filesystem/read/check	object	-
/rows/40/result/filesystem/read/check/bytes	integer	67108864
/rows/40/result/filesystem/read/check/sha256	string	42ef3a50fe506ced865473b082c8b28f6ce254e6e2b01266b6a563531a6267bc
/rows/40/result/filesystem/read/python	string	3.14.7
/rows/40/result/filesystem/read/worker_ms	float	33.365117
/rows/40/result/filesystem/read/workload	string	read
/rows/40/result/filesystem/rg	object	-
/rows/40/result/filesystem/rg/check	object	-
/rows/40/result/filesystem/rg/check/matches	integer	2048
/rows/40/result/filesystem/rg/python	string	3.14.7
/rows/40/result/filesystem/rg/worker_ms	float	7.818722
/rows/40/result/filesystem/rg/workload	string	rg
/rows/40/result/filesystem/write	object	-
/rows/40/result/filesystem/write/check	object	-
/rows/40/result/filesystem/write/check/bytes	integer	16777216
/rows/40/result/filesystem/write/check/files	integer	256
/rows/40/result/filesystem/write/python	string	3.14.7
/rows/40/result/filesystem/write/worker_ms	float	3.812736
/rows/40/result/filesystem/write/workload	string	write
/rows/40/result/mode	string	filesystem
/rows/40/result/worker_ms	float	414.117298
/rows/40/result_ms	float	454.479354
/rows/40/trial	integer	10
/rows/41	object	-
/rows/41/backend	string	pvisor-host
/rows/41/completion_ms	float	488.609018
/rows/41/correctness	string	passed
/rows/41/logs	string	/home/reiase/workspace/pvisor/target/filesystem-fuse-ab-20261005/release/trials/filesystem-pvisor-host-010
/rows/41/memory_scope	string	owned launcher tree; Docker daemon/container RSS excluded
/rows/41/mode	string	filesystem
/rows/41/peak_tree_rss_kib	integer	160288
/rows/41/prepare_ms	float	37.201777
/rows/41/ready_ms	float	53.871417
/rows/41/result	object	-
/rows/41/result/correctness	string	passed
/rows/41/result/filesystem	object	-
/rows/41/result/filesystem/cargo	object	-
/rows/41/result/filesystem/cargo/check	object	-
/rows/41/result/filesystem/cargo/check/modules	integer	64
/rows/41/result/filesystem/cargo/check/result	string	2016
/rows/41/result/filesystem/cargo/python	string	3.14.7
/rows/41/result/filesystem/cargo/worker_ms	float	57.17943
/rows/41/result/filesystem/cargo/workload	string	cargo
/rows/41/result/filesystem/git	object	-
/rows/41/result/filesystem/git/check	object	-
/rows/41/result/filesystem/git/check/git_clean	boolean	true
/rows/41/result/filesystem/git/python	string	3.14.7
/rows/41/result/filesystem/git/worker_ms	float	14.309435
/rows/41/result/filesystem/git/workload	string	git
/rows/41/result/filesystem/metadata	object	-
/rows/41/result/filesystem/metadata/check	object	-
/rows/41/result/filesystem/metadata/check/bytes	integer	2095104
/rows/41/result/filesystem/metadata/check/files	integer	2048
/rows/41/result/filesystem/metadata/python	string	3.14.7
/rows/41/result/filesystem/metadata/worker_ms	float	4.907819
/rows/41/result/filesystem/metadata/workload	string	metadata
/rows/41/result/filesystem/npm	object	-
/rows/41/result/filesystem/npm/check	object	-
/rows/41/result/filesystem/npm/check/local_packages	integer	32
/rows/41/result/filesystem/npm/python	string	3.14.7
/rows/41/result/filesystem/npm/worker_ms	float	176.659778
/rows/41/result/filesystem/npm/workload	string	npm
/rows/41/result/filesystem/read	object	-
/rows/41/result/filesystem/read/check	object	-
/rows/41/result/filesystem/read/check/bytes	integer	67108864
/rows/41/result/filesystem/read/check/sha256	string	42ef3a50fe506ced865473b082c8b28f6ce254e6e2b01266b6a563531a6267bc
/rows/41/result/filesystem/read/python	string	3.14.7
/rows/41/result/filesystem/read/worker_ms	float	32.987362
/rows/41/result/filesystem/read/workload	string	read
/rows/41/result/filesystem/rg	object	-
/rows/41/result/filesystem/rg/check	object	-
/rows/41/result/filesystem/rg/check/matches	integer	2048
/rows/41/result/filesystem/rg/python	string	3.14.7
/rows/41/result/filesystem/rg/worker_ms	float	8.279732
/rows/41/result/filesystem/rg/workload	string	rg
/rows/41/result/filesystem/write	object	-
/rows/41/result/filesystem/write/check	object	-
/rows/41/result/filesystem/write/check/bytes	integer	16777216
/rows/41/result/filesystem/write/check/files	integer	256
/rows/41/result/filesystem/write/python	string	3.14.7
/rows/41/result/filesystem/write/worker_ms	float	3.695136
/rows/41/result/filesystem/write/workload	string	write
/rows/41/result/mode	string	filesystem
/rows/41/result/worker_ms	float	416.931
/rows/41/result_ms	float	470.846669
/rows/41/trial	integer	10
/rows/42	object	-
/rows/42/backend	string	pvisor-fuse
/rows/42/completion_ms	float	603.593686
/rows/42/correctness	string	passed
/rows/42/fuse_requests	object	-
/rows/42/fuse_requests/getattr	integer	477
/rows/42/fuse_requests/lookup	integer	3061
/rows/42/fuse_requests/read	integer	4758
/rows/42/fuse_requests/read_bytes	integer	72389686
/rows/42/fuse_requests/readdir	integer	542
/rows/42/fuse_requests/readdirplus	integer	0
/rows/42/fuse_requests/write	integer	292
/rows/42/fuse_requests/write_bytes	integer	17485492
/rows/42/logs	string	/home/reiase/workspace/pvisor/target/filesystem-fuse-ab-20261005/release/trials/filesystem-pvisor-fuse-010
/rows/42/memory_scope	string	owned launcher tree; Docker daemon/container RSS excluded
/rows/42/mode	string	filesystem
/rows/42/peak_tree_rss_kib	integer	160736
/rows/42/prepare_ms	float	38.933999
/rows/42/ready_ms	float	52.522639
/rows/42/result	object	-
/rows/42/result/correctness	string	passed
/rows/42/result/filesystem	object	-
/rows/42/result/filesystem/cargo	object	-
/rows/42/result/filesystem/cargo/check	object	-
/rows/42/result/filesystem/cargo/check/modules	integer	64
/rows/42/result/filesystem/cargo/check/result	string	2016
/rows/42/result/filesystem/cargo/python	string	3.14.7
/rows/42/result/filesystem/cargo/worker_ms	float	70.115452
/rows/42/result/filesystem/cargo/workload	string	cargo
/rows/42/result/filesystem/git	object	-
/rows/42/result/filesystem/git/check	object	-
/rows/42/result/filesystem/git/check/git_clean	boolean	true
/rows/42/result/filesystem/git/python	string	3.14.7
/rows/42/result/filesystem/git/worker_ms	float	38.909073
/rows/42/result/filesystem/git/workload	string	git
/rows/42/result/filesystem/metadata	object	-
/rows/42/result/filesystem/metadata/check	object	-
/rows/42/result/filesystem/metadata/check/bytes	integer	2095104
/rows/42/result/filesystem/metadata/check/files	integer	2048
/rows/42/result/filesystem/metadata/python	string	3.14.7
/rows/42/result/filesystem/metadata/worker_ms	float	22.556976
/rows/42/result/filesystem/metadata/workload	string	metadata
/rows/42/result/filesystem/npm	object	-
/rows/42/result/filesystem/npm/check	object	-
/rows/42/result/filesystem/npm/check/local_packages	integer	32
/rows/42/result/filesystem/npm/python	string	3.14.7
/rows/42/result/filesystem/npm/worker_ms	float	185.890415
/rows/42/result/filesystem/npm/workload	string	npm
/rows/42/result/filesystem/read	object	-
/rows/42/result/filesystem/read/check	object	-
/rows/42/result/filesystem/read/check/bytes	integer	67108864
/rows/42/result/filesystem/read/check/sha256	string	42ef3a50fe506ced865473b082c8b28f6ce254e6e2b01266b6a563531a6267bc
/rows/42/result/filesystem/read/python	string	3.14.7
/rows/42/result/filesystem/read/worker_ms	float	38.382941
/rows/42/result/filesystem/read/workload	string	read
/rows/42/result/filesystem/rg	object	-
/rows/42/result/filesystem/rg/check	object	-
/rows/42/result/filesystem/rg/check/matches	integer	2048
/rows/42/result/filesystem/rg/python	string	3.14.7
/rows/42/result/filesystem/rg/worker_ms	float	27.342337
/rows/42/result/filesystem/rg/workload	string	rg
/rows/42/result/filesystem/write	object	-
/rows/42/result/filesystem/write/check	object	-
/rows/42/result/filesystem/write/check/bytes	integer	16777216
/rows/42/result/filesystem/write/check/files	integer	256
/rows/42/result/filesystem/write/python	string	3.14.7
/rows/42/result/filesystem/write/worker_ms	float	12.982258
/rows/42/result/filesystem/write/workload	string	write
/rows/42/result/mode	string	filesystem
/rows/42/result/worker_ms	float	519.436289
/rows/42/result_ms	float	572.026865
/rows/42/trial	integer	10
/rows/43	object	-
/rows/43/backend	string	pvisor-staged
/rows/43/completion_ms	float	1350.932292
/rows/43/correctness	string	passed
/rows/43/logs	string	/home/reiase/workspace/pvisor/target/filesystem-fuse-ab-20261005/release/trials/filesystem-pvisor-staged-010
/rows/43/memory_scope	string	owned launcher tree; Docker daemon/container RSS excluded
/rows/43/mode	string	filesystem
/rows/43/peak_tree_rss_kib	integer	183476
/rows/43/prepare_ms	float	37.132548
/rows/43/ready_ms	float	63.71144
/rows/43/result	object	-
/rows/43/result/correctness	string	passed
/rows/43/result/filesystem	object	-
/rows/43/result/filesystem/cargo	object	-
/rows/43/result/filesystem/cargo/check	object	-
/rows/43/result/filesystem/cargo/check/modules	integer	64
/rows/43/result/filesystem/cargo/check/result	string	2016
/rows/43/result/filesystem/cargo/python	string	3.14.7
/rows/43/result/filesystem/cargo/worker_ms	float	119.532194
/rows/43/result/filesystem/cargo/workload	string	cargo
/rows/43/result/filesystem/git	object	-
/rows/43/result/filesystem/git/check	object	-
/rows/43/result/filesystem/git/check/git_clean	boolean	true
/rows/43/result/filesystem/git/python	string	3.14.7
/rows/43/result/filesystem/git/worker_ms	float	179.121572
/rows/43/result/filesystem/git/workload	string	git
/rows/43/result/filesystem/metadata	object	-
/rows/43/result/filesystem/metadata/check	object	-
/rows/43/result/filesystem/metadata/check/bytes	integer	2095104
/rows/43/result/filesystem/metadata/check/files	integer	2048
/rows/43/result/filesystem/metadata/python	string	3.14.7
/rows/43/result/filesystem/metadata/worker_ms	float	81.199096
/rows/43/result/filesystem/metadata/workload	string	metadata
/rows/43/result/filesystem/npm	object	-
/rows/43/result/filesystem/npm/check	object	-
/rows/43/result/filesystem/npm/check/local_packages	integer	32
/rows/43/result/filesystem/npm/python	string	3.14.7
/rows/43/result/filesystem/npm/worker_ms	float	273.424063
/rows/43/result/filesystem/npm/workload	string	npm
/rows/43/result/filesystem/read	object	-
/rows/43/result/filesystem/read/check	object	-
/rows/43/result/filesystem/read/check/bytes	integer	67108864
/rows/43/result/filesystem/read/check/sha256	string	42ef3a50fe506ced865473b082c8b28f6ce254e6e2b01266b6a563531a6267bc
/rows/43/result/filesystem/read/python	string	3.14.7
/rows/43/result/filesystem/read/worker_ms	float	70.206101
/rows/43/result/filesystem/read/workload	string	read
/rows/43/result/filesystem/rg	object	-
/rows/43/result/filesystem/rg/check	object	-
/rows/43/result/filesystem/rg/check/matches	integer	2048
/rows/43/result/filesystem/rg/python	string	3.14.7
/rows/43/result/filesystem/rg/worker_ms	float	92.657691
/rows/43/result/filesystem/rg/workload	string	rg
/rows/43/result/filesystem/write	object	-
/rows/43/result/filesystem/write/check	object	-
/rows/43/result/filesystem/write/check/bytes	integer	16777216
/rows/43/result/filesystem/write/check/files	integer	256
/rows/43/result/filesystem/write/python	string	3.14.7
/rows/43/result/filesystem/write/worker_ms	float	207.090708
/rows/43/result/filesystem/write/workload	string	write
/rows/43/result/mode	string	filesystem
/rows/43/result/worker_ms	float	1152.805222
/rows/43/result_ms	float	1216.582194
/rows/43/trial	integer	10
/rows/44	object	-
/rows/44/backend	string	pvisor-staged
/rows/44/completion_ms	float	1305.717902
/rows/44/correctness	string	passed
/rows/44/logs	string	/home/reiase/workspace/pvisor/target/filesystem-fuse-ab-20261005/release/trials/filesystem-pvisor-staged-011
/rows/44/memory_scope	string	owned launcher tree; Docker daemon/container RSS excluded
/rows/44/mode	string	filesystem
/rows/44/peak_tree_rss_kib	integer	176500
/rows/44/prepare_ms	float	38.700003
/rows/44/ready_ms	float	62.090224
/rows/44/result	object	-
/rows/44/result/correctness	string	passed
/rows/44/result/filesystem	object	-
/rows/44/result/filesystem/cargo	object	-
/rows/44/result/filesystem/cargo/check	object	-
/rows/44/result/filesystem/cargo/check/modules	integer	64
/rows/44/result/filesystem/cargo/check/result	string	2016
/rows/44/result/filesystem/cargo/python	string	3.14.7
/rows/44/result/filesystem/cargo/worker_ms	float	114.365142
/rows/44/result/filesystem/cargo/workload	string	cargo
/rows/44/result/filesystem/git	object	-
/rows/44/result/filesystem/git/check	object	-
/rows/44/result/filesystem/git/check/git_clean	boolean	true
/rows/44/result/filesystem/git/python	string	3.14.7
/rows/44/result/filesystem/git/worker_ms	float	173.833634
/rows/44/result/filesystem/git/workload	string	git
/rows/44/result/filesystem/metadata	object	-
/rows/44/result/filesystem/metadata/check	object	-
/rows/44/result/filesystem/metadata/check/bytes	integer	2095104
/rows/44/result/filesystem/metadata/check/files	integer	2048
/rows/44/result/filesystem/metadata/python	string	3.14.7
/rows/44/result/filesystem/metadata/worker_ms	float	76.168879
/rows/44/result/filesystem/metadata/workload	string	metadata
/rows/44/result/filesystem/npm	object	-
/rows/44/result/filesystem/npm/check	object	-
/rows/44/result/filesystem/npm/check/local_packages	integer	32
/rows/44/result/filesystem/npm/python	string	3.14.7
/rows/44/result/filesystem/npm/worker_ms	float	264.423736
/rows/44/result/filesystem/npm/workload	string	npm
/rows/44/result/filesystem/read	object	-
/rows/44/result/filesystem/read/check	object	-
/rows/44/result/filesystem/read/check/bytes	integer	67108864
/rows/44/result/filesystem/read/check/sha256	string	42ef3a50fe506ced865473b082c8b28f6ce254e6e2b01266b6a563531a6267bc
/rows/44/result/filesystem/read/python	string	3.14.7
/rows/44/result/filesystem/read/worker_ms	float	66.679209
/rows/44/result/filesystem/read/workload	string	read
/rows/44/result/filesystem/rg	object	-
/rows/44/result/filesystem/rg/check	object	-
/rows/44/result/filesystem/rg/check/matches	integer	2048
/rows/44/result/filesystem/rg/python	string	3.14.7
/rows/44/result/filesystem/rg/worker_ms	float	90.345946
/rows/44/result/filesystem/rg/workload	string	rg
/rows/44/result/filesystem/write	object	-
/rows/44/result/filesystem/write/check	object	-
/rows/44/result/filesystem/write/check/bytes	integer	16777216
/rows/44/result/filesystem/write/check/files	integer	256
/rows/44/result/filesystem/write/python	string	3.14.7
/rows/44/result/filesystem/write/worker_ms	float	206.914721
/rows/44/result/filesystem/write/workload	string	write
/rows/44/result/mode	string	filesystem
/rows/44/result/worker_ms	float	1119.981806
/rows/44/result_ms	float	1182.100363
/rows/44/trial	integer	11
/rows/45	object	-
/rows/45/backend	string	pvisor-host
/rows/45/completion_ms	float	488.586286
/rows/45/correctness	string	passed
/rows/45/logs	string	/home/reiase/workspace/pvisor/target/filesystem-fuse-ab-20261005/release/trials/filesystem-pvisor-host-011
/rows/45/memory_scope	string	owned launcher tree; Docker daemon/container RSS excluded
/rows/45/mode	string	filesystem
/rows/45/peak_tree_rss_kib	integer	159892
/rows/45/prepare_ms	float	37.954121
/rows/45/ready_ms	float	50.149702
/rows/45/result	object	-
/rows/45/result/correctness	string	passed
/rows/45/result/filesystem	object	-
/rows/45/result/filesystem/cargo	object	-
/rows/45/result/filesystem/cargo/check	object	-
/rows/45/result/filesystem/cargo/check/modules	integer	64
/rows/45/result/filesystem/cargo/check/result	string	2016
/rows/45/result/filesystem/cargo/python	string	3.14.7
/rows/45/result/filesystem/cargo/worker_ms	float	58.459369
/rows/45/result/filesystem/cargo/workload	string	cargo
/rows/45/result/filesystem/git	object	-
/rows/45/result/filesystem/git/check	object	-
/rows/45/result/filesystem/git/check/git_clean	boolean	true
/rows/45/result/filesystem/git/python	string	3.14.7
/rows/45/result/filesystem/git/worker_ms	float	14.667423
/rows/45/result/filesystem/git/workload	string	git
/rows/45/result/filesystem/metadata	object	-
/rows/45/result/filesystem/metadata/check	object	-
/rows/45/result/filesystem/metadata/check/bytes	integer	2095104
/rows/45/result/filesystem/metadata/check/files	integer	2048
/rows/45/result/filesystem/metadata/python	string	3.14.7
/rows/45/result/filesystem/metadata/worker_ms	float	4.587751
/rows/45/result/filesystem/metadata/workload	string	metadata
/rows/45/result/filesystem/npm	object	-
/rows/45/result/filesystem/npm/check	object	-
/rows/45/result/filesystem/npm/check/local_packages	integer	32
/rows/45/result/filesystem/npm/python	string	3.14.7
/rows/45/result/filesystem/npm/worker_ms	float	181.188119
/rows/45/result/filesystem/npm/workload	string	npm
/rows/45/result/filesystem/read	object	-
/rows/45/result/filesystem/read/check	object	-
/rows/45/result/filesystem/read/check/bytes	integer	67108864
/rows/45/result/filesystem/read/check/sha256	string	42ef3a50fe506ced865473b082c8b28f6ce254e6e2b01266b6a563531a6267bc
/rows/45/result/filesystem/read/python	string	3.14.7
/rows/45/result/filesystem/read/worker_ms	float	31.60375
/rows/45/result/filesystem/read/workload	string	read
/rows/45/result/filesystem/rg	object	-
/rows/45/result/filesystem/rg/check	object	-
/rows/45/result/filesystem/rg/check/matches	integer	2048
/rows/45/result/filesystem/rg/python	string	3.14.7
/rows/45/result/filesystem/rg/worker_ms	float	6.224317
/rows/45/result/filesystem/rg/workload	string	rg
/rows/45/result/filesystem/write	object	-
/rows/45/result/filesystem/write/check	object	-
/rows/45/result/filesystem/write/check/bytes	integer	16777216
/rows/45/result/filesystem/write/check/files	integer	256
/rows/45/result/filesystem/write/python	string	3.14.7
/rows/45/result/filesystem/write/worker_ms	float	4.596468
/rows/45/result/filesystem/write/workload	string	write
/rows/45/result/mode	string	filesystem
/rows/45/result/worker_ms	float	418.970186
/rows/45/result_ms	float	469.168618
/rows/45/trial	integer	11
/rows/46	object	-
/rows/46/backend	string	native
/rows/46/completion_ms	float	477.847795
/rows/46/correctness	string	passed
/rows/46/logs	string	/home/reiase/workspace/pvisor/target/filesystem-fuse-ab-20261005/release/trials/filesystem-native-011
/rows/46/memory_scope	string	owned launcher tree; Docker daemon/container RSS excluded
/rows/46/mode	string	filesystem
/rows/46/peak_tree_rss_kib	integer	135740
/rows/46/prepare_ms	float	37.496998
/rows/46/ready_ms	float	42.046639
/rows/46/result	object	-
/rows/46/result/correctness	string	passed
/rows/46/result/filesystem	object	-
/rows/46/result/filesystem/cargo	object	-
/rows/46/result/filesystem/cargo/check	object	-
/rows/46/result/filesystem/cargo/check/modules	integer	64
/rows/46/result/filesystem/cargo/check/result	string	2016
/rows/46/result/filesystem/cargo/python	string	3.14.7
/rows/46/result/filesystem/cargo/worker_ms	float	55.813832
/rows/46/result/filesystem/cargo/workload	string	cargo
/rows/46/result/filesystem/git	object	-
/rows/46/result/filesystem/git/check	object	-
/rows/46/result/filesystem/git/check/git_clean	boolean	true
/rows/46/result/filesystem/git/python	string	3.14.7
/rows/46/result/filesystem/git/worker_ms	float	14.490753
/rows/46/result/filesystem/git/workload	string	git
/rows/46/result/filesystem/metadata	object	-
/rows/46/result/filesystem/metadata/check	object	-
/rows/46/result/filesystem/metadata/check/bytes	integer	2095104
/rows/46/result/filesystem/metadata/check/files	integer	2048
/rows/46/result/filesystem/metadata/python	string	3.14.7
/rows/46/result/filesystem/metadata/worker_ms	float	4.680835
/rows/46/result/filesystem/metadata/workload	string	metadata
/rows/46/result/filesystem/npm	object	-
/rows/46/result/filesystem/npm/check	object	-
/rows/46/result/filesystem/npm/check/local_packages	integer	32
/rows/46/result/filesystem/npm/python	string	3.14.7
/rows/46/result/filesystem/npm/worker_ms	float	181.939551
/rows/46/result/filesystem/npm/workload	string	npm
/rows/46/result/filesystem/read	object	-
/rows/46/result/filesystem/read/check	object	-
/rows/46/result/filesystem/read/check/bytes	integer	67108864
/rows/46/result/filesystem/read/check/sha256	string	42ef3a50fe506ced865473b082c8b28f6ce254e6e2b01266b6a563531a6267bc
/rows/46/result/filesystem/read/python	string	3.14.7
/rows/46/result/filesystem/read/worker_ms	float	33.295187
/rows/46/result/filesystem/read/workload	string	read
/rows/46/result/filesystem/rg	object	-
/rows/46/result/filesystem/rg/check	object	-
/rows/46/result/filesystem/rg/check/matches	integer	2048
/rows/46/result/filesystem/rg/python	string	3.14.7
/rows/46/result/filesystem/rg/worker_ms	float	8.966864
/rows/46/result/filesystem/rg/workload	string	rg
/rows/46/result/filesystem/write	object	-
/rows/46/result/filesystem/write/check	object	-
/rows/46/result/filesystem/write/check/bytes	integer	16777216
/rows/46/result/filesystem/write/check/files	integer	256
/rows/46/result/filesystem/write/python	string	3.14.7
/rows/46/result/filesystem/write/worker_ms	float	4.67747
/rows/46/result/filesystem/write/workload	string	write
/rows/46/result/mode	string	filesystem
/rows/46/result/worker_ms	float	427.498331
/rows/46/result_ms	float	469.626232
/rows/46/trial	integer	11
/rows/47	object	-
/rows/47/backend	string	pvisor-fuse
/rows/47/completion_ms	float	599.264997
/rows/47/correctness	string	passed
/rows/47/fuse_requests	object	-
/rows/47/fuse_requests/getattr	integer	477
/rows/47/fuse_requests/lookup	integer	3061
/rows/47/fuse_requests/read	integer	4758
/rows/47/fuse_requests/read_bytes	integer	72389686
/rows/47/fuse_requests/readdir	integer	542
/rows/47/fuse_requests/readdirplus	integer	0
/rows/47/fuse_requests/write	integer	292
/rows/47/fuse_requests/write_bytes	integer	17485492
/rows/47/logs	string	/home/reiase/workspace/pvisor/target/filesystem-fuse-ab-20261005/release/trials/filesystem-pvisor-fuse-011
/rows/47/memory_scope	string	owned launcher tree; Docker daemon/container RSS excluded
/rows/47/mode	string	filesystem
/rows/47/peak_tree_rss_kib	integer	152708
/rows/47/prepare_ms	float	40.531822
/rows/47/ready_ms	float	51.96573
/rows/47/result	object	-
/rows/47/result/correctness	string	passed
/rows/47/result/filesystem	object	-
/rows/47/result/filesystem/cargo	object	-
/rows/47/result/filesystem/cargo/check	object	-
/rows/47/result/filesystem/cargo/check/modules	integer	64
/rows/47/result/filesystem/cargo/check/result	string	2016
/rows/47/result/filesystem/cargo/python	string	3.14.7
/rows/47/result/filesystem/cargo/worker_ms	float	74.222747
/rows/47/result/filesystem/cargo/workload	string	cargo
/rows/47/result/filesystem/git	object	-
/rows/47/result/filesystem/git/check	object	-
/rows/47/result/filesystem/git/check/git_clean	boolean	true
/rows/47/result/filesystem/git/python	string	3.14.7
/rows/47/result/filesystem/git/worker_ms	float	40.091269
/rows/47/result/filesystem/git/workload	string	git
/rows/47/result/filesystem/metadata	object	-
/rows/47/result/filesystem/metadata/check	object	-
/rows/47/result/filesystem/metadata/check/bytes	integer	2095104
/rows/47/result/filesystem/metadata/check/files	integer	2048
/rows/47/result/filesystem/metadata/python	string	3.14.7
/rows/47/result/filesystem/metadata/worker_ms	float	23.011645
/rows/47/result/filesystem/metadata/workload	string	metadata
/rows/47/result/filesystem/npm	object	-
/rows/47/result/filesystem/npm/check	object	-
/rows/47/result/filesystem/npm/check/local_packages	integer	32
/rows/47/result/filesystem/npm/python	string	3.14.7
/rows/47/result/filesystem/npm/worker_ms	float	185.629728
/rows/47/result/filesystem/npm/workload	string	npm
/rows/47/result/filesystem/read	object	-
/rows/47/result/filesystem/read/check	object	-
/rows/47/result/filesystem/read/check/bytes	integer	67108864
/rows/47/result/filesystem/read/check/sha256	string	42ef3a50fe506ced865473b082c8b28f6ce254e6e2b01266b6a563531a6267bc
/rows/47/result/filesystem/read/python	string	3.14.7
/rows/47/result/filesystem/read/worker_ms	float	39.625099
/rows/47/result/filesystem/read/workload	string	read
/rows/47/result/filesystem/rg	object	-
/rows/47/result/filesystem/rg/check	object	-
/rows/47/result/filesystem/rg/check/matches	integer	2048
/rows/47/result/filesystem/rg/python	string	3.14.7
/rows/47/result/filesystem/rg/worker_ms	float	27.72412
/rows/47/result/filesystem/rg/workload	string	rg
/rows/47/result/filesystem/write	object	-
/rows/47/result/filesystem/write/check	object	-
/rows/47/result/filesystem/write/check/bytes	integer	16777216
/rows/47/result/filesystem/write/check/files	integer	256
/rows/47/result/filesystem/write/python	string	3.14.7
/rows/47/result/filesystem/write/worker_ms	float	12.49059
/rows/47/result/filesystem/write/workload	string	write
/rows/47/result/mode	string	filesystem
/rows/47/result/worker_ms	float	525.710278
/rows/47/result_ms	float	577.739826
/rows/47/trial	integer	11
/rows/48	object	-
/rows/48/backend	string	pvisor-host
/rows/48/completion_ms	float	489.134669
/rows/48/correctness	string	passed
/rows/48/logs	string	/home/reiase/workspace/pvisor/target/filesystem-fuse-ab-20261005/release/trials/filesystem-pvisor-host-012
/rows/48/memory_scope	string	owned launcher tree; Docker daemon/container RSS excluded
/rows/48/mode	string	filesystem
/rows/48/peak_tree_rss_kib	integer	160304
/rows/48/prepare_ms	float	37.36962
/rows/48/ready_ms	float	51.074266
/rows/48/result	object	-
/rows/48/result/correctness	string	passed
/rows/48/result/filesystem	object	-
/rows/48/result/filesystem/cargo	object	-
/rows/48/result/filesystem/cargo/check	object	-
/rows/48/result/filesystem/cargo/check/modules	integer	64
/rows/48/result/filesystem/cargo/check/result	string	2016
/rows/48/result/filesystem/cargo/python	string	3.14.7
/rows/48/result/filesystem/cargo/worker_ms	float	57.951872
/rows/48/result/filesystem/cargo/workload	string	cargo
/rows/48/result/filesystem/git	object	-
/rows/48/result/filesystem/git/check	object	-
/rows/48/result/filesystem/git/check/git_clean	boolean	true
/rows/48/result/filesystem/git/python	string	3.14.7
/rows/48/result/filesystem/git/worker_ms	float	14.648718
/rows/48/result/filesystem/git/workload	string	git
/rows/48/result/filesystem/metadata	object	-
/rows/48/result/filesystem/metadata/check	object	-
/rows/48/result/filesystem/metadata/check/bytes	integer	2095104
/rows/48/result/filesystem/metadata/check/files	integer	2048
/rows/48/result/filesystem/metadata/python	string	3.14.7
/rows/48/result/filesystem/metadata/worker_ms	float	5.270947
/rows/48/result/filesystem/metadata/workload	string	metadata
/rows/48/result/filesystem/npm	object	-
/rows/48/result/filesystem/npm/check	object	-
/rows/48/result/filesystem/npm/check/local_packages	integer	32
/rows/48/result/filesystem/npm/python	string	3.14.7
/rows/48/result/filesystem/npm/worker_ms	float	173.651655
/rows/48/result/filesystem/npm/workload	string	npm
/rows/48/result/filesystem/read	object	-
/rows/48/result/filesystem/read/check	object	-
/rows/48/result/filesystem/read/check/bytes	integer	67108864
/rows/48/result/filesystem/read/check/sha256	string	42ef3a50fe506ced865473b082c8b28f6ce254e6e2b01266b6a563531a6267bc
/rows/48/result/filesystem/read/python	string	3.14.7
/rows/48/result/filesystem/read/worker_ms	float	31.848035
/rows/48/result/filesystem/read/workload	string	read
/rows/48/result/filesystem/rg	object	-
/rows/48/result/filesystem/rg/check	object	-
/rows/48/result/filesystem/rg/check/matches	integer	2048
/rows/48/result/filesystem/rg/python	string	3.14.7
/rows/48/result/filesystem/rg/worker_ms	float	9.678292
/rows/48/result/filesystem/rg/workload	string	rg
/rows/48/result/filesystem/write	object	-
/rows/48/result/filesystem/write/check	object	-
/rows/48/result/filesystem/write/check/bytes	integer	16777216
/rows/48/result/filesystem/write/check/files	integer	256
/rows/48/result/filesystem/write/python	string	3.14.7
/rows/48/result/filesystem/write/worker_ms	float	4.158571
/rows/48/result/filesystem/write/workload	string	write
/rows/48/result/mode	string	filesystem
/rows/48/result/worker_ms	float	420.609616
/rows/48/result_ms	float	471.724918
/rows/48/trial	integer	12
/rows/49	object	-
/rows/49/backend	string	pvisor-staged
/rows/49/completion_ms	float	1350.969973
/rows/49/correctness	string	passed
/rows/49/logs	string	/home/reiase/workspace/pvisor/target/filesystem-fuse-ab-20261005/release/trials/filesystem-pvisor-staged-012
/rows/49/memory_scope	string	owned launcher tree; Docker daemon/container RSS excluded
/rows/49/mode	string	filesystem
/rows/49/peak_tree_rss_kib	integer	174204
/rows/49/prepare_ms	float	37.799904
/rows/49/ready_ms	float	64.16662
/rows/49/result	object	-
/rows/49/result/correctness	string	passed
/rows/49/result/filesystem	object	-
/rows/49/result/filesystem/cargo	object	-
/rows/49/result/filesystem/cargo/check	object	-
/rows/49/result/filesystem/cargo/check/modules	integer	64
/rows/49/result/filesystem/cargo/check/result	string	2016
/rows/49/result/filesystem/cargo/python	string	3.14.7
/rows/49/result/filesystem/cargo/worker_ms	float	122.248023
/rows/49/result/filesystem/cargo/workload	string	cargo
/rows/49/result/filesystem/git	object	-
/rows/49/result/filesystem/git/check	object	-
/rows/49/result/filesystem/git/check/git_clean	boolean	true
/rows/49/result/filesystem/git/python	string	3.14.7
/rows/49/result/filesystem/git/worker_ms	float	187.710952
/rows/49/result/filesystem/git/workload	string	git
/rows/49/result/filesystem/metadata	object	-
/rows/49/result/filesystem/metadata/check	object	-
/rows/49/result/filesystem/metadata/check/bytes	integer	2095104
/rows/49/result/filesystem/metadata/check/files	integer	2048
/rows/49/result/filesystem/metadata/python	string	3.14.7
/rows/49/result/filesystem/metadata/worker_ms	float	77.635606
/rows/49/result/filesystem/metadata/workload	string	metadata
/rows/49/result/filesystem/npm	object	-
/rows/49/result/filesystem/npm/check	object	-
/rows/49/result/filesystem/npm/check/local_packages	integer	32
/rows/49/result/filesystem/npm/python	string	3.14.7
/rows/49/result/filesystem/npm/worker_ms	float	271.140681
/rows/49/result/filesystem/npm/workload	string	npm
/rows/49/result/filesystem/read	object	-
/rows/49/result/filesystem/read/check	object	-
/rows/49/result/filesystem/read/check/bytes	integer	67108864
/rows/49/result/filesystem/read/check/sha256	string	42ef3a50fe506ced865473b082c8b28f6ce254e6e2b01266b6a563531a6267bc
/rows/49/result/filesystem/read/python	string	3.14.7
/rows/49/result/filesystem/read/worker_ms	float	68.408306
/rows/49/result/filesystem/read/workload	string	read
/rows/49/result/filesystem/rg	object	-
/rows/49/result/filesystem/rg/check	object	-
/rows/49/result/filesystem/rg/check/matches	integer	2048
/rows/49/result/filesystem/rg/python	string	3.14.7
/rows/49/result/filesystem/rg/worker_ms	float	93.86292
/rows/49/result/filesystem/rg/workload	string	rg
/rows/49/result/filesystem/write	object	-
/rows/49/result/filesystem/write/check	object	-
/rows/49/result/filesystem/write/check/bytes	integer	16777216
/rows/49/result/filesystem/write/check/files	integer	256
/rows/49/result/filesystem/write/python	string	3.14.7
/rows/49/result/filesystem/write/worker_ms	float	218.037158
/rows/49/result/filesystem/write/workload	string	write
/rows/49/result/mode	string	filesystem
/rows/49/result/worker_ms	float	1167.267081
/rows/49/result_ms	float	1231.464007
/rows/49/trial	integer	12
/rows/50	object	-
/rows/50/backend	string	pvisor-fuse
/rows/50/completion_ms	float	602.523288
/rows/50/correctness	string	passed
/rows/50/fuse_requests	object	-
/rows/50/fuse_requests/getattr	integer	477
/rows/50/fuse_requests/lookup	integer	3061
/rows/50/fuse_requests/read	integer	4758
/rows/50/fuse_requests/read_bytes	integer	72389686
/rows/50/fuse_requests/readdir	integer	542
/rows/50/fuse_requests/readdirplus	integer	0
/rows/50/fuse_requests/write	integer	292
/rows/50/fuse_requests/write_bytes	integer	17485492
/rows/50/logs	string	/home/reiase/workspace/pvisor/target/filesystem-fuse-ab-20261005/release/trials/filesystem-pvisor-fuse-012
/rows/50/memory_scope	string	owned launcher tree; Docker daemon/container RSS excluded
/rows/50/mode	string	filesystem
/rows/50/peak_tree_rss_kib	integer	155140
/rows/50/prepare_ms	float	37.004348
/rows/50/ready_ms	float	53.881425
/rows/50/result	object	-
/rows/50/result/correctness	string	passed
/rows/50/result/filesystem	object	-
/rows/50/result/filesystem/cargo	object	-
/rows/50/result/filesystem/cargo/check	object	-
/rows/50/result/filesystem/cargo/check/modules	integer	64
/rows/50/result/filesystem/cargo/check/result	string	2016
/rows/50/result/filesystem/cargo/python	string	3.14.7
/rows/50/result/filesystem/cargo/worker_ms	float	73.788736
/rows/50/result/filesystem/cargo/workload	string	cargo
/rows/50/result/filesystem/git	object	-
/rows/50/result/filesystem/git/check	object	-
/rows/50/result/filesystem/git/check/git_clean	boolean	true
/rows/50/result/filesystem/git/python	string	3.14.7
/rows/50/result/filesystem/git/worker_ms	float	41.203796
/rows/50/result/filesystem/git/workload	string	git
/rows/50/result/filesystem/metadata	object	-
/rows/50/result/filesystem/metadata/check	object	-
/rows/50/result/filesystem/metadata/check/bytes	integer	2095104
/rows/50/result/filesystem/metadata/check/files	integer	2048
/rows/50/result/filesystem/metadata/python	string	3.14.7
/rows/50/result/filesystem/metadata/worker_ms	float	21.258924
/rows/50/result/filesystem/metadata/workload	string	metadata
/rows/50/result/filesystem/npm	object	-
/rows/50/result/filesystem/npm/check	object	-
/rows/50/result/filesystem/npm/check/local_packages	integer	32
/rows/50/result/filesystem/npm/python	string	3.14.7
/rows/50/result/filesystem/npm/worker_ms	float	182.671808
/rows/50/result/filesystem/npm/workload	string	npm
/rows/50/result/filesystem/read	object	-
/rows/50/result/filesystem/read/check	object	-
/rows/50/result/filesystem/read/check/bytes	integer	67108864
/rows/50/result/filesystem/read/check/sha256	string	42ef3a50fe506ced865473b082c8b28f6ce254e6e2b01266b6a563531a6267bc
/rows/50/result/filesystem/read/python	string	3.14.7
/rows/50/result/filesystem/read/worker_ms	float	39.220774
/rows/50/result/filesystem/read/workload	string	read
/rows/50/result/filesystem/rg	object	-
/rows/50/result/filesystem/rg/check	object	-
/rows/50/result/filesystem/rg/check/matches	integer	2048
/rows/50/result/filesystem/rg/python	string	3.14.7
/rows/50/result/filesystem/rg/worker_ms	float	28.146929
/rows/50/result/filesystem/rg/workload	string	rg
/rows/50/result/filesystem/write	object	-
/rows/50/result/filesystem/write/check	object	-
/rows/50/result/filesystem/write/check/bytes	integer	16777216
/rows/50/result/filesystem/write/check/files	integer	256
/rows/50/result/filesystem/write/python	string	3.14.7
/rows/50/result/filesystem/write/worker_ms	float	11.90614
/rows/50/result/filesystem/write/workload	string	write
/rows/50/result/mode	string	filesystem
/rows/50/result/worker_ms	float	521.820267
/rows/50/result_ms	float	575.798033
/rows/50/trial	integer	12
/rows/51	object	-
/rows/51/backend	string	native
/rows/51/completion_ms	float	478.800122
/rows/51/correctness	string	passed
/rows/51/logs	string	/home/reiase/workspace/pvisor/target/filesystem-fuse-ab-20261005/release/trials/filesystem-native-012
/rows/51/memory_scope	string	owned launcher tree; Docker daemon/container RSS excluded
/rows/51/mode	string	filesystem
/rows/51/peak_tree_rss_kib	integer	147828
/rows/51/prepare_ms	float	36.476624
/rows/51/ready_ms	float	44.007659
/rows/51/result	object	-
/rows/51/result/correctness	string	passed
/rows/51/result/filesystem	object	-
/rows/51/result/filesystem/cargo	object	-
/rows/51/result/filesystem/cargo/check	object	-
/rows/51/result/filesystem/cargo/check/modules	integer	64
/rows/51/result/filesystem/cargo/check/result	string	2016
/rows/51/result/filesystem/cargo/python	string	3.14.7
/rows/51/result/filesystem/cargo/worker_ms	float	58.033875
/rows/51/result/filesystem/cargo/workload	string	cargo
/rows/51/result/filesystem/git	object	-
/rows/51/result/filesystem/git/check	object	-
/rows/51/result/filesystem/git/check/git_clean	boolean	true
/rows/51/result/filesystem/git/python	string	3.14.7
/rows/51/result/filesystem/git/worker_ms	float	14.10821
/rows/51/result/filesystem/git/workload	string	git
/rows/51/result/filesystem/metadata	object	-
/rows/51/result/filesystem/metadata/check	object	-
/rows/51/result/filesystem/metadata/check/bytes	integer	2095104
/rows/51/result/filesystem/metadata/check/files	integer	2048
/rows/51/result/filesystem/metadata/python	string	3.14.7
/rows/51/result/filesystem/metadata/worker_ms	float	6.690526
/rows/51/result/filesystem/metadata/workload	string	metadata
/rows/51/result/filesystem/npm	object	-
/rows/51/result/filesystem/npm/check	object	-
/rows/51/result/filesystem/npm/check/local_packages	integer	32
/rows/51/result/filesystem/npm/python	string	3.14.7
/rows/51/result/filesystem/npm/worker_ms	float	176.539032
/rows/51/result/filesystem/npm/workload	string	npm
/rows/51/result/filesystem/read	object	-
/rows/51/result/filesystem/read/check	object	-
/rows/51/result/filesystem/read/check/bytes	integer	67108864
/rows/51/result/filesystem/read/check/sha256	string	42ef3a50fe506ced865473b082c8b28f6ce254e6e2b01266b6a563531a6267bc
/rows/51/result/filesystem/read/python	string	3.14.7
/rows/51/result/filesystem/read/worker_ms	float	32.076351
/rows/51/result/filesystem/read/workload	string	read
/rows/51/result/filesystem/rg	object	-
/rows/51/result/filesystem/rg/check	object	-
/rows/51/result/filesystem/rg/check/matches	integer	2048
/rows/51/result/filesystem/rg/python	string	3.14.7
/rows/51/result/filesystem/rg/worker_ms	float	8.556609
/rows/51/result/filesystem/rg/workload	string	rg
/rows/51/result/filesystem/write	object	-
/rows/51/result/filesystem/write/check	object	-
/rows/51/result/filesystem/write/check/bytes	integer	16777216
/rows/51/result/filesystem/write/check/files	integer	256
/rows/51/result/filesystem/write/python	string	3.14.7
/rows/51/result/filesystem/write/worker_ms	float	3.910047
/rows/51/result/filesystem/write/workload	string	write
/rows/51/result/mode	string	filesystem
/rows/51/result/worker_ms	float	426.564689
/rows/51/result_ms	float	470.660281
/rows/51/trial	integer	12
/rows/52	object	-
/rows/52/backend	string	pvisor-fuse
/rows/52/completion_ms	float	610.44404
/rows/52/correctness	string	passed
/rows/52/fuse_requests	object	-
/rows/52/fuse_requests/getattr	integer	476
/rows/52/fuse_requests/lookup	integer	3061
/rows/52/fuse_requests/read	integer	4758
/rows/52/fuse_requests/read_bytes	integer	72389686
/rows/52/fuse_requests/readdir	integer	542
/rows/52/fuse_requests/readdirplus	integer	0
/rows/52/fuse_requests/write	integer	292
/rows/52/fuse_requests/write_bytes	integer	17485492
/rows/52/logs	string	/home/reiase/workspace/pvisor/target/filesystem-fuse-ab-20261005/release/trials/filesystem-pvisor-fuse-013
/rows/52/memory_scope	string	owned launcher tree; Docker daemon/container RSS excluded
/rows/52/mode	string	filesystem
/rows/52/peak_tree_rss_kib	integer	164604
/rows/52/prepare_ms	float	36.690603
/rows/52/ready_ms	float	55.330309
/rows/52/result	object	-
/rows/52/result/correctness	string	passed
/rows/52/result/filesystem	object	-
/rows/52/result/filesystem/cargo	object	-
/rows/52/result/filesystem/cargo/check	object	-
/rows/52/result/filesystem/cargo/check/modules	integer	64
/rows/52/result/filesystem/cargo/check/result	string	2016
/rows/52/result/filesystem/cargo/python	string	3.14.7
/rows/52/result/filesystem/cargo/worker_ms	float	81.080395
/rows/52/result/filesystem/cargo/workload	string	cargo
/rows/52/result/filesystem/git	object	-
/rows/52/result/filesystem/git/check	object	-
/rows/52/result/filesystem/git/check/git_clean	boolean	true
/rows/52/result/filesystem/git/python	string	3.14.7
/rows/52/result/filesystem/git/worker_ms	float	40.619696
/rows/52/result/filesystem/git/workload	string	git
/rows/52/result/filesystem/metadata	object	-
/rows/52/result/filesystem/metadata/check	object	-
/rows/52/result/filesystem/metadata/check/bytes	integer	2095104
/rows/52/result/filesystem/metadata/check/files	integer	2048
/rows/52/result/filesystem/metadata/python	string	3.14.7
/rows/52/result/filesystem/metadata/worker_ms	float	23.809834
/rows/52/result/filesystem/metadata/workload	string	metadata
/rows/52/result/filesystem/npm	object	-
/rows/52/result/filesystem/npm/check	object	-
/rows/52/result/filesystem/npm/check/local_packages	integer	32
/rows/52/result/filesystem/npm/python	string	3.14.7
/rows/52/result/filesystem/npm/worker_ms	float	182.418105
/rows/52/result/filesystem/npm/workload	string	npm
/rows/52/result/filesystem/read	object	-
/rows/52/result/filesystem/read/check	object	-
/rows/52/result/filesystem/read/check/bytes	integer	67108864
/rows/52/result/filesystem/read/check/sha256	string	42ef3a50fe506ced865473b082c8b28f6ce254e6e2b01266b6a563531a6267bc
/rows/52/result/filesystem/read/python	string	3.14.7
/rows/52/result/filesystem/read/worker_ms	float	37.366695
/rows/52/result/filesystem/read/workload	string	read
/rows/52/result/filesystem/rg	object	-
/rows/52/result/filesystem/rg/check	object	-
/rows/52/result/filesystem/rg/check/matches	integer	2048
/rows/52/result/filesystem/rg/python	string	3.14.7
/rows/52/result/filesystem/rg/worker_ms	float	27.7137
/rows/52/result/filesystem/rg/workload	string	rg
/rows/52/result/filesystem/write	object	-
/rows/52/result/filesystem/write/check	object	-
/rows/52/result/filesystem/write/check/bytes	integer	16777216
/rows/52/result/filesystem/write/check/files	integer	256
/rows/52/result/filesystem/write/python	string	3.14.7
/rows/52/result/filesystem/write/worker_ms	float	12.713426
/rows/52/result/filesystem/write/workload	string	write
/rows/52/result/mode	string	filesystem
/rows/52/result/worker_ms	float	529.499289
/rows/52/result_ms	float	584.872007
/rows/52/trial	integer	13
/rows/53	object	-
/rows/53/backend	string	pvisor-staged
/rows/53/completion_ms	float	1346.926627
/rows/53/correctness	string	passed
/rows/53/logs	string	/home/reiase/workspace/pvisor/target/filesystem-fuse-ab-20261005/release/trials/filesystem-pvisor-staged-013
/rows/53/memory_scope	string	owned launcher tree; Docker daemon/container RSS excluded
/rows/53/mode	string	filesystem
/rows/53/peak_tree_rss_kib	integer	180156
/rows/53/prepare_ms	float	37.27823
/rows/53/ready_ms	float	64.811533
/rows/53/result	object	-
/rows/53/result/correctness	string	passed
/rows/53/result/filesystem	object	-
/rows/53/result/filesystem/cargo	object	-
/rows/53/result/filesystem/cargo/check	object	-
/rows/53/result/filesystem/cargo/check/modules	integer	64
/rows/53/result/filesystem/cargo/check/result	string	2016
/rows/53/result/filesystem/cargo/python	string	3.14.7
/rows/53/result/filesystem/cargo/worker_ms	float	122.527605
/rows/53/result/filesystem/cargo/workload	string	cargo
/rows/53/result/filesystem/git	object	-
/rows/53/result/filesystem/git/check	object	-
/rows/53/result/filesystem/git/check/git_clean	boolean	true
/rows/53/result/filesystem/git/python	string	3.14.7
/rows/53/result/filesystem/git/worker_ms	float	175.130424
/rows/53/result/filesystem/git/workload	string	git
/rows/53/result/filesystem/metadata	object	-
/rows/53/result/filesystem/metadata/check	object	-
/rows/53/result/filesystem/metadata/check/bytes	integer	2095104
/rows/53/result/filesystem/metadata/check/files	integer	2048
/rows/53/result/filesystem/metadata/python	string	3.14.7
/rows/53/result/filesystem/metadata/worker_ms	float	76.373581
/rows/53/result/filesystem/metadata/workload	string	metadata
/rows/53/result/filesystem/npm	object	-
/rows/53/result/filesystem/npm/check	object	-
/rows/53/result/filesystem/npm/check/local_packages	integer	32
/rows/53/result/filesystem/npm/python	string	3.14.7
/rows/53/result/filesystem/npm/worker_ms	float	274.917249
/rows/53/result/filesystem/npm/workload	string	npm
/rows/53/result/filesystem/read	object	-
/rows/53/result/filesystem/read/check	object	-
/rows/53/result/filesystem/read/check/bytes	integer	67108864
/rows/53/result/filesystem/read/check/sha256	string	42ef3a50fe506ced865473b082c8b28f6ce254e6e2b01266b6a563531a6267bc
/rows/53/result/filesystem/read/python	string	3.14.7
/rows/53/result/filesystem/read/worker_ms	float	69.972095
/rows/53/result/filesystem/read/workload	string	read
/rows/53/result/filesystem/rg	object	-
/rows/53/result/filesystem/rg/check	object	-
/rows/53/result/filesystem/rg/check/matches	integer	2048
/rows/53/result/filesystem/rg/python	string	3.14.7
/rows/53/result/filesystem/rg/worker_ms	float	93.52016
/rows/53/result/filesystem/rg/workload	string	rg
/rows/53/result/filesystem/write	object	-
/rows/53/result/filesystem/write/check	object	-
/rows/53/result/filesystem/write/check/bytes	integer	16777216
/rows/53/result/filesystem/write/check/files	integer	256
/rows/53/result/filesystem/write/python	string	3.14.7
/rows/53/result/filesystem/write/worker_ms	float	212.087455
/rows/53/result/filesystem/write/workload	string	write
/rows/53/result/mode	string	filesystem
/rows/53/result/worker_ms	float	1151.80774
/rows/53/result_ms	float	1216.664408
/rows/53/trial	integer	13
/rows/54	object	-
/rows/54/backend	string	pvisor-host
/rows/54/completion_ms	float	487.717875
/rows/54/correctness	string	passed
/rows/54/logs	string	/home/reiase/workspace/pvisor/target/filesystem-fuse-ab-20261005/release/trials/filesystem-pvisor-host-013
/rows/54/memory_scope	string	owned launcher tree; Docker daemon/container RSS excluded
/rows/54/mode	string	filesystem
/rows/54/peak_tree_rss_kib	integer	160192
/rows/54/prepare_ms	float	37.590814
/rows/54/ready_ms	float	52.418255
/rows/54/result	object	-
/rows/54/result/correctness	string	passed
/rows/54/result/filesystem	object	-
/rows/54/result/filesystem/cargo	object	-
/rows/54/result/filesystem/cargo/check	object	-
/rows/54/result/filesystem/cargo/check/modules	integer	64
/rows/54/result/filesystem/cargo/check/result	string	2016
/rows/54/result/filesystem/cargo/python	string	3.14.7
/rows/54/result/filesystem/cargo/worker_ms	float	58.25075
/rows/54/result/filesystem/cargo/workload	string	cargo
/rows/54/result/filesystem/git	object	-
/rows/54/result/filesystem/git/check	object	-
/rows/54/result/filesystem/git/check/git_clean	boolean	true
/rows/54/result/filesystem/git/python	string	3.14.7
/rows/54/result/filesystem/git/worker_ms	float	14.594557
/rows/54/result/filesystem/git/workload	string	git
/rows/54/result/filesystem/metadata	object	-
/rows/54/result/filesystem/metadata/check	object	-
/rows/54/result/filesystem/metadata/check/bytes	integer	2095104
/rows/54/result/filesystem/metadata/check/files	integer	2048
/rows/54/result/filesystem/metadata/python	string	3.14.7
/rows/54/result/filesystem/metadata/worker_ms	float	5.030939
/rows/54/result/filesystem/metadata/workload	string	metadata
/rows/54/result/filesystem/npm	object	-
/rows/54/result/filesystem/npm/check	object	-
/rows/54/result/filesystem/npm/check/local_packages	integer	32
/rows/54/result/filesystem/npm/python	string	3.14.7
/rows/54/result/filesystem/npm/worker_ms	float	177.50202
/rows/54/result/filesystem/npm/workload	string	npm
/rows/54/result/filesystem/read	object	-
/rows/54/result/filesystem/read/check	object	-
/rows/54/result/filesystem/read/check/bytes	integer	67108864
/rows/54/result/filesystem/read/check/sha256	string	42ef3a50fe506ced865473b082c8b28f6ce254e6e2b01266b6a563531a6267bc
/rows/54/result/filesystem/read/python	string	3.14.7
/rows/54/result/filesystem/read/worker_ms	float	32.277367
/rows/54/result/filesystem/read/workload	string	read
/rows/54/result/filesystem/rg	object	-
/rows/54/result/filesystem/rg/check	object	-
/rows/54/result/filesystem/rg/check/matches	integer	2048
/rows/54/result/filesystem/rg/python	string	3.14.7
/rows/54/result/filesystem/rg/worker_ms	float	7.933686
/rows/54/result/filesystem/rg/workload	string	rg
/rows/54/result/filesystem/write	object	-
/rows/54/result/filesystem/write/check	object	-
/rows/54/result/filesystem/write/check/bytes	integer	16777216
/rows/54/result/filesystem/write/check/files	integer	256
/rows/54/result/filesystem/write/python	string	3.14.7
/rows/54/result/filesystem/write/worker_ms	float	4.709679
/rows/54/result/filesystem/write/workload	string	write
/rows/54/result/mode	string	filesystem
/rows/54/result/worker_ms	float	419.73871
/rows/54/result_ms	float	472.214512
/rows/54/trial	integer	13
/rows/55	object	-
/rows/55/backend	string	native
/rows/55/completion_ms	float	469.242195
/rows/55/correctness	string	passed
/rows/55/logs	string	/home/reiase/workspace/pvisor/target/filesystem-fuse-ab-20261005/release/trials/filesystem-native-013
/rows/55/memory_scope	string	owned launcher tree; Docker daemon/container RSS excluded
/rows/55/mode	string	filesystem
/rows/55/peak_tree_rss_kib	integer	137536
/rows/55/prepare_ms	float	38.287303
/rows/55/ready_ms	float	40.876104
/rows/55/result	object	-
/rows/55/result/correctness	string	passed
/rows/55/result/filesystem	object	-
/rows/55/result/filesystem/cargo	object	-
/rows/55/result/filesystem/cargo/check	object	-
/rows/55/result/filesystem/cargo/check/modules	integer	64
/rows/55/result/filesystem/cargo/check/result	string	2016
/rows/55/result/filesystem/cargo/python	string	3.14.7
/rows/55/result/filesystem/cargo/worker_ms	float	58.995689
/rows/55/result/filesystem/cargo/workload	string	cargo
/rows/55/result/filesystem/git	object	-
/rows/55/result/filesystem/git/check	object	-
/rows/55/result/filesystem/git/check/git_clean	boolean	true
/rows/55/result/filesystem/git/python	string	3.14.7
/rows/55/result/filesystem/git/worker_ms	float	15.784959
/rows/55/result/filesystem/git/workload	string	git
/rows/55/result/filesystem/metadata	object	-
/rows/55/result/filesystem/metadata/check	object	-
/rows/55/result/filesystem/metadata/check/bytes	integer	2095104
/rows/55/result/filesystem/metadata/check/files	integer	2048
/rows/55/result/filesystem/metadata/python	string	3.14.7
/rows/55/result/filesystem/metadata/worker_ms	float	4.694651
/rows/55/result/filesystem/metadata/workload	string	metadata
/rows/55/result/filesystem/npm	object	-
/rows/55/result/filesystem/npm/check	object	-
/rows/55/result/filesystem/npm/check/local_packages	integer	32
/rows/55/result/filesystem/npm/python	string	3.14.7
/rows/55/result/filesystem/npm/worker_ms	float	176.889176
/rows/55/result/filesystem/npm/workload	string	npm
/rows/55/result/filesystem/read	object	-
/rows/55/result/filesystem/read/check	object	-
/rows/55/result/filesystem/read/check/bytes	integer	67108864
/rows/55/result/filesystem/read/check/sha256	string	42ef3a50fe506ced865473b082c8b28f6ce254e6e2b01266b6a563531a6267bc
/rows/55/result/filesystem/read/python	string	3.14.7
/rows/55/result/filesystem/read/worker_ms	float	32.548573
/rows/55/result/filesystem/read/workload	string	read
/rows/55/result/filesystem/rg	object	-
/rows/55/result/filesystem/rg/check	object	-
/rows/55/result/filesystem/rg/check/matches	integer	2048
/rows/55/result/filesystem/rg/python	string	3.14.7
/rows/55/result/filesystem/rg/worker_ms	float	8.364299
/rows/55/result/filesystem/rg/workload	string	rg
/rows/55/result/filesystem/write	object	-
/rows/55/result/filesystem/write/check	object	-
/rows/55/result/filesystem/write/check/bytes	integer	16777216
/rows/55/result/filesystem/write/check/files	integer	256
/rows/55/result/filesystem/write/python	string	3.14.7
/rows/55/result/filesystem/write/worker_ms	float	4.241034
/rows/55/result/filesystem/write/workload	string	write
/rows/55/result/mode	string	filesystem
/rows/55/result/worker_ms	float	420.187117
/rows/55/result_ms	float	461.097775
/rows/55/trial	integer	13
/rows/56	object	-
/rows/56/backend	string	pvisor-staged
/rows/56/completion_ms	float	1354.437114
/rows/56/correctness	string	passed
/rows/56/logs	string	/home/reiase/workspace/pvisor/target/filesystem-fuse-ab-20261005/release/trials/filesystem-pvisor-staged-014
/rows/56/memory_scope	string	owned launcher tree; Docker daemon/container RSS excluded
/rows/56/mode	string	filesystem
/rows/56/peak_tree_rss_kib	integer	177488
/rows/56/prepare_ms	float	37.59986
/rows/56/ready_ms	float	63.768968
/rows/56/result	object	-
/rows/56/result/correctness	string	passed
/rows/56/result/filesystem	object	-
/rows/56/result/filesystem/cargo	object	-
/rows/56/result/filesystem/cargo/check	object	-
/rows/56/result/filesystem/cargo/check/modules	integer	64
/rows/56/result/filesystem/cargo/check/result	string	2016
/rows/56/result/filesystem/cargo/python	string	3.14.7
/rows/56/result/filesystem/cargo/worker_ms	float	114.299028
/rows/56/result/filesystem/cargo/workload	string	cargo
/rows/56/result/filesystem/git	object	-
/rows/56/result/filesystem/git/check	object	-
/rows/56/result/filesystem/git/check/git_clean	boolean	true
/rows/56/result/filesystem/git/python	string	3.14.7
/rows/56/result/filesystem/git/worker_ms	float	167.102603
/rows/56/result/filesystem/git/workload	string	git
/rows/56/result/filesystem/metadata	object	-
/rows/56/result/filesystem/metadata/check	object	-
/rows/56/result/filesystem/metadata/check/bytes	integer	2095104
/rows/56/result/filesystem/metadata/check/files	integer	2048
/rows/56/result/filesystem/metadata/python	string	3.14.7
/rows/56/result/filesystem/metadata/worker_ms	float	79.920751
/rows/56/result/filesystem/metadata/workload	string	metadata
/rows/56/result/filesystem/npm	object	-
/rows/56/result/filesystem/npm/check	object	-
/rows/56/result/filesystem/npm/check/local_packages	integer	32
/rows/56/result/filesystem/npm/python	string	3.14.7
/rows/56/result/filesystem/npm/worker_ms	float	276.279932
/rows/56/result/filesystem/npm/workload	string	npm
/rows/56/result/filesystem/read	object	-
/rows/56/result/filesystem/read/check	object	-
/rows/56/result/filesystem/read/check/bytes	integer	67108864
/rows/56/result/filesystem/read/check/sha256	string	42ef3a50fe506ced865473b082c8b28f6ce254e6e2b01266b6a563531a6267bc
/rows/56/result/filesystem/read/python	string	3.14.7
/rows/56/result/filesystem/read/worker_ms	float	73.848839
/rows/56/result/filesystem/read/workload	string	read
/rows/56/result/filesystem/rg	object	-
/rows/56/result/filesystem/rg/check	object	-
/rows/56/result/filesystem/rg/check/matches	integer	2048
/rows/56/result/filesystem/rg/python	string	3.14.7
/rows/56/result/filesystem/rg/worker_ms	float	93.29981
/rows/56/result/filesystem/rg/workload	string	rg
/rows/56/result/filesystem/write	object	-
/rows/56/result/filesystem/write/check	object	-
/rows/56/result/filesystem/write/check/bytes	integer	16777216
/rows/56/result/filesystem/write/check/files	integer	256
/rows/56/result/filesystem/write/python	string	3.14.7
/rows/56/result/filesystem/write/worker_ms	float	217.808561
/rows/56/result/filesystem/write/workload	string	write
/rows/56/result/mode	string	filesystem
/rows/56/result/worker_ms	float	1152.41868
/rows/56/result_ms	float	1216.222473
/rows/56/trial	integer	14
/rows/57	object	-
/rows/57/backend	string	pvisor-host
/rows/57/completion_ms	float	502.522333
/rows/57/correctness	string	passed
/rows/57/logs	string	/home/reiase/workspace/pvisor/target/filesystem-fuse-ab-20261005/release/trials/filesystem-pvisor-host-014
/rows/57/memory_scope	string	owned launcher tree; Docker daemon/container RSS excluded
/rows/57/mode	string	filesystem
/rows/57/peak_tree_rss_kib	integer	160328
/rows/57/prepare_ms	float	37.361795
/rows/57/ready_ms	float	52.95178
/rows/57/result	object	-
/rows/57/result/correctness	string	passed
/rows/57/result/filesystem	object	-
/rows/57/result/filesystem/cargo	object	-
/rows/57/result/filesystem/cargo/check	object	-
/rows/57/result/filesystem/cargo/check/modules	integer	64
/rows/57/result/filesystem/cargo/check/result	string	2016
/rows/57/result/filesystem/cargo/python	string	3.14.7
/rows/57/result/filesystem/cargo/worker_ms	float	57.72606
/rows/57/result/filesystem/cargo/workload	string	cargo
/rows/57/result/filesystem/git	object	-
/rows/57/result/filesystem/git/check	object	-
/rows/57/result/filesystem/git/check/git_clean	boolean	true
/rows/57/result/filesystem/git/python	string	3.14.7
/rows/57/result/filesystem/git/worker_ms	float	15.95712
/rows/57/result/filesystem/git/workload	string	git
/rows/57/result/filesystem/metadata	object	-
/rows/57/result/filesystem/metadata/check	object	-
/rows/57/result/filesystem/metadata/check/bytes	integer	2095104
/rows/57/result/filesystem/metadata/check/files	integer	2048
/rows/57/result/filesystem/metadata/python	string	3.14.7
/rows/57/result/filesystem/metadata/worker_ms	float	4.618519
/rows/57/result/filesystem/metadata/workload	string	metadata
/rows/57/result/filesystem/npm	object	-
/rows/57/result/filesystem/npm/check	object	-
/rows/57/result/filesystem/npm/check/local_packages	integer	32
/rows/57/result/filesystem/npm/python	string	3.14.7
/rows/57/result/filesystem/npm/worker_ms	float	181.522152
/rows/57/result/filesystem/npm/workload	string	npm
/rows/57/result/filesystem/read	object	-
/rows/57/result/filesystem/read/check	object	-
/rows/57/result/filesystem/read/check/bytes	integer	67108864
/rows/57/result/filesystem/read/check/sha256	string	42ef3a50fe506ced865473b082c8b28f6ce254e6e2b01266b6a563531a6267bc
/rows/57/result/filesystem/read/python	string	3.14.7
/rows/57/result/filesystem/read/worker_ms	float	32.387342
/rows/57/result/filesystem/read/workload	string	read
/rows/57/result/filesystem/rg	object	-
/rows/57/result/filesystem/rg/check	object	-
/rows/57/result/filesystem/rg/check/matches	integer	2048
/rows/57/result/filesystem/rg/python	string	3.14.7
/rows/57/result/filesystem/rg/worker_ms	float	8.519148
/rows/57/result/filesystem/rg/workload	string	rg
/rows/57/result/filesystem/write	object	-
/rows/57/result/filesystem/write/check	object	-
/rows/57/result/filesystem/write/check/bytes	integer	16777216
/rows/57/result/filesystem/write/check/files	integer	256
/rows/57/result/filesystem/write/python	string	3.14.7
/rows/57/result/filesystem/write/worker_ms	float	4.095182
/rows/57/result/filesystem/write/workload	string	write
/rows/57/result/mode	string	filesystem
/rows/57/result/worker_ms	float	424.34715
/rows/57/result_ms	float	477.354204
/rows/57/trial	integer	14
/rows/58	object	-
/rows/58/backend	string	pvisor-fuse
/rows/58/completion_ms	float	639.594963
/rows/58/correctness	string	passed
/rows/58/fuse_requests	object	-
/rows/58/fuse_requests/getattr	integer	479
/rows/58/fuse_requests/lookup	integer	3061
/rows/58/fuse_requests/read	integer	4758
/rows/58/fuse_requests/read_bytes	integer	72389686
/rows/58/fuse_requests/readdir	integer	542
/rows/58/fuse_requests/readdirplus	integer	0
/rows/58/fuse_requests/write	integer	292
/rows/58/fuse_requests/write_bytes	integer	17485492
/rows/58/logs	string	/home/reiase/workspace/pvisor/target/filesystem-fuse-ab-20261005/release/trials/filesystem-pvisor-fuse-014
/rows/58/memory_scope	string	owned launcher tree; Docker daemon/container RSS excluded
/rows/58/mode	string	filesystem
/rows/58/peak_tree_rss_kib	integer	151952
/rows/58/prepare_ms	float	37.366774
/rows/58/ready_ms	float	53.109054
/rows/58/result	object	-
/rows/58/result/correctness	string	passed
/rows/58/result/filesystem	object	-
/rows/58/result/filesystem/cargo	object	-
/rows/58/result/filesystem/cargo/check	object	-
/rows/58/result/filesystem/cargo/check/modules	integer	64
/rows/58/result/filesystem/cargo/check/result	string	2016
/rows/58/result/filesystem/cargo/python	string	3.14.7
/rows/58/result/filesystem/cargo/worker_ms	float	72.206434
/rows/58/result/filesystem/cargo/workload	string	cargo
/rows/58/result/filesystem/git	object	-
/rows/58/result/filesystem/git/check	object	-
/rows/58/result/filesystem/git/check/git_clean	boolean	true
/rows/58/result/filesystem/git/python	string	3.14.7
/rows/58/result/filesystem/git/worker_ms	float	39.017957
/rows/58/result/filesystem/git/workload	string	git
/rows/58/result/filesystem/metadata	object	-
/rows/58/result/filesystem/metadata/check	object	-
/rows/58/result/filesystem/metadata/check/bytes	integer	2095104
/rows/58/result/filesystem/metadata/check/files	integer	2048
/rows/58/result/filesystem/metadata/python	string	3.14.7
/rows/58/result/filesystem/metadata/worker_ms	float	23.088639
/rows/58/result/filesystem/metadata/workload	string	metadata
/rows/58/result/filesystem/npm	object	-
/rows/58/result/filesystem/npm/check	object	-
/rows/58/result/filesystem/npm/check/local_packages	integer	32
/rows/58/result/filesystem/npm/python	string	3.14.7
/rows/58/result/filesystem/npm/worker_ms	float	181.261606
/rows/58/result/filesystem/npm/workload	string	npm
/rows/58/result/filesystem/read	object	-
/rows/58/result/filesystem/read/check	object	-
/rows/58/result/filesystem/read/check/bytes	integer	67108864
/rows/58/result/filesystem/read/check/sha256	string	42ef3a50fe506ced865473b082c8b28f6ce254e6e2b01266b6a563531a6267bc
/rows/58/result/filesystem/read/python	string	3.14.7
/rows/58/result/filesystem/read/worker_ms	float	42.380983
/rows/58/result/filesystem/read/workload	string	read
/rows/58/result/filesystem/rg	object	-
/rows/58/result/filesystem/rg/check	object	-
/rows/58/result/filesystem/rg/check/matches	integer	2048
/rows/58/result/filesystem/rg/python	string	3.14.7
/rows/58/result/filesystem/rg/worker_ms	float	28.261613
/rows/58/result/filesystem/rg/workload	string	rg
/rows/58/result/filesystem/write	object	-
/rows/58/result/filesystem/write/check	object	-
/rows/58/result/filesystem/write/check/bytes	integer	16777216
/rows/58/result/filesystem/write/check/files	integer	256
/rows/58/result/filesystem/write/python	string	3.14.7
/rows/58/result/filesystem/write/worker_ms	float	12.760284
/rows/58/result/filesystem/write/workload	string	write
/rows/58/result/mode	string	filesystem
/rows/58/result/worker_ms	float	522.731408
/rows/58/result_ms	float	576.012964
/rows/58/trial	integer	14
/rows/59	object	-
/rows/59/backend	string	native
/rows/59/completion_ms	float	482.597258
/rows/59/correctness	string	passed
/rows/59/logs	string	/home/reiase/workspace/pvisor/target/filesystem-fuse-ab-20261005/release/trials/filesystem-native-014
/rows/59/memory_scope	string	owned launcher tree; Docker daemon/container RSS excluded
/rows/59/mode	string	filesystem
/rows/59/peak_tree_rss_kib	integer	135800
/rows/59/prepare_ms	float	39.481121
/rows/59/ready_ms	float	42.619578
/rows/59/result	object	-
/rows/59/result/correctness	string	passed
/rows/59/result/filesystem	object	-
/rows/59/result/filesystem/cargo	object	-
/rows/59/result/filesystem/cargo/check	object	-
/rows/59/result/filesystem/cargo/check/modules	integer	64
/rows/59/result/filesystem/cargo/check/result	string	2016
/rows/59/result/filesystem/cargo/python	string	3.14.7
/rows/59/result/filesystem/cargo/worker_ms	float	55.370525
/rows/59/result/filesystem/cargo/workload	string	cargo
/rows/59/result/filesystem/git	object	-
/rows/59/result/filesystem/git/check	object	-
/rows/59/result/filesystem/git/check/git_clean	boolean	true
/rows/59/result/filesystem/git/python	string	3.14.7
/rows/59/result/filesystem/git/worker_ms	float	14.69796
/rows/59/result/filesystem/git/workload	string	git
/rows/59/result/filesystem/metadata	object	-
/rows/59/result/filesystem/metadata/check	object	-
/rows/59/result/filesystem/metadata/check/bytes	integer	2095104
/rows/59/result/filesystem/metadata/check/files	integer	2048
/rows/59/result/filesystem/metadata/python	string	3.14.7
/rows/59/result/filesystem/metadata/worker_ms	float	4.668652
/rows/59/result/filesystem/metadata/workload	string	metadata
/rows/59/result/filesystem/npm	object	-
/rows/59/result/filesystem/npm/check	object	-
/rows/59/result/filesystem/npm/check/local_packages	integer	32
/rows/59/result/filesystem/npm/python	string	3.14.7
/rows/59/result/filesystem/npm/worker_ms	float	187.292832
/rows/59/result/filesystem/npm/workload	string	npm
/rows/59/result/filesystem/read	object	-
/rows/59/result/filesystem/read/check	object	-
/rows/59/result/filesystem/read/check/bytes	integer	67108864
/rows/59/result/filesystem/read/check/sha256	string	42ef3a50fe506ced865473b082c8b28f6ce254e6e2b01266b6a563531a6267bc
/rows/59/result/filesystem/read/python	string	3.14.7
/rows/59/result/filesystem/read/worker_ms	float	37.192691
/rows/59/result/filesystem/read/workload	string	read
/rows/59/result/filesystem/rg	object	-
/rows/59/result/filesystem/rg/check	object	-
/rows/59/result/filesystem/rg/check/matches	integer	2048
/rows/59/result/filesystem/rg/python	string	3.14.7
/rows/59/result/filesystem/rg/worker_ms	float	7.702635
/rows/59/result/filesystem/rg/workload	string	rg
/rows/59/result/filesystem/write	object	-
/rows/59/result/filesystem/write/check	object	-
/rows/59/result/filesystem/write/check/bytes	integer	16777216
/rows/59/result/filesystem/write/check/files	integer	256
/rows/59/result/filesystem/write/python	string	3.14.7
/rows/59/result/filesystem/write/worker_ms	float	4.290427
/rows/59/result/filesystem/write/workload	string	write
/rows/59/result/mode	string	filesystem
/rows/59/result/worker_ms	float	431.916997
/rows/59/result_ms	float	474.578734
/rows/59/trial	integer	14
/rows/60	object	-
/rows/60/backend	string	pvisor-host
/rows/60/completion_ms	float	491.001843
/rows/60/correctness	string	passed
/rows/60/logs	string	/home/reiase/workspace/pvisor/target/filesystem-fuse-ab-20261005/release/trials/filesystem-pvisor-host-015
/rows/60/memory_scope	string	owned launcher tree; Docker daemon/container RSS excluded
/rows/60/mode	string	filesystem
/rows/60/peak_tree_rss_kib	integer	160416
/rows/60/prepare_ms	float	40.621058
/rows/60/ready_ms	float	51.786846
/rows/60/result	object	-
/rows/60/result/correctness	string	passed
/rows/60/result/filesystem	object	-
/rows/60/result/filesystem/cargo	object	-
/rows/60/result/filesystem/cargo/check	object	-
/rows/60/result/filesystem/cargo/check/modules	integer	64
/rows/60/result/filesystem/cargo/check/result	string	2016
/rows/60/result/filesystem/cargo/python	string	3.14.7
/rows/60/result/filesystem/cargo/worker_ms	float	57.790731
/rows/60/result/filesystem/cargo/workload	string	cargo
/rows/60/result/filesystem/git	object	-
/rows/60/result/filesystem/git/check	object	-
/rows/60/result/filesystem/git/check/git_clean	boolean	true
/rows/60/result/filesystem/git/python	string	3.14.7
/rows/60/result/filesystem/git/worker_ms	float	15.80207
/rows/60/result/filesystem/git/workload	string	git
/rows/60/result/filesystem/metadata	object	-
/rows/60/result/filesystem/metadata/check	object	-
/rows/60/result/filesystem/metadata/check/bytes	integer	2095104
/rows/60/result/filesystem/metadata/check/files	integer	2048
/rows/60/result/filesystem/metadata/python	string	3.14.7
/rows/60/result/filesystem/metadata/worker_ms	float	4.62936
/rows/60/result/filesystem/metadata/workload	string	metadata
/rows/60/result/filesystem/npm	object	-
/rows/60/result/filesystem/npm/check	object	-
/rows/60/result/filesystem/npm/check/local_packages	integer	32
/rows/60/result/filesystem/npm/python	string	3.14.7
/rows/60/result/filesystem/npm/worker_ms	float	176.330242
/rows/60/result/filesystem/npm/workload	string	npm
/rows/60/result/filesystem/read	object	-
/rows/60/result/filesystem/read/check	object	-
/rows/60/result/filesystem/read/check/bytes	integer	67108864
/rows/60/result/filesystem/read/check/sha256	string	42ef3a50fe506ced865473b082c8b28f6ce254e6e2b01266b6a563531a6267bc
/rows/60/result/filesystem/read/python	string	3.14.7
/rows/60/result/filesystem/read/worker_ms	float	31.676365
/rows/60/result/filesystem/read/workload	string	read
/rows/60/result/filesystem/rg	object	-
/rows/60/result/filesystem/rg/check	object	-
/rows/60/result/filesystem/rg/check/matches	integer	2048
/rows/60/result/filesystem/rg/python	string	3.14.7
/rows/60/result/filesystem/rg/worker_ms	float	6.669957
/rows/60/result/filesystem/rg/workload	string	rg
/rows/60/result/filesystem/write	object	-
/rows/60/result/filesystem/write/check	object	-
/rows/60/result/filesystem/write/check/bytes	integer	16777216
/rows/60/result/filesystem/write/check/files	integer	256
/rows/60/result/filesystem/write/python	string	3.14.7
/rows/60/result/filesystem/write/worker_ms	float	4.087317
/rows/60/result/filesystem/write/workload	string	write
/rows/60/result/mode	string	filesystem
/rows/60/result/worker_ms	float	413.808432
/rows/60/result_ms	float	465.653938
/rows/60/trial	integer	15
/rows/61	object	-
/rows/61/backend	string	pvisor-staged
/rows/61/completion_ms	float	1333.082671
/rows/61/correctness	string	passed
/rows/61/logs	string	/home/reiase/workspace/pvisor/target/filesystem-fuse-ab-20261005/release/trials/filesystem-pvisor-staged-015
/rows/61/memory_scope	string	owned launcher tree; Docker daemon/container RSS excluded
/rows/61/mode	string	filesystem
/rows/61/peak_tree_rss_kib	integer	178048
/rows/61/prepare_ms	float	37.599339
/rows/61/ready_ms	float	63.095741
/rows/61/result	object	-
/rows/61/result/correctness	string	passed
/rows/61/result/filesystem	object	-
/rows/61/result/filesystem/cargo	object	-
/rows/61/result/filesystem/cargo/check	object	-
/rows/61/result/filesystem/cargo/check/modules	integer	64
/rows/61/result/filesystem/cargo/check/result	string	2016
/rows/61/result/filesystem/cargo/python	string	3.14.7
/rows/61/result/filesystem/cargo/worker_ms	float	128.448455
/rows/61/result/filesystem/cargo/workload	string	cargo
/rows/61/result/filesystem/git	object	-
/rows/61/result/filesystem/git/check	object	-
/rows/61/result/filesystem/git/check/git_clean	boolean	true
/rows/61/result/filesystem/git/python	string	3.14.7
/rows/61/result/filesystem/git/worker_ms	float	172.026261
/rows/61/result/filesystem/git/workload	string	git
/rows/61/result/filesystem/metadata	object	-
/rows/61/result/filesystem/metadata/check	object	-
/rows/61/result/filesystem/metadata/check/bytes	integer	2095104
/rows/61/result/filesystem/metadata/check/files	integer	2048
/rows/61/result/filesystem/metadata/python	string	3.14.7
/rows/61/result/filesystem/metadata/worker_ms	float	76.598811
/rows/61/result/filesystem/metadata/workload	string	metadata
/rows/61/result/filesystem/npm	object	-
/rows/61/result/filesystem/npm/check	object	-
/rows/61/result/filesystem/npm/check/local_packages	integer	32
/rows/61/result/filesystem/npm/python	string	3.14.7
/rows/61/result/filesystem/npm/worker_ms	float	270.693658
/rows/61/result/filesystem/npm/workload	string	npm
/rows/61/result/filesystem/read	object	-
/rows/61/result/filesystem/read/check	object	-
/rows/61/result/filesystem/read/check/bytes	integer	67108864
/rows/61/result/filesystem/read/check/sha256	string	42ef3a50fe506ced865473b082c8b28f6ce254e6e2b01266b6a563531a6267bc
/rows/61/result/filesystem/read/python	string	3.14.7
/rows/61/result/filesystem/read/worker_ms	float	78.534103
/rows/61/result/filesystem/read/workload	string	read
/rows/61/result/filesystem/rg	object	-
/rows/61/result/filesystem/rg/check	object	-
/rows/61/result/filesystem/rg/check/matches	integer	2048
/rows/61/result/filesystem/rg/python	string	3.14.7
/rows/61/result/filesystem/rg/worker_ms	float	88.706528
/rows/61/result/filesystem/rg/workload	string	rg
/rows/61/result/filesystem/write	object	-
/rows/61/result/filesystem/write/check	object	-
/rows/61/result/filesystem/write/check/bytes	integer	16777216
/rows/61/result/filesystem/write/check/files	integer	256
/rows/61/result/filesystem/write/python	string	3.14.7
/rows/61/result/filesystem/write/worker_ms	float	204.363941
/rows/61/result/filesystem/write/workload	string	write
/rows/61/result/mode	string	filesystem
/rows/61/result/worker_ms	float	1148.599544
/rows/61/result_ms	float	1211.73565
/rows/61/trial	integer	15
/rows/62	object	-
/rows/62/backend	string	pvisor-fuse
/rows/62/completion_ms	float	606.245896
/rows/62/correctness	string	passed
/rows/62/fuse_requests	object	-
/rows/62/fuse_requests/getattr	integer	477
/rows/62/fuse_requests/lookup	integer	3061
/rows/62/fuse_requests/read	integer	4758
/rows/62/fuse_requests/read_bytes	integer	72389686
/rows/62/fuse_requests/readdir	integer	542
/rows/62/fuse_requests/readdirplus	integer	0
/rows/62/fuse_requests/write	integer	292
/rows/62/fuse_requests/write_bytes	integer	17485492
/rows/62/logs	string	/home/reiase/workspace/pvisor/target/filesystem-fuse-ab-20261005/release/trials/filesystem-pvisor-fuse-015
/rows/62/memory_scope	string	owned launcher tree; Docker daemon/container RSS excluded
/rows/62/mode	string	filesystem
/rows/62/peak_tree_rss_kib	integer	160092
/rows/62/prepare_ms	float	37.753818
/rows/62/ready_ms	float	53.612804
/rows/62/result	object	-
/rows/62/result/correctness	string	passed
/rows/62/result/filesystem	object	-
/rows/62/result/filesystem/cargo	object	-
/rows/62/result/filesystem/cargo/check	object	-
/rows/62/result/filesystem/cargo/check/modules	integer	64
/rows/62/result/filesystem/cargo/check/result	string	2016
/rows/62/result/filesystem/cargo/python	string	3.14.7
/rows/62/result/filesystem/cargo/worker_ms	float	73.28143
/rows/62/result/filesystem/cargo/workload	string	cargo
/rows/62/result/filesystem/git	object	-
/rows/62/result/filesystem/git/check	object	-
/rows/62/result/filesystem/git/check/git_clean	boolean	true
/rows/62/result/filesystem/git/python	string	3.14.7
/rows/62/result/filesystem/git/worker_ms	float	40.837923
/rows/62/result/filesystem/git/workload	string	git
/rows/62/result/filesystem/metadata	object	-
/rows/62/result/filesystem/metadata/check	object	-
/rows/62/result/filesystem/metadata/check/bytes	integer	2095104
/rows/62/result/filesystem/metadata/check/files	integer	2048
/rows/62/result/filesystem/metadata/python	string	3.14.7
/rows/62/result/filesystem/metadata/worker_ms	float	20.237218
/rows/62/result/filesystem/metadata/workload	string	metadata
/rows/62/result/filesystem/npm	object	-
/rows/62/result/filesystem/npm/check	object	-
/rows/62/result/filesystem/npm/check/local_packages	integer	32
/rows/62/result/filesystem/npm/python	string	3.14.7
/rows/62/result/filesystem/npm/worker_ms	float	181.380778
/rows/62/result/filesystem/npm/workload	string	npm
/rows/62/result/filesystem/read	object	-
/rows/62/result/filesystem/read/check	object	-
/rows/62/result/filesystem/read/check/bytes	integer	67108864
/rows/62/result/filesystem/read/check/sha256	string	42ef3a50fe506ced865473b082c8b28f6ce254e6e2b01266b6a563531a6267bc
/rows/62/result/filesystem/read/python	string	3.14.7
/rows/62/result/filesystem/read/worker_ms	float	38.953637
/rows/62/result/filesystem/read/workload	string	read
/rows/62/result/filesystem/rg	object	-
/rows/62/result/filesystem/rg/check	object	-
/rows/62/result/filesystem/rg/check/matches	integer	2048
/rows/62/result/filesystem/rg/python	string	3.14.7
/rows/62/result/filesystem/rg/worker_ms	float	25.79565
/rows/62/result/filesystem/rg/workload	string	rg
/rows/62/result/filesystem/write	object	-
/rows/62/result/filesystem/write/check	object	-
/rows/62/result/filesystem/write/check/bytes	integer	16777216
/rows/62/result/filesystem/write/check/files	integer	256
/rows/62/result/filesystem/write/python	string	3.14.7
/rows/62/result/filesystem/write/worker_ms	float	11.850316
/rows/62/result/filesystem/write/workload	string	write
/rows/62/result/mode	string	filesystem
/rows/62/result/worker_ms	float	513.733135
/rows/62/result_ms	float	567.403176
/rows/62/trial	integer	15
/rows/63	object	-
/rows/63/backend	string	native
/rows/63/completion_ms	float	464.978297
/rows/63/correctness	string	passed
/rows/63/logs	string	/home/reiase/workspace/pvisor/target/filesystem-fuse-ab-20261005/release/trials/filesystem-native-015
/rows/63/memory_scope	string	owned launcher tree; Docker daemon/container RSS excluded
/rows/63/mode	string	filesystem
/rows/63/peak_tree_rss_kib	integer	139748
/rows/63/prepare_ms	float	36.405772
/rows/63/ready_ms	float	40.325447
/rows/63/result	object	-
/rows/63/result/correctness	string	passed
/rows/63/result/filesystem	object	-
/rows/63/result/filesystem/cargo	object	-
/rows/63/result/filesystem/cargo/check	object	-
/rows/63/result/filesystem/cargo/check/modules	integer	64
/rows/63/result/filesystem/cargo/check/result	string	2016
/rows/63/result/filesystem/cargo/python	string	3.14.7
/rows/63/result/filesystem/cargo/worker_ms	float	57.542428
/rows/63/result/filesystem/cargo/workload	string	cargo
/rows/63/result/filesystem/git	object	-
/rows/63/result/filesystem/git/check	object	-
/rows/63/result/filesystem/git/check/git_clean	boolean	true
/rows/63/result/filesystem/git/python	string	3.14.7
/rows/63/result/filesystem/git/worker_ms	float	15.082117
/rows/63/result/filesystem/git/workload	string	git
/rows/63/result/filesystem/metadata	object	-
/rows/63/result/filesystem/metadata/check	object	-
/rows/63/result/filesystem/metadata/check/bytes	integer	2095104
/rows/63/result/filesystem/metadata/check/files	integer	2048
/rows/63/result/filesystem/metadata/python	string	3.14.7
/rows/63/result/filesystem/metadata/worker_ms	float	5.415186
/rows/63/result/filesystem/metadata/workload	string	metadata
/rows/63/result/filesystem/npm	object	-
/rows/63/result/filesystem/npm/check	object	-
/rows/63/result/filesystem/npm/check/local_packages	integer	32
/rows/63/result/filesystem/npm/python	string	3.14.7
/rows/63/result/filesystem/npm/worker_ms	float	175.444912
/rows/63/result/filesystem/npm/workload	string	npm
/rows/63/result/filesystem/read	object	-
/rows/63/result/filesystem/read/check	object	-
/rows/63/result/filesystem/read/check/bytes	integer	67108864
/rows/63/result/filesystem/read/check/sha256	string	42ef3a50fe506ced865473b082c8b28f6ce254e6e2b01266b6a563531a6267bc
/rows/63/result/filesystem/read/python	string	3.14.7
/rows/63/result/filesystem/read/worker_ms	float	32.422437
/rows/63/result/filesystem/read/workload	string	read
/rows/63/result/filesystem/rg	object	-
/rows/63/result/filesystem/rg/check	object	-
/rows/63/result/filesystem/rg/check/matches	integer	2048
/rows/63/result/filesystem/rg/python	string	3.14.7
/rows/63/result/filesystem/rg/worker_ms	float	6.809769
/rows/63/result/filesystem/rg/workload	string	rg
/rows/63/result/filesystem/write	object	-
/rows/63/result/filesystem/write/check	object	-
/rows/63/result/filesystem/write/check/bytes	integer	16777216
/rows/63/result/filesystem/write/check/files	integer	256
/rows/63/result/filesystem/write/python	string	3.14.7
/rows/63/result/filesystem/write/worker_ms	float	3.833083
/rows/63/result/filesystem/write/workload	string	write
/rows/63/result/mode	string	filesystem
/rows/63/result/worker_ms	float	415.10934
/rows/63/result_ms	float	455.483307
/rows/63/trial	integer	15
/rows/64	object	-
/rows/64/backend	string	pvisor-host
/rows/64/completion_ms	float	491.603797
/rows/64/correctness	string	passed
/rows/64/logs	string	/home/reiase/workspace/pvisor/target/filesystem-fuse-ab-20261005/release/trials/filesystem-pvisor-host-016
/rows/64/memory_scope	string	owned launcher tree; Docker daemon/container RSS excluded
/rows/64/mode	string	filesystem
/rows/64/peak_tree_rss_kib	integer	149416
/rows/64/prepare_ms	float	37.44968
/rows/64/ready_ms	float	50.289402
/rows/64/result	object	-
/rows/64/result/correctness	string	passed
/rows/64/result/filesystem	object	-
/rows/64/result/filesystem/cargo	object	-
/rows/64/result/filesystem/cargo/check	object	-
/rows/64/result/filesystem/cargo/check/modules	integer	64
/rows/64/result/filesystem/cargo/check/result	string	2016
/rows/64/result/filesystem/cargo/python	string	3.14.7
/rows/64/result/filesystem/cargo/worker_ms	float	54.345812
/rows/64/result/filesystem/cargo/workload	string	cargo
/rows/64/result/filesystem/git	object	-
/rows/64/result/filesystem/git/check	object	-
/rows/64/result/filesystem/git/check/git_clean	boolean	true
/rows/64/result/filesystem/git/python	string	3.14.7
/rows/64/result/filesystem/git/worker_ms	float	14.47833
/rows/64/result/filesystem/git/workload	string	git
/rows/64/result/filesystem/metadata	object	-
/rows/64/result/filesystem/metadata/check	object	-
/rows/64/result/filesystem/metadata/check/bytes	integer	2095104
/rows/64/result/filesystem/metadata/check/files	integer	2048
/rows/64/result/filesystem/metadata/python	string	3.14.7
/rows/64/result/filesystem/metadata/worker_ms	float	4.801662
/rows/64/result/filesystem/metadata/workload	string	metadata
/rows/64/result/filesystem/npm	object	-
/rows/64/result/filesystem/npm/check	object	-
/rows/64/result/filesystem/npm/check/local_packages	integer	32
/rows/64/result/filesystem/npm/python	string	3.14.7
/rows/64/result/filesystem/npm/worker_ms	float	177.777114
/rows/64/result/filesystem/npm/workload	string	npm
/rows/64/result/filesystem/read	object	-
/rows/64/result/filesystem/read/check	object	-
/rows/64/result/filesystem/read/check/bytes	integer	67108864
/rows/64/result/filesystem/read/check/sha256	string	42ef3a50fe506ced865473b082c8b28f6ce254e6e2b01266b6a563531a6267bc
/rows/64/result/filesystem/read/python	string	3.14.7
/rows/64/result/filesystem/read/worker_ms	float	31.912676
/rows/64/result/filesystem/read/workload	string	read
/rows/64/result/filesystem/rg	object	-
/rows/64/result/filesystem/rg/check	object	-
/rows/64/result/filesystem/rg/check/matches	integer	2048
/rows/64/result/filesystem/rg/python	string	3.14.7
/rows/64/result/filesystem/rg/worker_ms	float	6.456189
/rows/64/result/filesystem/rg/workload	string	rg
/rows/64/result/filesystem/write	object	-
/rows/64/result/filesystem/write/check	object	-
/rows/64/result/filesystem/write/check/bytes	integer	16777216
/rows/64/result/filesystem/write/check/files	integer	256
/rows/64/result/filesystem/write/python	string	3.14.7
/rows/64/result/filesystem/write/worker_ms	float	3.759535
/rows/64/result/filesystem/write/workload	string	write
/rows/64/result/mode	string	filesystem
/rows/64/result/worker_ms	float	414.402791
/rows/64/result_ms	float	464.803321
/rows/64/trial	integer	16
/rows/65	object	-
/rows/65/backend	string	native
/rows/65/completion_ms	float	497.175685
/rows/65/correctness	string	passed
/rows/65/logs	string	/home/reiase/workspace/pvisor/target/filesystem-fuse-ab-20261005/release/trials/filesystem-native-016
/rows/65/memory_scope	string	owned launcher tree; Docker daemon/container RSS excluded
/rows/65/mode	string	filesystem
/rows/65/peak_tree_rss_kib	integer	148328
/rows/65/prepare_ms	float	38.3881
/rows/65/ready_ms	float	47.570788
/rows/65/result	object	-
/rows/65/result/correctness	string	passed
/rows/65/result/filesystem	object	-
/rows/65/result/filesystem/cargo	object	-
/rows/65/result/filesystem/cargo/check	object	-
/rows/65/result/filesystem/cargo/check/modules	integer	64
/rows/65/result/filesystem/cargo/check/result	string	2016
/rows/65/result/filesystem/cargo/python	string	3.14.7
/rows/65/result/filesystem/cargo/worker_ms	float	57.867294
/rows/65/result/filesystem/cargo/workload	string	cargo
/rows/65/result/filesystem/git	object	-
/rows/65/result/filesystem/git/check	object	-
/rows/65/result/filesystem/git/check/git_clean	boolean	true
/rows/65/result/filesystem/git/python	string	3.14.7
/rows/65/result/filesystem/git/worker_ms	float	15.029028
/rows/65/result/filesystem/git/workload	string	git
/rows/65/result/filesystem/metadata	object	-
/rows/65/result/filesystem/metadata/check	object	-
/rows/65/result/filesystem/metadata/check/bytes	integer	2095104
/rows/65/result/filesystem/metadata/check/files	integer	2048
/rows/65/result/filesystem/metadata/python	string	3.14.7
/rows/65/result/filesystem/metadata/worker_ms	float	5.684208
/rows/65/result/filesystem/metadata/workload	string	metadata
/rows/65/result/filesystem/npm	object	-
/rows/65/result/filesystem/npm/check	object	-
/rows/65/result/filesystem/npm/check/local_packages	integer	32
/rows/65/result/filesystem/npm/python	string	3.14.7
/rows/65/result/filesystem/npm/worker_ms	float	184.361211
/rows/65/result/filesystem/npm/workload	string	npm
/rows/65/result/filesystem/read	object	-
/rows/65/result/filesystem/read/check	object	-
/rows/65/result/filesystem/read/check/bytes	integer	67108864
/rows/65/result/filesystem/read/check/sha256	string	42ef3a50fe506ced865473b082c8b28f6ce254e6e2b01266b6a563531a6267bc
/rows/65/result/filesystem/read/python	string	3.14.7
/rows/65/result/filesystem/read/worker_ms	float	34.15979
/rows/65/result/filesystem/read/workload	string	read
/rows/65/result/filesystem/rg	object	-
/rows/65/result/filesystem/rg/check	object	-
/rows/65/result/filesystem/rg/check/matches	integer	2048
/rows/65/result/filesystem/rg/python	string	3.14.7
/rows/65/result/filesystem/rg/worker_ms	float	11.792607
/rows/65/result/filesystem/rg/workload	string	rg
/rows/65/result/filesystem/write	object	-
/rows/65/result/filesystem/write/check	object	-
/rows/65/result/filesystem/write/check/bytes	integer	16777216
/rows/65/result/filesystem/write/check/files	integer	256
/rows/65/result/filesystem/write/python	string	3.14.7
/rows/65/result/filesystem/write/worker_ms	float	3.790504
/rows/65/result/filesystem/write/workload	string	write
/rows/65/result/mode	string	filesystem
/rows/65/result/worker_ms	float	440.606804
/rows/65/result_ms	float	488.252753
/rows/65/trial	integer	16
/rows/66	object	-
/rows/66/backend	string	pvisor-fuse
/rows/66/completion_ms	float	599.443722
/rows/66/correctness	string	passed
/rows/66/fuse_requests	object	-
/rows/66/fuse_requests/getattr	integer	479
/rows/66/fuse_requests/lookup	integer	3061
/rows/66/fuse_requests/read	integer	4758
/rows/66/fuse_requests/read_bytes	integer	72389686
/rows/66/fuse_requests/readdir	integer	542
/rows/66/fuse_requests/readdirplus	integer	0
/rows/66/fuse_requests/write	integer	292
/rows/66/fuse_requests/write_bytes	integer	17485492
/rows/66/logs	string	/home/reiase/workspace/pvisor/target/filesystem-fuse-ab-20261005/release/trials/filesystem-pvisor-fuse-016
/rows/66/memory_scope	string	owned launcher tree; Docker daemon/container RSS excluded
/rows/66/mode	string	filesystem
/rows/66/peak_tree_rss_kib	integer	152820
/rows/66/prepare_ms	float	36.351139
/rows/66/ready_ms	float	51.492447
/rows/66/result	object	-
/rows/66/result/correctness	string	passed
/rows/66/result/filesystem	object	-
/rows/66/result/filesystem/cargo	object	-
/rows/66/result/filesystem/cargo/check	object	-
/rows/66/result/filesystem/cargo/check/modules	integer	64
/rows/66/result/filesystem/cargo/check/result	string	2016
/rows/66/result/filesystem/cargo/python	string	3.14.7
/rows/66/result/filesystem/cargo/worker_ms	float	74.033323
/rows/66/result/filesystem/cargo/workload	string	cargo
/rows/66/result/filesystem/git	object	-
/rows/66/result/filesystem/git/check	object	-
/rows/66/result/filesystem/git/check/git_clean	boolean	true
/rows/66/result/filesystem/git/python	string	3.14.7
/rows/66/result/filesystem/git/worker_ms	float	40.368557
/rows/66/result/filesystem/git/workload	string	git
/rows/66/result/filesystem/metadata	object	-
/rows/66/result/filesystem/metadata/check	object	-
/rows/66/result/filesystem/metadata/check/bytes	integer	2095104
/rows/66/result/filesystem/metadata/check/files	integer	2048
/rows/66/result/filesystem/metadata/python	string	3.14.7
/rows/66/result/filesystem/metadata/worker_ms	float	20.946601
/rows/66/result/filesystem/metadata/workload	string	metadata
/rows/66/result/filesystem/npm	object	-
/rows/66/result/filesystem/npm/check	object	-
/rows/66/result/filesystem/npm/check/local_packages	integer	32
/rows/66/result/filesystem/npm/python	string	3.14.7
/rows/66/result/filesystem/npm/worker_ms	float	185.681334
/rows/66/result/filesystem/npm/workload	string	npm
/rows/66/result/filesystem/read	object	-
/rows/66/result/filesystem/read/check	object	-
/rows/66/result/filesystem/read/check/bytes	integer	67108864
/rows/66/result/filesystem/read/check/sha256	string	42ef3a50fe506ced865473b082c8b28f6ce254e6e2b01266b6a563531a6267bc
/rows/66/result/filesystem/read/python	string	3.14.7
/rows/66/result/filesystem/read/worker_ms	float	39.033315
/rows/66/result/filesystem/read/workload	string	read
/rows/66/result/filesystem/rg	object	-
/rows/66/result/filesystem/rg/check	object	-
/rows/66/result/filesystem/rg/check/matches	integer	2048
/rows/66/result/filesystem/rg/python	string	3.14.7
/rows/66/result/filesystem/rg/worker_ms	float	28.324009
/rows/66/result/filesystem/rg/workload	string	rg
/rows/66/result/filesystem/write	object	-
/rows/66/result/filesystem/write/check	object	-
/rows/66/result/filesystem/write/check/bytes	integer	16777216
/rows/66/result/filesystem/write/check/files	integer	256
/rows/66/result/filesystem/write/python	string	3.14.7
/rows/66/result/filesystem/write/worker_ms	float	13.032782
/rows/66/result/filesystem/write/workload	string	write
/rows/66/result/mode	string	filesystem
/rows/66/result/worker_ms	float	525.283972
/rows/66/result_ms	float	576.824218
/rows/66/trial	integer	16
/rows/67	object	-
/rows/67/backend	string	pvisor-staged
/rows/67/completion_ms	float	1310.210847
/rows/67/correctness	string	passed
/rows/67/logs	string	/home/reiase/workspace/pvisor/target/filesystem-fuse-ab-20261005/release/trials/filesystem-pvisor-staged-016
/rows/67/memory_scope	string	owned launcher tree; Docker daemon/container RSS excluded
/rows/67/mode	string	filesystem
/rows/67/peak_tree_rss_kib	integer	177048
/rows/67/prepare_ms	float	37.804602
/rows/67/ready_ms	float	63.528158
/rows/67/result	object	-
/rows/67/result/correctness	string	passed
/rows/67/result/filesystem	object	-
/rows/67/result/filesystem/cargo	object	-
/rows/67/result/filesystem/cargo/check	object	-
/rows/67/result/filesystem/cargo/check/modules	integer	64
/rows/67/result/filesystem/cargo/check/result	string	2016
/rows/67/result/filesystem/cargo/python	string	3.14.7
/rows/67/result/filesystem/cargo/worker_ms	float	118.358193
/rows/67/result/filesystem/cargo/workload	string	cargo
/rows/67/result/filesystem/git	object	-
/rows/67/result/filesystem/git/check	object	-
/rows/67/result/filesystem/git/check/git_clean	boolean	true
/rows/67/result/filesystem/git/python	string	3.14.7
/rows/67/result/filesystem/git/worker_ms	float	171.567044
/rows/67/result/filesystem/git/workload	string	git
/rows/67/result/filesystem/metadata	object	-
/rows/67/result/filesystem/metadata/check	object	-
/rows/67/result/filesystem/metadata/check/bytes	integer	2095104
/rows/67/result/filesystem/metadata/check/files	integer	2048
/rows/67/result/filesystem/metadata/python	string	3.14.7
/rows/67/result/filesystem/metadata/worker_ms	float	76.358393
/rows/67/result/filesystem/metadata/workload	string	metadata
/rows/67/result/filesystem/npm	object	-
/rows/67/result/filesystem/npm/check	object	-
/rows/67/result/filesystem/npm/check/local_packages	integer	32
/rows/67/result/filesystem/npm/python	string	3.14.7
/rows/67/result/filesystem/npm/worker_ms	float	271.708291
/rows/67/result/filesystem/npm/workload	string	npm
/rows/67/result/filesystem/read	object	-
/rows/67/result/filesystem/read/check	object	-
/rows/67/result/filesystem/read/check/bytes	integer	67108864
/rows/67/result/filesystem/read/check/sha256	string	42ef3a50fe506ced865473b082c8b28f6ce254e6e2b01266b6a563531a6267bc
/rows/67/result/filesystem/read/python	string	3.14.7
/rows/67/result/filesystem/read/worker_ms	float	67.401347
/rows/67/result/filesystem/read/workload	string	read
/rows/67/result/filesystem/rg	object	-
/rows/67/result/filesystem/rg/check	object	-
/rows/67/result/filesystem/rg/check/matches	integer	2048
/rows/67/result/filesystem/rg/python	string	3.14.7
/rows/67/result/filesystem/rg/worker_ms	float	93.606411
/rows/67/result/filesystem/rg/workload	string	rg
/rows/67/result/filesystem/write	object	-
/rows/67/result/filesystem/write/check	object	-
/rows/67/result/filesystem/write/check/bytes	integer	16777216
/rows/67/result/filesystem/write/check/files	integer	256
/rows/67/result/filesystem/write/python	string	3.14.7
/rows/67/result/filesystem/write/worker_ms	float	200.962924
/rows/67/result/filesystem/write/workload	string	write
/rows/67/result/mode	string	filesystem
/rows/67/result/worker_ms	float	1129.176575
/rows/67/result_ms	float	1192.743736
/rows/67/trial	integer	16
/rows/68	object	-
/rows/68/backend	string	pvisor-staged
/rows/68/completion_ms	float	1305.029718
/rows/68/correctness	string	passed
/rows/68/logs	string	/home/reiase/workspace/pvisor/target/filesystem-fuse-ab-20261005/release/trials/filesystem-pvisor-staged-017
/rows/68/memory_scope	string	owned launcher tree; Docker daemon/container RSS excluded
/rows/68/mode	string	filesystem
/rows/68/peak_tree_rss_kib	integer	177112
/rows/68/prepare_ms	float	37.467613
/rows/68/ready_ms	float	63.998877
/rows/68/result	object	-
/rows/68/result/correctness	string	passed
/rows/68/result/filesystem	object	-
/rows/68/result/filesystem/cargo	object	-
/rows/68/result/filesystem/cargo/check	object	-
/rows/68/result/filesystem/cargo/check/modules	integer	64
/rows/68/result/filesystem/cargo/check/result	string	2016
/rows/68/result/filesystem/cargo/python	string	3.14.7
/rows/68/result/filesystem/cargo/worker_ms	float	118.877634
/rows/68/result/filesystem/cargo/workload	string	cargo
/rows/68/result/filesystem/git	object	-
/rows/68/result/filesystem/git/check	object	-
/rows/68/result/filesystem/git/check/git_clean	boolean	true
/rows/68/result/filesystem/git/python	string	3.14.7
/rows/68/result/filesystem/git/worker_ms	float	172.536133
/rows/68/result/filesystem/git/workload	string	git
/rows/68/result/filesystem/metadata	object	-
/rows/68/result/filesystem/metadata/check	object	-
/rows/68/result/filesystem/metadata/check/bytes	integer	2095104
/rows/68/result/filesystem/metadata/check/files	integer	2048
/rows/68/result/filesystem/metadata/python	string	3.14.7
/rows/68/result/filesystem/metadata/worker_ms	float	77.431916
/rows/68/result/filesystem/metadata/workload	string	metadata
/rows/68/result/filesystem/npm	object	-
/rows/68/result/filesystem/npm/check	object	-
/rows/68/result/filesystem/npm/check/local_packages	integer	32
/rows/68/result/filesystem/npm/python	string	3.14.7
/rows/68/result/filesystem/npm/worker_ms	float	266.150839
/rows/68/result/filesystem/npm/workload	string	npm
/rows/68/result/filesystem/read	object	-
/rows/68/result/filesystem/read/check	object	-
/rows/68/result/filesystem/read/check/bytes	integer	67108864
/rows/68/result/filesystem/read/check/sha256	string	42ef3a50fe506ced865473b082c8b28f6ce254e6e2b01266b6a563531a6267bc
/rows/68/result/filesystem/read/python	string	3.14.7
/rows/68/result/filesystem/read/worker_ms	float	67.512363
/rows/68/result/filesystem/read/workload	string	read
/rows/68/result/filesystem/rg	object	-
/rows/68/result/filesystem/rg/check	object	-
/rows/68/result/filesystem/rg/check/matches	integer	2048
/rows/68/result/filesystem/rg/python	string	3.14.7
/rows/68/result/filesystem/rg/worker_ms	float	93.76085
/rows/68/result/filesystem/rg/workload	string	rg
/rows/68/result/filesystem/write	object	-
/rows/68/result/filesystem/write/check	object	-
/rows/68/result/filesystem/write/check/bytes	integer	16777216
/rows/68/result/filesystem/write/check/files	integer	256
/rows/68/result/filesystem/write/python	string	3.14.7
/rows/68/result/filesystem/write/worker_ms	float	198.582902
/rows/68/result/filesystem/write/workload	string	write
/rows/68/result/mode	string	filesystem
/rows/68/result/worker_ms	float	1123.112528
/rows/68/result_ms	float	1187.159645
/rows/68/trial	integer	17
/rows/69	object	-
/rows/69/backend	string	native
/rows/69/completion_ms	float	474.620562
/rows/69/correctness	string	passed
/rows/69/logs	string	/home/reiase/workspace/pvisor/target/filesystem-fuse-ab-20261005/release/trials/filesystem-native-017
/rows/69/memory_scope	string	owned launcher tree; Docker daemon/container RSS excluded
/rows/69/mode	string	filesystem
/rows/69/peak_tree_rss_kib	integer	135968
/rows/69/prepare_ms	float	39.866109
/rows/69/ready_ms	float	40.844705
/rows/69/result	object	-
/rows/69/result/correctness	string	passed
/rows/69/result/filesystem	object	-
/rows/69/result/filesystem/cargo	object	-
/rows/69/result/filesystem/cargo/check	object	-
/rows/69/result/filesystem/cargo/check/modules	integer	64
/rows/69/result/filesystem/cargo/check/result	string	2016
/rows/69/result/filesystem/cargo/python	string	3.14.7
/rows/69/result/filesystem/cargo/worker_ms	float	58.102263
/rows/69/result/filesystem/cargo/workload	string	cargo
/rows/69/result/filesystem/git	object	-
/rows/69/result/filesystem/git/check	object	-
/rows/69/result/filesystem/git/check/git_clean	boolean	true
/rows/69/result/filesystem/git/python	string	3.14.7
/rows/69/result/filesystem/git/worker_ms	float	14.38195
/rows/69/result/filesystem/git/workload	string	git
/rows/69/result/filesystem/metadata	object	-
/rows/69/result/filesystem/metadata/check	object	-
/rows/69/result/filesystem/metadata/check/bytes	integer	2095104
/rows/69/result/filesystem/metadata/check/files	integer	2048
/rows/69/result/filesystem/metadata/python	string	3.14.7
/rows/69/result/filesystem/metadata/worker_ms	float	4.910353
/rows/69/result/filesystem/metadata/workload	string	metadata
/rows/69/result/filesystem/npm	object	-
/rows/69/result/filesystem/npm/check	object	-
/rows/69/result/filesystem/npm/check/local_packages	integer	32
/rows/69/result/filesystem/npm/python	string	3.14.7
/rows/69/result/filesystem/npm/worker_ms	float	183.136675
/rows/69/result/filesystem/npm/workload	string	npm
/rows/69/result/filesystem/read	object	-
/rows/69/result/filesystem/read/check	object	-
/rows/69/result/filesystem/read/check/bytes	integer	67108864
/rows/69/result/filesystem/read/check/sha256	string	42ef3a50fe506ced865473b082c8b28f6ce254e6e2b01266b6a563531a6267bc
/rows/69/result/filesystem/read/python	string	3.14.7
/rows/69/result/filesystem/read/worker_ms	float	32.114033
/rows/69/result/filesystem/read/workload	string	read
/rows/69/result/filesystem/rg	object	-
/rows/69/result/filesystem/rg/check	object	-
/rows/69/result/filesystem/rg/check/matches	integer	2048
/rows/69/result/filesystem/rg/python	string	3.14.7
/rows/69/result/filesystem/rg/worker_ms	float	7.852475
/rows/69/result/filesystem/rg/workload	string	rg
/rows/69/result/filesystem/write	object	-
/rows/69/result/filesystem/write/check	object	-
/rows/69/result/filesystem/write/check/bytes	integer	16777216
/rows/69/result/filesystem/write/check/files	integer	256
/rows/69/result/filesystem/write/python	string	3.14.7
/rows/69/result/filesystem/write/worker_ms	float	4.788597
/rows/69/result/filesystem/write/workload	string	write
/rows/69/result/mode	string	filesystem
/rows/69/result/worker_ms	float	426.234513
/rows/69/result_ms	float	467.138659
/rows/69/trial	integer	17
/rows/70	object	-
/rows/70/backend	string	pvisor-fuse
/rows/70/completion_ms	float	596.542637
/rows/70/correctness	string	passed
/rows/70/fuse_requests	object	-
/rows/70/fuse_requests/getattr	integer	476
/rows/70/fuse_requests/lookup	integer	3061
/rows/70/fuse_requests/read	integer	4758
/rows/70/fuse_requests/read_bytes	integer	72389686
/rows/70/fuse_requests/readdir	integer	542
/rows/70/fuse_requests/readdirplus	integer	0
/rows/70/fuse_requests/write	integer	292
/rows/70/fuse_requests/write_bytes	integer	17485492
/rows/70/logs	string	/home/reiase/workspace/pvisor/target/filesystem-fuse-ab-20261005/release/trials/filesystem-pvisor-fuse-017
/rows/70/memory_scope	string	owned launcher tree; Docker daemon/container RSS excluded
/rows/70/mode	string	filesystem
/rows/70/peak_tree_rss_kib	integer	153760
/rows/70/prepare_ms	float	40.615979
/rows/70/ready_ms	float	51.051915
/rows/70/result	object	-
/rows/70/result/correctness	string	passed
/rows/70/result/filesystem	object	-
/rows/70/result/filesystem/cargo	object	-
/rows/70/result/filesystem/cargo/check	object	-
/rows/70/result/filesystem/cargo/check/modules	integer	64
/rows/70/result/filesystem/cargo/check/result	string	2016
/rows/70/result/filesystem/cargo/python	string	3.14.7
/rows/70/result/filesystem/cargo/worker_ms	float	74.745262
/rows/70/result/filesystem/cargo/workload	string	cargo
/rows/70/result/filesystem/git	object	-
/rows/70/result/filesystem/git/check	object	-
/rows/70/result/filesystem/git/check/git_clean	boolean	true
/rows/70/result/filesystem/git/python	string	3.14.7
/rows/70/result/filesystem/git/worker_ms	float	39.654565
/rows/70/result/filesystem/git/workload	string	git
/rows/70/result/filesystem/metadata	object	-
/rows/70/result/filesystem/metadata/check	object	-
/rows/70/result/filesystem/metadata/check/bytes	integer	2095104
/rows/70/result/filesystem/metadata/check/files	integer	2048
/rows/70/result/filesystem/metadata/python	string	3.14.7
/rows/70/result/filesystem/metadata/worker_ms	float	20.934619
/rows/70/result/filesystem/metadata/workload	string	metadata
/rows/70/result/filesystem/npm	object	-
/rows/70/result/filesystem/npm/check	object	-
/rows/70/result/filesystem/npm/check/local_packages	integer	32
/rows/70/result/filesystem/npm/python	string	3.14.7
/rows/70/result/filesystem/npm/worker_ms	float	183.77179
/rows/70/result/filesystem/npm/workload	string	npm
/rows/70/result/filesystem/read	object	-
/rows/70/result/filesystem/read/check	object	-
/rows/70/result/filesystem/read/check/bytes	integer	67108864
/rows/70/result/filesystem/read/check/sha256	string	42ef3a50fe506ced865473b082c8b28f6ce254e6e2b01266b6a563531a6267bc
/rows/70/result/filesystem/read/python	string	3.14.7
/rows/70/result/filesystem/read/worker_ms	float	38.738255
/rows/70/result/filesystem/read/workload	string	read
/rows/70/result/filesystem/rg	object	-
/rows/70/result/filesystem/rg/check	object	-
/rows/70/result/filesystem/rg/check/matches	integer	2048
/rows/70/result/filesystem/rg/python	string	3.14.7
/rows/70/result/filesystem/rg/worker_ms	float	28.821087
/rows/70/result/filesystem/rg/workload	string	rg
/rows/70/result/filesystem/write	object	-
/rows/70/result/filesystem/write/check	object	-
/rows/70/result/filesystem/write/check/bytes	integer	16777216
/rows/70/result/filesystem/write/check/files	integer	256
/rows/70/result/filesystem/write/python	string	3.14.7
/rows/70/result/filesystem/write/worker_ms	float	13.221404
/rows/70/result/filesystem/write/workload	string	write
/rows/70/result/mode	string	filesystem
/rows/70/result/worker_ms	float	522.840542
/rows/70/result_ms	float	573.949733
/rows/70/trial	integer	17
/rows/71	object	-
/rows/71/backend	string	pvisor-host
/rows/71/completion_ms	float	483.310269
/rows/71/correctness	string	passed
/rows/71/logs	string	/home/reiase/workspace/pvisor/target/filesystem-fuse-ab-20261005/release/trials/filesystem-pvisor-host-017
/rows/71/memory_scope	string	owned launcher tree; Docker daemon/container RSS excluded
/rows/71/mode	string	filesystem
/rows/71/peak_tree_rss_kib	integer	160016
/rows/71/prepare_ms	float	41.901889
/rows/71/ready_ms	float	53.432457
/rows/71/result	object	-
/rows/71/result/correctness	string	passed
/rows/71/result/filesystem	object	-
/rows/71/result/filesystem/cargo	object	-
/rows/71/result/filesystem/cargo/check	object	-
/rows/71/result/filesystem/cargo/check/modules	integer	64
/rows/71/result/filesystem/cargo/check/result	string	2016
/rows/71/result/filesystem/cargo/python	string	3.14.7
/rows/71/result/filesystem/cargo/worker_ms	float	57.238941
/rows/71/result/filesystem/cargo/workload	string	cargo
/rows/71/result/filesystem/git	object	-
/rows/71/result/filesystem/git/check	object	-
/rows/71/result/filesystem/git/check/git_clean	boolean	true
/rows/71/result/filesystem/git/python	string	3.14.7
/rows/71/result/filesystem/git/worker_ms	float	15.142389
/rows/71/result/filesystem/git/workload	string	git
/rows/71/result/filesystem/metadata	object	-
/rows/71/result/filesystem/metadata/check	object	-
/rows/71/result/filesystem/metadata/check/bytes	integer	2095104
/rows/71/result/filesystem/metadata/check/files	integer	2048
/rows/71/result/filesystem/metadata/python	string	3.14.7
/rows/71/result/filesystem/metadata/worker_ms	float	4.975496
/rows/71/result/filesystem/metadata/workload	string	metadata
/rows/71/result/filesystem/npm	object	-
/rows/71/result/filesystem/npm/check	object	-
/rows/71/result/filesystem/npm/check/local_packages	integer	32
/rows/71/result/filesystem/npm/python	string	3.14.7
/rows/71/result/filesystem/npm/worker_ms	float	174.821027
/rows/71/result/filesystem/npm/workload	string	npm
/rows/71/result/filesystem/read	object	-
/rows/71/result/filesystem/read/check	object	-
/rows/71/result/filesystem/read/check/bytes	integer	67108864
/rows/71/result/filesystem/read/check/sha256	string	42ef3a50fe506ced865473b082c8b28f6ce254e6e2b01266b6a563531a6267bc
/rows/71/result/filesystem/read/python	string	3.14.7
/rows/71/result/filesystem/read/worker_ms	float	32.08605
/rows/71/result/filesystem/read/workload	string	read
/rows/71/result/filesystem/rg	object	-
/rows/71/result/filesystem/rg/check	object	-
/rows/71/result/filesystem/rg/check/matches	integer	2048
/rows/71/result/filesystem/rg/python	string	3.14.7
/rows/71/result/filesystem/rg/worker_ms	float	9.631425
/rows/71/result/filesystem/rg/workload	string	rg
/rows/71/result/filesystem/write	object	-
/rows/71/result/filesystem/write/check	object	-
/rows/71/result/filesystem/write/check/bytes	integer	16777216
/rows/71/result/filesystem/write/check/files	integer	256
/rows/71/result/filesystem/write/python	string	3.14.7
/rows/71/result/filesystem/write/worker_ms	float	4.087799
/rows/71/result/filesystem/write/workload	string	write
/rows/71/result/mode	string	filesystem
/rows/71/result/worker_ms	float	414.370932
/rows/71/result_ms	float	467.860756
/rows/71/trial	integer	17
/rows/72	object	-
/rows/72/backend	string	native
/rows/72/completion_ms	float	484.174211
/rows/72/correctness	string	passed
/rows/72/logs	string	/home/reiase/workspace/pvisor/target/filesystem-fuse-ab-20261005/release/trials/filesystem-native-018
/rows/72/memory_scope	string	owned launcher tree; Docker daemon/container RSS excluded
/rows/72/mode	string	filesystem
/rows/72/peak_tree_rss_kib	integer	135784
/rows/72/prepare_ms	float	38.670919
/rows/72/ready_ms	float	50.300121
/rows/72/result	object	-
/rows/72/result/correctness	string	passed
/rows/72/result/filesystem	object	-
/rows/72/result/filesystem/cargo	object	-
/rows/72/result/filesystem/cargo/check	object	-
/rows/72/result/filesystem/cargo/check/modules	integer	64
/rows/72/result/filesystem/cargo/check/result	string	2016
/rows/72/result/filesystem/cargo/python	string	3.14.7
/rows/72/result/filesystem/cargo/worker_ms	float	60.236264
/rows/72/result/filesystem/cargo/workload	string	cargo
/rows/72/result/filesystem/git	object	-
/rows/72/result/filesystem/git/check	object	-
/rows/72/result/filesystem/git/check/git_clean	boolean	true
/rows/72/result/filesystem/git/python	string	3.14.7
/rows/72/result/filesystem/git/worker_ms	float	16.465018
/rows/72/result/filesystem/git/workload	string	git
/rows/72/result/filesystem/metadata	object	-
/rows/72/result/filesystem/metadata/check	object	-
/rows/72/result/filesystem/metadata/check/bytes	integer	2095104
/rows/72/result/filesystem/metadata/check/files	integer	2048
/rows/72/result/filesystem/metadata/python	string	3.14.7
/rows/72/result/filesystem/metadata/worker_ms	float	4.547807
/rows/72/result/filesystem/metadata/workload	string	metadata
/rows/72/result/filesystem/npm	object	-
/rows/72/result/filesystem/npm/check	object	-
/rows/72/result/filesystem/npm/check/local_packages	integer	32
/rows/72/result/filesystem/npm/python	string	3.14.7
/rows/72/result/filesystem/npm/worker_ms	float	178.37547
/rows/72/result/filesystem/npm/workload	string	npm
/rows/72/result/filesystem/read	object	-
/rows/72/result/filesystem/read/check	object	-
/rows/72/result/filesystem/read/check/bytes	integer	67108864
/rows/72/result/filesystem/read/check/sha256	string	42ef3a50fe506ced865473b082c8b28f6ce254e6e2b01266b6a563531a6267bc
/rows/72/result/filesystem/read/python	string	3.14.7
/rows/72/result/filesystem/read/worker_ms	float	32.715876
/rows/72/result/filesystem/read/workload	string	read
/rows/72/result/filesystem/rg	object	-
/rows/72/result/filesystem/rg/check	object	-
/rows/72/result/filesystem/rg/check/matches	integer	2048
/rows/72/result/filesystem/rg/python	string	3.14.7
/rows/72/result/filesystem/rg/worker_ms	float	8.422749
/rows/72/result/filesystem/rg/workload	string	rg
/rows/72/result/filesystem/write	object	-
/rows/72/result/filesystem/write/check	object	-
/rows/72/result/filesystem/write/check/bytes	integer	16777216
/rows/72/result/filesystem/write/check/files	integer	256
/rows/72/result/filesystem/write/python	string	3.14.7
/rows/72/result/filesystem/write/worker_ms	float	4.368793
/rows/72/result/filesystem/write/workload	string	write
/rows/72/result/mode	string	filesystem
/rows/72/result/worker_ms	float	425.894488
/rows/72/result_ms	float	476.249772
/rows/72/trial	integer	18
/rows/73	object	-
/rows/73/backend	string	pvisor-staged
/rows/73/completion_ms	float	1314.051594
/rows/73/correctness	string	passed
/rows/73/logs	string	/home/reiase/workspace/pvisor/target/filesystem-fuse-ab-20261005/release/trials/filesystem-pvisor-staged-018
/rows/73/memory_scope	string	owned launcher tree; Docker daemon/container RSS excluded
/rows/73/mode	string	filesystem
/rows/73/peak_tree_rss_kib	integer	177312
/rows/73/prepare_ms	float	39.444513
/rows/73/ready_ms	float	62.004745
/rows/73/result	object	-
/rows/73/result/correctness	string	passed
/rows/73/result/filesystem	object	-
/rows/73/result/filesystem/cargo	object	-
/rows/73/result/filesystem/cargo/check	object	-
/rows/73/result/filesystem/cargo/check/modules	integer	64
/rows/73/result/filesystem/cargo/check/result	string	2016
/rows/73/result/filesystem/cargo/python	string	3.14.7
/rows/73/result/filesystem/cargo/worker_ms	float	116.506779
/rows/73/result/filesystem/cargo/workload	string	cargo
/rows/73/result/filesystem/git	object	-
/rows/73/result/filesystem/git/check	object	-
/rows/73/result/filesystem/git/check/git_clean	boolean	true
/rows/73/result/filesystem/git/python	string	3.14.7
/rows/73/result/filesystem/git/worker_ms	float	172.557712
/rows/73/result/filesystem/git/workload	string	git
/rows/73/result/filesystem/metadata	object	-
/rows/73/result/filesystem/metadata/check	object	-
/rows/73/result/filesystem/metadata/check/bytes	integer	2095104
/rows/73/result/filesystem/metadata/check/files	integer	2048
/rows/73/result/filesystem/metadata/python	string	3.14.7
/rows/73/result/filesystem/metadata/worker_ms	float	78.189469
/rows/73/result/filesystem/metadata/workload	string	metadata
/rows/73/result/filesystem/npm	object	-
/rows/73/result/filesystem/npm/check	object	-
/rows/73/result/filesystem/npm/check/local_packages	integer	32
/rows/73/result/filesystem/npm/python	string	3.14.7
/rows/73/result/filesystem/npm/worker_ms	float	264.842347
/rows/73/result/filesystem/npm/workload	string	npm
/rows/73/result/filesystem/read	object	-
/rows/73/result/filesystem/read/check	object	-
/rows/73/result/filesystem/read/check/bytes	integer	67108864
/rows/73/result/filesystem/read/check/sha256	string	42ef3a50fe506ced865473b082c8b28f6ce254e6e2b01266b6a563531a6267bc
/rows/73/result/filesystem/read/python	string	3.14.7
/rows/73/result/filesystem/read/worker_ms	float	67.638049
/rows/73/result/filesystem/read/workload	string	read
/rows/73/result/filesystem/rg	object	-
/rows/73/result/filesystem/rg/check	object	-
/rows/73/result/filesystem/rg/check/matches	integer	2048
/rows/73/result/filesystem/rg/python	string	3.14.7
/rows/73/result/filesystem/rg/worker_ms	float	91.63964
/rows/73/result/filesystem/rg/workload	string	rg
/rows/73/result/filesystem/write	object	-
/rows/73/result/filesystem/write/check	object	-
/rows/73/result/filesystem/write/check/bytes	integer	16777216
/rows/73/result/filesystem/write/check/files	integer	256
/rows/73/result/filesystem/write/python	string	3.14.7
/rows/73/result/filesystem/write/worker_ms	float	199.983445
/rows/73/result/filesystem/write/workload	string	write
/rows/73/result/mode	string	filesystem
/rows/73/result/worker_ms	float	1119.776883
/rows/73/result_ms	float	1181.84198
/rows/73/trial	integer	18
/rows/74	object	-
/rows/74/backend	string	pvisor-host
/rows/74/completion_ms	float	493.794335
/rows/74/correctness	string	passed
/rows/74/logs	string	/home/reiase/workspace/pvisor/target/filesystem-fuse-ab-20261005/release/trials/filesystem-pvisor-host-018
/rows/74/memory_scope	string	owned launcher tree; Docker daemon/container RSS excluded
/rows/74/mode	string	filesystem
/rows/74/peak_tree_rss_kib	integer	159984
/rows/74/prepare_ms	float	37.567289
/rows/74/ready_ms	float	53.502478
/rows/74/result	object	-
/rows/74/result/correctness	string	passed
/rows/74/result/filesystem	object	-
/rows/74/result/filesystem/cargo	object	-
/rows/74/result/filesystem/cargo/check	object	-
/rows/74/result/filesystem/cargo/check/modules	integer	64
/rows/74/result/filesystem/cargo/check/result	string	2016
/rows/74/result/filesystem/cargo/python	string	3.14.7
/rows/74/result/filesystem/cargo/worker_ms	float	58.81367
/rows/74/result/filesystem/cargo/workload	string	cargo
/rows/74/result/filesystem/git	object	-
/rows/74/result/filesystem/git/check	object	-
/rows/74/result/filesystem/git/check/git_clean	boolean	true
/rows/74/result/filesystem/git/python	string	3.14.7
/rows/74/result/filesystem/git/worker_ms	float	13.807027
/rows/74/result/filesystem/git/workload	string	git
/rows/74/result/filesystem/metadata	object	-
/rows/74/result/filesystem/metadata/check	object	-
/rows/74/result/filesystem/metadata/check/bytes	integer	2095104
/rows/74/result/filesystem/metadata/check/files	integer	2048
/rows/74/result/filesystem/metadata/python	string	3.14.7
/rows/74/result/filesystem/metadata/worker_ms	float	4.654726
/rows/74/result/filesystem/metadata/workload	string	metadata
/rows/74/result/filesystem/npm	object	-
/rows/74/result/filesystem/npm/check	object	-
/rows/74/result/filesystem/npm/check/local_packages	integer	32
/rows/74/result/filesystem/npm/python	string	3.14.7
/rows/74/result/filesystem/npm/worker_ms	float	173.968916
/rows/74/result/filesystem/npm/workload	string	npm
/rows/74/result/filesystem/read	object	-
/rows/74/result/filesystem/read/check	object	-
/rows/74/result/filesystem/read/check/bytes	integer	67108864
/rows/74/result/filesystem/read/check/sha256	string	42ef3a50fe506ced865473b082c8b28f6ce254e6e2b01266b6a563531a6267bc
/rows/74/result/filesystem/read/python	string	3.14.7
/rows/74/result/filesystem/read/worker_ms	float	32.179855
/rows/74/result/filesystem/read/workload	string	read
/rows/74/result/filesystem/rg	object	-
/rows/74/result/filesystem/rg/check	object	-
/rows/74/result/filesystem/rg/check/matches	integer	2048
/rows/74/result/filesystem/rg/python	string	3.14.7
/rows/74/result/filesystem/rg/worker_ms	float	7.444313
/rows/74/result/filesystem/rg/workload	string	rg
/rows/74/result/filesystem/write	object	-
/rows/74/result/filesystem/write/check	object	-
/rows/74/result/filesystem/write/check/bytes	integer	16777216
/rows/74/result/filesystem/write/check/files	integer	256
/rows/74/result/filesystem/write/python	string	3.14.7
/rows/74/result/filesystem/write/worker_ms	float	4.265821
/rows/74/result/filesystem/write/workload	string	write
/rows/74/result/mode	string	filesystem
/rows/74/result/worker_ms	float	417.400316
/rows/74/result_ms	float	470.934072
/rows/74/trial	integer	18
/rows/75	object	-
/rows/75/backend	string	pvisor-fuse
/rows/75/completion_ms	float	597.497058
/rows/75/correctness	string	passed
/rows/75/fuse_requests	object	-
/rows/75/fuse_requests/getattr	integer	478
/rows/75/fuse_requests/lookup	integer	3061
/rows/75/fuse_requests/read	integer	4758
/rows/75/fuse_requests/read_bytes	integer	72389686
/rows/75/fuse_requests/readdir	integer	542
/rows/75/fuse_requests/readdirplus	integer	0
/rows/75/fuse_requests/write	integer	292
/rows/75/fuse_requests/write_bytes	integer	17485492
/rows/75/logs	string	/home/reiase/workspace/pvisor/target/filesystem-fuse-ab-20261005/release/trials/filesystem-pvisor-fuse-018
/rows/75/memory_scope	string	owned launcher tree; Docker daemon/container RSS excluded
/rows/75/mode	string	filesystem
/rows/75/peak_tree_rss_kib	integer	162732
/rows/75/prepare_ms	float	37.791959
/rows/75/ready_ms	float	53.071454
/rows/75/result	object	-
/rows/75/result/correctness	string	passed
/rows/75/result/filesystem	object	-
/rows/75/result/filesystem/cargo	object	-
/rows/75/result/filesystem/cargo/check	object	-
/rows/75/result/filesystem/cargo/check/modules	integer	64
/rows/75/result/filesystem/cargo/check/result	string	2016
/rows/75/result/filesystem/cargo/python	string	3.14.7
/rows/75/result/filesystem/cargo/worker_ms	float	73.659747
/rows/75/result/filesystem/cargo/workload	string	cargo
/rows/75/result/filesystem/git	object	-
/rows/75/result/filesystem/git/check	object	-
/rows/75/result/filesystem/git/check/git_clean	boolean	true
/rows/75/result/filesystem/git/python	string	3.14.7
/rows/75/result/filesystem/git/worker_ms	float	39.797712
/rows/75/result/filesystem/git/workload	string	git
/rows/75/result/filesystem/metadata	object	-
/rows/75/result/filesystem/metadata/check	object	-
/rows/75/result/filesystem/metadata/check/bytes	integer	2095104
/rows/75/result/filesystem/metadata/check/files	integer	2048
/rows/75/result/filesystem/metadata/python	string	3.14.7
/rows/75/result/filesystem/metadata/worker_ms	float	20.126961
/rows/75/result/filesystem/metadata/workload	string	metadata
/rows/75/result/filesystem/npm	object	-
/rows/75/result/filesystem/npm/check	object	-
/rows/75/result/filesystem/npm/check/local_packages	integer	32
/rows/75/result/filesystem/npm/python	string	3.14.7
/rows/75/result/filesystem/npm/worker_ms	float	180.501016
/rows/75/result/filesystem/npm/workload	string	npm
/rows/75/result/filesystem/read	object	-
/rows/75/result/filesystem/read/check	object	-
/rows/75/result/filesystem/read/check/bytes	integer	67108864
/rows/75/result/filesystem/read/check/sha256	string	42ef3a50fe506ced865473b082c8b28f6ce254e6e2b01266b6a563531a6267bc
/rows/75/result/filesystem/read/python	string	3.14.7
/rows/75/result/filesystem/read/worker_ms	float	39.034016
/rows/75/result/filesystem/read/workload	string	read
/rows/75/result/filesystem/rg	object	-
/rows/75/result/filesystem/rg/check	object	-
/rows/75/result/filesystem/rg/check/matches	integer	2048
/rows/75/result/filesystem/rg/python	string	3.14.7
/rows/75/result/filesystem/rg/worker_ms	float	28.005404
/rows/75/result/filesystem/rg/workload	string	rg
/rows/75/result/filesystem/write	object	-
/rows/75/result/filesystem/write/check	object	-
/rows/75/result/filesystem/write/check/bytes	integer	16777216
/rows/75/result/filesystem/write/check/files	integer	256
/rows/75/result/filesystem/write/python	string	3.14.7
/rows/75/result/filesystem/write/worker_ms	float	11.748135
/rows/75/result/filesystem/write/workload	string	write
/rows/75/result/mode	string	filesystem
/rows/75/result/worker_ms	float	516.638046
/rows/75/result_ms	float	569.796282
/rows/75/trial	integer	18
/rows/76	object	-
/rows/76/backend	string	native
/rows/76/completion_ms	float	470.063538
/rows/76/correctness	string	passed
/rows/76/logs	string	/home/reiase/workspace/pvisor/target/filesystem-fuse-ab-20261005/release/trials/filesystem-native-019
/rows/76/memory_scope	string	owned launcher tree; Docker daemon/container RSS excluded
/rows/76/mode	string	filesystem
/rows/76/peak_tree_rss_kib	integer	138228
/rows/76/prepare_ms	float	37.750621
/rows/76/ready_ms	float	39.877741
/rows/76/result	object	-
/rows/76/result/correctness	string	passed
/rows/76/result/filesystem	object	-
/rows/76/result/filesystem/cargo	object	-
/rows/76/result/filesystem/cargo/check	object	-
/rows/76/result/filesystem/cargo/check/modules	integer	64
/rows/76/result/filesystem/cargo/check/result	string	2016
/rows/76/result/filesystem/cargo/python	string	3.14.7
/rows/76/result/filesystem/cargo/worker_ms	float	57.808665
/rows/76/result/filesystem/cargo/workload	string	cargo
/rows/76/result/filesystem/git	object	-
/rows/76/result/filesystem/git/check	object	-
/rows/76/result/filesystem/git/check/git_clean	boolean	true
/rows/76/result/filesystem/git/python	string	3.14.7
/rows/76/result/filesystem/git/worker_ms	float	15.576089
/rows/76/result/filesystem/git/workload	string	git
/rows/76/result/filesystem/metadata	object	-
/rows/76/result/filesystem/metadata/check	object	-
/rows/76/result/filesystem/metadata/check/bytes	integer	2095104
/rows/76/result/filesystem/metadata/check/files	integer	2048
/rows/76/result/filesystem/metadata/python	string	3.14.7
/rows/76/result/filesystem/metadata/worker_ms	float	5.372416
/rows/76/result/filesystem/metadata/workload	string	metadata
/rows/76/result/filesystem/npm	object	-
/rows/76/result/filesystem/npm/check	object	-
/rows/76/result/filesystem/npm/check/local_packages	integer	32
/rows/76/result/filesystem/npm/python	string	3.14.7
/rows/76/result/filesystem/npm/worker_ms	float	178.712589
/rows/76/result/filesystem/npm/workload	string	npm
/rows/76/result/filesystem/read	object	-
/rows/76/result/filesystem/read/check	object	-
/rows/76/result/filesystem/read/check/bytes	integer	67108864
/rows/76/result/filesystem/read/check/sha256	string	42ef3a50fe506ced865473b082c8b28f6ce254e6e2b01266b6a563531a6267bc
/rows/76/result/filesystem/read/python	string	3.14.7
/rows/76/result/filesystem/read/worker_ms	float	31.183094
/rows/76/result/filesystem/read/workload	string	read
/rows/76/result/filesystem/rg	object	-
/rows/76/result/filesystem/rg/check	object	-
/rows/76/result/filesystem/rg/check/matches	integer	2048
/rows/76/result/filesystem/rg/python	string	3.14.7
/rows/76/result/filesystem/rg/worker_ms	float	6.304676
/rows/76/result/filesystem/rg/workload	string	rg
/rows/76/result/filesystem/write	object	-
/rows/76/result/filesystem/write/check	object	-
/rows/76/result/filesystem/write/check/bytes	integer	16777216
/rows/76/result/filesystem/write/check/files	integer	256
/rows/76/result/filesystem/write/python	string	3.14.7
/rows/76/result/filesystem/write/worker_ms	float	3.817755
/rows/76/result/filesystem/write/workload	string	write
/rows/76/result/mode	string	filesystem
/rows/76/result/worker_ms	float	422.6006
/rows/76/result_ms	float	462.526662
/rows/76/trial	integer	19
/rows/77	object	-
/rows/77/backend	string	pvisor-host
/rows/77/completion_ms	float	499.425013
/rows/77/correctness	string	passed
/rows/77/logs	string	/home/reiase/workspace/pvisor/target/filesystem-fuse-ab-20261005/release/trials/filesystem-pvisor-host-019
/rows/77/memory_scope	string	owned launcher tree; Docker daemon/container RSS excluded
/rows/77/mode	string	filesystem
/rows/77/peak_tree_rss_kib	integer	160112
/rows/77/prepare_ms	float	37.815923
/rows/77/ready_ms	float	53.25164
/rows/77/result	object	-
/rows/77/result/correctness	string	passed
/rows/77/result/filesystem	object	-
/rows/77/result/filesystem/cargo	object	-
/rows/77/result/filesystem/cargo/check	object	-
/rows/77/result/filesystem/cargo/check/modules	integer	64
/rows/77/result/filesystem/cargo/check/result	string	2016
/rows/77/result/filesystem/cargo/python	string	3.14.7
/rows/77/result/filesystem/cargo/worker_ms	float	52.805988
/rows/77/result/filesystem/cargo/workload	string	cargo
/rows/77/result/filesystem/git	object	-
/rows/77/result/filesystem/git/check	object	-
/rows/77/result/filesystem/git/check/git_clean	boolean	true
/rows/77/result/filesystem/git/python	string	3.14.7
/rows/77/result/filesystem/git/worker_ms	float	16.218457
/rows/77/result/filesystem/git/workload	string	git
/rows/77/result/filesystem/metadata	object	-
/rows/77/result/filesystem/metadata/check	object	-
/rows/77/result/filesystem/metadata/check/bytes	integer	2095104
/rows/77/result/filesystem/metadata/check/files	integer	2048
/rows/77/result/filesystem/metadata/python	string	3.14.7
/rows/77/result/filesystem/metadata/worker_ms	float	5.050114
/rows/77/result/filesystem/metadata/workload	string	metadata
/rows/77/result/filesystem/npm	object	-
/rows/77/result/filesystem/npm/check	object	-
/rows/77/result/filesystem/npm/check/local_packages	integer	32
/rows/77/result/filesystem/npm/python	string	3.14.7
/rows/77/result/filesystem/npm/worker_ms	float	181.974647
/rows/77/result/filesystem/npm/workload	string	npm
/rows/77/result/filesystem/read	object	-
/rows/77/result/filesystem/read/check	object	-
/rows/77/result/filesystem/read/check/bytes	integer	67108864
/rows/77/result/filesystem/read/check/sha256	string	42ef3a50fe506ced865473b082c8b28f6ce254e6e2b01266b6a563531a6267bc
/rows/77/result/filesystem/read/python	string	3.14.7
/rows/77/result/filesystem/read/worker_ms	float	33.024371
/rows/77/result/filesystem/read/workload	string	read
/rows/77/result/filesystem/rg	object	-
/rows/77/result/filesystem/rg/check	object	-
/rows/77/result/filesystem/rg/check/matches	integer	2048
/rows/77/result/filesystem/rg/python	string	3.14.7
/rows/77/result/filesystem/rg/worker_ms	float	9.357213
/rows/77/result/filesystem/rg/workload	string	rg
/rows/77/result/filesystem/write	object	-
/rows/77/result/filesystem/write/check	object	-
/rows/77/result/filesystem/write/check/bytes	integer	16777216
/rows/77/result/filesystem/write/check/files	integer	256
/rows/77/result/filesystem/write/python	string	3.14.7
/rows/77/result/filesystem/write/worker_ms	float	3.838103
/rows/77/result/filesystem/write/workload	string	write
/rows/77/result/mode	string	filesystem
/rows/77/result/worker_ms	float	425.259693
/rows/77/result_ms	float	478.551137
/rows/77/trial	integer	19
/rows/78	object	-
/rows/78/backend	string	pvisor-staged
/rows/78/completion_ms	float	1324.63164
/rows/78/correctness	string	passed
/rows/78/logs	string	/home/reiase/workspace/pvisor/target/filesystem-fuse-ab-20261005/release/trials/filesystem-pvisor-staged-019
/rows/78/memory_scope	string	owned launcher tree; Docker daemon/container RSS excluded
/rows/78/mode	string	filesystem
/rows/78/peak_tree_rss_kib	integer	174948
/rows/78/prepare_ms	float	36.788295
/rows/78/ready_ms	float	66.414114
/rows/78/result	object	-
/rows/78/result/correctness	string	passed
/rows/78/result/filesystem	object	-
/rows/78/result/filesystem/cargo	object	-
/rows/78/result/filesystem/cargo/check	object	-
/rows/78/result/filesystem/cargo/check/modules	integer	64
/rows/78/result/filesystem/cargo/check/result	string	2016
/rows/78/result/filesystem/cargo/python	string	3.14.7
/rows/78/result/filesystem/cargo/worker_ms	float	117.845718
/rows/78/result/filesystem/cargo/workload	string	cargo
/rows/78/result/filesystem/git	object	-
/rows/78/result/filesystem/git/check	object	-
/rows/78/result/filesystem/git/check/git_clean	boolean	true
/rows/78/result/filesystem/git/python	string	3.14.7
/rows/78/result/filesystem/git/worker_ms	float	174.680244
/rows/78/result/filesystem/git/workload	string	git
/rows/78/result/filesystem/metadata	object	-
/rows/78/result/filesystem/metadata/check	object	-
/rows/78/result/filesystem/metadata/check/bytes	integer	2095104
/rows/78/result/filesystem/metadata/check/files	integer	2048
/rows/78/result/filesystem/metadata/python	string	3.14.7
/rows/78/result/filesystem/metadata/worker_ms	float	81.60255
/rows/78/result/filesystem/metadata/workload	string	metadata
/rows/78/result/filesystem/npm	object	-
/rows/78/result/filesystem/npm/check	object	-
/rows/78/result/filesystem/npm/check/local_packages	integer	32
/rows/78/result/filesystem/npm/python	string	3.14.7
/rows/78/result/filesystem/npm/worker_ms	float	266.318793
/rows/78/result/filesystem/npm/workload	string	npm
/rows/78/result/filesystem/read	object	-
/rows/78/result/filesystem/read/check	object	-
/rows/78/result/filesystem/read/check/bytes	integer	67108864
/rows/78/result/filesystem/read/check/sha256	string	42ef3a50fe506ced865473b082c8b28f6ce254e6e2b01266b6a563531a6267bc
/rows/78/result/filesystem/read/python	string	3.14.7
/rows/78/result/filesystem/read/worker_ms	float	68.641661
/rows/78/result/filesystem/read/workload	string	read
/rows/78/result/filesystem/rg	object	-
/rows/78/result/filesystem/rg/check	object	-
/rows/78/result/filesystem/rg/check/matches	integer	2048
/rows/78/result/filesystem/rg/python	string	3.14.7
/rows/78/result/filesystem/rg/worker_ms	float	90.555187
/rows/78/result/filesystem/rg/workload	string	rg
/rows/78/result/filesystem/write	object	-
/rows/78/result/filesystem/write/check	object	-
/rows/78/result/filesystem/write/check/bytes	integer	16777216
/rows/78/result/filesystem/write/check/files	integer	256
/rows/78/result/filesystem/write/python	string	3.14.7
/rows/78/result/filesystem/write/worker_ms	float	203.305926
/rows/78/result/filesystem/write/workload	string	write
/rows/78/result/mode	string	filesystem
/rows/78/result/worker_ms	float	1129.799057
/rows/78/result_ms	float	1196.245782
/rows/78/trial	integer	19
/rows/79	object	-
/rows/79/backend	string	pvisor-fuse
/rows/79/completion_ms	float	604.019811
/rows/79/correctness	string	passed
/rows/79/fuse_requests	object	-
/rows/79/fuse_requests/getattr	integer	477
/rows/79/fuse_requests/lookup	integer	3061
/rows/79/fuse_requests/read	integer	4758
/rows/79/fuse_requests/read_bytes	integer	72389686
/rows/79/fuse_requests/readdir	integer	542
/rows/79/fuse_requests/readdirplus	integer	0
/rows/79/fuse_requests/write	integer	292
/rows/79/fuse_requests/write_bytes	integer	17485492
/rows/79/logs	string	/home/reiase/workspace/pvisor/target/filesystem-fuse-ab-20261005/release/trials/filesystem-pvisor-fuse-019
/rows/79/memory_scope	string	owned launcher tree; Docker daemon/container RSS excluded
/rows/79/mode	string	filesystem
/rows/79/peak_tree_rss_kib	integer	154732
/rows/79/prepare_ms	float	38.710523
/rows/79/ready_ms	float	53.059542
/rows/79/result	object	-
/rows/79/result/correctness	string	passed
/rows/79/result/filesystem	object	-
/rows/79/result/filesystem/cargo	object	-
/rows/79/result/filesystem/cargo/check	object	-
/rows/79/result/filesystem/cargo/check/modules	integer	64
/rows/79/result/filesystem/cargo/check/result	string	2016
/rows/79/result/filesystem/cargo/python	string	3.14.7
/rows/79/result/filesystem/cargo/worker_ms	float	71.213972
/rows/79/result/filesystem/cargo/workload	string	cargo
/rows/79/result/filesystem/git	object	-
/rows/79/result/filesystem/git/check	object	-
/rows/79/result/filesystem/git/check/git_clean	boolean	true
/rows/79/result/filesystem/git/python	string	3.14.7
/rows/79/result/filesystem/git/worker_ms	float	41.606488
/rows/79/result/filesystem/git/workload	string	git
/rows/79/result/filesystem/metadata	object	-
/rows/79/result/filesystem/metadata/check	object	-
/rows/79/result/filesystem/metadata/check/bytes	integer	2095104
/rows/79/result/filesystem/metadata/check/files	integer	2048
/rows/79/result/filesystem/metadata/python	string	3.14.7
/rows/79/result/filesystem/metadata/worker_ms	float	20.375495
/rows/79/result/filesystem/metadata/workload	string	metadata
/rows/79/result/filesystem/npm	object	-
/rows/79/result/filesystem/npm/check	object	-
/rows/79/result/filesystem/npm/check/local_packages	integer	32
/rows/79/result/filesystem/npm/python	string	3.14.7
/rows/79/result/filesystem/npm/worker_ms	float	183.902234
/rows/79/result/filesystem/npm/workload	string	npm
/rows/79/result/filesystem/read	object	-
/rows/79/result/filesystem/read/check	object	-
/rows/79/result/filesystem/read/check/bytes	integer	67108864
/rows/79/result/filesystem/read/check/sha256	string	42ef3a50fe506ced865473b082c8b28f6ce254e6e2b01266b6a563531a6267bc
/rows/79/result/filesystem/read/python	string	3.14.7
/rows/79/result/filesystem/read/worker_ms	float	40.379678
/rows/79/result/filesystem/read/workload	string	read
/rows/79/result/filesystem/rg	object	-
/rows/79/result/filesystem/rg/check	object	-
/rows/79/result/filesystem/rg/check/matches	integer	2048
/rows/79/result/filesystem/rg/python	string	3.14.7
/rows/79/result/filesystem/rg/worker_ms	float	28.073642
/rows/79/result/filesystem/rg/workload	string	rg
/rows/79/result/filesystem/write	object	-
/rows/79/result/filesystem/write/check	object	-
/rows/79/result/filesystem/write/check/bytes	integer	16777216
/rows/79/result/filesystem/write/check/files	integer	256
/rows/79/result/filesystem/write/python	string	3.14.7
/rows/79/result/filesystem/write/worker_ms	float	13.492149
/rows/79/result/filesystem/write/workload	string	write
/rows/79/result/mode	string	filesystem
/rows/79/result/worker_ms	float	524.270069
/rows/79/result_ms	float	577.375797
/rows/79/trial	integer	19
/rows/80	object	-
/rows/80/backend	string	pvisor-staged
/rows/80/completion_ms	float	1453.34534
/rows/80/correctness	string	passed
/rows/80/logs	string	/home/reiase/workspace/pvisor/target/filesystem-fuse-ab-20261005/release/trials/filesystem-pvisor-staged-020
/rows/80/memory_scope	string	owned launcher tree; Docker daemon/container RSS excluded
/rows/80/mode	string	filesystem
/rows/80/peak_tree_rss_kib	integer	176512
/rows/80/prepare_ms	float	38.932958
/rows/80/ready_ms	float	64.664059
/rows/80/result	object	-
/rows/80/result/correctness	string	passed
/rows/80/result/filesystem	object	-
/rows/80/result/filesystem/cargo	object	-
/rows/80/result/filesystem/cargo/check	object	-
/rows/80/result/filesystem/cargo/check/modules	integer	64
/rows/80/result/filesystem/cargo/check/result	string	2016
/rows/80/result/filesystem/cargo/python	string	3.14.7
/rows/80/result/filesystem/cargo/worker_ms	float	249.535802
/rows/80/result/filesystem/cargo/workload	string	cargo
/rows/80/result/filesystem/git	object	-
/rows/80/result/filesystem/git/check	object	-
/rows/80/result/filesystem/git/check/git_clean	boolean	true
/rows/80/result/filesystem/git/python	string	3.14.7
/rows/80/result/filesystem/git/worker_ms	float	172.027713
/rows/80/result/filesystem/git/workload	string	git
/rows/80/result/filesystem/metadata	object	-
/rows/80/result/filesystem/metadata/check	object	-
/rows/80/result/filesystem/metadata/check/bytes	integer	2095104
/rows/80/result/filesystem/metadata/check/files	integer	2048
/rows/80/result/filesystem/metadata/python	string	3.14.7
/rows/80/result/filesystem/metadata/worker_ms	float	77.441995
/rows/80/result/filesystem/metadata/workload	string	metadata
/rows/80/result/filesystem/npm	object	-
/rows/80/result/filesystem/npm/check	object	-
/rows/80/result/filesystem/npm/check/local_packages	integer	32
/rows/80/result/filesystem/npm/python	string	3.14.7
/rows/80/result/filesystem/npm/worker_ms	float	265.687935
/rows/80/result/filesystem/npm/workload	string	npm
/rows/80/result/filesystem/read	object	-
/rows/80/result/filesystem/read/check	object	-
/rows/80/result/filesystem/read/check/bytes	integer	67108864
/rows/80/result/filesystem/read/check/sha256	string	42ef3a50fe506ced865473b082c8b28f6ce254e6e2b01266b6a563531a6267bc
/rows/80/result/filesystem/read/python	string	3.14.7
/rows/80/result/filesystem/read/worker_ms	float	68.950708
/rows/80/result/filesystem/read/workload	string	read
/rows/80/result/filesystem/rg	object	-
/rows/80/result/filesystem/rg/check	object	-
/rows/80/result/filesystem/rg/check/matches	integer	2048
/rows/80/result/filesystem/rg/python	string	3.14.7
/rows/80/result/filesystem/rg/worker_ms	float	91.664657
/rows/80/result/filesystem/rg/workload	string	rg
/rows/80/result/filesystem/write	object	-
/rows/80/result/filesystem/write/check	object	-
/rows/80/result/filesystem/write/check/bytes	integer	16777216
/rows/80/result/filesystem/write/check/files	integer	256
/rows/80/result/filesystem/write/python	string	3.14.7
/rows/80/result/filesystem/write/worker_ms	float	209.116319
/rows/80/result/filesystem/write/workload	string	write
/rows/80/result/mode	string	filesystem
/rows/80/result/worker_ms	float	1265.157778
/rows/80/result_ms	float	1329.875366
/rows/80/trial	integer	20
/rows/81	object	-
/rows/81/backend	string	pvisor-fuse
/rows/81/completion_ms	float	592.95442
/rows/81/correctness	string	passed
/rows/81/fuse_requests	object	-
/rows/81/fuse_requests/getattr	integer	477
/rows/81/fuse_requests/lookup	integer	3061
/rows/81/fuse_requests/read	integer	4758
/rows/81/fuse_requests/read_bytes	integer	72389686
/rows/81/fuse_requests/readdir	integer	542
/rows/81/fuse_requests/readdirplus	integer	0
/rows/81/fuse_requests/write	integer	292
/rows/81/fuse_requests/write_bytes	integer	17485492
/rows/81/logs	string	/home/reiase/workspace/pvisor/target/filesystem-fuse-ab-20261005/release/trials/filesystem-pvisor-fuse-020
/rows/81/memory_scope	string	owned launcher tree; Docker daemon/container RSS excluded
/rows/81/mode	string	filesystem
/rows/81/peak_tree_rss_kib	integer	155984
/rows/81/prepare_ms	float	37.784995
/rows/81/ready_ms	float	54.343568
/rows/81/result	object	-
/rows/81/result/correctness	string	passed
/rows/81/result/filesystem	object	-
/rows/81/result/filesystem/cargo	object	-
/rows/81/result/filesystem/cargo/check	object	-
/rows/81/result/filesystem/cargo/check/modules	integer	64
/rows/81/result/filesystem/cargo/check/result	string	2016
/rows/81/result/filesystem/cargo/python	string	3.14.7
/rows/81/result/filesystem/cargo/worker_ms	float	72.07623
/rows/81/result/filesystem/cargo/workload	string	cargo
/rows/81/result/filesystem/git	object	-
/rows/81/result/filesystem/git/check	object	-
/rows/81/result/filesystem/git/check/git_clean	boolean	true
/rows/81/result/filesystem/git/python	string	3.14.7
/rows/81/result/filesystem/git/worker_ms	float	41.594525
/rows/81/result/filesystem/git/workload	string	git
/rows/81/result/filesystem/metadata	object	-
/rows/81/result/filesystem/metadata/check	object	-
/rows/81/result/filesystem/metadata/check/bytes	integer	2095104
/rows/81/result/filesystem/metadata/check/files	integer	2048
/rows/81/result/filesystem/metadata/python	string	3.14.7
/rows/81/result/filesystem/metadata/worker_ms	float	20.242236
/rows/81/result/filesystem/metadata/workload	string	metadata
/rows/81/result/filesystem/npm	object	-
/rows/81/result/filesystem/npm/check	object	-
/rows/81/result/filesystem/npm/check/local_packages	integer	32
/rows/81/result/filesystem/npm/python	string	3.14.7
/rows/81/result/filesystem/npm/worker_ms	float	180.163246
/rows/81/result/filesystem/npm/workload	string	npm
/rows/81/result/filesystem/read	object	-
/rows/81/result/filesystem/read/check	object	-
/rows/81/result/filesystem/read/check/bytes	integer	67108864
/rows/81/result/filesystem/read/check/sha256	string	42ef3a50fe506ced865473b082c8b28f6ce254e6e2b01266b6a563531a6267bc
/rows/81/result/filesystem/read/python	string	3.14.7
/rows/81/result/filesystem/read/worker_ms	float	38.222872
/rows/81/result/filesystem/read/workload	string	read
/rows/81/result/filesystem/rg	object	-
/rows/81/result/filesystem/rg/check	object	-
/rows/81/result/filesystem/rg/check/matches	integer	2048
/rows/81/result/filesystem/rg/python	string	3.14.7
/rows/81/result/filesystem/rg/worker_ms	float	28.741038
/rows/81/result/filesystem/rg/workload	string	rg
/rows/81/result/filesystem/write	object	-
/rows/81/result/filesystem/write/check	object	-
/rows/81/result/filesystem/write/check/bytes	integer	16777216
/rows/81/result/filesystem/write/check/files	integer	256
/rows/81/result/filesystem/write/python	string	3.14.7
/rows/81/result/filesystem/write/worker_ms	float	11.891012
/rows/81/result/filesystem/write/workload	string	write
/rows/81/result/mode	string	filesystem
/rows/81/result/worker_ms	float	514.806167
/rows/81/result_ms	float	569.202855
/rows/81/trial	integer	20
/rows/82	object	-
/rows/82/backend	string	native
/rows/82/completion_ms	float	465.761959
/rows/82/correctness	string	passed
/rows/82/logs	string	/home/reiase/workspace/pvisor/target/filesystem-fuse-ab-20261005/release/trials/filesystem-native-020
/rows/82/memory_scope	string	owned launcher tree; Docker daemon/container RSS excluded
/rows/82/mode	string	filesystem
/rows/82/peak_tree_rss_kib	integer	138608
/rows/82/prepare_ms	float	36.67799
/rows/82/ready_ms	float	40.002032
/rows/82/result	object	-
/rows/82/result/correctness	string	passed
/rows/82/result/filesystem	object	-
/rows/82/result/filesystem/cargo	object	-
/rows/82/result/filesystem/cargo/check	object	-
/rows/82/result/filesystem/cargo/check/modules	integer	64
/rows/82/result/filesystem/cargo/check/result	string	2016
/rows/82/result/filesystem/cargo/python	string	3.14.7
/rows/82/result/filesystem/cargo/worker_ms	float	57.96711
/rows/82/result/filesystem/cargo/workload	string	cargo
/rows/82/result/filesystem/git	object	-
/rows/82/result/filesystem/git/check	object	-
/rows/82/result/filesystem/git/check/git_clean	boolean	true
/rows/82/result/filesystem/git/python	string	3.14.7
/rows/82/result/filesystem/git/worker_ms	float	15.867603
/rows/82/result/filesystem/git/workload	string	git
/rows/82/result/filesystem/metadata	object	-
/rows/82/result/filesystem/metadata/check	object	-
/rows/82/result/filesystem/metadata/check/bytes	integer	2095104
/rows/82/result/filesystem/metadata/check/files	integer	2048
/rows/82/result/filesystem/metadata/python	string	3.14.7
/rows/82/result/filesystem/metadata/worker_ms	float	4.697336
/rows/82/result/filesystem/metadata/workload	string	metadata
/rows/82/result/filesystem/npm	object	-
/rows/82/result/filesystem/npm/check	object	-
/rows/82/result/filesystem/npm/check/local_packages	integer	32
/rows/82/result/filesystem/npm/python	string	3.14.7
/rows/82/result/filesystem/npm/worker_ms	float	174.86526
/rows/82/result/filesystem/npm/workload	string	npm
/rows/82/result/filesystem/read	object	-
/rows/82/result/filesystem/read/check	object	-
/rows/82/result/filesystem/read/check/bytes	integer	67108864
/rows/82/result/filesystem/read/check/sha256	string	42ef3a50fe506ced865473b082c8b28f6ce254e6e2b01266b6a563531a6267bc
/rows/82/result/filesystem/read/python	string	3.14.7
/rows/82/result/filesystem/read/worker_ms	float	33.476996
/rows/82/result/filesystem/read/workload	string	read
/rows/82/result/filesystem/rg	object	-
/rows/82/result/filesystem/rg/check	object	-
/rows/82/result/filesystem/rg/check/matches	integer	2048
/rows/82/result/filesystem/rg/python	string	3.14.7
/rows/82/result/filesystem/rg/worker_ms	float	8.12846
/rows/82/result/filesystem/rg/workload	string	rg
/rows/82/result/filesystem/write	object	-
/rows/82/result/filesystem/write/check	object	-
/rows/82/result/filesystem/write/check/bytes	integer	16777216
/rows/82/result/filesystem/write/check/files	integer	256
/rows/82/result/filesystem/write/python	string	3.14.7
/rows/82/result/filesystem/write/worker_ms	float	3.667434
/rows/82/result/filesystem/write/workload	string	write
/rows/82/result/mode	string	filesystem
/rows/82/result/worker_ms	float	418.225846
/rows/82/result_ms	float	458.286458
/rows/82/trial	integer	20
/rows/83	object	-
/rows/83/backend	string	pvisor-host
/rows/83/completion_ms	float	484.910896
/rows/83/correctness	string	passed
/rows/83/logs	string	/home/reiase/workspace/pvisor/target/filesystem-fuse-ab-20261005/release/trials/filesystem-pvisor-host-020
/rows/83/memory_scope	string	owned launcher tree; Docker daemon/container RSS excluded
/rows/83/mode	string	filesystem
/rows/83/peak_tree_rss_kib	integer	160112
/rows/83/prepare_ms	float	37.145201
/rows/83/ready_ms	float	54.138054
/rows/83/result	object	-
/rows/83/result/correctness	string	passed
/rows/83/result/filesystem	object	-
/rows/83/result/filesystem/cargo	object	-
/rows/83/result/filesystem/cargo/check	object	-
/rows/83/result/filesystem/cargo/check/modules	integer	64
/rows/83/result/filesystem/cargo/check/result	string	2016
/rows/83/result/filesystem/cargo/python	string	3.14.7
/rows/83/result/filesystem/cargo/worker_ms	float	55.896615
/rows/83/result/filesystem/cargo/workload	string	cargo
/rows/83/result/filesystem/git	object	-
/rows/83/result/filesystem/git/check	object	-
/rows/83/result/filesystem/git/check/git_clean	boolean	true
/rows/83/result/filesystem/git/python	string	3.14.7
/rows/83/result/filesystem/git/worker_ms	float	15.284394
/rows/83/result/filesystem/git/workload	string	git
/rows/83/result/filesystem/metadata	object	-
/rows/83/result/filesystem/metadata/check	object	-
/rows/83/result/filesystem/metadata/check/bytes	integer	2095104
/rows/83/result/filesystem/metadata/check/files	integer	2048
/rows/83/result/filesystem/metadata/python	string	3.14.7
/rows/83/result/filesystem/metadata/worker_ms	float	5.106239
/rows/83/result/filesystem/metadata/workload	string	metadata
/rows/83/result/filesystem/npm	object	-
/rows/83/result/filesystem/npm/check	object	-
/rows/83/result/filesystem/npm/check/local_packages	integer	32
/rows/83/result/filesystem/npm/python	string	3.14.7
/rows/83/result/filesystem/npm/worker_ms	float	173.341846
/rows/83/result/filesystem/npm/workload	string	npm
/rows/83/result/filesystem/read	object	-
/rows/83/result/filesystem/read/check	object	-
/rows/83/result/filesystem/read/check/bytes	integer	67108864
/rows/83/result/filesystem/read/check/sha256	string	42ef3a50fe506ced865473b082c8b28f6ce254e6e2b01266b6a563531a6267bc
/rows/83/result/filesystem/read/python	string	3.14.7
/rows/83/result/filesystem/read/worker_ms	float	32.382964
/rows/83/result/filesystem/read/workload	string	read
/rows/83/result/filesystem/rg	object	-
/rows/83/result/filesystem/rg/check	object	-
/rows/83/result/filesystem/rg/check/matches	integer	2048
/rows/83/result/filesystem/rg/python	string	3.14.7
/rows/83/result/filesystem/rg/worker_ms	float	10.123503
/rows/83/result/filesystem/rg/workload	string	rg
/rows/83/result/filesystem/write	object	-
/rows/83/result/filesystem/write/check	object	-
/rows/83/result/filesystem/write/check/bytes	integer	16777216
/rows/83/result/filesystem/write/check/files	integer	256
/rows/83/result/filesystem/write/python	string	3.14.7
/rows/83/result/filesystem/write/worker_ms	float	3.791476
/rows/83/result/filesystem/write/workload	string	write
/rows/83/result/mode	string	filesystem
/rows/83/result/worker_ms	float	413.786752
/rows/83/result_ms	float	467.935526
/rows/83/trial	integer	20
/rows/84	object	-
/rows/84/backend	string	native
/rows/84/completion_ms	float	472.326782
/rows/84/correctness	string	passed
/rows/84/logs	string	/home/reiase/workspace/pvisor/target/filesystem-fuse-ab-20261005/release/trials/filesystem-native-021
/rows/84/memory_scope	string	owned launcher tree; Docker daemon/container RSS excluded
/rows/84/mode	string	filesystem
/rows/84/peak_tree_rss_kib	integer	137924
/rows/84/prepare_ms	float	38.901098
/rows/84/ready_ms	float	39.328206
/rows/84/result	object	-
/rows/84/result/correctness	string	passed
/rows/84/result/filesystem	object	-
/rows/84/result/filesystem/cargo	object	-
/rows/84/result/filesystem/cargo/check	object	-
/rows/84/result/filesystem/cargo/check/modules	integer	64
/rows/84/result/filesystem/cargo/check/result	string	2016
/rows/84/result/filesystem/cargo/python	string	3.14.7
/rows/84/result/filesystem/cargo/worker_ms	float	60.575307
/rows/84/result/filesystem/cargo/workload	string	cargo
/rows/84/result/filesystem/git	object	-
/rows/84/result/filesystem/git/check	object	-
/rows/84/result/filesystem/git/check/git_clean	boolean	true
/rows/84/result/filesystem/git/python	string	3.14.7
/rows/84/result/filesystem/git/worker_ms	float	16.738187
/rows/84/result/filesystem/git/workload	string	git
/rows/84/result/filesystem/metadata	object	-
/rows/84/result/filesystem/metadata/check	object	-
/rows/84/result/filesystem/metadata/check/bytes	integer	2095104
/rows/84/result/filesystem/metadata/check/files	integer	2048
/rows/84/result/filesystem/metadata/python	string	3.14.7
/rows/84/result/filesystem/metadata/worker_ms	float	4.552566
/rows/84/result/filesystem/metadata/workload	string	metadata
/rows/84/result/filesystem/npm	object	-
/rows/84/result/filesystem/npm/check	object	-
/rows/84/result/filesystem/npm/check/local_packages	integer	32
/rows/84/result/filesystem/npm/python	string	3.14.7
/rows/84/result/filesystem/npm/worker_ms	float	177.031873
/rows/84/result/filesystem/npm/workload	string	npm
/rows/84/result/filesystem/read	object	-
/rows/84/result/filesystem/read/check	object	-
/rows/84/result/filesystem/read/check/bytes	integer	67108864
/rows/84/result/filesystem/read/check/sha256	string	42ef3a50fe506ced865473b082c8b28f6ce254e6e2b01266b6a563531a6267bc
/rows/84/result/filesystem/read/python	string	3.14.7
/rows/84/result/filesystem/read/worker_ms	float	33.10393
/rows/84/result/filesystem/read/workload	string	read
/rows/84/result/filesystem/rg	object	-
/rows/84/result/filesystem/rg/check	object	-
/rows/84/result/filesystem/rg/check/matches	integer	2048
/rows/84/result/filesystem/rg/python	string	3.14.7
/rows/84/result/filesystem/rg/worker_ms	float	9.535245
/rows/84/result/filesystem/rg/workload	string	rg
/rows/84/result/filesystem/write	object	-
/rows/84/result/filesystem/write/check	object	-
/rows/84/result/filesystem/write/check/bytes	integer	16777216
/rows/84/result/filesystem/write/check/files	integer	256
/rows/84/result/filesystem/write/python	string	3.14.7
/rows/84/result/filesystem/write/worker_ms	float	3.914285
/rows/84/result/filesystem/write/workload	string	write
/rows/84/result/mode	string	filesystem
/rows/84/result/worker_ms	float	424.72734
/rows/84/result_ms	float	464.095089
/rows/84/trial	integer	21
/rows/85	object	-
/rows/85/backend	string	pvisor-host
/rows/85/completion_ms	float	481.586151
/rows/85/correctness	string	passed
/rows/85/logs	string	/home/reiase/workspace/pvisor/target/filesystem-fuse-ab-20261005/release/trials/filesystem-pvisor-host-021
/rows/85/memory_scope	string	owned launcher tree; Docker daemon/container RSS excluded
/rows/85/mode	string	filesystem
/rows/85/peak_tree_rss_kib	integer	160344
/rows/85/prepare_ms	float	37.505224
/rows/85/ready_ms	float	50.155992
/rows/85/result	object	-
/rows/85/result/correctness	string	passed
/rows/85/result/filesystem	object	-
/rows/85/result/filesystem/cargo	object	-
/rows/85/result/filesystem/cargo/check	object	-
/rows/85/result/filesystem/cargo/check/modules	integer	64
/rows/85/result/filesystem/cargo/check/result	string	2016
/rows/85/result/filesystem/cargo/python	string	3.14.7
/rows/85/result/filesystem/cargo/worker_ms	float	53.681431
/rows/85/result/filesystem/cargo/workload	string	cargo
/rows/85/result/filesystem/git	object	-
/rows/85/result/filesystem/git/check	object	-
/rows/85/result/filesystem/git/check/git_clean	boolean	true
/rows/85/result/filesystem/git/python	string	3.14.7
/rows/85/result/filesystem/git/worker_ms	float	15.072649
/rows/85/result/filesystem/git/workload	string	git
/rows/85/result/filesystem/metadata	object	-
/rows/85/result/filesystem/metadata/check	object	-
/rows/85/result/filesystem/metadata/check/bytes	integer	2095104
/rows/85/result/filesystem/metadata/check/files	integer	2048
/rows/85/result/filesystem/metadata/python	string	3.14.7
/rows/85/result/filesystem/metadata/worker_ms	float	4.729686
/rows/85/result/filesystem/metadata/workload	string	metadata
/rows/85/result/filesystem/npm	object	-
/rows/85/result/filesystem/npm/check	object	-
/rows/85/result/filesystem/npm/check/local_packages	integer	32
/rows/85/result/filesystem/npm/python	string	3.14.7
/rows/85/result/filesystem/npm/worker_ms	float	177.37875
/rows/85/result/filesystem/npm/workload	string	npm
/rows/85/result/filesystem/read	object	-
/rows/85/result/filesystem/read/check	object	-
/rows/85/result/filesystem/read/check/bytes	integer	67108864
/rows/85/result/filesystem/read/check/sha256	string	42ef3a50fe506ced865473b082c8b28f6ce254e6e2b01266b6a563531a6267bc
/rows/85/result/filesystem/read/python	string	3.14.7
/rows/85/result/filesystem/read/worker_ms	float	32.157213
/rows/85/result/filesystem/read/workload	string	read
/rows/85/result/filesystem/rg	object	-
/rows/85/result/filesystem/rg/check	object	-
/rows/85/result/filesystem/rg/check/matches	integer	2048
/rows/85/result/filesystem/rg/python	string	3.14.7
/rows/85/result/filesystem/rg/worker_ms	float	7.421571
/rows/85/result/filesystem/rg/workload	string	rg
/rows/85/result/filesystem/write	object	-
/rows/85/result/filesystem/write/check	object	-
/rows/85/result/filesystem/write/check/bytes	integer	16777216
/rows/85/result/filesystem/write/check/files	integer	256
/rows/85/result/filesystem/write/python	string	3.14.7
/rows/85/result/filesystem/write/worker_ms	float	3.881594
/rows/85/result/filesystem/write/workload	string	write
/rows/85/result/mode	string	filesystem
/rows/85/result/worker_ms	float	416.296947
/rows/85/result_ms	float	466.507752
/rows/85/trial	integer	21
/rows/86	object	-
/rows/86/backend	string	pvisor-staged
/rows/86/completion_ms	float	1338.687351
/rows/86/correctness	string	passed
/rows/86/logs	string	/home/reiase/workspace/pvisor/target/filesystem-fuse-ab-20261005/release/trials/filesystem-pvisor-staged-021
/rows/86/memory_scope	string	owned launcher tree; Docker daemon/container RSS excluded
/rows/86/mode	string	filesystem
/rows/86/peak_tree_rss_kib	integer	177648
/rows/86/prepare_ms	float	39.199916
/rows/86/ready_ms	float	65.191442
/rows/86/result	object	-
/rows/86/result/correctness	string	passed
/rows/86/result/filesystem	object	-
/rows/86/result/filesystem/cargo	object	-
/rows/86/result/filesystem/cargo/check	object	-
/rows/86/result/filesystem/cargo/check/modules	integer	64
/rows/86/result/filesystem/cargo/check/result	string	2016
/rows/86/result/filesystem/cargo/python	string	3.14.7
/rows/86/result/filesystem/cargo/worker_ms	float	118.355669
/rows/86/result/filesystem/cargo/workload	string	cargo
/rows/86/result/filesystem/git	object	-
/rows/86/result/filesystem/git/check	object	-
/rows/86/result/filesystem/git/check/git_clean	boolean	true
/rows/86/result/filesystem/git/python	string	3.14.7
/rows/86/result/filesystem/git/worker_ms	float	175.070472
/rows/86/result/filesystem/git/workload	string	git
/rows/86/result/filesystem/metadata	object	-
/rows/86/result/filesystem/metadata/check	object	-
/rows/86/result/filesystem/metadata/check/bytes	integer	2095104
/rows/86/result/filesystem/metadata/check/files	integer	2048
/rows/86/result/filesystem/metadata/python	string	3.14.7
/rows/86/result/filesystem/metadata/worker_ms	float	78.93975
/rows/86/result/filesystem/metadata/workload	string	metadata
/rows/86/result/filesystem/npm	object	-
/rows/86/result/filesystem/npm/check	object	-
/rows/86/result/filesystem/npm/check/local_packages	integer	32
/rows/86/result/filesystem/npm/python	string	3.14.7
/rows/86/result/filesystem/npm/worker_ms	float	266.080718
/rows/86/result/filesystem/npm/workload	string	npm
/rows/86/result/filesystem/read	object	-
/rows/86/result/filesystem/read/check	object	-
/rows/86/result/filesystem/read/check/bytes	integer	67108864
/rows/86/result/filesystem/read/check/sha256	string	42ef3a50fe506ced865473b082c8b28f6ce254e6e2b01266b6a563531a6267bc
/rows/86/result/filesystem/read/python	string	3.14.7
/rows/86/result/filesystem/read/worker_ms	float	67.132545
/rows/86/result/filesystem/read/workload	string	read
/rows/86/result/filesystem/rg	object	-
/rows/86/result/filesystem/rg/check	object	-
/rows/86/result/filesystem/rg/check/matches	integer	2048
/rows/86/result/filesystem/rg/python	string	3.14.7
/rows/86/result/filesystem/rg/worker_ms	float	93.156141
/rows/86/result/filesystem/rg/workload	string	rg
/rows/86/result/filesystem/write	object	-
/rows/86/result/filesystem/write/check	object	-
/rows/86/result/filesystem/write/check/bytes	integer	16777216
/rows/86/result/filesystem/write/check/files	integer	256
/rows/86/result/filesystem/write/python	string	3.14.7
/rows/86/result/filesystem/write/worker_ms	float	218.167862
/rows/86/result/filesystem/write/workload	string	write
/rows/86/result/mode	string	filesystem
/rows/86/result/worker_ms	float	1142.389744
/rows/86/result_ms	float	1207.62583
/rows/86/trial	integer	21
/rows/87	object	-
/rows/87/backend	string	pvisor-fuse
/rows/87/completion_ms	float	598.323831
/rows/87/correctness	string	passed
/rows/87/fuse_requests	object	-
/rows/87/fuse_requests/getattr	integer	479
/rows/87/fuse_requests/lookup	integer	3061
/rows/87/fuse_requests/read	integer	4758
/rows/87/fuse_requests/read_bytes	integer	72389686
/rows/87/fuse_requests/readdir	integer	542
/rows/87/fuse_requests/readdirplus	integer	0
/rows/87/fuse_requests/write	integer	292
/rows/87/fuse_requests/write_bytes	integer	17485492
/rows/87/logs	string	/home/reiase/workspace/pvisor/target/filesystem-fuse-ab-20261005/release/trials/filesystem-pvisor-fuse-021
/rows/87/memory_scope	string	owned launcher tree; Docker daemon/container RSS excluded
/rows/87/mode	string	filesystem
/rows/87/peak_tree_rss_kib	integer	155504
/rows/87/prepare_ms	float	37.133209
/rows/87/ready_ms	float	53.603026
/rows/87/result	object	-
/rows/87/result/correctness	string	passed
/rows/87/result/filesystem	object	-
/rows/87/result/filesystem/cargo	object	-
/rows/87/result/filesystem/cargo/check	object	-
/rows/87/result/filesystem/cargo/check/modules	integer	64
/rows/87/result/filesystem/cargo/check/result	string	2016
/rows/87/result/filesystem/cargo/python	string	3.14.7
/rows/87/result/filesystem/cargo/worker_ms	float	74.565186
/rows/87/result/filesystem/cargo/workload	string	cargo
/rows/87/result/filesystem/git	object	-
/rows/87/result/filesystem/git/check	object	-
/rows/87/result/filesystem/git/check/git_clean	boolean	true
/rows/87/result/filesystem/git/python	string	3.14.7
/rows/87/result/filesystem/git/worker_ms	float	39.062229
/rows/87/result/filesystem/git/workload	string	git
/rows/87/result/filesystem/metadata	object	-
/rows/87/result/filesystem/metadata/check	object	-
/rows/87/result/filesystem/metadata/check/bytes	integer	2095104
/rows/87/result/filesystem/metadata/check/files	integer	2048
/rows/87/result/filesystem/metadata/python	string	3.14.7
/rows/87/result/filesystem/metadata/worker_ms	float	20.00837
/rows/87/result/filesystem/metadata/workload	string	metadata
/rows/87/result/filesystem/npm	object	-
/rows/87/result/filesystem/npm/check	object	-
/rows/87/result/filesystem/npm/check/local_packages	integer	32
/rows/87/result/filesystem/npm/python	string	3.14.7
/rows/87/result/filesystem/npm/worker_ms	float	181.404282
/rows/87/result/filesystem/npm/workload	string	npm
/rows/87/result/filesystem/read	object	-
/rows/87/result/filesystem/read/check	object	-
/rows/87/result/filesystem/read/check/bytes	integer	67108864
/rows/87/result/filesystem/read/check/sha256	string	42ef3a50fe506ced865473b082c8b28f6ce254e6e2b01266b6a563531a6267bc
/rows/87/result/filesystem/read/python	string	3.14.7
/rows/87/result/filesystem/read/worker_ms	float	38.920405
/rows/87/result/filesystem/read/workload	string	read
/rows/87/result/filesystem/rg	object	-
/rows/87/result/filesystem/rg/check	object	-
/rows/87/result/filesystem/rg/check/matches	integer	2048
/rows/87/result/filesystem/rg/python	string	3.14.7
/rows/87/result/filesystem/rg/worker_ms	float	28.034609
/rows/87/result/filesystem/rg/workload	string	rg
/rows/87/result/filesystem/write	object	-
/rows/87/result/filesystem/write/check	object	-
/rows/87/result/filesystem/write/check/bytes	integer	16777216
/rows/87/result/filesystem/write/check/files	integer	256
/rows/87/result/filesystem/write/python	string	3.14.7
/rows/87/result/filesystem/write/worker_ms	float	12.99401
/rows/87/result/filesystem/write/workload	string	write
/rows/87/result/mode	string	filesystem
/rows/87/result/worker_ms	float	519.19535
/rows/87/result_ms	float	572.865711
/rows/87/trial	integer	21
/rows/88	object	-
/rows/88/backend	string	pvisor-fuse
/rows/88/completion_ms	float	606.970518
/rows/88/correctness	string	passed
/rows/88/fuse_requests	object	-
/rows/88/fuse_requests/getattr	integer	477
/rows/88/fuse_requests/lookup	integer	3061
/rows/88/fuse_requests/read	integer	4758
/rows/88/fuse_requests/read_bytes	integer	72389686
/rows/88/fuse_requests/readdir	integer	542
/rows/88/fuse_requests/readdirplus	integer	0
/rows/88/fuse_requests/write	integer	292
/rows/88/fuse_requests/write_bytes	integer	17485492
/rows/88/logs	string	/home/reiase/workspace/pvisor/target/filesystem-fuse-ab-20261005/release/trials/filesystem-pvisor-fuse-022
/rows/88/memory_scope	string	owned launcher tree; Docker daemon/container RSS excluded
/rows/88/mode	string	filesystem
/rows/88/peak_tree_rss_kib	integer	156940
/rows/88/prepare_ms	float	39.135536
/rows/88/ready_ms	float	55.592999
/rows/88/result	object	-
/rows/88/result/correctness	string	passed
/rows/88/result/filesystem	object	-
/rows/88/result/filesystem/cargo	object	-
/rows/88/result/filesystem/cargo/check	object	-
/rows/88/result/filesystem/cargo/check/modules	integer	64
/rows/88/result/filesystem/cargo/check/result	string	2016
/rows/88/result/filesystem/cargo/python	string	3.14.7
/rows/88/result/filesystem/cargo/worker_ms	float	72.942608
/rows/88/result/filesystem/cargo/workload	string	cargo
/rows/88/result/filesystem/git	object	-
/rows/88/result/filesystem/git/check	object	-
/rows/88/result/filesystem/git/check/git_clean	boolean	true
/rows/88/result/filesystem/git/python	string	3.14.7
/rows/88/result/filesystem/git/worker_ms	float	41.897811
/rows/88/result/filesystem/git/workload	string	git
/rows/88/result/filesystem/metadata	object	-
/rows/88/result/filesystem/metadata/check	object	-
/rows/88/result/filesystem/metadata/check/bytes	integer	2095104
/rows/88/result/filesystem/metadata/check/files	integer	2048
/rows/88/result/filesystem/metadata/python	string	3.14.7
/rows/88/result/filesystem/metadata/worker_ms	float	21.433229
/rows/88/result/filesystem/metadata/workload	string	metadata
/rows/88/result/filesystem/npm	object	-
/rows/88/result/filesystem/npm/check	object	-
/rows/88/result/filesystem/npm/check/local_packages	integer	32
/rows/88/result/filesystem/npm/python	string	3.14.7
/rows/88/result/filesystem/npm/worker_ms	float	182.149223
/rows/88/result/filesystem/npm/workload	string	npm
/rows/88/result/filesystem/read	object	-
/rows/88/result/filesystem/read/check	object	-
/rows/88/result/filesystem/read/check/bytes	integer	67108864
/rows/88/result/filesystem/read/check/sha256	string	42ef3a50fe506ced865473b082c8b28f6ce254e6e2b01266b6a563531a6267bc
/rows/88/result/filesystem/read/python	string	3.14.7
/rows/88/result/filesystem/read/worker_ms	float	41.169552
/rows/88/result/filesystem/read/workload	string	read
/rows/88/result/filesystem/rg	object	-
/rows/88/result/filesystem/rg/check	object	-
/rows/88/result/filesystem/rg/check/matches	integer	2048
/rows/88/result/filesystem/rg/python	string	3.14.7
/rows/88/result/filesystem/rg/worker_ms	float	29.02661
/rows/88/result/filesystem/rg/workload	string	rg
/rows/88/result/filesystem/write	object	-
/rows/88/result/filesystem/write/check	object	-
/rows/88/result/filesystem/write/check/bytes	integer	16777216
/rows/88/result/filesystem/write/check/files	integer	256
/rows/88/result/filesystem/write/python	string	3.14.7
/rows/88/result/filesystem/write/worker_ms	float	12.27069
/rows/88/result/filesystem/write/workload	string	write
/rows/88/result/mode	string	filesystem
/rows/88/result/worker_ms	float	522.956148
/rows/88/result_ms	float	578.584282
/rows/88/trial	integer	22
/rows/89	object	-
/rows/89/backend	string	pvisor-staged
/rows/89/completion_ms	float	1311.269884
/rows/89/correctness	string	passed
/rows/89/logs	string	/home/reiase/workspace/pvisor/target/filesystem-fuse-ab-20261005/release/trials/filesystem-pvisor-staged-022
/rows/89/memory_scope	string	owned launcher tree; Docker daemon/container RSS excluded
/rows/89/mode	string	filesystem
/rows/89/peak_tree_rss_kib	integer	181436
/rows/89/prepare_ms	float	36.843378
/rows/89/ready_ms	float	64.80957
/rows/89/result	object	-
/rows/89/result/correctness	string	passed
/rows/89/result/filesystem	object	-
/rows/89/result/filesystem/cargo	object	-
/rows/89/result/filesystem/cargo/check	object	-
/rows/89/result/filesystem/cargo/check/modules	integer	64
/rows/89/result/filesystem/cargo/check/result	string	2016
/rows/89/result/filesystem/cargo/python	string	3.14.7
/rows/89/result/filesystem/cargo/worker_ms	float	116.471904
/rows/89/result/filesystem/cargo/workload	string	cargo
/rows/89/result/filesystem/git	object	-
/rows/89/result/filesystem/git/check	object	-
/rows/89/result/filesystem/git/check/git_clean	boolean	true
/rows/89/result/filesystem/git/python	string	3.14.7
/rows/89/result/filesystem/git/worker_ms	float	177.968961
/rows/89/result/filesystem/git/workload	string	git
/rows/89/result/filesystem/metadata	object	-
/rows/89/result/filesystem/metadata/check	object	-
/rows/89/result/filesystem/metadata/check/bytes	integer	2095104
/rows/89/result/filesystem/metadata/check/files	integer	2048
/rows/89/result/filesystem/metadata/python	string	3.14.7
/rows/89/result/filesystem/metadata/worker_ms	float	77.817856
/rows/89/result/filesystem/metadata/workload	string	metadata
/rows/89/result/filesystem/npm	object	-
/rows/89/result/filesystem/npm/check	object	-
/rows/89/result/filesystem/npm/check/local_packages	integer	32
/rows/89/result/filesystem/npm/python	string	3.14.7
/rows/89/result/filesystem/npm/worker_ms	float	263.847129
/rows/89/result/filesystem/npm/workload	string	npm
/rows/89/result/filesystem/read	object	-
/rows/89/result/filesystem/read/check	object	-
/rows/89/result/filesystem/read/check/bytes	integer	67108864
/rows/89/result/filesystem/read/check/sha256	string	42ef3a50fe506ced865473b082c8b28f6ce254e6e2b01266b6a563531a6267bc
/rows/89/result/filesystem/read/python	string	3.14.7
/rows/89/result/filesystem/read/worker_ms	float	69.148568
/rows/89/result/filesystem/read/workload	string	read
/rows/89/result/filesystem/rg	object	-
/rows/89/result/filesystem/rg/check	object	-
/rows/89/result/filesystem/rg/check/matches	integer	2048
/rows/89/result/filesystem/rg/python	string	3.14.7
/rows/89/result/filesystem/rg/worker_ms	float	88.589708
/rows/89/result/filesystem/rg/workload	string	rg
/rows/89/result/filesystem/write	object	-
/rows/89/result/filesystem/write/check	object	-
/rows/89/result/filesystem/write/check/bytes	integer	16777216
/rows/89/result/filesystem/write/check/files	integer	256
/rows/89/result/filesystem/write/python	string	3.14.7
/rows/89/result/filesystem/write/worker_ms	float	206.912597
/rows/89/result/filesystem/write/workload	string	write
/rows/89/result/mode	string	filesystem
/rows/89/result/worker_ms	float	1127.190609
/rows/89/result_ms	float	1192.068106
/rows/89/trial	integer	22
/rows/90	object	-
/rows/90/backend	string	pvisor-host
/rows/90/completion_ms	float	482.146166
/rows/90/correctness	string	passed
/rows/90/logs	string	/home/reiase/workspace/pvisor/target/filesystem-fuse-ab-20261005/release/trials/filesystem-pvisor-host-022
/rows/90/memory_scope	string	owned launcher tree; Docker daemon/container RSS excluded
/rows/90/mode	string	filesystem
/rows/90/peak_tree_rss_kib	integer	160196
/rows/90/prepare_ms	float	39.371797
/rows/90/ready_ms	float	52.2068
/rows/90/result	object	-
/rows/90/result/correctness	string	passed
/rows/90/result/filesystem	object	-
/rows/90/result/filesystem/cargo	object	-
/rows/90/result/filesystem/cargo/check	object	-
/rows/90/result/filesystem/cargo/check/modules	integer	64
/rows/90/result/filesystem/cargo/check/result	string	2016
/rows/90/result/filesystem/cargo/python	string	3.14.7
/rows/90/result/filesystem/cargo/worker_ms	float	54.450507
/rows/90/result/filesystem/cargo/workload	string	cargo
/rows/90/result/filesystem/git	object	-
/rows/90/result/filesystem/git/check	object	-
/rows/90/result/filesystem/git/check/git_clean	boolean	true
/rows/90/result/filesystem/git/python	string	3.14.7
/rows/90/result/filesystem/git/worker_ms	float	14.890228
/rows/90/result/filesystem/git/workload	string	git
/rows/90/result/filesystem/metadata	object	-
/rows/90/result/filesystem/metadata/check	object	-
/rows/90/result/filesystem/metadata/check/bytes	integer	2095104
/rows/90/result/filesystem/metadata/check/files	integer	2048
/rows/90/result/filesystem/metadata/python	string	3.14.7
/rows/90/result/filesystem/metadata/worker_ms	float	5.084359
/rows/90/result/filesystem/metadata/workload	string	metadata
/rows/90/result/filesystem/npm	object	-
/rows/90/result/filesystem/npm/check	object	-
/rows/90/result/filesystem/npm/check/local_packages	integer	32
/rows/90/result/filesystem/npm/python	string	3.14.7
/rows/90/result/filesystem/npm/worker_ms	float	175.430103
/rows/90/result/filesystem/npm/workload	string	npm
/rows/90/result/filesystem/read	object	-
/rows/90/result/filesystem/read/check	object	-
/rows/90/result/filesystem/read/check/bytes	integer	67108864
/rows/90/result/filesystem/read/check/sha256	string	42ef3a50fe506ced865473b082c8b28f6ce254e6e2b01266b6a563531a6267bc
/rows/90/result/filesystem/read/python	string	3.14.7
/rows/90/result/filesystem/read/worker_ms	float	32.15552
/rows/90/result/filesystem/read/workload	string	read
/rows/90/result/filesystem/rg	object	-
/rows/90/result/filesystem/rg/check	object	-
/rows/90/result/filesystem/rg/check/matches	integer	2048
/rows/90/result/filesystem/rg/python	string	3.14.7
/rows/90/result/filesystem/rg/worker_ms	float	7.016304
/rows/90/result/filesystem/rg/workload	string	rg
/rows/90/result/filesystem/write	object	-
/rows/90/result/filesystem/write/check	object	-
/rows/90/result/filesystem/write/check/bytes	integer	16777216
/rows/90/result/filesystem/write/check/files	integer	256
/rows/90/result/filesystem/write/python	string	3.14.7
/rows/90/result/filesystem/write/worker_ms	float	4.035071
/rows/90/result/filesystem/write/workload	string	write
/rows/90/result/mode	string	filesystem
/rows/90/result/worker_ms	float	414.031599
/rows/90/result_ms	float	466.338666
/rows/90/trial	integer	22
/rows/91	object	-
/rows/91/backend	string	native
/rows/91/completion_ms	float	462.336397
/rows/91/correctness	string	passed
/rows/91/logs	string	/home/reiase/workspace/pvisor/target/filesystem-fuse-ab-20261005/release/trials/filesystem-native-022
/rows/91/memory_scope	string	owned launcher tree; Docker daemon/container RSS excluded
/rows/91/mode	string	filesystem
/rows/91/peak_tree_rss_kib	integer	141572
/rows/91/prepare_ms	float	39.297518
/rows/91/ready_ms	float	40.138668
/rows/91/result	object	-
/rows/91/result/correctness	string	passed
/rows/91/result/filesystem	object	-
/rows/91/result/filesystem/cargo	object	-
/rows/91/result/filesystem/cargo/check	object	-
/rows/91/result/filesystem/cargo/check/modules	integer	64
/rows/91/result/filesystem/cargo/check/result	string	2016
/rows/91/result/filesystem/cargo/python	string	3.14.7
/rows/91/result/filesystem/cargo/worker_ms	float	53.636127
/rows/91/result/filesystem/cargo/workload	string	cargo
/rows/91/result/filesystem/git	object	-
/rows/91/result/filesystem/git/check	object	-
/rows/91/result/filesystem/git/check/git_clean	boolean	true
/rows/91/result/filesystem/git/python	string	3.14.7
/rows/91/result/filesystem/git/worker_ms	float	14.757261
/rows/91/result/filesystem/git/workload	string	git
/rows/91/result/filesystem/metadata	object	-
/rows/91/result/filesystem/metadata/check	object	-
/rows/91/result/filesystem/metadata/check/bytes	integer	2095104
/rows/91/result/filesystem/metadata/check/files	integer	2048
/rows/91/result/filesystem/metadata/python	string	3.14.7
/rows/91/result/filesystem/metadata/worker_ms	float	4.51711
/rows/91/result/filesystem/metadata/workload	string	metadata
/rows/91/result/filesystem/npm	object	-
/rows/91/result/filesystem/npm/check	object	-
/rows/91/result/filesystem/npm/check/local_packages	integer	32
/rows/91/result/filesystem/npm/python	string	3.14.7
/rows/91/result/filesystem/npm/worker_ms	float	175.183894
/rows/91/result/filesystem/npm/workload	string	npm
/rows/91/result/filesystem/read	object	-
/rows/91/result/filesystem/read/check	object	-
/rows/91/result/filesystem/read/check/bytes	integer	67108864
/rows/91/result/filesystem/read/check/sha256	string	42ef3a50fe506ced865473b082c8b28f6ce254e6e2b01266b6a563531a6267bc
/rows/91/result/filesystem/read/python	string	3.14.7
/rows/91/result/filesystem/read/worker_ms	float	33.719748
/rows/91/result/filesystem/read/workload	string	read
/rows/91/result/filesystem/rg	object	-
/rows/91/result/filesystem/rg/check	object	-
/rows/91/result/filesystem/rg/check/matches	integer	2048
/rows/91/result/filesystem/rg/python	string	3.14.7
/rows/91/result/filesystem/rg/worker_ms	float	8.812386
/rows/91/result/filesystem/rg/workload	string	rg
/rows/91/result/filesystem/write	object	-
/rows/91/result/filesystem/write/check	object	-
/rows/91/result/filesystem/write/check/bytes	integer	16777216
/rows/91/result/filesystem/write/check/files	integer	256
/rows/91/result/filesystem/write/python	string	3.14.7
/rows/91/result/filesystem/write/worker_ms	float	4.443873
/rows/91/result/filesystem/write/workload	string	write
/rows/91/result/mode	string	filesystem
/rows/91/result/worker_ms	float	414.270375
/rows/91/result_ms	float	454.461871
/rows/91/trial	integer	22
/rows/92	object	-
/rows/92/backend	string	pvisor-host
/rows/92/completion_ms	float	498.652071
/rows/92/correctness	string	passed
/rows/92/logs	string	/home/reiase/workspace/pvisor/target/filesystem-fuse-ab-20261005/release/trials/filesystem-pvisor-host-023
/rows/92/memory_scope	string	owned launcher tree; Docker daemon/container RSS excluded
/rows/92/mode	string	filesystem
/rows/92/peak_tree_rss_kib	integer	160204
/rows/92/prepare_ms	float	36.547897
/rows/92/ready_ms	float	52.81732
/rows/92/result	object	-
/rows/92/result/correctness	string	passed
/rows/92/result/filesystem	object	-
/rows/92/result/filesystem/cargo	object	-
/rows/92/result/filesystem/cargo/check	object	-
/rows/92/result/filesystem/cargo/check/modules	integer	64
/rows/92/result/filesystem/cargo/check/result	string	2016
/rows/92/result/filesystem/cargo/python	string	3.14.7
/rows/92/result/filesystem/cargo/worker_ms	float	58.15436
/rows/92/result/filesystem/cargo/workload	string	cargo
/rows/92/result/filesystem/git	object	-
/rows/92/result/filesystem/git/check	object	-
/rows/92/result/filesystem/git/check/git_clean	boolean	true
/rows/92/result/filesystem/git/python	string	3.14.7
/rows/92/result/filesystem/git/worker_ms	float	13.183723
/rows/92/result/filesystem/git/workload	string	git
/rows/92/result/filesystem/metadata	object	-
/rows/92/result/filesystem/metadata/check	object	-
/rows/92/result/filesystem/metadata/check/bytes	integer	2095104
/rows/92/result/filesystem/metadata/check/files	integer	2048
/rows/92/result/filesystem/metadata/python	string	3.14.7
/rows/92/result/filesystem/metadata/worker_ms	float	5.029827
/rows/92/result/filesystem/metadata/workload	string	metadata
/rows/92/result/filesystem/npm	object	-
/rows/92/result/filesystem/npm/check	object	-
/rows/92/result/filesystem/npm/check/local_packages	integer	32
/rows/92/result/filesystem/npm/python	string	3.14.7
/rows/92/result/filesystem/npm/worker_ms	float	178.338481
/rows/92/result/filesystem/npm/workload	string	npm
/rows/92/result/filesystem/read	object	-
/rows/92/result/filesystem/read/check	object	-
/rows/92/result/filesystem/read/check/bytes	integer	67108864
/rows/92/result/filesystem/read/check/sha256	string	42ef3a50fe506ced865473b082c8b28f6ce254e6e2b01266b6a563531a6267bc
/rows/92/result/filesystem/read/python	string	3.14.7
/rows/92/result/filesystem/read/worker_ms	float	33.189239
/rows/92/result/filesystem/read/workload	string	read
/rows/92/result/filesystem/rg	object	-
/rows/92/result/filesystem/rg/check	object	-
/rows/92/result/filesystem/rg/check/matches	integer	2048
/rows/92/result/filesystem/rg/python	string	3.14.7
/rows/92/result/filesystem/rg/worker_ms	float	7.870599
/rows/92/result/filesystem/rg/workload	string	rg
/rows/92/result/filesystem/write	object	-
/rows/92/result/filesystem/write/check	object	-
/rows/92/result/filesystem/write/check/bytes	integer	16777216
/rows/92/result/filesystem/write/check/files	integer	256
/rows/92/result/filesystem/write/python	string	3.14.7
/rows/92/result/filesystem/write/worker_ms	float	5.394337
/rows/92/result/filesystem/write/workload	string	write
/rows/92/result/mode	string	filesystem
/rows/92/result/worker_ms	float	422.429151
/rows/92/result_ms	float	475.306663
/rows/92/trial	integer	23
/rows/93	object	-
/rows/93/backend	string	pvisor-staged
/rows/93/completion_ms	float	1332.361505
/rows/93/correctness	string	passed
/rows/93/logs	string	/home/reiase/workspace/pvisor/target/filesystem-fuse-ab-20261005/release/trials/filesystem-pvisor-staged-023
/rows/93/memory_scope	string	owned launcher tree; Docker daemon/container RSS excluded
/rows/93/mode	string	filesystem
/rows/93/peak_tree_rss_kib	integer	178164
/rows/93/prepare_ms	float	41.496823
/rows/93/ready_ms	float	63.57229
/rows/93/result	object	-
/rows/93/result/correctness	string	passed
/rows/93/result/filesystem	object	-
/rows/93/result/filesystem/cargo	object	-
/rows/93/result/filesystem/cargo/check	object	-
/rows/93/result/filesystem/cargo/check/modules	integer	64
/rows/93/result/filesystem/cargo/check/result	string	2016
/rows/93/result/filesystem/cargo/python	string	3.14.7
/rows/93/result/filesystem/cargo/worker_ms	float	112.83209
/rows/93/result/filesystem/cargo/workload	string	cargo
/rows/93/result/filesystem/git	object	-
/rows/93/result/filesystem/git/check	object	-
/rows/93/result/filesystem/git/check/git_clean	boolean	true
/rows/93/result/filesystem/git/python	string	3.14.7
/rows/93/result/filesystem/git/worker_ms	float	178.525279
/rows/93/result/filesystem/git/workload	string	git
/rows/93/result/filesystem/metadata	object	-
/rows/93/result/filesystem/metadata/check	object	-
/rows/93/result/filesystem/metadata/check/bytes	integer	2095104
/rows/93/result/filesystem/metadata/check/files	integer	2048
/rows/93/result/filesystem/metadata/python	string	3.14.7
/rows/93/result/filesystem/metadata/worker_ms	float	78.124298
/rows/93/result/filesystem/metadata/workload	string	metadata
/rows/93/result/filesystem/npm	object	-
/rows/93/result/filesystem/npm/check	object	-
/rows/93/result/filesystem/npm/check/local_packages	integer	32
/rows/93/result/filesystem/npm/python	string	3.14.7
/rows/93/result/filesystem/npm/worker_ms	float	267.758229
/rows/93/result/filesystem/npm/workload	string	npm
/rows/93/result/filesystem/read	object	-
/rows/93/result/filesystem/read/check	object	-
/rows/93/result/filesystem/read/check/bytes	integer	67108864
/rows/93/result/filesystem/read/check/sha256	string	42ef3a50fe506ced865473b082c8b28f6ce254e6e2b01266b6a563531a6267bc
/rows/93/result/filesystem/read/python	string	3.14.7
/rows/93/result/filesystem/read/worker_ms	float	67.497176
/rows/93/result/filesystem/read/workload	string	read
/rows/93/result/filesystem/rg	object	-
/rows/93/result/filesystem/rg/check	object	-
/rows/93/result/filesystem/rg/check/matches	integer	2048
/rows/93/result/filesystem/rg/python	string	3.14.7
/rows/93/result/filesystem/rg/worker_ms	float	92.413925
/rows/93/result/filesystem/rg/workload	string	rg
/rows/93/result/filesystem/write	object	-
/rows/93/result/filesystem/write/check	object	-
/rows/93/result/filesystem/write/check/bytes	integer	16777216
/rows/93/result/filesystem/write/check/files	integer	256
/rows/93/result/filesystem/write/python	string	3.14.7
/rows/93/result/filesystem/write/worker_ms	float	212.938913
/rows/93/result/filesystem/write/workload	string	write
/rows/93/result/mode	string	filesystem
/rows/93/result/worker_ms	float	1139.436913
/rows/93/result_ms	float	1203.080176
/rows/93/trial	integer	23
/rows/94	object	-
/rows/94/backend	string	native
/rows/94/completion_ms	float	470.97003
/rows/94/correctness	string	passed
/rows/94/logs	string	/home/reiase/workspace/pvisor/target/filesystem-fuse-ab-20261005/release/trials/filesystem-native-023
/rows/94/memory_scope	string	owned launcher tree; Docker daemon/container RSS excluded
/rows/94/mode	string	filesystem
/rows/94/peak_tree_rss_kib	integer	138156
/rows/94/prepare_ms	float	37.104385
/rows/94/ready_ms	float	39.125628
/rows/94/result	object	-
/rows/94/result/correctness	string	passed
/rows/94/result/filesystem	object	-
/rows/94/result/filesystem/cargo	object	-
/rows/94/result/filesystem/cargo/check	object	-
/rows/94/result/filesystem/cargo/check/modules	integer	64
/rows/94/result/filesystem/cargo/check/result	string	2016
/rows/94/result/filesystem/cargo/python	string	3.14.7
/rows/94/result/filesystem/cargo/worker_ms	float	56.519679
/rows/94/result/filesystem/cargo/workload	string	cargo
/rows/94/result/filesystem/git	object	-
/rows/94/result/filesystem/git/check	object	-
/rows/94/result/filesystem/git/check/git_clean	boolean	true
/rows/94/result/filesystem/git/python	string	3.14.7
/rows/94/result/filesystem/git/worker_ms	float	15.367409
/rows/94/result/filesystem/git/workload	string	git
/rows/94/result/filesystem/metadata	object	-
/rows/94/result/filesystem/metadata/check	object	-
/rows/94/result/filesystem/metadata/check/bytes	integer	2095104
/rows/94/result/filesystem/metadata/check/files	integer	2048
/rows/94/result/filesystem/metadata/python	string	3.14.7
/rows/94/result/filesystem/metadata/worker_ms	float	5.534389
/rows/94/result/filesystem/metadata/workload	string	metadata
/rows/94/result/filesystem/npm	object	-
/rows/94/result/filesystem/npm/check	object	-
/rows/94/result/filesystem/npm/check/local_packages	integer	32
/rows/94/result/filesystem/npm/python	string	3.14.7
/rows/94/result/filesystem/npm/worker_ms	float	177.968921
/rows/94/result/filesystem/npm/workload	string	npm
/rows/94/result/filesystem/read	object	-
/rows/94/result/filesystem/read/check	object	-
/rows/94/result/filesystem/read/check/bytes	integer	67108864
/rows/94/result/filesystem/read/check/sha256	string	42ef3a50fe506ced865473b082c8b28f6ce254e6e2b01266b6a563531a6267bc
/rows/94/result/filesystem/read/python	string	3.14.7
/rows/94/result/filesystem/read/worker_ms	float	32.539626
/rows/94/result/filesystem/read/workload	string	read
/rows/94/result/filesystem/rg	object	-
/rows/94/result/filesystem/rg/check	object	-
/rows/94/result/filesystem/rg/check/matches	integer	2048
/rows/94/result/filesystem/rg/python	string	3.14.7
/rows/94/result/filesystem/rg/worker_ms	float	9.271453
/rows/94/result/filesystem/rg/workload	string	rg
/rows/94/result/filesystem/write	object	-
/rows/94/result/filesystem/write/check	object	-
/rows/94/result/filesystem/write/check/bytes	integer	16777216
/rows/94/result/filesystem/write/check/files	integer	256
/rows/94/result/filesystem/write/python	string	3.14.7
/rows/94/result/filesystem/write/worker_ms	float	3.909987
/rows/94/result/filesystem/write/workload	string	write
/rows/94/result/mode	string	filesystem
/rows/94/result/worker_ms	float	424.102794
/rows/94/result_ms	float	463.257176
/rows/94/trial	integer	23
/rows/95	object	-
/rows/95/backend	string	pvisor-fuse
/rows/95/completion_ms	float	637.269593
/rows/95/correctness	string	passed
/rows/95/fuse_requests	object	-
/rows/95/fuse_requests/getattr	integer	479
/rows/95/fuse_requests/lookup	integer	3061
/rows/95/fuse_requests/read	integer	4758
/rows/95/fuse_requests/read_bytes	integer	72389686
/rows/95/fuse_requests/readdir	integer	542
/rows/95/fuse_requests/readdirplus	integer	0
/rows/95/fuse_requests/write	integer	292
/rows/95/fuse_requests/write_bytes	integer	17485492
/rows/95/logs	string	/home/reiase/workspace/pvisor/target/filesystem-fuse-ab-20261005/release/trials/filesystem-pvisor-fuse-023
/rows/95/memory_scope	string	owned launcher tree; Docker daemon/container RSS excluded
/rows/95/mode	string	filesystem
/rows/95/peak_tree_rss_kib	integer	164672
/rows/95/prepare_ms	float	39.318808
/rows/95/ready_ms	float	54.254682
/rows/95/result	object	-
/rows/95/result/correctness	string	passed
/rows/95/result/filesystem	object	-
/rows/95/result/filesystem/cargo	object	-
/rows/95/result/filesystem/cargo/check	object	-
/rows/95/result/filesystem/cargo/check/modules	integer	64
/rows/95/result/filesystem/cargo/check/result	string	2016
/rows/95/result/filesystem/cargo/python	string	3.14.7
/rows/95/result/filesystem/cargo/worker_ms	float	78.979164
/rows/95/result/filesystem/cargo/workload	string	cargo
/rows/95/result/filesystem/git	object	-
/rows/95/result/filesystem/git/check	object	-
/rows/95/result/filesystem/git/check/git_clean	boolean	true
/rows/95/result/filesystem/git/python	string	3.14.7
/rows/95/result/filesystem/git/worker_ms	float	41.070988
/rows/95/result/filesystem/git/workload	string	git
/rows/95/result/filesystem/metadata	object	-
/rows/95/result/filesystem/metadata/check	object	-
/rows/95/result/filesystem/metadata/check/bytes	integer	2095104
/rows/95/result/filesystem/metadata/check/files	integer	2048
/rows/95/result/filesystem/metadata/python	string	3.14.7
/rows/95/result/filesystem/metadata/worker_ms	float	21.226473
/rows/95/result/filesystem/metadata/workload	string	metadata
/rows/95/result/filesystem/npm	object	-
/rows/95/result/filesystem/npm/check	object	-
/rows/95/result/filesystem/npm/check/local_packages	integer	32
/rows/95/result/filesystem/npm/python	string	3.14.7
/rows/95/result/filesystem/npm/worker_ms	float	201.721089
/rows/95/result/filesystem/npm/workload	string	npm
/rows/95/result/filesystem/read	object	-
/rows/95/result/filesystem/read/check	object	-
/rows/95/result/filesystem/read/check/bytes	integer	67108864
/rows/95/result/filesystem/read/check/sha256	string	42ef3a50fe506ced865473b082c8b28f6ce254e6e2b01266b6a563531a6267bc
/rows/95/result/filesystem/read/python	string	3.14.7
/rows/95/result/filesystem/read/worker_ms	float	42.451545
/rows/95/result/filesystem/read/workload	string	read
/rows/95/result/filesystem/rg	object	-
/rows/95/result/filesystem/rg/check	object	-
/rows/95/result/filesystem/rg/check/matches	integer	2048
/rows/95/result/filesystem/rg/python	string	3.14.7
/rows/95/result/filesystem/rg/worker_ms	float	29.410747
/rows/95/result/filesystem/rg/workload	string	rg
/rows/95/result/filesystem/write	object	-
/rows/95/result/filesystem/write/check	object	-
/rows/95/result/filesystem/write/check/bytes	integer	16777216
/rows/95/result/filesystem/write/check/files	integer	256
/rows/95/result/filesystem/write/python	string	3.14.7
/rows/95/result/filesystem/write/worker_ms	float	14.149546
/rows/95/result/filesystem/write/workload	string	write
/rows/95/result/mode	string	filesystem
/rows/95/result/worker_ms	float	555.770957
/rows/95/result_ms	float	610.074601
/rows/95/trial	integer	23
/rows/96	object	-
/rows/96/backend	string	pvisor-host
/rows/96/completion_ms	float	480.190617
/rows/96/correctness	string	passed
/rows/96/logs	string	/home/reiase/workspace/pvisor/target/filesystem-fuse-ab-20261005/release/trials/filesystem-pvisor-host-024
/rows/96/memory_scope	string	owned launcher tree; Docker daemon/container RSS excluded
/rows/96/mode	string	filesystem
/rows/96/peak_tree_rss_kib	integer	160428
/rows/96/prepare_ms	float	37.525882
/rows/96/ready_ms	float	50.919528
/rows/96/result	object	-
/rows/96/result/correctness	string	passed
/rows/96/result/filesystem	object	-
/rows/96/result/filesystem/cargo	object	-
/rows/96/result/filesystem/cargo/check	object	-
/rows/96/result/filesystem/cargo/check/modules	integer	64
/rows/96/result/filesystem/cargo/check/result	string	2016
/rows/96/result/filesystem/cargo/python	string	3.14.7
/rows/96/result/filesystem/cargo/worker_ms	float	53.920979
/rows/96/result/filesystem/cargo/workload	string	cargo
/rows/96/result/filesystem/git	object	-
/rows/96/result/filesystem/git/check	object	-
/rows/96/result/filesystem/git/check/git_clean	boolean	true
/rows/96/result/filesystem/git/python	string	3.14.7
/rows/96/result/filesystem/git/worker_ms	float	15.497461
/rows/96/result/filesystem/git/workload	string	git
/rows/96/result/filesystem/metadata	object	-
/rows/96/result/filesystem/metadata/check	object	-
/rows/96/result/filesystem/metadata/check/bytes	integer	2095104
/rows/96/result/filesystem/metadata/check/files	integer	2048
/rows/96/result/filesystem/metadata/python	string	3.14.7
/rows/96/result/filesystem/metadata/worker_ms	float	5.043683
/rows/96/result/filesystem/metadata/workload	string	metadata
/rows/96/result/filesystem/npm	object	-
/rows/96/result/filesystem/npm/check	object	-
/rows/96/result/filesystem/npm/check/local_packages	integer	32
/rows/96/result/filesystem/npm/python	string	3.14.7
/rows/96/result/filesystem/npm/worker_ms	float	175.114965
/rows/96/result/filesystem/npm/workload	string	npm
/rows/96/result/filesystem/read	object	-
/rows/96/result/filesystem/read/check	object	-
/rows/96/result/filesystem/read/check/bytes	integer	67108864
/rows/96/result/filesystem/read/check/sha256	string	42ef3a50fe506ced865473b082c8b28f6ce254e6e2b01266b6a563531a6267bc
/rows/96/result/filesystem/read/python	string	3.14.7
/rows/96/result/filesystem/read/worker_ms	float	31.893029
/rows/96/result/filesystem/read/workload	string	read
/rows/96/result/filesystem/rg	object	-
/rows/96/result/filesystem/rg/check	object	-
/rows/96/result/filesystem/rg/check/matches	integer	2048
/rows/96/result/filesystem/rg/python	string	3.14.7
/rows/96/result/filesystem/rg/worker_ms	float	6.803056
/rows/96/result/filesystem/rg/workload	string	rg
/rows/96/result/filesystem/write	object	-
/rows/96/result/filesystem/write/check	object	-
/rows/96/result/filesystem/write/check/bytes	integer	16777216
/rows/96/result/filesystem/write/check/files	integer	256
/rows/96/result/filesystem/write/python	string	3.14.7
/rows/96/result/filesystem/write/worker_ms	float	3.898265
/rows/96/result/filesystem/write/workload	string	write
/rows/96/result/mode	string	filesystem
/rows/96/result/worker_ms	float	413.383259
/rows/96/result_ms	float	464.37446
/rows/96/trial	integer	24
/rows/97	object	-
/rows/97/backend	string	pvisor-fuse
/rows/97/completion_ms	float	609.36686
/rows/97/correctness	string	passed
/rows/97/fuse_requests	object	-
/rows/97/fuse_requests/getattr	integer	478
/rows/97/fuse_requests/lookup	integer	3061
/rows/97/fuse_requests/read	integer	4758
/rows/97/fuse_requests/read_bytes	integer	72389686
/rows/97/fuse_requests/readdir	integer	542
/rows/97/fuse_requests/readdirplus	integer	0
/rows/97/fuse_requests/write	integer	292
/rows/97/fuse_requests/write_bytes	integer	17485492
/rows/97/logs	string	/home/reiase/workspace/pvisor/target/filesystem-fuse-ab-20261005/release/trials/filesystem-pvisor-fuse-024
/rows/97/memory_scope	string	owned launcher tree; Docker daemon/container RSS excluded
/rows/97/mode	string	filesystem
/rows/97/peak_tree_rss_kib	integer	164812
/rows/97/prepare_ms	float	39.280577
/rows/97/ready_ms	float	62.501282
/rows/97/result	object	-
/rows/97/result/correctness	string	passed
/rows/97/result/filesystem	object	-
/rows/97/result/filesystem/cargo	object	-
/rows/97/result/filesystem/cargo/check	object	-
/rows/97/result/filesystem/cargo/check/modules	integer	64
/rows/97/result/filesystem/cargo/check/result	string	2016
/rows/97/result/filesystem/cargo/python	string	3.14.7
/rows/97/result/filesystem/cargo/worker_ms	float	71.988197
/rows/97/result/filesystem/cargo/workload	string	cargo
/rows/97/result/filesystem/git	object	-
/rows/97/result/filesystem/git/check	object	-
/rows/97/result/filesystem/git/check/git_clean	boolean	true
/rows/97/result/filesystem/git/python	string	3.14.7
/rows/97/result/filesystem/git/worker_ms	float	44.375736
/rows/97/result/filesystem/git/workload	string	git
/rows/97/result/filesystem/metadata	object	-
/rows/97/result/filesystem/metadata/check	object	-
/rows/97/result/filesystem/metadata/check/bytes	integer	2095104
/rows/97/result/filesystem/metadata/check/files	integer	2048
/rows/97/result/filesystem/metadata/python	string	3.14.7
/rows/97/result/filesystem/metadata/worker_ms	float	24.681702
/rows/97/result/filesystem/metadata/workload	string	metadata
/rows/97/result/filesystem/npm	object	-
/rows/97/result/filesystem/npm/check	object	-
/rows/97/result/filesystem/npm/check/local_packages	integer	32
/rows/97/result/filesystem/npm/python	string	3.14.7
/rows/97/result/filesystem/npm/worker_ms	float	177.781181
/rows/97/result/filesystem/npm/workload	string	npm
/rows/97/result/filesystem/read	object	-
/rows/97/result/filesystem/read/check	object	-
/rows/97/result/filesystem/read/check/bytes	integer	67108864
/rows/97/result/filesystem/read/check/sha256	string	42ef3a50fe506ced865473b082c8b28f6ce254e6e2b01266b6a563531a6267bc
/rows/97/result/filesystem/read/python	string	3.14.7
/rows/97/result/filesystem/read/worker_ms	float	41.135588
/rows/97/result/filesystem/read/workload	string	read
/rows/97/result/filesystem/rg	object	-
/rows/97/result/filesystem/rg/check	object	-
/rows/97/result/filesystem/rg/check/matches	integer	2048
/rows/97/result/filesystem/rg/python	string	3.14.7
/rows/97/result/filesystem/rg/worker_ms	float	28.730477
/rows/97/result/filesystem/rg/workload	string	rg
/rows/97/result/filesystem/write	object	-
/rows/97/result/filesystem/write/check	object	-
/rows/97/result/filesystem/write/check/bytes	integer	16777216
/rows/97/result/filesystem/write/check/files	integer	256
/rows/97/result/filesystem/write/python	string	3.14.7
/rows/97/result/filesystem/write/worker_ms	float	11.93835
/rows/97/result/filesystem/write/workload	string	write
/rows/97/result/mode	string	filesystem
/rows/97/result/worker_ms	float	522.970544
/rows/97/result_ms	float	585.551395
/rows/97/trial	integer	24
/rows/98	object	-
/rows/98/backend	string	native
/rows/98/completion_ms	float	470.225891
/rows/98/correctness	string	passed
/rows/98/logs	string	/home/reiase/workspace/pvisor/target/filesystem-fuse-ab-20261005/release/trials/filesystem-native-024
/rows/98/memory_scope	string	owned launcher tree; Docker daemon/container RSS excluded
/rows/98/mode	string	filesystem
/rows/98/peak_tree_rss_kib	integer	139884
/rows/98/prepare_ms	float	38.176726
/rows/98/ready_ms	float	39.541234
/rows/98/result	object	-
/rows/98/result/correctness	string	passed
/rows/98/result/filesystem	object	-
/rows/98/result/filesystem/cargo	object	-
/rows/98/result/filesystem/cargo/check	object	-
/rows/98/result/filesystem/cargo/check/modules	integer	64
/rows/98/result/filesystem/cargo/check/result	string	2016
/rows/98/result/filesystem/cargo/python	string	3.14.7
/rows/98/result/filesystem/cargo/worker_ms	float	54.815689
/rows/98/result/filesystem/cargo/workload	string	cargo
/rows/98/result/filesystem/git	object	-
/rows/98/result/filesystem/git/check	object	-
/rows/98/result/filesystem/git/check/git_clean	boolean	true
/rows/98/result/filesystem/git/python	string	3.14.7
/rows/98/result/filesystem/git/worker_ms	float	14.044791
/rows/98/result/filesystem/git/workload	string	git
/rows/98/result/filesystem/metadata	object	-
/rows/98/result/filesystem/metadata/check	object	-
/rows/98/result/filesystem/metadata/check/bytes	integer	2095104
/rows/98/result/filesystem/metadata/check/files	integer	2048
/rows/98/result/filesystem/metadata/python	string	3.14.7
/rows/98/result/filesystem/metadata/worker_ms	float	4.985815
/rows/98/result/filesystem/metadata/workload	string	metadata
/rows/98/result/filesystem/npm	object	-
/rows/98/result/filesystem/npm/check	object	-
/rows/98/result/filesystem/npm/check/local_packages	integer	32
/rows/98/result/filesystem/npm/python	string	3.14.7
/rows/98/result/filesystem/npm/worker_ms	float	175.978226
/rows/98/result/filesystem/npm/workload	string	npm
/rows/98/result/filesystem/read	object	-
/rows/98/result/filesystem/read/check	object	-
/rows/98/result/filesystem/read/check/bytes	integer	67108864
/rows/98/result/filesystem/read/check/sha256	string	42ef3a50fe506ced865473b082c8b28f6ce254e6e2b01266b6a563531a6267bc
/rows/98/result/filesystem/read/python	string	3.14.7
/rows/98/result/filesystem/read/worker_ms	float	33.696675
/rows/98/result/filesystem/read/workload	string	read
/rows/98/result/filesystem/rg	object	-
/rows/98/result/filesystem/rg/check	object	-
/rows/98/result/filesystem/rg/check/matches	integer	2048
/rows/98/result/filesystem/rg/python	string	3.14.7
/rows/98/result/filesystem/rg/worker_ms	float	9.51148
/rows/98/result/filesystem/rg/workload	string	rg
/rows/98/result/filesystem/write	object	-
/rows/98/result/filesystem/write/check	object	-
/rows/98/result/filesystem/write/check/bytes	integer	16777216
/rows/98/result/filesystem/write/check/files	integer	256
/rows/98/result/filesystem/write/python	string	3.14.7
/rows/98/result/filesystem/write/worker_ms	float	4.071097
/rows/98/result/filesystem/write/workload	string	write
/rows/98/result/mode	string	filesystem
/rows/98/result/worker_ms	float	421.341501
/rows/98/result_ms	float	460.957705
/rows/98/trial	integer	24
/rows/99	object	-
/rows/99/backend	string	pvisor-staged
/rows/99/completion_ms	float	1310.958302
/rows/99/correctness	string	passed
/rows/99/logs	string	/home/reiase/workspace/pvisor/target/filesystem-fuse-ab-20261005/release/trials/filesystem-pvisor-staged-024
/rows/99/memory_scope	string	owned launcher tree; Docker daemon/container RSS excluded
/rows/99/mode	string	filesystem
/rows/99/peak_tree_rss_kib	integer	176764
/rows/99/prepare_ms	float	37.680911
/rows/99/ready_ms	float	61.332311
/rows/99/result	object	-
/rows/99/result/correctness	string	passed
/rows/99/result/filesystem	object	-
/rows/99/result/filesystem/cargo	object	-
/rows/99/result/filesystem/cargo/check	object	-
/rows/99/result/filesystem/cargo/check/modules	integer	64
/rows/99/result/filesystem/cargo/check/result	string	2016
/rows/99/result/filesystem/cargo/python	string	3.14.7
/rows/99/result/filesystem/cargo/worker_ms	float	113.983289
/rows/99/result/filesystem/cargo/workload	string	cargo
/rows/99/result/filesystem/git	object	-
/rows/99/result/filesystem/git/check	object	-
/rows/99/result/filesystem/git/check/git_clean	boolean	true
/rows/99/result/filesystem/git/python	string	3.14.7
/rows/99/result/filesystem/git/worker_ms	float	169.804294
/rows/99/result/filesystem/git/workload	string	git
/rows/99/result/filesystem/metadata	object	-
/rows/99/result/filesystem/metadata/check	object	-
/rows/99/result/filesystem/metadata/check/bytes	integer	2095104
/rows/99/result/filesystem/metadata/check/files	integer	2048
/rows/99/result/filesystem/metadata/python	string	3.14.7
/rows/99/result/filesystem/metadata/worker_ms	float	78.281301
/rows/99/result/filesystem/metadata/workload	string	metadata
/rows/99/result/filesystem/npm	object	-
/rows/99/result/filesystem/npm/check	object	-
/rows/99/result/filesystem/npm/check/local_packages	integer	32
/rows/99/result/filesystem/npm/python	string	3.14.7
/rows/99/result/filesystem/npm/worker_ms	float	266.328791
/rows/99/result/filesystem/npm/workload	string	npm
/rows/99/result/filesystem/read	object	-
/rows/99/result/filesystem/read/check	object	-
/rows/99/result/filesystem/read/check/bytes	integer	67108864
/rows/99/result/filesystem/read/check/sha256	string	42ef3a50fe506ced865473b082c8b28f6ce254e6e2b01266b6a563531a6267bc
/rows/99/result/filesystem/read/python	string	3.14.7
/rows/99/result/filesystem/read/worker_ms	float	69.440663
/rows/99/result/filesystem/read/workload	string	read
/rows/99/result/filesystem/rg	object	-
/rows/99/result/filesystem/rg/check	object	-
/rows/99/result/filesystem/rg/check/matches	integer	2048
/rows/99/result/filesystem/rg/python	string	3.14.7
/rows/99/result/filesystem/rg/worker_ms	float	95.669722
/rows/99/result/filesystem/rg/workload	string	rg
/rows/99/result/filesystem/write	object	-
/rows/99/result/filesystem/write/check	object	-
/rows/99/result/filesystem/write/check/bytes	integer	16777216
/rows/99/result/filesystem/write/check/files	integer	256
/rows/99/result/filesystem/write/python	string	3.14.7
/rows/99/result/filesystem/write/worker_ms	float	202.338541
/rows/99/result/filesystem/write/workload	string	write
/rows/99/result/mode	string	filesystem
/rows/99/result/worker_ms	float	1126.11448
/rows/99/result_ms	float	1187.493258
/rows/99/trial	integer	24
/rows/100	object	-
/rows/100/backend	string	native
/rows/100/completion_ms	float	471.534914
/rows/100/correctness	string	passed
/rows/100/logs	string	/home/reiase/workspace/pvisor/target/filesystem-fuse-ab-20261005/release/trials/filesystem-native-025
/rows/100/memory_scope	string	owned launcher tree; Docker daemon/container RSS excluded
/rows/100/mode	string	filesystem
/rows/100/peak_tree_rss_kib	integer	138176
/rows/100/prepare_ms	float	36.740787
/rows/100/ready_ms	float	38.695755
/rows/100/result	object	-
/rows/100/result/correctness	string	passed
/rows/100/result/filesystem	object	-
/rows/100/result/filesystem/cargo	object	-
/rows/100/result/filesystem/cargo/check	object	-
/rows/100/result/filesystem/cargo/check/modules	integer	64
/rows/100/result/filesystem/cargo/check/result	string	2016
/rows/100/result/filesystem/cargo/python	string	3.14.7
/rows/100/result/filesystem/cargo/worker_ms	float	58.318515
/rows/100/result/filesystem/cargo/workload	string	cargo
/rows/100/result/filesystem/git	object	-
/rows/100/result/filesystem/git/check	object	-
/rows/100/result/filesystem/git/check/git_clean	boolean	true
/rows/100/result/filesystem/git/python	string	3.14.7
/rows/100/result/filesystem/git/worker_ms	float	14.956312
/rows/100/result/filesystem/git/workload	string	git
/rows/100/result/filesystem/metadata	object	-
/rows/100/result/filesystem/metadata/check	object	-
/rows/100/result/filesystem/metadata/check/bytes	integer	2095104
/rows/100/result/filesystem/metadata/check/files	integer	2048
/rows/100/result/filesystem/metadata/python	string	3.14.7
/rows/100/result/filesystem/metadata/worker_ms	float	5.10111
/rows/100/result/filesystem/metadata/workload	string	metadata
/rows/100/result/filesystem/npm	object	-
/rows/100/result/filesystem/npm/check	object	-
/rows/100/result/filesystem/npm/check/local_packages	integer	32
/rows/100/result/filesystem/npm/python	string	3.14.7
/rows/100/result/filesystem/npm/worker_ms	float	177.221716
/rows/100/result/filesystem/npm/workload	string	npm
/rows/100/result/filesystem/read	object	-
/rows/100/result/filesystem/read/check	object	-
/rows/100/result/filesystem/read/check/bytes	integer	67108864
/rows/100/result/filesystem/read/check/sha256	string	42ef3a50fe506ced865473b082c8b28f6ce254e6e2b01266b6a563531a6267bc
/rows/100/result/filesystem/read/python	string	3.14.7
/rows/100/result/filesystem/read/worker_ms	float	32.111136
/rows/100/result/filesystem/read/workload	string	read
/rows/100/result/filesystem/rg	object	-
/rows/100/result/filesystem/rg/check	object	-
/rows/100/result/filesystem/rg/check/matches	integer	2048
/rows/100/result/filesystem/rg/python	string	3.14.7
/rows/100/result/filesystem/rg/worker_ms	float	10.381675
/rows/100/result/filesystem/rg/workload	string	rg
/rows/100/result/filesystem/write	object	-
/rows/100/result/filesystem/write/check	object	-
/rows/100/result/filesystem/write/check/bytes	integer	16777216
/rows/100/result/filesystem/write/check/files	integer	256
/rows/100/result/filesystem/write/python	string	3.14.7
/rows/100/result/filesystem/write/worker_ms	float	4.160114
/rows/100/result/filesystem/write/workload	string	write
/rows/100/result/mode	string	filesystem
/rows/100/result/worker_ms	float	424.646949
/rows/100/result_ms	float	463.406254
/rows/100/trial	integer	25
/rows/101	object	-
/rows/101/backend	string	pvisor-staged
/rows/101/completion_ms	float	1306.818025
/rows/101/correctness	string	passed
/rows/101/logs	string	/home/reiase/workspace/pvisor/target/filesystem-fuse-ab-20261005/release/trials/filesystem-pvisor-staged-025
/rows/101/memory_scope	string	owned launcher tree; Docker daemon/container RSS excluded
/rows/101/mode	string	filesystem
/rows/101/peak_tree_rss_kib	integer	178184
/rows/101/prepare_ms	float	40.003896
/rows/101/ready_ms	float	63.096442
/rows/101/result	object	-
/rows/101/result/correctness	string	passed
/rows/101/result/filesystem	object	-
/rows/101/result/filesystem/cargo	object	-
/rows/101/result/filesystem/cargo/check	object	-
/rows/101/result/filesystem/cargo/check/modules	integer	64
/rows/101/result/filesystem/cargo/check/result	string	2016
/rows/101/result/filesystem/cargo/python	string	3.14.7
/rows/101/result/filesystem/cargo/worker_ms	float	114.799192
/rows/101/result/filesystem/cargo/workload	string	cargo
/rows/101/result/filesystem/git	object	-
/rows/101/result/filesystem/git/check	object	-
/rows/101/result/filesystem/git/check/git_clean	boolean	true
/rows/101/result/filesystem/git/python	string	3.14.7
/rows/101/result/filesystem/git/worker_ms	float	172.18135
/rows/101/result/filesystem/git/workload	string	git
/rows/101/result/filesystem/metadata	object	-
/rows/101/result/filesystem/metadata/check	object	-
/rows/101/result/filesystem/metadata/check/bytes	integer	2095104
/rows/101/result/filesystem/metadata/check/files	integer	2048
/rows/101/result/filesystem/metadata/python	string	3.14.7
/rows/101/result/filesystem/metadata/worker_ms	float	77.814711
/rows/101/result/filesystem/metadata/workload	string	metadata
/rows/101/result/filesystem/npm	object	-
/rows/101/result/filesystem/npm/check	object	-
/rows/101/result/filesystem/npm/check/local_packages	integer	32
/rows/101/result/filesystem/npm/python	string	3.14.7
/rows/101/result/filesystem/npm/worker_ms	float	270.80796
/rows/101/result/filesystem/npm/workload	string	npm
/rows/101/result/filesystem/read	object	-
/rows/101/result/filesystem/read/check	object	-
/rows/101/result/filesystem/read/check/bytes	integer	67108864
/rows/101/result/filesystem/read/check/sha256	string	42ef3a50fe506ced865473b082c8b28f6ce254e6e2b01266b6a563531a6267bc
/rows/101/result/filesystem/read/python	string	3.14.7
/rows/101/result/filesystem/read/worker_ms	float	68.347473
/rows/101/result/filesystem/read/workload	string	read
/rows/101/result/filesystem/rg	object	-
/rows/101/result/filesystem/rg/check	object	-
/rows/101/result/filesystem/rg/check/matches	integer	2048
/rows/101/result/filesystem/rg/python	string	3.14.7
/rows/101/result/filesystem/rg/worker_ms	float	91.06051
/rows/101/result/filesystem/rg/workload	string	rg
/rows/101/result/filesystem/write	object	-
/rows/101/result/filesystem/write/check	object	-
/rows/101/result/filesystem/write/check/bytes	integer	16777216
/rows/101/result/filesystem/write/check/files	integer	256
/rows/101/result/filesystem/write/python	string	3.14.7
/rows/101/result/filesystem/write/worker_ms	float	204.198892
/rows/101/result/filesystem/write/workload	string	write
/rows/101/result/mode	string	filesystem
/rows/101/result/worker_ms	float	1127.847455
/rows/101/result_ms	float	1190.993219
/rows/101/trial	integer	25
/rows/102	object	-
/rows/102/backend	string	pvisor-host
/rows/102/completion_ms	float	497.361923
/rows/102/correctness	string	passed
/rows/102/logs	string	/home/reiase/workspace/pvisor/target/filesystem-fuse-ab-20261005/release/trials/filesystem-pvisor-host-025
/rows/102/memory_scope	string	owned launcher tree; Docker daemon/container RSS excluded
/rows/102/mode	string	filesystem
/rows/102/peak_tree_rss_kib	integer	159328
/rows/102/prepare_ms	float	37.265766
/rows/102/ready_ms	float	51.984485
/rows/102/result	object	-
/rows/102/result/correctness	string	passed
/rows/102/result/filesystem	object	-
/rows/102/result/filesystem/cargo	object	-
/rows/102/result/filesystem/cargo/check	object	-
/rows/102/result/filesystem/cargo/check/modules	integer	64
/rows/102/result/filesystem/cargo/check/result	string	2016
/rows/102/result/filesystem/cargo/python	string	3.14.7
/rows/102/result/filesystem/cargo/worker_ms	float	57.710501
/rows/102/result/filesystem/cargo/workload	string	cargo
/rows/102/result/filesystem/git	object	-
/rows/102/result/filesystem/git/check	object	-
/rows/102/result/filesystem/git/check/git_clean	boolean	true
/rows/102/result/filesystem/git/python	string	3.14.7
/rows/102/result/filesystem/git/worker_ms	float	15.92519
/rows/102/result/filesystem/git/workload	string	git
/rows/102/result/filesystem/metadata	object	-
/rows/102/result/filesystem/metadata/check	object	-
/rows/102/result/filesystem/metadata/check/bytes	integer	2095104
/rows/102/result/filesystem/metadata/check/files	integer	2048
/rows/102/result/filesystem/metadata/python	string	3.14.7
/rows/102/result/filesystem/metadata/worker_ms	float	4.738694
/rows/102/result/filesystem/metadata/workload	string	metadata
/rows/102/result/filesystem/npm	object	-
/rows/102/result/filesystem/npm/check	object	-
/rows/102/result/filesystem/npm/check/local_packages	integer	32
/rows/102/result/filesystem/npm/python	string	3.14.7
/rows/102/result/filesystem/npm/worker_ms	float	182.929729
/rows/102/result/filesystem/npm/workload	string	npm
/rows/102/result/filesystem/read	object	-
/rows/102/result/filesystem/read/check	object	-
/rows/102/result/filesystem/read/check/bytes	integer	67108864
/rows/102/result/filesystem/read/check/sha256	string	42ef3a50fe506ced865473b082c8b28f6ce254e6e2b01266b6a563531a6267bc
/rows/102/result/filesystem/read/python	string	3.14.7
/rows/102/result/filesystem/read/worker_ms	float	32.521893
/rows/102/result/filesystem/read/workload	string	read
/rows/102/result/filesystem/rg	object	-
/rows/102/result/filesystem/rg/check	object	-
/rows/102/result/filesystem/rg/check/matches	integer	2048
/rows/102/result/filesystem/rg/python	string	3.14.7
/rows/102/result/filesystem/rg/worker_ms	float	10.228088
/rows/102/result/filesystem/rg/workload	string	rg
/rows/102/result/filesystem/write	object	-
/rows/102/result/filesystem/write/check	object	-
/rows/102/result/filesystem/write/check/bytes	integer	16777216
/rows/102/result/filesystem/write/check/files	integer	256
/rows/102/result/filesystem/write/python	string	3.14.7
/rows/102/result/filesystem/write/worker_ms	float	4.474741
/rows/102/result/filesystem/write/workload	string	write
/rows/102/result/mode	string	filesystem
/rows/102/result/worker_ms	float	427.484996
/rows/102/result_ms	float	479.538741
/rows/102/trial	integer	25
/rows/103	object	-
/rows/103/backend	string	pvisor-fuse
/rows/103/completion_ms	float	600.565705
/rows/103/correctness	string	passed
/rows/103/fuse_requests	object	-
/rows/103/fuse_requests/getattr	integer	477
/rows/103/fuse_requests/lookup	integer	3061
/rows/103/fuse_requests/read	integer	4758
/rows/103/fuse_requests/read_bytes	integer	72389686
/rows/103/fuse_requests/readdir	integer	542
/rows/103/fuse_requests/readdirplus	integer	0
/rows/103/fuse_requests/write	integer	292
/rows/103/fuse_requests/write_bytes	integer	17485492
/rows/103/logs	string	/home/reiase/workspace/pvisor/target/filesystem-fuse-ab-20261005/release/trials/filesystem-pvisor-fuse-025
/rows/103/memory_scope	string	owned launcher tree; Docker daemon/container RSS excluded
/rows/103/mode	string	filesystem
/rows/103/peak_tree_rss_kib	integer	155964
/rows/103/prepare_ms	float	38.369767
/rows/103/ready_ms	float	53.158957
/rows/103/result	object	-
/rows/103/result/correctness	string	passed
/rows/103/result/filesystem	object	-
/rows/103/result/filesystem/cargo	object	-
/rows/103/result/filesystem/cargo/check	object	-
/rows/103/result/filesystem/cargo/check/modules	integer	64
/rows/103/result/filesystem/cargo/check/result	string	2016
/rows/103/result/filesystem/cargo/python	string	3.14.7
/rows/103/result/filesystem/cargo/worker_ms	float	76.043715
/rows/103/result/filesystem/cargo/workload	string	cargo
/rows/103/result/filesystem/git	object	-
/rows/103/result/filesystem/git/check	object	-
/rows/103/result/filesystem/git/check/git_clean	boolean	true
/rows/103/result/filesystem/git/python	string	3.14.7
/rows/103/result/filesystem/git/worker_ms	float	37.193652
/rows/103/result/filesystem/git/workload	string	git
/rows/103/result/filesystem/metadata	object	-
/rows/103/result/filesystem/metadata/check	object	-
/rows/103/result/filesystem/metadata/check/bytes	integer	2095104
/rows/103/result/filesystem/metadata/check/files	integer	2048
/rows/103/result/filesystem/metadata/python	string	3.14.7
/rows/103/result/filesystem/metadata/worker_ms	float	23.440366
/rows/103/result/filesystem/metadata/workload	string	metadata
/rows/103/result/filesystem/npm	object	-
/rows/103/result/filesystem/npm/check	object	-
/rows/103/result/filesystem/npm/check/local_packages	integer	32
/rows/103/result/filesystem/npm/python	string	3.14.7
/rows/103/result/filesystem/npm/worker_ms	float	179.46912
/rows/103/result/filesystem/npm/workload	string	npm
/rows/103/result/filesystem/read	object	-
/rows/103/result/filesystem/read/check	object	-
/rows/103/result/filesystem/read/check/bytes	integer	67108864
/rows/103/result/filesystem/read/check/sha256	string	42ef3a50fe506ced865473b082c8b28f6ce254e6e2b01266b6a563531a6267bc
/rows/103/result/filesystem/read/python	string	3.14.7
/rows/103/result/filesystem/read/worker_ms	float	39.227027
/rows/103/result/filesystem/read/workload	string	read
/rows/103/result/filesystem/rg	object	-
/rows/103/result/filesystem/rg/check	object	-
/rows/103/result/filesystem/rg/check/matches	integer	2048
/rows/103/result/filesystem/rg/python	string	3.14.7
/rows/103/result/filesystem/rg/worker_ms	float	28.165483
/rows/103/result/filesystem/rg/workload	string	rg
/rows/103/result/filesystem/write	object	-
/rows/103/result/filesystem/write/check	object	-
/rows/103/result/filesystem/write/check/bytes	integer	16777216
/rows/103/result/filesystem/write/check/files	integer	256
/rows/103/result/filesystem/write/python	string	3.14.7
/rows/103/result/filesystem/write/worker_ms	float	12.495039
/rows/103/result/filesystem/write/workload	string	write
/rows/103/result/mode	string	filesystem
/rows/103/result/worker_ms	float	520.119263
/rows/103/result_ms	float	573.306773
/rows/103/trial	integer	25
/rows/104	object	-
/rows/104/backend	string	pvisor-host
/rows/104/completion_ms	float	488.997303
/rows/104/correctness	string	passed
/rows/104/logs	string	/home/reiase/workspace/pvisor/target/filesystem-fuse-ab-20261005/release/trials/filesystem-pvisor-host-026
/rows/104/memory_scope	string	owned launcher tree; Docker daemon/container RSS excluded
/rows/104/mode	string	filesystem
/rows/104/peak_tree_rss_kib	integer	160688
/rows/104/prepare_ms	float	37.526764
/rows/104/ready_ms	float	49.91347
/rows/104/result	object	-
/rows/104/result/correctness	string	passed
/rows/104/result/filesystem	object	-
/rows/104/result/filesystem/cargo	object	-
/rows/104/result/filesystem/cargo/check	object	-
/rows/104/result/filesystem/cargo/check/modules	integer	64
/rows/104/result/filesystem/cargo/check/result	string	2016
/rows/104/result/filesystem/cargo/python	string	3.14.7
/rows/104/result/filesystem/cargo/worker_ms	float	58.243806
/rows/104/result/filesystem/cargo/workload	string	cargo
/rows/104/result/filesystem/git	object	-
/rows/104/result/filesystem/git/check	object	-
/rows/104/result/filesystem/git/check/git_clean	boolean	true
/rows/104/result/filesystem/git/python	string	3.14.7
/rows/104/result/filesystem/git/worker_ms	float	15.570478
/rows/104/result/filesystem/git/workload	string	git
/rows/104/result/filesystem/metadata	object	-
/rows/104/result/filesystem/metadata/check	object	-
/rows/104/result/filesystem/metadata/check/bytes	integer	2095104
/rows/104/result/filesystem/metadata/check/files	integer	2048
/rows/104/result/filesystem/metadata/python	string	3.14.7
/rows/104/result/filesystem/metadata/worker_ms	float	5.059352
/rows/104/result/filesystem/metadata/workload	string	metadata
/rows/104/result/filesystem/npm	object	-
/rows/104/result/filesystem/npm/check	object	-
/rows/104/result/filesystem/npm/check/local_packages	integer	32
/rows/104/result/filesystem/npm/python	string	3.14.7
/rows/104/result/filesystem/npm/worker_ms	float	176.972532
/rows/104/result/filesystem/npm/workload	string	npm
/rows/104/result/filesystem/read	object	-
/rows/104/result/filesystem/read/check	object	-
/rows/104/result/filesystem/read/check/bytes	integer	67108864
/rows/104/result/filesystem/read/check/sha256	string	42ef3a50fe506ced865473b082c8b28f6ce254e6e2b01266b6a563531a6267bc
/rows/104/result/filesystem/read/python	string	3.14.7
/rows/104/result/filesystem/read/worker_ms	float	31.799535
/rows/104/result/filesystem/read/workload	string	read
/rows/104/result/filesystem/rg	object	-
/rows/104/result/filesystem/rg/check	object	-
/rows/104/result/filesystem/rg/check/matches	integer	2048
/rows/104/result/filesystem/rg/python	string	3.14.7
/rows/104/result/filesystem/rg/worker_ms	float	7.597228
/rows/104/result/filesystem/rg/workload	string	rg
/rows/104/result/filesystem/write	object	-
/rows/104/result/filesystem/write/check	object	-
/rows/104/result/filesystem/write/check/bytes	integer	16777216
/rows/104/result/filesystem/write/check/files	integer	256
/rows/104/result/filesystem/write/python	string	3.14.7
/rows/104/result/filesystem/write/worker_ms	float	4.547797
/rows/104/result/filesystem/write/workload	string	write
/rows/104/result/mode	string	filesystem
/rows/104/result/worker_ms	float	420.74098
/rows/104/result_ms	float	470.703763
/rows/104/trial	integer	26
/rows/105	object	-
/rows/105/backend	string	native
/rows/105/completion_ms	float	475.164217
/rows/105/correctness	string	passed
/rows/105/logs	string	/home/reiase/workspace/pvisor/target/filesystem-fuse-ab-20261005/release/trials/filesystem-native-026
/rows/105/memory_scope	string	owned launcher tree; Docker daemon/container RSS excluded
/rows/105/mode	string	filesystem
/rows/105/peak_tree_rss_kib	integer	137308
/rows/105/prepare_ms	float	37.406228
/rows/105/ready_ms	float	40.826292
/rows/105/result	object	-
/rows/105/result/correctness	string	passed
/rows/105/result/filesystem	object	-
/rows/105/result/filesystem/cargo	object	-
/rows/105/result/filesystem/cargo/check	object	-
/rows/105/result/filesystem/cargo/check/modules	integer	64
/rows/105/result/filesystem/cargo/check/result	string	2016
/rows/105/result/filesystem/cargo/python	string	3.14.7
/rows/105/result/filesystem/cargo/worker_ms	float	59.634652
/rows/105/result/filesystem/cargo/workload	string	cargo
/rows/105/result/filesystem/git	object	-
/rows/105/result/filesystem/git/check	object	-
/rows/105/result/filesystem/git/check/git_clean	boolean	true
/rows/105/result/filesystem/git/python	string	3.14.7
/rows/105/result/filesystem/git/worker_ms	float	15.160994
/rows/105/result/filesystem/git/workload	string	git
/rows/105/result/filesystem/metadata	object	-
/rows/105/result/filesystem/metadata/check	object	-
/rows/105/result/filesystem/metadata/check/bytes	integer	2095104
/rows/105/result/filesystem/metadata/check/files	integer	2048
/rows/105/result/filesystem/metadata/python	string	3.14.7
/rows/105/result/filesystem/metadata/worker_ms	float	4.989682
/rows/105/result/filesystem/metadata/workload	string	metadata
/rows/105/result/filesystem/npm	object	-
/rows/105/result/filesystem/npm/check	object	-
/rows/105/result/filesystem/npm/check/local_packages	integer	32
/rows/105/result/filesystem/npm/python	string	3.14.7
/rows/105/result/filesystem/npm/worker_ms	float	179.670086
/rows/105/result/filesystem/npm/workload	string	npm
/rows/105/result/filesystem/read	object	-
/rows/105/result/filesystem/read/check	object	-
/rows/105/result/filesystem/read/check/bytes	integer	67108864
/rows/105/result/filesystem/read/check/sha256	string	42ef3a50fe506ced865473b082c8b28f6ce254e6e2b01266b6a563531a6267bc
/rows/105/result/filesystem/read/python	string	3.14.7
/rows/105/result/filesystem/read/worker_ms	float	32.686611
/rows/105/result/filesystem/read/workload	string	read
/rows/105/result/filesystem/rg	object	-
/rows/105/result/filesystem/rg/check	object	-
/rows/105/result/filesystem/rg/check/matches	integer	2048
/rows/105/result/filesystem/rg/python	string	3.14.7
/rows/105/result/filesystem/rg/worker_ms	float	8.389897
/rows/105/result/filesystem/rg/workload	string	rg
/rows/105/result/filesystem/write	object	-
/rows/105/result/filesystem/write/check	object	-
/rows/105/result/filesystem/write/check/bytes	integer	16777216
/rows/105/result/filesystem/write/check/files	integer	256
/rows/105/result/filesystem/write/python	string	3.14.7
/rows/105/result/filesystem/write/worker_ms	float	4.776033
/rows/105/result/filesystem/write/workload	string	write
/rows/105/result/mode	string	filesystem
/rows/105/result/worker_ms	float	424.705077
/rows/105/result_ms	float	465.559342
/rows/105/trial	integer	26
/rows/106	object	-
/rows/106/backend	string	pvisor-staged
/rows/106/completion_ms	float	1310.29847
/rows/106/correctness	string	passed
/rows/106/logs	string	/home/reiase/workspace/pvisor/target/filesystem-fuse-ab-20261005/release/trials/filesystem-pvisor-staged-026
/rows/106/memory_scope	string	owned launcher tree; Docker daemon/container RSS excluded
/rows/106/mode	string	filesystem
/rows/106/peak_tree_rss_kib	integer	177312
/rows/106/prepare_ms	float	37.021691
/rows/106/ready_ms	float	63.010511
/rows/106/result	object	-
/rows/106/result/correctness	string	passed
/rows/106/result/filesystem	object	-
/rows/106/result/filesystem/cargo	object	-
/rows/106/result/filesystem/cargo/check	object	-
/rows/106/result/filesystem/cargo/check/modules	integer	64
/rows/106/result/filesystem/cargo/check/result	string	2016
/rows/106/result/filesystem/cargo/python	string	3.14.7
/rows/106/result/filesystem/cargo/worker_ms	float	113.283844
/rows/106/result/filesystem/cargo/workload	string	cargo
/rows/106/result/filesystem/git	object	-
/rows/106/result/filesystem/git/check	object	-
/rows/106/result/filesystem/git/check/git_clean	boolean	true
/rows/106/result/filesystem/git/python	string	3.14.7
/rows/106/result/filesystem/git/worker_ms	float	169.767726
/rows/106/result/filesystem/git/workload	string	git
/rows/106/result/filesystem/metadata	object	-
/rows/106/result/filesystem/metadata/check	object	-
/rows/106/result/filesystem/metadata/check/bytes	integer	2095104
/rows/106/result/filesystem/metadata/check/files	integer	2048
/rows/106/result/filesystem/metadata/python	string	3.14.7
/rows/106/result/filesystem/metadata/worker_ms	float	77.495524
/rows/106/result/filesystem/metadata/workload	string	metadata
/rows/106/result/filesystem/npm	object	-
/rows/106/result/filesystem/npm/check	object	-
/rows/106/result/filesystem/npm/check/local_packages	integer	32
/rows/106/result/filesystem/npm/python	string	3.14.7
/rows/106/result/filesystem/npm/worker_ms	float	264.877794
/rows/106/result/filesystem/npm/workload	string	npm
/rows/106/result/filesystem/read	object	-
/rows/106/result/filesystem/read/check	object	-
/rows/106/result/filesystem/read/check/bytes	integer	67108864
/rows/106/result/filesystem/read/check/sha256	string	42ef3a50fe506ced865473b082c8b28f6ce254e6e2b01266b6a563531a6267bc
/rows/106/result/filesystem/read/python	string	3.14.7
/rows/106/result/filesystem/read/worker_ms	float	68.947071
/rows/106/result/filesystem/read/workload	string	read
/rows/106/result/filesystem/rg	object	-
/rows/106/result/filesystem/rg/check	object	-
/rows/106/result/filesystem/rg/check/matches	integer	2048
/rows/106/result/filesystem/rg/python	string	3.14.7
/rows/106/result/filesystem/rg/worker_ms	float	89.682067
/rows/106/result/filesystem/rg/workload	string	rg
/rows/106/result/filesystem/write	object	-
/rows/106/result/filesystem/write/check	object	-
/rows/106/result/filesystem/write/check/bytes	integer	16777216
/rows/106/result/filesystem/write/check/files	integer	256
/rows/106/result/filesystem/write/python	string	3.14.7
/rows/106/result/filesystem/write/worker_ms	float	210.035956
/rows/106/result/filesystem/write/workload	string	write
/rows/106/result/mode	string	filesystem
/rows/106/result/worker_ms	float	1123.492798
/rows/106/result_ms	float	1186.562921
/rows/106/trial	integer	26
/rows/107	object	-
/rows/107/backend	string	pvisor-fuse
/rows/107/completion_ms	float	598.345872
/rows/107/correctness	string	passed
/rows/107/fuse_requests	object	-
/rows/107/fuse_requests/getattr	integer	479
/rows/107/fuse_requests/lookup	integer	3061
/rows/107/fuse_requests/read	integer	4758
/rows/107/fuse_requests/read_bytes	integer	72389686
/rows/107/fuse_requests/readdir	integer	542
/rows/107/fuse_requests/readdirplus	integer	0
/rows/107/fuse_requests/write	integer	292
/rows/107/fuse_requests/write_bytes	integer	17485492
/rows/107/logs	string	/home/reiase/workspace/pvisor/target/filesystem-fuse-ab-20261005/release/trials/filesystem-pvisor-fuse-026
/rows/107/memory_scope	string	owned launcher tree; Docker daemon/container RSS excluded
/rows/107/mode	string	filesystem
/rows/107/peak_tree_rss_kib	integer	164748
/rows/107/prepare_ms	float	37.602374
/rows/107/ready_ms	float	52.664284
/rows/107/result	object	-
/rows/107/result/correctness	string	passed
/rows/107/result/filesystem	object	-
/rows/107/result/filesystem/cargo	object	-
/rows/107/result/filesystem/cargo/check	object	-
/rows/107/result/filesystem/cargo/check/modules	integer	64
/rows/107/result/filesystem/cargo/check/result	string	2016
/rows/107/result/filesystem/cargo/python	string	3.14.7
/rows/107/result/filesystem/cargo/worker_ms	float	71.11638
/rows/107/result/filesystem/cargo/workload	string	cargo
/rows/107/result/filesystem/git	object	-
/rows/107/result/filesystem/git/check	object	-
/rows/107/result/filesystem/git/check/git_clean	boolean	true
/rows/107/result/filesystem/git/python	string	3.14.7
/rows/107/result/filesystem/git/worker_ms	float	40.352627
/rows/107/result/filesystem/git/workload	string	git
/rows/107/result/filesystem/metadata	object	-
/rows/107/result/filesystem/metadata/check	object	-
/rows/107/result/filesystem/metadata/check/bytes	integer	2095104
/rows/107/result/filesystem/metadata/check/files	integer	2048
/rows/107/result/filesystem/metadata/python	string	3.14.7
/rows/107/result/filesystem/metadata/worker_ms	float	21.87825
/rows/107/result/filesystem/metadata/workload	string	metadata
/rows/107/result/filesystem/npm	object	-
/rows/107/result/filesystem/npm/check	object	-
/rows/107/result/filesystem/npm/check/local_packages	integer	32
/rows/107/result/filesystem/npm/python	string	3.14.7
/rows/107/result/filesystem/npm/worker_ms	float	183.488061
/rows/107/result/filesystem/npm/workload	string	npm
/rows/107/result/filesystem/read	object	-
/rows/107/result/filesystem/read/check	object	-
/rows/107/result/filesystem/read/check/bytes	integer	67108864
/rows/107/result/filesystem/read/check/sha256	string	42ef3a50fe506ced865473b082c8b28f6ce254e6e2b01266b6a563531a6267bc
/rows/107/result/filesystem/read/python	string	3.14.7
/rows/107/result/filesystem/read/worker_ms	float	39.733401
/rows/107/result/filesystem/read/workload	string	read
/rows/107/result/filesystem/rg	object	-
/rows/107/result/filesystem/rg/check	object	-
/rows/107/result/filesystem/rg/check/matches	integer	2048
/rows/107/result/filesystem/rg/python	string	3.14.7
/rows/107/result/filesystem/rg/worker_ms	float	27.372875
/rows/107/result/filesystem/rg/workload	string	rg
/rows/107/result/filesystem/write	object	-
/rows/107/result/filesystem/write/check	object	-
/rows/107/result/filesystem/write/check/bytes	integer	16777216
/rows/107/result/filesystem/write/check/files	integer	256
/rows/107/result/filesystem/write/python	string	3.14.7
/rows/107/result/filesystem/write/worker_ms	float	12.175904
/rows/107/result/filesystem/write/workload	string	write
/rows/107/result/mode	string	filesystem
/rows/107/result/worker_ms	float	518.850035
/rows/107/result_ms	float	571.592504
/rows/107/trial	integer	26
/rows/108	object	-
/rows/108/backend	string	pvisor-staged
/rows/108/completion_ms	float	1359.840699
/rows/108/correctness	string	passed
/rows/108/logs	string	/home/reiase/workspace/pvisor/target/filesystem-fuse-ab-20261005/release/trials/filesystem-pvisor-staged-027
/rows/108/memory_scope	string	owned launcher tree; Docker daemon/container RSS excluded
/rows/108/mode	string	filesystem
/rows/108/peak_tree_rss_kib	integer	181288
/rows/108/prepare_ms	float	39.793674
/rows/108/ready_ms	float	64.237322
/rows/108/result	object	-
/rows/108/result/correctness	string	passed
/rows/108/result/filesystem	object	-
/rows/108/result/filesystem/cargo	object	-
/rows/108/result/filesystem/cargo/check	object	-
/rows/108/result/filesystem/cargo/check/modules	integer	64
/rows/108/result/filesystem/cargo/check/result	string	2016
/rows/108/result/filesystem/cargo/python	string	3.14.7
/rows/108/result/filesystem/cargo/worker_ms	float	132.384009
/rows/108/result/filesystem/cargo/workload	string	cargo
/rows/108/result/filesystem/git	object	-
/rows/108/result/filesystem/git/check	object	-
/rows/108/result/filesystem/git/check/git_clean	boolean	true
/rows/108/result/filesystem/git/python	string	3.14.7
/rows/108/result/filesystem/git/worker_ms	float	172.898378
/rows/108/result/filesystem/git/workload	string	git
/rows/108/result/filesystem/metadata	object	-
/rows/108/result/filesystem/metadata/check	object	-
/rows/108/result/filesystem/metadata/check/bytes	integer	2095104
/rows/108/result/filesystem/metadata/check/files	integer	2048
/rows/108/result/filesystem/metadata/python	string	3.14.7
/rows/108/result/filesystem/metadata/worker_ms	float	79.241293
/rows/108/result/filesystem/metadata/workload	string	metadata
/rows/108/result/filesystem/npm	object	-
/rows/108/result/filesystem/npm/check	object	-
/rows/108/result/filesystem/npm/check/local_packages	integer	32
/rows/108/result/filesystem/npm/python	string	3.14.7
/rows/108/result/filesystem/npm/worker_ms	float	290.909204
/rows/108/result/filesystem/npm/workload	string	npm
/rows/108/result/filesystem/read	object	-
/rows/108/result/filesystem/read/check	object	-
/rows/108/result/filesystem/read/check/bytes	integer	67108864
/rows/108/result/filesystem/read/check/sha256	string	42ef3a50fe506ced865473b082c8b28f6ce254e6e2b01266b6a563531a6267bc
/rows/108/result/filesystem/read/python	string	3.14.7
/rows/108/result/filesystem/read/worker_ms	float	68.559127
/rows/108/result/filesystem/read/workload	string	read
/rows/108/result/filesystem/rg	object	-
/rows/108/result/filesystem/rg/check	object	-
/rows/108/result/filesystem/rg/check/matches	integer	2048
/rows/108/result/filesystem/rg/python	string	3.14.7
/rows/108/result/filesystem/rg/worker_ms	float	90.368399
/rows/108/result/filesystem/rg/workload	string	rg
/rows/108/result/filesystem/write	object	-
/rows/108/result/filesystem/write/check	object	-
/rows/108/result/filesystem/write/check/bytes	integer	16777216
/rows/108/result/filesystem/write/check/files	integer	256
/rows/108/result/filesystem/write/python	string	3.14.7
/rows/108/result/filesystem/write/worker_ms	float	204.95323
/rows/108/result/filesystem/write/workload	string	write
/rows/108/result/mode	string	filesystem
/rows/108/result/worker_ms	float	1170.76029
/rows/108/result_ms	float	1235.048307
/rows/108/trial	integer	27
/rows/109	object	-
/rows/109/backend	string	pvisor-host
/rows/109/completion_ms	float	502.998962
/rows/109/correctness	string	passed
/rows/109/logs	string	/home/reiase/workspace/pvisor/target/filesystem-fuse-ab-20261005/release/trials/filesystem-pvisor-host-027
/rows/109/memory_scope	string	owned launcher tree; Docker daemon/container RSS excluded
/rows/109/mode	string	filesystem
/rows/109/peak_tree_rss_kib	integer	150376
/rows/109/prepare_ms	float	38.954148
/rows/109/ready_ms	float	53.626449
/rows/109/result	object	-
/rows/109/result/correctness	string	passed
/rows/109/result/filesystem	object	-
/rows/109/result/filesystem/cargo	object	-
/rows/109/result/filesystem/cargo/check	object	-
/rows/109/result/filesystem/cargo/check/modules	integer	64
/rows/109/result/filesystem/cargo/check/result	string	2016
/rows/109/result/filesystem/cargo/python	string	3.14.7
/rows/109/result/filesystem/cargo/worker_ms	float	55.546944
/rows/109/result/filesystem/cargo/workload	string	cargo
/rows/109/result/filesystem/git	object	-
/rows/109/result/filesystem/git/check	object	-
/rows/109/result/filesystem/git/check/git_clean	boolean	true
/rows/109/result/filesystem/git/python	string	3.14.7
/rows/109/result/filesystem/git/worker_ms	float	14.11391
/rows/109/result/filesystem/git/workload	string	git
/rows/109/result/filesystem/metadata	object	-
/rows/109/result/filesystem/metadata/check	object	-
/rows/109/result/filesystem/metadata/check/bytes	integer	2095104
/rows/109/result/filesystem/metadata/check/files	integer	2048
/rows/109/result/filesystem/metadata/python	string	3.14.7
/rows/109/result/filesystem/metadata/worker_ms	float	4.931494
/rows/109/result/filesystem/metadata/workload	string	metadata
/rows/109/result/filesystem/npm	object	-
/rows/109/result/filesystem/npm/check	object	-
/rows/109/result/filesystem/npm/check/local_packages	integer	32
/rows/109/result/filesystem/npm/python	string	3.14.7
/rows/109/result/filesystem/npm/worker_ms	float	171.905145
/rows/109/result/filesystem/npm/workload	string	npm
/rows/109/result/filesystem/read	object	-
/rows/109/result/filesystem/read/check	object	-
/rows/109/result/filesystem/read/check/bytes	integer	67108864
/rows/109/result/filesystem/read/check/sha256	string	42ef3a50fe506ced865473b082c8b28f6ce254e6e2b01266b6a563531a6267bc
/rows/109/result/filesystem/read/python	string	3.14.7
/rows/109/result/filesystem/read/worker_ms	float	32.201095
/rows/109/result/filesystem/read/workload	string	read
/rows/109/result/filesystem/rg	object	-
/rows/109/result/filesystem/rg/check	object	-
/rows/109/result/filesystem/rg/check/matches	integer	2048
/rows/109/result/filesystem/rg/python	string	3.14.7
/rows/109/result/filesystem/rg/worker_ms	float	6.884658
/rows/109/result/filesystem/rg/workload	string	rg
/rows/109/result/filesystem/write	object	-
/rows/109/result/filesystem/write/check	object	-
/rows/109/result/filesystem/write/check/bytes	integer	16777216
/rows/109/result/filesystem/write/check/files	integer	256
/rows/109/result/filesystem/write/python	string	3.14.7
/rows/109/result/filesystem/write/worker_ms	float	5.142457
/rows/109/result/filesystem/write/workload	string	write
/rows/109/result/mode	string	filesystem
/rows/109/result/worker_ms	float	410.934029
/rows/109/result_ms	float	464.608987
/rows/109/trial	integer	27
/rows/110	object	-
/rows/110/backend	string	pvisor-fuse
/rows/110/completion_ms	float	609.081779
/rows/110/correctness	string	passed
/rows/110/fuse_requests	object	-
/rows/110/fuse_requests/getattr	integer	477
/rows/110/fuse_requests/lookup	integer	3061
/rows/110/fuse_requests/read	integer	4758
/rows/110/fuse_requests/read_bytes	integer	72389686
/rows/110/fuse_requests/readdir	integer	542
/rows/110/fuse_requests/readdirplus	integer	0
/rows/110/fuse_requests/write	integer	292
/rows/110/fuse_requests/write_bytes	integer	17485492
/rows/110/logs	string	/home/reiase/workspace/pvisor/target/filesystem-fuse-ab-20261005/release/trials/filesystem-pvisor-fuse-027
/rows/110/memory_scope	string	owned launcher tree; Docker daemon/container RSS excluded
/rows/110/mode	string	filesystem
/rows/110/peak_tree_rss_kib	integer	163944
/rows/110/prepare_ms	float	38.738355
/rows/110/ready_ms	float	52.071408
/rows/110/result	object	-
/rows/110/result/correctness	string	passed
/rows/110/result/filesystem	object	-
/rows/110/result/filesystem/cargo	object	-
/rows/110/result/filesystem/cargo/check	object	-
/rows/110/result/filesystem/cargo/check/modules	integer	64
/rows/110/result/filesystem/cargo/check/result	string	2016
/rows/110/result/filesystem/cargo/python	string	3.14.7
/rows/110/result/filesystem/cargo/worker_ms	float	72.143947
/rows/110/result/filesystem/cargo/workload	string	cargo
/rows/110/result/filesystem/git	object	-
/rows/110/result/filesystem/git/check	object	-
/rows/110/result/filesystem/git/check/git_clean	boolean	true
/rows/110/result/filesystem/git/python	string	3.14.7
/rows/110/result/filesystem/git/worker_ms	float	40.678396
/rows/110/result/filesystem/git/workload	string	git
/rows/110/result/filesystem/metadata	object	-
/rows/110/result/filesystem/metadata/check	object	-
/rows/110/result/filesystem/metadata/check/bytes	integer	2095104
/rows/110/result/filesystem/metadata/check/files	integer	2048
/rows/110/result/filesystem/metadata/python	string	3.14.7
/rows/110/result/filesystem/metadata/worker_ms	float	22.829154
/rows/110/result/filesystem/metadata/workload	string	metadata
/rows/110/result/filesystem/npm	object	-
/rows/110/result/filesystem/npm/check	object	-
/rows/110/result/filesystem/npm/check/local_packages	integer	32
/rows/110/result/filesystem/npm/python	string	3.14.7
/rows/110/result/filesystem/npm/worker_ms	float	178.131485
/rows/110/result/filesystem/npm/workload	string	npm
/rows/110/result/filesystem/read	object	-
/rows/110/result/filesystem/read/check	object	-
/rows/110/result/filesystem/read/check/bytes	integer	67108864
/rows/110/result/filesystem/read/check/sha256	string	42ef3a50fe506ced865473b082c8b28f6ce254e6e2b01266b6a563531a6267bc
/rows/110/result/filesystem/read/python	string	3.14.7
/rows/110/result/filesystem/read/worker_ms	float	38.179933
/rows/110/result/filesystem/read/workload	string	read
/rows/110/result/filesystem/rg	object	-
/rows/110/result/filesystem/rg/check	object	-
/rows/110/result/filesystem/rg/check/matches	integer	2048
/rows/110/result/filesystem/rg/python	string	3.14.7
/rows/110/result/filesystem/rg/worker_ms	float	27.144338
/rows/110/result/filesystem/rg/workload	string	rg
/rows/110/result/filesystem/write	object	-
/rows/110/result/filesystem/write/check	object	-
/rows/110/result/filesystem/write/check/bytes	integer	16777216
/rows/110/result/filesystem/write/check/files	integer	256
/rows/110/result/filesystem/write/python	string	3.14.7
/rows/110/result/filesystem/write/worker_ms	float	12.209626
/rows/110/result/filesystem/write/workload	string	write
/rows/110/result/mode	string	filesystem
/rows/110/result/worker_ms	float	516.373062
/rows/110/result_ms	float	568.508239
/rows/110/trial	integer	27
/rows/111	object	-
/rows/111/backend	string	native
/rows/111/completion_ms	float	482.276159
/rows/111/correctness	string	passed
/rows/111/logs	string	/home/reiase/workspace/pvisor/target/filesystem-fuse-ab-20261005/release/trials/filesystem-native-027
/rows/111/memory_scope	string	owned launcher tree; Docker daemon/container RSS excluded
/rows/111/mode	string	filesystem
/rows/111/peak_tree_rss_kib	integer	148072
/rows/111/prepare_ms	float	37.740843
/rows/111/ready_ms	float	40.009206
/rows/111/result	object	-
/rows/111/result/correctness	string	passed
/rows/111/result/filesystem	object	-
/rows/111/result/filesystem/cargo	object	-
/rows/111/result/filesystem/cargo/check	object	-
/rows/111/result/filesystem/cargo/check/modules	integer	64
/rows/111/result/filesystem/cargo/check/result	string	2016
/rows/111/result/filesystem/cargo/python	string	3.14.7
/rows/111/result/filesystem/cargo/worker_ms	float	57.129607
/rows/111/result/filesystem/cargo/workload	string	cargo
/rows/111/result/filesystem/git	object	-
/rows/111/result/filesystem/git/check	object	-
/rows/111/result/filesystem/git/check/git_clean	boolean	true
/rows/111/result/filesystem/git/python	string	3.14.7
/rows/111/result/filesystem/git/worker_ms	float	15.068571
/rows/111/result/filesystem/git/workload	string	git
/rows/111/result/filesystem/metadata	object	-
/rows/111/result/filesystem/metadata/check	object	-
/rows/111/result/filesystem/metadata/check/bytes	integer	2095104
/rows/111/result/filesystem/metadata/check/files	integer	2048
/rows/111/result/filesystem/metadata/python	string	3.14.7
/rows/111/result/filesystem/metadata/worker_ms	float	4.992207
/rows/111/result/filesystem/metadata/workload	string	metadata
/rows/111/result/filesystem/npm	object	-
/rows/111/result/filesystem/npm/check	object	-
/rows/111/result/filesystem/npm/check/local_packages	integer	32
/rows/111/result/filesystem/npm/python	string	3.14.7
/rows/111/result/filesystem/npm/worker_ms	float	179.129406
/rows/111/result/filesystem/npm/workload	string	npm
/rows/111/result/filesystem/read	object	-
/rows/111/result/filesystem/read/check	object	-
/rows/111/result/filesystem/read/check/bytes	integer	67108864
/rows/111/result/filesystem/read/check/sha256	string	42ef3a50fe506ced865473b082c8b28f6ce254e6e2b01266b6a563531a6267bc
/rows/111/result/filesystem/read/python	string	3.14.7
/rows/111/result/filesystem/read/worker_ms	float	45.429963
/rows/111/result/filesystem/read/workload	string	read
/rows/111/result/filesystem/rg	object	-
/rows/111/result/filesystem/rg/check	object	-
/rows/111/result/filesystem/rg/check/matches	integer	2048
/rows/111/result/filesystem/rg/python	string	3.14.7
/rows/111/result/filesystem/rg/worker_ms	float	9.498596
/rows/111/result/filesystem/rg/workload	string	rg
/rows/111/result/filesystem/write	object	-
/rows/111/result/filesystem/write/check	object	-
/rows/111/result/filesystem/write/check/bytes	integer	16777216
/rows/111/result/filesystem/write/check/files	integer	256
/rows/111/result/filesystem/write/python	string	3.14.7
/rows/111/result/filesystem/write/worker_ms	float	4.50631
/rows/111/result/filesystem/write/workload	string	write
/rows/111/result/mode	string	filesystem
/rows/111/result/worker_ms	float	434.687227
/rows/111/result_ms	float	474.755303
/rows/111/trial	integer	27
/rows/112	object	-
/rows/112/backend	string	native
/rows/112/completion_ms	float	489.030735
/rows/112/correctness	string	passed
/rows/112/logs	string	/home/reiase/workspace/pvisor/target/filesystem-fuse-ab-20261005/release/trials/filesystem-native-028
/rows/112/memory_scope	string	owned launcher tree; Docker daemon/container RSS excluded
/rows/112/mode	string	filesystem
/rows/112/peak_tree_rss_kib	integer	147784
/rows/112/prepare_ms	float	39.385192
/rows/112/ready_ms	float	38.662463
/rows/112/result	object	-
/rows/112/result/correctness	string	passed
/rows/112/result/filesystem	object	-
/rows/112/result/filesystem/cargo	object	-
/rows/112/result/filesystem/cargo/check	object	-
/rows/112/result/filesystem/cargo/check/modules	integer	64
/rows/112/result/filesystem/cargo/check/result	string	2016
/rows/112/result/filesystem/cargo/python	string	3.14.7
/rows/112/result/filesystem/cargo/worker_ms	float	55.409788
/rows/112/result/filesystem/cargo/workload	string	cargo
/rows/112/result/filesystem/git	object	-
/rows/112/result/filesystem/git/check	object	-
/rows/112/result/filesystem/git/check/git_clean	boolean	true
/rows/112/result/filesystem/git/python	string	3.14.7
/rows/112/result/filesystem/git/worker_ms	float	14.758563
/rows/112/result/filesystem/git/workload	string	git
/rows/112/result/filesystem/metadata	object	-
/rows/112/result/filesystem/metadata/check	object	-
/rows/112/result/filesystem/metadata/check/bytes	integer	2095104
/rows/112/result/filesystem/metadata/check/files	integer	2048
/rows/112/result/filesystem/metadata/python	string	3.14.7
/rows/112/result/filesystem/metadata/worker_ms	float	4.86565
/rows/112/result/filesystem/metadata/workload	string	metadata
/rows/112/result/filesystem/npm	object	-
/rows/112/result/filesystem/npm/check	object	-
/rows/112/result/filesystem/npm/check/local_packages	integer	32
/rows/112/result/filesystem/npm/python	string	3.14.7
/rows/112/result/filesystem/npm/worker_ms	float	182.057141
/rows/112/result/filesystem/npm/workload	string	npm
/rows/112/result/filesystem/read	object	-
/rows/112/result/filesystem/read/check	object	-
/rows/112/result/filesystem/read/check/bytes	integer	67108864
/rows/112/result/filesystem/read/check/sha256	string	42ef3a50fe506ced865473b082c8b28f6ce254e6e2b01266b6a563531a6267bc
/rows/112/result/filesystem/read/python	string	3.14.7
/rows/112/result/filesystem/read/worker_ms	float	50.464779
/rows/112/result/filesystem/read/workload	string	read
/rows/112/result/filesystem/rg	object	-
/rows/112/result/filesystem/rg/check	object	-
/rows/112/result/filesystem/rg/check/matches	integer	2048
/rows/112/result/filesystem/rg/python	string	3.14.7
/rows/112/result/filesystem/rg/worker_ms	float	9.550724
/rows/112/result/filesystem/rg/workload	string	rg
/rows/112/result/filesystem/write	object	-
/rows/112/result/filesystem/write/check	object	-
/rows/112/result/filesystem/write/check/bytes	integer	16777216
/rows/112/result/filesystem/write/check/files	integer	256
/rows/112/result/filesystem/write/python	string	3.14.7
/rows/112/result/filesystem/write/worker_ms	float	4.372149
/rows/112/result/filesystem/write/workload	string	write
/rows/112/result/mode	string	filesystem
/rows/112/result/worker_ms	float	442.778999
/rows/112/result_ms	float	481.494601
/rows/112/trial	integer	28
/rows/113	object	-
/rows/113/backend	string	pvisor-fuse
/rows/113/completion_ms	float	597.709064
/rows/113/correctness	string	passed
/rows/113/fuse_requests	object	-
/rows/113/fuse_requests/getattr	integer	477
/rows/113/fuse_requests/lookup	integer	3061
/rows/113/fuse_requests/read	integer	4758
/rows/113/fuse_requests/read_bytes	integer	72389686
/rows/113/fuse_requests/readdir	integer	542
/rows/113/fuse_requests/readdirplus	integer	0
/rows/113/fuse_requests/write	integer	292
/rows/113/fuse_requests/write_bytes	integer	17485492
/rows/113/logs	string	/home/reiase/workspace/pvisor/target/filesystem-fuse-ab-20261005/release/trials/filesystem-pvisor-fuse-028
/rows/113/memory_scope	string	owned launcher tree; Docker daemon/container RSS excluded
/rows/113/mode	string	filesystem
/rows/113/peak_tree_rss_kib	integer	153832
/rows/113/prepare_ms	float	40.5149
/rows/113/ready_ms	float	53.635787
/rows/113/result	object	-
/rows/113/result/correctness	string	passed
/rows/113/result/filesystem	object	-
/rows/113/result/filesystem/cargo	object	-
/rows/113/result/filesystem/cargo/check	object	-
/rows/113/result/filesystem/cargo/check/modules	integer	64
/rows/113/result/filesystem/cargo/check/result	string	2016
/rows/113/result/filesystem/cargo/python	string	3.14.7
/rows/113/result/filesystem/cargo/worker_ms	float	72.104774
/rows/113/result/filesystem/cargo/workload	string	cargo
/rows/113/result/filesystem/git	object	-
/rows/113/result/filesystem/git/check	object	-
/rows/113/result/filesystem/git/check/git_clean	boolean	true
/rows/113/result/filesystem/git/python	string	3.14.7
/rows/113/result/filesystem/git/worker_ms	float	39.726148
/rows/113/result/filesystem/git/workload	string	git
/rows/113/result/filesystem/metadata	object	-
/rows/113/result/filesystem/metadata/check	object	-
/rows/113/result/filesystem/metadata/check/bytes	integer	2095104
/rows/113/result/filesystem/metadata/check/files	integer	2048
/rows/113/result/filesystem/metadata/python	string	3.14.7
/rows/113/result/filesystem/metadata/worker_ms	float	19.981721
/rows/113/result/filesystem/metadata/workload	string	metadata
/rows/113/result/filesystem/npm	object	-
/rows/113/result/filesystem/npm/check	object	-
/rows/113/result/filesystem/npm/check/local_packages	integer	32
/rows/113/result/filesystem/npm/python	string	3.14.7
/rows/113/result/filesystem/npm/worker_ms	float	182.124927
/rows/113/result/filesystem/npm/workload	string	npm
/rows/113/result/filesystem/read	object	-
/rows/113/result/filesystem/read/check	object	-
/rows/113/result/filesystem/read/check/bytes	integer	67108864
/rows/113/result/filesystem/read/check/sha256	string	42ef3a50fe506ced865473b082c8b28f6ce254e6e2b01266b6a563531a6267bc
/rows/113/result/filesystem/read/python	string	3.14.7
/rows/113/result/filesystem/read/worker_ms	float	39.907988
/rows/113/result/filesystem/read/workload	string	read
/rows/113/result/filesystem/rg	object	-
/rows/113/result/filesystem/rg/check	object	-
/rows/113/result/filesystem/rg/check/matches	integer	2048
/rows/113/result/filesystem/rg/python	string	3.14.7
/rows/113/result/filesystem/rg/worker_ms	float	29.138109
/rows/113/result/filesystem/rg/workload	string	rg
/rows/113/result/filesystem/write	object	-
/rows/113/result/filesystem/write/check	object	-
/rows/113/result/filesystem/write/check/bytes	integer	16777216
/rows/113/result/filesystem/write/check/files	integer	256
/rows/113/result/filesystem/write/python	string	3.14.7
/rows/113/result/filesystem/write/worker_ms	float	13.782972
/rows/113/result/filesystem/write/workload	string	write
/rows/113/result/mode	string	filesystem
/rows/113/result/worker_ms	float	518.746922
/rows/113/result_ms	float	572.435167
/rows/113/trial	integer	28
/rows/114	object	-
/rows/114/backend	string	pvisor-staged
/rows/114/completion_ms	float	1381.32863
/rows/114/correctness	string	passed
/rows/114/logs	string	/home/reiase/workspace/pvisor/target/filesystem-fuse-ab-20261005/release/trials/filesystem-pvisor-staged-028
/rows/114/memory_scope	string	owned launcher tree; Docker daemon/container RSS excluded
/rows/114/mode	string	filesystem
/rows/114/peak_tree_rss_kib	integer	177472
/rows/114/prepare_ms	float	38.890989
/rows/114/ready_ms	float	63.1218
/rows/114/result	object	-
/rows/114/result/correctness	string	passed
/rows/114/result/filesystem	object	-
/rows/114/result/filesystem/cargo	object	-
/rows/114/result/filesystem/cargo/check	object	-
/rows/114/result/filesystem/cargo/check/modules	integer	64
/rows/114/result/filesystem/cargo/check/result	string	2016
/rows/114/result/filesystem/cargo/python	string	3.14.7
/rows/114/result/filesystem/cargo/worker_ms	float	135.998675
/rows/114/result/filesystem/cargo/workload	string	cargo
/rows/114/result/filesystem/git	object	-
/rows/114/result/filesystem/git/check	object	-
/rows/114/result/filesystem/git/check/git_clean	boolean	true
/rows/114/result/filesystem/git/python	string	3.14.7
/rows/114/result/filesystem/git/worker_ms	float	171.625343
/rows/114/result/filesystem/git/workload	string	git
/rows/114/result/filesystem/metadata	object	-
/rows/114/result/filesystem/metadata/check	object	-
/rows/114/result/filesystem/metadata/check/bytes	integer	2095104
/rows/114/result/filesystem/metadata/check/files	integer	2048
/rows/114/result/filesystem/metadata/python	string	3.14.7
/rows/114/result/filesystem/metadata/worker_ms	float	78.337296
/rows/114/result/filesystem/metadata/workload	string	metadata
/rows/114/result/filesystem/npm	object	-
/rows/114/result/filesystem/npm/check	object	-
/rows/114/result/filesystem/npm/check/local_packages	integer	32
/rows/114/result/filesystem/npm/python	string	3.14.7
/rows/114/result/filesystem/npm/worker_ms	float	286.513291
/rows/114/result/filesystem/npm/workload	string	npm
/rows/114/result/filesystem/read	object	-
/rows/114/result/filesystem/read/check	object	-
/rows/114/result/filesystem/read/check/bytes	integer	67108864
/rows/114/result/filesystem/read/check/sha256	string	42ef3a50fe506ced865473b082c8b28f6ce254e6e2b01266b6a563531a6267bc
/rows/114/result/filesystem/read/python	string	3.14.7
/rows/114/result/filesystem/read/worker_ms	float	82.287778
/rows/114/result/filesystem/read/workload	string	read
/rows/114/result/filesystem/rg	object	-
/rows/114/result/filesystem/rg/check	object	-
/rows/114/result/filesystem/rg/check/matches	integer	2048
/rows/114/result/filesystem/rg/python	string	3.14.7
/rows/114/result/filesystem/rg/worker_ms	float	89.981657
/rows/114/result/filesystem/rg/workload	string	rg
/rows/114/result/filesystem/write	object	-
/rows/114/result/filesystem/write/check	object	-
/rows/114/result/filesystem/write/check/bytes	integer	16777216
/rows/114/result/filesystem/write/check/files	integer	256
/rows/114/result/filesystem/write/python	string	3.14.7
/rows/114/result/filesystem/write/worker_ms	float	207.728078
/rows/114/result/filesystem/write/workload	string	write
/rows/114/result/mode	string	filesystem
/rows/114/result/worker_ms	float	1178.59965
/rows/114/result_ms	float	1241.755353
/rows/114/trial	integer	28
/rows/115	object	-
/rows/115/backend	string	pvisor-host
/rows/115/completion_ms	float	509.835341
/rows/115/correctness	string	passed
/rows/115/logs	string	/home/reiase/workspace/pvisor/target/filesystem-fuse-ab-20261005/release/trials/filesystem-pvisor-host-028
/rows/115/memory_scope	string	owned launcher tree; Docker daemon/container RSS excluded
/rows/115/mode	string	filesystem
/rows/115/peak_tree_rss_kib	integer	160056
/rows/115/prepare_ms	float	38.143534
/rows/115/ready_ms	float	52.539762
/rows/115/result	object	-
/rows/115/result/correctness	string	passed
/rows/115/result/filesystem	object	-
/rows/115/result/filesystem/cargo	object	-
/rows/115/result/filesystem/cargo/check	object	-
/rows/115/result/filesystem/cargo/check/modules	integer	64
/rows/115/result/filesystem/cargo/check/result	string	2016
/rows/115/result/filesystem/cargo/python	string	3.14.7
/rows/115/result/filesystem/cargo/worker_ms	float	62.739727
/rows/115/result/filesystem/cargo/workload	string	cargo
/rows/115/result/filesystem/git	object	-
/rows/115/result/filesystem/git/check	object	-
/rows/115/result/filesystem/git/check/git_clean	boolean	true
/rows/115/result/filesystem/git/python	string	3.14.7
/rows/115/result/filesystem/git/worker_ms	float	15.266049
/rows/115/result/filesystem/git/workload	string	git
/rows/115/result/filesystem/metadata	object	-
/rows/115/result/filesystem/metadata/check	object	-
/rows/115/result/filesystem/metadata/check/bytes	integer	2095104
/rows/115/result/filesystem/metadata/check/files	integer	2048
/rows/115/result/filesystem/metadata/python	string	3.14.7
/rows/115/result/filesystem/metadata/worker_ms	float	4.88714
/rows/115/result/filesystem/metadata/workload	string	metadata
/rows/115/result/filesystem/npm	object	-
/rows/115/result/filesystem/npm/check	object	-
/rows/115/result/filesystem/npm/check/local_packages	integer	32
/rows/115/result/filesystem/npm/python	string	3.14.7
/rows/115/result/filesystem/npm/worker_ms	float	174.440827
/rows/115/result/filesystem/npm/workload	string	npm
/rows/115/result/filesystem/read	object	-
/rows/115/result/filesystem/read/check	object	-
/rows/115/result/filesystem/read/check/bytes	integer	67108864
/rows/115/result/filesystem/read/check/sha256	string	42ef3a50fe506ced865473b082c8b28f6ce254e6e2b01266b6a563531a6267bc
/rows/115/result/filesystem/read/python	string	3.14.7
/rows/115/result/filesystem/read/worker_ms	float	32.034854
/rows/115/result/filesystem/read/workload	string	read
/rows/115/result/filesystem/rg	object	-
/rows/115/result/filesystem/rg/check	object	-
/rows/115/result/filesystem/rg/check/matches	integer	2048
/rows/115/result/filesystem/rg/python	string	3.14.7
/rows/115/result/filesystem/rg/worker_ms	float	7.454652
/rows/115/result/filesystem/rg/workload	string	rg
/rows/115/result/filesystem/write	object	-
/rows/115/result/filesystem/write/check	object	-
/rows/115/result/filesystem/write/check/bytes	integer	16777216
/rows/115/result/filesystem/write/check/files	integer	256
/rows/115/result/filesystem/write/python	string	3.14.7
/rows/115/result/filesystem/write/worker_ms	float	4.874778
/rows/115/result/filesystem/write/workload	string	write
/rows/115/result/mode	string	filesystem
/rows/115/result/worker_ms	float	422.009527
/rows/115/result_ms	float	474.59773
/rows/115/trial	integer	28
/rows/116	object	-
/rows/116/backend	string	pvisor-host
/rows/116/completion_ms	float	533.546401
/rows/116/correctness	string	passed
/rows/116/logs	string	/home/reiase/workspace/pvisor/target/filesystem-fuse-ab-20261005/release/trials/filesystem-pvisor-host-029
/rows/116/memory_scope	string	owned launcher tree; Docker daemon/container RSS excluded
/rows/116/mode	string	filesystem
/rows/116/peak_tree_rss_kib	integer	160296
/rows/116/prepare_ms	float	38.077851
/rows/116/ready_ms	float	51.036626
/rows/116/result	object	-
/rows/116/result/correctness	string	passed
/rows/116/result/filesystem	object	-
/rows/116/result/filesystem/cargo	object	-
/rows/116/result/filesystem/cargo/check	object	-
/rows/116/result/filesystem/cargo/check/modules	integer	64
/rows/116/result/filesystem/cargo/check/result	string	2016
/rows/116/result/filesystem/cargo/python	string	3.14.7
/rows/116/result/filesystem/cargo/worker_ms	float	56.937719
/rows/116/result/filesystem/cargo/workload	string	cargo
/rows/116/result/filesystem/git	object	-
/rows/116/result/filesystem/git/check	object	-
/rows/116/result/filesystem/git/check/git_clean	boolean	true
/rows/116/result/filesystem/git/python	string	3.14.7
/rows/116/result/filesystem/git/worker_ms	float	15.402485
/rows/116/result/filesystem/git/workload	string	git
/rows/116/result/filesystem/metadata	object	-
/rows/116/result/filesystem/metadata/check	object	-
/rows/116/result/filesystem/metadata/check/bytes	integer	2095104
/rows/116/result/filesystem/metadata/check/files	integer	2048
/rows/116/result/filesystem/metadata/python	string	3.14.7
/rows/116/result/filesystem/metadata/worker_ms	float	4.722223
/rows/116/result/filesystem/metadata/workload	string	metadata
/rows/116/result/filesystem/npm	object	-
/rows/116/result/filesystem/npm/check	object	-
/rows/116/result/filesystem/npm/check/local_packages	integer	32
/rows/116/result/filesystem/npm/python	string	3.14.7
/rows/116/result/filesystem/npm/worker_ms	float	176.460536
/rows/116/result/filesystem/npm/workload	string	npm
/rows/116/result/filesystem/read	object	-
/rows/116/result/filesystem/read/check	object	-
/rows/116/result/filesystem/read/check/bytes	integer	67108864
/rows/116/result/filesystem/read/check/sha256	string	42ef3a50fe506ced865473b082c8b28f6ce254e6e2b01266b6a563531a6267bc
/rows/116/result/filesystem/read/python	string	3.14.7
/rows/116/result/filesystem/read/worker_ms	float	32.753206
/rows/116/result/filesystem/read/workload	string	read
/rows/116/result/filesystem/rg	object	-
/rows/116/result/filesystem/rg/check	object	-
/rows/116/result/filesystem/rg/check/matches	integer	2048
/rows/116/result/filesystem/rg/python	string	3.14.7
/rows/116/result/filesystem/rg/worker_ms	float	6.98715
/rows/116/result/filesystem/rg/workload	string	rg
/rows/116/result/filesystem/write	object	-
/rows/116/result/filesystem/write/check	object	-
/rows/116/result/filesystem/write/check/bytes	integer	16777216
/rows/116/result/filesystem/write/check/files	integer	256
/rows/116/result/filesystem/write/python	string	3.14.7
/rows/116/result/filesystem/write/worker_ms	float	3.95999
/rows/116/result/filesystem/write/workload	string	write
/rows/116/result/mode	string	filesystem
/rows/116/result/worker_ms	float	415.1257
/rows/116/result_ms	float	466.200889
/rows/116/trial	integer	29
/rows/117	object	-
/rows/117/backend	string	native
/rows/117/completion_ms	float	466.173949
/rows/117/correctness	string	passed
/rows/117/logs	string	/home/reiase/workspace/pvisor/target/filesystem-fuse-ab-20261005/release/trials/filesystem-native-029
/rows/117/memory_scope	string	owned launcher tree; Docker daemon/container RSS excluded
/rows/117/mode	string	filesystem
/rows/117/peak_tree_rss_kib	integer	138332
/rows/117/prepare_ms	float	37.285413
/rows/117/ready_ms	float	42.524401
/rows/117/result	object	-
/rows/117/result/correctness	string	passed
/rows/117/result/filesystem	object	-
/rows/117/result/filesystem/cargo	object	-
/rows/117/result/filesystem/cargo/check	object	-
/rows/117/result/filesystem/cargo/check/modules	integer	64
/rows/117/result/filesystem/cargo/check/result	string	2016
/rows/117/result/filesystem/cargo/python	string	3.14.7
/rows/117/result/filesystem/cargo/worker_ms	float	55.921783
/rows/117/result/filesystem/cargo/workload	string	cargo
/rows/117/result/filesystem/git	object	-
/rows/117/result/filesystem/git/check	object	-
/rows/117/result/filesystem/git/check/git_clean	boolean	true
/rows/117/result/filesystem/git/python	string	3.14.7
/rows/117/result/filesystem/git/worker_ms	float	15.180991
/rows/117/result/filesystem/git/workload	string	git
/rows/117/result/filesystem/metadata	object	-
/rows/117/result/filesystem/metadata/check	object	-
/rows/117/result/filesystem/metadata/check/bytes	integer	2095104
/rows/117/result/filesystem/metadata/check/files	integer	2048
/rows/117/result/filesystem/metadata/python	string	3.14.7
/rows/117/result/filesystem/metadata/worker_ms	float	4.692367
/rows/117/result/filesystem/metadata/workload	string	metadata
/rows/117/result/filesystem/npm	object	-
/rows/117/result/filesystem/npm/check	object	-
/rows/117/result/filesystem/npm/check/local_packages	integer	32
/rows/117/result/filesystem/npm/python	string	3.14.7
/rows/117/result/filesystem/npm/worker_ms	float	175.822366
/rows/117/result/filesystem/npm/workload	string	npm
/rows/117/result/filesystem/read	object	-
/rows/117/result/filesystem/read/check	object	-
/rows/117/result/filesystem/read/check/bytes	integer	67108864
/rows/117/result/filesystem/read/check/sha256	string	42ef3a50fe506ced865473b082c8b28f6ce254e6e2b01266b6a563531a6267bc
/rows/117/result/filesystem/read/python	string	3.14.7
/rows/117/result/filesystem/read/worker_ms	float	32.801405
/rows/117/result/filesystem/read/workload	string	read
/rows/117/result/filesystem/rg	object	-
/rows/117/result/filesystem/rg/check	object	-
/rows/117/result/filesystem/rg/check/matches	integer	2048
/rows/117/result/filesystem/rg/python	string	3.14.7
/rows/117/result/filesystem/rg/worker_ms	float	7.320953
/rows/117/result/filesystem/rg/workload	string	rg
/rows/117/result/filesystem/write	object	-
/rows/117/result/filesystem/write/check	object	-
/rows/117/result/filesystem/write/check/bytes	integer	16777216
/rows/117/result/filesystem/write/check/files	integer	256
/rows/117/result/filesystem/write/python	string	3.14.7
/rows/117/result/filesystem/write/worker_ms	float	3.640444
/rows/117/result/filesystem/write/workload	string	write
/rows/117/result/mode	string	filesystem
/rows/117/result/worker_ms	float	416.134023
/rows/117/result_ms	float	458.711042
/rows/117/trial	integer	29
/rows/118	object	-
/rows/118/backend	string	pvisor-staged
/rows/118/completion_ms	float	1305.391463
/rows/118/correctness	string	passed
/rows/118/logs	string	/home/reiase/workspace/pvisor/target/filesystem-fuse-ab-20261005/release/trials/filesystem-pvisor-staged-029
/rows/118/memory_scope	string	owned launcher tree; Docker daemon/container RSS excluded
/rows/118/mode	string	filesystem
/rows/118/peak_tree_rss_kib	integer	177068
/rows/118/prepare_ms	float	37.638342
/rows/118/ready_ms	float	62.36079
/rows/118/result	object	-
/rows/118/result/correctness	string	passed
/rows/118/result/filesystem	object	-
/rows/118/result/filesystem/cargo	object	-
/rows/118/result/filesystem/cargo/check	object	-
/rows/118/result/filesystem/cargo/check/modules	integer	64
/rows/118/result/filesystem/cargo/check/result	string	2016
/rows/118/result/filesystem/cargo/python	string	3.14.7
/rows/118/result/filesystem/cargo/worker_ms	float	119.815634
/rows/118/result/filesystem/cargo/workload	string	cargo
/rows/118/result/filesystem/git	object	-
/rows/118/result/filesystem/git/check	object	-
/rows/118/result/filesystem/git/check/git_clean	boolean	true
/rows/118/result/filesystem/git/python	string	3.14.7
/rows/118/result/filesystem/git/worker_ms	float	171.432042
/rows/118/result/filesystem/git/workload	string	git
/rows/118/result/filesystem/metadata	object	-
/rows/118/result/filesystem/metadata/check	object	-
/rows/118/result/filesystem/metadata/check/bytes	integer	2095104
/rows/118/result/filesystem/metadata/check/files	integer	2048
/rows/118/result/filesystem/metadata/python	string	3.14.7
/rows/118/result/filesystem/metadata/worker_ms	float	78.676758
/rows/118/result/filesystem/metadata/workload	string	metadata
/rows/118/result/filesystem/npm	object	-
/rows/118/result/filesystem/npm/check	object	-
/rows/118/result/filesystem/npm/check/local_packages	integer	32
/rows/118/result/filesystem/npm/python	string	3.14.7
/rows/118/result/filesystem/npm/worker_ms	float	265.753067
/rows/118/result/filesystem/npm/workload	string	npm
/rows/118/result/filesystem/read	object	-
/rows/118/result/filesystem/read/check	object	-
/rows/118/result/filesystem/read/check/bytes	integer	67108864
/rows/118/result/filesystem/read/check/sha256	string	42ef3a50fe506ced865473b082c8b28f6ce254e6e2b01266b6a563531a6267bc
/rows/118/result/filesystem/read/python	string	3.14.7
/rows/118/result/filesystem/read/worker_ms	float	68.645329
/rows/118/result/filesystem/read/workload	string	read
/rows/118/result/filesystem/rg	object	-
/rows/118/result/filesystem/rg/check	object	-
/rows/118/result/filesystem/rg/check/matches	integer	2048
/rows/118/result/filesystem/rg/python	string	3.14.7
/rows/118/result/filesystem/rg/worker_ms	float	89.785751
/rows/118/result/filesystem/rg/workload	string	rg
/rows/118/result/filesystem/write	object	-
/rows/118/result/filesystem/write/check	object	-
/rows/118/result/filesystem/write/check/bytes	integer	16777216
/rows/118/result/filesystem/write/check/files	integer	256
/rows/118/result/filesystem/write/python	string	3.14.7
/rows/118/result/filesystem/write/worker_ms	float	205.193318
/rows/118/result/filesystem/write/workload	string	write
/rows/118/result/mode	string	filesystem
/rows/118/result/worker_ms	float	1125.759368
/rows/118/result_ms	float	1188.168738
/rows/118/trial	integer	29
/rows/119	object	-
/rows/119/backend	string	pvisor-fuse
/rows/119/completion_ms	float	605.330227
/rows/119/correctness	string	passed
/rows/119/fuse_requests	object	-
/rows/119/fuse_requests/getattr	integer	477
/rows/119/fuse_requests/lookup	integer	3061
/rows/119/fuse_requests/read	integer	4758
/rows/119/fuse_requests/read_bytes	integer	72389686
/rows/119/fuse_requests/readdir	integer	542
/rows/119/fuse_requests/readdirplus	integer	0
/rows/119/fuse_requests/write	integer	292
/rows/119/fuse_requests/write_bytes	integer	17485492
/rows/119/logs	string	/home/reiase/workspace/pvisor/target/filesystem-fuse-ab-20261005/release/trials/filesystem-pvisor-fuse-029
/rows/119/memory_scope	string	owned launcher tree; Docker daemon/container RSS excluded
/rows/119/mode	string	filesystem
/rows/119/peak_tree_rss_kib	integer	164896
/rows/119/prepare_ms	float	38.019393
/rows/119/ready_ms	float	53.671143
/rows/119/result	object	-
/rows/119/result/correctness	string	passed
/rows/119/result/filesystem	object	-
/rows/119/result/filesystem/cargo	object	-
/rows/119/result/filesystem/cargo/check	object	-
/rows/119/result/filesystem/cargo/check/modules	integer	64
/rows/119/result/filesystem/cargo/check/result	string	2016
/rows/119/result/filesystem/cargo/python	string	3.14.7
/rows/119/result/filesystem/cargo/worker_ms	float	72.240578
/rows/119/result/filesystem/cargo/workload	string	cargo
/rows/119/result/filesystem/git	object	-
/rows/119/result/filesystem/git/check	object	-
/rows/119/result/filesystem/git/check/git_clean	boolean	true
/rows/119/result/filesystem/git/python	string	3.14.7
/rows/119/result/filesystem/git/worker_ms	float	42.064783
/rows/119/result/filesystem/git/workload	string	git
/rows/119/result/filesystem/metadata	object	-
/rows/119/result/filesystem/metadata/check	object	-
/rows/119/result/filesystem/metadata/check/bytes	integer	2095104
/rows/119/result/filesystem/metadata/check/files	integer	2048
/rows/119/result/filesystem/metadata/python	string	3.14.7
/rows/119/result/filesystem/metadata/worker_ms	float	22.977562
/rows/119/result/filesystem/metadata/workload	string	metadata
/rows/119/result/filesystem/npm	object	-
/rows/119/result/filesystem/npm/check	object	-
/rows/119/result/filesystem/npm/check/local_packages	integer	32
/rows/119/result/filesystem/npm/python	string	3.14.7
/rows/119/result/filesystem/npm/worker_ms	float	182.707955
/rows/119/result/filesystem/npm/workload	string	npm
/rows/119/result/filesystem/read	object	-
/rows/119/result/filesystem/read/check	object	-
/rows/119/result/filesystem/read/check/bytes	integer	67108864
/rows/119/result/filesystem/read/check/sha256	string	42ef3a50fe506ced865473b082c8b28f6ce254e6e2b01266b6a563531a6267bc
/rows/119/result/filesystem/read/python	string	3.14.7
/rows/119/result/filesystem/read/worker_ms	float	40.70777
/rows/119/result/filesystem/read/workload	string	read
/rows/119/result/filesystem/rg	object	-
/rows/119/result/filesystem/rg/check	object	-
/rows/119/result/filesystem/rg/check/matches	integer	2048
/rows/119/result/filesystem/rg/python	string	3.14.7
/rows/119/result/filesystem/rg/worker_ms	float	27.589518
/rows/119/result/filesystem/rg/workload	string	rg
/rows/119/result/filesystem/write	object	-
/rows/119/result/filesystem/write/check	object	-
/rows/119/result/filesystem/write/check/bytes	integer	16777216
/rows/119/result/filesystem/write/check/files	integer	256
/rows/119/result/filesystem/write/python	string	3.14.7
/rows/119/result/filesystem/write/worker_ms	float	12.145897
/rows/119/result/filesystem/write/workload	string	write
/rows/119/result/mode	string	filesystem
/rows/119/result/worker_ms	float	525.226354
/rows/119/result_ms	float	578.95235
/rows/119/trial	integer	29
/schema	string	pvisor-filesystem-fuse-ab/v1
/summary	object	-
/summary/native	object	-
/summary/native/n	integer	30
/summary/native/timings_ms	object	-
/summary/native/timings_ms/cargo	object	-
/summary/native/timings_ms/cargo/p50	float	56.9947105
/summary/native/timings_ms/cargo/p95	float	60.42273765
/summary/native/timings_ms/cargo/p99	float	62.49629649
/summary/native/timings_ms/completion_ms	object	-
/summary/native/timings_ms/completion_ms/p50	float	471.252472
/summary/native/timings_ms/completion_ms/p95	float	493.51045750000003
/summary/native/timings_ms/completion_ms/p99	float	511.41084917
/summary/native/timings_ms/git	object	-
/summary/native/timings_ms/git/p50	float	14.99267
/summary/native/timings_ms/git/p95	float	16.196181250000002
/summary/native/timings_ms/git/p99	float	16.65896799
/summary/native/timings_ms/metadata	object	-
/summary/native/timings_ms/metadata/p50	float	4.880924
/summary/native/timings_ms/metadata/p95	float	5.66876265
/summary/native/timings_ms/metadata/p99	float	6.398693780000001
/summary/native/timings_ms/npm	object	-
/summary/native/timings_ms/npm/p50	float	176.9940575
/summary/native/timings_ms/npm/p95	float	185.97360255
/summary/native/timings_ms/npm/p99	float	193.77919249
/summary/native/timings_ms/read	object	-
/summary/native/timings_ms/read/p50	float	32.826121
/summary/native/timings_ms/read/p95	float	41.72319060000001
/summary/native/timings_ms/read/p99	float	49.004682360000004
/summary/native/timings_ms/ready_ms	object	-
/summary/native/timings_ms/ready_ms/p50	float	40.325612
/summary/native/timings_ms/ready_ms/p95	float	48.00606735
/summary/native/timings_ms/ready_ms/p99	float	49.73812536
/summary/native/timings_ms/rg	object	-
/summary/native/timings_ms/rg/p50	float	8.387808499999998
/summary/native/timings_ms/rg/p95	float	10.28037055
/summary/native/timings_ms/rg/p99	float	11.383436720000002
/summary/native/timings_ms/write	object	-
/summary/native/timings_ms/write/p50	float	4.1156055
/summary/native/timings_ms/write/p95	float	4.784516850000001
/summary/native/timings_ms/write/p99	float	5.26010658
/summary/pvisor-fuse	object	-
/summary/pvisor-fuse/n	integer	30
/summary/pvisor-fuse/timings_ms	object	-
/summary/pvisor-fuse/timings_ms/cargo	object	-
/summary/pvisor-fuse/timings_ms/cargo/p50	float	73.560471
/summary/pvisor-fuse/timings_ms/cargo/p95	float	80.13484105
/summary/pvisor-fuse/timings_ms/cargo/p99	float	81.48644187000001
/summary/pvisor-fuse/timings_ms/completion_ms	object	-
/summary/pvisor-fuse/timings_ms/completion_ms/p50	float	603.8067485
/summary/pvisor-fuse/timings_ms/completion_ms/p95	float	629.0795273
/summary/pvisor-fuse/timings_ms/completion_ms/p99	float	638.9206057
/summary/pvisor-fuse/timings_ms/git	object	-
/summary/pvisor-fuse/timings_ms/git/p50	float	40.4941265
/summary/pvisor-fuse/timings_ms/git/p95	float	43.33580715000001
/summary/pvisor-fuse/timings_ms/git/p99	float	46.65618003
/summary/pvisor-fuse/timings_ms/metadata	object	-
/summary/pvisor-fuse/timings_ms/metadata/p50	float	22.041644499999997
/summary/pvisor-fuse/timings_ms/metadata/p95	float	23.9237379
/summary/pvisor-fuse/timings_ms/metadata/p99	float	24.488918700000003
/summary/pvisor-fuse/timings_ms/npm	object	-
/summary/pvisor-fuse/timings_ms/npm/p50	float	182.283664
/summary/pvisor-fuse/timings_ms/npm/p95	float	187.76997785
/summary/pvisor-fuse/timings_ms/npm/p99	float	198.12123577
/summary/pvisor-fuse/timings_ms/read	object	-
/summary/pvisor-fuse/timings_ms/read/p50	float	39.1729905
/summary/pvisor-fuse/timings_ms/read/p95	float	41.835839050000004
/summary/pvisor-fuse/timings_ms/read/p99	float	42.431082020000005
/summary/pvisor-fuse/timings_ms/ready_ms	object	-
/summary/pvisor-fuse/timings_ms/ready_ms/p50	float	53.498586
/summary/pvisor-fuse/timings_ms/ready_ms/p95	float	55.50248825
/summary/pvisor-fuse/timings_ms/ready_ms/p99	float	60.49787993000001
/summary/pvisor-fuse/timings_ms/rg	object	-
/summary/pvisor-fuse/timings_ms/rg/p50	float	28.069795
/summary/pvisor-fuse/timings_ms/rg/p95	float	29.087934450000002
/summary/pvisor-fuse/timings_ms/rg/p99	float	29.33168198
/summary/pvisor-fuse/timings_ms/write	object	-
/summary/pvisor-fuse/timings_ms/write/p50	float	12.517445500000001
/summary/pvisor-fuse/timings_ms/write/p95	float	13.9845877
/summary/pvisor-fuse/timings_ms/write/p99	float	14.53987986
/summary/pvisor-host	object	-
/summary/pvisor-host/n	integer	30
/summary/pvisor-host/timings_ms	object	-
/summary/pvisor-host/timings_ms/cargo	object	-
/summary/pvisor-host/timings_ms/cargo/p50	float	57.3632525
/summary/pvisor-host/timings_ms/cargo/p95	float	62.2937365
/summary/pvisor-host/timings_ms/cargo/p99	float	64.46544945000001
/summary/pvisor-host/timings_ms/completion_ms	object	-
/summary/pvisor-host/timings_ms/completion_ms/p50	float	490.800908
/summary/pvisor-host/timings_ms/completion_ms/p95	float	506.75897045000005
/summary/pvisor-host/timings_ms/completion_ms/p99	float	526.6701936
/summary/pvisor-host/timings_ms/git	object	-
/summary/pvisor-host/timings_ms/git/p50	float	15.119035499999999
/summary/pvisor-host/timings_ms/git/p95	float	16.1470348
/summary/pvisor-host/timings_ms/git/p99	float	16.51217122
/summary/pvisor-host/timings_ms/metadata	object	-
/summary/pvisor-host/timings_ms/metadata/p50	float	4.877923
/summary/pvisor-host/timings_ms/metadata/p95	float	5.15560535
/summary/pvisor-host/timings_ms/metadata/p99	float	5.2492112099999995
/summary/pvisor-host/timings_ms/npm	object	-
/summary/pvisor-host/timings_ms/npm/p50	float	177.17564099999998
/summary/pvisor-host/timings_ms/npm/p95	float	181.97253245000002
/summary/pvisor-host/timings_ms/npm/p99	float	182.65275522000002
/summary/pvisor-host/timings_ms/read	object	-
/summary/pvisor-host/timings_ms/read/p50	float	32.178247
/summary/pvisor-host/timings_ms/read/p95	float	33.00771695
/summary/pvisor-host/timings_ms/read/p99	float	33.14142728
/summary/pvisor-host/timings_ms/ready_ms	object	-
/summary/pvisor-host/timings_ms/ready_ms/p50	float	52.1476845
/summary/pvisor-host/timings_ms/ready_ms/p95	float	54.018067349999995
/summary/pvisor-host/timings_ms/ready_ms/p99	float	54.31345311
/summary/pvisor-host/timings_ms/rg	object	-
/summary/pvisor-host/timings_ms/rg/p50	float	7.6965935
/summary/pvisor-host/timings_ms/rg/p95	float	10.181024749999999
/summary/pvisor-host/timings_ms/rg/p99	float	10.29968298
/summary/pvisor-host/timings_ms/write	object	-
/summary/pvisor-host/timings_ms/write/p50	float	4.070511
/summary/pvisor-host/timings_ms/write/p95	float	5.02200145
/summary/pvisor-host/timings_ms/write/p99	float	5.321291800000001
/summary/pvisor-staged	object	-
/summary/pvisor-staged/n	integer	30
/summary/pvisor-staged/timings_ms	object	-
/summary/pvisor-staged/timings_ms/cargo	object	-
/summary/pvisor-staged/timings_ms/cargo/p50	float	117.27945600000001
/summary/pvisor-staged/timings_ms/cargo/p95	float	134.3720753
/summary/pvisor-staged/timings_ms/cargo/p99	float	216.6100351700001
/summary/pvisor-staged/timings_ms/completion_ms	object	-
/summary/pvisor-staged/timings_ms/completion_ms/p50	float	1328.4965725000002
/summary/pvisor-staged/timings_ms/completion_ms/p95	float	1376.5500269
/summary/pvisor-staged/timings_ms/completion_ms/p99	float	1432.4604941000002
/summary/pvisor-staged/timings_ms/git	object	-
/summary/pvisor-staged/timings_ms/git/p50	float	173.484447
/summary/pvisor-staged/timings_ms/git/p95	float	182.17498005
/summary/pvisor-staged/timings_ms/git/p99	float	186.83001059000003
/summary/pvisor-staged/timings_ms/metadata	object	-
/summary/pvisor-staged/timings_ms/metadata/p50	float	78.0585655
/summary/pvisor-staged/timings_ms/metadata/p95	float	81.42099569999999
/summary/pvisor-staged/timings_ms/metadata/p99	float	83.5962655
/summary/pvisor-staged/timings_ms/npm	object	-
/summary/pvisor-staged/timings_ms/npm/p50	float	268.45905700000003
/summary/pvisor-staged/timings_ms/npm/p95	float	282.46599775
/summary/pvisor-staged/timings_ms/npm/p99	float	289.63438923
/summary/pvisor-staged/timings_ms/read	object	-
/summary/pvisor-staged/timings_ms/read/p50	float	68.5621725
/summary/pvisor-staged/timings_ms/read/p95	float	76.4257342
/summary/pvisor-staged/timings_ms/read/p99	float	81.19921225
/summary/pvisor-staged/timings_ms/ready_ms	object	-
/summary/pvisor-staged/timings_ms/ready_ms/p50	float	63.740204000000006
/summary/pvisor-staged/timings_ms/ready_ms/p95	float	65.4269769
/summary/pvisor-staged/timings_ms/ready_ms/p99	float	66.14094618
/summary/pvisor-staged/timings_ms/rg	object	-
/summary/pvisor-staged/timings_ms/rg/p50	float	91.3824655
/summary/pvisor-staged/timings_ms/rg/p95	float	94.40327085000001
/summary/pvisor-staged/timings_ms/rg/p99	float	95.33437237999999
/summary/pvisor-staged/timings_ms/write	object	-
/summary/pvisor-staged/timings_ms/write/p50	float	206.398187
/summary/pvisor-staged/timings_ms/write/p95	float	217.93428935
/summary/pvisor-staged/timings_ms/write/p99	float	218.12995784
/workload_sha256	string	ff6c391b623e12351cf3dbca19e15af33c6162b8b8134748f13d86b30dde400e
