source_document,section,source_conditions,table_context,row,metric,value
filesystem.md,Main conclusions {#conclusions},"Shared Linux/x86_64 host, AMD Ryzen 7 9700X, Fedora kernel 7.2.8-200.fc44.x86_64. Launch trees and the private Docker daemon are pinned to host CPUs 0,1; guests have 2 vCPU. Host/staged use rootless_process. Shell VMs use 128 MiB; tool VMs use 16 GiB. Native/Docker memory is not capped: this controls CPU and configured guest RAM, not identical resource enforcement. Tools and inputs are prepared; each run gets a fresh workspace, warm caches, three warmups and 60 measured trials, with seeded randomized backend order. Builds, downloads and input copying are excluded.

Docker Engine 29.7.2 uses a private rootless VFS daemon and writable bind mounts. This does not represent overlay2 or Docker Desktop. Firecracker 1.13.1 PCI runs without jailer; QEMU 10.2.2 uses q35/microvm with private ext4. pVisor VM uses virtio-fs and a different kernel. Kernel, storage, devices and staging semantics remain configuration differences; these results do not isolate the VMM or FUSE alone.

Workload: 2,048 files in 32 directories; 64 MiB read with SHA256 verification; 256 × 64 KiB writes; git status; rg; 64 dependency-free Cargo modules; 32 offline npm packages. Operation timers include checks, excluding launch/exit. Completion includes all seven and exit. Large repositories, cold disks, Internet registries and concurrency throughput are unmeasured.",**Rootless pVisor host stays close to native tools; staged adds file-access and retained-change costs. pVisor VM takes longer than the measured Firecracker/QEMU configurations for the seven-tool task. Docker VFS creation is costly even where bind-mount tools are fast.**,Local tools and retained edits,Selection implication,Evaluate rootless host/staged
filesystem.md,Main conclusions {#conclusions},"Shared Linux/x86_64 host, AMD Ryzen 7 9700X, Fedora kernel 7.2.8-200.fc44.x86_64. Launch trees and the private Docker daemon are pinned to host CPUs 0,1; guests have 2 vCPU. Host/staged use rootless_process. Shell VMs use 128 MiB; tool VMs use 16 GiB. Native/Docker memory is not capped: this controls CPU and configured guest RAM, not identical resource enforcement. Tools and inputs are prepared; each run gets a fresh workspace, warm caches, three warmups and 60 measured trials, with seeded randomized backend order. Builds, downloads and input copying are excluded.

Docker Engine 29.7.2 uses a private rootless VFS daemon and writable bind mounts. This does not represent overlay2 or Docker Desktop. Firecracker 1.13.1 PCI runs without jailer; QEMU 10.2.2 uses q35/microvm with private ext4. pVisor VM uses virtio-fs and a different kernel. Kernel, storage, devices and staging semantics remain configuration differences; these results do not isolate the VMM or FUSE alone.

Workload: 2,048 files in 32 directories; 64 MiB read with SHA256 verification; 256 × 64 KiB writes; git status; rg; 64 dependency-free Cargo modules; 32 offline npm packages. Operation timers include checks, excluding launch/exit. Completion includes all seven and exit. Large repositories, cold disks, Internet registries and concurrency throughput are unmeasured.",**Rootless pVisor host stays close to native tools; staged adds file-access and retained-change costs. pVisor VM takes longer than the measured Firecracker/QEMU configurations for the seven-tool task. Docker VFS creation is costly even where bind-mount tools are fast.**,Independent guest kernel,Selection implication,Budget complete VM tool time
filesystem.md,Main conclusions {#conclusions},"Shared Linux/x86_64 host, AMD Ryzen 7 9700X, Fedora kernel 7.2.8-200.fc44.x86_64. Launch trees and the private Docker daemon are pinned to host CPUs 0,1; guests have 2 vCPU. Host/staged use rootless_process. Shell VMs use 128 MiB; tool VMs use 16 GiB. Native/Docker memory is not capped: this controls CPU and configured guest RAM, not identical resource enforcement. Tools and inputs are prepared; each run gets a fresh workspace, warm caches, three warmups and 60 measured trials, with seeded randomized backend order. Builds, downloads and input copying are excluded.

Docker Engine 29.7.2 uses a private rootless VFS daemon and writable bind mounts. This does not represent overlay2 or Docker Desktop. Firecracker 1.13.1 PCI runs without jailer; QEMU 10.2.2 uses q35/microvm with private ext4. pVisor VM uses virtio-fs and a different kernel. Kernel, storage, devices and staging semantics remain configuration differences; these results do not isolate the VMM or FUSE alone.

Workload: 2,048 files in 32 directories; 64 MiB read with SHA256 verification; 256 × 64 KiB writes; git status; rg; 64 dependency-free Cargo modules; 32 offline npm packages. Operation timers include checks, excluding launch/exit. Completion includes all seven and exit. Large repositories, cold disks, Internet registries and concurrency throughput are unmeasured.",**Rootless pVisor host stays close to native tools; staged adds file-access and retained-change costs. pVisor VM takes longer than the measured Firecracker/QEMU configurations for the seven-tool task. Docker VFS creation is costly even where bind-mount tools are fast.**,Existing container/Git workflow,Selection implication,Compare costs and required review semantics
filesystem.md,Seven operations {#reference-fs},"Shared Linux/x86_64 host, AMD Ryzen 7 9700X, Fedora kernel 7.2.8-200.fc44.x86_64. Launch trees and the private Docker daemon are pinned to host CPUs 0,1; guests have 2 vCPU. Host/staged use rootless_process. Shell VMs use 128 MiB; tool VMs use 16 GiB. Native/Docker memory is not capped: this controls CPU and configured guest RAM, not identical resource enforcement. Tools and inputs are prepared; each run gets a fresh workspace, warm caches, three warmups and 60 measured trials, with seeded randomized backend order. Builds, downloads and input copying are excluded.

Docker Engine 29.7.2 uses a private rootless VFS daemon and writable bind mounts. This does not represent overlay2 or Docker Desktop. Firecracker 1.13.1 PCI runs without jailer; QEMU 10.2.2 uses q35/microvm with private ext4. pVisor VM uses virtio-fs and a different kernel. Kernel, storage, devices and staging semantics remain configuration differences; these results do not isolate the VMM or FUSE alone.

Workload: 2,048 files in 32 directories; 64 MiB read with SHA256 verification; 256 × 64 KiB writes; git status; rg; 64 dependency-free Cargo modules; 32 offline npm packages. Operation timers include checks, excluding launch/exit. Completion includes all seven and exit. Large repositories, cold disks, Internet registries and concurrency throughput are unmeasured.",Units: ms; P50 or individual cluster medians with counts.,"Traverse 2,048 files",Native,4.68
filesystem.md,Seven operations {#reference-fs},"Shared Linux/x86_64 host, AMD Ryzen 7 9700X, Fedora kernel 7.2.8-200.fc44.x86_64. Launch trees and the private Docker daemon are pinned to host CPUs 0,1; guests have 2 vCPU. Host/staged use rootless_process. Shell VMs use 128 MiB; tool VMs use 16 GiB. Native/Docker memory is not capped: this controls CPU and configured guest RAM, not identical resource enforcement. Tools and inputs are prepared; each run gets a fresh workspace, warm caches, three warmups and 60 measured trials, with seeded randomized backend order. Builds, downloads and input copying are excluded.

Docker Engine 29.7.2 uses a private rootless VFS daemon and writable bind mounts. This does not represent overlay2 or Docker Desktop. Firecracker 1.13.1 PCI runs without jailer; QEMU 10.2.2 uses q35/microvm with private ext4. pVisor VM uses virtio-fs and a different kernel. Kernel, storage, devices and staging semantics remain configuration differences; these results do not isolate the VMM or FUSE alone.

Workload: 2,048 files in 32 directories; 64 MiB read with SHA256 verification; 256 × 64 KiB writes; git status; rg; 64 dependency-free Cargo modules; 32 offline npm packages. Operation timers include checks, excluding launch/exit. Completion includes all seven and exit. Large repositories, cold disks, Internet registries and concurrency throughput are unmeasured.",Units: ms; P50 or individual cluster medians with counts.,"Traverse 2,048 files",pVisor host,4.69
filesystem.md,Seven operations {#reference-fs},"Shared Linux/x86_64 host, AMD Ryzen 7 9700X, Fedora kernel 7.2.8-200.fc44.x86_64. Launch trees and the private Docker daemon are pinned to host CPUs 0,1; guests have 2 vCPU. Host/staged use rootless_process. Shell VMs use 128 MiB; tool VMs use 16 GiB. Native/Docker memory is not capped: this controls CPU and configured guest RAM, not identical resource enforcement. Tools and inputs are prepared; each run gets a fresh workspace, warm caches, three warmups and 60 measured trials, with seeded randomized backend order. Builds, downloads and input copying are excluded.

Docker Engine 29.7.2 uses a private rootless VFS daemon and writable bind mounts. This does not represent overlay2 or Docker Desktop. Firecracker 1.13.1 PCI runs without jailer; QEMU 10.2.2 uses q35/microvm with private ext4. pVisor VM uses virtio-fs and a different kernel. Kernel, storage, devices and staging semantics remain configuration differences; these results do not isolate the VMM or FUSE alone.

Workload: 2,048 files in 32 directories; 64 MiB read with SHA256 verification; 256 × 64 KiB writes; git status; rg; 64 dependency-free Cargo modules; 32 offline npm packages. Operation timers include checks, excluding launch/exit. Completion includes all seven and exit. Large repositories, cold disks, Internet registries and concurrency throughput are unmeasured.",Units: ms; P50 or individual cluster medians with counts.,"Traverse 2,048 files",pVisor staged,74.90
filesystem.md,Seven operations {#reference-fs},"Shared Linux/x86_64 host, AMD Ryzen 7 9700X, Fedora kernel 7.2.8-200.fc44.x86_64. Launch trees and the private Docker daemon are pinned to host CPUs 0,1; guests have 2 vCPU. Host/staged use rootless_process. Shell VMs use 128 MiB; tool VMs use 16 GiB. Native/Docker memory is not capped: this controls CPU and configured guest RAM, not identical resource enforcement. Tools and inputs are prepared; each run gets a fresh workspace, warm caches, three warmups and 60 measured trials, with seeded randomized backend order. Builds, downloads and input copying are excluded.

Docker Engine 29.7.2 uses a private rootless VFS daemon and writable bind mounts. This does not represent overlay2 or Docker Desktop. Firecracker 1.13.1 PCI runs without jailer; QEMU 10.2.2 uses q35/microvm with private ext4. pVisor VM uses virtio-fs and a different kernel. Kernel, storage, devices and staging semantics remain configuration differences; these results do not isolate the VMM or FUSE alone.

Workload: 2,048 files in 32 directories; 64 MiB read with SHA256 verification; 256 × 64 KiB writes; git status; rg; 64 dependency-free Cargo modules; 32 offline npm packages. Operation timers include checks, excluding launch/exit. Completion includes all seven and exit. Large repositories, cold disks, Internet registries and concurrency throughput are unmeasured.",Units: ms; P50 or individual cluster medians with counts.,"Traverse 2,048 files",pVisor VM,227.11
filesystem.md,Seven operations {#reference-fs},"Shared Linux/x86_64 host, AMD Ryzen 7 9700X, Fedora kernel 7.2.8-200.fc44.x86_64. Launch trees and the private Docker daemon are pinned to host CPUs 0,1; guests have 2 vCPU. Host/staged use rootless_process. Shell VMs use 128 MiB; tool VMs use 16 GiB. Native/Docker memory is not capped: this controls CPU and configured guest RAM, not identical resource enforcement. Tools and inputs are prepared; each run gets a fresh workspace, warm caches, three warmups and 60 measured trials, with seeded randomized backend order. Builds, downloads and input copying are excluded.

Docker Engine 29.7.2 uses a private rootless VFS daemon and writable bind mounts. This does not represent overlay2 or Docker Desktop. Firecracker 1.13.1 PCI runs without jailer; QEMU 10.2.2 uses q35/microvm with private ext4. pVisor VM uses virtio-fs and a different kernel. Kernel, storage, devices and staging semantics remain configuration differences; these results do not isolate the VMM or FUSE alone.

Workload: 2,048 files in 32 directories; 64 MiB read with SHA256 verification; 256 × 64 KiB writes; git status; rg; 64 dependency-free Cargo modules; 32 offline npm packages. Operation timers include checks, excluding launch/exit. Completion includes all seven and exit. Large repositories, cold disks, Internet registries and concurrency throughput are unmeasured.",Units: ms; P50 or individual cluster medians with counts.,"Traverse 2,048 files",Docker rootless / VFS,5.03
filesystem.md,Seven operations {#reference-fs},"Shared Linux/x86_64 host, AMD Ryzen 7 9700X, Fedora kernel 7.2.8-200.fc44.x86_64. Launch trees and the private Docker daemon are pinned to host CPUs 0,1; guests have 2 vCPU. Host/staged use rootless_process. Shell VMs use 128 MiB; tool VMs use 16 GiB. Native/Docker memory is not capped: this controls CPU and configured guest RAM, not identical resource enforcement. Tools and inputs are prepared; each run gets a fresh workspace, warm caches, three warmups and 60 measured trials, with seeded randomized backend order. Builds, downloads and input copying are excluded.

Docker Engine 29.7.2 uses a private rootless VFS daemon and writable bind mounts. This does not represent overlay2 or Docker Desktop. Firecracker 1.13.1 PCI runs without jailer; QEMU 10.2.2 uses q35/microvm with private ext4. pVisor VM uses virtio-fs and a different kernel. Kernel, storage, devices and staging semantics remain configuration differences; these results do not isolate the VMM or FUSE alone.

Workload: 2,048 files in 32 directories; 64 MiB read with SHA256 verification; 256 × 64 KiB writes; git status; rg; 64 dependency-free Cargo modules; 32 offline npm packages. Operation timers include checks, excluding launch/exit. Completion includes all seven and exit. Large repositories, cold disks, Internet registries and concurrency throughput are unmeasured.",Units: ms; P50 or individual cluster medians with counts.,"Traverse 2,048 files",Firecracker PCI,23.30
filesystem.md,Seven operations {#reference-fs},"Shared Linux/x86_64 host, AMD Ryzen 7 9700X, Fedora kernel 7.2.8-200.fc44.x86_64. Launch trees and the private Docker daemon are pinned to host CPUs 0,1; guests have 2 vCPU. Host/staged use rootless_process. Shell VMs use 128 MiB; tool VMs use 16 GiB. Native/Docker memory is not capped: this controls CPU and configured guest RAM, not identical resource enforcement. Tools and inputs are prepared; each run gets a fresh workspace, warm caches, three warmups and 60 measured trials, with seeded randomized backend order. Builds, downloads and input copying are excluded.

Docker Engine 29.7.2 uses a private rootless VFS daemon and writable bind mounts. This does not represent overlay2 or Docker Desktop. Firecracker 1.13.1 PCI runs without jailer; QEMU 10.2.2 uses q35/microvm with private ext4. pVisor VM uses virtio-fs and a different kernel. Kernel, storage, devices and staging semantics remain configuration differences; these results do not isolate the VMM or FUSE alone.

Workload: 2,048 files in 32 directories; 64 MiB read with SHA256 verification; 256 × 64 KiB writes; git status; rg; 64 dependency-free Cargo modules; 32 offline npm packages. Operation timers include checks, excluding launch/exit. Completion includes all seven and exit. Large repositories, cold disks, Internet registries and concurrency throughput are unmeasured.",Units: ms; P50 or individual cluster medians with counts.,"Traverse 2,048 files",QEMU q35,24.99
filesystem.md,Seven operations {#reference-fs},"Shared Linux/x86_64 host, AMD Ryzen 7 9700X, Fedora kernel 7.2.8-200.fc44.x86_64. Launch trees and the private Docker daemon are pinned to host CPUs 0,1; guests have 2 vCPU. Host/staged use rootless_process. Shell VMs use 128 MiB; tool VMs use 16 GiB. Native/Docker memory is not capped: this controls CPU and configured guest RAM, not identical resource enforcement. Tools and inputs are prepared; each run gets a fresh workspace, warm caches, three warmups and 60 measured trials, with seeded randomized backend order. Builds, downloads and input copying are excluded.

Docker Engine 29.7.2 uses a private rootless VFS daemon and writable bind mounts. This does not represent overlay2 or Docker Desktop. Firecracker 1.13.1 PCI runs without jailer; QEMU 10.2.2 uses q35/microvm with private ext4. pVisor VM uses virtio-fs and a different kernel. Kernel, storage, devices and staging semantics remain configuration differences; these results do not isolate the VMM or FUSE alone.

Workload: 2,048 files in 32 directories; 64 MiB read with SHA256 verification; 256 × 64 KiB writes; git status; rg; 64 dependency-free Cargo modules; 32 offline npm packages. Operation timers include checks, excluding launch/exit. Completion includes all seven and exit. Large repositories, cold disks, Internet registries and concurrency throughput are unmeasured.",Units: ms; P50 or individual cluster medians with counts.,"Traverse 2,048 files",QEMU microvm,27.76
filesystem.md,Seven operations {#reference-fs},"Shared Linux/x86_64 host, AMD Ryzen 7 9700X, Fedora kernel 7.2.8-200.fc44.x86_64. Launch trees and the private Docker daemon are pinned to host CPUs 0,1; guests have 2 vCPU. Host/staged use rootless_process. Shell VMs use 128 MiB; tool VMs use 16 GiB. Native/Docker memory is not capped: this controls CPU and configured guest RAM, not identical resource enforcement. Tools and inputs are prepared; each run gets a fresh workspace, warm caches, three warmups and 60 measured trials, with seeded randomized backend order. Builds, downloads and input copying are excluded.

Docker Engine 29.7.2 uses a private rootless VFS daemon and writable bind mounts. This does not represent overlay2 or Docker Desktop. Firecracker 1.13.1 PCI runs without jailer; QEMU 10.2.2 uses q35/microvm with private ext4. pVisor VM uses virtio-fs and a different kernel. Kernel, storage, devices and staging semantics remain configuration differences; these results do not isolate the VMM or FUSE alone.

Workload: 2,048 files in 32 directories; 64 MiB read with SHA256 verification; 256 × 64 KiB writes; git status; rg; 64 dependency-free Cargo modules; 32 offline npm packages. Operation timers include checks, excluding launch/exit. Completion includes all seven and exit. Large repositories, cold disks, Internet registries and concurrency throughput are unmeasured.",Units: ms; P50 or individual cluster medians with counts.,Read/verify 64 MiB,Native,33.28
filesystem.md,Seven operations {#reference-fs},"Shared Linux/x86_64 host, AMD Ryzen 7 9700X, Fedora kernel 7.2.8-200.fc44.x86_64. Launch trees and the private Docker daemon are pinned to host CPUs 0,1; guests have 2 vCPU. Host/staged use rootless_process. Shell VMs use 128 MiB; tool VMs use 16 GiB. Native/Docker memory is not capped: this controls CPU and configured guest RAM, not identical resource enforcement. Tools and inputs are prepared; each run gets a fresh workspace, warm caches, three warmups and 60 measured trials, with seeded randomized backend order. Builds, downloads and input copying are excluded.

Docker Engine 29.7.2 uses a private rootless VFS daemon and writable bind mounts. This does not represent overlay2 or Docker Desktop. Firecracker 1.13.1 PCI runs without jailer; QEMU 10.2.2 uses q35/microvm with private ext4. pVisor VM uses virtio-fs and a different kernel. Kernel, storage, devices and staging semantics remain configuration differences; these results do not isolate the VMM or FUSE alone.

Workload: 2,048 files in 32 directories; 64 MiB read with SHA256 verification; 256 × 64 KiB writes; git status; rg; 64 dependency-free Cargo modules; 32 offline npm packages. Operation timers include checks, excluding launch/exit. Completion includes all seven and exit. Large repositories, cold disks, Internet registries and concurrency throughput are unmeasured.",Units: ms; P50 or individual cluster medians with counts.,Read/verify 64 MiB,pVisor host,32.53
filesystem.md,Seven operations {#reference-fs},"Shared Linux/x86_64 host, AMD Ryzen 7 9700X, Fedora kernel 7.2.8-200.fc44.x86_64. Launch trees and the private Docker daemon are pinned to host CPUs 0,1; guests have 2 vCPU. Host/staged use rootless_process. Shell VMs use 128 MiB; tool VMs use 16 GiB. Native/Docker memory is not capped: this controls CPU and configured guest RAM, not identical resource enforcement. Tools and inputs are prepared; each run gets a fresh workspace, warm caches, three warmups and 60 measured trials, with seeded randomized backend order. Builds, downloads and input copying are excluded.

Docker Engine 29.7.2 uses a private rootless VFS daemon and writable bind mounts. This does not represent overlay2 or Docker Desktop. Firecracker 1.13.1 PCI runs without jailer; QEMU 10.2.2 uses q35/microvm with private ext4. pVisor VM uses virtio-fs and a different kernel. Kernel, storage, devices and staging semantics remain configuration differences; these results do not isolate the VMM or FUSE alone.

Workload: 2,048 files in 32 directories; 64 MiB read with SHA256 verification; 256 × 64 KiB writes; git status; rg; 64 dependency-free Cargo modules; 32 offline npm packages. Operation timers include checks, excluding launch/exit. Completion includes all seven and exit. Large repositories, cold disks, Internet registries and concurrency throughput are unmeasured.",Units: ms; P50 or individual cluster medians with counts.,Read/verify 64 MiB,pVisor staged,68.85
filesystem.md,Seven operations {#reference-fs},"Shared Linux/x86_64 host, AMD Ryzen 7 9700X, Fedora kernel 7.2.8-200.fc44.x86_64. Launch trees and the private Docker daemon are pinned to host CPUs 0,1; guests have 2 vCPU. Host/staged use rootless_process. Shell VMs use 128 MiB; tool VMs use 16 GiB. Native/Docker memory is not capped: this controls CPU and configured guest RAM, not identical resource enforcement. Tools and inputs are prepared; each run gets a fresh workspace, warm caches, three warmups and 60 measured trials, with seeded randomized backend order. Builds, downloads and input copying are excluded.

Docker Engine 29.7.2 uses a private rootless VFS daemon and writable bind mounts. This does not represent overlay2 or Docker Desktop. Firecracker 1.13.1 PCI runs without jailer; QEMU 10.2.2 uses q35/microvm with private ext4. pVisor VM uses virtio-fs and a different kernel. Kernel, storage, devices and staging semantics remain configuration differences; these results do not isolate the VMM or FUSE alone.

Workload: 2,048 files in 32 directories; 64 MiB read with SHA256 verification; 256 × 64 KiB writes; git status; rg; 64 dependency-free Cargo modules; 32 offline npm packages. Operation timers include checks, excluding launch/exit. Completion includes all seven and exit. Large repositories, cold disks, Internet registries and concurrency throughput are unmeasured.",Units: ms; P50 or individual cluster medians with counts.,Read/verify 64 MiB,pVisor VM,154.80
filesystem.md,Seven operations {#reference-fs},"Shared Linux/x86_64 host, AMD Ryzen 7 9700X, Fedora kernel 7.2.8-200.fc44.x86_64. Launch trees and the private Docker daemon are pinned to host CPUs 0,1; guests have 2 vCPU. Host/staged use rootless_process. Shell VMs use 128 MiB; tool VMs use 16 GiB. Native/Docker memory is not capped: this controls CPU and configured guest RAM, not identical resource enforcement. Tools and inputs are prepared; each run gets a fresh workspace, warm caches, three warmups and 60 measured trials, with seeded randomized backend order. Builds, downloads and input copying are excluded.

Docker Engine 29.7.2 uses a private rootless VFS daemon and writable bind mounts. This does not represent overlay2 or Docker Desktop. Firecracker 1.13.1 PCI runs without jailer; QEMU 10.2.2 uses q35/microvm with private ext4. pVisor VM uses virtio-fs and a different kernel. Kernel, storage, devices and staging semantics remain configuration differences; these results do not isolate the VMM or FUSE alone.

Workload: 2,048 files in 32 directories; 64 MiB read with SHA256 verification; 256 × 64 KiB writes; git status; rg; 64 dependency-free Cargo modules; 32 offline npm packages. Operation timers include checks, excluding launch/exit. Completion includes all seven and exit. Large repositories, cold disks, Internet registries and concurrency throughput are unmeasured.",Units: ms; P50 or individual cluster medians with counts.,Read/verify 64 MiB,Docker rootless / VFS,32.48
filesystem.md,Seven operations {#reference-fs},"Shared Linux/x86_64 host, AMD Ryzen 7 9700X, Fedora kernel 7.2.8-200.fc44.x86_64. Launch trees and the private Docker daemon are pinned to host CPUs 0,1; guests have 2 vCPU. Host/staged use rootless_process. Shell VMs use 128 MiB; tool VMs use 16 GiB. Native/Docker memory is not capped: this controls CPU and configured guest RAM, not identical resource enforcement. Tools and inputs are prepared; each run gets a fresh workspace, warm caches, three warmups and 60 measured trials, with seeded randomized backend order. Builds, downloads and input copying are excluded.

Docker Engine 29.7.2 uses a private rootless VFS daemon and writable bind mounts. This does not represent overlay2 or Docker Desktop. Firecracker 1.13.1 PCI runs without jailer; QEMU 10.2.2 uses q35/microvm with private ext4. pVisor VM uses virtio-fs and a different kernel. Kernel, storage, devices and staging semantics remain configuration differences; these results do not isolate the VMM or FUSE alone.

Workload: 2,048 files in 32 directories; 64 MiB read with SHA256 verification; 256 × 64 KiB writes; git status; rg; 64 dependency-free Cargo modules; 32 offline npm packages. Operation timers include checks, excluding launch/exit. Completion includes all seven and exit. Large repositories, cold disks, Internet registries and concurrency throughput are unmeasured.",Units: ms; P50 or individual cluster medians with counts.,Read/verify 64 MiB,Firecracker PCI,81.30
filesystem.md,Seven operations {#reference-fs},"Shared Linux/x86_64 host, AMD Ryzen 7 9700X, Fedora kernel 7.2.8-200.fc44.x86_64. Launch trees and the private Docker daemon are pinned to host CPUs 0,1; guests have 2 vCPU. Host/staged use rootless_process. Shell VMs use 128 MiB; tool VMs use 16 GiB. Native/Docker memory is not capped: this controls CPU and configured guest RAM, not identical resource enforcement. Tools and inputs are prepared; each run gets a fresh workspace, warm caches, three warmups and 60 measured trials, with seeded randomized backend order. Builds, downloads and input copying are excluded.

Docker Engine 29.7.2 uses a private rootless VFS daemon and writable bind mounts. This does not represent overlay2 or Docker Desktop. Firecracker 1.13.1 PCI runs without jailer; QEMU 10.2.2 uses q35/microvm with private ext4. pVisor VM uses virtio-fs and a different kernel. Kernel, storage, devices and staging semantics remain configuration differences; these results do not isolate the VMM or FUSE alone.

Workload: 2,048 files in 32 directories; 64 MiB read with SHA256 verification; 256 × 64 KiB writes; git status; rg; 64 dependency-free Cargo modules; 32 offline npm packages. Operation timers include checks, excluding launch/exit. Completion includes all seven and exit. Large repositories, cold disks, Internet registries and concurrency throughput are unmeasured.",Units: ms; P50 or individual cluster medians with counts.,Read/verify 64 MiB,QEMU q35,39.16 (15/60); 106.63 (45/60)
filesystem.md,Seven operations {#reference-fs},"Shared Linux/x86_64 host, AMD Ryzen 7 9700X, Fedora kernel 7.2.8-200.fc44.x86_64. Launch trees and the private Docker daemon are pinned to host CPUs 0,1; guests have 2 vCPU. Host/staged use rootless_process. Shell VMs use 128 MiB; tool VMs use 16 GiB. Native/Docker memory is not capped: this controls CPU and configured guest RAM, not identical resource enforcement. Tools and inputs are prepared; each run gets a fresh workspace, warm caches, three warmups and 60 measured trials, with seeded randomized backend order. Builds, downloads and input copying are excluded.

Docker Engine 29.7.2 uses a private rootless VFS daemon and writable bind mounts. This does not represent overlay2 or Docker Desktop. Firecracker 1.13.1 PCI runs without jailer; QEMU 10.2.2 uses q35/microvm with private ext4. pVisor VM uses virtio-fs and a different kernel. Kernel, storage, devices and staging semantics remain configuration differences; these results do not isolate the VMM or FUSE alone.

Workload: 2,048 files in 32 directories; 64 MiB read with SHA256 verification; 256 × 64 KiB writes; git status; rg; 64 dependency-free Cargo modules; 32 offline npm packages. Operation timers include checks, excluding launch/exit. Completion includes all seven and exit. Large repositories, cold disks, Internet registries and concurrency throughput are unmeasured.",Units: ms; P50 or individual cluster medians with counts.,Read/verify 64 MiB,QEMU microvm,41.63 (13/60); 105.45 (47/60)
filesystem.md,Seven operations {#reference-fs},"Shared Linux/x86_64 host, AMD Ryzen 7 9700X, Fedora kernel 7.2.8-200.fc44.x86_64. Launch trees and the private Docker daemon are pinned to host CPUs 0,1; guests have 2 vCPU. Host/staged use rootless_process. Shell VMs use 128 MiB; tool VMs use 16 GiB. Native/Docker memory is not capped: this controls CPU and configured guest RAM, not identical resource enforcement. Tools and inputs are prepared; each run gets a fresh workspace, warm caches, three warmups and 60 measured trials, with seeded randomized backend order. Builds, downloads and input copying are excluded.

Docker Engine 29.7.2 uses a private rootless VFS daemon and writable bind mounts. This does not represent overlay2 or Docker Desktop. Firecracker 1.13.1 PCI runs without jailer; QEMU 10.2.2 uses q35/microvm with private ext4. pVisor VM uses virtio-fs and a different kernel. Kernel, storage, devices and staging semantics remain configuration differences; these results do not isolate the VMM or FUSE alone.

Workload: 2,048 files in 32 directories; 64 MiB read with SHA256 verification; 256 × 64 KiB writes; git status; rg; 64 dependency-free Cargo modules; 32 offline npm packages. Operation timers include checks, excluding launch/exit. Completion includes all seven and exit. Large repositories, cold disks, Internet registries and concurrency throughput are unmeasured.",Units: ms; P50 or individual cluster medians with counts.,Write 256 files,Native,3.69
filesystem.md,Seven operations {#reference-fs},"Shared Linux/x86_64 host, AMD Ryzen 7 9700X, Fedora kernel 7.2.8-200.fc44.x86_64. Launch trees and the private Docker daemon are pinned to host CPUs 0,1; guests have 2 vCPU. Host/staged use rootless_process. Shell VMs use 128 MiB; tool VMs use 16 GiB. Native/Docker memory is not capped: this controls CPU and configured guest RAM, not identical resource enforcement. Tools and inputs are prepared; each run gets a fresh workspace, warm caches, three warmups and 60 measured trials, with seeded randomized backend order. Builds, downloads and input copying are excluded.

Docker Engine 29.7.2 uses a private rootless VFS daemon and writable bind mounts. This does not represent overlay2 or Docker Desktop. Firecracker 1.13.1 PCI runs without jailer; QEMU 10.2.2 uses q35/microvm with private ext4. pVisor VM uses virtio-fs and a different kernel. Kernel, storage, devices and staging semantics remain configuration differences; these results do not isolate the VMM or FUSE alone.

Workload: 2,048 files in 32 directories; 64 MiB read with SHA256 verification; 256 × 64 KiB writes; git status; rg; 64 dependency-free Cargo modules; 32 offline npm packages. Operation timers include checks, excluding launch/exit. Completion includes all seven and exit. Large repositories, cold disks, Internet registries and concurrency throughput are unmeasured.",Units: ms; P50 or individual cluster medians with counts.,Write 256 files,pVisor host,3.68
filesystem.md,Seven operations {#reference-fs},"Shared Linux/x86_64 host, AMD Ryzen 7 9700X, Fedora kernel 7.2.8-200.fc44.x86_64. Launch trees and the private Docker daemon are pinned to host CPUs 0,1; guests have 2 vCPU. Host/staged use rootless_process. Shell VMs use 128 MiB; tool VMs use 16 GiB. Native/Docker memory is not capped: this controls CPU and configured guest RAM, not identical resource enforcement. Tools and inputs are prepared; each run gets a fresh workspace, warm caches, three warmups and 60 measured trials, with seeded randomized backend order. Builds, downloads and input copying are excluded.

Docker Engine 29.7.2 uses a private rootless VFS daemon and writable bind mounts. This does not represent overlay2 or Docker Desktop. Firecracker 1.13.1 PCI runs without jailer; QEMU 10.2.2 uses q35/microvm with private ext4. pVisor VM uses virtio-fs and a different kernel. Kernel, storage, devices and staging semantics remain configuration differences; these results do not isolate the VMM or FUSE alone.

Workload: 2,048 files in 32 directories; 64 MiB read with SHA256 verification; 256 × 64 KiB writes; git status; rg; 64 dependency-free Cargo modules; 32 offline npm packages. Operation timers include checks, excluding launch/exit. Completion includes all seven and exit. Large repositories, cold disks, Internet registries and concurrency throughput are unmeasured.",Units: ms; P50 or individual cluster medians with counts.,Write 256 files,pVisor staged,27.10
filesystem.md,Seven operations {#reference-fs},"Shared Linux/x86_64 host, AMD Ryzen 7 9700X, Fedora kernel 7.2.8-200.fc44.x86_64. Launch trees and the private Docker daemon are pinned to host CPUs 0,1; guests have 2 vCPU. Host/staged use rootless_process. Shell VMs use 128 MiB; tool VMs use 16 GiB. Native/Docker memory is not capped: this controls CPU and configured guest RAM, not identical resource enforcement. Tools and inputs are prepared; each run gets a fresh workspace, warm caches, three warmups and 60 measured trials, with seeded randomized backend order. Builds, downloads and input copying are excluded.

Docker Engine 29.7.2 uses a private rootless VFS daemon and writable bind mounts. This does not represent overlay2 or Docker Desktop. Firecracker 1.13.1 PCI runs without jailer; QEMU 10.2.2 uses q35/microvm with private ext4. pVisor VM uses virtio-fs and a different kernel. Kernel, storage, devices and staging semantics remain configuration differences; these results do not isolate the VMM or FUSE alone.

Workload: 2,048 files in 32 directories; 64 MiB read with SHA256 verification; 256 × 64 KiB writes; git status; rg; 64 dependency-free Cargo modules; 32 offline npm packages. Operation timers include checks, excluding launch/exit. Completion includes all seven and exit. Large repositories, cold disks, Internet registries and concurrency throughput are unmeasured.",Units: ms; P50 or individual cluster medians with counts.,Write 256 files,pVisor VM,159.80
filesystem.md,Seven operations {#reference-fs},"Shared Linux/x86_64 host, AMD Ryzen 7 9700X, Fedora kernel 7.2.8-200.fc44.x86_64. Launch trees and the private Docker daemon are pinned to host CPUs 0,1; guests have 2 vCPU. Host/staged use rootless_process. Shell VMs use 128 MiB; tool VMs use 16 GiB. Native/Docker memory is not capped: this controls CPU and configured guest RAM, not identical resource enforcement. Tools and inputs are prepared; each run gets a fresh workspace, warm caches, three warmups and 60 measured trials, with seeded randomized backend order. Builds, downloads and input copying are excluded.

Docker Engine 29.7.2 uses a private rootless VFS daemon and writable bind mounts. This does not represent overlay2 or Docker Desktop. Firecracker 1.13.1 PCI runs without jailer; QEMU 10.2.2 uses q35/microvm with private ext4. pVisor VM uses virtio-fs and a different kernel. Kernel, storage, devices and staging semantics remain configuration differences; these results do not isolate the VMM or FUSE alone.

Workload: 2,048 files in 32 directories; 64 MiB read with SHA256 verification; 256 × 64 KiB writes; git status; rg; 64 dependency-free Cargo modules; 32 offline npm packages. Operation timers include checks, excluding launch/exit. Completion includes all seven and exit. Large repositories, cold disks, Internet registries and concurrency throughput are unmeasured.",Units: ms; P50 or individual cluster medians with counts.,Write 256 files,Docker rootless / VFS,3.69 (54/60); 6.80 (6/60)
filesystem.md,Seven operations {#reference-fs},"Shared Linux/x86_64 host, AMD Ryzen 7 9700X, Fedora kernel 7.2.8-200.fc44.x86_64. Launch trees and the private Docker daemon are pinned to host CPUs 0,1; guests have 2 vCPU. Host/staged use rootless_process. Shell VMs use 128 MiB; tool VMs use 16 GiB. Native/Docker memory is not capped: this controls CPU and configured guest RAM, not identical resource enforcement. Tools and inputs are prepared; each run gets a fresh workspace, warm caches, three warmups and 60 measured trials, with seeded randomized backend order. Builds, downloads and input copying are excluded.

Docker Engine 29.7.2 uses a private rootless VFS daemon and writable bind mounts. This does not represent overlay2 or Docker Desktop. Firecracker 1.13.1 PCI runs without jailer; QEMU 10.2.2 uses q35/microvm with private ext4. pVisor VM uses virtio-fs and a different kernel. Kernel, storage, devices and staging semantics remain configuration differences; these results do not isolate the VMM or FUSE alone.

Workload: 2,048 files in 32 directories; 64 MiB read with SHA256 verification; 256 × 64 KiB writes; git status; rg; 64 dependency-free Cargo modules; 32 offline npm packages. Operation timers include checks, excluding launch/exit. Completion includes all seven and exit. Large repositories, cold disks, Internet registries and concurrency throughput are unmeasured.",Units: ms; P50 or individual cluster medians with counts.,Write 256 files,Firecracker PCI,43.83
filesystem.md,Seven operations {#reference-fs},"Shared Linux/x86_64 host, AMD Ryzen 7 9700X, Fedora kernel 7.2.8-200.fc44.x86_64. Launch trees and the private Docker daemon are pinned to host CPUs 0,1; guests have 2 vCPU. Host/staged use rootless_process. Shell VMs use 128 MiB; tool VMs use 16 GiB. Native/Docker memory is not capped: this controls CPU and configured guest RAM, not identical resource enforcement. Tools and inputs are prepared; each run gets a fresh workspace, warm caches, three warmups and 60 measured trials, with seeded randomized backend order. Builds, downloads and input copying are excluded.

Docker Engine 29.7.2 uses a private rootless VFS daemon and writable bind mounts. This does not represent overlay2 or Docker Desktop. Firecracker 1.13.1 PCI runs without jailer; QEMU 10.2.2 uses q35/microvm with private ext4. pVisor VM uses virtio-fs and a different kernel. Kernel, storage, devices and staging semantics remain configuration differences; these results do not isolate the VMM or FUSE alone.

Workload: 2,048 files in 32 directories; 64 MiB read with SHA256 verification; 256 × 64 KiB writes; git status; rg; 64 dependency-free Cargo modules; 32 offline npm packages. Operation timers include checks, excluding launch/exit. Completion includes all seven and exit. Large repositories, cold disks, Internet registries and concurrency throughput are unmeasured.",Units: ms; P50 or individual cluster medians with counts.,Write 256 files,QEMU q35,5.26 (15/60); 45.30 (45/60)
filesystem.md,Seven operations {#reference-fs},"Shared Linux/x86_64 host, AMD Ryzen 7 9700X, Fedora kernel 7.2.8-200.fc44.x86_64. Launch trees and the private Docker daemon are pinned to host CPUs 0,1; guests have 2 vCPU. Host/staged use rootless_process. Shell VMs use 128 MiB; tool VMs use 16 GiB. Native/Docker memory is not capped: this controls CPU and configured guest RAM, not identical resource enforcement. Tools and inputs are prepared; each run gets a fresh workspace, warm caches, three warmups and 60 measured trials, with seeded randomized backend order. Builds, downloads and input copying are excluded.

Docker Engine 29.7.2 uses a private rootless VFS daemon and writable bind mounts. This does not represent overlay2 or Docker Desktop. Firecracker 1.13.1 PCI runs without jailer; QEMU 10.2.2 uses q35/microvm with private ext4. pVisor VM uses virtio-fs and a different kernel. Kernel, storage, devices and staging semantics remain configuration differences; these results do not isolate the VMM or FUSE alone.

Workload: 2,048 files in 32 directories; 64 MiB read with SHA256 verification; 256 × 64 KiB writes; git status; rg; 64 dependency-free Cargo modules; 32 offline npm packages. Operation timers include checks, excluding launch/exit. Completion includes all seven and exit. Large repositories, cold disks, Internet registries and concurrency throughput are unmeasured.",Units: ms; P50 or individual cluster medians with counts.,Write 256 files,QEMU microvm,5.45 (14/60); 45.22 (46/60)
filesystem.md,Seven operations {#reference-fs},"Shared Linux/x86_64 host, AMD Ryzen 7 9700X, Fedora kernel 7.2.8-200.fc44.x86_64. Launch trees and the private Docker daemon are pinned to host CPUs 0,1; guests have 2 vCPU. Host/staged use rootless_process. Shell VMs use 128 MiB; tool VMs use 16 GiB. Native/Docker memory is not capped: this controls CPU and configured guest RAM, not identical resource enforcement. Tools and inputs are prepared; each run gets a fresh workspace, warm caches, three warmups and 60 measured trials, with seeded randomized backend order. Builds, downloads and input copying are excluded.

Docker Engine 29.7.2 uses a private rootless VFS daemon and writable bind mounts. This does not represent overlay2 or Docker Desktop. Firecracker 1.13.1 PCI runs without jailer; QEMU 10.2.2 uses q35/microvm with private ext4. pVisor VM uses virtio-fs and a different kernel. Kernel, storage, devices and staging semantics remain configuration differences; these results do not isolate the VMM or FUSE alone.

Workload: 2,048 files in 32 directories; 64 MiB read with SHA256 verification; 256 × 64 KiB writes; git status; rg; 64 dependency-free Cargo modules; 32 offline npm packages. Operation timers include checks, excluding launch/exit. Completion includes all seven and exit. Large repositories, cold disks, Internet registries and concurrency throughput are unmeasured.",Units: ms; P50 or individual cluster medians with counts.,git status,Native,15.35
filesystem.md,Seven operations {#reference-fs},"Shared Linux/x86_64 host, AMD Ryzen 7 9700X, Fedora kernel 7.2.8-200.fc44.x86_64. Launch trees and the private Docker daemon are pinned to host CPUs 0,1; guests have 2 vCPU. Host/staged use rootless_process. Shell VMs use 128 MiB; tool VMs use 16 GiB. Native/Docker memory is not capped: this controls CPU and configured guest RAM, not identical resource enforcement. Tools and inputs are prepared; each run gets a fresh workspace, warm caches, three warmups and 60 measured trials, with seeded randomized backend order. Builds, downloads and input copying are excluded.

Docker Engine 29.7.2 uses a private rootless VFS daemon and writable bind mounts. This does not represent overlay2 or Docker Desktop. Firecracker 1.13.1 PCI runs without jailer; QEMU 10.2.2 uses q35/microvm with private ext4. pVisor VM uses virtio-fs and a different kernel. Kernel, storage, devices and staging semantics remain configuration differences; these results do not isolate the VMM or FUSE alone.

Workload: 2,048 files in 32 directories; 64 MiB read with SHA256 verification; 256 × 64 KiB writes; git status; rg; 64 dependency-free Cargo modules; 32 offline npm packages. Operation timers include checks, excluding launch/exit. Completion includes all seven and exit. Large repositories, cold disks, Internet registries and concurrency throughput are unmeasured.",Units: ms; P50 or individual cluster medians with counts.,git status,pVisor host,15.91
filesystem.md,Seven operations {#reference-fs},"Shared Linux/x86_64 host, AMD Ryzen 7 9700X, Fedora kernel 7.2.8-200.fc44.x86_64. Launch trees and the private Docker daemon are pinned to host CPUs 0,1; guests have 2 vCPU. Host/staged use rootless_process. Shell VMs use 128 MiB; tool VMs use 16 GiB. Native/Docker memory is not capped: this controls CPU and configured guest RAM, not identical resource enforcement. Tools and inputs are prepared; each run gets a fresh workspace, warm caches, three warmups and 60 measured trials, with seeded randomized backend order. Builds, downloads and input copying are excluded.

Docker Engine 29.7.2 uses a private rootless VFS daemon and writable bind mounts. This does not represent overlay2 or Docker Desktop. Firecracker 1.13.1 PCI runs without jailer; QEMU 10.2.2 uses q35/microvm with private ext4. pVisor VM uses virtio-fs and a different kernel. Kernel, storage, devices and staging semantics remain configuration differences; these results do not isolate the VMM or FUSE alone.

Workload: 2,048 files in 32 directories; 64 MiB read with SHA256 verification; 256 × 64 KiB writes; git status; rg; 64 dependency-free Cargo modules; 32 offline npm packages. Operation timers include checks, excluding launch/exit. Completion includes all seven and exit. Large repositories, cold disks, Internet registries and concurrency throughput are unmeasured.",Units: ms; P50 or individual cluster medians with counts.,git status,pVisor staged,123.95
filesystem.md,Seven operations {#reference-fs},"Shared Linux/x86_64 host, AMD Ryzen 7 9700X, Fedora kernel 7.2.8-200.fc44.x86_64. Launch trees and the private Docker daemon are pinned to host CPUs 0,1; guests have 2 vCPU. Host/staged use rootless_process. Shell VMs use 128 MiB; tool VMs use 16 GiB. Native/Docker memory is not capped: this controls CPU and configured guest RAM, not identical resource enforcement. Tools and inputs are prepared; each run gets a fresh workspace, warm caches, three warmups and 60 measured trials, with seeded randomized backend order. Builds, downloads and input copying are excluded.

Docker Engine 29.7.2 uses a private rootless VFS daemon and writable bind mounts. This does not represent overlay2 or Docker Desktop. Firecracker 1.13.1 PCI runs without jailer; QEMU 10.2.2 uses q35/microvm with private ext4. pVisor VM uses virtio-fs and a different kernel. Kernel, storage, devices and staging semantics remain configuration differences; these results do not isolate the VMM or FUSE alone.

Workload: 2,048 files in 32 directories; 64 MiB read with SHA256 verification; 256 × 64 KiB writes; git status; rg; 64 dependency-free Cargo modules; 32 offline npm packages. Operation timers include checks, excluding launch/exit. Completion includes all seven and exit. Large repositories, cold disks, Internet registries and concurrency throughput are unmeasured.",Units: ms; P50 or individual cluster medians with counts.,git status,pVisor VM,425.74
filesystem.md,Seven operations {#reference-fs},"Shared Linux/x86_64 host, AMD Ryzen 7 9700X, Fedora kernel 7.2.8-200.fc44.x86_64. Launch trees and the private Docker daemon are pinned to host CPUs 0,1; guests have 2 vCPU. Host/staged use rootless_process. Shell VMs use 128 MiB; tool VMs use 16 GiB. Native/Docker memory is not capped: this controls CPU and configured guest RAM, not identical resource enforcement. Tools and inputs are prepared; each run gets a fresh workspace, warm caches, three warmups and 60 measured trials, with seeded randomized backend order. Builds, downloads and input copying are excluded.

Docker Engine 29.7.2 uses a private rootless VFS daemon and writable bind mounts. This does not represent overlay2 or Docker Desktop. Firecracker 1.13.1 PCI runs without jailer; QEMU 10.2.2 uses q35/microvm with private ext4. pVisor VM uses virtio-fs and a different kernel. Kernel, storage, devices and staging semantics remain configuration differences; these results do not isolate the VMM or FUSE alone.

Workload: 2,048 files in 32 directories; 64 MiB read with SHA256 verification; 256 × 64 KiB writes; git status; rg; 64 dependency-free Cargo modules; 32 offline npm packages. Operation timers include checks, excluding launch/exit. Completion includes all seven and exit. Large repositories, cold disks, Internet registries and concurrency throughput are unmeasured.",Units: ms; P50 or individual cluster medians with counts.,git status,Docker rootless / VFS,17.55
filesystem.md,Seven operations {#reference-fs},"Shared Linux/x86_64 host, AMD Ryzen 7 9700X, Fedora kernel 7.2.8-200.fc44.x86_64. Launch trees and the private Docker daemon are pinned to host CPUs 0,1; guests have 2 vCPU. Host/staged use rootless_process. Shell VMs use 128 MiB; tool VMs use 16 GiB. Native/Docker memory is not capped: this controls CPU and configured guest RAM, not identical resource enforcement. Tools and inputs are prepared; each run gets a fresh workspace, warm caches, three warmups and 60 measured trials, with seeded randomized backend order. Builds, downloads and input copying are excluded.

Docker Engine 29.7.2 uses a private rootless VFS daemon and writable bind mounts. This does not represent overlay2 or Docker Desktop. Firecracker 1.13.1 PCI runs without jailer; QEMU 10.2.2 uses q35/microvm with private ext4. pVisor VM uses virtio-fs and a different kernel. Kernel, storage, devices and staging semantics remain configuration differences; these results do not isolate the VMM or FUSE alone.

Workload: 2,048 files in 32 directories; 64 MiB read with SHA256 verification; 256 × 64 KiB writes; git status; rg; 64 dependency-free Cargo modules; 32 offline npm packages. Operation timers include checks, excluding launch/exit. Completion includes all seven and exit. Large repositories, cold disks, Internet registries and concurrency throughput are unmeasured.",Units: ms; P50 or individual cluster medians with counts.,git status,Firecracker PCI,123.36
filesystem.md,Seven operations {#reference-fs},"Shared Linux/x86_64 host, AMD Ryzen 7 9700X, Fedora kernel 7.2.8-200.fc44.x86_64. Launch trees and the private Docker daemon are pinned to host CPUs 0,1; guests have 2 vCPU. Host/staged use rootless_process. Shell VMs use 128 MiB; tool VMs use 16 GiB. Native/Docker memory is not capped: this controls CPU and configured guest RAM, not identical resource enforcement. Tools and inputs are prepared; each run gets a fresh workspace, warm caches, three warmups and 60 measured trials, with seeded randomized backend order. Builds, downloads and input copying are excluded.

Docker Engine 29.7.2 uses a private rootless VFS daemon and writable bind mounts. This does not represent overlay2 or Docker Desktop. Firecracker 1.13.1 PCI runs without jailer; QEMU 10.2.2 uses q35/microvm with private ext4. pVisor VM uses virtio-fs and a different kernel. Kernel, storage, devices and staging semantics remain configuration differences; these results do not isolate the VMM or FUSE alone.

Workload: 2,048 files in 32 directories; 64 MiB read with SHA256 verification; 256 × 64 KiB writes; git status; rg; 64 dependency-free Cargo modules; 32 offline npm packages. Operation timers include checks, excluding launch/exit. Completion includes all seven and exit. Large repositories, cold disks, Internet registries and concurrency throughput are unmeasured.",Units: ms; P50 or individual cluster medians with counts.,git status,QEMU q35,90.22
filesystem.md,Seven operations {#reference-fs},"Shared Linux/x86_64 host, AMD Ryzen 7 9700X, Fedora kernel 7.2.8-200.fc44.x86_64. Launch trees and the private Docker daemon are pinned to host CPUs 0,1; guests have 2 vCPU. Host/staged use rootless_process. Shell VMs use 128 MiB; tool VMs use 16 GiB. Native/Docker memory is not capped: this controls CPU and configured guest RAM, not identical resource enforcement. Tools and inputs are prepared; each run gets a fresh workspace, warm caches, three warmups and 60 measured trials, with seeded randomized backend order. Builds, downloads and input copying are excluded.

Docker Engine 29.7.2 uses a private rootless VFS daemon and writable bind mounts. This does not represent overlay2 or Docker Desktop. Firecracker 1.13.1 PCI runs without jailer; QEMU 10.2.2 uses q35/microvm with private ext4. pVisor VM uses virtio-fs and a different kernel. Kernel, storage, devices and staging semantics remain configuration differences; these results do not isolate the VMM or FUSE alone.

Workload: 2,048 files in 32 directories; 64 MiB read with SHA256 verification; 256 × 64 KiB writes; git status; rg; 64 dependency-free Cargo modules; 32 offline npm packages. Operation timers include checks, excluding launch/exit. Completion includes all seven and exit. Large repositories, cold disks, Internet registries and concurrency throughput are unmeasured.",Units: ms; P50 or individual cluster medians with counts.,git status,QEMU microvm,157.20
filesystem.md,Seven operations {#reference-fs},"Shared Linux/x86_64 host, AMD Ryzen 7 9700X, Fedora kernel 7.2.8-200.fc44.x86_64. Launch trees and the private Docker daemon are pinned to host CPUs 0,1; guests have 2 vCPU. Host/staged use rootless_process. Shell VMs use 128 MiB; tool VMs use 16 GiB. Native/Docker memory is not capped: this controls CPU and configured guest RAM, not identical resource enforcement. Tools and inputs are prepared; each run gets a fresh workspace, warm caches, three warmups and 60 measured trials, with seeded randomized backend order. Builds, downloads and input copying are excluded.

Docker Engine 29.7.2 uses a private rootless VFS daemon and writable bind mounts. This does not represent overlay2 or Docker Desktop. Firecracker 1.13.1 PCI runs without jailer; QEMU 10.2.2 uses q35/microvm with private ext4. pVisor VM uses virtio-fs and a different kernel. Kernel, storage, devices and staging semantics remain configuration differences; these results do not isolate the VMM or FUSE alone.

Workload: 2,048 files in 32 directories; 64 MiB read with SHA256 verification; 256 × 64 KiB writes; git status; rg; 64 dependency-free Cargo modules; 32 offline npm packages. Operation timers include checks, excluding launch/exit. Completion includes all seven and exit. Large repositories, cold disks, Internet registries and concurrency throughput are unmeasured.",Units: ms; P50 or individual cluster medians with counts.,Ripgrep search,Native,8.56
filesystem.md,Seven operations {#reference-fs},"Shared Linux/x86_64 host, AMD Ryzen 7 9700X, Fedora kernel 7.2.8-200.fc44.x86_64. Launch trees and the private Docker daemon are pinned to host CPUs 0,1; guests have 2 vCPU. Host/staged use rootless_process. Shell VMs use 128 MiB; tool VMs use 16 GiB. Native/Docker memory is not capped: this controls CPU and configured guest RAM, not identical resource enforcement. Tools and inputs are prepared; each run gets a fresh workspace, warm caches, three warmups and 60 measured trials, with seeded randomized backend order. Builds, downloads and input copying are excluded.

Docker Engine 29.7.2 uses a private rootless VFS daemon and writable bind mounts. This does not represent overlay2 or Docker Desktop. Firecracker 1.13.1 PCI runs without jailer; QEMU 10.2.2 uses q35/microvm with private ext4. pVisor VM uses virtio-fs and a different kernel. Kernel, storage, devices and staging semantics remain configuration differences; these results do not isolate the VMM or FUSE alone.

Workload: 2,048 files in 32 directories; 64 MiB read with SHA256 verification; 256 × 64 KiB writes; git status; rg; 64 dependency-free Cargo modules; 32 offline npm packages. Operation timers include checks, excluding launch/exit. Completion includes all seven and exit. Large repositories, cold disks, Internet registries and concurrency throughput are unmeasured.",Units: ms; P50 or individual cluster medians with counts.,Ripgrep search,pVisor host,8.81
filesystem.md,Seven operations {#reference-fs},"Shared Linux/x86_64 host, AMD Ryzen 7 9700X, Fedora kernel 7.2.8-200.fc44.x86_64. Launch trees and the private Docker daemon are pinned to host CPUs 0,1; guests have 2 vCPU. Host/staged use rootless_process. Shell VMs use 128 MiB; tool VMs use 16 GiB. Native/Docker memory is not capped: this controls CPU and configured guest RAM, not identical resource enforcement. Tools and inputs are prepared; each run gets a fresh workspace, warm caches, three warmups and 60 measured trials, with seeded randomized backend order. Builds, downloads and input copying are excluded.

Docker Engine 29.7.2 uses a private rootless VFS daemon and writable bind mounts. This does not represent overlay2 or Docker Desktop. Firecracker 1.13.1 PCI runs without jailer; QEMU 10.2.2 uses q35/microvm with private ext4. pVisor VM uses virtio-fs and a different kernel. Kernel, storage, devices and staging semantics remain configuration differences; these results do not isolate the VMM or FUSE alone.

Workload: 2,048 files in 32 directories; 64 MiB read with SHA256 verification; 256 × 64 KiB writes; git status; rg; 64 dependency-free Cargo modules; 32 offline npm packages. Operation timers include checks, excluding launch/exit. Completion includes all seven and exit. Large repositories, cold disks, Internet registries and concurrency throughput are unmeasured.",Units: ms; P50 or individual cluster medians with counts.,Ripgrep search,pVisor staged,91.29
filesystem.md,Seven operations {#reference-fs},"Shared Linux/x86_64 host, AMD Ryzen 7 9700X, Fedora kernel 7.2.8-200.fc44.x86_64. Launch trees and the private Docker daemon are pinned to host CPUs 0,1; guests have 2 vCPU. Host/staged use rootless_process. Shell VMs use 128 MiB; tool VMs use 16 GiB. Native/Docker memory is not capped: this controls CPU and configured guest RAM, not identical resource enforcement. Tools and inputs are prepared; each run gets a fresh workspace, warm caches, three warmups and 60 measured trials, with seeded randomized backend order. Builds, downloads and input copying are excluded.

Docker Engine 29.7.2 uses a private rootless VFS daemon and writable bind mounts. This does not represent overlay2 or Docker Desktop. Firecracker 1.13.1 PCI runs without jailer; QEMU 10.2.2 uses q35/microvm with private ext4. pVisor VM uses virtio-fs and a different kernel. Kernel, storage, devices and staging semantics remain configuration differences; these results do not isolate the VMM or FUSE alone.

Workload: 2,048 files in 32 directories; 64 MiB read with SHA256 verification; 256 × 64 KiB writes; git status; rg; 64 dependency-free Cargo modules; 32 offline npm packages. Operation timers include checks, excluding launch/exit. Completion includes all seven and exit. Large repositories, cold disks, Internet registries and concurrency throughput are unmeasured.",Units: ms; P50 or individual cluster medians with counts.,Ripgrep search,pVisor VM,460.88
filesystem.md,Seven operations {#reference-fs},"Shared Linux/x86_64 host, AMD Ryzen 7 9700X, Fedora kernel 7.2.8-200.fc44.x86_64. Launch trees and the private Docker daemon are pinned to host CPUs 0,1; guests have 2 vCPU. Host/staged use rootless_process. Shell VMs use 128 MiB; tool VMs use 16 GiB. Native/Docker memory is not capped: this controls CPU and configured guest RAM, not identical resource enforcement. Tools and inputs are prepared; each run gets a fresh workspace, warm caches, three warmups and 60 measured trials, with seeded randomized backend order. Builds, downloads and input copying are excluded.

Docker Engine 29.7.2 uses a private rootless VFS daemon and writable bind mounts. This does not represent overlay2 or Docker Desktop. Firecracker 1.13.1 PCI runs without jailer; QEMU 10.2.2 uses q35/microvm with private ext4. pVisor VM uses virtio-fs and a different kernel. Kernel, storage, devices and staging semantics remain configuration differences; these results do not isolate the VMM or FUSE alone.

Workload: 2,048 files in 32 directories; 64 MiB read with SHA256 verification; 256 × 64 KiB writes; git status; rg; 64 dependency-free Cargo modules; 32 offline npm packages. Operation timers include checks, excluding launch/exit. Completion includes all seven and exit. Large repositories, cold disks, Internet registries and concurrency throughput are unmeasured.",Units: ms; P50 or individual cluster medians with counts.,Ripgrep search,Docker rootless / VFS,9.99
filesystem.md,Seven operations {#reference-fs},"Shared Linux/x86_64 host, AMD Ryzen 7 9700X, Fedora kernel 7.2.8-200.fc44.x86_64. Launch trees and the private Docker daemon are pinned to host CPUs 0,1; guests have 2 vCPU. Host/staged use rootless_process. Shell VMs use 128 MiB; tool VMs use 16 GiB. Native/Docker memory is not capped: this controls CPU and configured guest RAM, not identical resource enforcement. Tools and inputs are prepared; each run gets a fresh workspace, warm caches, three warmups and 60 measured trials, with seeded randomized backend order. Builds, downloads and input copying are excluded.

Docker Engine 29.7.2 uses a private rootless VFS daemon and writable bind mounts. This does not represent overlay2 or Docker Desktop. Firecracker 1.13.1 PCI runs without jailer; QEMU 10.2.2 uses q35/microvm with private ext4. pVisor VM uses virtio-fs and a different kernel. Kernel, storage, devices and staging semantics remain configuration differences; these results do not isolate the VMM or FUSE alone.

Workload: 2,048 files in 32 directories; 64 MiB read with SHA256 verification; 256 × 64 KiB writes; git status; rg; 64 dependency-free Cargo modules; 32 offline npm packages. Operation timers include checks, excluding launch/exit. Completion includes all seven and exit. Large repositories, cold disks, Internet registries and concurrency throughput are unmeasured.",Units: ms; P50 or individual cluster medians with counts.,Ripgrep search,Firecracker PCI,14.39
filesystem.md,Seven operations {#reference-fs},"Shared Linux/x86_64 host, AMD Ryzen 7 9700X, Fedora kernel 7.2.8-200.fc44.x86_64. Launch trees and the private Docker daemon are pinned to host CPUs 0,1; guests have 2 vCPU. Host/staged use rootless_process. Shell VMs use 128 MiB; tool VMs use 16 GiB. Native/Docker memory is not capped: this controls CPU and configured guest RAM, not identical resource enforcement. Tools and inputs are prepared; each run gets a fresh workspace, warm caches, three warmups and 60 measured trials, with seeded randomized backend order. Builds, downloads and input copying are excluded.

Docker Engine 29.7.2 uses a private rootless VFS daemon and writable bind mounts. This does not represent overlay2 or Docker Desktop. Firecracker 1.13.1 PCI runs without jailer; QEMU 10.2.2 uses q35/microvm with private ext4. pVisor VM uses virtio-fs and a different kernel. Kernel, storage, devices and staging semantics remain configuration differences; these results do not isolate the VMM or FUSE alone.

Workload: 2,048 files in 32 directories; 64 MiB read with SHA256 verification; 256 × 64 KiB writes; git status; rg; 64 dependency-free Cargo modules; 32 offline npm packages. Operation timers include checks, excluding launch/exit. Completion includes all seven and exit. Large repositories, cold disks, Internet registries and concurrency throughput are unmeasured.",Units: ms; P50 or individual cluster medians with counts.,Ripgrep search,QEMU q35,14.53
filesystem.md,Seven operations {#reference-fs},"Shared Linux/x86_64 host, AMD Ryzen 7 9700X, Fedora kernel 7.2.8-200.fc44.x86_64. Launch trees and the private Docker daemon are pinned to host CPUs 0,1; guests have 2 vCPU. Host/staged use rootless_process. Shell VMs use 128 MiB; tool VMs use 16 GiB. Native/Docker memory is not capped: this controls CPU and configured guest RAM, not identical resource enforcement. Tools and inputs are prepared; each run gets a fresh workspace, warm caches, three warmups and 60 measured trials, with seeded randomized backend order. Builds, downloads and input copying are excluded.

Docker Engine 29.7.2 uses a private rootless VFS daemon and writable bind mounts. This does not represent overlay2 or Docker Desktop. Firecracker 1.13.1 PCI runs without jailer; QEMU 10.2.2 uses q35/microvm with private ext4. pVisor VM uses virtio-fs and a different kernel. Kernel, storage, devices and staging semantics remain configuration differences; these results do not isolate the VMM or FUSE alone.

Workload: 2,048 files in 32 directories; 64 MiB read with SHA256 verification; 256 × 64 KiB writes; git status; rg; 64 dependency-free Cargo modules; 32 offline npm packages. Operation timers include checks, excluding launch/exit. Completion includes all seven and exit. Large repositories, cold disks, Internet registries and concurrency throughput are unmeasured.",Units: ms; P50 or individual cluster medians with counts.,Ripgrep search,QEMU microvm,15.11
filesystem.md,Seven operations {#reference-fs},"Shared Linux/x86_64 host, AMD Ryzen 7 9700X, Fedora kernel 7.2.8-200.fc44.x86_64. Launch trees and the private Docker daemon are pinned to host CPUs 0,1; guests have 2 vCPU. Host/staged use rootless_process. Shell VMs use 128 MiB; tool VMs use 16 GiB. Native/Docker memory is not capped: this controls CPU and configured guest RAM, not identical resource enforcement. Tools and inputs are prepared; each run gets a fresh workspace, warm caches, three warmups and 60 measured trials, with seeded randomized backend order. Builds, downloads and input copying are excluded.

Docker Engine 29.7.2 uses a private rootless VFS daemon and writable bind mounts. This does not represent overlay2 or Docker Desktop. Firecracker 1.13.1 PCI runs without jailer; QEMU 10.2.2 uses q35/microvm with private ext4. pVisor VM uses virtio-fs and a different kernel. Kernel, storage, devices and staging semantics remain configuration differences; these results do not isolate the VMM or FUSE alone.

Workload: 2,048 files in 32 directories; 64 MiB read with SHA256 verification; 256 × 64 KiB writes; git status; rg; 64 dependency-free Cargo modules; 32 offline npm packages. Operation timers include checks, excluding launch/exit. Completion includes all seven and exit. Large repositories, cold disks, Internet registries and concurrency throughput are unmeasured.",Units: ms; P50 or individual cluster medians with counts.,Offline Cargo build,Native,57.21 (41/60); 144.26 (19/60)
filesystem.md,Seven operations {#reference-fs},"Shared Linux/x86_64 host, AMD Ryzen 7 9700X, Fedora kernel 7.2.8-200.fc44.x86_64. Launch trees and the private Docker daemon are pinned to host CPUs 0,1; guests have 2 vCPU. Host/staged use rootless_process. Shell VMs use 128 MiB; tool VMs use 16 GiB. Native/Docker memory is not capped: this controls CPU and configured guest RAM, not identical resource enforcement. Tools and inputs are prepared; each run gets a fresh workspace, warm caches, three warmups and 60 measured trials, with seeded randomized backend order. Builds, downloads and input copying are excluded.

Docker Engine 29.7.2 uses a private rootless VFS daemon and writable bind mounts. This does not represent overlay2 or Docker Desktop. Firecracker 1.13.1 PCI runs without jailer; QEMU 10.2.2 uses q35/microvm with private ext4. pVisor VM uses virtio-fs and a different kernel. Kernel, storage, devices and staging semantics remain configuration differences; these results do not isolate the VMM or FUSE alone.

Workload: 2,048 files in 32 directories; 64 MiB read with SHA256 verification; 256 × 64 KiB writes; git status; rg; 64 dependency-free Cargo modules; 32 offline npm packages. Operation timers include checks, excluding launch/exit. Completion includes all seven and exit. Large repositories, cold disks, Internet registries and concurrency throughput are unmeasured.",Units: ms; P50 or individual cluster medians with counts.,Offline Cargo build,pVisor host,84.40
filesystem.md,Seven operations {#reference-fs},"Shared Linux/x86_64 host, AMD Ryzen 7 9700X, Fedora kernel 7.2.8-200.fc44.x86_64. Launch trees and the private Docker daemon are pinned to host CPUs 0,1; guests have 2 vCPU. Host/staged use rootless_process. Shell VMs use 128 MiB; tool VMs use 16 GiB. Native/Docker memory is not capped: this controls CPU and configured guest RAM, not identical resource enforcement. Tools and inputs are prepared; each run gets a fresh workspace, warm caches, three warmups and 60 measured trials, with seeded randomized backend order. Builds, downloads and input copying are excluded.

Docker Engine 29.7.2 uses a private rootless VFS daemon and writable bind mounts. This does not represent overlay2 or Docker Desktop. Firecracker 1.13.1 PCI runs without jailer; QEMU 10.2.2 uses q35/microvm with private ext4. pVisor VM uses virtio-fs and a different kernel. Kernel, storage, devices and staging semantics remain configuration differences; these results do not isolate the VMM or FUSE alone.

Workload: 2,048 files in 32 directories; 64 MiB read with SHA256 verification; 256 × 64 KiB writes; git status; rg; 64 dependency-free Cargo modules; 32 offline npm packages. Operation timers include checks, excluding launch/exit. Completion includes all seven and exit. Large repositories, cold disks, Internet registries and concurrency throughput are unmeasured.",Units: ms; P50 or individual cluster medians with counts.,Offline Cargo build,pVisor staged,142.29
filesystem.md,Seven operations {#reference-fs},"Shared Linux/x86_64 host, AMD Ryzen 7 9700X, Fedora kernel 7.2.8-200.fc44.x86_64. Launch trees and the private Docker daemon are pinned to host CPUs 0,1; guests have 2 vCPU. Host/staged use rootless_process. Shell VMs use 128 MiB; tool VMs use 16 GiB. Native/Docker memory is not capped: this controls CPU and configured guest RAM, not identical resource enforcement. Tools and inputs are prepared; each run gets a fresh workspace, warm caches, three warmups and 60 measured trials, with seeded randomized backend order. Builds, downloads and input copying are excluded.

Docker Engine 29.7.2 uses a private rootless VFS daemon and writable bind mounts. This does not represent overlay2 or Docker Desktop. Firecracker 1.13.1 PCI runs without jailer; QEMU 10.2.2 uses q35/microvm with private ext4. pVisor VM uses virtio-fs and a different kernel. Kernel, storage, devices and staging semantics remain configuration differences; these results do not isolate the VMM or FUSE alone.

Workload: 2,048 files in 32 directories; 64 MiB read with SHA256 verification; 256 × 64 KiB writes; git status; rg; 64 dependency-free Cargo modules; 32 offline npm packages. Operation timers include checks, excluding launch/exit. Completion includes all seven and exit. Large repositories, cold disks, Internet registries and concurrency throughput are unmeasured.",Units: ms; P50 or individual cluster medians with counts.,Offline Cargo build,pVisor VM,852.03
filesystem.md,Seven operations {#reference-fs},"Shared Linux/x86_64 host, AMD Ryzen 7 9700X, Fedora kernel 7.2.8-200.fc44.x86_64. Launch trees and the private Docker daemon are pinned to host CPUs 0,1; guests have 2 vCPU. Host/staged use rootless_process. Shell VMs use 128 MiB; tool VMs use 16 GiB. Native/Docker memory is not capped: this controls CPU and configured guest RAM, not identical resource enforcement. Tools and inputs are prepared; each run gets a fresh workspace, warm caches, three warmups and 60 measured trials, with seeded randomized backend order. Builds, downloads and input copying are excluded.

Docker Engine 29.7.2 uses a private rootless VFS daemon and writable bind mounts. This does not represent overlay2 or Docker Desktop. Firecracker 1.13.1 PCI runs without jailer; QEMU 10.2.2 uses q35/microvm with private ext4. pVisor VM uses virtio-fs and a different kernel. Kernel, storage, devices and staging semantics remain configuration differences; these results do not isolate the VMM or FUSE alone.

Workload: 2,048 files in 32 directories; 64 MiB read with SHA256 verification; 256 × 64 KiB writes; git status; rg; 64 dependency-free Cargo modules; 32 offline npm packages. Operation timers include checks, excluding launch/exit. Completion includes all seven and exit. Large repositories, cold disks, Internet registries and concurrency throughput are unmeasured.",Units: ms; P50 or individual cluster medians with counts.,Offline Cargo build,Docker rootless / VFS,190.13
filesystem.md,Seven operations {#reference-fs},"Shared Linux/x86_64 host, AMD Ryzen 7 9700X, Fedora kernel 7.2.8-200.fc44.x86_64. Launch trees and the private Docker daemon are pinned to host CPUs 0,1; guests have 2 vCPU. Host/staged use rootless_process. Shell VMs use 128 MiB; tool VMs use 16 GiB. Native/Docker memory is not capped: this controls CPU and configured guest RAM, not identical resource enforcement. Tools and inputs are prepared; each run gets a fresh workspace, warm caches, three warmups and 60 measured trials, with seeded randomized backend order. Builds, downloads and input copying are excluded.

Docker Engine 29.7.2 uses a private rootless VFS daemon and writable bind mounts. This does not represent overlay2 or Docker Desktop. Firecracker 1.13.1 PCI runs without jailer; QEMU 10.2.2 uses q35/microvm with private ext4. pVisor VM uses virtio-fs and a different kernel. Kernel, storage, devices and staging semantics remain configuration differences; these results do not isolate the VMM or FUSE alone.

Workload: 2,048 files in 32 directories; 64 MiB read with SHA256 verification; 256 × 64 KiB writes; git status; rg; 64 dependency-free Cargo modules; 32 offline npm packages. Operation timers include checks, excluding launch/exit. Completion includes all seven and exit. Large repositories, cold disks, Internet registries and concurrency throughput are unmeasured.",Units: ms; P50 or individual cluster medians with counts.,Offline Cargo build,Firecracker PCI,371.36
filesystem.md,Seven operations {#reference-fs},"Shared Linux/x86_64 host, AMD Ryzen 7 9700X, Fedora kernel 7.2.8-200.fc44.x86_64. Launch trees and the private Docker daemon are pinned to host CPUs 0,1; guests have 2 vCPU. Host/staged use rootless_process. Shell VMs use 128 MiB; tool VMs use 16 GiB. Native/Docker memory is not capped: this controls CPU and configured guest RAM, not identical resource enforcement. Tools and inputs are prepared; each run gets a fresh workspace, warm caches, three warmups and 60 measured trials, with seeded randomized backend order. Builds, downloads and input copying are excluded.

Docker Engine 29.7.2 uses a private rootless VFS daemon and writable bind mounts. This does not represent overlay2 or Docker Desktop. Firecracker 1.13.1 PCI runs without jailer; QEMU 10.2.2 uses q35/microvm with private ext4. pVisor VM uses virtio-fs and a different kernel. Kernel, storage, devices and staging semantics remain configuration differences; these results do not isolate the VMM or FUSE alone.

Workload: 2,048 files in 32 directories; 64 MiB read with SHA256 verification; 256 × 64 KiB writes; git status; rg; 64 dependency-free Cargo modules; 32 offline npm packages. Operation timers include checks, excluding launch/exit. Completion includes all seven and exit. Large repositories, cold disks, Internet registries and concurrency throughput are unmeasured.",Units: ms; P50 or individual cluster medians with counts.,Offline Cargo build,QEMU q35,419.54
filesystem.md,Seven operations {#reference-fs},"Shared Linux/x86_64 host, AMD Ryzen 7 9700X, Fedora kernel 7.2.8-200.fc44.x86_64. Launch trees and the private Docker daemon are pinned to host CPUs 0,1; guests have 2 vCPU. Host/staged use rootless_process. Shell VMs use 128 MiB; tool VMs use 16 GiB. Native/Docker memory is not capped: this controls CPU and configured guest RAM, not identical resource enforcement. Tools and inputs are prepared; each run gets a fresh workspace, warm caches, three warmups and 60 measured trials, with seeded randomized backend order. Builds, downloads and input copying are excluded.

Docker Engine 29.7.2 uses a private rootless VFS daemon and writable bind mounts. This does not represent overlay2 or Docker Desktop. Firecracker 1.13.1 PCI runs without jailer; QEMU 10.2.2 uses q35/microvm with private ext4. pVisor VM uses virtio-fs and a different kernel. Kernel, storage, devices and staging semantics remain configuration differences; these results do not isolate the VMM or FUSE alone.

Workload: 2,048 files in 32 directories; 64 MiB read with SHA256 verification; 256 × 64 KiB writes; git status; rg; 64 dependency-free Cargo modules; 32 offline npm packages. Operation timers include checks, excluding launch/exit. Completion includes all seven and exit. Large repositories, cold disks, Internet registries and concurrency throughput are unmeasured.",Units: ms; P50 or individual cluster medians with counts.,Offline Cargo build,QEMU microvm,454.21
filesystem.md,Seven operations {#reference-fs},"Shared Linux/x86_64 host, AMD Ryzen 7 9700X, Fedora kernel 7.2.8-200.fc44.x86_64. Launch trees and the private Docker daemon are pinned to host CPUs 0,1; guests have 2 vCPU. Host/staged use rootless_process. Shell VMs use 128 MiB; tool VMs use 16 GiB. Native/Docker memory is not capped: this controls CPU and configured guest RAM, not identical resource enforcement. Tools and inputs are prepared; each run gets a fresh workspace, warm caches, three warmups and 60 measured trials, with seeded randomized backend order. Builds, downloads and input copying are excluded.

Docker Engine 29.7.2 uses a private rootless VFS daemon and writable bind mounts. This does not represent overlay2 or Docker Desktop. Firecracker 1.13.1 PCI runs without jailer; QEMU 10.2.2 uses q35/microvm with private ext4. pVisor VM uses virtio-fs and a different kernel. Kernel, storage, devices and staging semantics remain configuration differences; these results do not isolate the VMM or FUSE alone.

Workload: 2,048 files in 32 directories; 64 MiB read with SHA256 verification; 256 × 64 KiB writes; git status; rg; 64 dependency-free Cargo modules; 32 offline npm packages. Operation timers include checks, excluding launch/exit. Completion includes all seven and exit. Large repositories, cold disks, Internet registries and concurrency throughput are unmeasured.",Units: ms; P50 or individual cluster medians with counts.,Offline npm install,Native,190.34
filesystem.md,Seven operations {#reference-fs},"Shared Linux/x86_64 host, AMD Ryzen 7 9700X, Fedora kernel 7.2.8-200.fc44.x86_64. Launch trees and the private Docker daemon are pinned to host CPUs 0,1; guests have 2 vCPU. Host/staged use rootless_process. Shell VMs use 128 MiB; tool VMs use 16 GiB. Native/Docker memory is not capped: this controls CPU and configured guest RAM, not identical resource enforcement. Tools and inputs are prepared; each run gets a fresh workspace, warm caches, three warmups and 60 measured trials, with seeded randomized backend order. Builds, downloads and input copying are excluded.

Docker Engine 29.7.2 uses a private rootless VFS daemon and writable bind mounts. This does not represent overlay2 or Docker Desktop. Firecracker 1.13.1 PCI runs without jailer; QEMU 10.2.2 uses q35/microvm with private ext4. pVisor VM uses virtio-fs and a different kernel. Kernel, storage, devices and staging semantics remain configuration differences; these results do not isolate the VMM or FUSE alone.

Workload: 2,048 files in 32 directories; 64 MiB read with SHA256 verification; 256 × 64 KiB writes; git status; rg; 64 dependency-free Cargo modules; 32 offline npm packages. Operation timers include checks, excluding launch/exit. Completion includes all seven and exit. Large repositories, cold disks, Internet registries and concurrency throughput are unmeasured.",Units: ms; P50 or individual cluster medians with counts.,Offline npm install,pVisor host,198.23
filesystem.md,Seven operations {#reference-fs},"Shared Linux/x86_64 host, AMD Ryzen 7 9700X, Fedora kernel 7.2.8-200.fc44.x86_64. Launch trees and the private Docker daemon are pinned to host CPUs 0,1; guests have 2 vCPU. Host/staged use rootless_process. Shell VMs use 128 MiB; tool VMs use 16 GiB. Native/Docker memory is not capped: this controls CPU and configured guest RAM, not identical resource enforcement. Tools and inputs are prepared; each run gets a fresh workspace, warm caches, three warmups and 60 measured trials, with seeded randomized backend order. Builds, downloads and input copying are excluded.

Docker Engine 29.7.2 uses a private rootless VFS daemon and writable bind mounts. This does not represent overlay2 or Docker Desktop. Firecracker 1.13.1 PCI runs without jailer; QEMU 10.2.2 uses q35/microvm with private ext4. pVisor VM uses virtio-fs and a different kernel. Kernel, storage, devices and staging semantics remain configuration differences; these results do not isolate the VMM or FUSE alone.

Workload: 2,048 files in 32 directories; 64 MiB read with SHA256 verification; 256 × 64 KiB writes; git status; rg; 64 dependency-free Cargo modules; 32 offline npm packages. Operation timers include checks, excluding launch/exit. Completion includes all seven and exit. Large repositories, cold disks, Internet registries and concurrency throughput are unmeasured.",Units: ms; P50 or individual cluster medians with counts.,Offline npm install,pVisor staged,263.19
filesystem.md,Seven operations {#reference-fs},"Shared Linux/x86_64 host, AMD Ryzen 7 9700X, Fedora kernel 7.2.8-200.fc44.x86_64. Launch trees and the private Docker daemon are pinned to host CPUs 0,1; guests have 2 vCPU. Host/staged use rootless_process. Shell VMs use 128 MiB; tool VMs use 16 GiB. Native/Docker memory is not capped: this controls CPU and configured guest RAM, not identical resource enforcement. Tools and inputs are prepared; each run gets a fresh workspace, warm caches, three warmups and 60 measured trials, with seeded randomized backend order. Builds, downloads and input copying are excluded.

Docker Engine 29.7.2 uses a private rootless VFS daemon and writable bind mounts. This does not represent overlay2 or Docker Desktop. Firecracker 1.13.1 PCI runs without jailer; QEMU 10.2.2 uses q35/microvm with private ext4. pVisor VM uses virtio-fs and a different kernel. Kernel, storage, devices and staging semantics remain configuration differences; these results do not isolate the VMM or FUSE alone.

Workload: 2,048 files in 32 directories; 64 MiB read with SHA256 verification; 256 × 64 KiB writes; git status; rg; 64 dependency-free Cargo modules; 32 offline npm packages. Operation timers include checks, excluding launch/exit. Completion includes all seven and exit. Large repositories, cold disks, Internet registries and concurrency throughput are unmeasured.",Units: ms; P50 or individual cluster medians with counts.,Offline npm install,pVisor VM,1662.23
filesystem.md,Seven operations {#reference-fs},"Shared Linux/x86_64 host, AMD Ryzen 7 9700X, Fedora kernel 7.2.8-200.fc44.x86_64. Launch trees and the private Docker daemon are pinned to host CPUs 0,1; guests have 2 vCPU. Host/staged use rootless_process. Shell VMs use 128 MiB; tool VMs use 16 GiB. Native/Docker memory is not capped: this controls CPU and configured guest RAM, not identical resource enforcement. Tools and inputs are prepared; each run gets a fresh workspace, warm caches, three warmups and 60 measured trials, with seeded randomized backend order. Builds, downloads and input copying are excluded.

Docker Engine 29.7.2 uses a private rootless VFS daemon and writable bind mounts. This does not represent overlay2 or Docker Desktop. Firecracker 1.13.1 PCI runs without jailer; QEMU 10.2.2 uses q35/microvm with private ext4. pVisor VM uses virtio-fs and a different kernel. Kernel, storage, devices and staging semantics remain configuration differences; these results do not isolate the VMM or FUSE alone.

Workload: 2,048 files in 32 directories; 64 MiB read with SHA256 verification; 256 × 64 KiB writes; git status; rg; 64 dependency-free Cargo modules; 32 offline npm packages. Operation timers include checks, excluding launch/exit. Completion includes all seven and exit. Large repositories, cold disks, Internet registries and concurrency throughput are unmeasured.",Units: ms; P50 or individual cluster medians with counts.,Offline npm install,Docker rootless / VFS,273.68
filesystem.md,Seven operations {#reference-fs},"Shared Linux/x86_64 host, AMD Ryzen 7 9700X, Fedora kernel 7.2.8-200.fc44.x86_64. Launch trees and the private Docker daemon are pinned to host CPUs 0,1; guests have 2 vCPU. Host/staged use rootless_process. Shell VMs use 128 MiB; tool VMs use 16 GiB. Native/Docker memory is not capped: this controls CPU and configured guest RAM, not identical resource enforcement. Tools and inputs are prepared; each run gets a fresh workspace, warm caches, three warmups and 60 measured trials, with seeded randomized backend order. Builds, downloads and input copying are excluded.

Docker Engine 29.7.2 uses a private rootless VFS daemon and writable bind mounts. This does not represent overlay2 or Docker Desktop. Firecracker 1.13.1 PCI runs without jailer; QEMU 10.2.2 uses q35/microvm with private ext4. pVisor VM uses virtio-fs and a different kernel. Kernel, storage, devices and staging semantics remain configuration differences; these results do not isolate the VMM or FUSE alone.

Workload: 2,048 files in 32 directories; 64 MiB read with SHA256 verification; 256 × 64 KiB writes; git status; rg; 64 dependency-free Cargo modules; 32 offline npm packages. Operation timers include checks, excluding launch/exit. Completion includes all seven and exit. Large repositories, cold disks, Internet registries and concurrency throughput are unmeasured.",Units: ms; P50 or individual cluster medians with counts.,Offline npm install,Firecracker PCI,565.52
filesystem.md,Seven operations {#reference-fs},"Shared Linux/x86_64 host, AMD Ryzen 7 9700X, Fedora kernel 7.2.8-200.fc44.x86_64. Launch trees and the private Docker daemon are pinned to host CPUs 0,1; guests have 2 vCPU. Host/staged use rootless_process. Shell VMs use 128 MiB; tool VMs use 16 GiB. Native/Docker memory is not capped: this controls CPU and configured guest RAM, not identical resource enforcement. Tools and inputs are prepared; each run gets a fresh workspace, warm caches, three warmups and 60 measured trials, with seeded randomized backend order. Builds, downloads and input copying are excluded.

Docker Engine 29.7.2 uses a private rootless VFS daemon and writable bind mounts. This does not represent overlay2 or Docker Desktop. Firecracker 1.13.1 PCI runs without jailer; QEMU 10.2.2 uses q35/microvm with private ext4. pVisor VM uses virtio-fs and a different kernel. Kernel, storage, devices and staging semantics remain configuration differences; these results do not isolate the VMM or FUSE alone.

Workload: 2,048 files in 32 directories; 64 MiB read with SHA256 verification; 256 × 64 KiB writes; git status; rg; 64 dependency-free Cargo modules; 32 offline npm packages. Operation timers include checks, excluding launch/exit. Completion includes all seven and exit. Large repositories, cold disks, Internet registries and concurrency throughput are unmeasured.",Units: ms; P50 or individual cluster medians with counts.,Offline npm install,QEMU q35,583.35
filesystem.md,Seven operations {#reference-fs},"Shared Linux/x86_64 host, AMD Ryzen 7 9700X, Fedora kernel 7.2.8-200.fc44.x86_64. Launch trees and the private Docker daemon are pinned to host CPUs 0,1; guests have 2 vCPU. Host/staged use rootless_process. Shell VMs use 128 MiB; tool VMs use 16 GiB. Native/Docker memory is not capped: this controls CPU and configured guest RAM, not identical resource enforcement. Tools and inputs are prepared; each run gets a fresh workspace, warm caches, three warmups and 60 measured trials, with seeded randomized backend order. Builds, downloads and input copying are excluded.

Docker Engine 29.7.2 uses a private rootless VFS daemon and writable bind mounts. This does not represent overlay2 or Docker Desktop. Firecracker 1.13.1 PCI runs without jailer; QEMU 10.2.2 uses q35/microvm with private ext4. pVisor VM uses virtio-fs and a different kernel. Kernel, storage, devices and staging semantics remain configuration differences; these results do not isolate the VMM or FUSE alone.

Workload: 2,048 files in 32 directories; 64 MiB read with SHA256 verification; 256 × 64 KiB writes; git status; rg; 64 dependency-free Cargo modules; 32 offline npm packages. Operation timers include checks, excluding launch/exit. Completion includes all seven and exit. Large repositories, cold disks, Internet registries and concurrency throughput are unmeasured.",Units: ms; P50 or individual cluster medians with counts.,Offline npm install,QEMU microvm,619.69
filesystem.md,Launch through exit {#complete-task},"Shared Linux/x86_64 host, AMD Ryzen 7 9700X, Fedora kernel 7.2.8-200.fc44.x86_64. Launch trees and the private Docker daemon are pinned to host CPUs 0,1; guests have 2 vCPU. Host/staged use rootless_process. Shell VMs use 128 MiB; tool VMs use 16 GiB. Native/Docker memory is not capped: this controls CPU and configured guest RAM, not identical resource enforcement. Tools and inputs are prepared; each run gets a fresh workspace, warm caches, three warmups and 60 measured trials, with seeded randomized backend order. Builds, downloads and input copying are excluded.

Docker Engine 29.7.2 uses a private rootless VFS daemon and writable bind mounts. This does not represent overlay2 or Docker Desktop. Firecracker 1.13.1 PCI runs without jailer; QEMU 10.2.2 uses q35/microvm with private ext4. pVisor VM uses virtio-fs and a different kernel. Kernel, storage, devices and staging semantics remain configuration differences; these results do not isolate the VMM or FUSE alone.

Workload: 2,048 files in 32 directories; 64 MiB read with SHA256 verification; 256 × 64 KiB writes; git status; rg; 64 dependency-free Cargo modules; 32 offline npm packages. Operation timers include checks, excluding launch/exit. Completion includes all seven and exit. Large repositories, cold disks, Internet registries and concurrency throughput are unmeasured.","Units: seconds; P95 is descriptive, not an upper bound.",Native,Valid / failed,60 / 0
filesystem.md,Launch through exit {#complete-task},"Shared Linux/x86_64 host, AMD Ryzen 7 9700X, Fedora kernel 7.2.8-200.fc44.x86_64. Launch trees and the private Docker daemon are pinned to host CPUs 0,1; guests have 2 vCPU. Host/staged use rootless_process. Shell VMs use 128 MiB; tool VMs use 16 GiB. Native/Docker memory is not capped: this controls CPU and configured guest RAM, not identical resource enforcement. Tools and inputs are prepared; each run gets a fresh workspace, warm caches, three warmups and 60 measured trials, with seeded randomized backend order. Builds, downloads and input copying are excluded.

Docker Engine 29.7.2 uses a private rootless VFS daemon and writable bind mounts. This does not represent overlay2 or Docker Desktop. Firecracker 1.13.1 PCI runs without jailer; QEMU 10.2.2 uses q35/microvm with private ext4. pVisor VM uses virtio-fs and a different kernel. Kernel, storage, devices and staging semantics remain configuration differences; these results do not isolate the VMM or FUSE alone.

Workload: 2,048 files in 32 directories; 64 MiB read with SHA256 verification; 256 × 64 KiB writes; git status; rg; 64 dependency-free Cargo modules; 32 offline npm packages. Operation timers include checks, excluding launch/exit. Completion includes all seven and exit. Large repositories, cold disks, Internet registries and concurrency throughput are unmeasured.","Units: seconds; P95 is descriptive, not an upper bound.",Native,Completion P50 s,0.51
filesystem.md,Launch through exit {#complete-task},"Shared Linux/x86_64 host, AMD Ryzen 7 9700X, Fedora kernel 7.2.8-200.fc44.x86_64. Launch trees and the private Docker daemon are pinned to host CPUs 0,1; guests have 2 vCPU. Host/staged use rootless_process. Shell VMs use 128 MiB; tool VMs use 16 GiB. Native/Docker memory is not capped: this controls CPU and configured guest RAM, not identical resource enforcement. Tools and inputs are prepared; each run gets a fresh workspace, warm caches, three warmups and 60 measured trials, with seeded randomized backend order. Builds, downloads and input copying are excluded.

Docker Engine 29.7.2 uses a private rootless VFS daemon and writable bind mounts. This does not represent overlay2 or Docker Desktop. Firecracker 1.13.1 PCI runs without jailer; QEMU 10.2.2 uses q35/microvm with private ext4. pVisor VM uses virtio-fs and a different kernel. Kernel, storage, devices and staging semantics remain configuration differences; these results do not isolate the VMM or FUSE alone.

Workload: 2,048 files in 32 directories; 64 MiB read with SHA256 verification; 256 × 64 KiB writes; git status; rg; 64 dependency-free Cargo modules; 32 offline npm packages. Operation timers include checks, excluding launch/exit. Completion includes all seven and exit. Large repositories, cold disks, Internet registries and concurrency throughput are unmeasured.","Units: seconds; P95 is descriptive, not an upper bound.",Native,Completion P95 s,0.70
filesystem.md,Launch through exit {#complete-task},"Shared Linux/x86_64 host, AMD Ryzen 7 9700X, Fedora kernel 7.2.8-200.fc44.x86_64. Launch trees and the private Docker daemon are pinned to host CPUs 0,1; guests have 2 vCPU. Host/staged use rootless_process. Shell VMs use 128 MiB; tool VMs use 16 GiB. Native/Docker memory is not capped: this controls CPU and configured guest RAM, not identical resource enforcement. Tools and inputs are prepared; each run gets a fresh workspace, warm caches, three warmups and 60 measured trials, with seeded randomized backend order. Builds, downloads and input copying are excluded.

Docker Engine 29.7.2 uses a private rootless VFS daemon and writable bind mounts. This does not represent overlay2 or Docker Desktop. Firecracker 1.13.1 PCI runs without jailer; QEMU 10.2.2 uses q35/microvm with private ext4. pVisor VM uses virtio-fs and a different kernel. Kernel, storage, devices and staging semantics remain configuration differences; these results do not isolate the VMM or FUSE alone.

Workload: 2,048 files in 32 directories; 64 MiB read with SHA256 verification; 256 × 64 KiB writes; git status; rg; 64 dependency-free Cargo modules; 32 offline npm packages. Operation timers include checks, excluding launch/exit. Completion includes all seven and exit. Large repositories, cold disks, Internet registries and concurrency throughput are unmeasured.","Units: seconds; P95 is descriptive, not an upper bound.",pVisor host,Valid / failed,60 / 0
filesystem.md,Launch through exit {#complete-task},"Shared Linux/x86_64 host, AMD Ryzen 7 9700X, Fedora kernel 7.2.8-200.fc44.x86_64. Launch trees and the private Docker daemon are pinned to host CPUs 0,1; guests have 2 vCPU. Host/staged use rootless_process. Shell VMs use 128 MiB; tool VMs use 16 GiB. Native/Docker memory is not capped: this controls CPU and configured guest RAM, not identical resource enforcement. Tools and inputs are prepared; each run gets a fresh workspace, warm caches, three warmups and 60 measured trials, with seeded randomized backend order. Builds, downloads and input copying are excluded.

Docker Engine 29.7.2 uses a private rootless VFS daemon and writable bind mounts. This does not represent overlay2 or Docker Desktop. Firecracker 1.13.1 PCI runs without jailer; QEMU 10.2.2 uses q35/microvm with private ext4. pVisor VM uses virtio-fs and a different kernel. Kernel, storage, devices and staging semantics remain configuration differences; these results do not isolate the VMM or FUSE alone.

Workload: 2,048 files in 32 directories; 64 MiB read with SHA256 verification; 256 × 64 KiB writes; git status; rg; 64 dependency-free Cargo modules; 32 offline npm packages. Operation timers include checks, excluding launch/exit. Completion includes all seven and exit. Large repositories, cold disks, Internet registries and concurrency throughput are unmeasured.","Units: seconds; P95 is descriptive, not an upper bound.",pVisor host,Completion P50 s,0.57
filesystem.md,Launch through exit {#complete-task},"Shared Linux/x86_64 host, AMD Ryzen 7 9700X, Fedora kernel 7.2.8-200.fc44.x86_64. Launch trees and the private Docker daemon are pinned to host CPUs 0,1; guests have 2 vCPU. Host/staged use rootless_process. Shell VMs use 128 MiB; tool VMs use 16 GiB. Native/Docker memory is not capped: this controls CPU and configured guest RAM, not identical resource enforcement. Tools and inputs are prepared; each run gets a fresh workspace, warm caches, three warmups and 60 measured trials, with seeded randomized backend order. Builds, downloads and input copying are excluded.

Docker Engine 29.7.2 uses a private rootless VFS daemon and writable bind mounts. This does not represent overlay2 or Docker Desktop. Firecracker 1.13.1 PCI runs without jailer; QEMU 10.2.2 uses q35/microvm with private ext4. pVisor VM uses virtio-fs and a different kernel. Kernel, storage, devices and staging semantics remain configuration differences; these results do not isolate the VMM or FUSE alone.

Workload: 2,048 files in 32 directories; 64 MiB read with SHA256 verification; 256 × 64 KiB writes; git status; rg; 64 dependency-free Cargo modules; 32 offline npm packages. Operation timers include checks, excluding launch/exit. Completion includes all seven and exit. Large repositories, cold disks, Internet registries and concurrency throughput are unmeasured.","Units: seconds; P95 is descriptive, not an upper bound.",pVisor host,Completion P95 s,0.79
filesystem.md,Launch through exit {#complete-task},"Shared Linux/x86_64 host, AMD Ryzen 7 9700X, Fedora kernel 7.2.8-200.fc44.x86_64. Launch trees and the private Docker daemon are pinned to host CPUs 0,1; guests have 2 vCPU. Host/staged use rootless_process. Shell VMs use 128 MiB; tool VMs use 16 GiB. Native/Docker memory is not capped: this controls CPU and configured guest RAM, not identical resource enforcement. Tools and inputs are prepared; each run gets a fresh workspace, warm caches, three warmups and 60 measured trials, with seeded randomized backend order. Builds, downloads and input copying are excluded.

Docker Engine 29.7.2 uses a private rootless VFS daemon and writable bind mounts. This does not represent overlay2 or Docker Desktop. Firecracker 1.13.1 PCI runs without jailer; QEMU 10.2.2 uses q35/microvm with private ext4. pVisor VM uses virtio-fs and a different kernel. Kernel, storage, devices and staging semantics remain configuration differences; these results do not isolate the VMM or FUSE alone.

Workload: 2,048 files in 32 directories; 64 MiB read with SHA256 verification; 256 × 64 KiB writes; git status; rg; 64 dependency-free Cargo modules; 32 offline npm packages. Operation timers include checks, excluding launch/exit. Completion includes all seven and exit. Large repositories, cold disks, Internet registries and concurrency throughput are unmeasured.","Units: seconds; P95 is descriptive, not an upper bound.",pVisor staged,Valid / failed,60 / 0
filesystem.md,Launch through exit {#complete-task},"Shared Linux/x86_64 host, AMD Ryzen 7 9700X, Fedora kernel 7.2.8-200.fc44.x86_64. Launch trees and the private Docker daemon are pinned to host CPUs 0,1; guests have 2 vCPU. Host/staged use rootless_process. Shell VMs use 128 MiB; tool VMs use 16 GiB. Native/Docker memory is not capped: this controls CPU and configured guest RAM, not identical resource enforcement. Tools and inputs are prepared; each run gets a fresh workspace, warm caches, three warmups and 60 measured trials, with seeded randomized backend order. Builds, downloads and input copying are excluded.

Docker Engine 29.7.2 uses a private rootless VFS daemon and writable bind mounts. This does not represent overlay2 or Docker Desktop. Firecracker 1.13.1 PCI runs without jailer; QEMU 10.2.2 uses q35/microvm with private ext4. pVisor VM uses virtio-fs and a different kernel. Kernel, storage, devices and staging semantics remain configuration differences; these results do not isolate the VMM or FUSE alone.

Workload: 2,048 files in 32 directories; 64 MiB read with SHA256 verification; 256 × 64 KiB writes; git status; rg; 64 dependency-free Cargo modules; 32 offline npm packages. Operation timers include checks, excluding launch/exit. Completion includes all seven and exit. Large repositories, cold disks, Internet registries and concurrency throughput are unmeasured.","Units: seconds; P95 is descriptive, not an upper bound.",pVisor staged,Completion P50 s,1.29
filesystem.md,Launch through exit {#complete-task},"Shared Linux/x86_64 host, AMD Ryzen 7 9700X, Fedora kernel 7.2.8-200.fc44.x86_64. Launch trees and the private Docker daemon are pinned to host CPUs 0,1; guests have 2 vCPU. Host/staged use rootless_process. Shell VMs use 128 MiB; tool VMs use 16 GiB. Native/Docker memory is not capped: this controls CPU and configured guest RAM, not identical resource enforcement. Tools and inputs are prepared; each run gets a fresh workspace, warm caches, three warmups and 60 measured trials, with seeded randomized backend order. Builds, downloads and input copying are excluded.

Docker Engine 29.7.2 uses a private rootless VFS daemon and writable bind mounts. This does not represent overlay2 or Docker Desktop. Firecracker 1.13.1 PCI runs without jailer; QEMU 10.2.2 uses q35/microvm with private ext4. pVisor VM uses virtio-fs and a different kernel. Kernel, storage, devices and staging semantics remain configuration differences; these results do not isolate the VMM or FUSE alone.

Workload: 2,048 files in 32 directories; 64 MiB read with SHA256 verification; 256 × 64 KiB writes; git status; rg; 64 dependency-free Cargo modules; 32 offline npm packages. Operation timers include checks, excluding launch/exit. Completion includes all seven and exit. Large repositories, cold disks, Internet registries and concurrency throughput are unmeasured.","Units: seconds; P95 is descriptive, not an upper bound.",pVisor staged,Completion P95 s,1.58
filesystem.md,Launch through exit {#complete-task},"Shared Linux/x86_64 host, AMD Ryzen 7 9700X, Fedora kernel 7.2.8-200.fc44.x86_64. Launch trees and the private Docker daemon are pinned to host CPUs 0,1; guests have 2 vCPU. Host/staged use rootless_process. Shell VMs use 128 MiB; tool VMs use 16 GiB. Native/Docker memory is not capped: this controls CPU and configured guest RAM, not identical resource enforcement. Tools and inputs are prepared; each run gets a fresh workspace, warm caches, three warmups and 60 measured trials, with seeded randomized backend order. Builds, downloads and input copying are excluded.

Docker Engine 29.7.2 uses a private rootless VFS daemon and writable bind mounts. This does not represent overlay2 or Docker Desktop. Firecracker 1.13.1 PCI runs without jailer; QEMU 10.2.2 uses q35/microvm with private ext4. pVisor VM uses virtio-fs and a different kernel. Kernel, storage, devices and staging semantics remain configuration differences; these results do not isolate the VMM or FUSE alone.

Workload: 2,048 files in 32 directories; 64 MiB read with SHA256 verification; 256 × 64 KiB writes; git status; rg; 64 dependency-free Cargo modules; 32 offline npm packages. Operation timers include checks, excluding launch/exit. Completion includes all seven and exit. Large repositories, cold disks, Internet registries and concurrency throughput are unmeasured.","Units: seconds; P95 is descriptive, not an upper bound.",pVisor VM,Valid / failed,60 / 0
filesystem.md,Launch through exit {#complete-task},"Shared Linux/x86_64 host, AMD Ryzen 7 9700X, Fedora kernel 7.2.8-200.fc44.x86_64. Launch trees and the private Docker daemon are pinned to host CPUs 0,1; guests have 2 vCPU. Host/staged use rootless_process. Shell VMs use 128 MiB; tool VMs use 16 GiB. Native/Docker memory is not capped: this controls CPU and configured guest RAM, not identical resource enforcement. Tools and inputs are prepared; each run gets a fresh workspace, warm caches, three warmups and 60 measured trials, with seeded randomized backend order. Builds, downloads and input copying are excluded.

Docker Engine 29.7.2 uses a private rootless VFS daemon and writable bind mounts. This does not represent overlay2 or Docker Desktop. Firecracker 1.13.1 PCI runs without jailer; QEMU 10.2.2 uses q35/microvm with private ext4. pVisor VM uses virtio-fs and a different kernel. Kernel, storage, devices and staging semantics remain configuration differences; these results do not isolate the VMM or FUSE alone.

Workload: 2,048 files in 32 directories; 64 MiB read with SHA256 verification; 256 × 64 KiB writes; git status; rg; 64 dependency-free Cargo modules; 32 offline npm packages. Operation timers include checks, excluding launch/exit. Completion includes all seven and exit. Large repositories, cold disks, Internet registries and concurrency throughput are unmeasured.","Units: seconds; P95 is descriptive, not an upper bound.",pVisor VM,Completion P50 s,6.66
filesystem.md,Launch through exit {#complete-task},"Shared Linux/x86_64 host, AMD Ryzen 7 9700X, Fedora kernel 7.2.8-200.fc44.x86_64. Launch trees and the private Docker daemon are pinned to host CPUs 0,1; guests have 2 vCPU. Host/staged use rootless_process. Shell VMs use 128 MiB; tool VMs use 16 GiB. Native/Docker memory is not capped: this controls CPU and configured guest RAM, not identical resource enforcement. Tools and inputs are prepared; each run gets a fresh workspace, warm caches, three warmups and 60 measured trials, with seeded randomized backend order. Builds, downloads and input copying are excluded.

Docker Engine 29.7.2 uses a private rootless VFS daemon and writable bind mounts. This does not represent overlay2 or Docker Desktop. Firecracker 1.13.1 PCI runs without jailer; QEMU 10.2.2 uses q35/microvm with private ext4. pVisor VM uses virtio-fs and a different kernel. Kernel, storage, devices and staging semantics remain configuration differences; these results do not isolate the VMM or FUSE alone.

Workload: 2,048 files in 32 directories; 64 MiB read with SHA256 verification; 256 × 64 KiB writes; git status; rg; 64 dependency-free Cargo modules; 32 offline npm packages. Operation timers include checks, excluding launch/exit. Completion includes all seven and exit. Large repositories, cold disks, Internet registries and concurrency throughput are unmeasured.","Units: seconds; P95 is descriptive, not an upper bound.",pVisor VM,Completion P95 s,8.00
filesystem.md,Launch through exit {#complete-task},"Shared Linux/x86_64 host, AMD Ryzen 7 9700X, Fedora kernel 7.2.8-200.fc44.x86_64. Launch trees and the private Docker daemon are pinned to host CPUs 0,1; guests have 2 vCPU. Host/staged use rootless_process. Shell VMs use 128 MiB; tool VMs use 16 GiB. Native/Docker memory is not capped: this controls CPU and configured guest RAM, not identical resource enforcement. Tools and inputs are prepared; each run gets a fresh workspace, warm caches, three warmups and 60 measured trials, with seeded randomized backend order. Builds, downloads and input copying are excluded.

Docker Engine 29.7.2 uses a private rootless VFS daemon and writable bind mounts. This does not represent overlay2 or Docker Desktop. Firecracker 1.13.1 PCI runs without jailer; QEMU 10.2.2 uses q35/microvm with private ext4. pVisor VM uses virtio-fs and a different kernel. Kernel, storage, devices and staging semantics remain configuration differences; these results do not isolate the VMM or FUSE alone.

Workload: 2,048 files in 32 directories; 64 MiB read with SHA256 verification; 256 × 64 KiB writes; git status; rg; 64 dependency-free Cargo modules; 32 offline npm packages. Operation timers include checks, excluding launch/exit. Completion includes all seven and exit. Large repositories, cold disks, Internet registries and concurrency throughput are unmeasured.","Units: seconds; P95 is descriptive, not an upper bound.",Docker rootless / VFS,Valid / failed,60 / 0
filesystem.md,Launch through exit {#complete-task},"Shared Linux/x86_64 host, AMD Ryzen 7 9700X, Fedora kernel 7.2.8-200.fc44.x86_64. Launch trees and the private Docker daemon are pinned to host CPUs 0,1; guests have 2 vCPU. Host/staged use rootless_process. Shell VMs use 128 MiB; tool VMs use 16 GiB. Native/Docker memory is not capped: this controls CPU and configured guest RAM, not identical resource enforcement. Tools and inputs are prepared; each run gets a fresh workspace, warm caches, three warmups and 60 measured trials, with seeded randomized backend order. Builds, downloads and input copying are excluded.

Docker Engine 29.7.2 uses a private rootless VFS daemon and writable bind mounts. This does not represent overlay2 or Docker Desktop. Firecracker 1.13.1 PCI runs without jailer; QEMU 10.2.2 uses q35/microvm with private ext4. pVisor VM uses virtio-fs and a different kernel. Kernel, storage, devices and staging semantics remain configuration differences; these results do not isolate the VMM or FUSE alone.

Workload: 2,048 files in 32 directories; 64 MiB read with SHA256 verification; 256 × 64 KiB writes; git status; rg; 64 dependency-free Cargo modules; 32 offline npm packages. Operation timers include checks, excluding launch/exit. Completion includes all seven and exit. Large repositories, cold disks, Internet registries and concurrency throughput are unmeasured.","Units: seconds; P95 is descriptive, not an upper bound.",Docker rootless / VFS,Completion P50 s,5.68
filesystem.md,Launch through exit {#complete-task},"Shared Linux/x86_64 host, AMD Ryzen 7 9700X, Fedora kernel 7.2.8-200.fc44.x86_64. Launch trees and the private Docker daemon are pinned to host CPUs 0,1; guests have 2 vCPU. Host/staged use rootless_process. Shell VMs use 128 MiB; tool VMs use 16 GiB. Native/Docker memory is not capped: this controls CPU and configured guest RAM, not identical resource enforcement. Tools and inputs are prepared; each run gets a fresh workspace, warm caches, three warmups and 60 measured trials, with seeded randomized backend order. Builds, downloads and input copying are excluded.

Docker Engine 29.7.2 uses a private rootless VFS daemon and writable bind mounts. This does not represent overlay2 or Docker Desktop. Firecracker 1.13.1 PCI runs without jailer; QEMU 10.2.2 uses q35/microvm with private ext4. pVisor VM uses virtio-fs and a different kernel. Kernel, storage, devices and staging semantics remain configuration differences; these results do not isolate the VMM or FUSE alone.

Workload: 2,048 files in 32 directories; 64 MiB read with SHA256 verification; 256 × 64 KiB writes; git status; rg; 64 dependency-free Cargo modules; 32 offline npm packages. Operation timers include checks, excluding launch/exit. Completion includes all seven and exit. Large repositories, cold disks, Internet registries and concurrency throughput are unmeasured.","Units: seconds; P95 is descriptive, not an upper bound.",Docker rootless / VFS,Completion P95 s,6.76
filesystem.md,Launch through exit {#complete-task},"Shared Linux/x86_64 host, AMD Ryzen 7 9700X, Fedora kernel 7.2.8-200.fc44.x86_64. Launch trees and the private Docker daemon are pinned to host CPUs 0,1; guests have 2 vCPU. Host/staged use rootless_process. Shell VMs use 128 MiB; tool VMs use 16 GiB. Native/Docker memory is not capped: this controls CPU and configured guest RAM, not identical resource enforcement. Tools and inputs are prepared; each run gets a fresh workspace, warm caches, three warmups and 60 measured trials, with seeded randomized backend order. Builds, downloads and input copying are excluded.

Docker Engine 29.7.2 uses a private rootless VFS daemon and writable bind mounts. This does not represent overlay2 or Docker Desktop. Firecracker 1.13.1 PCI runs without jailer; QEMU 10.2.2 uses q35/microvm with private ext4. pVisor VM uses virtio-fs and a different kernel. Kernel, storage, devices and staging semantics remain configuration differences; these results do not isolate the VMM or FUSE alone.

Workload: 2,048 files in 32 directories; 64 MiB read with SHA256 verification; 256 × 64 KiB writes; git status; rg; 64 dependency-free Cargo modules; 32 offline npm packages. Operation timers include checks, excluding launch/exit. Completion includes all seven and exit. Large repositories, cold disks, Internet registries and concurrency throughput are unmeasured.","Units: seconds; P95 is descriptive, not an upper bound.",Firecracker PCI,Valid / failed,60 / 0
filesystem.md,Launch through exit {#complete-task},"Shared Linux/x86_64 host, AMD Ryzen 7 9700X, Fedora kernel 7.2.8-200.fc44.x86_64. Launch trees and the private Docker daemon are pinned to host CPUs 0,1; guests have 2 vCPU. Host/staged use rootless_process. Shell VMs use 128 MiB; tool VMs use 16 GiB. Native/Docker memory is not capped: this controls CPU and configured guest RAM, not identical resource enforcement. Tools and inputs are prepared; each run gets a fresh workspace, warm caches, three warmups and 60 measured trials, with seeded randomized backend order. Builds, downloads and input copying are excluded.

Docker Engine 29.7.2 uses a private rootless VFS daemon and writable bind mounts. This does not represent overlay2 or Docker Desktop. Firecracker 1.13.1 PCI runs without jailer; QEMU 10.2.2 uses q35/microvm with private ext4. pVisor VM uses virtio-fs and a different kernel. Kernel, storage, devices and staging semantics remain configuration differences; these results do not isolate the VMM or FUSE alone.

Workload: 2,048 files in 32 directories; 64 MiB read with SHA256 verification; 256 × 64 KiB writes; git status; rg; 64 dependency-free Cargo modules; 32 offline npm packages. Operation timers include checks, excluding launch/exit. Completion includes all seven and exit. Large repositories, cold disks, Internet registries and concurrency throughput are unmeasured.","Units: seconds; P95 is descriptive, not an upper bound.",Firecracker PCI,Completion P50 s,2.16
filesystem.md,Launch through exit {#complete-task},"Shared Linux/x86_64 host, AMD Ryzen 7 9700X, Fedora kernel 7.2.8-200.fc44.x86_64. Launch trees and the private Docker daemon are pinned to host CPUs 0,1; guests have 2 vCPU. Host/staged use rootless_process. Shell VMs use 128 MiB; tool VMs use 16 GiB. Native/Docker memory is not capped: this controls CPU and configured guest RAM, not identical resource enforcement. Tools and inputs are prepared; each run gets a fresh workspace, warm caches, three warmups and 60 measured trials, with seeded randomized backend order. Builds, downloads and input copying are excluded.

Docker Engine 29.7.2 uses a private rootless VFS daemon and writable bind mounts. This does not represent overlay2 or Docker Desktop. Firecracker 1.13.1 PCI runs without jailer; QEMU 10.2.2 uses q35/microvm with private ext4. pVisor VM uses virtio-fs and a different kernel. Kernel, storage, devices and staging semantics remain configuration differences; these results do not isolate the VMM or FUSE alone.

Workload: 2,048 files in 32 directories; 64 MiB read with SHA256 verification; 256 × 64 KiB writes; git status; rg; 64 dependency-free Cargo modules; 32 offline npm packages. Operation timers include checks, excluding launch/exit. Completion includes all seven and exit. Large repositories, cold disks, Internet registries and concurrency throughput are unmeasured.","Units: seconds; P95 is descriptive, not an upper bound.",Firecracker PCI,Completion P95 s,2.35
filesystem.md,Launch through exit {#complete-task},"Shared Linux/x86_64 host, AMD Ryzen 7 9700X, Fedora kernel 7.2.8-200.fc44.x86_64. Launch trees and the private Docker daemon are pinned to host CPUs 0,1; guests have 2 vCPU. Host/staged use rootless_process. Shell VMs use 128 MiB; tool VMs use 16 GiB. Native/Docker memory is not capped: this controls CPU and configured guest RAM, not identical resource enforcement. Tools and inputs are prepared; each run gets a fresh workspace, warm caches, three warmups and 60 measured trials, with seeded randomized backend order. Builds, downloads and input copying are excluded.

Docker Engine 29.7.2 uses a private rootless VFS daemon and writable bind mounts. This does not represent overlay2 or Docker Desktop. Firecracker 1.13.1 PCI runs without jailer; QEMU 10.2.2 uses q35/microvm with private ext4. pVisor VM uses virtio-fs and a different kernel. Kernel, storage, devices and staging semantics remain configuration differences; these results do not isolate the VMM or FUSE alone.

Workload: 2,048 files in 32 directories; 64 MiB read with SHA256 verification; 256 × 64 KiB writes; git status; rg; 64 dependency-free Cargo modules; 32 offline npm packages. Operation timers include checks, excluding launch/exit. Completion includes all seven and exit. Large repositories, cold disks, Internet registries and concurrency throughput are unmeasured.","Units: seconds; P95 is descriptive, not an upper bound.",QEMU q35,Valid / failed,60 / 0
filesystem.md,Launch through exit {#complete-task},"Shared Linux/x86_64 host, AMD Ryzen 7 9700X, Fedora kernel 7.2.8-200.fc44.x86_64. Launch trees and the private Docker daemon are pinned to host CPUs 0,1; guests have 2 vCPU. Host/staged use rootless_process. Shell VMs use 128 MiB; tool VMs use 16 GiB. Native/Docker memory is not capped: this controls CPU and configured guest RAM, not identical resource enforcement. Tools and inputs are prepared; each run gets a fresh workspace, warm caches, three warmups and 60 measured trials, with seeded randomized backend order. Builds, downloads and input copying are excluded.

Docker Engine 29.7.2 uses a private rootless VFS daemon and writable bind mounts. This does not represent overlay2 or Docker Desktop. Firecracker 1.13.1 PCI runs without jailer; QEMU 10.2.2 uses q35/microvm with private ext4. pVisor VM uses virtio-fs and a different kernel. Kernel, storage, devices and staging semantics remain configuration differences; these results do not isolate the VMM or FUSE alone.

Workload: 2,048 files in 32 directories; 64 MiB read with SHA256 verification; 256 × 64 KiB writes; git status; rg; 64 dependency-free Cargo modules; 32 offline npm packages. Operation timers include checks, excluding launch/exit. Completion includes all seven and exit. Large repositories, cold disks, Internet registries and concurrency throughput are unmeasured.","Units: seconds; P95 is descriptive, not an upper bound.",QEMU q35,Completion P50 s,2.44
filesystem.md,Launch through exit {#complete-task},"Shared Linux/x86_64 host, AMD Ryzen 7 9700X, Fedora kernel 7.2.8-200.fc44.x86_64. Launch trees and the private Docker daemon are pinned to host CPUs 0,1; guests have 2 vCPU. Host/staged use rootless_process. Shell VMs use 128 MiB; tool VMs use 16 GiB. Native/Docker memory is not capped: this controls CPU and configured guest RAM, not identical resource enforcement. Tools and inputs are prepared; each run gets a fresh workspace, warm caches, three warmups and 60 measured trials, with seeded randomized backend order. Builds, downloads and input copying are excluded.

Docker Engine 29.7.2 uses a private rootless VFS daemon and writable bind mounts. This does not represent overlay2 or Docker Desktop. Firecracker 1.13.1 PCI runs without jailer; QEMU 10.2.2 uses q35/microvm with private ext4. pVisor VM uses virtio-fs and a different kernel. Kernel, storage, devices and staging semantics remain configuration differences; these results do not isolate the VMM or FUSE alone.

Workload: 2,048 files in 32 directories; 64 MiB read with SHA256 verification; 256 × 64 KiB writes; git status; rg; 64 dependency-free Cargo modules; 32 offline npm packages. Operation timers include checks, excluding launch/exit. Completion includes all seven and exit. Large repositories, cold disks, Internet registries and concurrency throughput are unmeasured.","Units: seconds; P95 is descriptive, not an upper bound.",QEMU q35,Completion P95 s,2.75
filesystem.md,Launch through exit {#complete-task},"Shared Linux/x86_64 host, AMD Ryzen 7 9700X, Fedora kernel 7.2.8-200.fc44.x86_64. Launch trees and the private Docker daemon are pinned to host CPUs 0,1; guests have 2 vCPU. Host/staged use rootless_process. Shell VMs use 128 MiB; tool VMs use 16 GiB. Native/Docker memory is not capped: this controls CPU and configured guest RAM, not identical resource enforcement. Tools and inputs are prepared; each run gets a fresh workspace, warm caches, three warmups and 60 measured trials, with seeded randomized backend order. Builds, downloads and input copying are excluded.

Docker Engine 29.7.2 uses a private rootless VFS daemon and writable bind mounts. This does not represent overlay2 or Docker Desktop. Firecracker 1.13.1 PCI runs without jailer; QEMU 10.2.2 uses q35/microvm with private ext4. pVisor VM uses virtio-fs and a different kernel. Kernel, storage, devices and staging semantics remain configuration differences; these results do not isolate the VMM or FUSE alone.

Workload: 2,048 files in 32 directories; 64 MiB read with SHA256 verification; 256 × 64 KiB writes; git status; rg; 64 dependency-free Cargo modules; 32 offline npm packages. Operation timers include checks, excluding launch/exit. Completion includes all seven and exit. Large repositories, cold disks, Internet registries and concurrency throughput are unmeasured.","Units: seconds; P95 is descriptive, not an upper bound.",QEMU microvm,Valid / failed,60 / 0
filesystem.md,Launch through exit {#complete-task},"Shared Linux/x86_64 host, AMD Ryzen 7 9700X, Fedora kernel 7.2.8-200.fc44.x86_64. Launch trees and the private Docker daemon are pinned to host CPUs 0,1; guests have 2 vCPU. Host/staged use rootless_process. Shell VMs use 128 MiB; tool VMs use 16 GiB. Native/Docker memory is not capped: this controls CPU and configured guest RAM, not identical resource enforcement. Tools and inputs are prepared; each run gets a fresh workspace, warm caches, three warmups and 60 measured trials, with seeded randomized backend order. Builds, downloads and input copying are excluded.

Docker Engine 29.7.2 uses a private rootless VFS daemon and writable bind mounts. This does not represent overlay2 or Docker Desktop. Firecracker 1.13.1 PCI runs without jailer; QEMU 10.2.2 uses q35/microvm with private ext4. pVisor VM uses virtio-fs and a different kernel. Kernel, storage, devices and staging semantics remain configuration differences; these results do not isolate the VMM or FUSE alone.

Workload: 2,048 files in 32 directories; 64 MiB read with SHA256 verification; 256 × 64 KiB writes; git status; rg; 64 dependency-free Cargo modules; 32 offline npm packages. Operation timers include checks, excluding launch/exit. Completion includes all seven and exit. Large repositories, cold disks, Internet registries and concurrency throughput are unmeasured.","Units: seconds; P95 is descriptive, not an upper bound.",QEMU microvm,Completion P50 s,2.45
filesystem.md,Launch through exit {#complete-task},"Shared Linux/x86_64 host, AMD Ryzen 7 9700X, Fedora kernel 7.2.8-200.fc44.x86_64. Launch trees and the private Docker daemon are pinned to host CPUs 0,1; guests have 2 vCPU. Host/staged use rootless_process. Shell VMs use 128 MiB; tool VMs use 16 GiB. Native/Docker memory is not capped: this controls CPU and configured guest RAM, not identical resource enforcement. Tools and inputs are prepared; each run gets a fresh workspace, warm caches, three warmups and 60 measured trials, with seeded randomized backend order. Builds, downloads and input copying are excluded.

Docker Engine 29.7.2 uses a private rootless VFS daemon and writable bind mounts. This does not represent overlay2 or Docker Desktop. Firecracker 1.13.1 PCI runs without jailer; QEMU 10.2.2 uses q35/microvm with private ext4. pVisor VM uses virtio-fs and a different kernel. Kernel, storage, devices and staging semantics remain configuration differences; these results do not isolate the VMM or FUSE alone.

Workload: 2,048 files in 32 directories; 64 MiB read with SHA256 verification; 256 × 64 KiB writes; git status; rg; 64 dependency-free Cargo modules; 32 offline npm packages. Operation timers include checks, excluding launch/exit. Completion includes all seven and exit. Large repositories, cold disks, Internet registries and concurrency throughput are unmeasured.","Units: seconds; P95 is descriptive, not an upper bound.",QEMU microvm,Completion P95 s,2.79
filesystem.md,Complete Ubuntu file operations {#full-ubuntu},"Shared Linux/x86_64 host, AMD Ryzen 7 9700X, Fedora kernel 7.2.8-200.fc44.x86_64. Launch trees and the private Docker daemon are pinned to host CPUs 0,1; guests have 2 vCPU. Host/staged use rootless_process. Shell VMs use 128 MiB; tool VMs use 16 GiB. Native/Docker memory is not capped: this controls CPU and configured guest RAM, not identical resource enforcement. Tools and inputs are prepared; each run gets a fresh workspace, warm caches, three warmups and 60 measured trials, with seeded randomized backend order. Builds, downloads and input copying are excluded.

Docker Engine 29.7.2 uses a private rootless VFS daemon and writable bind mounts. This does not represent overlay2 or Docker Desktop. Firecracker 1.13.1 PCI runs without jailer; QEMU 10.2.2 uses q35/microvm with private ext4. pVisor VM uses virtio-fs and a different kernel. Kernel, storage, devices and staging semantics remain configuration differences; these results do not isolate the VMM or FUSE alone.

Workload: 2,048 files in 32 directories; 64 MiB read with SHA256 verification; 256 × 64 KiB writes; git status; rg; 64 dependency-free Cargo modules; 32 offline npm packages. Operation timers include checks, excluding launch/exit. Completion includes all seven and exit. Large repositories, cold disks, Internet registries and concurrency throughput are unmeasured.","Independent 2026-10-04 Firecracker/Ubuntu cohort, 2 vCPU / 16 GiB, N=10, three warmups. P50 ms; different OS/tools/storage, without pooled distributions. QEMU/Ubuntu has no seven-operation measurement.","Traverse 2,048 files",Firecracker / Ubuntu P50 ms,18.64
filesystem.md,Complete Ubuntu file operations {#full-ubuntu},"Shared Linux/x86_64 host, AMD Ryzen 7 9700X, Fedora kernel 7.2.8-200.fc44.x86_64. Launch trees and the private Docker daemon are pinned to host CPUs 0,1; guests have 2 vCPU. Host/staged use rootless_process. Shell VMs use 128 MiB; tool VMs use 16 GiB. Native/Docker memory is not capped: this controls CPU and configured guest RAM, not identical resource enforcement. Tools and inputs are prepared; each run gets a fresh workspace, warm caches, three warmups and 60 measured trials, with seeded randomized backend order. Builds, downloads and input copying are excluded.

Docker Engine 29.7.2 uses a private rootless VFS daemon and writable bind mounts. This does not represent overlay2 or Docker Desktop. Firecracker 1.13.1 PCI runs without jailer; QEMU 10.2.2 uses q35/microvm with private ext4. pVisor VM uses virtio-fs and a different kernel. Kernel, storage, devices and staging semantics remain configuration differences; these results do not isolate the VMM or FUSE alone.

Workload: 2,048 files in 32 directories; 64 MiB read with SHA256 verification; 256 × 64 KiB writes; git status; rg; 64 dependency-free Cargo modules; 32 offline npm packages. Operation timers include checks, excluding launch/exit. Completion includes all seven and exit. Large repositories, cold disks, Internet registries and concurrency throughput are unmeasured.","Independent 2026-10-04 Firecracker/Ubuntu cohort, 2 vCPU / 16 GiB, N=10, three warmups. P50 ms; different OS/tools/storage, without pooled distributions. QEMU/Ubuntu has no seven-operation measurement.",Read/verify 64 MiB,Firecracker / Ubuntu P50 ms,115.51
filesystem.md,Complete Ubuntu file operations {#full-ubuntu},"Shared Linux/x86_64 host, AMD Ryzen 7 9700X, Fedora kernel 7.2.8-200.fc44.x86_64. Launch trees and the private Docker daemon are pinned to host CPUs 0,1; guests have 2 vCPU. Host/staged use rootless_process. Shell VMs use 128 MiB; tool VMs use 16 GiB. Native/Docker memory is not capped: this controls CPU and configured guest RAM, not identical resource enforcement. Tools and inputs are prepared; each run gets a fresh workspace, warm caches, three warmups and 60 measured trials, with seeded randomized backend order. Builds, downloads and input copying are excluded.

Docker Engine 29.7.2 uses a private rootless VFS daemon and writable bind mounts. This does not represent overlay2 or Docker Desktop. Firecracker 1.13.1 PCI runs without jailer; QEMU 10.2.2 uses q35/microvm with private ext4. pVisor VM uses virtio-fs and a different kernel. Kernel, storage, devices and staging semantics remain configuration differences; these results do not isolate the VMM or FUSE alone.

Workload: 2,048 files in 32 directories; 64 MiB read with SHA256 verification; 256 × 64 KiB writes; git status; rg; 64 dependency-free Cargo modules; 32 offline npm packages. Operation timers include checks, excluding launch/exit. Completion includes all seven and exit. Large repositories, cold disks, Internet registries and concurrency throughput are unmeasured.","Independent 2026-10-04 Firecracker/Ubuntu cohort, 2 vCPU / 16 GiB, N=10, three warmups. P50 ms; different OS/tools/storage, without pooled distributions. QEMU/Ubuntu has no seven-operation measurement.",Write 256 files,Firecracker / Ubuntu P50 ms,36.07
filesystem.md,Complete Ubuntu file operations {#full-ubuntu},"Shared Linux/x86_64 host, AMD Ryzen 7 9700X, Fedora kernel 7.2.8-200.fc44.x86_64. Launch trees and the private Docker daemon are pinned to host CPUs 0,1; guests have 2 vCPU. Host/staged use rootless_process. Shell VMs use 128 MiB; tool VMs use 16 GiB. Native/Docker memory is not capped: this controls CPU and configured guest RAM, not identical resource enforcement. Tools and inputs are prepared; each run gets a fresh workspace, warm caches, three warmups and 60 measured trials, with seeded randomized backend order. Builds, downloads and input copying are excluded.

Docker Engine 29.7.2 uses a private rootless VFS daemon and writable bind mounts. This does not represent overlay2 or Docker Desktop. Firecracker 1.13.1 PCI runs without jailer; QEMU 10.2.2 uses q35/microvm with private ext4. pVisor VM uses virtio-fs and a different kernel. Kernel, storage, devices and staging semantics remain configuration differences; these results do not isolate the VMM or FUSE alone.

Workload: 2,048 files in 32 directories; 64 MiB read with SHA256 verification; 256 × 64 KiB writes; git status; rg; 64 dependency-free Cargo modules; 32 offline npm packages. Operation timers include checks, excluding launch/exit. Completion includes all seven and exit. Large repositories, cold disks, Internet registries and concurrency throughput are unmeasured.","Independent 2026-10-04 Firecracker/Ubuntu cohort, 2 vCPU / 16 GiB, N=10, three warmups. P50 ms; different OS/tools/storage, without pooled distributions. QEMU/Ubuntu has no seven-operation measurement.",git status,Firecracker / Ubuntu P50 ms,136.50
filesystem.md,Complete Ubuntu file operations {#full-ubuntu},"Shared Linux/x86_64 host, AMD Ryzen 7 9700X, Fedora kernel 7.2.8-200.fc44.x86_64. Launch trees and the private Docker daemon are pinned to host CPUs 0,1; guests have 2 vCPU. Host/staged use rootless_process. Shell VMs use 128 MiB; tool VMs use 16 GiB. Native/Docker memory is not capped: this controls CPU and configured guest RAM, not identical resource enforcement. Tools and inputs are prepared; each run gets a fresh workspace, warm caches, three warmups and 60 measured trials, with seeded randomized backend order. Builds, downloads and input copying are excluded.

Docker Engine 29.7.2 uses a private rootless VFS daemon and writable bind mounts. This does not represent overlay2 or Docker Desktop. Firecracker 1.13.1 PCI runs without jailer; QEMU 10.2.2 uses q35/microvm with private ext4. pVisor VM uses virtio-fs and a different kernel. Kernel, storage, devices and staging semantics remain configuration differences; these results do not isolate the VMM or FUSE alone.

Workload: 2,048 files in 32 directories; 64 MiB read with SHA256 verification; 256 × 64 KiB writes; git status; rg; 64 dependency-free Cargo modules; 32 offline npm packages. Operation timers include checks, excluding launch/exit. Completion includes all seven and exit. Large repositories, cold disks, Internet registries and concurrency throughput are unmeasured.","Independent 2026-10-04 Firecracker/Ubuntu cohort, 2 vCPU / 16 GiB, N=10, three warmups. P50 ms; different OS/tools/storage, without pooled distributions. QEMU/Ubuntu has no seven-operation measurement.",Ripgrep search,Firecracker / Ubuntu P50 ms,20.40
filesystem.md,Complete Ubuntu file operations {#full-ubuntu},"Shared Linux/x86_64 host, AMD Ryzen 7 9700X, Fedora kernel 7.2.8-200.fc44.x86_64. Launch trees and the private Docker daemon are pinned to host CPUs 0,1; guests have 2 vCPU. Host/staged use rootless_process. Shell VMs use 128 MiB; tool VMs use 16 GiB. Native/Docker memory is not capped: this controls CPU and configured guest RAM, not identical resource enforcement. Tools and inputs are prepared; each run gets a fresh workspace, warm caches, three warmups and 60 measured trials, with seeded randomized backend order. Builds, downloads and input copying are excluded.

Docker Engine 29.7.2 uses a private rootless VFS daemon and writable bind mounts. This does not represent overlay2 or Docker Desktop. Firecracker 1.13.1 PCI runs without jailer; QEMU 10.2.2 uses q35/microvm with private ext4. pVisor VM uses virtio-fs and a different kernel. Kernel, storage, devices and staging semantics remain configuration differences; these results do not isolate the VMM or FUSE alone.

Workload: 2,048 files in 32 directories; 64 MiB read with SHA256 verification; 256 × 64 KiB writes; git status; rg; 64 dependency-free Cargo modules; 32 offline npm packages. Operation timers include checks, excluding launch/exit. Completion includes all seven and exit. Large repositories, cold disks, Internet registries and concurrency throughput are unmeasured.","Independent 2026-10-04 Firecracker/Ubuntu cohort, 2 vCPU / 16 GiB, N=10, three warmups. P50 ms; different OS/tools/storage, without pooled distributions. QEMU/Ubuntu has no seven-operation measurement.",Offline Cargo build,Firecracker / Ubuntu P50 ms,969.09
filesystem.md,Complete Ubuntu file operations {#full-ubuntu},"Shared Linux/x86_64 host, AMD Ryzen 7 9700X, Fedora kernel 7.2.8-200.fc44.x86_64. Launch trees and the private Docker daemon are pinned to host CPUs 0,1; guests have 2 vCPU. Host/staged use rootless_process. Shell VMs use 128 MiB; tool VMs use 16 GiB. Native/Docker memory is not capped: this controls CPU and configured guest RAM, not identical resource enforcement. Tools and inputs are prepared; each run gets a fresh workspace, warm caches, three warmups and 60 measured trials, with seeded randomized backend order. Builds, downloads and input copying are excluded.

Docker Engine 29.7.2 uses a private rootless VFS daemon and writable bind mounts. This does not represent overlay2 or Docker Desktop. Firecracker 1.13.1 PCI runs without jailer; QEMU 10.2.2 uses q35/microvm with private ext4. pVisor VM uses virtio-fs and a different kernel. Kernel, storage, devices and staging semantics remain configuration differences; these results do not isolate the VMM or FUSE alone.

Workload: 2,048 files in 32 directories; 64 MiB read with SHA256 verification; 256 × 64 KiB writes; git status; rg; 64 dependency-free Cargo modules; 32 offline npm packages. Operation timers include checks, excluding launch/exit. Completion includes all seven and exit. Large repositories, cold disks, Internet registries and concurrency throughput are unmeasured.","Independent 2026-10-04 Firecracker/Ubuntu cohort, 2 vCPU / 16 GiB, N=10, three warmups. P50 ms; different OS/tools/storage, without pooled distributions. QEMU/Ubuntu has no seven-operation measurement.",Offline npm install,Firecracker / Ubuntu P50 ms,1079.89
