source_document,section,source_conditions,table_context,row,metric,value
supervision-cost.md,Main conclusions {#conclusions},"The controls are pVisor rootless stage, a detached Git worktree and a btrfs reflink copy. Inputs are identical prepared, committed and packed Git repositories containing either 100 or 10,000 files of 4 KiB each. Each task changes twenty files, produces their complete content diffs, applies the first ten and discards the rest. Git and reflink workflows extract a patch for the selected paths with `git diff`, run `git apply --check`, then apply it.

Timing covers task-view creation, executing edits, content review, selective application and disposal, summed across machine steps. Stage's view creation is included in run. Preparing input repositories, resetting every control to an identical starting point and harness correctness checks are excluded. Prepared, long-lived worktree reuse is unmeasured.

Linux/x86_64, AMD Ryzen 7 9700X, Fedora kernel 7.2.8-200.fc44.x86_64, btrfs; the entire execution tree is pinned to host CPUs 0,1. Each backend, size and application condition has thirty independent samples and three warmups, randomized and interleaved with a fixed seed and warm caches. Git automatic maintenance is disabled; reflink is required and cannot fall back to a regular copy. Downloaded provenance identifies frozen artifacts and source digests.

Normal application and a host conflict are separate conditions. Every sample must pass complete file inventory and content checks: execution leaves the original unchanged; normal application changes only the ten selected files. The conflict case changes one selected host file before application and requires refusing the entire application while preserving all host content. Stage also requires Run Bundle evidence of staging and rootless isolation. Failures are retained and counted, never timed as zero; no samples are excluded for their speed. Two sizes × two conditions × three backends produce 360 measured samples, with zero failures.

This fixed file-editing task excludes inference, compilation and human reading. Git/reflink execute native processes with different isolation. Conflict checks do not cover races between Git's check and write, or compare crash recovery and durability guarantees. These results do not rank containers, VMs or security.

A separate experiment measures only review of a prepared view: twenty small text files already contain identical edits; review every original/edited content, apply the first ten and discard the other ten. Stage timing includes `status --review --diff`, selective `apply` and `drop`. Git timing includes complete diff review, selected patch extraction, `git apply --check`, application and worktree removal. View creation, task execution, fixtures and validation are excluded. Git 2.55.0 is identified by executable digest before sampling; the frozen stage artifact has separate provenance. Each group has thirty samples and three warmups, CPUs 0 and 1, warm caches and no benchmark-specific host memory cap. All sixty formal samples pass content, selection and execution-boundary checks, with final workspaces retained for independent audit and no speed-based exclusions. These experiments are summarized separately; prepared-view review cost is not added to the complete-workflow table.","**Creating a fresh task workspace, changing 20 of 10,000 files and retaining ten takes 141 ms at complete machine-workflow P50 with pVisor stage, 248 ms with Git worktree and 343 ms with a btrfs reflink copy. Stage suits sparse changes in large workspaces; Git costs less in small workspaces. A separate experiment on a prepared twenty-file view measures review/application/disposal at P50 of 27.71 ms for stage and 4.69 ms for Git.**","Large workspace, sparse changes, disposable task view",Selection implication,"Stage reduces whole-tree creation, scanning and disposal costs"
supervision-cost.md,Main conclusions {#conclusions},"The controls are pVisor rootless stage, a detached Git worktree and a btrfs reflink copy. Inputs are identical prepared, committed and packed Git repositories containing either 100 or 10,000 files of 4 KiB each. Each task changes twenty files, produces their complete content diffs, applies the first ten and discards the rest. Git and reflink workflows extract a patch for the selected paths with `git diff`, run `git apply --check`, then apply it.

Timing covers task-view creation, executing edits, content review, selective application and disposal, summed across machine steps. Stage's view creation is included in run. Preparing input repositories, resetting every control to an identical starting point and harness correctness checks are excluded. Prepared, long-lived worktree reuse is unmeasured.

Linux/x86_64, AMD Ryzen 7 9700X, Fedora kernel 7.2.8-200.fc44.x86_64, btrfs; the entire execution tree is pinned to host CPUs 0,1. Each backend, size and application condition has thirty independent samples and three warmups, randomized and interleaved with a fixed seed and warm caches. Git automatic maintenance is disabled; reflink is required and cannot fall back to a regular copy. Downloaded provenance identifies frozen artifacts and source digests.

Normal application and a host conflict are separate conditions. Every sample must pass complete file inventory and content checks: execution leaves the original unchanged; normal application changes only the ten selected files. The conflict case changes one selected host file before application and requires refusing the entire application while preserving all host content. Stage also requires Run Bundle evidence of staging and rootless isolation. Failures are retained and counted, never timed as zero; no samples are excluded for their speed. Two sizes × two conditions × three backends produce 360 measured samples, with zero failures.

This fixed file-editing task excludes inference, compilation and human reading. Git/reflink execute native processes with different isolation. Conflict checks do not cover races between Git's check and write, or compare crash recovery and durability guarantees. These results do not rank containers, VMs or security.

A separate experiment measures only review of a prepared view: twenty small text files already contain identical edits; review every original/edited content, apply the first ten and discard the other ten. Stage timing includes `status --review --diff`, selective `apply` and `drop`. Git timing includes complete diff review, selected patch extraction, `git apply --check`, application and worktree removal. View creation, task execution, fixtures and validation are excluded. Git 2.55.0 is identified by executable digest before sampling; the frozen stage artifact has separate provenance. Each group has thirty samples and three warmups, CPUs 0 and 1, warm caches and no benchmark-specific host memory cap. All sixty formal samples pass content, selection and execution-boundary checks, with final workspaces retained for independent audit and no speed-based exclusions. These experiments are summarized separately; prepared-view review cost is not added to the complete-workflow table.","**Creating a fresh task workspace, changing 20 of 10,000 files and retaining ten takes 141 ms at complete machine-workflow P50 with pVisor stage, 248 ms with Git worktree and 343 ms with a btrfs reflink copy. Stage suits sparse changes in large workspaces; Git costs less in small workspaces. A separate experiment on a prepared twenty-file view measures review/application/disposal at P50 of 27.71 ms for stage and 4.69 ms for Git.**","Small workspace or a prepared, reused Git worktree",Selection implication,Git is faster for small workspaces and review of a prepared twenty-file view; long-term reuse is unmeasured
supervision-cost.md,Main conclusions {#conclusions},"The controls are pVisor rootless stage, a detached Git worktree and a btrfs reflink copy. Inputs are identical prepared, committed and packed Git repositories containing either 100 or 10,000 files of 4 KiB each. Each task changes twenty files, produces their complete content diffs, applies the first ten and discards the rest. Git and reflink workflows extract a patch for the selected paths with `git diff`, run `git apply --check`, then apply it.

Timing covers task-view creation, executing edits, content review, selective application and disposal, summed across machine steps. Stage's view creation is included in run. Preparing input repositories, resetting every control to an identical starting point and harness correctness checks are excluded. Prepared, long-lived worktree reuse is unmeasured.

Linux/x86_64, AMD Ryzen 7 9700X, Fedora kernel 7.2.8-200.fc44.x86_64, btrfs; the entire execution tree is pinned to host CPUs 0,1. Each backend, size and application condition has thirty independent samples and three warmups, randomized and interleaved with a fixed seed and warm caches. Git automatic maintenance is disabled; reflink is required and cannot fall back to a regular copy. Downloaded provenance identifies frozen artifacts and source digests.

Normal application and a host conflict are separate conditions. Every sample must pass complete file inventory and content checks: execution leaves the original unchanged; normal application changes only the ten selected files. The conflict case changes one selected host file before application and requires refusing the entire application while preserving all host content. Stage also requires Run Bundle evidence of staging and rootless isolation. Failures are retained and counted, never timed as zero; no samples are excluded for their speed. Two sizes × two conditions × three backends produce 360 measured samples, with zero failures.

This fixed file-editing task excludes inference, compilation and human reading. Git/reflink execute native processes with different isolation. Conflict checks do not cover races between Git's check and write, or compare crash recovery and durability guarantees. These results do not rank containers, VMs or security.

A separate experiment measures only review of a prepared view: twenty small text files already contain identical edits; review every original/edited content, apply the first ten and discard the other ten. Stage timing includes `status --review --diff`, selective `apply` and `drop`. Git timing includes complete diff review, selected patch extraction, `git apply --check`, application and worktree removal. View creation, task execution, fixtures and validation are excluded. Git 2.55.0 is identified by executable digest before sampling; the frozen stage artifact has separate provenance. Each group has thirty samples and three warmups, CPUs 0 and 1, warm caches and no benchmark-specific host memory cap. All sixty formal samples pass content, selection and execution-boundary checks, with final workspaces retained for independent audit and no speed-based exclusions. These experiments are summarized separately; prepared-view review cost is not added to the complete-workflow table.","**Creating a fresh task workspace, changing 20 of 10,000 files and retaining ten takes 141 ms at complete machine-workflow P50 with pVisor stage, 248 ms with Git worktree and 343 ms with a btrfs reflink copy. Stage suits sparse changes in large workspaces; Git costs less in small workspaces. A separate experiment on a prepared twenty-file view measures review/application/disposal at P50 of 27.71 ms for stage and 4.69 ms for Git.**",Estimate human supervision cost,Selection implication,Machine timings exclude human reading and decisions
supervision-cost.md,Complete task cost {#baseline-meaning},"The controls are pVisor rootless stage, a detached Git worktree and a btrfs reflink copy. Inputs are identical prepared, committed and packed Git repositories containing either 100 or 10,000 files of 4 KiB each. Each task changes twenty files, produces their complete content diffs, applies the first ten and discards the rest. Git and reflink workflows extract a patch for the selected paths with `git diff`, run `git apply --check`, then apply it.

Timing covers task-view creation, executing edits, content review, selective application and disposal, summed across machine steps. Stage's view creation is included in run. Preparing input repositories, resetting every control to an identical starting point and harness correctness checks are excluded. Prepared, long-lived worktree reuse is unmeasured.

Linux/x86_64, AMD Ryzen 7 9700X, Fedora kernel 7.2.8-200.fc44.x86_64, btrfs; the entire execution tree is pinned to host CPUs 0,1. Each backend, size and application condition has thirty independent samples and three warmups, randomized and interleaved with a fixed seed and warm caches. Git automatic maintenance is disabled; reflink is required and cannot fall back to a regular copy. Downloaded provenance identifies frozen artifacts and source digests.

Normal application and a host conflict are separate conditions. Every sample must pass complete file inventory and content checks: execution leaves the original unchanged; normal application changes only the ten selected files. The conflict case changes one selected host file before application and requires refusing the entire application while preserving all host content. Stage also requires Run Bundle evidence of staging and rootless isolation. Failures are retained and counted, never timed as zero; no samples are excluded for their speed. Two sizes × two conditions × three backends produce 360 measured samples, with zero failures.

This fixed file-editing task excludes inference, compilation and human reading. Git/reflink execute native processes with different isolation. Conflict checks do not cover races between Git's check and write, or compare crash recovery and durability guarantees. These results do not rank containers, VMs or security.

A separate experiment measures only review of a prepared view: twenty small text files already contain identical edits; review every original/edited content, apply the first ten and discard the other ten. Stage timing includes `status --review --diff`, selective `apply` and `drop`. Git timing includes complete diff review, selected patch extraction, `git apply --check`, application and worktree removal. View creation, task execution, fixtures and validation are excluded. Git 2.55.0 is identified by executable digest before sampling; the frozen stage artifact has separate provenance. Each group has thirty samples and three warmups, CPUs 0 and 1, warm caches and no benchmark-specific host memory cap. All sixty formal samples pass content, selection and execution-boundary checks, with final workspaces retained for independent audit and no speed-based exclusions. These experiments are summarized separately; prepared-view review cost is not added to the complete-workflow table.","Same host and batch, 2026-10-06; milliseconds, N=30 per cell. P95 is descriptive only. No cell meets the predefined separated-cluster rule.",100,pVisor stage P50 / P95,109.02 / 110.56
supervision-cost.md,Complete task cost {#baseline-meaning},"The controls are pVisor rootless stage, a detached Git worktree and a btrfs reflink copy. Inputs are identical prepared, committed and packed Git repositories containing either 100 or 10,000 files of 4 KiB each. Each task changes twenty files, produces their complete content diffs, applies the first ten and discards the rest. Git and reflink workflows extract a patch for the selected paths with `git diff`, run `git apply --check`, then apply it.

Timing covers task-view creation, executing edits, content review, selective application and disposal, summed across machine steps. Stage's view creation is included in run. Preparing input repositories, resetting every control to an identical starting point and harness correctness checks are excluded. Prepared, long-lived worktree reuse is unmeasured.

Linux/x86_64, AMD Ryzen 7 9700X, Fedora kernel 7.2.8-200.fc44.x86_64, btrfs; the entire execution tree is pinned to host CPUs 0,1. Each backend, size and application condition has thirty independent samples and three warmups, randomized and interleaved with a fixed seed and warm caches. Git automatic maintenance is disabled; reflink is required and cannot fall back to a regular copy. Downloaded provenance identifies frozen artifacts and source digests.

Normal application and a host conflict are separate conditions. Every sample must pass complete file inventory and content checks: execution leaves the original unchanged; normal application changes only the ten selected files. The conflict case changes one selected host file before application and requires refusing the entire application while preserving all host content. Stage also requires Run Bundle evidence of staging and rootless isolation. Failures are retained and counted, never timed as zero; no samples are excluded for their speed. Two sizes × two conditions × three backends produce 360 measured samples, with zero failures.

This fixed file-editing task excludes inference, compilation and human reading. Git/reflink execute native processes with different isolation. Conflict checks do not cover races between Git's check and write, or compare crash recovery and durability guarantees. These results do not rank containers, VMs or security.

A separate experiment measures only review of a prepared view: twenty small text files already contain identical edits; review every original/edited content, apply the first ten and discard the other ten. Stage timing includes `status --review --diff`, selective `apply` and `drop`. Git timing includes complete diff review, selected patch extraction, `git apply --check`, application and worktree removal. View creation, task execution, fixtures and validation are excluded. Git 2.55.0 is identified by executable digest before sampling; the frozen stage artifact has separate provenance. Each group has thirty samples and three warmups, CPUs 0 and 1, warm caches and no benchmark-specific host memory cap. All sixty formal samples pass content, selection and execution-boundary checks, with final workspaces retained for independent audit and no speed-based exclusions. These experiments are summarized separately; prepared-view review cost is not added to the complete-workflow table.","Same host and batch, 2026-10-06; milliseconds, N=30 per cell. P95 is descriptive only. No cell meets the predefined separated-cluster rule.",100,Git worktree P50 / P95,22.02 / 23.14
supervision-cost.md,Complete task cost {#baseline-meaning},"The controls are pVisor rootless stage, a detached Git worktree and a btrfs reflink copy. Inputs are identical prepared, committed and packed Git repositories containing either 100 or 10,000 files of 4 KiB each. Each task changes twenty files, produces their complete content diffs, applies the first ten and discards the rest. Git and reflink workflows extract a patch for the selected paths with `git diff`, run `git apply --check`, then apply it.

Timing covers task-view creation, executing edits, content review, selective application and disposal, summed across machine steps. Stage's view creation is included in run. Preparing input repositories, resetting every control to an identical starting point and harness correctness checks are excluded. Prepared, long-lived worktree reuse is unmeasured.

Linux/x86_64, AMD Ryzen 7 9700X, Fedora kernel 7.2.8-200.fc44.x86_64, btrfs; the entire execution tree is pinned to host CPUs 0,1. Each backend, size and application condition has thirty independent samples and three warmups, randomized and interleaved with a fixed seed and warm caches. Git automatic maintenance is disabled; reflink is required and cannot fall back to a regular copy. Downloaded provenance identifies frozen artifacts and source digests.

Normal application and a host conflict are separate conditions. Every sample must pass complete file inventory and content checks: execution leaves the original unchanged; normal application changes only the ten selected files. The conflict case changes one selected host file before application and requires refusing the entire application while preserving all host content. Stage also requires Run Bundle evidence of staging and rootless isolation. Failures are retained and counted, never timed as zero; no samples are excluded for their speed. Two sizes × two conditions × three backends produce 360 measured samples, with zero failures.

This fixed file-editing task excludes inference, compilation and human reading. Git/reflink execute native processes with different isolation. Conflict checks do not cover races between Git's check and write, or compare crash recovery and durability guarantees. These results do not rank containers, VMs or security.

A separate experiment measures only review of a prepared view: twenty small text files already contain identical edits; review every original/edited content, apply the first ten and discard the other ten. Stage timing includes `status --review --diff`, selective `apply` and `drop`. Git timing includes complete diff review, selected patch extraction, `git apply --check`, application and worktree removal. View creation, task execution, fixtures and validation are excluded. Git 2.55.0 is identified by executable digest before sampling; the frozen stage artifact has separate provenance. Each group has thirty samples and three warmups, CPUs 0 and 1, warm caches and no benchmark-specific host memory cap. All sixty formal samples pass content, selection and execution-boundary checks, with final workspaces retained for independent audit and no speed-based exclusions. These experiments are summarized separately; prepared-view review cost is not added to the complete-workflow table.","Same host and batch, 2026-10-06; milliseconds, N=30 per cell. P95 is descriptive only. No cell meets the predefined separated-cluster rule.",100,btrfs reflink P50 / P95,23.66 / 25.28
supervision-cost.md,Complete task cost {#baseline-meaning},"The controls are pVisor rootless stage, a detached Git worktree and a btrfs reflink copy. Inputs are identical prepared, committed and packed Git repositories containing either 100 or 10,000 files of 4 KiB each. Each task changes twenty files, produces their complete content diffs, applies the first ten and discards the rest. Git and reflink workflows extract a patch for the selected paths with `git diff`, run `git apply --check`, then apply it.

Timing covers task-view creation, executing edits, content review, selective application and disposal, summed across machine steps. Stage's view creation is included in run. Preparing input repositories, resetting every control to an identical starting point and harness correctness checks are excluded. Prepared, long-lived worktree reuse is unmeasured.

Linux/x86_64, AMD Ryzen 7 9700X, Fedora kernel 7.2.8-200.fc44.x86_64, btrfs; the entire execution tree is pinned to host CPUs 0,1. Each backend, size and application condition has thirty independent samples and three warmups, randomized and interleaved with a fixed seed and warm caches. Git automatic maintenance is disabled; reflink is required and cannot fall back to a regular copy. Downloaded provenance identifies frozen artifacts and source digests.

Normal application and a host conflict are separate conditions. Every sample must pass complete file inventory and content checks: execution leaves the original unchanged; normal application changes only the ten selected files. The conflict case changes one selected host file before application and requires refusing the entire application while preserving all host content. Stage also requires Run Bundle evidence of staging and rootless isolation. Failures are retained and counted, never timed as zero; no samples are excluded for their speed. Two sizes × two conditions × three backends produce 360 measured samples, with zero failures.

This fixed file-editing task excludes inference, compilation and human reading. Git/reflink execute native processes with different isolation. Conflict checks do not cover races between Git's check and write, or compare crash recovery and durability guarantees. These results do not rank containers, VMs or security.

A separate experiment measures only review of a prepared view: twenty small text files already contain identical edits; review every original/edited content, apply the first ten and discard the other ten. Stage timing includes `status --review --diff`, selective `apply` and `drop`. Git timing includes complete diff review, selected patch extraction, `git apply --check`, application and worktree removal. View creation, task execution, fixtures and validation are excluded. Git 2.55.0 is identified by executable digest before sampling; the frozen stage artifact has separate provenance. Each group has thirty samples and three warmups, CPUs 0 and 1, warm caches and no benchmark-specific host memory cap. All sixty formal samples pass content, selection and execution-boundary checks, with final workspaces retained for independent audit and no speed-based exclusions. These experiments are summarized separately; prepared-view review cost is not added to the complete-workflow table.","Same host and batch, 2026-10-06; milliseconds, N=30 per cell. P95 is descriptive only. No cell meets the predefined separated-cluster rule.","10,000",pVisor stage P50 / P95,140.82 / 144.38
supervision-cost.md,Complete task cost {#baseline-meaning},"The controls are pVisor rootless stage, a detached Git worktree and a btrfs reflink copy. Inputs are identical prepared, committed and packed Git repositories containing either 100 or 10,000 files of 4 KiB each. Each task changes twenty files, produces their complete content diffs, applies the first ten and discards the rest. Git and reflink workflows extract a patch for the selected paths with `git diff`, run `git apply --check`, then apply it.

Timing covers task-view creation, executing edits, content review, selective application and disposal, summed across machine steps. Stage's view creation is included in run. Preparing input repositories, resetting every control to an identical starting point and harness correctness checks are excluded. Prepared, long-lived worktree reuse is unmeasured.

Linux/x86_64, AMD Ryzen 7 9700X, Fedora kernel 7.2.8-200.fc44.x86_64, btrfs; the entire execution tree is pinned to host CPUs 0,1. Each backend, size and application condition has thirty independent samples and three warmups, randomized and interleaved with a fixed seed and warm caches. Git automatic maintenance is disabled; reflink is required and cannot fall back to a regular copy. Downloaded provenance identifies frozen artifacts and source digests.

Normal application and a host conflict are separate conditions. Every sample must pass complete file inventory and content checks: execution leaves the original unchanged; normal application changes only the ten selected files. The conflict case changes one selected host file before application and requires refusing the entire application while preserving all host content. Stage also requires Run Bundle evidence of staging and rootless isolation. Failures are retained and counted, never timed as zero; no samples are excluded for their speed. Two sizes × two conditions × three backends produce 360 measured samples, with zero failures.

This fixed file-editing task excludes inference, compilation and human reading. Git/reflink execute native processes with different isolation. Conflict checks do not cover races between Git's check and write, or compare crash recovery and durability guarantees. These results do not rank containers, VMs or security.

A separate experiment measures only review of a prepared view: twenty small text files already contain identical edits; review every original/edited content, apply the first ten and discard the other ten. Stage timing includes `status --review --diff`, selective `apply` and `drop`. Git timing includes complete diff review, selected patch extraction, `git apply --check`, application and worktree removal. View creation, task execution, fixtures and validation are excluded. Git 2.55.0 is identified by executable digest before sampling; the frozen stage artifact has separate provenance. Each group has thirty samples and three warmups, CPUs 0 and 1, warm caches and no benchmark-specific host memory cap. All sixty formal samples pass content, selection and execution-boundary checks, with final workspaces retained for independent audit and no speed-based exclusions. These experiments are summarized separately; prepared-view review cost is not added to the complete-workflow table.","Same host and batch, 2026-10-06; milliseconds, N=30 per cell. P95 is descriptive only. No cell meets the predefined separated-cluster rule.","10,000",Git worktree P50 / P95,248.10 / 253.89
supervision-cost.md,Complete task cost {#baseline-meaning},"The controls are pVisor rootless stage, a detached Git worktree and a btrfs reflink copy. Inputs are identical prepared, committed and packed Git repositories containing either 100 or 10,000 files of 4 KiB each. Each task changes twenty files, produces their complete content diffs, applies the first ten and discards the rest. Git and reflink workflows extract a patch for the selected paths with `git diff`, run `git apply --check`, then apply it.

Timing covers task-view creation, executing edits, content review, selective application and disposal, summed across machine steps. Stage's view creation is included in run. Preparing input repositories, resetting every control to an identical starting point and harness correctness checks are excluded. Prepared, long-lived worktree reuse is unmeasured.

Linux/x86_64, AMD Ryzen 7 9700X, Fedora kernel 7.2.8-200.fc44.x86_64, btrfs; the entire execution tree is pinned to host CPUs 0,1. Each backend, size and application condition has thirty independent samples and three warmups, randomized and interleaved with a fixed seed and warm caches. Git automatic maintenance is disabled; reflink is required and cannot fall back to a regular copy. Downloaded provenance identifies frozen artifacts and source digests.

Normal application and a host conflict are separate conditions. Every sample must pass complete file inventory and content checks: execution leaves the original unchanged; normal application changes only the ten selected files. The conflict case changes one selected host file before application and requires refusing the entire application while preserving all host content. Stage also requires Run Bundle evidence of staging and rootless isolation. Failures are retained and counted, never timed as zero; no samples are excluded for their speed. Two sizes × two conditions × three backends produce 360 measured samples, with zero failures.

This fixed file-editing task excludes inference, compilation and human reading. Git/reflink execute native processes with different isolation. Conflict checks do not cover races between Git's check and write, or compare crash recovery and durability guarantees. These results do not rank containers, VMs or security.

A separate experiment measures only review of a prepared view: twenty small text files already contain identical edits; review every original/edited content, apply the first ten and discard the other ten. Stage timing includes `status --review --diff`, selective `apply` and `drop`. Git timing includes complete diff review, selected patch extraction, `git apply --check`, application and worktree removal. View creation, task execution, fixtures and validation are excluded. Git 2.55.0 is identified by executable digest before sampling; the frozen stage artifact has separate provenance. Each group has thirty samples and three warmups, CPUs 0 and 1, warm caches and no benchmark-specific host memory cap. All sixty formal samples pass content, selection and execution-boundary checks, with final workspaces retained for independent audit and no speed-based exclusions. These experiments are summarized separately; prepared-view review cost is not added to the complete-workflow table.","Same host and batch, 2026-10-06; milliseconds, N=30 per cell. P95 is descriptive only. No cell meets the predefined separated-cluster rule.","10,000",btrfs reflink P50 / P95,343.00 / 349.73
supervision-cost.md,Review cost with a prepared view {#prepared-review},"The controls are pVisor rootless stage, a detached Git worktree and a btrfs reflink copy. Inputs are identical prepared, committed and packed Git repositories containing either 100 or 10,000 files of 4 KiB each. Each task changes twenty files, produces their complete content diffs, applies the first ten and discards the rest. Git and reflink workflows extract a patch for the selected paths with `git diff`, run `git apply --check`, then apply it.

Timing covers task-view creation, executing edits, content review, selective application and disposal, summed across machine steps. Stage's view creation is included in run. Preparing input repositories, resetting every control to an identical starting point and harness correctness checks are excluded. Prepared, long-lived worktree reuse is unmeasured.

Linux/x86_64, AMD Ryzen 7 9700X, Fedora kernel 7.2.8-200.fc44.x86_64, btrfs; the entire execution tree is pinned to host CPUs 0,1. Each backend, size and application condition has thirty independent samples and three warmups, randomized and interleaved with a fixed seed and warm caches. Git automatic maintenance is disabled; reflink is required and cannot fall back to a regular copy. Downloaded provenance identifies frozen artifacts and source digests.

Normal application and a host conflict are separate conditions. Every sample must pass complete file inventory and content checks: execution leaves the original unchanged; normal application changes only the ten selected files. The conflict case changes one selected host file before application and requires refusing the entire application while preserving all host content. Stage also requires Run Bundle evidence of staging and rootless isolation. Failures are retained and counted, never timed as zero; no samples are excluded for their speed. Two sizes × two conditions × three backends produce 360 measured samples, with zero failures.

This fixed file-editing task excludes inference, compilation and human reading. Git/reflink execute native processes with different isolation. Conflict checks do not cover races between Git's check and write, or compare crash recovery and durability guarantees. These results do not rank containers, VMs or security.

A separate experiment measures only review of a prepared view: twenty small text files already contain identical edits; review every original/edited content, apply the first ten and discard the other ten. Stage timing includes `status --review --diff`, selective `apply` and `drop`. Git timing includes complete diff review, selected patch extraction, `git apply --check`, application and worktree removal. View creation, task execution, fixtures and validation are excluded. Git 2.55.0 is identified by executable digest before sampling; the frozen stage artifact has separate provenance. Each group has thirty samples and three warmups, CPUs 0 and 1, warm caches and no benchmark-specific host memory cap. All sixty formal samples pass content, selection and execution-boundary checks, with final workspaces retained for independent audit and no speed-based exclusions. These experiments are summarized separately; prepared-view review cost is not added to the complete-workflow table.","Separate matched controls measured on 2026-10-06: twenty small text files, ten applied and ten discarded, N=30 per cell, zero failures. Milliseconds; P95 is descriptive. No cell triggers the split rule.",Review complete content,pVisor stage P50 / P95,6.51 / 7.42
supervision-cost.md,Review cost with a prepared view {#prepared-review},"The controls are pVisor rootless stage, a detached Git worktree and a btrfs reflink copy. Inputs are identical prepared, committed and packed Git repositories containing either 100 or 10,000 files of 4 KiB each. Each task changes twenty files, produces their complete content diffs, applies the first ten and discards the rest. Git and reflink workflows extract a patch for the selected paths with `git diff`, run `git apply --check`, then apply it.

Timing covers task-view creation, executing edits, content review, selective application and disposal, summed across machine steps. Stage's view creation is included in run. Preparing input repositories, resetting every control to an identical starting point and harness correctness checks are excluded. Prepared, long-lived worktree reuse is unmeasured.

Linux/x86_64, AMD Ryzen 7 9700X, Fedora kernel 7.2.8-200.fc44.x86_64, btrfs; the entire execution tree is pinned to host CPUs 0,1. Each backend, size and application condition has thirty independent samples and three warmups, randomized and interleaved with a fixed seed and warm caches. Git automatic maintenance is disabled; reflink is required and cannot fall back to a regular copy. Downloaded provenance identifies frozen artifacts and source digests.

Normal application and a host conflict are separate conditions. Every sample must pass complete file inventory and content checks: execution leaves the original unchanged; normal application changes only the ten selected files. The conflict case changes one selected host file before application and requires refusing the entire application while preserving all host content. Stage also requires Run Bundle evidence of staging and rootless isolation. Failures are retained and counted, never timed as zero; no samples are excluded for their speed. Two sizes × two conditions × three backends produce 360 measured samples, with zero failures.

This fixed file-editing task excludes inference, compilation and human reading. Git/reflink execute native processes with different isolation. Conflict checks do not cover races between Git's check and write, or compare crash recovery and durability guarantees. These results do not rank containers, VMs or security.

A separate experiment measures only review of a prepared view: twenty small text files already contain identical edits; review every original/edited content, apply the first ten and discard the other ten. Stage timing includes `status --review --diff`, selective `apply` and `drop`. Git timing includes complete diff review, selected patch extraction, `git apply --check`, application and worktree removal. View creation, task execution, fixtures and validation are excluded. Git 2.55.0 is identified by executable digest before sampling; the frozen stage artifact has separate provenance. Each group has thirty samples and three warmups, CPUs 0 and 1, warm caches and no benchmark-specific host memory cap. All sixty formal samples pass content, selection and execution-boundary checks, with final workspaces retained for independent audit and no speed-based exclusions. These experiments are summarized separately; prepared-view review cost is not added to the complete-workflow table.","Separate matched controls measured on 2026-10-06: twenty small text files, ten applied and ten discarded, N=30 per cell, zero failures. Milliseconds; P95 is descriptive. No cell triggers the split rule.",Review complete content,Git worktree P50 / P95,1.28 / 1.47
supervision-cost.md,Review cost with a prepared view {#prepared-review},"The controls are pVisor rootless stage, a detached Git worktree and a btrfs reflink copy. Inputs are identical prepared, committed and packed Git repositories containing either 100 or 10,000 files of 4 KiB each. Each task changes twenty files, produces their complete content diffs, applies the first ten and discards the rest. Git and reflink workflows extract a patch for the selected paths with `git diff`, run `git apply --check`, then apply it.

Timing covers task-view creation, executing edits, content review, selective application and disposal, summed across machine steps. Stage's view creation is included in run. Preparing input repositories, resetting every control to an identical starting point and harness correctness checks are excluded. Prepared, long-lived worktree reuse is unmeasured.

Linux/x86_64, AMD Ryzen 7 9700X, Fedora kernel 7.2.8-200.fc44.x86_64, btrfs; the entire execution tree is pinned to host CPUs 0,1. Each backend, size and application condition has thirty independent samples and three warmups, randomized and interleaved with a fixed seed and warm caches. Git automatic maintenance is disabled; reflink is required and cannot fall back to a regular copy. Downloaded provenance identifies frozen artifacts and source digests.

Normal application and a host conflict are separate conditions. Every sample must pass complete file inventory and content checks: execution leaves the original unchanged; normal application changes only the ten selected files. The conflict case changes one selected host file before application and requires refusing the entire application while preserving all host content. Stage also requires Run Bundle evidence of staging and rootless isolation. Failures are retained and counted, never timed as zero; no samples are excluded for their speed. Two sizes × two conditions × three backends produce 360 measured samples, with zero failures.

This fixed file-editing task excludes inference, compilation and human reading. Git/reflink execute native processes with different isolation. Conflict checks do not cover races between Git's check and write, or compare crash recovery and durability guarantees. These results do not rank containers, VMs or security.

A separate experiment measures only review of a prepared view: twenty small text files already contain identical edits; review every original/edited content, apply the first ten and discard the other ten. Stage timing includes `status --review --diff`, selective `apply` and `drop`. Git timing includes complete diff review, selected patch extraction, `git apply --check`, application and worktree removal. View creation, task execution, fixtures and validation are excluded. Git 2.55.0 is identified by executable digest before sampling; the frozen stage artifact has separate provenance. Each group has thirty samples and three warmups, CPUs 0 and 1, warm caches and no benchmark-specific host memory cap. All sixty formal samples pass content, selection and execution-boundary checks, with final workspaces retained for independent audit and no speed-based exclusions. These experiments are summarized separately; prepared-view review cost is not added to the complete-workflow table.","Separate matched controls measured on 2026-10-06: twenty small text files, ten applied and ten discarded, N=30 per cell, zero failures. Milliseconds; P95 is descriptive. No cell triggers the split rule.","Select, check and apply ten files",pVisor stage P50 / P95,17.42 / 19.25
supervision-cost.md,Review cost with a prepared view {#prepared-review},"The controls are pVisor rootless stage, a detached Git worktree and a btrfs reflink copy. Inputs are identical prepared, committed and packed Git repositories containing either 100 or 10,000 files of 4 KiB each. Each task changes twenty files, produces their complete content diffs, applies the first ten and discards the rest. Git and reflink workflows extract a patch for the selected paths with `git diff`, run `git apply --check`, then apply it.

Timing covers task-view creation, executing edits, content review, selective application and disposal, summed across machine steps. Stage's view creation is included in run. Preparing input repositories, resetting every control to an identical starting point and harness correctness checks are excluded. Prepared, long-lived worktree reuse is unmeasured.

Linux/x86_64, AMD Ryzen 7 9700X, Fedora kernel 7.2.8-200.fc44.x86_64, btrfs; the entire execution tree is pinned to host CPUs 0,1. Each backend, size and application condition has thirty independent samples and three warmups, randomized and interleaved with a fixed seed and warm caches. Git automatic maintenance is disabled; reflink is required and cannot fall back to a regular copy. Downloaded provenance identifies frozen artifacts and source digests.

Normal application and a host conflict are separate conditions. Every sample must pass complete file inventory and content checks: execution leaves the original unchanged; normal application changes only the ten selected files. The conflict case changes one selected host file before application and requires refusing the entire application while preserving all host content. Stage also requires Run Bundle evidence of staging and rootless isolation. Failures are retained and counted, never timed as zero; no samples are excluded for their speed. Two sizes × two conditions × three backends produce 360 measured samples, with zero failures.

This fixed file-editing task excludes inference, compilation and human reading. Git/reflink execute native processes with different isolation. Conflict checks do not cover races between Git's check and write, or compare crash recovery and durability guarantees. These results do not rank containers, VMs or security.

A separate experiment measures only review of a prepared view: twenty small text files already contain identical edits; review every original/edited content, apply the first ten and discard the other ten. Stage timing includes `status --review --diff`, selective `apply` and `drop`. Git timing includes complete diff review, selected patch extraction, `git apply --check`, application and worktree removal. View creation, task execution, fixtures and validation are excluded. Git 2.55.0 is identified by executable digest before sampling; the frozen stage artifact has separate provenance. Each group has thirty samples and three warmups, CPUs 0 and 1, warm caches and no benchmark-specific host memory cap. All sixty formal samples pass content, selection and execution-boundary checks, with final workspaces retained for independent audit and no speed-based exclusions. These experiments are summarized separately; prepared-view review cost is not added to the complete-workflow table.","Separate matched controls measured on 2026-10-06: twenty small text files, ten applied and ten discarded, N=30 per cell, zero failures. Milliseconds; P95 is descriptive. No cell triggers the split rule.","Select, check and apply ten files",Git worktree P50 / P95,2.53 / 3.52
supervision-cost.md,Review cost with a prepared view {#prepared-review},"The controls are pVisor rootless stage, a detached Git worktree and a btrfs reflink copy. Inputs are identical prepared, committed and packed Git repositories containing either 100 or 10,000 files of 4 KiB each. Each task changes twenty files, produces their complete content diffs, applies the first ten and discards the rest. Git and reflink workflows extract a patch for the selected paths with `git diff`, run `git apply --check`, then apply it.

Timing covers task-view creation, executing edits, content review, selective application and disposal, summed across machine steps. Stage's view creation is included in run. Preparing input repositories, resetting every control to an identical starting point and harness correctness checks are excluded. Prepared, long-lived worktree reuse is unmeasured.

Linux/x86_64, AMD Ryzen 7 9700X, Fedora kernel 7.2.8-200.fc44.x86_64, btrfs; the entire execution tree is pinned to host CPUs 0,1. Each backend, size and application condition has thirty independent samples and three warmups, randomized and interleaved with a fixed seed and warm caches. Git automatic maintenance is disabled; reflink is required and cannot fall back to a regular copy. Downloaded provenance identifies frozen artifacts and source digests.

Normal application and a host conflict are separate conditions. Every sample must pass complete file inventory and content checks: execution leaves the original unchanged; normal application changes only the ten selected files. The conflict case changes one selected host file before application and requires refusing the entire application while preserving all host content. Stage also requires Run Bundle evidence of staging and rootless isolation. Failures are retained and counted, never timed as zero; no samples are excluded for their speed. Two sizes × two conditions × three backends produce 360 measured samples, with zero failures.

This fixed file-editing task excludes inference, compilation and human reading. Git/reflink execute native processes with different isolation. Conflict checks do not cover races between Git's check and write, or compare crash recovery and durability guarantees. These results do not rank containers, VMs or security.

A separate experiment measures only review of a prepared view: twenty small text files already contain identical edits; review every original/edited content, apply the first ten and discard the other ten. Stage timing includes `status --review --diff`, selective `apply` and `drop`. Git timing includes complete diff review, selected patch extraction, `git apply --check`, application and worktree removal. View creation, task execution, fixtures and validation are excluded. Git 2.55.0 is identified by executable digest before sampling; the frozen stage artifact has separate provenance. Each group has thirty samples and three warmups, CPUs 0 and 1, warm caches and no benchmark-specific host memory cap. All sixty formal samples pass content, selection and execution-boundary checks, with final workspaces retained for independent audit and no speed-based exclusions. These experiments are summarized separately; prepared-view review cost is not added to the complete-workflow table.","Separate matched controls measured on 2026-10-06: twenty small text files, ten applied and ten discarded, N=30 per cell, zero failures. Milliseconds; P95 is descriptive. No cell triggers the split rule.",Dispose of remaining results,pVisor stage P50 / P95,3.60 / 3.87
supervision-cost.md,Review cost with a prepared view {#prepared-review},"The controls are pVisor rootless stage, a detached Git worktree and a btrfs reflink copy. Inputs are identical prepared, committed and packed Git repositories containing either 100 or 10,000 files of 4 KiB each. Each task changes twenty files, produces their complete content diffs, applies the first ten and discards the rest. Git and reflink workflows extract a patch for the selected paths with `git diff`, run `git apply --check`, then apply it.

Timing covers task-view creation, executing edits, content review, selective application and disposal, summed across machine steps. Stage's view creation is included in run. Preparing input repositories, resetting every control to an identical starting point and harness correctness checks are excluded. Prepared, long-lived worktree reuse is unmeasured.

Linux/x86_64, AMD Ryzen 7 9700X, Fedora kernel 7.2.8-200.fc44.x86_64, btrfs; the entire execution tree is pinned to host CPUs 0,1. Each backend, size and application condition has thirty independent samples and three warmups, randomized and interleaved with a fixed seed and warm caches. Git automatic maintenance is disabled; reflink is required and cannot fall back to a regular copy. Downloaded provenance identifies frozen artifacts and source digests.

Normal application and a host conflict are separate conditions. Every sample must pass complete file inventory and content checks: execution leaves the original unchanged; normal application changes only the ten selected files. The conflict case changes one selected host file before application and requires refusing the entire application while preserving all host content. Stage also requires Run Bundle evidence of staging and rootless isolation. Failures are retained and counted, never timed as zero; no samples are excluded for their speed. Two sizes × two conditions × three backends produce 360 measured samples, with zero failures.

This fixed file-editing task excludes inference, compilation and human reading. Git/reflink execute native processes with different isolation. Conflict checks do not cover races between Git's check and write, or compare crash recovery and durability guarantees. These results do not rank containers, VMs or security.

A separate experiment measures only review of a prepared view: twenty small text files already contain identical edits; review every original/edited content, apply the first ten and discard the other ten. Stage timing includes `status --review --diff`, selective `apply` and `drop`. Git timing includes complete diff review, selected patch extraction, `git apply --check`, application and worktree removal. View creation, task execution, fixtures and validation are excluded. Git 2.55.0 is identified by executable digest before sampling; the frozen stage artifact has separate provenance. Each group has thirty samples and three warmups, CPUs 0 and 1, warm caches and no benchmark-specific host memory cap. All sixty formal samples pass content, selection and execution-boundary checks, with final workspaces retained for independent audit and no speed-based exclusions. These experiments are summarized separately; prepared-view review cost is not added to the complete-workflow table.","Separate matched controls measured on 2026-10-06: twenty small text files, ten applied and ten discarded, N=30 per cell, zero failures. Milliseconds; P95 is descriptive. No cell triggers the split rule.",Dispose of remaining results,Git worktree P50 / P95,0.86 / 1.07
supervision-cost.md,Review cost with a prepared view {#prepared-review},"The controls are pVisor rootless stage, a detached Git worktree and a btrfs reflink copy. Inputs are identical prepared, committed and packed Git repositories containing either 100 or 10,000 files of 4 KiB each. Each task changes twenty files, produces their complete content diffs, applies the first ten and discards the rest. Git and reflink workflows extract a patch for the selected paths with `git diff`, run `git apply --check`, then apply it.

Timing covers task-view creation, executing edits, content review, selective application and disposal, summed across machine steps. Stage's view creation is included in run. Preparing input repositories, resetting every control to an identical starting point and harness correctness checks are excluded. Prepared, long-lived worktree reuse is unmeasured.

Linux/x86_64, AMD Ryzen 7 9700X, Fedora kernel 7.2.8-200.fc44.x86_64, btrfs; the entire execution tree is pinned to host CPUs 0,1. Each backend, size and application condition has thirty independent samples and three warmups, randomized and interleaved with a fixed seed and warm caches. Git automatic maintenance is disabled; reflink is required and cannot fall back to a regular copy. Downloaded provenance identifies frozen artifacts and source digests.

Normal application and a host conflict are separate conditions. Every sample must pass complete file inventory and content checks: execution leaves the original unchanged; normal application changes only the ten selected files. The conflict case changes one selected host file before application and requires refusing the entire application while preserving all host content. Stage also requires Run Bundle evidence of staging and rootless isolation. Failures are retained and counted, never timed as zero; no samples are excluded for their speed. Two sizes × two conditions × three backends produce 360 measured samples, with zero failures.

This fixed file-editing task excludes inference, compilation and human reading. Git/reflink execute native processes with different isolation. Conflict checks do not cover races between Git's check and write, or compare crash recovery and durability guarantees. These results do not rank containers, VMs or security.

A separate experiment measures only review of a prepared view: twenty small text files already contain identical edits; review every original/edited content, apply the first ten and discard the other ten. Stage timing includes `status --review --diff`, selective `apply` and `drop`. Git timing includes complete diff review, selected patch extraction, `git apply --check`, application and worktree removal. View creation, task execution, fixtures and validation are excluded. Git 2.55.0 is identified by executable digest before sampling; the frozen stage artifact has separate provenance. Each group has thirty samples and three warmups, CPUs 0 and 1, warm caches and no benchmark-specific host memory cap. All sixty formal samples pass content, selection and execution-boundary checks, with final workspaces retained for independent audit and no speed-based exclusions. These experiments are summarized separately; prepared-view review cost is not added to the complete-workflow table.","Separate matched controls measured on 2026-10-06: twenty small text files, ten applied and ten discarded, N=30 per cell, zero failures. Milliseconds; P95 is descriptive. No cell triggers the split rule.",Per-sample workflow total,pVisor stage P50 / P95,27.71 / 29.48
supervision-cost.md,Review cost with a prepared view {#prepared-review},"The controls are pVisor rootless stage, a detached Git worktree and a btrfs reflink copy. Inputs are identical prepared, committed and packed Git repositories containing either 100 or 10,000 files of 4 KiB each. Each task changes twenty files, produces their complete content diffs, applies the first ten and discards the rest. Git and reflink workflows extract a patch for the selected paths with `git diff`, run `git apply --check`, then apply it.

Timing covers task-view creation, executing edits, content review, selective application and disposal, summed across machine steps. Stage's view creation is included in run. Preparing input repositories, resetting every control to an identical starting point and harness correctness checks are excluded. Prepared, long-lived worktree reuse is unmeasured.

Linux/x86_64, AMD Ryzen 7 9700X, Fedora kernel 7.2.8-200.fc44.x86_64, btrfs; the entire execution tree is pinned to host CPUs 0,1. Each backend, size and application condition has thirty independent samples and three warmups, randomized and interleaved with a fixed seed and warm caches. Git automatic maintenance is disabled; reflink is required and cannot fall back to a regular copy. Downloaded provenance identifies frozen artifacts and source digests.

Normal application and a host conflict are separate conditions. Every sample must pass complete file inventory and content checks: execution leaves the original unchanged; normal application changes only the ten selected files. The conflict case changes one selected host file before application and requires refusing the entire application while preserving all host content. Stage also requires Run Bundle evidence of staging and rootless isolation. Failures are retained and counted, never timed as zero; no samples are excluded for their speed. Two sizes × two conditions × three backends produce 360 measured samples, with zero failures.

This fixed file-editing task excludes inference, compilation and human reading. Git/reflink execute native processes with different isolation. Conflict checks do not cover races between Git's check and write, or compare crash recovery and durability guarantees. These results do not rank containers, VMs or security.

A separate experiment measures only review of a prepared view: twenty small text files already contain identical edits; review every original/edited content, apply the first ten and discard the other ten. Stage timing includes `status --review --diff`, selective `apply` and `drop`. Git timing includes complete diff review, selected patch extraction, `git apply --check`, application and worktree removal. View creation, task execution, fixtures and validation are excluded. Git 2.55.0 is identified by executable digest before sampling; the frozen stage artifact has separate provenance. Each group has thirty samples and three warmups, CPUs 0 and 1, warm caches and no benchmark-specific host memory cap. All sixty formal samples pass content, selection and execution-boundary checks, with final workspaces retained for independent audit and no speed-based exclusions. These experiments are summarized separately; prepared-view review cost is not added to the complete-workflow table.","Separate matched controls measured on 2026-10-06: twenty small text files, ten applied and ten discarded, N=30 per cell, zero failures. Milliseconds; P95 is descriptive. No cell triggers the split rule.",Per-sample workflow total,Git worktree P50 / P95,4.69 / 5.86
supervision-cost.md,Where the cost lies,"The controls are pVisor rootless stage, a detached Git worktree and a btrfs reflink copy. Inputs are identical prepared, committed and packed Git repositories containing either 100 or 10,000 files of 4 KiB each. Each task changes twenty files, produces their complete content diffs, applies the first ten and discards the rest. Git and reflink workflows extract a patch for the selected paths with `git diff`, run `git apply --check`, then apply it.

Timing covers task-view creation, executing edits, content review, selective application and disposal, summed across machine steps. Stage's view creation is included in run. Preparing input repositories, resetting every control to an identical starting point and harness correctness checks are excluded. Prepared, long-lived worktree reuse is unmeasured.

Linux/x86_64, AMD Ryzen 7 9700X, Fedora kernel 7.2.8-200.fc44.x86_64, btrfs; the entire execution tree is pinned to host CPUs 0,1. Each backend, size and application condition has thirty independent samples and three warmups, randomized and interleaved with a fixed seed and warm caches. Git automatic maintenance is disabled; reflink is required and cannot fall back to a regular copy. Downloaded provenance identifies frozen artifacts and source digests.

Normal application and a host conflict are separate conditions. Every sample must pass complete file inventory and content checks: execution leaves the original unchanged; normal application changes only the ten selected files. The conflict case changes one selected host file before application and requires refusing the entire application while preserving all host content. Stage also requires Run Bundle evidence of staging and rootless isolation. Failures are retained and counted, never timed as zero; no samples are excluded for their speed. Two sizes × two conditions × three backends produce 360 measured samples, with zero failures.

This fixed file-editing task excludes inference, compilation and human reading. Git/reflink execute native processes with different isolation. Conflict checks do not cover races between Git's check and write, or compare crash recovery and durability guarantees. These results do not rank containers, VMs or security.

A separate experiment measures only review of a prepared view: twenty small text files already contain identical edits; review every original/edited content, apply the first ten and discard the other ten. Stage timing includes `status --review --diff`, selective `apply` and `drop`. Git timing includes complete diff review, selected patch extraction, `git apply --check`, application and worktree removal. View creation, task execution, fixtures and validation are excluded. Git 2.55.0 is identified by executable digest before sampling; the frozen stage artifact has separate provenance. Each group has thirty samples and three warmups, CPUs 0 and 1, warm caches and no benchmark-specific host memory cap. All sixty formal samples pass content, selection and execution-boundary checks, with final workspaces retained for independent audit and no speed-based exclusions. These experiments are summarized separately; prepared-view review cost is not added to the complete-workflow table.","Normal application with 10,000 files; P50 milliseconds, N=30 per cell. Step medians do not sum to the complete workflow median.",Create task view,pVisor stage,Included in run
supervision-cost.md,Where the cost lies,"The controls are pVisor rootless stage, a detached Git worktree and a btrfs reflink copy. Inputs are identical prepared, committed and packed Git repositories containing either 100 or 10,000 files of 4 KiB each. Each task changes twenty files, produces their complete content diffs, applies the first ten and discards the rest. Git and reflink workflows extract a patch for the selected paths with `git diff`, run `git apply --check`, then apply it.

Timing covers task-view creation, executing edits, content review, selective application and disposal, summed across machine steps. Stage's view creation is included in run. Preparing input repositories, resetting every control to an identical starting point and harness correctness checks are excluded. Prepared, long-lived worktree reuse is unmeasured.

Linux/x86_64, AMD Ryzen 7 9700X, Fedora kernel 7.2.8-200.fc44.x86_64, btrfs; the entire execution tree is pinned to host CPUs 0,1. Each backend, size and application condition has thirty independent samples and three warmups, randomized and interleaved with a fixed seed and warm caches. Git automatic maintenance is disabled; reflink is required and cannot fall back to a regular copy. Downloaded provenance identifies frozen artifacts and source digests.

Normal application and a host conflict are separate conditions. Every sample must pass complete file inventory and content checks: execution leaves the original unchanged; normal application changes only the ten selected files. The conflict case changes one selected host file before application and requires refusing the entire application while preserving all host content. Stage also requires Run Bundle evidence of staging and rootless isolation. Failures are retained and counted, never timed as zero; no samples are excluded for their speed. Two sizes × two conditions × three backends produce 360 measured samples, with zero failures.

This fixed file-editing task excludes inference, compilation and human reading. Git/reflink execute native processes with different isolation. Conflict checks do not cover races between Git's check and write, or compare crash recovery and durability guarantees. These results do not rank containers, VMs or security.

A separate experiment measures only review of a prepared view: twenty small text files already contain identical edits; review every original/edited content, apply the first ten and discard the other ten. Stage timing includes `status --review --diff`, selective `apply` and `drop`. Git timing includes complete diff review, selected patch extraction, `git apply --check`, application and worktree removal. View creation, task execution, fixtures and validation are excluded. Git 2.55.0 is identified by executable digest before sampling; the frozen stage artifact has separate provenance. Each group has thirty samples and three warmups, CPUs 0 and 1, warm caches and no benchmark-specific host memory cap. All sixty formal samples pass content, selection and execution-boundary checks, with final workspaces retained for independent audit and no speed-based exclusions. These experiments are summarized separately; prepared-view review cost is not added to the complete-workflow table.","Normal application with 10,000 files; P50 milliseconds, N=30 per cell. Step medians do not sum to the complete workflow median.",Create task view,Git worktree,83.88
supervision-cost.md,Where the cost lies,"The controls are pVisor rootless stage, a detached Git worktree and a btrfs reflink copy. Inputs are identical prepared, committed and packed Git repositories containing either 100 or 10,000 files of 4 KiB each. Each task changes twenty files, produces their complete content diffs, applies the first ten and discards the rest. Git and reflink workflows extract a patch for the selected paths with `git diff`, run `git apply --check`, then apply it.

Timing covers task-view creation, executing edits, content review, selective application and disposal, summed across machine steps. Stage's view creation is included in run. Preparing input repositories, resetting every control to an identical starting point and harness correctness checks are excluded. Prepared, long-lived worktree reuse is unmeasured.

Linux/x86_64, AMD Ryzen 7 9700X, Fedora kernel 7.2.8-200.fc44.x86_64, btrfs; the entire execution tree is pinned to host CPUs 0,1. Each backend, size and application condition has thirty independent samples and three warmups, randomized and interleaved with a fixed seed and warm caches. Git automatic maintenance is disabled; reflink is required and cannot fall back to a regular copy. Downloaded provenance identifies frozen artifacts and source digests.

Normal application and a host conflict are separate conditions. Every sample must pass complete file inventory and content checks: execution leaves the original unchanged; normal application changes only the ten selected files. The conflict case changes one selected host file before application and requires refusing the entire application while preserving all host content. Stage also requires Run Bundle evidence of staging and rootless isolation. Failures are retained and counted, never timed as zero; no samples are excluded for their speed. Two sizes × two conditions × three backends produce 360 measured samples, with zero failures.

This fixed file-editing task excludes inference, compilation and human reading. Git/reflink execute native processes with different isolation. Conflict checks do not cover races between Git's check and write, or compare crash recovery and durability guarantees. These results do not rank containers, VMs or security.

A separate experiment measures only review of a prepared view: twenty small text files already contain identical edits; review every original/edited content, apply the first ten and discard the other ten. Stage timing includes `status --review --diff`, selective `apply` and `drop`. Git timing includes complete diff review, selected patch extraction, `git apply --check`, application and worktree removal. View creation, task execution, fixtures and validation are excluded. Git 2.55.0 is identified by executable digest before sampling; the frozen stage artifact has separate provenance. Each group has thirty samples and three warmups, CPUs 0 and 1, warm caches and no benchmark-specific host memory cap. All sixty formal samples pass content, selection and execution-boundary checks, with final workspaces retained for independent audit and no speed-based exclusions. These experiments are summarized separately; prepared-view review cost is not added to the complete-workflow table.","Normal application with 10,000 files; P50 milliseconds, N=30 per cell. Step medians do not sum to the complete workflow median.",Create task view,btrfs reflink,106.82
supervision-cost.md,Where the cost lies,"The controls are pVisor rootless stage, a detached Git worktree and a btrfs reflink copy. Inputs are identical prepared, committed and packed Git repositories containing either 100 or 10,000 files of 4 KiB each. Each task changes twenty files, produces their complete content diffs, applies the first ten and discards the rest. Git and reflink workflows extract a patch for the selected paths with `git diff`, run `git apply --check`, then apply it.

Timing covers task-view creation, executing edits, content review, selective application and disposal, summed across machine steps. Stage's view creation is included in run. Preparing input repositories, resetting every control to an identical starting point and harness correctness checks are excluded. Prepared, long-lived worktree reuse is unmeasured.

Linux/x86_64, AMD Ryzen 7 9700X, Fedora kernel 7.2.8-200.fc44.x86_64, btrfs; the entire execution tree is pinned to host CPUs 0,1. Each backend, size and application condition has thirty independent samples and three warmups, randomized and interleaved with a fixed seed and warm caches. Git automatic maintenance is disabled; reflink is required and cannot fall back to a regular copy. Downloaded provenance identifies frozen artifacts and source digests.

Normal application and a host conflict are separate conditions. Every sample must pass complete file inventory and content checks: execution leaves the original unchanged; normal application changes only the ten selected files. The conflict case changes one selected host file before application and requires refusing the entire application while preserving all host content. Stage also requires Run Bundle evidence of staging and rootless isolation. Failures are retained and counted, never timed as zero; no samples are excluded for their speed. Two sizes × two conditions × three backends produce 360 measured samples, with zero failures.

This fixed file-editing task excludes inference, compilation and human reading. Git/reflink execute native processes with different isolation. Conflict checks do not cover races between Git's check and write, or compare crash recovery and durability guarantees. These results do not rank containers, VMs or security.

A separate experiment measures only review of a prepared view: twenty small text files already contain identical edits; review every original/edited content, apply the first ten and discard the other ten. Stage timing includes `status --review --diff`, selective `apply` and `drop`. Git timing includes complete diff review, selected patch extraction, `git apply --check`, application and worktree removal. View creation, task execution, fixtures and validation are excluded. Git 2.55.0 is identified by executable digest before sampling; the frozen stage artifact has separate provenance. Each group has thirty samples and three warmups, CPUs 0 and 1, warm caches and no benchmark-specific host memory cap. All sixty formal samples pass content, selection and execution-boundary checks, with final workspaces retained for independent audit and no speed-based exclusions. These experiments are summarized separately; prepared-view review cost is not added to the complete-workflow table.","Normal application with 10,000 files; P50 milliseconds, N=30 per cell. Step medians do not sum to the complete workflow median.",Execute twenty edits,pVisor stage,"84.19, including view creation"
supervision-cost.md,Where the cost lies,"The controls are pVisor rootless stage, a detached Git worktree and a btrfs reflink copy. Inputs are identical prepared, committed and packed Git repositories containing either 100 or 10,000 files of 4 KiB each. Each task changes twenty files, produces their complete content diffs, applies the first ten and discards the rest. Git and reflink workflows extract a patch for the selected paths with `git diff`, run `git apply --check`, then apply it.

Timing covers task-view creation, executing edits, content review, selective application and disposal, summed across machine steps. Stage's view creation is included in run. Preparing input repositories, resetting every control to an identical starting point and harness correctness checks are excluded. Prepared, long-lived worktree reuse is unmeasured.

Linux/x86_64, AMD Ryzen 7 9700X, Fedora kernel 7.2.8-200.fc44.x86_64, btrfs; the entire execution tree is pinned to host CPUs 0,1. Each backend, size and application condition has thirty independent samples and three warmups, randomized and interleaved with a fixed seed and warm caches. Git automatic maintenance is disabled; reflink is required and cannot fall back to a regular copy. Downloaded provenance identifies frozen artifacts and source digests.

Normal application and a host conflict are separate conditions. Every sample must pass complete file inventory and content checks: execution leaves the original unchanged; normal application changes only the ten selected files. The conflict case changes one selected host file before application and requires refusing the entire application while preserving all host content. Stage also requires Run Bundle evidence of staging and rootless isolation. Failures are retained and counted, never timed as zero; no samples are excluded for their speed. Two sizes × two conditions × three backends produce 360 measured samples, with zero failures.

This fixed file-editing task excludes inference, compilation and human reading. Git/reflink execute native processes with different isolation. Conflict checks do not cover races between Git's check and write, or compare crash recovery and durability guarantees. These results do not rank containers, VMs or security.

A separate experiment measures only review of a prepared view: twenty small text files already contain identical edits; review every original/edited content, apply the first ten and discard the other ten. Stage timing includes `status --review --diff`, selective `apply` and `drop`. Git timing includes complete diff review, selected patch extraction, `git apply --check`, application and worktree removal. View creation, task execution, fixtures and validation are excluded. Git 2.55.0 is identified by executable digest before sampling; the frozen stage artifact has separate provenance. Each group has thirty samples and three warmups, CPUs 0 and 1, warm caches and no benchmark-specific host memory cap. All sixty formal samples pass content, selection and execution-boundary checks, with final workspaces retained for independent audit and no speed-based exclusions. These experiments are summarized separately; prepared-view review cost is not added to the complete-workflow table.","Normal application with 10,000 files; P50 milliseconds, N=30 per cell. Step medians do not sum to the complete workflow median.",Execute twenty edits,Git worktree,13.31
supervision-cost.md,Where the cost lies,"The controls are pVisor rootless stage, a detached Git worktree and a btrfs reflink copy. Inputs are identical prepared, committed and packed Git repositories containing either 100 or 10,000 files of 4 KiB each. Each task changes twenty files, produces their complete content diffs, applies the first ten and discards the rest. Git and reflink workflows extract a patch for the selected paths with `git diff`, run `git apply --check`, then apply it.

Timing covers task-view creation, executing edits, content review, selective application and disposal, summed across machine steps. Stage's view creation is included in run. Preparing input repositories, resetting every control to an identical starting point and harness correctness checks are excluded. Prepared, long-lived worktree reuse is unmeasured.

Linux/x86_64, AMD Ryzen 7 9700X, Fedora kernel 7.2.8-200.fc44.x86_64, btrfs; the entire execution tree is pinned to host CPUs 0,1. Each backend, size and application condition has thirty independent samples and three warmups, randomized and interleaved with a fixed seed and warm caches. Git automatic maintenance is disabled; reflink is required and cannot fall back to a regular copy. Downloaded provenance identifies frozen artifacts and source digests.

Normal application and a host conflict are separate conditions. Every sample must pass complete file inventory and content checks: execution leaves the original unchanged; normal application changes only the ten selected files. The conflict case changes one selected host file before application and requires refusing the entire application while preserving all host content. Stage also requires Run Bundle evidence of staging and rootless isolation. Failures are retained and counted, never timed as zero; no samples are excluded for their speed. Two sizes × two conditions × three backends produce 360 measured samples, with zero failures.

This fixed file-editing task excludes inference, compilation and human reading. Git/reflink execute native processes with different isolation. Conflict checks do not cover races between Git's check and write, or compare crash recovery and durability guarantees. These results do not rank containers, VMs or security.

A separate experiment measures only review of a prepared view: twenty small text files already contain identical edits; review every original/edited content, apply the first ten and discard the other ten. Stage timing includes `status --review --diff`, selective `apply` and `drop`. Git timing includes complete diff review, selected patch extraction, `git apply --check`, application and worktree removal. View creation, task execution, fixtures and validation are excluded. Git 2.55.0 is identified by executable digest before sampling; the frozen stage artifact has separate provenance. Each group has thirty samples and three warmups, CPUs 0 and 1, warm caches and no benchmark-specific host memory cap. All sixty formal samples pass content, selection and execution-boundary checks, with final workspaces retained for independent audit and no speed-based exclusions. These experiments are summarized separately; prepared-view review cost is not added to the complete-workflow table.","Normal application with 10,000 files; P50 milliseconds, N=30 per cell. Step medians do not sum to the complete workflow median.",Execute twenty edits,btrfs reflink,13.43
supervision-cost.md,Where the cost lies,"The controls are pVisor rootless stage, a detached Git worktree and a btrfs reflink copy. Inputs are identical prepared, committed and packed Git repositories containing either 100 or 10,000 files of 4 KiB each. Each task changes twenty files, produces their complete content diffs, applies the first ten and discards the rest. Git and reflink workflows extract a patch for the selected paths with `git diff`, run `git apply --check`, then apply it.

Timing covers task-view creation, executing edits, content review, selective application and disposal, summed across machine steps. Stage's view creation is included in run. Preparing input repositories, resetting every control to an identical starting point and harness correctness checks are excluded. Prepared, long-lived worktree reuse is unmeasured.

Linux/x86_64, AMD Ryzen 7 9700X, Fedora kernel 7.2.8-200.fc44.x86_64, btrfs; the entire execution tree is pinned to host CPUs 0,1. Each backend, size and application condition has thirty independent samples and three warmups, randomized and interleaved with a fixed seed and warm caches. Git automatic maintenance is disabled; reflink is required and cannot fall back to a regular copy. Downloaded provenance identifies frozen artifacts and source digests.

Normal application and a host conflict are separate conditions. Every sample must pass complete file inventory and content checks: execution leaves the original unchanged; normal application changes only the ten selected files. The conflict case changes one selected host file before application and requires refusing the entire application while preserving all host content. Stage also requires Run Bundle evidence of staging and rootless isolation. Failures are retained and counted, never timed as zero; no samples are excluded for their speed. Two sizes × two conditions × three backends produce 360 measured samples, with zero failures.

This fixed file-editing task excludes inference, compilation and human reading. Git/reflink execute native processes with different isolation. Conflict checks do not cover races between Git's check and write, or compare crash recovery and durability guarantees. These results do not rank containers, VMs or security.

A separate experiment measures only review of a prepared view: twenty small text files already contain identical edits; review every original/edited content, apply the first ten and discard the other ten. Stage timing includes `status --review --diff`, selective `apply` and `drop`. Git timing includes complete diff review, selected patch extraction, `git apply --check`, application and worktree removal. View creation, task execution, fixtures and validation are excluded. Git 2.55.0 is identified by executable digest before sampling; the frozen stage artifact has separate provenance. Each group has thirty samples and three warmups, CPUs 0 and 1, warm caches and no benchmark-specific host memory cap. All sixty formal samples pass content, selection and execution-boundary checks, with final workspaces retained for independent audit and no speed-based exclusions. These experiments are summarized separately; prepared-view review cost is not added to the complete-workflow table.","Normal application with 10,000 files; P50 milliseconds, N=30 per cell. Step medians do not sum to the complete workflow median.",Review complete content diffs,pVisor stage,6.95
supervision-cost.md,Where the cost lies,"The controls are pVisor rootless stage, a detached Git worktree and a btrfs reflink copy. Inputs are identical prepared, committed and packed Git repositories containing either 100 or 10,000 files of 4 KiB each. Each task changes twenty files, produces their complete content diffs, applies the first ten and discards the rest. Git and reflink workflows extract a patch for the selected paths with `git diff`, run `git apply --check`, then apply it.

Timing covers task-view creation, executing edits, content review, selective application and disposal, summed across machine steps. Stage's view creation is included in run. Preparing input repositories, resetting every control to an identical starting point and harness correctness checks are excluded. Prepared, long-lived worktree reuse is unmeasured.

Linux/x86_64, AMD Ryzen 7 9700X, Fedora kernel 7.2.8-200.fc44.x86_64, btrfs; the entire execution tree is pinned to host CPUs 0,1. Each backend, size and application condition has thirty independent samples and three warmups, randomized and interleaved with a fixed seed and warm caches. Git automatic maintenance is disabled; reflink is required and cannot fall back to a regular copy. Downloaded provenance identifies frozen artifacts and source digests.

Normal application and a host conflict are separate conditions. Every sample must pass complete file inventory and content checks: execution leaves the original unchanged; normal application changes only the ten selected files. The conflict case changes one selected host file before application and requires refusing the entire application while preserving all host content. Stage also requires Run Bundle evidence of staging and rootless isolation. Failures are retained and counted, never timed as zero; no samples are excluded for their speed. Two sizes × two conditions × three backends produce 360 measured samples, with zero failures.

This fixed file-editing task excludes inference, compilation and human reading. Git/reflink execute native processes with different isolation. Conflict checks do not cover races between Git's check and write, or compare crash recovery and durability guarantees. These results do not rank containers, VMs or security.

A separate experiment measures only review of a prepared view: twenty small text files already contain identical edits; review every original/edited content, apply the first ten and discard the other ten. Stage timing includes `status --review --diff`, selective `apply` and `drop`. Git timing includes complete diff review, selected patch extraction, `git apply --check`, application and worktree removal. View creation, task execution, fixtures and validation are excluded. Git 2.55.0 is identified by executable digest before sampling; the frozen stage artifact has separate provenance. Each group has thirty samples and three warmups, CPUs 0 and 1, warm caches and no benchmark-specific host memory cap. All sixty formal samples pass content, selection and execution-boundary checks, with final workspaces retained for independent audit and no speed-based exclusions. These experiments are summarized separately; prepared-view review cost is not added to the complete-workflow table.","Normal application with 10,000 files; P50 milliseconds, N=30 per cell. Step medians do not sum to the complete workflow median.",Review complete content diffs,Git worktree,73.45
supervision-cost.md,Where the cost lies,"The controls are pVisor rootless stage, a detached Git worktree and a btrfs reflink copy. Inputs are identical prepared, committed and packed Git repositories containing either 100 or 10,000 files of 4 KiB each. Each task changes twenty files, produces their complete content diffs, applies the first ten and discards the rest. Git and reflink workflows extract a patch for the selected paths with `git diff`, run `git apply --check`, then apply it.

Timing covers task-view creation, executing edits, content review, selective application and disposal, summed across machine steps. Stage's view creation is included in run. Preparing input repositories, resetting every control to an identical starting point and harness correctness checks are excluded. Prepared, long-lived worktree reuse is unmeasured.

Linux/x86_64, AMD Ryzen 7 9700X, Fedora kernel 7.2.8-200.fc44.x86_64, btrfs; the entire execution tree is pinned to host CPUs 0,1. Each backend, size and application condition has thirty independent samples and three warmups, randomized and interleaved with a fixed seed and warm caches. Git automatic maintenance is disabled; reflink is required and cannot fall back to a regular copy. Downloaded provenance identifies frozen artifacts and source digests.

Normal application and a host conflict are separate conditions. Every sample must pass complete file inventory and content checks: execution leaves the original unchanged; normal application changes only the ten selected files. The conflict case changes one selected host file before application and requires refusing the entire application while preserving all host content. Stage also requires Run Bundle evidence of staging and rootless isolation. Failures are retained and counted, never timed as zero; no samples are excluded for their speed. Two sizes × two conditions × three backends produce 360 measured samples, with zero failures.

This fixed file-editing task excludes inference, compilation and human reading. Git/reflink execute native processes with different isolation. Conflict checks do not cover races between Git's check and write, or compare crash recovery and durability guarantees. These results do not rank containers, VMs or security.

A separate experiment measures only review of a prepared view: twenty small text files already contain identical edits; review every original/edited content, apply the first ten and discard the other ten. Stage timing includes `status --review --diff`, selective `apply` and `drop`. Git timing includes complete diff review, selected patch extraction, `git apply --check`, application and worktree removal. View creation, task execution, fixtures and validation are excluded. Git 2.55.0 is identified by executable digest before sampling; the frozen stage artifact has separate provenance. Each group has thirty samples and three warmups, CPUs 0 and 1, warm caches and no benchmark-specific host memory cap. All sixty formal samples pass content, selection and execution-boundary checks, with final workspaces retained for independent audit and no speed-based exclusions. These experiments are summarized separately; prepared-view review cost is not added to the complete-workflow table.","Normal application with 10,000 files; P50 milliseconds, N=30 per cell. Step medians do not sum to the complete workflow median.",Review complete content diffs,btrfs reflink,151.10
supervision-cost.md,Where the cost lies,"The controls are pVisor rootless stage, a detached Git worktree and a btrfs reflink copy. Inputs are identical prepared, committed and packed Git repositories containing either 100 or 10,000 files of 4 KiB each. Each task changes twenty files, produces their complete content diffs, applies the first ten and discards the rest. Git and reflink workflows extract a patch for the selected paths with `git diff`, run `git apply --check`, then apply it.

Timing covers task-view creation, executing edits, content review, selective application and disposal, summed across machine steps. Stage's view creation is included in run. Preparing input repositories, resetting every control to an identical starting point and harness correctness checks are excluded. Prepared, long-lived worktree reuse is unmeasured.

Linux/x86_64, AMD Ryzen 7 9700X, Fedora kernel 7.2.8-200.fc44.x86_64, btrfs; the entire execution tree is pinned to host CPUs 0,1. Each backend, size and application condition has thirty independent samples and three warmups, randomized and interleaved with a fixed seed and warm caches. Git automatic maintenance is disabled; reflink is required and cannot fall back to a regular copy. Downloaded provenance identifies frozen artifacts and source digests.

Normal application and a host conflict are separate conditions. Every sample must pass complete file inventory and content checks: execution leaves the original unchanged; normal application changes only the ten selected files. The conflict case changes one selected host file before application and requires refusing the entire application while preserving all host content. Stage also requires Run Bundle evidence of staging and rootless isolation. Failures are retained and counted, never timed as zero; no samples are excluded for their speed. Two sizes × two conditions × three backends produce 360 measured samples, with zero failures.

This fixed file-editing task excludes inference, compilation and human reading. Git/reflink execute native processes with different isolation. Conflict checks do not cover races between Git's check and write, or compare crash recovery and durability guarantees. These results do not rank containers, VMs or security.

A separate experiment measures only review of a prepared view: twenty small text files already contain identical edits; review every original/edited content, apply the first ten and discard the other ten. Stage timing includes `status --review --diff`, selective `apply` and `drop`. Git timing includes complete diff review, selected patch extraction, `git apply --check`, application and worktree removal. View creation, task execution, fixtures and validation are excluded. Git 2.55.0 is identified by executable digest before sampling; the frozen stage artifact has separate provenance. Each group has thirty samples and three warmups, CPUs 0 and 1, warm caches and no benchmark-specific host memory cap. All sixty formal samples pass content, selection and execution-boundary checks, with final workspaces retained for independent audit and no speed-based exclusions. These experiments are summarized separately; prepared-view review cost is not added to the complete-workflow table.","Normal application with 10,000 files; P50 milliseconds, N=30 per cell. Step medians do not sum to the complete workflow median.","Select, check and apply ten files",pVisor stage,46.22
supervision-cost.md,Where the cost lies,"The controls are pVisor rootless stage, a detached Git worktree and a btrfs reflink copy. Inputs are identical prepared, committed and packed Git repositories containing either 100 or 10,000 files of 4 KiB each. Each task changes twenty files, produces their complete content diffs, applies the first ten and discards the rest. Git and reflink workflows extract a patch for the selected paths with `git diff`, run `git apply --check`, then apply it.

Timing covers task-view creation, executing edits, content review, selective application and disposal, summed across machine steps. Stage's view creation is included in run. Preparing input repositories, resetting every control to an identical starting point and harness correctness checks are excluded. Prepared, long-lived worktree reuse is unmeasured.

Linux/x86_64, AMD Ryzen 7 9700X, Fedora kernel 7.2.8-200.fc44.x86_64, btrfs; the entire execution tree is pinned to host CPUs 0,1. Each backend, size and application condition has thirty independent samples and three warmups, randomized and interleaved with a fixed seed and warm caches. Git automatic maintenance is disabled; reflink is required and cannot fall back to a regular copy. Downloaded provenance identifies frozen artifacts and source digests.

Normal application and a host conflict are separate conditions. Every sample must pass complete file inventory and content checks: execution leaves the original unchanged; normal application changes only the ten selected files. The conflict case changes one selected host file before application and requires refusing the entire application while preserving all host content. Stage also requires Run Bundle evidence of staging and rootless isolation. Failures are retained and counted, never timed as zero; no samples are excluded for their speed. Two sizes × two conditions × three backends produce 360 measured samples, with zero failures.

This fixed file-editing task excludes inference, compilation and human reading. Git/reflink execute native processes with different isolation. Conflict checks do not cover races between Git's check and write, or compare crash recovery and durability guarantees. These results do not rank containers, VMs or security.

A separate experiment measures only review of a prepared view: twenty small text files already contain identical edits; review every original/edited content, apply the first ten and discard the other ten. Stage timing includes `status --review --diff`, selective `apply` and `drop`. Git timing includes complete diff review, selected patch extraction, `git apply --check`, application and worktree removal. View creation, task execution, fixtures and validation are excluded. Git 2.55.0 is identified by executable digest before sampling; the frozen stage artifact has separate provenance. Each group has thirty samples and three warmups, CPUs 0 and 1, warm caches and no benchmark-specific host memory cap. All sixty formal samples pass content, selection and execution-boundary checks, with final workspaces retained for independent audit and no speed-based exclusions. These experiments are summarized separately; prepared-view review cost is not added to the complete-workflow table.","Normal application with 10,000 files; P50 milliseconds, N=30 per cell. Step medians do not sum to the complete workflow median.","Select, check and apply ten files",Git worktree,4.14
supervision-cost.md,Where the cost lies,"The controls are pVisor rootless stage, a detached Git worktree and a btrfs reflink copy. Inputs are identical prepared, committed and packed Git repositories containing either 100 or 10,000 files of 4 KiB each. Each task changes twenty files, produces their complete content diffs, applies the first ten and discards the rest. Git and reflink workflows extract a patch for the selected paths with `git diff`, run `git apply --check`, then apply it.

Timing covers task-view creation, executing edits, content review, selective application and disposal, summed across machine steps. Stage's view creation is included in run. Preparing input repositories, resetting every control to an identical starting point and harness correctness checks are excluded. Prepared, long-lived worktree reuse is unmeasured.

Linux/x86_64, AMD Ryzen 7 9700X, Fedora kernel 7.2.8-200.fc44.x86_64, btrfs; the entire execution tree is pinned to host CPUs 0,1. Each backend, size and application condition has thirty independent samples and three warmups, randomized and interleaved with a fixed seed and warm caches. Git automatic maintenance is disabled; reflink is required and cannot fall back to a regular copy. Downloaded provenance identifies frozen artifacts and source digests.

Normal application and a host conflict are separate conditions. Every sample must pass complete file inventory and content checks: execution leaves the original unchanged; normal application changes only the ten selected files. The conflict case changes one selected host file before application and requires refusing the entire application while preserving all host content. Stage also requires Run Bundle evidence of staging and rootless isolation. Failures are retained and counted, never timed as zero; no samples are excluded for their speed. Two sizes × two conditions × three backends produce 360 measured samples, with zero failures.

This fixed file-editing task excludes inference, compilation and human reading. Git/reflink execute native processes with different isolation. Conflict checks do not cover races between Git's check and write, or compare crash recovery and durability guarantees. These results do not rank containers, VMs or security.

A separate experiment measures only review of a prepared view: twenty small text files already contain identical edits; review every original/edited content, apply the first ten and discard the other ten. Stage timing includes `status --review --diff`, selective `apply` and `drop`. Git timing includes complete diff review, selected patch extraction, `git apply --check`, application and worktree removal. View creation, task execution, fixtures and validation are excluded. Git 2.55.0 is identified by executable digest before sampling; the frozen stage artifact has separate provenance. Each group has thirty samples and three warmups, CPUs 0 and 1, warm caches and no benchmark-specific host memory cap. All sixty formal samples pass content, selection and execution-boundary checks, with final workspaces retained for independent audit and no speed-based exclusions. These experiments are summarized separately; prepared-view review cost is not added to the complete-workflow table.","Normal application with 10,000 files; P50 milliseconds, N=30 per cell. Step medians do not sum to the complete workflow median.","Select, check and apply ten files",btrfs reflink,4.00
supervision-cost.md,Where the cost lies,"The controls are pVisor rootless stage, a detached Git worktree and a btrfs reflink copy. Inputs are identical prepared, committed and packed Git repositories containing either 100 or 10,000 files of 4 KiB each. Each task changes twenty files, produces their complete content diffs, applies the first ten and discards the rest. Git and reflink workflows extract a patch for the selected paths with `git diff`, run `git apply --check`, then apply it.

Timing covers task-view creation, executing edits, content review, selective application and disposal, summed across machine steps. Stage's view creation is included in run. Preparing input repositories, resetting every control to an identical starting point and harness correctness checks are excluded. Prepared, long-lived worktree reuse is unmeasured.

Linux/x86_64, AMD Ryzen 7 9700X, Fedora kernel 7.2.8-200.fc44.x86_64, btrfs; the entire execution tree is pinned to host CPUs 0,1. Each backend, size and application condition has thirty independent samples and three warmups, randomized and interleaved with a fixed seed and warm caches. Git automatic maintenance is disabled; reflink is required and cannot fall back to a regular copy. Downloaded provenance identifies frozen artifacts and source digests.

Normal application and a host conflict are separate conditions. Every sample must pass complete file inventory and content checks: execution leaves the original unchanged; normal application changes only the ten selected files. The conflict case changes one selected host file before application and requires refusing the entire application while preserving all host content. Stage also requires Run Bundle evidence of staging and rootless isolation. Failures are retained and counted, never timed as zero; no samples are excluded for their speed. Two sizes × two conditions × three backends produce 360 measured samples, with zero failures.

This fixed file-editing task excludes inference, compilation and human reading. Git/reflink execute native processes with different isolation. Conflict checks do not cover races between Git's check and write, or compare crash recovery and durability guarantees. These results do not rank containers, VMs or security.

A separate experiment measures only review of a prepared view: twenty small text files already contain identical edits; review every original/edited content, apply the first ten and discard the other ten. Stage timing includes `status --review --diff`, selective `apply` and `drop`. Git timing includes complete diff review, selected patch extraction, `git apply --check`, application and worktree removal. View creation, task execution, fixtures and validation are excluded. Git 2.55.0 is identified by executable digest before sampling; the frozen stage artifact has separate provenance. Each group has thirty samples and three warmups, CPUs 0 and 1, warm caches and no benchmark-specific host memory cap. All sixty formal samples pass content, selection and execution-boundary checks, with final workspaces retained for independent audit and no speed-based exclusions. These experiments are summarized separately; prepared-view review cost is not added to the complete-workflow table.","Normal application with 10,000 files; P50 milliseconds, N=30 per cell. Step medians do not sum to the complete workflow median.",Dispose of remaining task view,pVisor stage,3.49
supervision-cost.md,Where the cost lies,"The controls are pVisor rootless stage, a detached Git worktree and a btrfs reflink copy. Inputs are identical prepared, committed and packed Git repositories containing either 100 or 10,000 files of 4 KiB each. Each task changes twenty files, produces their complete content diffs, applies the first ten and discards the rest. Git and reflink workflows extract a patch for the selected paths with `git diff`, run `git apply --check`, then apply it.

Timing covers task-view creation, executing edits, content review, selective application and disposal, summed across machine steps. Stage's view creation is included in run. Preparing input repositories, resetting every control to an identical starting point and harness correctness checks are excluded. Prepared, long-lived worktree reuse is unmeasured.

Linux/x86_64, AMD Ryzen 7 9700X, Fedora kernel 7.2.8-200.fc44.x86_64, btrfs; the entire execution tree is pinned to host CPUs 0,1. Each backend, size and application condition has thirty independent samples and three warmups, randomized and interleaved with a fixed seed and warm caches. Git automatic maintenance is disabled; reflink is required and cannot fall back to a regular copy. Downloaded provenance identifies frozen artifacts and source digests.

Normal application and a host conflict are separate conditions. Every sample must pass complete file inventory and content checks: execution leaves the original unchanged; normal application changes only the ten selected files. The conflict case changes one selected host file before application and requires refusing the entire application while preserving all host content. Stage also requires Run Bundle evidence of staging and rootless isolation. Failures are retained and counted, never timed as zero; no samples are excluded for their speed. Two sizes × two conditions × three backends produce 360 measured samples, with zero failures.

This fixed file-editing task excludes inference, compilation and human reading. Git/reflink execute native processes with different isolation. Conflict checks do not cover races between Git's check and write, or compare crash recovery and durability guarantees. These results do not rank containers, VMs or security.

A separate experiment measures only review of a prepared view: twenty small text files already contain identical edits; review every original/edited content, apply the first ten and discard the other ten. Stage timing includes `status --review --diff`, selective `apply` and `drop`. Git timing includes complete diff review, selected patch extraction, `git apply --check`, application and worktree removal. View creation, task execution, fixtures and validation are excluded. Git 2.55.0 is identified by executable digest before sampling; the frozen stage artifact has separate provenance. Each group has thirty samples and three warmups, CPUs 0 and 1, warm caches and no benchmark-specific host memory cap. All sixty formal samples pass content, selection and execution-boundary checks, with final workspaces retained for independent audit and no speed-based exclusions. These experiments are summarized separately; prepared-view review cost is not added to the complete-workflow table.","Normal application with 10,000 files; P50 milliseconds, N=30 per cell. Step medians do not sum to the complete workflow median.",Dispose of remaining task view,Git worktree,73.31
supervision-cost.md,Where the cost lies,"The controls are pVisor rootless stage, a detached Git worktree and a btrfs reflink copy. Inputs are identical prepared, committed and packed Git repositories containing either 100 or 10,000 files of 4 KiB each. Each task changes twenty files, produces their complete content diffs, applies the first ten and discards the rest. Git and reflink workflows extract a patch for the selected paths with `git diff`, run `git apply --check`, then apply it.

Timing covers task-view creation, executing edits, content review, selective application and disposal, summed across machine steps. Stage's view creation is included in run. Preparing input repositories, resetting every control to an identical starting point and harness correctness checks are excluded. Prepared, long-lived worktree reuse is unmeasured.

Linux/x86_64, AMD Ryzen 7 9700X, Fedora kernel 7.2.8-200.fc44.x86_64, btrfs; the entire execution tree is pinned to host CPUs 0,1. Each backend, size and application condition has thirty independent samples and three warmups, randomized and interleaved with a fixed seed and warm caches. Git automatic maintenance is disabled; reflink is required and cannot fall back to a regular copy. Downloaded provenance identifies frozen artifacts and source digests.

Normal application and a host conflict are separate conditions. Every sample must pass complete file inventory and content checks: execution leaves the original unchanged; normal application changes only the ten selected files. The conflict case changes one selected host file before application and requires refusing the entire application while preserving all host content. Stage also requires Run Bundle evidence of staging and rootless isolation. Failures are retained and counted, never timed as zero; no samples are excluded for their speed. Two sizes × two conditions × three backends produce 360 measured samples, with zero failures.

This fixed file-editing task excludes inference, compilation and human reading. Git/reflink execute native processes with different isolation. Conflict checks do not cover races between Git's check and write, or compare crash recovery and durability guarantees. These results do not rank containers, VMs or security.

A separate experiment measures only review of a prepared view: twenty small text files already contain identical edits; review every original/edited content, apply the first ten and discard the other ten. Stage timing includes `status --review --diff`, selective `apply` and `drop`. Git timing includes complete diff review, selected patch extraction, `git apply --check`, application and worktree removal. View creation, task execution, fixtures and validation are excluded. Git 2.55.0 is identified by executable digest before sampling; the frozen stage artifact has separate provenance. Each group has thirty samples and three warmups, CPUs 0 and 1, warm caches and no benchmark-specific host memory cap. All sixty formal samples pass content, selection and execution-boundary checks, with final workspaces retained for independent audit and no speed-based exclusions. These experiments are summarized separately; prepared-view review cost is not added to the complete-workflow table.","Normal application with 10,000 files; P50 milliseconds, N=30 per cell. Step medians do not sum to the complete workflow median.",Dispose of remaining task view,btrfs reflink,67.54
supervision-cost.md,Cost of preserving a host conflict {#acceptance},"The controls are pVisor rootless stage, a detached Git worktree and a btrfs reflink copy. Inputs are identical prepared, committed and packed Git repositories containing either 100 or 10,000 files of 4 KiB each. Each task changes twenty files, produces their complete content diffs, applies the first ten and discards the rest. Git and reflink workflows extract a patch for the selected paths with `git diff`, run `git apply --check`, then apply it.

Timing covers task-view creation, executing edits, content review, selective application and disposal, summed across machine steps. Stage's view creation is included in run. Preparing input repositories, resetting every control to an identical starting point and harness correctness checks are excluded. Prepared, long-lived worktree reuse is unmeasured.

Linux/x86_64, AMD Ryzen 7 9700X, Fedora kernel 7.2.8-200.fc44.x86_64, btrfs; the entire execution tree is pinned to host CPUs 0,1. Each backend, size and application condition has thirty independent samples and three warmups, randomized and interleaved with a fixed seed and warm caches. Git automatic maintenance is disabled; reflink is required and cannot fall back to a regular copy. Downloaded provenance identifies frozen artifacts and source digests.

Normal application and a host conflict are separate conditions. Every sample must pass complete file inventory and content checks: execution leaves the original unchanged; normal application changes only the ten selected files. The conflict case changes one selected host file before application and requires refusing the entire application while preserving all host content. Stage also requires Run Bundle evidence of staging and rootless isolation. Failures are retained and counted, never timed as zero; no samples are excluded for their speed. Two sizes × two conditions × three backends produce 360 measured samples, with zero failures.

This fixed file-editing task excludes inference, compilation and human reading. Git/reflink execute native processes with different isolation. Conflict checks do not cover races between Git's check and write, or compare crash recovery and durability guarantees. These results do not rank containers, VMs or security.

A separate experiment measures only review of a prepared view: twenty small text files already contain identical edits; review every original/edited content, apply the first ten and discard the other ten. Stage timing includes `status --review --diff`, selective `apply` and `drop`. Git timing includes complete diff review, selected patch extraction, `git apply --check`, application and worktree removal. View creation, task execution, fixtures and validation are excluded. Git 2.55.0 is identified by executable digest before sampling; the frozen stage artifact has separate provenance. Each group has thirty samples and three warmups, CPUs 0 and 1, warm caches and no benchmark-specific host memory cap. All sixty formal samples pass content, selection and execution-boundary checks, with final workspaces retained for independent audit and no speed-based exclusions. These experiments are summarized separately; prepared-view review cost is not added to the complete-workflow table.","One selected host file is changed before application. The complete workflow includes creation, execution, review, refusal and disposal. P50 milliseconds, N=30 per cell.",100,pVisor stage,95.64
supervision-cost.md,Cost of preserving a host conflict {#acceptance},"The controls are pVisor rootless stage, a detached Git worktree and a btrfs reflink copy. Inputs are identical prepared, committed and packed Git repositories containing either 100 or 10,000 files of 4 KiB each. Each task changes twenty files, produces their complete content diffs, applies the first ten and discards the rest. Git and reflink workflows extract a patch for the selected paths with `git diff`, run `git apply --check`, then apply it.

Timing covers task-view creation, executing edits, content review, selective application and disposal, summed across machine steps. Stage's view creation is included in run. Preparing input repositories, resetting every control to an identical starting point and harness correctness checks are excluded. Prepared, long-lived worktree reuse is unmeasured.

Linux/x86_64, AMD Ryzen 7 9700X, Fedora kernel 7.2.8-200.fc44.x86_64, btrfs; the entire execution tree is pinned to host CPUs 0,1. Each backend, size and application condition has thirty independent samples and three warmups, randomized and interleaved with a fixed seed and warm caches. Git automatic maintenance is disabled; reflink is required and cannot fall back to a regular copy. Downloaded provenance identifies frozen artifacts and source digests.

Normal application and a host conflict are separate conditions. Every sample must pass complete file inventory and content checks: execution leaves the original unchanged; normal application changes only the ten selected files. The conflict case changes one selected host file before application and requires refusing the entire application while preserving all host content. Stage also requires Run Bundle evidence of staging and rootless isolation. Failures are retained and counted, never timed as zero; no samples are excluded for their speed. Two sizes × two conditions × three backends produce 360 measured samples, with zero failures.

This fixed file-editing task excludes inference, compilation and human reading. Git/reflink execute native processes with different isolation. Conflict checks do not cover races between Git's check and write, or compare crash recovery and durability guarantees. These results do not rank containers, VMs or security.

A separate experiment measures only review of a prepared view: twenty small text files already contain identical edits; review every original/edited content, apply the first ten and discard the other ten. Stage timing includes `status --review --diff`, selective `apply` and `drop`. Git timing includes complete diff review, selected patch extraction, `git apply --check`, application and worktree removal. View creation, task execution, fixtures and validation are excluded. Git 2.55.0 is identified by executable digest before sampling; the frozen stage artifact has separate provenance. Each group has thirty samples and three warmups, CPUs 0 and 1, warm caches and no benchmark-specific host memory cap. All sixty formal samples pass content, selection and execution-boundary checks, with final workspaces retained for independent audit and no speed-based exclusions. These experiments are summarized separately; prepared-view review cost is not added to the complete-workflow table.","One selected host file is changed before application. The complete workflow includes creation, execution, review, refusal and disposal. P50 milliseconds, N=30 per cell.",100,Git worktree,21.66
supervision-cost.md,Cost of preserving a host conflict {#acceptance},"The controls are pVisor rootless stage, a detached Git worktree and a btrfs reflink copy. Inputs are identical prepared, committed and packed Git repositories containing either 100 or 10,000 files of 4 KiB each. Each task changes twenty files, produces their complete content diffs, applies the first ten and discards the rest. Git and reflink workflows extract a patch for the selected paths with `git diff`, run `git apply --check`, then apply it.

Timing covers task-view creation, executing edits, content review, selective application and disposal, summed across machine steps. Stage's view creation is included in run. Preparing input repositories, resetting every control to an identical starting point and harness correctness checks are excluded. Prepared, long-lived worktree reuse is unmeasured.

Linux/x86_64, AMD Ryzen 7 9700X, Fedora kernel 7.2.8-200.fc44.x86_64, btrfs; the entire execution tree is pinned to host CPUs 0,1. Each backend, size and application condition has thirty independent samples and three warmups, randomized and interleaved with a fixed seed and warm caches. Git automatic maintenance is disabled; reflink is required and cannot fall back to a regular copy. Downloaded provenance identifies frozen artifacts and source digests.

Normal application and a host conflict are separate conditions. Every sample must pass complete file inventory and content checks: execution leaves the original unchanged; normal application changes only the ten selected files. The conflict case changes one selected host file before application and requires refusing the entire application while preserving all host content. Stage also requires Run Bundle evidence of staging and rootless isolation. Failures are retained and counted, never timed as zero; no samples are excluded for their speed. Two sizes × two conditions × three backends produce 360 measured samples, with zero failures.

This fixed file-editing task excludes inference, compilation and human reading. Git/reflink execute native processes with different isolation. Conflict checks do not cover races between Git's check and write, or compare crash recovery and durability guarantees. These results do not rank containers, VMs or security.

A separate experiment measures only review of a prepared view: twenty small text files already contain identical edits; review every original/edited content, apply the first ten and discard the other ten. Stage timing includes `status --review --diff`, selective `apply` and `drop`. Git timing includes complete diff review, selected patch extraction, `git apply --check`, application and worktree removal. View creation, task execution, fixtures and validation are excluded. Git 2.55.0 is identified by executable digest before sampling; the frozen stage artifact has separate provenance. Each group has thirty samples and three warmups, CPUs 0 and 1, warm caches and no benchmark-specific host memory cap. All sixty formal samples pass content, selection and execution-boundary checks, with final workspaces retained for independent audit and no speed-based exclusions. These experiments are summarized separately; prepared-view review cost is not added to the complete-workflow table.","One selected host file is changed before application. The complete workflow includes creation, execution, review, refusal and disposal. P50 milliseconds, N=30 per cell.",100,btrfs reflink,23.37
supervision-cost.md,Cost of preserving a host conflict {#acceptance},"The controls are pVisor rootless stage, a detached Git worktree and a btrfs reflink copy. Inputs are identical prepared, committed and packed Git repositories containing either 100 or 10,000 files of 4 KiB each. Each task changes twenty files, produces their complete content diffs, applies the first ten and discards the rest. Git and reflink workflows extract a patch for the selected paths with `git diff`, run `git apply --check`, then apply it.

Timing covers task-view creation, executing edits, content review, selective application and disposal, summed across machine steps. Stage's view creation is included in run. Preparing input repositories, resetting every control to an identical starting point and harness correctness checks are excluded. Prepared, long-lived worktree reuse is unmeasured.

Linux/x86_64, AMD Ryzen 7 9700X, Fedora kernel 7.2.8-200.fc44.x86_64, btrfs; the entire execution tree is pinned to host CPUs 0,1. Each backend, size and application condition has thirty independent samples and three warmups, randomized and interleaved with a fixed seed and warm caches. Git automatic maintenance is disabled; reflink is required and cannot fall back to a regular copy. Downloaded provenance identifies frozen artifacts and source digests.

Normal application and a host conflict are separate conditions. Every sample must pass complete file inventory and content checks: execution leaves the original unchanged; normal application changes only the ten selected files. The conflict case changes one selected host file before application and requires refusing the entire application while preserving all host content. Stage also requires Run Bundle evidence of staging and rootless isolation. Failures are retained and counted, never timed as zero; no samples are excluded for their speed. Two sizes × two conditions × three backends produce 360 measured samples, with zero failures.

This fixed file-editing task excludes inference, compilation and human reading. Git/reflink execute native processes with different isolation. Conflict checks do not cover races between Git's check and write, or compare crash recovery and durability guarantees. These results do not rank containers, VMs or security.

A separate experiment measures only review of a prepared view: twenty small text files already contain identical edits; review every original/edited content, apply the first ten and discard the other ten. Stage timing includes `status --review --diff`, selective `apply` and `drop`. Git timing includes complete diff review, selected patch extraction, `git apply --check`, application and worktree removal. View creation, task execution, fixtures and validation are excluded. Git 2.55.0 is identified by executable digest before sampling; the frozen stage artifact has separate provenance. Each group has thirty samples and three warmups, CPUs 0 and 1, warm caches and no benchmark-specific host memory cap. All sixty formal samples pass content, selection and execution-boundary checks, with final workspaces retained for independent audit and no speed-based exclusions. These experiments are summarized separately; prepared-view review cost is not added to the complete-workflow table.","One selected host file is changed before application. The complete workflow includes creation, execution, review, refusal and disposal. P50 milliseconds, N=30 per cell.",100,Refused with all host content preserved,30/30 for each backend
supervision-cost.md,Cost of preserving a host conflict {#acceptance},"The controls are pVisor rootless stage, a detached Git worktree and a btrfs reflink copy. Inputs are identical prepared, committed and packed Git repositories containing either 100 or 10,000 files of 4 KiB each. Each task changes twenty files, produces their complete content diffs, applies the first ten and discards the rest. Git and reflink workflows extract a patch for the selected paths with `git diff`, run `git apply --check`, then apply it.

Timing covers task-view creation, executing edits, content review, selective application and disposal, summed across machine steps. Stage's view creation is included in run. Preparing input repositories, resetting every control to an identical starting point and harness correctness checks are excluded. Prepared, long-lived worktree reuse is unmeasured.

Linux/x86_64, AMD Ryzen 7 9700X, Fedora kernel 7.2.8-200.fc44.x86_64, btrfs; the entire execution tree is pinned to host CPUs 0,1. Each backend, size and application condition has thirty independent samples and three warmups, randomized and interleaved with a fixed seed and warm caches. Git automatic maintenance is disabled; reflink is required and cannot fall back to a regular copy. Downloaded provenance identifies frozen artifacts and source digests.

Normal application and a host conflict are separate conditions. Every sample must pass complete file inventory and content checks: execution leaves the original unchanged; normal application changes only the ten selected files. The conflict case changes one selected host file before application and requires refusing the entire application while preserving all host content. Stage also requires Run Bundle evidence of staging and rootless isolation. Failures are retained and counted, never timed as zero; no samples are excluded for their speed. Two sizes × two conditions × three backends produce 360 measured samples, with zero failures.

This fixed file-editing task excludes inference, compilation and human reading. Git/reflink execute native processes with different isolation. Conflict checks do not cover races between Git's check and write, or compare crash recovery and durability guarantees. These results do not rank containers, VMs or security.

A separate experiment measures only review of a prepared view: twenty small text files already contain identical edits; review every original/edited content, apply the first ten and discard the other ten. Stage timing includes `status --review --diff`, selective `apply` and `drop`. Git timing includes complete diff review, selected patch extraction, `git apply --check`, application and worktree removal. View creation, task execution, fixtures and validation are excluded. Git 2.55.0 is identified by executable digest before sampling; the frozen stage artifact has separate provenance. Each group has thirty samples and three warmups, CPUs 0 and 1, warm caches and no benchmark-specific host memory cap. All sixty formal samples pass content, selection and execution-boundary checks, with final workspaces retained for independent audit and no speed-based exclusions. These experiments are summarized separately; prepared-view review cost is not added to the complete-workflow table.","One selected host file is changed before application. The complete workflow includes creation, execution, review, refusal and disposal. P50 milliseconds, N=30 per cell.","10,000",pVisor stage,98.37
supervision-cost.md,Cost of preserving a host conflict {#acceptance},"The controls are pVisor rootless stage, a detached Git worktree and a btrfs reflink copy. Inputs are identical prepared, committed and packed Git repositories containing either 100 or 10,000 files of 4 KiB each. Each task changes twenty files, produces their complete content diffs, applies the first ten and discards the rest. Git and reflink workflows extract a patch for the selected paths with `git diff`, run `git apply --check`, then apply it.

Timing covers task-view creation, executing edits, content review, selective application and disposal, summed across machine steps. Stage's view creation is included in run. Preparing input repositories, resetting every control to an identical starting point and harness correctness checks are excluded. Prepared, long-lived worktree reuse is unmeasured.

Linux/x86_64, AMD Ryzen 7 9700X, Fedora kernel 7.2.8-200.fc44.x86_64, btrfs; the entire execution tree is pinned to host CPUs 0,1. Each backend, size and application condition has thirty independent samples and three warmups, randomized and interleaved with a fixed seed and warm caches. Git automatic maintenance is disabled; reflink is required and cannot fall back to a regular copy. Downloaded provenance identifies frozen artifacts and source digests.

Normal application and a host conflict are separate conditions. Every sample must pass complete file inventory and content checks: execution leaves the original unchanged; normal application changes only the ten selected files. The conflict case changes one selected host file before application and requires refusing the entire application while preserving all host content. Stage also requires Run Bundle evidence of staging and rootless isolation. Failures are retained and counted, never timed as zero; no samples are excluded for their speed. Two sizes × two conditions × three backends produce 360 measured samples, with zero failures.

This fixed file-editing task excludes inference, compilation and human reading. Git/reflink execute native processes with different isolation. Conflict checks do not cover races between Git's check and write, or compare crash recovery and durability guarantees. These results do not rank containers, VMs or security.

A separate experiment measures only review of a prepared view: twenty small text files already contain identical edits; review every original/edited content, apply the first ten and discard the other ten. Stage timing includes `status --review --diff`, selective `apply` and `drop`. Git timing includes complete diff review, selected patch extraction, `git apply --check`, application and worktree removal. View creation, task execution, fixtures and validation are excluded. Git 2.55.0 is identified by executable digest before sampling; the frozen stage artifact has separate provenance. Each group has thirty samples and three warmups, CPUs 0 and 1, warm caches and no benchmark-specific host memory cap. All sixty formal samples pass content, selection and execution-boundary checks, with final workspaces retained for independent audit and no speed-based exclusions. These experiments are summarized separately; prepared-view review cost is not added to the complete-workflow table.","One selected host file is changed before application. The complete workflow includes creation, execution, review, refusal and disposal. P50 milliseconds, N=30 per cell.","10,000",Git worktree,248.00
supervision-cost.md,Cost of preserving a host conflict {#acceptance},"The controls are pVisor rootless stage, a detached Git worktree and a btrfs reflink copy. Inputs are identical prepared, committed and packed Git repositories containing either 100 or 10,000 files of 4 KiB each. Each task changes twenty files, produces their complete content diffs, applies the first ten and discards the rest. Git and reflink workflows extract a patch for the selected paths with `git diff`, run `git apply --check`, then apply it.

Timing covers task-view creation, executing edits, content review, selective application and disposal, summed across machine steps. Stage's view creation is included in run. Preparing input repositories, resetting every control to an identical starting point and harness correctness checks are excluded. Prepared, long-lived worktree reuse is unmeasured.

Linux/x86_64, AMD Ryzen 7 9700X, Fedora kernel 7.2.8-200.fc44.x86_64, btrfs; the entire execution tree is pinned to host CPUs 0,1. Each backend, size and application condition has thirty independent samples and three warmups, randomized and interleaved with a fixed seed and warm caches. Git automatic maintenance is disabled; reflink is required and cannot fall back to a regular copy. Downloaded provenance identifies frozen artifacts and source digests.

Normal application and a host conflict are separate conditions. Every sample must pass complete file inventory and content checks: execution leaves the original unchanged; normal application changes only the ten selected files. The conflict case changes one selected host file before application and requires refusing the entire application while preserving all host content. Stage also requires Run Bundle evidence of staging and rootless isolation. Failures are retained and counted, never timed as zero; no samples are excluded for their speed. Two sizes × two conditions × three backends produce 360 measured samples, with zero failures.

This fixed file-editing task excludes inference, compilation and human reading. Git/reflink execute native processes with different isolation. Conflict checks do not cover races between Git's check and write, or compare crash recovery and durability guarantees. These results do not rank containers, VMs or security.

A separate experiment measures only review of a prepared view: twenty small text files already contain identical edits; review every original/edited content, apply the first ten and discard the other ten. Stage timing includes `status --review --diff`, selective `apply` and `drop`. Git timing includes complete diff review, selected patch extraction, `git apply --check`, application and worktree removal. View creation, task execution, fixtures and validation are excluded. Git 2.55.0 is identified by executable digest before sampling; the frozen stage artifact has separate provenance. Each group has thirty samples and three warmups, CPUs 0 and 1, warm caches and no benchmark-specific host memory cap. All sixty formal samples pass content, selection and execution-boundary checks, with final workspaces retained for independent audit and no speed-based exclusions. These experiments are summarized separately; prepared-view review cost is not added to the complete-workflow table.","One selected host file is changed before application. The complete workflow includes creation, execution, review, refusal and disposal. P50 milliseconds, N=30 per cell.","10,000",btrfs reflink,342.22
supervision-cost.md,Cost of preserving a host conflict {#acceptance},"The controls are pVisor rootless stage, a detached Git worktree and a btrfs reflink copy. Inputs are identical prepared, committed and packed Git repositories containing either 100 or 10,000 files of 4 KiB each. Each task changes twenty files, produces their complete content diffs, applies the first ten and discards the rest. Git and reflink workflows extract a patch for the selected paths with `git diff`, run `git apply --check`, then apply it.

Timing covers task-view creation, executing edits, content review, selective application and disposal, summed across machine steps. Stage's view creation is included in run. Preparing input repositories, resetting every control to an identical starting point and harness correctness checks are excluded. Prepared, long-lived worktree reuse is unmeasured.

Linux/x86_64, AMD Ryzen 7 9700X, Fedora kernel 7.2.8-200.fc44.x86_64, btrfs; the entire execution tree is pinned to host CPUs 0,1. Each backend, size and application condition has thirty independent samples and three warmups, randomized and interleaved with a fixed seed and warm caches. Git automatic maintenance is disabled; reflink is required and cannot fall back to a regular copy. Downloaded provenance identifies frozen artifacts and source digests.

Normal application and a host conflict are separate conditions. Every sample must pass complete file inventory and content checks: execution leaves the original unchanged; normal application changes only the ten selected files. The conflict case changes one selected host file before application and requires refusing the entire application while preserving all host content. Stage also requires Run Bundle evidence of staging and rootless isolation. Failures are retained and counted, never timed as zero; no samples are excluded for their speed. Two sizes × two conditions × three backends produce 360 measured samples, with zero failures.

This fixed file-editing task excludes inference, compilation and human reading. Git/reflink execute native processes with different isolation. Conflict checks do not cover races between Git's check and write, or compare crash recovery and durability guarantees. These results do not rank containers, VMs or security.

A separate experiment measures only review of a prepared view: twenty small text files already contain identical edits; review every original/edited content, apply the first ten and discard the other ten. Stage timing includes `status --review --diff`, selective `apply` and `drop`. Git timing includes complete diff review, selected patch extraction, `git apply --check`, application and worktree removal. View creation, task execution, fixtures and validation are excluded. Git 2.55.0 is identified by executable digest before sampling; the frozen stage artifact has separate provenance. Each group has thirty samples and three warmups, CPUs 0 and 1, warm caches and no benchmark-specific host memory cap. All sixty formal samples pass content, selection and execution-boundary checks, with final workspaces retained for independent audit and no speed-based exclusions. These experiments are summarized separately; prepared-view review cost is not added to the complete-workflow table.","One selected host file is changed before application. The complete workflow includes creation, execution, review, refusal and disposal. P50 milliseconds, N=30 per cell.","10,000",Refused with all host content preserved,30/30 for each backend
